time,open,high,low,close,MA,EMA,EMA,Volume,Plot,MFI Bar TOP Line,MFI Bar BOTTOM Line,WT Wave 1,WT Wave 2,VWAP,RSI+MFI Area,WT Bearish Divergence,WT Bullish Divergence,WT 2nd Bearish Divergence,WT 2nd Bullish Divergence,RSI,RSI Bearish Divergence,RSI Bullish Divergence,Stoch K,Stoch D,Stoch Bearish Divergence,Stoch Bullish Divergence,Schaff Trend Cycle 1,Schaff Trend Cycle 2,Over Bought Level 2,Over Bought Level 3,Over Sold Level 2,Sommi bearish flag,Sommi bullish flag,Sommi bearish diamond,Sommi bullish diamond,Buy and sell circle,Buy circle,Sell circle,Divergence buy circle,Divergence sell circle,Gold  buy gold circle,Plot,MFI Bar TOP Line,MFI Bar BOTTOM Line,WT Wave 1,WT Wave 2,VWAP,RSI+MFI Area,WT Bearish Divergence,WT Bullish Divergence,WT 2nd Bearish Divergence,WT 2nd Bullish Divergence,RSI,RSI Bearish Divergence,RSI Bullish Divergence,Stoch K,Stoch D,Stoch Bearish Divergence,Stoch Bullish Divergence,Schaff Trend Cycle 1,Schaff Trend Cycle 2,Over Bought Level 2,Over Bought Level 3,Over Sold Level 2,Sommi bearish flag,Sommi bullish flag,Sommi bearish diamond,Sommi bullish diamond,Buy and sell circle,Buy circle,Sell circle,Divergence buy circle,Divergence sell circle,Gold  buy gold circle
1585094400,6500,6745.5,6457.5,6698.5,,,,1809.52,0,-95,-99,,,,,,,,,,,,,,,,,,60,100,-60,,,,,,,,,,,0,-95,-99,,,,,,,,,,,,,,,,,,60,100,-60,,,,,,,,,,
1585180800,6698.5,6767,6512,6733.5,,,,3904.964,0,-95,-99,,,,,,,,,,,,,,,,,,60,100,-60,,,,,,,,,,,0,-95,-99,,,,,,,,,,,,,,,,,,60,100,-60,,,,,,,,,,
1585267200,6733.5,6838,6235,6354,,,,4605.347,0,-95,-99,,,,,,,,,,,,,,,,,,60,100,-60,,,,,,,,,,,0,-95,-99,,,,,,,,,,,,,,,,,,60,100,-60,,,,,,,,,,
1585353600,6354,6354,6010,6230.5,,,,5750.959,0,-95,-99,,,,,,,,,,,,,,,,,,60,100,-60,,,,,,,,,,,0,-95,-99,,,,,,,,,,,,,,,,,,60,100,-60,,,,,,,,,,
1585440000,6230.5,6247,5858,5873,,,,5347.238,0,-95,-99,,,,,,,,,,,,,,,,,,60,100,-60,,,,,,,,,,,0,-95,-99,,,,,,,,,,,,,,,,,,60,100,-60,,,,,,,,,,
1585526400,5873,6577.5,5841.5,6389.5,,,,15103.617,0,-95,-99,,,,,,,,,,,,,,,,,,60,100,-60,,,,,,,,,,,0,-95,-99,,,,,,,,,,,,,,,,,,60,100,-60,,,,,,,,,,
1585612800,6389.5,6509.5,6323.5,6405,,,,15711.487,0,-95,-99,,,,,,,,,,,,,,,,,,60,100,-60,,,,,,,,,,,0,-95,-99,,,,,,,,,,,,,,,,,,60,100,-60,,,,,,,,,,
1585699200,6405,6687,6145,6642,,,6415.75,17552.87,0,-95,-99,,,,,,,,,,,,,,,,,,60,100,-60,,,,,,,,,,,0,-95,-99,,,,,,,,,,,,,,,,,,60,100,-60,,,,,,,,,,
1585785600,6642,7230.5,6543.5,6796.5,,,6500.361111111111,32569.69,0,-95,-99,,,,,,,,,,,,,,,,,,60,100,-60,,,,,,,,,,,0,-95,-99,,,,,,,,,,,,,,,,,,60,100,-60,,,,,,,,,,
1585872000,6796.5,7044,6604.5,6727.5,,,6550.836419753086,12668.382,0,-95,-99,,,,,,,,,,,,,,,,,,60,100,-60,,,,,,,,,,,0,-95,-99,,,,,,,,,,,,,,,,,,60,100,-60,,,,,,,,,,
1585958400,6727.5,7012,6646,6863.5,,,6620.317215363511,10039.906,0,-95,-99,,,,,,,,,,,,,,,,,,60,100,-60,,,,,,,,,,,0,-95,-99,,,,,,,,,,,,,,,,,,60,100,-60,,,,,,,,,,
1586044800,6863.5,6889,6680,6771,,,6653.8022786160645,10478.195,0,-95,-99,,,,,,,,,,,,,,,,,,60,100,-60,,,,,,,,,,,0,-95,-99,,,,,,,,,,,,,,,,,,60,100,-60,,,,,,,,,,
1586131200,6771,7363,6762,7322.5,,,6802.401772256939,17587.456,0,-95,-99,,,,,,,,,,,,,,,,,,60,100,-60,,,,,,,,,,,0,-95,-99,,,,,,,,,,,,,,,,,,60,100,-60,,,,,,,,,,
1586217600,7322.5,7458.5,7072.5,7198.5,,,6890.423600644286,18539.023,0,-95,-99,,,,,,,,,,,,,,,,,,60,100,-60,,,,,,,,,,,0,-95,-99,,,,,,,,,,,,,,,,,,60,100,-60,,,,,,,,,,
1586304000,7198.5,7417,7150.5,7356.5,,,6993.996133834445,15491.07,0,-95,-99,,,,,,,,,,,,,,,,,,60,100,-60,,,,,,,,,,,0,-95,-99,,,,,,,,,,,,,,,,,,60,100,-60,,,,,,,,,,
1586390400,7356.5,7364,7123,7282,,,7057.996992982346,16533.355,0,-95,-99,,,,,,,,,,,,,,,,,,60,100,-60,,,,,,,,,,,0,-95,-99,,,,,,,,,,,,,,,,,,60,100,-60,,,,,,,,,,
1586476800,7282,7287,6741.5,6857,,,7013.330994541824,21525.607,0,-95,-99,,,,,,,,,,,,,,,,,,60,100,-60,,,,,,,,,,,0,-95,-99,,,,,,,,,,,,,,,,,,60,100,-60,,,,,,,,,,
1586563200,6857,6938,6760,6874.5,,,6982.479662421419,8607.234,0,-95,-99,,,,,,,,,,,,,,,,,,60,100,-60,,,,,,,,,,,0,-95,-99,,,,,,,,,,,,,,,,,,60,100,-60,,,,,,,,,,
1586649600,6874.5,7170,6780,6901,,,6964.373070772214,13333.274,0,-95,-99,,,,,,,,,,,,,,,,,,60,100,-60,,,,,,,,,,,0,-95,-99,,,,,,,,,,,,,,,,,,60,100,-60,,,,,,,,,,
1586736000,6901,6901,6557,6834.5,,,6935.512388378389,23116.247,0,-95,-99,,,,,,,,,,,,,,,,,,60,100,-60,,,,,,,,,,,0,-95,-99,,,,,,,,,,,,,,,,,,60,100,-60,,,,,,,,,,
1586822400,6834.5,6967,6752.5,6864.5,,6760.738095238095,6919.731857627636,14309.583,0,-95,-99,,,,,,,,,,,,,,,,,,60,100,-60,,,,,,,,,,,0,-95,-99,,,,,,,,,,,,,,,,,,60,100,-60,,,,,,,,,,
1586908800,6864.5,6924.5,6603,6617.5,,6747.7164502164505,6852.5692225992725,14598.789,0,-95,-99,,,,,,,,,,,,,,,2.804500027971137,,,60,100,-60,,,,,,,,,,,0,-95,-99,,,,,,,,,,,,,,,2.804500027971137,,,60,100,-60,,,,,,,,,,
1586995200,6617.5,7188,6465.5,7099.5,,6779.696772924046,6907.442728688323,33866.452,0,-95,-99,,,,,,,,,,,,,,,,,,60,100,-60,,,,,,,,,,,0,-95,-99,,,,,,,,,,,,,,,,,,60,100,-60,,,,,,,,,,
1587081600,7099.5,7138.5,6982,7022,,6801.72433902186,6932.899900090918,10038.558,0,-95,-99,,,,,,,,,,,,,,,,,,60,100,-60,,,,,,,,,,,0,-95,-99,,,,,,,,,,,,,,,,,,60,100,-60,,,,,,,,,,
1587168000,7022,7289,7013.5,7240,,6841.567580928963,7001.144366737381,9693.835,0,-95,-99,,,,,,,,,,,,,,,,,,60,100,-60,,,,,,,,,,,0,-95,-99,,,,,,,,,,,,,,,,,,60,100,-60,,,,,,,,,,
1587254400,7240,7255,7047,7118.5,,6866.743255389966,7027.223396351296,8777.442,0,-95,-99,,,,,,,,,,,,,,60.21711774763271,,,,60,100,-60,,,,,,,,,,,0,-95,-99,,,,,,,,,,,,,,60.21711774763271,,,,60,100,-60,,,,,,,,,,
1587340800,7118.5,7211,6750,6827.5,,6863.175686718151,6982.840419384342,19621.635,0,-95,-99,,,,,,,,,,,,,,,,,,60,100,-60,,,,,,,,,,,0,-95,-99,,,,,,,,,,,,,,,,,,60,100,-60,,,,,,,,,,
1587427200,6827.5,6937,6759.5,6837.5,,6860.841533380138,6950.542548410043,11307.232,0,-95,-99,-1.4982581150794438,,,,,,,,,,,,,,,,,60,100,-60,,,,,,,,,,,0,-95,-99,-1.4982581150794438,,,,,,,,,,,,,,,,,60,100,-60,,,,,,,,,,
1587513600,6837.5,7159.5,6815.5,7123,,6884.67412125467,6988.866426541144,10919.75,0,-95,-99,4.075948229500017,,,,,,,,,,,,,,38.789452023123886,,,60,100,-60,,,,,,,,,,,0,-95,-99,4.075948229500017,,,,,,,,,,,,,,38.789452023123886,,,60,100,-60,,,,,,,,,,
1587600000,7123,7743.5,7015,7483.5,,6939.112837504245,7098.78499842089,34335.355,0,-95,-99,25.78872475205846,9.455471622159678,16.333253129898782,,,,,,,,,,,,,,,60,100,-60,,,,,,,,,,,0,-95,-99,25.78872475205846,9.455471622159678,16.333253129898782,,,,,,,,,,,,,,,60,100,-60,,,,,,,,,,
1587686400,7483.5,7608.5,7400,7499,,6990.011670458405,7187.72166543847,8723.038,0,-95,-99,39.90976977940273,23.258147586987068,16.65162219241566,,,,,,,,,,,,,,,60,100,-60,,,,,,,,,,,0,-95,-99,39.90976977940273,23.258147586987068,16.65162219241566,,,,,,,,,,,,,,,60,100,-60,,,,,,,,,,
1587772800,7499,7702.5,7437,7535,,7039.556064053096,7264.894628674366,16046.689,0,-95,-99,48.63923518292895,38.112576571463386,10.526658611465564,,,,,,,,,,,,,,,60,100,-60,,,,,,,,,,,0,-95,-99,48.63923518292895,38.112576571463386,10.526658611465564,,,,,,,,,,,,,,,60,100,-60,,,,,,,,,,
1587859200,7535,7698.5,7496,7691.5,,7098.823694593723,7359.695822302285,9844.165,0,-95,-99,54.52151566720744,47.690173543179704,6.831342124027735,,,,,,,,,,,,,,,60,100,-60,,,,,,,,,,,0,-95,-99,54.52151566720744,47.690173543179704,6.831342124027735,,,,,,,,,,,,,,,60,100,-60,,,,,,,,,,
1587945600,7691.5,7791.5,7624,7772.5,,7160.066995085203,7451.430084012888,8929.64,0,-95,-99,59.23516884124158,54.13197323045932,5.103195610782258,,,,,,,,,,,100,,,,60,100,-60,,,,,,,,,,,0,-95,-99,59.23516884124158,54.13197323045932,5.103195610782258,,,,,,,,,,,100,,,,60,100,-60,,,,,,,,,,
1588032000,7772.5,7778,7663,7743,,7213.060904622912,7516.2233986766905,5082.865,0,-95,-99,60.52445006214342,58.09371152353081,2.4307385386126157,,,,,,,,,,,,,,,60,100,-60,,,,,,,,,,,0,-95,-99,60.52445006214342,58.09371152353081,2.4307385386126157,,,,,,,,,,,,,,,60,100,-60,,,,,,,,,,
1588118400,7743,8951.5,7709.5,8778,,7355.328095111739,7796.618198970759,45617.393,0,-95,-99,73.5921391639823,64.45058602245577,9.14155314152653,,,,,,,76.18169484341908,,,,,,,,60,100,-60,,,,,,,,,,,0,-95,-99,73.5921391639823,64.45058602245577,9.14155314152653,,,,,,,76.18169484341908,,,,,,,,60,100,-60,,,,,,,,,,
1588204800,8778,9458,8402.5,8625,,7470.752813737944,7980.703043643924,52274.816,0,-95,-99,81.95962185199387,72.02540369270653,9.93421815928734,,,,,,,,,,,,,,,60,100,-60,,,,,,,,,,,0,-95,-99,81.95962185199387,72.02540369270653,9.93421815928734,,,,,,,,,,,,,,,60,100,-60,,,,,,,,,,
1588291200,8625,9060.5,8619,8820.5,,7593.457103398131,8167.3245895008295,14867.967,0,-95,-99,83.63074963484075,79.72750355027232,3.903246084568437,,,,,,,,,,,,,,,60,100,-60,,,,,,,,,,,0,-95,-99,83.63074963484075,79.72750355027232,3.903246084568437,,,,,,,,,,,,,,,60,100,-60,,,,,,,,,,
1588377600,8820.5,9010,8757,8972.5,,7718.824639452846,8346.252458500645,11679.001,0,-95,-99,82.84495510856769,82.81177553180078,0.03317957676691208,,82.81177553180078,,82.81177553180078,,,75.46606455762141,,,,,,,,60,100,-60,,,,,,,,,,,0,-95,-99,82.84495510856769,82.81177553180078,0.03317957676691208,,82.81177553180078,,82.81177553180078,,,75.46606455762141,,,,,,,,60,100,-60,,,,,,,,,,
1588464000,8972.5,9191,8725,8895,,7825.74967222986,8468.196356611612,20851.73,0,-95,-99,80.15946706489233,82.21172393610026,-2.0522568712079305,,,,,,,,,,,,,,,60,100,-60,,,,,82.21172393610026,,105,,,,0,-95,-99,80.15946706489233,82.21172393610026,-2.0522568712079305,,,,,,,,,,,,,,,60,100,-60,,,,,82.21172393610026,,105,,,
1588550400,8895,8953,8525,8873,,7920.954247481691,8558.152721809032,16186.017,0,-95,-99,74.18038920751928,79.06160379365976,-4.881214586140473,,,,,,,,,,,,,,,60,100,-60,,,,,,,,,,,0,-95,-99,74.18038920751928,79.06160379365976,-4.881214586140473,,,,,,,,,,,,,,,60,100,-60,,,,,,,,,,
1588636800,8873,9105.5,8771,9023.5,,8021.1856795288095,8661.563228073692,15659.189,0,-95,-99,71.15286661700019,75.16424096313726,-4.0113743461370746,,,,,,,,,,,,92.32734307778071,,,60,100,-60,,,,,,,,,,,0,-95,-99,71.15286661700019,75.16424096313726,-4.0113743461370746,,,,,,,,,,,,92.32734307778071,,,60,100,-60,,,,,,,,,,
1588723200,9023.5,9393.5,8920,9149.5,,8123.759708662554,8769.993621835094,23645.378,0,-95,-99,70.14035381026729,71.8245365449289,-1.6841827346616185,,,,,,,,,,,,,,,60,100,-60,,,,,,,,,,,0,-95,-99,70.14035381026729,71.8245365449289,-1.6841827346616185,,,,,,,,,,,,,,,60,100,-60,,,,,,,,,,
1588809600,9149.5,10059.5,9038,9986.5,,8293.099735147776,9040.328372538406,35202.181,0,-95,-99,74.42654344077039,71.90658795601261,2.519955484757773,,,,,,,82.02029864874707,,,,96.03311478710691,,,,60,100,-60,,,,,71.90658795601261,,,,,,0,-95,-99,74.42654344077039,71.90658795601261,2.519955484757773,,,,,,,82.02029864874707,,,,96.03311478710691,,,,60,100,-60,,,,,71.90658795601261,,,,,
1588896000,9986.5,10035,9716.5,9805,,8430.545213770705,9210.255400863205,20871.076,0,-95,-99,76.3080098583962,73.62496903647794,2.6830408219182686,,,,,,,,,,,,,,,60,100,-60,,,,,,,,,,,0,-95,-99,76.3080098583962,73.62496903647794,2.6830408219182686,,,,,,,,,,,,,,,60,100,-60,,,,,,,,,,
1588982400,9805,9912,9525.5,9546,,8531.950194337005,9284.865311782492,16024.389,0,-95,-99,72.96159962803713,74.5653843090679,-1.6037846810307599,,74.5653843090679,,74.5653843090679,,,,,,,,,,,60,100,-60,,,108,,74.5653843090679,,105,,106,,0,-95,-99,72.96159962803713,74.5653843090679,-1.6037846810307599,,74.5653843090679,,74.5653843090679,,,,,,,,,,,60,100,-60,,,108,,74.5653843090679,,105,,106,
1589068800,9546,9569,8153,8725,,8549.500176670004,9160.450798053049,101828.006,0,-95,-99,55.68682795800922,68.31881248148083,-12.631984523471615,,,,,,,,,,,,,,,60,100,-60,,,,,,,,,,,0,-95,-99,55.68682795800922,68.31881248148083,-12.631984523471615,,,,,,,,,,,,,,,60,100,-60,,,,,,,,,,
1589155200,8725,9158.5,8182,8559,,8550.363796972732,9026.795065152372,52692.837,0,-95,-99,38.97691314595629,55.8751135773342,-16.89820043137791,,,,,,,,,,,,,,,60,100,-60,,,,,,,,,,,0,-95,-99,38.97691314595629,55.8751135773342,-16.89820043137791,,,,,,,,,,,,,,,60,100,-60,,,,,,,,,,
1589241600,8559,8973,8531.5,8813,,8574.239815429755,8979.285050674067,12481.242,0,-95,-99,28.235542982496646,40.9664280288207,-12.730885046324055,,,,,,,,,,,,12.180286447303253,,,60,100,-60,,,,,,,,,,,0,-95,-99,28.235542982496646,40.9664280288207,-12.730885046324055,,,,,,,,,,,,12.180286447303253,,,60,100,-60,,,,,,,,,,
1589328000,8813,9400.5,8794.5,9301.5,,8640.354377663414,9050.888372746496,11279.548,0,-95,-99,28.094763155901134,31.76907309478467,-3.6743099388835354,,,,,,,,,,,,,,,60,100,-60,,,,,,,,,,,0,-95,-99,28.094763155901134,31.76907309478467,-3.6743099388835354,,,,,,,,,,,,,,,60,100,-60,,,,,,,,,,
1589414400,9301.5,9940,9258.5,9788,,8744.68579787583,9214.690956580609,27688.885,0,-95,-99,36.94431026476415,31.091538801053954,5.852771463710194,,,,,,,66.316875169672,,,,,,,,60,100,-60,,,,,31.091538801053954,,,,,,0,-95,-99,36.94431026476415,31.091538801053954,5.852771463710194,,,,,,,66.316875169672,,,,,,,,60,100,-60,,,,,31.091538801053954,,,,,
1589500800,9788,9840.5,9140.5,9315,,8796.532543523483,9236.98185511825,21995.281,0,-95,-99,37.69001717619205,34.24303019895242,3.446986977239632,,,,,,,,,,,,,,,60,100,-60,,,,,,,,,,,0,-95,-99,37.69001717619205,34.24303019895242,3.446986977239632,,,,,,,,,,,,,,,60,100,-60,,,,,,,,,,
1589587200,9315,9583,9220,9382.5,,8849.802312294076,9269.319220647529,9930.97,0,-95,-99,36.78616358751072,37.140163676155616,-0.3540000886448951,,,,,,,,,,,31.180573025798665,,,,60,100,-60,,,108,,37.140163676155616,,,,,,0,-95,-99,36.78616358751072,37.140163676155616,-0.3540000886448951,,,,,,,,,,,31.180573025798665,,,,60,100,-60,,,108,,37.140163676155616,,,,,
1589673600,9382.5,9886,9323,9675,,8924.820283903706,9359.470504948078,12084.105,0,-95,-99,40.9647745263484,38.480318430017036,2.484456096331364,,,,,,,,,,,,,,,60,100,-60,,,,,38.480318430017036,,,,,,0,-95,-99,40.9647745263484,38.480318430017036,2.484456096331364,,,,,,,,,,,,,,,60,100,-60,,,,,38.480318430017036,,,,,
1589760000,9675,9957.5,9479,9728.5,,8997.882076276097,9441.47705940406,15272.031,0,-95,-99,44.903258061883044,40.8847320585807,4.018526003302341,,,,,,,,,,,,,,,60,100,-60,,,,,,,,,,,0,-95,-99,44.903258061883044,40.8847320585807,4.018526003302341,,,,,,,,,,,,,,,60,100,-60,,,,,,,,,,
1589846400,9728.5,9896,9470,9770,,9068.074614796451,9514.482157314269,15195.118,0,-95,-99,46.31795339911257,44.061995329114644,2.2559580699979236,,,,,,,63.53986985144074,,,,33.487088824602694,,,,60,100,-60,,,,,,,,,,,0,-95,-99,46.31795339911257,44.061995329114644,2.2559580699979236,,,,,,,63.53986985144074,,,,33.487088824602694,,,,60,100,-60,,,,,,,,,,
1589932800,9770,9848.5,9323.5,9511,,9108.340558905864,9513.708344577764,15495.024,0,-95,-99,42.31693134889339,44.51271426996297,-2.195782921069579,,,,44.51271426996297,,,,,,,,,,,60,100,-60,,,,,44.51271426996297,,,,,,0,-95,-99,42.31693134889339,44.51271426996297,-2.195782921069579,,,,44.51271426996297,,,,,,,,,,,60,100,-60,,,,,44.51271426996297,,,,,
1590019200,9511,9573,8813,9067,,9104.582326278058,9414.439823560484,21825.811,0,-95,-99,25.56568053803513,38.066855095347,-12.50117455731187,,,,,,,,,,,,,,,60,100,-60,,,,,,,,,,,0,-95,-99,25.56568053803513,38.066855095347,-12.50117455731187,,,,,,,,,,,,,,,60,100,-60,,,,,,,,,,
1590105600,9067,9264.5,8933.5,9168,,9110.347569343689,9359.675418324821,9493.212,0,-95,-99,12.327577209313283,26.73672969874724,-14.409152489433957,,,,,,,,,,,,,,,60,100,-60,,,,,,,,,,,0,-95,-99,12.327577209313283,26.73672969874724,-14.409152489433957,,,,,,,,,,,,,,,60,100,-60,,,,,,,,,,
1590192000,9168,9308.5,9082,9172.5,,9115.997790312444,9318.080880919306,7723.913,0,-95,-99,4.50928487400606,14.134180873784794,-9.624895999778735,8.910975241205614,,,,,,,,,,,,,,60,100,-60,,,,,,,,,,,0,-95,-99,4.50928487400606,14.134180873784794,-9.624895999778735,8.910975241205614,,,,,,,,,,,,,,60,100,-60,,,,,,,,,,
1590278400,9172.5,9295,8690,8710,,9079.08890028404,9182.95179627057,17050.058,0,-95,-99,-9.85384065572613,2.327673809197709,-12.181514464923838,5.276727938634448,,,,,,,,,,,6.347445502435934,,,60,100,-60,,,,,,,,,,,0,-95,-99,-9.85384065572613,2.327673809197709,-12.181514464923838,5.276727938634448,,,,,,,,,,,6.347445502435934,,,60,100,-60,,,,,,,,,,
1590364800,8710,8974,8640.5,8893.5,,9062.2171820764,9118.629174877111,10598.736,0,-95,-99,-20.637788355012162,-8.660781378910771,-11.977006976101391,6.309152902623042,,,,,,,,,,,,,,60,100,-60,,,,,,,,,,,0,-95,-99,-20.637788355012162,-8.660781378910771,-11.977006976101391,6.309152902623042,,,,,,,,,,,,,,60,100,-60,,,,,,,,,,
1590451200,8893.5,9011,8683.5,8842,,9042.197438251273,9057.15602490442,9944.263,0,-95,-99,-27.145291203171784,-19.212306737970053,-7.932984465201731,7.489406216207788,,,,,,,,,,,,,,60,100,-60,,,,,,,,,,,0,-95,-99,-27.145291203171784,-19.212306737970053,-7.932984465201731,7.489406216207788,,,,,,,,,,,,,,60,100,-60,,,,,,,,,,
1590537600,8842,9222,8815,9194.5,,9056.043125682974,9087.676908258993,10589.41,0,-95,-99,-23.649212888347094,-23.810764148843706,0.16155126049661206,10.552168701208647,,,,,,,,,,,,,,60,100,-60,,-108,,,-23.810764148843706,,,,,,0,-95,-99,-23.649212888347094,-23.810764148843706,0.16155126049661206,10.552168701208647,,,,,,,,,,,,,,60,100,-60,,-108,,,-23.810764148843706,,,,,
1590624000,9194.5,9614.5,9112.5,9572,,9102.94829607543,9195.304261979216,12719.54,0,-95,-99,-7.609065912329228,-19.467856667949395,11.858790755620166,14.729706621506885,,,,,,,,,,,,,,60,100,-60,,,,,,,,,,,0,-95,-99,-7.609065912329228,-19.467856667949395,11.858790755620166,14.729706621506885,,,,,,,,,,,,,,60,100,-60,,,,,,,,,,
1590710400,9572,9600,9329.5,9425,,9132.225723704936,9246.347759317168,9592.081,0,-95,-99,4.085510781289411,-9.057589339795664,13.143100121085075,11.616695666552294,,,,,,,,,,,,,,60,100,-60,,,,,,,,,,,0,-95,-99,4.085510781289411,-9.057589339795664,13.143100121085075,11.616695666552294,,,,,,,,,,,,,,60,100,-60,,,,,,,,,,
1590796800,9425,9735,9327.5,9693,,9183.205203368123,9345.603812802243,13344.845,0,-95,-99,15.968933954355743,4.148459607771948,11.820474346583794,13.052534112360066,,,,,,,,,,,,,,60,100,-60,,,,,,,,,,,0,-95,-99,15.968933954355743,4.148459607771948,11.820474346583794,13.052534112360066,,,,,,,,,,,,,,60,100,-60,,,,,,,,,,
1590883200,9693,9695,9390.5,9449.5,,9207.413821243748,9368.691854401744,10117.133,0,-95,-99,21.44223185277974,13.832225529474938,7.610006323304804,9.960181698688144,,,,,,,,,,,,,,60,100,-60,,,,,,,,,,,0,-95,-99,21.44223185277974,13.832225529474938,7.610006323304804,9.960181698688144,,,,,,,,,,,,,,60,100,-60,,,,,,,,,,
1590969600,9449.5,10352,9422,10203.5,,9297.967110221589,9554.204775645801,16716.848,0,-95,-99,36.90145052290603,24.770872110013812,12.13057841289222,11.424836344882445,,,,,,63.89483432461378,,,,72.29352757972944,,,,60,100,-60,,,,,,,,,,,0,-95,-99,36.90145052290603,24.770872110013812,12.13057841289222,11.424836344882445,,,,,,63.89483432461378,,,,72.29352757972944,,,,60,100,-60,,,,,,,,,,
1591056000,10203.5,10226,9288,9523.5,,9318.470100201444,9547.381492168957,20019.999,0,-95,-99,37.824581891424614,32.05608808903677,5.7684938023878445,10.004961074719365,,,,,,,,,,,,,,60,100,-60,,,,,,,,,,,0,-95,-99,37.824581891424614,32.05608808903677,5.7684938023878445,10.004961074719365,,,,,,,,,,,,,,60,100,-60,,,,,,,,,,
1591142400,9523.5,9693.5,9395,9660,,9349.518272910404,9572.407827242523,5727.814,0,-95,-99,34.71054601030218,36.47885947487759,-1.7683134645754066,10.219215406487496,,,36.47885947487759,,,,,,,,,,,60,100,-60,,,108,,36.47885947487759,,,,,,0,-95,-99,34.71054601030218,36.47885947487759,-1.7683134645754066,10.219215406487496,,,36.47885947487759,,,,,,,,,,,60,100,-60,,,108,,36.47885947487759,,,,,
1591228800,9660,9876,9460,9789,,9389.471157191276,9620.539421188629,9333.384,0,-95,-99,36.64810359544756,36.39441049905809,0.253693096389469,12.100915121246421,,,,,,,,,,,,,,60,100,-60,,,,,36.39441049905809,,,,,,0,-95,-99,36.64810359544756,36.39441049905809,0.253693096389469,12.100915121246421,,,,,,,,,,,,,,60,100,-60,,,,,36.39441049905809,,,,,
1591315200,9789,9851.5,9601,9622.5,,9410.655597446614,9620.975105368934,6481.424,0,-95,-99,36.743158466895544,36.03393602421507,0.7092224426804705,8.145145296503227,,,,,,,,,,,,,,60,100,-60,,,,,,,,,,,0,-95,-99,36.743158466895544,36.03393602421507,0.7092224426804705,8.145145296503227,,,,,,,,,,,,,,60,100,-60,,,,,,,,,,
1591401600,9622.5,9730,9538,9664,,9433.686906769648,9630.536193064727,4077.747,0,-95,-99,34.03200193014517,35.807754664162736,-1.7757527340175656,9.488618688126715,,,,,,,,,,,,,,60,100,-60,,,108,,35.807754664162736,,,,,,0,-95,-99,34.03200193014517,35.807754664162736,-1.7757527340175656,9.488618688126715,,,,,,,,,,,,,,60,100,-60,,,108,,35.807754664162736,,,,,
1591488000,9664,9807.5,9380.5,9741,,9461.62446069968,9655.08370571701,8711.38,0,-95,-99,31.520528872671747,34.09856308990413,-2.5780342172323856,8.457262000032724,,,,,,,,,,,,,,60,100,-60,,,,,,,,,,,0,-95,-99,31.520528872671747,34.09856308990413,-2.5780342172323856,8.457262000032724,,,,,,,,,,,,,,60,100,-60,,,,,,,,,,
1591574400,9741,9799,9640.5,9776.5,,9490.249509726982,9682.065104446563,5213.456,0,-95,-99,35.06521847845279,33.53924976042322,1.5259687180295742,9.79002048531356,,,,,,,,,,,,,,60,100,-60,,,,,33.53924976042322,,,,,,0,-95,-99,35.06521847845279,33.53924976042322,1.5259687180295742,9.79002048531356,,,,,,,,,,,,,,60,100,-60,,,,,33.53924976042322,,,,,
1591660800,9776.5,9873.5,9569.5,9769.5,,9515.63591793362,9701.495081236215,7897.533,0,-95,-99,36.81492272323621,34.46689002478689,2.348032698449316,11.680209049643725,,,,,,,,,,,,,,60,100,-60,,,,,,,,,,,0,-95,-99,36.81492272323621,34.46689002478689,2.348032698449316,11.680209049643725,,,,,,,,,,,,,,60,100,-60,,,,,,,,,,
1591747200,9769.5,9995,9688,9884,,9549.123561757837,9742.05172985039,7689.773,0,-95,-99,44.08890470119373,38.656348634294226,5.432556066899501,12.366832956242568,,,38.656348634294226,,,,,,,,,,,60,100,-60,,,,,,,,,,,0,-95,-99,44.08890470119373,38.656348634294226,5.432556066899501,12.366832956242568,,,38.656348634294226,,,,,,,,,,,60,100,-60,,,,,,,,,,
1591833600,9884,9968,9100.5,9275.5,,9524.248692507124,9638.373567661414,14656.033,0,-95,-99,23.011527679615256,34.63845170134837,-11.626924021733117,10.44335885589527,,,,,,,,,,,,,,60,100,-60,,,,,34.63845170134837,,,,,,0,-95,-99,23.011527679615256,34.63845170134837,-11.626924021733117,10.44335885589527,,,,,,,,,,,,,,60,100,-60,,,,,34.63845170134837,,,,,
1591920000,9275.5,9550,9236.5,9462.5,,9518.635175006477,9599.290552625544,6926.288,0,-95,-99,6.9372587992604196,24.679230393356438,-17.741971594096018,12.417871809791638,,,,,,,,,,,,,,60,100,-60,,,,,,,,,,,0,-95,-99,6.9372587992604196,24.679230393356438,-17.741971594096018,12.417871809791638,,,,,,,,,,,,,,60,100,-60,,,,,,,,,,
1592006400,9462.5,9494,9350.5,9470,,9514.213795460433,9570.559318708756,3242.843,0,-95,-99,-3.2144587222301997,8.911442585548464,-12.125901307778664,12.198883481047211,,,,,,,,,,,,,,60,100,-60,,,,,,,,,,,0,-95,-99,-3.2144587222301997,8.911442585548464,-12.125901307778664,12.198883481047211,,,,,,,,,,,,,,60,100,-60,,,,,,,,,,
1592092800,9470,9477.5,9243,9340,,9498.376177691303,9519.323914551254,4082.237,0,-95,-99,-14.351005392940467,-3.5427351053034433,-10.808270287637024,12.733640268096186,,,,,,,,,,,,,,60,100,-60,,,,,,,,,,,0,-95,-99,-14.351005392940467,-3.5427351053034433,-10.808270287637024,12.733640268096186,,,,,,,,,,,,,,60,100,-60,,,,,,,,,,
1592179200,9340,9487,8906.5,9418,,9491.06925244664,9496.80748909542,12955.916,0,-95,-99,-25.066053407229695,-14.210505840800145,-10.85554756642955,11.401737511553533,,,,,,,,,,,15.034271133209693,,,60,100,-60,,,,,,,,,,,0,-95,-99,-25.066053407229695,-14.210505840800145,-10.85554756642955,11.401737511553533,,,,,,,,,,,15.034271133209693,,,60,100,-60,,,,,,,,,,
1592265600,9418,9584.5,9372.5,9521,,9493.790229496944,9502.183602629771,6049.665,0,-95,-99,-20.03132824928264,-19.816129016484293,-0.21519923279834785,13.854379322392045,,,,,,,,,,,,,,60,100,-60,,,,,,,,,,,0,-95,-99,-20.03132824928264,-19.816129016484293,-0.21519923279834785,13.854379322392045,,,,,,,,,,,,,,60,100,-60,,,,,,,,,,
1592352000,9521,9564,9243,9462,,9490.900208633586,9493.253913156488,6573.471,0,-95,-99,-20.859413769248647,-21.985598475253685,1.1261847060050378,11.41665634915166,,,,,,,,,,,,,,60,100,-60,,-108,,,-21.985598475253685,,,,,,0,-95,-99,-20.859413769248647,-21.985598475253685,1.1261847060050378,11.41665634915166,,,,,,,,,,,,,,60,100,-60,,-108,,,-21.985598475253685,,,,,
1592438400,9462,9485.5,9277,9383,,9481.091098757805,9468.753043566157,4392.173,0,-95,-99,-24.27071235135411,-21.720484789961827,-2.5502275613922833,11.929750681378186,,,,,,,,,,27.060161413862264,,,,60,100,-60,,,,,-21.720484789961827,,,,,,0,-95,-99,-24.27071235135411,-21.720484789961827,-2.5502275613922833,11.929750681378186,,,,,,,,,,27.060161413862264,,,,60,100,-60,,,,,-21.720484789961827,,,,,
1592524800,9383,9439.5,9241,9306.5,,9465.219180688913,9432.696811662567,7772.374,0,-95,-99,-30.115384778238074,-25.081836966280303,-5.033547811957771,12.544365717139891,,,,,,,,,,,,,,60,100,-60,,,,,,,,,,,0,-95,-99,-30.115384778238074,-25.081836966280303,-5.033547811957771,12.544365717139891,,,,,,,,,,,,,,60,100,-60,,,,,,,,,,
1592611200,9306.5,9392,9176.5,9351,,9454.835618808103,9414.54196462644,6326.85,0,-95,-99,-35.08266362641403,-29.822920252002067,-5.259743374411965,12.919761946021302,,,,,,,,,,,,,,60,100,-60,,,,,,,,,,,0,-95,-99,-35.08266362641403,-29.822920252002067,-5.259743374411965,12.919761946021302,,,,,,,,,,,,,,60,100,-60,,,,,,,,,,
1592697600,9351,9415.5,9286,9295,,9440.305108007367,9387.977083598342,4201.442,0,-95,-99,-35.85417666331294,-33.684075022655016,-2.1701016406579257,9.76382621377743,,,,,,,,,,,5.806899460459308,,,60,100,-60,,,,,,,,,,,0,-95,-99,-35.85417666331294,-33.684075022655016,-2.1701016406579257,9.76382621377743,,,,,,,,,,,5.806899460459308,,,60,100,-60,,,,,,,,,,
1592784000,9295,9782,9279,9683.5,,9462.413734552152,9453.64884279871,7456.5739,0,-95,-99,-15.20075873472069,-28.712533008149222,13.511774273428532,10.457609635416436,,,,,,,,,,,,,,60,100,-60,,-108,,,-28.712533008149222,,,,,,0,-95,-99,-15.20075873472069,-28.712533008149222,13.511774273428532,10.457609635416436,,,,,,,,,,,,,,60,100,-60,,-108,,,-28.712533008149222,,,,,
1592870400,9683.5,9718,9582,9620,,9476.739758683774,9490.615766621218,5182.234,0,-95,-99,1.9621150490444066,-16.364273449663074,18.32638849870748,9.104478904706886,,,,,,,,,,,,,,60,100,-60,,,,,,,,,,,0,-95,-99,1.9621150490444066,-16.364273449663074,18.32638849870748,9.104478904706886,,,,,,,,,,,,,,60,100,-60,,,,,,,,,,
1592956800,9620,9670,9210,9301,,9460.76341698525,9448.478929594281,11418.64,0,-95,-99,-4.155766138471447,-5.798136608049242,1.642370469577795,7.031800201685515,,,,,,,,,,44.50618586455593,,,,60,100,-60,,,,,,,,,,,0,-95,-99,-4.155766138471447,-5.798136608049242,1.642370469577795,7.031800201685515,,,,,,,,,,44.50618586455593,,,,60,100,-60,,,,,,,,,,
1593043200,9301,9337,9008,9245,,9441.148560895681,9403.261389684441,9821.324,0,-95,-99,-20.2182683610881,-7.470639816838379,-12.747628544249721,4.674169521359799,,,,,,,,,,,,,,60,100,-60,,,,,-7.470639816838379,,,,,,0,-95,-99,-20.2182683610881,-7.470639816838379,-12.747628544249721,4.674169521359799,,,,,,,,,,,,,,60,100,-60,,,,,-7.470639816838379,,,,,
1593129600,9245,9290,9050,9163.5,,9415.907782632437,9349.981080865677,10995.9328,0,-95,-99,-30.992598152187405,-18.455544217248985,-12.53705393493842,2.6162559641458687,,,,,,,,,,,,,,60,100,-60,,,,,,,,,,,0,-95,-99,-30.992598152187405,-18.455544217248985,-12.53705393493842,2.6162559641458687,,,,,,,,,,,,,,60,100,-60,,,,,,,,,,
1593216000,9163.5,9194,8840,9012.5,,9379.23434784767,9274.98528511775,7993.5384,0,-95,-99,-43.096749460280996,-31.435871991185497,-11.6608774690955,2.1911761311809954,,,,,,,,,,,3.573619984027182,,,60,100,-60,,,,,,,,,,,0,-95,-99,-43.096749460280996,-31.435871991185497,-11.6608774690955,2.1911761311809954,,,,,,,,,,,3.573619984027182,,,60,100,-60,,,,,,,,,,
1593302400,9012.5,9190,8938,9120,,9355.667588952429,9240.544110647139,5866.293,0,-95,-99,-46.65073025446356,-40.246692622310654,-6.404037632152907,1.1743110518159159,,,,,,,,,,,,,,60,100,-60,,,,,,,,,,,0,-95,-99,-46.65073025446356,-40.246692622310654,-6.404037632152907,1.1743110518159159,,,,,,,,,,,,,,60,100,-60,,,,,,,,,,
1593388800,9120,9234,9027,9188,,9340.425080865843,9228.86764161444,6110.5624,0,-95,-99,-44.86364735661574,-44.870375690453436,0.006728333837692446,2.357954584541895,,,,,,,,,,,,,,60,100,-60,,-108,,,-44.870375690453436,,,,,,0,-95,-99,-44.86364735661574,-44.870375690453436,0.006728333837692446,2.357954584541895,,,,,,,,,,,,,,60,100,-60,,-108,,,-44.870375690453436,,,,,
1593475200,9188,9205,9071,9135.5,,9321.795528059858,9208.119276811232,5174.7492,0,-95,-99,-43.53924936030879,-45.017875657129366,1.478626296820579,0.2714554550478021,,,,-45.017875657129366,,,,,,,,,,60,100,-60,,,,,,,,,,,0,-95,-99,-43.53924936030879,-45.017875657129366,1.478626296820579,0.2714554550478021,,,,-45.017875657129366,,,,,,,,,,60,100,-60,,,,,,,,,,
1593561600,9135.5,9289,9100,9230.5,,9313.49593459987,9213.09277085318,6567.7091,0,-95,-99,-37.05141874126406,-41.81810515272953,4.7666864114654715,0.0260929270765784,,,,,,,,,,30.006145444114004,,,,60,100,-60,,,,,,,,,,,0,-95,-99,-37.05141874126406,-41.81810515272953,4.7666864114654715,0.0260929270765784,,,,,,,,,,30.006145444114004,,,,60,100,-60,,,,,,,,,,
1593648000,9230.5,9260,8939.5,9086,,9292.814485999883,9184.849932885807,11157.9557,0,-95,-99,-40.36610209599549,-40.318923399189444,-0.04717869680604281,-0.6852796265380112,,,,,,,,,,,,,,60,100,-60,,,,,-40.318923399189444,,,,,,0,-95,-99,-40.36610209599549,-40.318923399189444,-0.04717869680604281,-0.6852796265380112,,,,,,,,,,,,,,60,100,-60,,,,,-40.318923399189444,,,,,
1593734400,9086,9124.5,9037,9062,,9271.831350908984,9157.549947800073,3995.4605,0,-95,-99,-43.25814159419659,-40.22522081048538,-3.032920783711205,-1.2424892393551015,,,,,,,,,,,,,,60,100,-60,,,,,,,,,,,0,-95,-99,-43.25814159419659,-40.22522081048538,-3.032920783711205,-1.2424892393551015,,,,,,,,,,,,,,60,100,-60,,,,,,,,,,
1593820800,9062,9185.5,9044,9136,,9259.483046280895,9152.761070511167,3986.9904,0,-95,-99,-40.54600138405607,-41.39008169141605,0.844080307359981,-1.0598818986165897,,,,,,,,,,,,,,60,100,-60,,,,,-41.39008169141605,,,,,,0,-95,-99,-40.54600138405607,-41.39008169141605,0.844080307359981,-1.0598818986165897,,,,,,,,,,,,,,60,100,-60,,,,,-41.39008169141605,,,,,
1593907200,9136,9143.5,8910,9074,,9242.62095116445,9135.258610397575,5876.6626,0,-95,-99,-44.860153503397996,-42.888098827216886,-1.9720546761811093,-2.388952173506979,,,,,,,,,,,22.66139198428492,,,60,100,-60,,,,,-42.888098827216886,,,,,,0,-95,-99,-44.860153503397996,-42.888098827216886,-1.9720546761811093,-2.388952173506979,,,,,,,,,,,22.66139198428492,,,60,100,-60,,,,,-42.888098827216886,,,,,
1593993600,9074,9367,9063,9339,,9251.382682876772,9180.53447475367,7610.4318,0,-95,-99,-26.68586642288054,-37.36400710344487,10.67814068056433,-2.258134007497241,,,,,,,,,,,,,,60,100,-60,,,,,-37.36400710344487,,,,,,0,-95,-99,-26.68586642288054,-37.36400710344487,10.67814068056433,-2.258134007497241,,,,,,,,,,,,,,60,100,-60,,,,,-37.36400710344487,,,,,
1594080000,9339,9370,9205,9249,,9251.16607534252,9195.74903591952,4716.6995,0,-95,-99,-11.979590089314001,-27.84187000519752,15.86227991588352,-2.197123589343967,,,,,,,,,,,,,,60,100,-60,,,,,,,,,,,0,-95,-99,-11.979590089314001,-27.84187000519752,15.86227991588352,-2.197123589343967,,,,,,,,,,,,,,60,100,-60,,,,,,,,,,
1594166400,9249,9466.5,9232.5,9429,,9267.332795765928,9247.58258349296,6902.1665,0,-95,-99,5.287143177899559,-11.126104444765,16.413247622664557,1.401244407471637,,,,,,,,,,,,,,60,100,-60,,,,,,,,,,,0,-95,-99,5.287143177899559,-11.126104444765,16.413247622664557,1.401244407471637,,,,,,,,,,,,,,60,100,-60,,,,,,,,,,
1594252800,9429,9439,9161,9233.5,,9264.257087059934,9244.453120494525,8404.787,0,-95,-99,9.621830053557328,0.976461047380956,8.645369006176372,1.092656532009296,,,,,,,,,,,,,,60,100,-60,,,,,,,,,,,0,-95,-99,9.621830053557328,0.976461047380956,8.645369006176372,1.092656532009296,,,,,,,,,,,,,,60,100,-60,,,,,,,,,,
1594339200,9233.5,9300,9125,9278,,9265.506442781758,9251.907982606854,7427.606,0,-95,-99,8.453651851068148,7.7875416941750055,0.6661101568931427,2.1533580169043294,,,,,,,,,,77.70640547739879,,,,60,100,-60,,,,,,,,,,,0,-95,-99,8.453651851068148,7.7875416941750055,0.6661101568931427,2.1533580169043294,,,,,,,,,,77.70640547739879,,,,60,100,-60,,,,,,,,,,
1594425600,9278,9284,9180,9231,,9262.369493437962,9247.261764249775,4188.296,0,-95,-99,7.097081521473841,8.390854475366433,-1.2937729538925922,-0.41472827109985166,,,,,,,,,,,,,,60,100,-60,108,,,,8.390854475366433,,,,,,0,-95,-99,7.097081521473841,8.390854475366433,-1.2937729538925922,-0.41472827109985166,,,,,,,,,,,,,,60,100,-60,108,,,,8.390854475366433,,,,,
1594512000,9231,9335,9157,9295,,9265.33590312542,9257.870261083159,7433.581,0,-95,-99,10.751779836981601,8.767504403174526,1.9842754338070758,-1.5311158930081108,,,,,,,,,,,,,,60,100,-60,,,,,8.767504403174526,,,,,,0,-95,-99,10.751779836981601,8.767504403174526,1.9842754338070758,-1.5311158930081108,,,,,,,,,,,,,,60,100,-60,,,,,8.767504403174526,,,,,
1594598400,9295,9335.5,9199.5,9237,,9262.7599119322,9253.232425286902,7264.717,0,-95,-99,12.608472396415468,10.152444584956966,2.456027811458503,-4.3819585411458695,,,,,,,,,,,,,,60,100,-60,,,,,,,,,,,0,-95,-99,12.608472396415468,10.152444584956966,2.456027811458503,-4.3819585411458695,,,,,,,,,,,,,,60,100,-60,,,,,,,,,,
1594684800,9237,9271.5,9116,9249.5,,9261.55446539291,9252.402997445368,6670.536,0,-95,-99,4.715090853341072,9.358447695579374,-4.643356842238302,-2.4917081966350745,,,,,,,,,,,,,,60,100,-60,108,,108,,9.358447695579374,,,,,,0,-95,-99,4.715090853341072,9.358447695579374,-4.643356842238302,-2.4917081966350745,,,,,,,,,,,,,,60,100,-60,108,,108,,9.358447695579374,,,,,
1594771200,9249.5,9265,9161.5,9196.5,,9255.640423084464,9239.980109124175,5302.658,0,-95,-99,-2.268182092488731,5.0184603857559305,-7.286642478244661,-4.2367774664079025,,,,,,,,,,,,,,60,100,-60,,,,,,,,,,,0,-95,-99,-2.268182092488731,5.0184603857559305,-7.286642478244661,-4.2367774664079025,,,,,,,,,,,,,,60,100,-60,,,,,,,,,,
1594857600,9196.5,9219.5,9045.5,9131.5,,9244.354930076785,9215.873418207691,7896.249,0,-95,-99,-19.65103959088028,-5.734710276675987,-13.916329314204294,-6.469530983077632,,,,,,,,,,,,,,60,100,-60,,,,,,,,,,,0,-95,-99,-19.65103959088028,-5.734710276675987,-13.916329314204294,-6.469530983077632,,,,,,,,,,,,,,60,100,-60,,,,,,,,,,
1594944000,9131.5,9180,9087.5,9156,,9236.322663706167,9202.568214161538,4105.481,0,-95,-99,-28.64768456033461,-16.85563541456788,-11.792049145766729,-6.086888152158939,,,,,,,,,,,,,,60,100,-60,,,,,,,,,,,0,-95,-99,-28.64768456033461,-16.85563541456788,-11.792049145766729,-6.086888152158939,,,,,,,,,,,,,,60,100,-60,,,,,,,,,,
1595030400,9156,9214,9125.5,9168.5,,9230.156967005607,9194.997499903418,3806.38,0,-95,-99,-29.55851837790995,-25.952414176374955,-3.606104201534997,-5.977325408465136,,,,,,,,,,,,,,60,100,-60,,,,,,,,,,,0,-95,-99,-29.55851837790995,-25.952414176374955,-3.606104201534997,-5.977325408465136,,,,,,,,,,,,,,60,100,-60,,,,,,,,,,
1595116800,9168.5,9224.5,9108,9203,,9227.688151823279,9196.775833258214,5033.8,0,-95,-99,-27.93342482363254,-28.71320925395904,0.7797844303265009,-4.003648727492319,,,,,,,,,,,,,,60,100,-60,,,,,-28.71320925395904,,,,,,0,-95,-99,-27.93342482363254,-28.71320925395904,0.7797844303265009,-4.003648727492319,,,,,,,,,,,,,,60,100,-60,,,,,-28.71320925395904,,,,,
1595203200,9203,9210,9134,9154,,9220.989228930253,9187.270092534167,4920.52,0,-95,-99,-29.396534880136937,-28.96282602722648,-0.43370885291045624,-4.154964516966004,,,,,,,,,,,24.395278462758675,,,60,100,-60,,,,,-28.96282602722648,,,,,,0,-95,-99,-29.396534880136937,-28.96282602722648,-0.43370885291045624,-4.154964516966004,,,,,,,,,,,24.395278462758675,,,60,100,-60,,,,,-28.96282602722648,,,,,
1595289600,9154,9437,9153,9380,,9235.444753572958,9230.098960859908,10639.503,0,-95,-99,-1.175695295801681,-19.501884999857058,18.326189704055377,-2.9283677764017733,,,,,,,,,,,,,,60,100,-60,,,,,-19.501884999857058,,,,,,0,-95,-99,-1.175695295801681,-19.501884999857058,18.326189704055377,-2.9283677764017733,,,,,,,,,,,,,,60,100,-60,,,,,-19.501884999857058,,,,,
1595376000,9380,9537,9276.5,9515.5,,9260.904321429962,9293.52141400215,7959.718,0,-95,-99,24.108429055707482,-2.1546003734103856,26.263029429117868,-1.677652773414649,,,,,,,,,,,,,,60,100,-60,,,,,,,,,,,0,-95,-99,24.108429055707482,-2.1546003734103856,26.263029429117868,-1.677652773414649,,,,,,,,,,,,,,60,100,-60,,,,,,,,,,
1595462400,9515.5,9662,9440,9595,,9291.27665584542,9360.516655335006,9063.328,0,-95,-99,43.41869267440997,22.117142144771915,21.301550529638053,1.1287745216490088,,,,,,,,,,,,,,60,100,-60,,,,,,,,,,,0,-95,-99,43.41869267440997,22.117142144771915,21.301550529638053,1.1287745216490088,,,,,,,,,,,,,,60,100,-60,,,,,,,,,,
1595548800,9595,9630,9472,9535,,9313.433323495838,9399.290731927227,5589.745,0,-95,-99,51.71186972362784,39.746330484581755,11.965539239046088,-1.196154785849141,,,,,,,,,,,,,,60,100,-60,,,,,,,,,,,0,-95,-99,51.71186972362784,39.746330484581755,11.965539239046088,-1.196154785849141,,,,,,,,,,,,,,60,100,-60,,,,,,,,,,
1595635200,9535,9730,9525,9692,,9347.848475905306,9464.3372359434,7850.34,0,-95,-99,59.88646881497666,51.672343737671476,8.214125077305184,1.111609131484689,,,,,,,,,,,,,,60,100,-60,,,,,,,,,,,0,-95,-99,59.88646881497666,51.672343737671476,8.214125077305184,1.111609131484689,,,,,,,,,,,,,,60,100,-60,,,,,,,,,,
1595721600,9692,10138,9641.5,9922.5,,9400.089523550278,9566.151183511533,17009.717,0,-95,-99,71.11496099738017,60.904433178661556,10.21052781871861,0.10700008684543239,,,,,,,,,,,,,,60,100,-60,,,,,,,,,,,0,-95,-99,71.11496099738017,60.904433178661556,10.21052781871861,0.10700008684543239,,,,,,,,,,,,,,60,100,-60,,,,,,,,,,
1595808000,9922.5,11393,9922.5,11033,,9548.535930500253,9892.117587175637,42775.55,0,-95,-99,89.31726326472813,73.43956435902832,15.877698905699802,0.11498328496082477,,,,,,83.12794225815271,,,,98.16497491849984,,,,60,100,-60,,,,,,,,,,,0,-95,-99,89.31726326472813,73.43956435902832,15.877698905699802,0.11498328496082477,,,,,,83.12794225815271,,,,98.16497491849984,,,,60,100,-60,,,,,,,,,,
1595894400,11033,11241.5,10571,10909.5,,9672.259936818411,10118.202567803273,28832.128,0,-95,-99,95.5540080067216,85.32874408960997,10.225263917111633,1.0131012232665837,,,,,,,,,,,,,,60,100,-60,,,,,,,,,,,0,-95,-99,95.5540080067216,85.32874408960997,10.225263917111633,1.0131012232665837,,,,,,,,,,,,,,60,100,-60,,,,,,,,,,
1595980800,10909.5,11345,10840,11106.5,,9802.645397107646,10337.824219402546,18452.825,0,-95,-99,97.27076192646658,94.04734439930543,3.2234175271611463,0.34417696887795524,,,,,,,,,,,,,,60,100,-60,,,,,,,,,,,0,-95,-99,97.27076192646658,94.04734439930543,3.2234175271611463,0.34417696887795524,,,,,,,,,,,,,,60,100,-60,,,,,,,,,,
1596067200,11106.5,11170,10835,11102,,9920.768542825133,10507.641059535314,11102.049,0,-95,-99,94.071954084396,95.63224133919472,-1.5602872547987232,2.309773861263319,95.63224133919472,,95.63224133919472,,,,,,,,93.51664679184975,,,60,100,-60,,,108,,95.63224133919472,,105,,,,0,-95,-99,94.071954084396,95.63224133919472,-1.5602872547987232,2.309773861263319,95.63224133919472,,95.63224133919472,,,,,,,,93.51664679184975,,,60,100,-60,,,108,,95.63224133919472,,105,,,
1596153600,11102,11443.5,10963.5,11339,,10049.698675295576,10692.387490749688,14215.085,0,-95,-99,91.55841115462259,94.30037572182839,-2.741964567205798,1.5172671408332095,,,,,,,,,,,,,,60,100,-60,,,,,,,,,,,0,-95,-99,91.55841115462259,94.30037572182839,-2.741964567205798,1.5172671408332095,,,,,,,,,,,,,,60,100,-60,,,,,,,,,,
1596240000,11339,11865.5,11230,11812.5,,10209.953341177797,10941.301381694202,21919.628,0,-95,-99,91.14074178677167,92.25703567526341,-1.1162938884917395,5.192340408864191,,,,,,85.5233216011237,,,,96.21746333940203,,,,60,100,-60,,,,,,,,,,,0,-95,-99,91.14074178677167,92.25703567526341,-1.1162938884917395,5.192340408864191,,,,,,85.5233216011237,,,,96.21746333940203,,,,60,100,-60,,,,,,,,,,
1596326400,11812.5,12113.5,10529.5,11073,,10288.412128343452,10970.567741317713,37665.413,0,-95,-99,83.57784772781064,88.7590002230683,-5.181152495257663,2.8819841769470296,,,,,,,,,,,,,,60,100,-60,,,,,,,,,,,0,-95,-99,83.57784772781064,88.7590002230683,-5.181152495257663,2.8819841769470296,,,,,,,,,,,,,,60,100,-60,,,,,,,,,,
1596412800,11073,11471.5,10943.5,11226,,10373.647389403139,11027.330465469333,10682.887,0,-95,-99,76.11298138299443,83.61052363252558,-7.497542249531151,2.831175610513464,,,,,,,,,,,,,,60,100,-60,,,,,,,,,,,0,-95,-99,76.11298138299443,83.61052363252558,-7.497542249531151,2.831175610513464,,,,,,,,,,,,,,60,100,-60,,,,,,,,,,
1596499200,11226,11418,11018.5,11196,,10448.406717639216,11064.812584253925,7140.917,0,-95,-99,69.2384873751898,76.3097721619983,-7.071284786808491,4.305117588884631,,,,,,,,,,,,,,60,100,-60,,,,,,,,,,,0,-95,-99,69.2384873751898,76.3097721619983,-7.071284786808491,4.305117588884631,,,,,,,,,,,,,,60,100,-60,,,,,,,,,,
1596585600,11196,11780,11099.5,11744.5,,10566.233379672014,11215.854232197496,11925.516,0,-95,-99,68.35099798189349,71.23415558002591,-2.883157598132428,5.779815459629182,,,,,,,,,,,,,,60,100,-60,,,,,,,,,,,0,-95,-99,68.35099798189349,71.23415558002591,-2.883157598132428,5.779815459629182,,,,,,,,,,,,,,60,100,-60,,,,,,,,,,
1596672000,11744.5,11901,11571,11764,,10675.121254247286,11337.664402820275,10929.119,0,-95,-99,69.00407472330926,68.86452002679752,0.13955469651173757,5.476723060225307,,,,,,72.57407669702802,,,,,,,,60,100,-60,,,,,68.86452002679752,,,,,,0,-95,-99,69.00407472330926,68.86452002679752,0.13955469651173757,5.476723060225307,,,,,,72.57407669702802,,,,,,,,60,100,-60,,,,,68.86452002679752,,,,,
1596758400,11764,11916.5,11333.5,11595.5,,10758.792049315714,11394.961202193548,13016.992,0,-95,-99,65.570783897239,67.64195220081392,-2.0711683035749218,4.194230405567306,,,,,,,,,,,,,,60,100,-60,,,,,67.64195220081392,,105,,,,0,-95,-99,65.570783897239,67.64195220081392,-2.0711683035749218,4.194230405567306,,,,,,,,,,,,,,60,100,-60,,,,,67.64195220081392,,105,,,
1596844800,11595.5,11810,11523,11766.5,,10850.401863014285,11477.52537948387,8773.552,0,-95,-99,63.24873435767486,65.9411976594077,-2.692463301732843,5.741343233368516,,,,,,,,,,,,,,60,100,-60,,,,,,,,,,,0,-95,-99,63.24873435767486,65.9411976594077,-2.692463301732843,5.741343233368516,,,,,,,,,,,,,,60,100,-60,,,,,,,,,,
1596931200,11766.5,11799.5,11532,11686.5,,10926.410784558442,11523.96418404301,7068.739,0,-95,-99,59.75135977737762,62.85695934409716,-3.1055995667195404,4.061269258513877,,,,,,,,,,,,,,60,100,-60,,,,,,,,,,,0,-95,-99,59.75135977737762,62.85695934409716,-3.1055995667195404,4.061269258513877,,,,,,,,,,,,,,60,100,-60,,,,,,,,,,
1597017600,11686.5,12063,11498.5,11891,,11014.100713234948,11605.52769870012,21793.672,0,-95,-99,59.03605166924831,60.67871526810026,-1.6426635988519536,6.720540297381765,,,,,,70.63133482373982,,,,,,,,60,100,-60,,,,,,,,,,,0,-95,-99,59.03605166924831,60.67871526810026,-1.6426635988519536,6.720540297381765,,,,,,70.63133482373982,,,,,,,,60,100,-60,,,,,,,,,,
1597104000,11891,11934.5,11144,11394,,11048.637012031772,11558.521543433426,25220.78,0,-95,-99,49.210128959161125,55.99918013526235,-6.789051176101225,3.657522220881215,,,,,,,,,,,,,,60,100,-60,,,,,,,,,,,0,-95,-99,49.210128959161125,55.99918013526235,-6.789051176101225,3.657522220881215,,,,,,,,,,,,,,60,100,-60,,,,,,,,,,
1597190400,11394,11613.5,11162,11567,,11095.760920028883,11560.405644892664,11293.908,0,-95,-99,39.482063781047984,49.2427481364858,-9.760684355437817,4.484778250916596,,,,,,,,,,,,,,60,100,-60,,,,,,,,,,,0,-95,-99,39.482063781047984,49.2427481364858,-9.760684355437817,4.484778250916596,,,,,,,,,,,,,,60,100,-60,,,,,,,,,,
1597276800,11567,11790,11293,11789,,11158.78265457171,11611.204390472072,17153.687,0,-95,-99,38.12934221778872,42.27384498599927,-4.14450276821055,6.987405957454332,,,,,,,,,,,10.077778590182902,,,60,100,-60,,,,,,,,,,,0,-95,-99,38.12934221778872,42.27384498599927,-4.14450276821055,6.987405957454332,,,,,,,,,,,10.077778590182902,,,60,100,-60,,,,,,,,,,
1597363200,11789,11861,11659,11769,,11214.256958701555,11646.270081478278,9709.139,0,-95,-99,41.521224613507044,39.71087687078125,1.8103477427257957,6.403963892317586,,,,,,,,,,,,,,60,100,-60,,,,,39.71087687078125,,,,,,0,-95,-99,41.521224613507044,39.71087687078125,1.8103477427257957,6.403963892317586,,,,,,,,,,,,,,60,100,-60,,,,,39.71087687078125,,,,,
1597449600,11769,11981.5,11700,11864,,11273.324507910505,11694.654507816438,12811.9,0,-95,-99,45.75814759930255,41.802904810199436,3.955242789103117,6.033035744591455,,,,,,,,,,,,,,60,100,-60,,,,,,,,,,,0,-95,-99,45.75814759930255,41.802904810199436,3.955242789103117,6.033035744591455,,,,,,,,,,,,,,60,100,-60,,,,,,,,,,
1597536000,11864,11936,11706.5,11914.5,,11331.613189009551,11743.509061635008,7650.094,0,-95,-99,47.6457022627054,44.97502482517166,2.6706774375337403,7.042646234685726,,,,,,,,,,,,,,60,100,-60,,,,,,,,,,,0,-95,-99,47.6457022627054,44.97502482517166,2.6706774375337403,7.042646234685726,,,,,,,,,,,,,,60,100,-60,,,,,,,,,,
1597622400,11914.5,12499.5,11790,12297,,11419.375626372319,11866.50704793834,25414.338,0,-95,-99,57.54287875579102,50.315576205932985,7.227302549858038,9.337668567770635,,,,,,70.53820646299084,,,,,,,,60,100,-60,,,,,,,,,,,0,-95,-99,57.54287875579102,50.315576205932985,7.227302549858038,9.337668567770635,,,,,,70.53820646299084,,,,,,,,60,100,-60,,,,,,,,,,
1597708800,12297,12395,11801,11950,,11467.614205793017,11885.061037285375,12196.926,0,-95,-99,57.87177377038343,54.353451596293276,3.5183221740901516,8.840706927861891,54.353451596293276,,54.353451596293276,,,,,,,49.40332464123318,,,,60,100,-60,,,,,,,,,106,,0,-95,-99,57.87177377038343,54.353451596293276,3.5183221740901516,8.840706927861891,54.353451596293276,,54.353451596293276,,,,,,,49.40332464123318,,,,60,100,-60,,,,,,,,,106,
1597795200,11950,12023,11566,11759,,11494.103823448198,11857.047473444181,8024.967,0,-95,-99,46.994521549899005,54.13639135869115,-7.141869808792144,7.279607860505429,,,,,,,,,,,,,,60,100,-60,,,108,,54.13639135869115,,105,,,,0,-95,-99,46.994521549899005,54.13639135869115,-7.141869808792144,7.279607860505429,,,,,,,,,,,,,,60,100,-60,,,108,,54.13639135869115,,105,,,
1597881600,11759,11892.5,11680.5,11857,,11527.094384952909,11857.03692378992,3601.627,0,-95,-99,39.18481498702005,48.01703676910083,-8.83222178208078,9.516349318945002,,,,,,,,,,,,,,60,100,-60,,,,,,,,,,,0,-95,-99,39.18481498702005,48.01703676910083,-8.83222178208078,9.516349318945002,,,,,,,,,,,,,,60,100,-60,,,,,,,,,,
1597968000,11857,11881,11499,11533.5,,11527.676713593553,11785.139829614382,8544.493,0,-95,-99,23.84265153653088,36.67399602448331,-12.831344487952428,5.468288209163899,,,,,,,,,,,,,,60,100,-60,,,,,,,,,,,0,-95,-99,23.84265153653088,36.67399602448331,-12.831344487952428,5.468288209163899,,,,,,,,,,,,,,60,100,-60,,,,,,,,,,
1598054400,11533.5,11684,11391,11668.5,,11540.478830539594,11759.219867477852,5657.325,0,-95,-99,9.83518077714628,24.2875491002324,-14.452368323086121,7.787444754034405,,,,,,,,,,,,,,60,100,-60,,,,,,,,,,,0,-95,-99,9.83518077714628,24.2875491002324,-14.452368323086121,7.787444754034405,,,,,,,,,,,,,,60,100,-60,,,,,,,,,,
1598140800,11668.5,11722.5,11525,11660,,11551.34439139963,11737.17100803833,3499.746,0,-95,-99,2.2884726492352536,11.988768320970804,-9.70029567173555,9.413545469499459,,,,,,,,,,,7.301719031929629,,,60,100,-60,,,,,,,,,,,0,-95,-99,2.2884726492352536,11.988768320970804,-9.70029567173555,9.413545469499459,,,,,,,,,,,7.301719031929629,,,60,100,-60,,,,,,,,,,
1598227200,11660,11826,11605,11766,,11570.858537636028,11743.577450696479,3232.606,0,-95,-99,2.7076973736472687,4.943783600009597,-2.2360862263623287,11.038172407017509,,,,,,,,,,12.950625250580885,,,,60,100,-60,,,,,,,,,,,0,-95,-99,2.7076973736472687,4.943783600009597,-2.2360862263623287,11.038172407017509,,,,,,,,,,12.950625250580885,,,,60,100,-60,,,,,,,,,,
1598313600,11766,11766,11125,11325,,11548.507761487299,11650.560239430595,10872.415,0,-95,-99,-15.680715890660187,-3.5615152892592215,-12.119200601400966,10.167161941598893,,,,,,,,,,,,,,60,100,-60,,,,,,,,,,,0,-95,-99,-15.680715890660187,-3.5615152892592215,-12.119200601400966,10.167161941598893,,,,,,,,,,,,,,60,100,-60,,,,,,,,,,
1598400000,11325,11541.5,11257,11461,,11540.552510443,11608.435741779353,5071.45,0,-95,-99,-26.006460598358828,-12.993159705123915,-13.013300893234913,12.428625208505848,,,,,,,,,,,,,,60,100,-60,,,,,,,,,,,0,-95,-99,-26.006460598358828,-12.993159705123915,-13.013300893234913,12.428625208505848,,,,,,,,,,,,,,60,100,-60,,,,,,,,,,
1598486400,11461,11585,11144,11329.5,,11521.365918584544,11546.45002138394,8406.419,0,-95,-99,-34.87605344028563,-25.521076643101548,-9.354976797184083,10.616692101929884,,,,,,,,,,,6.346255803390018,,,60,100,-60,,,,,,,,,,,0,-95,-99,-34.87605344028563,-25.521076643101548,-9.354976797184083,10.616692101929884,,,,,,,,,,,6.346255803390018,,,60,100,-60,,,,,,,,,,
1598572800,11329.5,11533.5,11292,11522,,11521.423562349586,11541.01668329862,3758.471,0,-95,-99,-35.581934100601444,-32.1548160464153,-3.4271180541861455,11.788189686470947,,,,,,,,,,,,,,60,100,-60,,,,,,,,,,,0,-95,-99,-35.581934100601444,-32.1548160464153,-3.4271180541861455,11.788189686470947,,,,,,,,,,,,,,60,100,-60,,,,,,,,,,
1598659200,11522,11575,11426,11472,,11516.930511226896,11525.679642565594,2725.431,0,-95,-99,-33.126791067651745,-34.528259536179604,1.4014684685278596,11.9287411239146,,,,,,,,,,,,,,60,100,-60,,-108,,,-34.528259536179604,,,,,,0,-95,-99,-33.126791067651745,-34.528259536179604,1.4014684685278596,11.9287411239146,,,,,,,,,,,,,,60,100,-60,,-108,,,-34.528259536179604,,,,,
1598745600,11472,11719,11467,11710,,11534.48228293354,11566.639721995462,4005.83,0,-95,-99,-20.860354580072276,-29.856359916108488,8.996005336036212,13.033238478411954,,,,,,,,,,,,,,60,100,-60,,,,,,,,,,,0,-95,-99,-20.860354580072276,-29.856359916108488,8.996005336036212,13.033238478411954,,,,,,,,,,,,,,60,100,-60,,,,,,,,,,
1598832000,11710,11775,11577,11661,,11545.983893575945,11587.608672663137,3879.065,0,-95,-99,-8.903305087333955,-20.96348357835266,12.060178491018704,13.541696695528518,,,,,,,,,,,,,,60,100,-60,,,,,,,,,,,0,-95,-99,-8.903305087333955,-20.96348357835266,12.060178491018704,13.541696695528518,,,,,,,,,,,,,,60,100,-60,,,,,,,,,,
1598918400,11661,12066,11537.5,11927.5,,11580.667175978133,11663.140078737995,6782.99,0,-95,-99,8.929940994652863,-6.944572890917789,15.874513885570654,15.488054311422559,,,,,,,,,,44.88409613596005,,,,60,100,-60,,,,,,,,,,,0,-95,-99,8.929940994652863,-6.944572890917789,15.874513885570654,15.488054311422559,,,,,,,,,,44.88409613596005,,,,60,100,-60,,,,,,,,,,
1599004800,11927.5,11955.5,11171,11388.5,,11563.197432707393,11602.108950129552,11040.898,0,-95,-99,-0.3440651122252447,-0.10580973496877633,-0.2382553772564684,12.462979259680207,,,,,,,,,,,,,,60,100,-60,,,,,-0.10580973496877633,,,,,,0,-95,-99,-0.3440651122252447,-0.10580973496877633,-0.2382553772564684,12.462979259680207,,,,,,,,,,,,,,60,100,-60,,,,,-0.10580973496877633,,,,,
1599091200,11388.5,11465,9915,10145.5,,11434.315847915812,11278.418072322986,20538.192,0,-95,-99,-32.716360519881164,-8.04349487915118,-24.672865640729984,11.121952113171954,,,,,,,,,,,,,,60,100,-60,,,,,,,,,,,0,-95,-99,-32.716360519881164,-8.04349487915118,-24.672865640729984,11.121952113171954,,,,,,,,,,,,,,60,100,-60,,,,,,,,,,
1599177600,10145.5,10624.5,9883,10448.5,,11344.696225378011,11093.99183402899,11678.746,0,-95,-99,-49.981859169113875,-27.680761600406758,-22.301097568707117,9.964253680052744,,,,,,,,,,,,,,60,100,-60,,,,,,,,,,,0,-95,-99,-49.981859169113875,-27.680761600406758,-22.301097568707117,9.964253680052744,,,,,,,,,,,,,,60,100,-60,,,,,,,,,,
1599264000,10448.5,10566.5,9834,10161,,11237.087477616375,10886.66031535588,13833.506,0,-95,-99,-59.42979620372757,-47.3760052975742,-12.053790906153367,10.346661374747129,,,,,,,,,,,13.02535177677061,,,60,100,-60,,,,,,,,,,,0,-95,-99,-59.42979620372757,-47.3760052975742,-12.053790906153367,10.346661374747129,,,,,,,,,,,13.02535177677061,,,60,100,-60,,,,,,,,,,
1599350400,10161,10348.5,10005.5,10255.5,,11147.852252378523,10746.402467499018,4873.481,0,-95,-99,-62.934974275259215,-57.44887654936688,-5.486097725892336,9.112359961874287,,,,,,,,,,,,,,60,100,-60,,,,,,,,,,,0,-95,-99,-62.934974275259215,-57.44887654936688,-5.486097725892336,9.112359961874287,,,,,,,,,,,,,,60,100,-60,,,,,,,,,,
1599436800,10255.5,10414.5,9881,10378,,11077.865683980475,10664.535252499236,7637.338,0,-95,-99,-63.115130225939396,-61.82663356830872,-1.2884966576306738,11.4444928497533,,,,,,,,,,,,,,60,100,-60,,,,,,,,,,,0,-95,-99,-63.115130225939396,-61.82663356830872,-1.2884966576306738,11.4444928497533,,,,,,,,,,,,,,60,100,-60,,,,,,,,,,
1599523200,10378,10440.5,9838,10122,,10990.968803618614,10543.971863054961,10195.145,0,-95,-99,-62.962225916300625,-63.004110139166414,0.04188422286578941,9.746537900138598,,,,-63.004110139166414,,,,,,,,,,60,100,-60,,-108,,,-63.004110139166414,-107,,,,,0,-95,-99,-62.962225916300625,-63.004110139166414,0.04188422286578941,9.746537900138598,,,,-63.004110139166414,,,,,,,,,,60,100,-60,,-108,,,-63.004110139166414,-107,,,,
1599609600,10122,10337.5,9986,10219.5,,10920.835276016922,10471.867004598304,3991.145,0,-95,-99,-60.609147239754535,-62.22883446066485,1.6196872209103148,11.569802206955536,,,,,,,,,,,,,,60,100,-60,,,,,,,,,,,0,-95,-99,-60.609147239754535,-62.22883446066485,1.6196872209103148,11.569802206955536,,,,,,,,,,,,,,60,100,-60,,,,,,,,,,
1599696000,10219.5,10485.5,10217.5,10339,,10867.941160015384,10442.34100357646,4844.398,0,-95,-99,-54.632884915287384,-59.40141935711418,4.7685344418267945,11.785664608431302,,,,,,,,,,,,,,60,100,-60,,,,,,,,,,,0,-95,-99,-54.632884915287384,-59.40141935711418,4.7685344418267945,11.785664608431302,,,,,,,,,,,,,,60,100,-60,,,,,,,,,,
1599782400,10339,10393,10208.5,10387,,10824.219236377621,10430.043002781691,2702.451,0,-95,-99,-49.781391319255945,-55.007807824765955,5.226416505510009,13.502247583084579,,,,,,,,,,,,,,60,100,-60,,,,,,,,,,,0,-95,-99,-49.781391319255945,-55.007807824765955,5.226416505510009,13.502247583084579,,,,,,,,,,,,,,60,100,-60,,,,,,,,,,
1599868800,10387,10481,10276,10431.5,,10788.51748761602,10430.366779941316,2928.044,0,-95,-99,-43.58937484026519,-49.334550358269496,5.745175518004309,13.843965879688767,,,,,,,,,,,,,,60,100,-60,,,,,,,,,,,0,-95,-99,-43.58937484026519,-49.334550358269496,5.745175518004309,13.843965879688767,,,,,,,,,,,,,,60,100,-60,,,,,,,,,,
1599955200,10431.5,10572.5,10220,10320,,10745.924988741835,10405.840828843246,3897.411,0,-95,-99,-39.184837053214636,-44.18520107091192,5.000364017697287,14.333378974559771,,,,,,,,,,,,,,60,100,-60,,,,,,,,,,,0,-95,-99,-39.184837053214636,-44.18520107091192,5.000364017697287,14.333378974559771,,,,,,,,,,,,,,60,100,-60,,,,,,,,,,
1600041600,10320,10740,10250,10662,,10738.29544431076,10462.765089100301,6118.374,0,-95,-99,-28.034220487959384,-36.9361441271464,8.901923639187014,17.01218497972046,,,,,,,,,,,,,,60,100,-60,,,,,,,,,,,0,-95,-99,-28.034220487959384,-36.9361441271464,8.901923639187014,17.01218497972046,,,,,,,,,,,,,,60,100,-60,,,,,,,,,,
1600128000,10662,10919.5,10610,10778.5,,10741.950403918872,10532.928402633568,6224.041,0,-95,-99,-11.493490488325495,-26.23751600983316,14.744025521507666,17.291056743244887,,,,,,,,,,,,,,60,100,-60,,,,,,,,,,,0,-95,-99,-11.493490488325495,-26.23751600983316,14.744025521507666,17.291056743244887,,,,,,,,,,,,,,60,100,-60,,,,,,,,,,
1600214400,10778.5,11090.5,10665,10947,,10760.591276289884,10624.944313159442,6493.321,0,-95,-99,3.863297286492198,-11.88813789659755,15.751435183089749,17.927961149493438,,,,,,,,,,,,,,60,100,-60,,,,,,,,,,,0,-95,-99,3.863297286492198,-11.88813789659755,15.751435183089749,17.927961149493438,,,,,,,,,,,,,,60,100,-60,,,,,,,,,,
1600300800,10947,11035,10743,10928,,10775.810251172623,10692.290021346233,3974.57,0,-95,-99,14.042944870246512,2.137583889471079,11.905360980775432,17.024946568977235,,,,,,,,,,,,,,60,100,-60,,,,,,,,,,,0,-95,-99,14.042944870246512,2.137583889471079,11.905360980775432,17.024946568977235,,,,,,,,,,,,,,60,100,-60,,,,,,,,,,
1600387200,10928,11031.5,10811.5,10917,,10788.645682884202,10742.22557215818,2694.489,0,-95,-99,21.310190483327652,13.072144213355463,8.23804626997219,18.511788674240396,,,,,,,,,,,,,,60,100,-60,,,,,,,,,,,0,-95,-99,21.310190483327652,13.072144213355463,8.23804626997219,18.511788674240396,,,,,,,,,,,,,,60,100,-60,,,,,,,,,,
1600473600,10917,11168,10884,11071,,10814.314257167456,10815.28655612303,2738.979,0,-95,-99,29.491932652949373,21.61502266884119,7.876909984108185,17.877985857338988,,,,,,,,,,98.35099390827654,,,,60,100,-60,,,,,,,,,,,0,-95,-99,29.491932652949373,21.61502266884119,7.876909984108185,17.877985857338988,,,,,,,,,,98.35099390827654,,,,60,100,-60,,,,,,,,,,
1600560000,11071,11071,10756,10912,,10823.194779243142,10836.778432540135,4036.155,0,-95,-99,30.31555373950211,27.039225625259718,3.276328114242393,15.315697218274916,,,27.039225625259718,,,,,,,,,,,60,100,-60,,,,,,,,,,,0,-95,-99,30.31555373950211,27.039225625259718,3.276328114242393,15.315697218274916,,,27.039225625259718,,,,,,,,,,,60,100,-60,,,,,,,,,,
1600646400,10912,10977,10283.5,10408,,10785.449799311948,10741.494336420104,8719.856,0,-95,-99,16.11250627685198,25.306664223101162,-9.194157946249181,12.603556003520147,,,,,,,,,,,,,,60,100,-60,,,,,25.306664223101162,,,,,,0,-95,-99,16.11250627685198,25.306664223101162,-9.194157946249181,12.603556003520147,,,,,,,,,,,,,,60,100,-60,,,,,25.306664223101162,,,,,
1600732800,10408,10572,10361,10521,,10761.408908465406,10692.495594993414,5835.411,0,-95,-99,3.2491445316295273,16.559068182661214,-13.309923651031687,14.89178565136945,,,,,,,,,,,,,,60,100,-60,,,,,,,,,,,0,-95,-99,3.2491445316295273,16.559068182661214,-13.309923651031687,14.89178565136945,,,,,,,,,,,,,,60,100,-60,,,,,,,,,,
1600819200,10521,10524.5,10140,10234,,10713.46264405946,10590.607684994877,5400.834,0,-95,-99,-11.312514656911814,2.6830453838565735,-13.995560040768387,11.1110916870826,,,,,,,,,,,,,,60,100,-60,,,,,,,,,,,0,-95,-99,-11.312514656911814,2.6830453838565735,-13.995560040768387,11.1110916870826,,,,,,,,,,,,,,60,100,-60,,,,,,,,,,
1600905600,10234,10787.5,10196.5,10722.5,,10714.284221872236,10619.917088329348,6518.909,0,-95,-99,-11.680332476711623,-6.581234200664627,-5.099098276046996,12.016880176048511,,,,,,,,,,,34.880988806988114,,,60,100,-60,,,,,,,,,,,0,-95,-99,-11.680332476711623,-6.581234200664627,-5.099098276046996,12.016880176048511,,,,,,,,,,,34.880988806988114,,,60,100,-60,,,,,,,,,,
1600992000,10722.5,10750,10560,10684,,10711.531110792943,10634.157735367271,4148.307,0,-95,-99,-7.092671795179,-10.028506309600802,2.935834514421802,9.622337950883422,,,,,,,,,,,,,,60,100,-60,,-108,,,-10.028506309600802,,,,,,0,-95,-99,-7.092671795179,-10.028506309600802,2.935834514421802,9.622337950883422,,,,,,,,,,,,,,60,100,-60,,-108,,,-10.028506309600802,,,,,
1601078400,10684,10830,10650,10726.5,,10712.891918902675,10654.678238618988,2931.763,0,-95,-99,0.3204161973851809,-6.150862691501803,6.471278888886984,10.67309298444047,,,,,,,,,,,,,,60,100,-60,,,,,,,,,,,0,-95,-99,0.3204161973851809,-6.150862691501803,6.471278888886984,10.67309298444047,,,,,,,,,,,,,,60,100,-60,,,,,,,,,,
1601164800,10726.5,10795.5,10600,10770,,10718.083562638794,10680.305296703656,2912.515,0,-95,-99,5.14626585652587,-0.541996580422639,5.688262436948509,10.254111444342724,,,,,,,,,,,,,,60,100,-60,,,,,,,,,,,0,-95,-99,5.14626585652587,-0.541996580422639,5.688262436948509,10.254111444342724,,,,,,,,,,,,,,60,100,-60,,,,,,,,,,
1601251200,10770,10951.5,10635,10688,,10715.348693307995,10682.01523076951,5147.951,0,-95,-99,11.038559111674976,5.501747055195353,5.536812056479623,9.63998421319986,,,,,,,,,,,,,,60,100,-60,,,,,,,,,,,0,-95,-99,11.038559111674976,5.501747055195353,5.536812056479623,9.63998421319986,,,,,,,,,,,,,,60,100,-60,,,,,,,,,,
1601337600,10688,10855,10638,10834,,10726.13517573454,10715.789623931842,4181.429,0,-95,-99,16.376906665776488,10.853910544659113,5.522996121117375,10.087636862969447,,,,,,,,,,,,,,60,100,-60,,,,,,,,,,,0,-95,-99,16.376906665776488,10.853910544659113,5.522996121117375,10.087636862969447,,,,,,,,,,,,,,60,100,-60,,,,,,,,,,
1601424000,10834,10841,10670.5,10759,,10729.1228870314,10725.391929724765,3261.582,0,-95,-99,18.684366939431317,15.366610905627596,3.3177560338037217,7.125223587810302,,,,,,,,,,68.65380864876502,,,,60,100,-60,,,,,,,,,,,0,-95,-99,18.684366939431317,15.366610905627596,3.3177560338037217,7.125223587810302,,,,,,,,,,68.65380864876502,,,,60,100,-60,,,,,,,,,,
1601510400,10759,10909.5,10464.5,10611,,10718.38444275582,10699.97150089704,7921.346,0,-95,-99,11.298761177194383,15.453344927467398,-4.154583750273016,7.46090306516815,,,15.453344927467398,,,,,,,,,,,60,100,-60,,,,,15.453344927467398,,,,,,0,-95,-99,11.298761177194383,15.453344927467398,-4.154583750273016,7.46090306516815,,,15.453344927467398,,,,,,,,,,,60,100,-60,,,,,15.453344927467398,,,,,
1601596800,10611,10648,10392,10566.5,,10704.576766141654,10670.311167364363,6747.062,0,-95,-99,-4.452759732682129,8.51012279464786,-12.962882527329988,6.301900934486332,,,,,,,,,,,,,,60,100,-60,,,,,,,,,,,0,-95,-99,-4.452759732682129,8.51012279464786,-12.962882527329988,6.301900934486332,,,,,,,,,,,,,,60,100,-60,,,,,,,,,,
1601683200,10566.5,10601,10502,10541,,10689.706151037868,10641.575352394504,1787.623,0,-95,-99,-13.936447663114738,-2.3634820728674932,-11.572965590247245,5.845696208882357,,,,,,,,,,,49.92030693234243,,,60,100,-60,,,,,,,,,,,0,-95,-99,-13.936447663114738,-2.3634820728674932,-11.572965590247245,5.845696208882357,,,,,,,,,,,49.92030693234243,,,60,100,-60,,,,,,,,,,
1601769600,10541,10681,10521,10666,,10687.551046398063,10647.003051862392,2534.921,0,-95,-99,-13.911547397074049,-10.766918264290304,-3.144629132783745,5.783758754804474,,,,,,,,,,,,,,60,100,-60,,,,,,,,,,,0,-95,-99,-13.911547397074049,-10.766918264290304,-3.144629132783745,5.783758754804474,,,,,,,,,,,,,,60,100,-60,,,,,,,,,,
1601856000,10666,10782,10618,10779,,10695.864587634602,10676.335707004082,3160.781,0,-95,-99,-2.631873328658017,-10.159956129615601,7.528082800957584,7.358592457686958,,,,,,,,,,,,,,60,100,-60,,-108,,,-10.159956129615601,,,,,,0,-95,-99,-2.631873328658017,-10.159956129615601,7.528082800957584,7.358592457686958,,,,,,,,,,,,,,60,100,-60,,-108,,,-10.159956129615601,,,,,
1601942400,10779,10782,10531,10600,,10687.149625122365,10659.37221655873,5979.297,0,-95,-99,-4.605041401796758,-7.049487375842941,2.4444459740461832,6.298279677931195,,,,,,,,,,73.5068905004982,,,,60,100,-60,,,,,,,,,,,0,-95,-99,-4.605041401796758,-7.049487375842941,2.4444459740461832,6.298279677931195,,,,,,,,,,73.5068905004982,,,,60,100,-60,,,,,,,,,,
1602028800,10600,10668,10554,10656.5,,10684.363295565787,10658.733946212345,2586.677,0,-95,-99,-7.758655085418835,-4.998523271957869,-2.7601318134609656,6.047767727322967,,,,,,,,,,,,,,60,100,-60,,,,,-4.998523271957869,,,,,,0,-95,-99,-7.758655085418835,-4.998523271957869,-2.7601318134609656,6.047767727322967,,,,,,,,,,,,,,60,100,-60,,,,,-4.998523271957869,,,,,
1602115200,10656.5,10945,10532,10906,,10704.512086877989,10713.681958165158,6515.567,0,-95,-99,10.92296194639366,-0.48024484694064434,11.403206793334304,8.305721835625564,,,,,,,,,,,,,,60,100,-60,,-108,,,-0.48024484694064434,,,,,,0,-95,-99,10.92296194639366,-0.48024484694064434,11.403206793334304,8.305721835625564,,,,,,,,,,,,,,60,100,-60,,-108,,,-0.48024484694064434,,,,,
1602201600,10906,11092,10826,11051,,10736.010988070899,10788.641523017344,5558.201,0,-95,-99,33.65005168490086,12.271452848625229,21.37859883627563,8.762835057120396,,,,,,,,,,,,,,60,100,-60,,,,,,,,,,,0,-95,-99,33.65005168490086,12.271452848625229,21.37859883627563,8.762835057120396,,,,,,,,,,,,,,60,100,-60,,,,,,,,,,
1602288000,11051,11490,11049.5,11303.5,9586.3125,10787.600898246272,10903.05451790238,9725.902,0,-95,-99,54.494275175134064,33.022429602142864,21.4718455729912,11.767655710437563,,,,,,,,,,,,,,60,100,-60,,,,,,,,,,,0,-95,-99,54.494275175134064,33.022429602142864,21.4718455729912,11.767655710437563,,,,,,,,,,,,,,60,100,-60,,,,,,,,,,
1602374400,11303.5,11447,11286,11374,9609.69,10840.90990749661,11007.709069479628,4320.768,0,-95,-99,65.54983646995203,51.231387776662324,14.318448693289703,11.904458156390668,,,,,,,,,,,,,,60,100,-60,,,,,,,,,,,0,-95,-99,65.54983646995203,51.231387776662324,14.318448693289703,11.904458156390668,,,,,,,,,,,,,,60,100,-60,,,,,,,,,,
1602460800,11374,11729,11200,11545,9633.7475,10904.918097724192,11127.10705403971,8332.957,0,-95,-99,72.3361114784205,64.12674104116887,8.209370437251636,11.595886499606864,,,,,,66.99518507591992,,,,100,,,,60,100,-60,,,,,,,,,,,0,-95,-99,72.3361114784205,64.12674104116887,8.209370437251636,11.595886499606864,,,,,,66.99518507591992,,,,100,,,,60,100,-60,,,,,,,,,,
1602547200,11545,11560,11323,11425.5,9659.105,10952.24372520381,11193.416597586442,6552.266,0,-95,-99,72.64080701356859,70.17558498731371,2.465222026254878,10.58286272887536,,,,,,,,,,,,,,60,100,-60,,,,,,,,,,,0,-95,-99,72.64080701356859,70.17558498731371,2.465222026254878,10.58286272887536,,,,,,,,,,,,,,60,100,-60,,,,,,,,,,
1602633600,11425.5,11549.5,11295,11418.5,9685.045,10994.630659276192,11243.43513145612,5161.354,0,-95,-99,70.42555591789974,71.80082480329628,-1.3752688853965367,9.670405956113667,71.80082480329628,,71.80082480329628,,,,,,,,,,,60,100,-60,,,,,71.80082480329628,,105,,,,0,-95,-99,70.42555591789974,71.80082480329628,-1.3752688853965367,9.670405956113667,71.80082480329628,,71.80082480329628,,,,,,,,,,,60,100,-60,,,,,71.80082480329628,,105,,,
1602720000,11418.5,11612,11260,11491.5,9713.1375,11039.800599341992,11298.560657799206,5342.276,0,-95,-99,68.14922964575635,70.40519752574157,-2.2559678799852207,9.638762932742704,,,,,,64.36547546592212,,,,,,,,60,100,-60,,,,,,,,,,,0,-95,-99,68.14922964575635,70.40519752574157,-2.2559678799852207,9.638762932742704,,,,,,64.36547546592212,,,,,,,,60,100,-60,,,,,,,,,,
1602806400,11491.5,11533.5,11203.5,11318.5,9737.7825,11065.13690849272,11302.991622732716,5902.894,0,-95,-99,61.69109595697767,66.75529384021125,-5.064197883233582,6.980376745286748,,,,,,,,,,,,,,60,100,-60,,,,,,,,,,,0,-95,-99,61.69109595697767,66.75529384021125,-5.064197883233582,6.980376745286748,,,,,,,,,,,,,,60,100,-60,,,,,,,,,,
1602892800,11318.5,11411,11260.5,11360,9762.5575,11091.94264408429,11315.660151014334,2602.262,0,-95,-99,55.60796540525373,61.816097002662595,-6.208131597408865,9.130183226488578,,,,,,,,,,,,,,60,100,-60,,,,,,,,,,,0,-95,-99,55.60796540525373,61.816097002662595,-6.208131597408865,9.130183226488578,,,,,,,,,,,,,,60,100,-60,,,,,,,,,,
1602979200,11360,11500,11352,11492,9786.8075,11128.311494622083,11354.84678412226,2648.186,0,-95,-99,54.79632573770662,57.365129033312684,-2.5688032956060667,12.404770724270824,,,,,,,,,,,69.8939057390786,,,60,100,-60,,,,,,,,,,,0,-95,-99,54.79632573770662,57.365129033312684,-2.5688032956060667,12.404770724270824,,,,,,,,,,,69.8939057390786,,,60,100,-60,,,,,,,,,,
1603065600,11492,11815.5,11406.5,11735,9811.5,11183.464995110984,11439.325276539535,5473.798,0,-95,-99,60.56530303189294,56.98986472495111,3.5754383069418267,12.734440420261965,,,,,,,,,,,,,,60,100,-60,,,,,56.98986472495111,,,,,,0,-95,-99,60.56530303189294,56.98986472495111,3.5754383069418267,12.734440420261965,,,,,,,,,,,,,,60,100,-60,,,,,56.98986472495111,,,,,
1603152000,11735,12058.5,11679,11902,9837.3725,11248.786359191803,11542.141881752972,10000.771,0,-95,-99,68.57405763403409,61.311895467877896,7.262162166156195,15.951718769426268,,,,,,,,,,,,,,60,100,-60,,,,,,,,,,,0,-95,-99,68.57405763403409,61.311895467877896,7.262162166156195,15.951718769426268,,,,,,,,,,,,,,60,100,-60,,,,,,,,,,
1603238400,11902,13239.5,11888.5,12820,9867.155,11391.62396290164,11826.110352474534,24164.902,0,-95,-99,83.5523395118361,70.89723339258772,12.655106119248373,16.4985833091554,,,,,,,,,,,,,,60,100,-60,,,,,,,,,,,0,-95,-99,83.5523395118361,70.89723339258772,12.655106119248373,16.4985833091554,,,,,,,,,,,,,,60,100,-60,,,,,,,,,,
1603324800,12820,13195.5,12701.5,12986.5,9898.2325,11536.612693546946,12083.974718591304,13367.243,0,-95,-99,91.16181618067026,81.09607110884683,10.065745071823429,17.448789581896655,,,,,,81.24264906749399,,,,98.77040280019008,,,,60,100,-60,,,,,,,,,,,0,-95,-99,91.16181618067026,81.09607110884683,10.065745071823429,17.448789581896655,,,,,,81.24264906749399,,,,98.77040280019008,,,,60,100,-60,,,,,,,,,,
1603411200,12986.5,13032,12743,12931.5,9926.2775,11663.420630497223,12272.31367001546,7817.111,0,-95,-99,91.13428100065018,88.61614556438553,2.518135436264643,15.773916012559415,,,,,,,,,,,,,,60,100,-60,,,,,,,,,,,0,-95,-99,91.13428100065018,88.61614556438553,2.518135436264643,15.773916012559415,,,,,,,,,,,,,,60,100,-60,,,,,,,,,,
1603497600,12931.5,13162,12881,13110.5,9955.8375,11794.97330045202,12458.577298900913,7377.216,0,-95,-99,89.75545022497484,90.68384913543177,-0.9283989104569343,19.086411501702823,90.68384913543177,,90.68384913543177,,,,,,,,,,,60,100,-60,,,,,90.68384913543177,,105,,,,0,-95,-99,89.75545022497484,90.68384913543177,-0.9283989104569343,19.086411501702823,90.68384913543177,,90.68384913543177,,,,,,,,,,,60,100,-60,,,,,90.68384913543177,,105,,,
1603584000,13110.5,13360,12845,13024.5,9984.1775,11906.748454956381,12584.337899145154,9016.61,0,-95,-99,86.37322721105143,89.0876528122255,-2.714425601174071,17.473856687431496,,,,,,,,,,,,,,60,100,-60,,,,,,,,,,,0,-95,-99,86.37322721105143,89.0876528122255,-2.714425601174071,17.473856687431496,,,,,,,,,,,,,,60,100,-60,,,,,,,,,,
1603670400,13024.5,13243,12769,13050,10013.0175,12010.68041359671,12687.818366001786,11941.985,0,-95,-99,81.06393067154178,85.73086936918936,-4.666938697647581,18.35381521092528,,,,,,,,,,,,,,60,100,-60,,,,,,,,,,,0,-95,-99,81.06393067154178,85.73086936918936,-4.666938697647581,18.35381521092528,,,,,,,,,,,,,,60,100,-60,,,,,,,,,,
1603756800,13050,13777,13044.5,13637,10046.9175,12158.527648724283,12898.74761800139,14317.594,0,-95,-99,81.12109515528584,82.85275101262637,-1.7316558573405274,18.364474557020152,,,,,,82.99283708949093,,,,,,,,60,100,-60,,,,,,,,,,,0,-95,-99,81.12109515528584,82.85275101262637,-1.7316558573405274,18.364474557020152,,,,,,82.99283708949093,,,,,,,,60,100,-60,,,,,,,,,,
1603843200,13637,13858,12892,13259.5,10078.8425,12258.616044294802,12978.91481400108,17806.608,0,-95,-99,76.95066627234353,79.7118973663904,-2.7612310940468774,18.22643385781079,,,,,,,,,,,,,,60,100,-60,,,,,,,,,,,0,-95,-99,76.95066627234353,79.7118973663904,-2.7612310940468774,18.22643385781079,,,,,,,,,,,,,,60,100,-60,,,,,,,,,,
1603929600,13259.5,13622,12975,13437.5,10111.525,12365.787312995275,13080.822633111951,12593.942,0,-95,-99,72.37561661053776,76.81579267938906,-4.440176068851301,16.553112545772322,,,,,,,,,,,,,,60,100,-60,,,,,,,,,,,0,-95,-99,72.37561661053776,76.81579267938906,-4.440176068851301,16.553112545772322,,,,,,,,,,,,,,60,100,-60,,,,,,,,,,
1604016000,13437.5,13655,13114,13544.5,10145.075,12472.943011813886,13183.862047975963,15152.912,0,-95,-99,68.96047865041926,72.76225384443353,-3.8017751940142688,17.66625412795272,,,,,,,,,,,,,,60,100,-60,,,,,,,,,,,0,-95,-99,68.96047865041926,72.76225384443353,-3.8017751940142688,17.66625412795272,,,,,,,,,,,,,,60,100,-60,,,,,,,,,,
1604102400,13544.5,14120,13413.5,13782,10179.6625,12591.948192558079,13316.781592870193,16992.382,0,-95,-99,69.76134066711342,70.3658119760235,-0.6044713089100782,17.246021271941405,,,,,,77.07604265785268,,,,,,,,60,100,-60,,,,,,,,,,,0,-95,-99,69.76134066711342,70.3658119760235,-0.6044713089100782,17.246021271941405,,,,,,77.07604265785268,,,,,,,,60,100,-60,,,,,,,,,,
1604188800,13782,13875,13611,13750,10215.325,12697.225629598253,13413.05235001015,9526.835,0,-95,-99,68.00031996606948,68.90737976120073,-0.9070597951312465,18.660645525953804,,,,,,,,,,,,,,60,100,-60,,,,,,,,,,,0,-95,-99,68.00031996606948,68.90737976120073,-0.9070597951312465,18.660645525953804,,,,,,,,,,,,,,60,100,-60,,,,,,,,,,
1604275200,13750,13818.5,13207,13545.5,10247.555,12774.341481452957,13442.485161119006,14457.7,0,-95,-99,61.54383089740001,66.43516384352765,-4.8913329461276405,19.829425364004077,,,,,,,,,,,,,,60,100,-60,,,,,,,,,,,0,-95,-99,61.54383089740001,66.43516384352765,-4.8913329461276405,19.829425364004077,,,,,,,,,,,,,,60,100,-60,,,,,,,,,,
1604361600,13545.5,14058.5,13280.5,14012,10282.505,12886.855892229962,13569.044014203671,15420.407,0,-95,-99,60.624605277200246,63.38958538022325,-2.7649801030230066,20.306883471051037,,,,,,,,,,,,,,60,100,-60,,,,,,,,,,,0,-95,-99,60.624605277200246,63.38958538022325,-2.7649801030230066,20.306883471051037,,,,,,,,,,,,,,60,100,-60,,,,,,,,,,
1604448000,14012,14249,13531,14130,10316.955,12999.868992936328,13693.70089993619,17386.484,0,-95,-99,61.80685799526922,61.325098056623176,0.48175993864604294,21.69897564974232,,,,,,,,,,,34.32432053198714,,,60,100,-60,,,,,61.325098056623176,,,,,,0,-95,-99,61.80685799526922,61.325098056623176,0.48175993864604294,21.69897564974232,,,,,,,,,,,34.32432053198714,,,60,100,-60,,,,,61.325098056623176,,,,,
1604534400,14130,15758,14100.5,15594,10359.3325,13235.69908448757,14115.989588839258,34017.398,0,-95,-99,74.74277261216577,65.7247452948784,9.018027317287363,23.218344935918317,,,,,,84.56661655389175,,,,,,,,60,100,-60,,,,,,,,,,,0,-95,-99,74.74277261216577,65.7247452948784,9.018027317287363,23.218344935918317,,,,,,84.56661655389175,,,,,,,,60,100,-60,,,,,,,,,,
1604620800,15594,15976,15201.5,15573,10403.06,13448.180985897792,14439.769680208312,25666.777,0,-95,-99,82.17844988212208,72.90936016318568,9.2690897189364,22.576519905046148,,,,,,,,,,69.27549972829188,,,,60,100,-60,,,,,,,,,,,0,-95,-99,82.17844988212208,72.90936016318568,9.2690897189364,22.576519905046148,,,,,,,,,,69.27549972829188,,,,60,100,-60,,,,,,,,,,
1604707200,15573,15757.5,14359.5,14815.5,10442.95,13572.482714452539,14523.265306828687,27256.353,0,-95,-99,78.3000526134219,78.4070917025699,-0.10703908914800309,22.28414683504098,,,,,,,,,,,,,,60,100,-60,,,,,78.4070917025699,,105,,,,0,-95,-99,78.3000526134219,78.4070917025699,-0.10703908914800309,22.28414683504098,,,,,,,,,,,,,,60,100,-60,,,,,78.4070917025699,,105,,,
1604793600,14815.5,15650,14724,15481.5,10484.7425,13746.029740411399,14736.206349755646,16000.216,0,-95,-99,76.72958765948192,79.06936338500863,-2.3397757255267067,23.388746376039293,79.06936338500863,,79.06936338500863,,,,,,,,,,,60,100,-60,,,,,,,,,106,,0,-95,-99,76.72958765948192,79.06936338500863,-2.3397757255267067,23.388746376039293,79.06936338500863,,79.06936338500863,,,,,,,,,,,60,100,-60,,,,,,,,,106,
1604880000,15481.5,15848,14825,15325.5,10523.9525,13889.617945828544,14867.16049425439,26436.041,0,-95,-99,74.08629335893939,76.37197787728105,-2.285684518341668,21.89277589851489,,,,,,,,,,,,,,60,100,-60,,,,,,,,,,,0,-95,-99,74.08629335893939,76.37197787728105,-2.285684518341668,21.89277589851489,,,,,,,,,,,,,,60,100,-60,,,,,,,,,,
1604966400,15325.5,15476,15091.5,15296.5,10562.94,14017.516314389586,14962.56927330897,15435.416,0,-95,-99,69.98456085675886,73.60014729172671,-3.6155864349678524,21.053812827479756,,,,,,,,,,,,,,60,100,-60,,,,,,,,,,,0,-95,-99,69.98456085675886,73.60014729172671,-3.6155864349678524,21.053812827479756,,,,,,,,,,,,,,60,100,-60,,,,,,,,,,
1605052800,15296.5,15989,15276.5,15687.5,10603.7025,14169.333013081441,15123.664990351423,21886.503,0,-95,-99,69.57645641855787,71.2157702114187,-1.6393137928608326,21.883059725211897,,,,,,,,,,,15.212867319275242,,,60,100,-60,,,,,,,,,,,0,-95,-99,69.57645641855787,71.2157702114187,-1.6393137928608326,21.883059725211897,,,,,,,,,,,15.212867319275242,,,60,100,-60,,,,,,,,,,
1605139200,15687.5,16340,15453.5,16285,10646.67,14361.666375528583,15381.739436939995,29364.976,0,-95,-99,71.19448850425529,70.25183525985733,0.9426532443979596,24.358837046976898,,,,,,,,,,,,,,60,100,-60,,,,,70.25183525985733,,,,,,0,-95,-99,71.19448850425529,70.25183525985733,0.9426532443979596,24.358837046976898,,,,,,,,,,,,,,60,100,-60,,,,,70.25183525985733,,,,,
1605225600,16285,16464.5,15961,16318.5,10689.4,14539.56034138962,15589.90845095333,18174.039,0,-95,-99,72.21043685424583,70.99379392568632,1.2166429285595086,22.7802747382401,,,,,,77.0019051173592,,,,,,,,60,100,-60,,,,,,,,,,,0,-95,-99,72.21043685424583,70.99379392568632,1.2166429285595086,22.7802747382401,,,,,,77.0019051173592,,,,,,,,60,100,-60,,,,,,,,,,
1605312000,16318.5,16319.5,15711.5,16060,10730.985,14677.782128536019,15694.373239630368,14387.136,0,-95,-99,68.6666123343274,70.69051256427616,-2.023900229948765,20.77632962834298,,,,,,,,,,37.666388724099704,,,,60,100,-60,,,,,70.69051256427616,,105,,,,0,-95,-99,68.6666123343274,70.69051256427616,-2.023900229948765,20.77632962834298,,,,,,,,,,37.666388724099704,,,,60,100,-60,,,,,70.69051256427616,,105,,,
1605398400,16060,16149.5,15769,15939.5,10766.7925,14792.483753214563,15748.845853045841,9541.401,0,-95,-99,63.78371914643145,68.22025611166822,-4.436536965236769,18.99459645827638,,,,,,,,,,,,,,60,100,-60,,,,,,,,,,,0,-95,-99,63.78371914643145,68.22025611166822,-4.436536965236769,18.99459645827638,,,,,,,,,,,,,,60,100,-60,,,,,,,,,,
1605484800,15939.5,16872,15866,16702.5,10807.18,14966.121593831422,15960.768996813433,22457.975,0,-95,-99,65.31278186095291,65.92103778057059,-0.608255919617676,21.05339095159047,,,,,,,,,,,,,,60,100,-60,,,,,,,,,,,0,-95,-99,65.31278186095291,65.92103778057059,-0.608255919617676,21.05339095159047,,,,,,,,,,,,,,60,100,-60,,,,,,,,,,
1605571200,16702.5,17893,16565.5,17663.5,10851.395,15211.33781257402,16339.153664188225,35994.588,0,-95,-99,72.51451829874031,67.20367310204155,5.310845196698764,22.988183795281618,,,,,,,,,,,,,,60,100,-60,,,,,67.20367310204155,,,,,,0,-95,-99,72.51451829874031,67.20367310204155,5.310845196698764,22.988183795281618,,,,,,,,,,,,,,60,100,-60,,,,,67.20367310204155,,,,,
1605657600,17663.5,18504.5,17247,17792,10895.4925,15445.943465976381,16662.00840547973,50447.013,0,-95,-99,77.56405217322374,71.79711744430566,5.766934728918088,21.8880171892838,,,,,,,,,,,,,,60,100,-60,,,,,,,,,,,0,-95,-99,77.56405217322374,71.79711744430566,5.766934728918088,21.8880171892838,,,,,,,,,,,,,,60,100,-60,,,,,,,,,,
1605744000,17792,18195,17355,17802.5,10940.03,15660.175878160346,16915.45098203979,36719.263,0,-95,-99,77.51321430005133,75.86392825733846,1.6492860427128733,23.181171951188563,,,,,,,,,,,,,,60,100,-60,,,,,,,,,,,0,-95,-99,77.51321430005133,75.86392825733846,1.6492860427128733,23.181171951188563,,,,,,,,,,,,,,60,100,-60,,,,,,,,,,
1605830400,17802.5,18825,17763,18663,10988.98,15933.159889236678,17303.79520825317,25420.264,0,-95,-99,79.42375237901024,78.16700628409511,1.2567460949151297,27.023702029383045,,,,,,,,,,,,,,60,100,-60,,,,,,,,,,,0,-95,-99,79.42375237901024,78.16700628409511,1.2567460949151297,27.023702029383045,,,,,,,,,,,,,,60,100,-60,,,,,,,,,,
1605916800,18663,18981.5,18329.5,18713,11037.4275,16185.8726265788,17616.951828641355,20933.033,0,-95,-99,79.66610739059564,78.86769135655238,0.7984160340432567,25.876557261552378,78.86769135655238,,78.86769135655238,,,83.83253191390142,,,,,,,,60,100,-60,,,,,,,,,106,,0,-95,-99,79.66610739059564,78.86769135655238,0.7984160340432567,25.876557261552378,78.86769135655238,,78.86769135655238,,,83.83253191390142,,,,,,,,60,100,-60,,,,,,,,,106,
1606003200,18713,18775,17667,18421.5,11083.7875,16389.111478708,17795.740311165497,29591.427,0,-95,-99,74.87063525472178,77.98683167477587,-3.116196420054095,27.084900472999564,,,,,,,,,,87.49423561610931,,,,60,100,-60,,,108,,77.98683167477587,,105,,,,0,-95,-99,74.87063525472178,77.98683167477587,-3.116196420054095,27.084900472999564,,,,,,,,,,87.49423561610931,,,,60,100,-60,,,108,,77.98683167477587,,105,,,
1606089600,18421.5,18804,18045,18359.5,11125.6525,16568.237707916363,17921.02024201761,27115.046,0,-95,-99,70.75023592975381,75.09565952502373,-4.345423595269921,24.814271539658208,,,,,,,,,,,,,,60,100,-60,,,,,,,,,,,0,-95,-99,70.75023592975381,75.09565952502373,-4.345423595269921,24.814271539658208,,,,,,,,,,,,,,60,100,-60,,,,,,,,,,
1606176000,18359.5,19400.5,18050,19160,11172.4275,16803.85246174215,18196.349077124807,37680.589,0,-95,-99,69.94630143033426,71.8557242049366,-1.9094227746023478,26.802709057926293,,,,,,81.22054458818691,,,,,,,,60,100,-60,,,,,,,,,,,0,-95,-99,69.94630143033426,71.8557242049366,-1.9094227746023478,26.802709057926293,,,,,,81.22054458818691,,,,,,,,60,100,-60,,,,,,,,,,
1606262400,19160,19531,18515.5,18737.5,11218.385,16979.638601583774,18316.604837763738,29927.407,0,-95,-99,68.05231148624217,69.5829496154434,-1.5306381292012219,25.17230326439273,,,,,,,,,,,,,,60,100,-60,,,,,,,,,,,0,-95,-99,68.05231148624217,69.5829496154434,-1.5306381292012219,25.17230326439273,,,,,,,,,,,,,,60,100,-60,,,,,,,,,,
1606348800,18737.5,18923,16202,17154,11260.53,16995.489637803432,18058.248207149572,60202.813,0,-95,-99,50.43025410947757,62.80962234201798,-12.379368232540408,23.161149370880977,,,,,,,,,,,,,,60,100,-60,,,,,,,,,,,0,-95,-99,50.43025410947757,62.80962234201798,-12.379368232540408,23.161149370880977,,,,,,,,,,,,,,60,100,-60,,,,,,,,,,
1606435200,17154,17455,16452,17132,11303.395,17007.899670730392,17852.415272227445,21035.469,0,-95,-99,32.791144046325186,50.424569880681624,-17.633425834356437,23.754023198056636,,,,,,,,,,,,,,60,100,-60,,,,,,,,,,,0,-95,-99,32.791144046325186,50.424569880681624,-17.633425834356437,23.754023198056636,,,,,,,,,,,,,,60,100,-60,,,,,,,,,,
1606521600,17132,17860,16867,17716,11347.91,17072.27242793672,17822.10076728801,12975.321,0,-95,-99,23.97648774708788,35.73262863429687,-11.756140887208993,23.542287592597223,,,,,,,,,,,11.821165079313916,,,60,100,-60,,,,,,,,,,,0,-95,-99,23.97648774708788,35.73262863429687,-11.756140887208993,23.542287592597223,,,,,,,,,,,11.821165079313916,,,60,100,-60,,,,,,,,,,
1606608000,17716,18324.5,17519.5,18179,11392.2975,17172.88402539702,17901.411707890675,13604.773,0,-95,-99,23.829405413731894,26.865679069048312,-3.0362736553164176,26.07988253622302,,,,,,,,,,,,,,60,100,-60,,,,,,,,,,,0,-95,-99,23.829405413731894,26.865679069048312,-3.0362736553164176,26.07988253622302,,,,,,,,,,,,,,60,100,-60,,,,,,,,,,
1606694400,18179,19930.5,18179,19712,11441.9175,17403.712750360926,18303.76466169275,29581.616,0,-95,-99,36.84816722776728,28.21802012952902,8.630147098238258,29.09946767512483,,,,,,70.78659729735435,,,,,,,,60,100,-60,,,,,28.21802012952902,,,,,,0,-95,-99,36.84816722776728,28.21802012952902,8.630147098238258,29.09946767512483,,,,,,70.78659729735435,,,,,,,,60,100,-60,,,,,28.21802012952902,,,,,
1606780800,19712,19948,18090.5,18770.5,11489.195,17527.96613669175,18407.483625761026,51416.08,0,-95,-99,40.85220705924809,33.84325990024909,7.008947158999,28.266877826117426,,,,,,,,,,,,,,60,100,-60,,,,,,,,,,,0,-95,-99,40.85220705924809,33.84325990024909,7.008947158999,28.266877826117426,,,,,,,,,,,,,,60,100,-60,,,,,,,,,,
1606867200,18770.5,19344,18332,19217.5,11538.37,17681.560124265226,18587.4872644808,27341.028,0,-95,-99,42.98871695933565,40.229697082117006,2.759019877218641,30.01506623191453,,,,,,,,,,35.151791260702815,,,,60,100,-60,,,,,,,,,,,0,-95,-99,42.98871695933565,40.229697082117006,2.759019877218641,30.01506623191453,,,,,,,,,,35.151791260702815,,,,60,100,-60,,,,,,,,,,
1606953600,19217.5,19620,18876,19435,11587.17,17840.963749332022,18775.82342792951,15338.691,0,-95,-99,47.11999024579346,43.65363808812574,3.466352157667721,28.79278800610808,,,,,,65.33801491517481,,,,,,,,60,100,-60,,,,,,,,,,,0,-95,-99,47.11999024579346,43.65363808812574,3.466352157667721,28.79278800610808,,,,,,65.33801491517481,,,,,,,,60,100,-60,,,,,,,,,,
1607040000,19435,19527,18576.5,18667.5,11631.865,17916.103408483657,18751.751555056286,14978.144,0,-95,-99,44.452798470295804,44.85383522514164,-0.40103675484583334,25.05155264859406,,,44.85383522514164,,,,,,,,,,,60,100,-60,,,108,,44.85383522514164,,,,106,,0,-95,-99,44.452798470295804,44.85383522514164,-0.40103675484583334,25.05155264859406,,,44.85383522514164,,,,,,,,,,,60,100,-60,,,108,,44.85383522514164,,,,106,
1607126400,18667.5,19183,18512,19143.5,11678.7325,18027.684916803326,18838.806765043777,7396.183,0,-95,-99,42.13687854938405,44.5698890884911,-2.433010539107052,28.60789360370061,,,,,,,,,,,,,,60,100,-60,,,,,,,,,,,0,-95,-99,42.13687854938405,44.5698890884911,-2.433010539107052,28.60789360370061,,,,,,,,,,,,,,60,100,-60,,,,,,,,,,
1607212800,19143.5,19428.5,18866,19366,11728.0075,18149.34992436666,18955.96081725627,9171.971,0,-95,-99,43.864742083272596,43.48480636765081,0.37993571562178374,28.357747404870203,,,,,,62.47396553780971,,,,,,,,60,100,-60,,,,,43.48480636765081,,,,,,0,-95,-99,43.864742083272596,43.48480636765081,0.37993571562178374,28.357747404870203,,,,,,62.47396553780971,,,,,,,,60,100,-60,,,,,43.48480636765081,,,,,
1607299200,19366,19431,18921,19176.5,11778.555,18242.72720396969,19004.969524532655,8927.836,0,-95,-99,43.525738992204076,43.17578654162023,0.3499524505838423,25.918535279342027,,,,,,,,,,,,,,60,100,-60,,,,,,,,,,,0,-95,-99,43.525738992204076,43.17578654162023,0.3499524505838423,25.918535279342027,,,,,,,,,,,,,,60,100,-60,,,,,,,,,,
1607385600,19176.5,19306,18179,18322,11824.325,18249.93382179063,18853.198519080954,16000.483,0,-95,-99,31.280265327602077,39.55691546769292,-8.27665014009084,22.66023424725871,,,,,,,,,,,,,,60,100,-60,,,,,39.55691546769292,,,,,,0,-95,-99,31.280265327602077,39.55691546769292,-8.27665014009084,22.66023424725871,,,,,,,,,,,,,,60,100,-60,,,,,39.55691546769292,,,,,
1607472000,18322,18632,17649.5,18540,11871.1625,18276.303474355118,18783.598848174075,23021.489,0,-95,-99,15.712202404080232,30.172735574628792,-14.46053317054856,21.781910979401516,,,,,,,,,,,,,,60,100,-60,,,,,,,,,,,0,-95,-99,15.712202404080232,30.172735574628792,-14.46053317054856,21.781910979401516,,,,,,,,,,,,,,60,100,-60,,,,,,,,,,
1607558400,18540,18542,17917,18240,11918.8125,18273.003158504653,18662.799104135393,18337.86,0,-95,-99,3.7382527309083784,16.910240154196895,-13.171987423288517,19.487190482507106,,,,,,,,,,,,,,60,100,-60,,,,,,,,,,,0,-95,-99,3.7382527309083784,16.910240154196895,-13.171987423288517,19.487190482507106,,,,,,,,,,,,,,60,100,-60,,,,,,,,,,
1607644800,18240,18280,17567,18026,11964.475,18250.54832591332,18521.288192105305,22499.037,0,-95,-99,-9.231222361275638,3.4064109245709915,-12.63763328584663,17.92871130694762,,,,,,,,,,,3.9512459866429053,,,60,100,-60,,,,,,,,,,,0,-95,-99,-9.231222361275638,3.4064109245709915,-12.63763328584663,17.92871130694762,,,,,,,,,,,3.9512459866429053,,,60,100,-60,,,,,,,,,,
1607731200,18026,18940,18024,18779.5,12014.1625,18298.634841739382,18578.668593859682,11012.924,0,-95,-99,-5.723371760528657,-3.7387804636319717,-1.9845912968966855,21.245755463342146,,,,,,,,,,,,,,60,100,-60,,,,,,,,,,,0,-95,-99,-5.723371760528657,-3.7387804636319717,-1.9845912968966855,21.245755463342146,,,,,,,,,,,,,,60,100,-60,,,,,,,,,,
1607817600,18779.5,19422.5,18700.5,19177,12064.075,18378.486219763075,18711.631128557532,13850.227,0,-95,-99,7.712867828576318,-2.413908764409325,10.126776592985642,22.69090278387178,,,,,,,,,,,,,,60,100,-60,,-108,,,-2.413908764409325,,,,,,0,-95,-99,7.712867828576318,-2.413908764409325,10.126776592985642,22.69090278387178,,,,,,,,,,,,,,60,100,-60,,-108,,,-2.413908764409325,,,,,
1607904000,19177,19348,19017.5,19276,12112.595,18460.078381602794,18837.046433322525,9096.049,0,-95,-99,18.46809965446354,6.8191985741704,11.64890108029314,22.921302230302807,,,,,,,,,,,,,,60,100,-60,,,,,,,,,,,0,-95,-99,18.46809965446354,6.8191985741704,11.64890108029314,22.921302230302807,,,,,,,,,,,,,,60,100,-60,,,,,,,,,,
1607990400,19276,19585.5,19057.5,19414,12162.54,18546.798528729814,18965.25833702863,18348.06,0,-95,-99,27.502701855222668,17.89455644608751,9.608145409135158,24.88531738181796,,,,,,,,,,,,,,60,100,-60,,,,,,,,,,,0,-95,-99,27.502701855222668,17.89455644608751,9.608145409135158,24.88531738181796,,,,,,,,,,,,,,60,100,-60,,,,,,,,,,
1608076800,19414,21599.5,19277.5,21364,12220.895,18802.90775339074,19498.312039911158,33384.392,0,-95,-99,47.48000308443949,31.1502681980419,16.32973488639759,26.295431815188206,,,,,,,,,,,,,,60,100,-60,,,,,,,,,,,0,-95,-99,47.48000308443949,31.1502681980419,16.32973488639759,26.295431815188206,,,,,,,,,,,,,,60,100,-60,,,,,,,,,,
1608163200,21364,23893,21256,22799.5,12287.645,19166.23432126431,20231.909364375344,56735.977,0,-95,-99,66.66602719312986,47.21624404426401,19.449783148865855,25.42662358716496,,,,,,,,,,,,,,60,100,-60,,,,,,,,,,,0,-95,-99,66.66602719312986,47.21624404426401,19.449783148865855,25.42662358716496,,,,,,,,,,,,,,60,100,-60,,,,,,,,,,
1608249600,22799.5,23309,22367.5,23117,12352.2125,19525.39483751301,20873.04061673638,20303.727,0,-95,-99,75.02661641426457,63.05754889727797,11.969067516986598,24.7843630836507,,,,,,,,,,,,,,60,100,-60,,,,,,,,,,,0,-95,-99,75.02661641426457,63.05754889727797,11.969067516986598,24.7843630836507,,,,,,,,,,,,,,60,100,-60,,,,,,,,,,
1608336000,23117,24278,22765.5,23848.5,12423.8375,19918.4043977391,21534.253813017185,26317.361,0,-95,-99,79.84588416699326,73.8461759247959,5.999708242197357,24.893322240435943,,,,,,78.85989686957123,,,,98.06564742170866,,,,60,100,-60,,,,,,,,,,,0,-95,-99,79.84588416699326,73.8461759247959,5.999708242197357,24.893322240435943,,,,,,78.85989686957123,,,,98.06564742170866,,,,60,100,-60,,,,,,,,,,
1608422400,23848.5,24344,23084.5,23468.5,12492.88,20241.140361581,21964.086299013365,25629.689,0,-95,-99,79.97240462185553,78.28163506770444,1.690769554151089,22.440313001106365,78.28163506770444,,78.28163506770444,,,,,,,,,,,60,100,-60,,,,,,,,,106,,0,-95,-99,79.97240462185553,78.28163506770444,1.690769554151089,22.440313001106365,78.28163506770444,,78.28163506770444,,,,,,,,,,,60,100,-60,,,,,,,,,106,
1608508800,23468.5,24124.5,21959,22730.5,12557.5875,20467.445783255454,22134.400454788174,39471.713,0,-95,-99,74.64814239765929,78.15547706216937,-3.5073346645100827,20.74570443579667,,,,,,,,,,,,,,60,100,-60,,,108,,78.15547706216937,,105,,,,0,-95,-99,74.64814239765929,78.15547706216937,-3.5073346645100827,20.74570443579667,,,,,,,,,,,,,,60,100,-60,,,108,,78.15547706216937,,105,,,
1608595200,22730.5,23849,22379,23837,12628.66,20773.768893868593,22512.75590927969,22546.731,0,-95,-99,71.38347930559871,75.3346754417045,-3.951196136105793,23.103285703597912,,,,,,,,,,,,,,60,100,-60,,,,,,,,,,,0,-95,-99,71.38347930559871,75.3346754417045,-3.951196136105793,23.103285703597912,,,,,,,,,,,,,,60,100,-60,,,,,,,,,,
1608681600,23837,24192,22606,23230.5,12696.4925,20997.108085335083,22672.254596106428,34953.921,0,-95,-99,67.42159103197349,71.15107091174383,-3.729479879770338,20.554737575627637,,,,,,,,,,,,,,60,100,-60,,,,,,,,,,,0,-95,-99,67.42159103197349,71.15107091174383,-3.729479879770338,20.554737575627637,,,,,,,,,,,,,,60,100,-60,,,,,,,,,,
1608768000,23230.5,23778,22702.5,23724.5,12766.41,21245.052804850075,22906.086908082776,17130.56,0,-95,-99,63.56855194155003,67.45787409304074,-3.889322151490717,22.12051641861329,,,,,,,,,,,,,,60,100,-60,,,,,,,,,,,0,-95,-99,63.56855194155003,67.45787409304074,-3.889322151490717,22.12051641861329,,,,,,,,,,,,,,60,100,-60,,,,,,,,,,
1608854400,23724.5,24809,23460,24713.5,12841.095,21560.36618622734,23307.73426184216,22269.859,0,-95,-99,64.92578778185546,65.30531025179299,-0.3795224699375268,23.818861887830995,,,,,,,,,,,68.85065735388112,,,60,100,-60,,,,,,,,,,,0,-95,-99,64.92578778185546,65.30531025179299,-0.3795224699375268,23.818861887830995,,,,,,,,,,,68.85065735388112,,,60,100,-60,,,,,,,,,,
1608940800,24713.5,26919,24521,26522,12924.8575,22011.42380566122,24022.015536988347,24767.886,0,-95,-99,71.58855392147522,66.6942978816269,4.8942560398483295,23.700874273009767,,,,,,,,,,,,,,60,100,-60,,,,,66.6942978816269,,,,,,0,-95,-99,71.58855392147522,66.6942978816269,4.8942560398483295,23.700874273009767,,,,,,,,,,,,,,60,100,-60,,,,,66.6942978816269,,,,,
1609027200,26522,28468,25865,26266.5,13006.77,22398.248914237472,24520.789862102047,40152.156,0,-95,-99,76.30822066366723,70.94085412233262,5.367366541334604,24.432451212025033,,,,,,,,,,,,,,60,100,-60,,,,,,,,,,,0,-95,-99,76.30822066366723,70.94085412233262,5.367366541334604,24.432451212025033,,,,,,,,,,,,,,60,100,-60,,,,,,,,,,
1609113600,26266.5,27514,26101,27087.5,13095.83,22824.544467488613,25091.169892746035,18397.601,0,-95,-99,76.7274794324548,74.87475133919908,1.8527280932557204,25.197244569357203,,,,,,,,,,,,,,60,100,-60,,,,,,,,,,,0,-95,-99,76.7274794324548,74.87475133919908,1.8527280932557204,25.197244569357203,,,,,,,,,,,,,,60,100,-60,,,,,,,,,,
1609200000,27087.5,27427.5,25930,27401,13185.5225,23240.5858795351,25604.465472135806,20596.189,0,-95,-99,74.82105584368377,75.95225197993527,-1.1311961362515035,25.226162143008914,,,,,,,,,,,,,,60,100,-60,,,108,,75.95225197993527,,105,,,,0,-95,-99,74.82105584368377,75.95225197993527,-1.1311961362515035,25.226162143008914,,,,,,,,,,,,,,60,100,-60,,,108,,75.95225197993527,,105,,,
1609286400,27401,29034,27397,28907,13282.7075,23755.714435941,26338.362033883404,27187.184,0,-95,-99,76.98475613222706,76.17776380278853,0.806992329438529,26.68569058148556,,,,,,,,,,,,,,60,100,-60,,,,,76.17776380278853,,,,,,0,-95,-99,76.98475613222706,76.17776380278853,0.806992329438529,26.68569058148556,,,,,,,,,,,,,,60,100,-60,,,,,76.17776380278853,,,,,
1609372800,28907,29357,27841.5,28921.5,13380.615,24225.33130540091,26912.392693020425,26970.351,0,-95,-99,76.77278182439882,76.19286460010322,0.579917224295599,27.012640383031204,,,,,,,,,,,,,,60,100,-60,,,,,,,,,,,0,-95,-99,76.77278182439882,76.19286460010322,0.579917224295599,27.012640383031204,,,,,,,,,,,,,,60,100,-60,,,,,,,,,,
1609459200,28921.5,29673.5,28654,29325,13480.15,24688.937550364462,27448.527650127,19234.412,0,-95,-99,76.09805402334088,76.61853065998892,-0.5204766366480413,28.838154870156153,,,,,,,,,,,,,,60,100,-60,,,,,76.61853065998892,,105,,,,0,-95,-99,76.09805402334088,76.61853065998892,-0.5204766366480413,28.838154870156153,,,,,,,,,,,,,,60,100,-60,,,,,76.61853065998892,,105,,,
1609545600,29325,33450,28967.5,32230,13593.695,25374.488682149513,28511.077061209886,47478.703,0,-95,-99,80.13628217686451,77.66903934153474,2.4672428353297704,28.959308506763527,,,,,,,,,,,,,,60,100,-60,,,,,77.66903934153474,,,,,,0,-95,-99,80.13628217686451,77.66903934153474,2.4672428353297704,28.959308506763527,,,,,,,,,,,,,,60,100,-60,,,,,77.66903934153474,,,,,
1609632000,32230,34820,32016.5,32963,13711.2,26064.353347408647,29500.39326982991,46033.177,0,-95,-99,83.7513461967698,79.9952274656584,3.7561187311113997,29.202092223695157,,,,,,87.63401198587007,,,,100,,,,60,100,-60,,,,,,,,,,,0,-95,-99,83.7513461967698,79.9952274656584,3.7561187311113997,29.202092223695157,,,,,,87.63401198587007,,,,100,,,,60,100,-60,,,,,,,,,,
1609718400,32963,33616.5,27923,32024,13824.405,26606.139406735132,30061.194765423264,55935.783,0,-95,-99,77.96380595746092,80.61714477703174,-2.65333881957082,26.581635141374957,80.61714477703174,,80.61714477703174,,,,,,,,,,,60,100,-60,,,108,,80.61714477703174,,105,,,,0,-95,-99,77.96380595746092,80.61714477703174,-2.65333881957082,26.581635141374957,80.61714477703174,,80.61714477703174,,,,,,,,,,,60,100,-60,,,108,,80.61714477703174,,105,,,
1609804800,32024,34496.5,29905.5,34019.5,13947.97,27280.08127885012,30940.818150884763,39382.593,0,-95,-99,76.69557920047042,79.47024378490038,-2.7746645844299564,27.736057707827218,,,,,,,,,,,,,,60,100,-60,,,,,,,,,,,0,-95,-99,76.69557920047042,79.47024378490038,-2.7746645844299564,27.736057707827218,,,,,,,,,,,,,,60,100,-60,,,,,,,,,,
1609891200,34019.5,37027.5,33364.5,36775.5,14085.0925,28143.30116259102,32237.414117354816,35442.508,0,-95,-99,80.4056015219675,78.35499555996627,2.050605962001228,30.97164332270468,,,,,,,,,,,84.63719375898751,,,60,100,-60,,,,,78.35499555996627,,,,,,0,-95,-99,80.4056015219675,78.35499555996627,2.050605962001228,30.97164332270468,,,,,,,,,,,84.63719375898751,,,60,100,-60,,,,,78.35499555996627,,,,,
1609977600,36775.5,40560.5,36301,39513,14236.1825,29176.910147810016,33854.210980164855,42640.062,0,-95,-99,85.32003970387001,80.80707347543597,4.512966228434038,30.780289831829116,,,,,,,,,,,,,,60,100,-60,,,,,,,,,,,0,-95,-99,85.32003970387001,80.80707347543597,4.512966228434038,30.780289831829116,,,,,,,,,,,,,,60,100,-60,,,,,,,,,,
1610064000,39513,42100,36524.5,40641.5,14390.9725,30219.145588918196,35362.49742901711,42481.307,0,-95,-99,86.59971149092685,84.10845090558813,2.491260585338722,31.667529933120612,,,,,,89.69190517385702,,,,95.77706499076449,,,,60,100,-60,,,,,,,,,,,0,-95,-99,86.59971149092685,84.10845090558813,2.491260585338722,31.667529933120612,,,,,,89.69190517385702,,,,95.77706499076449,,,,60,100,-60,,,,,,,,,,
1610150400,40641.5,41475.5,38726.5,40074.5,14543.245,31115.086899016544,36409.60911145775,24237.91,0,-95,-99,85.04268327197013,85.65414482225567,-0.6114615502855401,31.340444448435555,85.65414482225567,,85.65414482225567,,,,,,,,,,,60,100,-60,,,,,85.65414482225567,,105,,,,0,-95,-99,85.04268327197013,85.65414482225567,-0.6114615502855401,31.340444448435555,85.65414482225567,,85.65414482225567,,,,,,,,,,,60,100,-60,,,,,85.65414482225567,,105,,,
1610236800,40074.5,41363.5,35333.5,38169.5,14687.5875,31756.39718092413,36800.69597557825,38921.917,0,-95,-99,78.35946035779094,83.33395170689597,-4.974491349105037,29.178713628849273,,,,,,,,,,,,,,60,100,-60,,,,,,,,,,,0,-95,-99,78.35946035779094,83.33395170689597,-4.974491349105037,29.178713628849273,,,,,,,,,,,,,,60,100,-60,,,,,,,,,,
1610323200,38169.5,38278,30427,35377.5,14818.25,32085.588346294662,36484.43020322753,102480.125,0,-95,-99,63.19439626799593,75.532179965919,-12.337783697923072,26.604657730293663,,,,,,,,,,,,,,60,100,-60,,,,,,,,,,,0,-95,-99,63.19439626799593,75.532179965919,-12.337783697923072,26.604657730293663,,,,,,,,,,,,,,60,100,-60,,,,,,,,,,
1610409600,35377.5,36672,32620,34079,14942.8275,32266.807587540603,35949.89015806586,41680.581,0,-95,-99,49.88060164360315,63.81148608979668,-13.93088444619353,25.637174498405535,,,,,,,,,,,,,,60,100,-60,,,,,,,,,,,0,-95,-99,49.88060164360315,63.81148608979668,-13.93088444619353,25.637174498405535,,,,,,,,,,,,,,60,100,-60,,,,,,,,,,
1610496000,34079,37854,32453.5,37417.5,15084.8525,32735.052352309638,36276.025678495665,28523.867,0,-95,-99,43.9082501857402,52.327749365779766,-8.419499180039566,28.245544436435146,,,,,,,,,,,10.473271533046512,,,60,100,-60,,,,,,,,,,,0,-95,-99,43.9082501857402,52.327749365779766,-8.419499180039566,28.245544436435146,,,,,,,,,,,10.473271533046512,,,60,100,-60,,,,,,,,,,
1610582400,37417.5,40076,36739,39167.5,15235.09,33319.82032028149,36918.57552771885,26054.385,0,-95,-99,48.130648545316745,47.3065001248867,0.824148420430042,30.348323692000413,,,,,,69.44622994726646,,,,,,,,60,100,-60,,,,,47.3065001248867,,,,,,0,-95,-99,48.130648545316745,47.3065001248867,0.824148420430042,30.348323692000413,,,,,,69.44622994726646,,,,,,,,60,100,-60,,,,,47.3065001248867,,,,,
1610668800,39167.5,39763,34512.5,36716.5,15372.7325,33628.609382074086,36873.66985489244,29517.886,0,-95,-99,44.1724629799563,45.40378723700442,-1.2313242570481222,27.285168720297442,,,,,,,,,,17.140788112443612,,,,60,100,-60,,,108,,45.40378723700442,,,,,,0,-95,-99,44.1724629799563,45.40378723700442,-1.2313242570481222,27.285168720297442,,,,,,,,,,17.140788112443612,,,,60,100,-60,,,108,,45.40378723700442,,,,,
1610755200,36716.5,37992.5,35380,35995.5,15507.0325,33843.781256430986,36678.520998249674,22611.161,0,-95,-99,38.05095047192894,43.45135399906733,-5.400403527138387,24.785423723496244,,,,,,,,,,,,,,60,100,-60,,,,,,,,,,,0,-95,-99,38.05095047192894,43.45135399906733,-5.400403527138387,24.785423723496244,,,,,,,,,,,,,,60,100,-60,,,,,,,,,,
1610841600,35995.5,36841.5,33847.5,35871.5,15640.2375,34028.11932402817,36499.18299863864,25196.683,0,-95,-99,27.460392279254826,36.5612685770467,-9.10087629779187,24.426416112515497,,,,,,,,,,,,,,60,100,-60,,,,,,,,,,,0,-95,-99,27.460392279254826,36.5612685770467,-9.10087629779187,24.426416112515497,,,,,,,,,,,,,,60,100,-60,,,,,,,,,,
1610928000,35871.5,37489,34802,36662,15778.1175,34267.563021843795,36535.364554496715,17624.22,0,-95,-99,24.17888962154616,29.896744124243316,-5.717854502697158,25.130651784268384,,,,,,60.694237788297265,,,,,,,,60,100,-60,,,,,,,,,,,0,-95,-99,24.17888962154616,29.896744124243316,-5.717854502697158,25.130651784268384,,,,,,60.694237788297265,,,,,,,,60,100,-60,,,,,,,,,,
1611014400,36662,37920,35857,35891.5,15912.265,34415.19365622163,36392.283542386336,14428.404,0,-95,-99,23.323437528945536,24.98757314324885,-1.6641356143033121,22.171279611295194,,,,,,,,,,,,,,60,100,-60,,,,,,,,,,,0,-95,-99,23.323437528945536,24.98757314324885,-1.6641356143033121,22.171279611295194,,,,,,,,,,,,,,60,100,-60,,,,,,,,,,
1611100800,35891.5,36418,33370,35474,16043.955,34511.448778383296,36188.22053296715,22964.047,0,-95,-99,9.794401133289961,19.09890942792723,-9.304508294637268,21.63712415584216,,,,,,,,,,,,,,60,100,-60,,,,,,,,,,,0,-95,-99,9.794401133289961,19.09890942792723,-9.304508294637268,21.63712415584216,,,,,,,,,,,,,,60,100,-60,,,,,,,,,,
1611187200,35474,35576.5,30130,30911.5,16153.1425,34184.18070762118,35015.61597008556,46278.641,0,-95,-99,-14.177523413678335,6.31343841618573,-20.490961829864066,20.2006059326332,,,,,,,,,,,0.6393180425204497,,,60,100,-60,,,,,,,,,,,0,-95,-99,-14.177523413678335,6.31343841618573,-20.490961829864066,20.2006059326332,,,,,,,,,,,0.6393180425204497,,,60,100,-60,,,,,,,,,,
1611273600,30911.5,33777,28913.5,32969.5,16271.295,34073.75518874652,34560.92353228877,32191.36,0,-95,-99,-28.71402421020992,-11.032382163532766,-17.681642046677155,21.4627021338947,,,,,,,,,,,,,,60,100,-60,,,,,,,,,,,0,-95,-99,-28.71402421020992,-11.032382163532766,-17.681642046677155,21.4627021338947,,,,,,,,,,,,,,60,100,-60,,,,,,,,,,
1611360000,32969.5,33445,31395,32099.5,16385.5475,33894.27744431502,34013.94052511349,18594.629,0,-95,-99,-35.3473951114673,-26.07964757845185,-9.267747533015449,18.91986795323894,,,,,,,,,,,,,,60,100,-60,,,,,,,,,,,0,-95,-99,-35.3473951114673,-26.07964757845185,-9.267747533015449,18.91986795323894,,,,,,,,,,,,,,60,100,-60,,,,,,,,,,
1611446400,32099.5,33065,30939.5,32224.5,16499.525,33742.47949483184,33616.28707508827,18424.263,0,-95,-99,-39.94905878540193,-34.670159369026386,-5.278899416375545,20.107020198587758,,,,,,,,,,,,,,60,100,-60,,,,,,,,,,,0,-95,-99,-39.94905878540193,-34.670159369026386,-5.278899416375545,20.107020198587758,,,,,,,,,,,,,,60,100,-60,,,,,,,,,,
1611532800,32224.5,34820,31949,32284.5,16614.78,33609.93590439258,33320.33439173532,25401.502,0,-95,-99,-37.78205020799412,-37.692834701621116,-0.08921550637300157,21.61415471141554,,,,,,,,,,,,,,60,100,-60,,,,,,,,,,,0,-95,-99,-37.78205020799412,-37.692834701621116,-0.08921550637300157,21.61415471141554,,,,,,,,,,,,,,60,100,-60,,,,,,,,,,
1611619200,32284.5,32895,30841,32471,16730.745,33506.39627672053,33131.59341579414,29124.146,0,-95,-99,-40.7760881614685,-39.502399051621516,-1.273689109846984,21.895986310095644,,,,,,,,,,,,,,60,100,-60,,,,,,,,,,,0,-95,-99,-40.7760881614685,-39.502399051621516,-1.273689109846984,21.895986310095644,,,,,,,,,,,,,,60,100,-60,,,,,,,,,,
1611705600,32471,32529,29273,30375,16836.465,33221.72388792776,32519.017101173216,43556.661,0,-95,-99,-48.130408022093185,-42.22951546385193,-5.900892558241253,18.816357656448865,,,,,,,,,,,12.21653049198915,,,60,100,-60,,,,,,,,,,,0,-95,-99,-48.130408022093185,-42.22951546385193,-5.900892558241253,18.816357656448865,,,,,,,,,,,12.21653049198915,,,60,100,-60,,,,,,,,,,
1611792000,30375,33733,29846.5,33359,16956.785,33234.20353447978,32705.67996757917,33807.181,0,-95,-99,-43.605671451183014,-44.170722544914895,0.5650510937318813,19.29793427179119,,,,-44.170722544914895,,,,,,,,,,60,100,-60,,-108,,,-44.170722544914895,,,,,,0,-95,-99,-43.605671451183014,-44.170722544914895,0.5650510937318813,19.29793427179119,,,,-44.170722544914895,,,,,,,,,,60,100,-60,,-108,,,-44.170722544914895,,,,,
1611878400,33359,38632,32012,34222,17081.71,33324.003213163436,33042.6399747838,84262.848,0,-95,-99,-23.631418207515118,-38.455832560263765,14.824414352748647,17.435716151457562,,,,,,,,,,,,,,60,100,-60,,,,,,,,,,,0,-95,-99,-23.631418207515118,-38.455832560263765,14.824414352748647,17.435716151457562,,,,,,,,,,,,,,60,100,-60,,,,,,,,,,
1611964800,34222,34911.5,32826.5,34307.5,17207,33413.41201196676,33323.7199803874,27075.192,0,-95,-99,-14.292872508134623,-27.17665405561092,12.883781547476298,18.805394298576473,,,,,,,,,,,,,,60,100,-60,,,,,,,,,,,0,-95,-99,-14.292872508134623,-27.17665405561092,12.883781547476298,18.805394298576473,,,,,,,,,,,,,,60,100,-60,,,,,,,,,,
1612051200,34307.5,34379.5,32232.5,33128,17326.6575,33387.46546542433,33280.22665141243,24735.947,0,-95,-99,-12.605834533672585,-16.84337508310744,4.237540549434854,16.32771724759441,,,,,,,,,,,,,,60,100,-60,,,,,,,,,,,0,-95,-99,-12.605834533672585,-16.84337508310744,4.237540549434854,16.32771724759441,,,,,,,,,,,,,,60,100,-60,,,,,,,,,,
1612137600,33128,34680.5,32344.5,33556,17448.78,33402.78678674939,33341.50961776522,22624.341,0,-95,-99,-8.46888940159064,-11.789198814465948,3.3203094128753072,16.05491841860634,,,,,,,,,,,,,,60,100,-60,,,,,,,,,,,0,-95,-99,-8.46888940159064,-11.789198814465948,3.3203094128753072,16.05491841860634,,,,,,,,,,,,,,60,100,-60,,,,,,,,,,
1612224000,33556,36023.5,33461.5,35506.5,17580.5325,33594.03344249944,33822.61859159517,20788.251,0,-95,-99,7.126734475118813,-4.649329820048132,11.776064295166945,19.976891005038315,,,,,,,,,,,,,,60,100,-60,,,,,,,,,,,0,-95,-99,7.126734475118813,-4.649329820048132,11.776064295166945,19.976891005038315,,,,,,,,,,,,,,60,100,-60,,,,,,,,,,
1612310400,35506.5,37641,35420,37602.5,17722.7025,33958.439493181315,34662.59223790735,21445.957,0,-95,-99,26.733656850049904,8.46383397452603,18.26982287552387,20.562716189515704,,,,,,,,,,,,,,60,100,-60,,,,,,,,,,,0,-95,-99,26.733656850049904,8.46383397452603,18.26982287552387,20.562716189515704,,,,,,,,,,,,,,60,100,-60,,,,,,,,,,
1612396800,37602.5,38779.5,36233,36986,17861.6175,34233.67226652847,35178.90507392794,26720.473,0,-95,-99,39.10225036545153,24.320880563540086,14.781369801911445,18.96858481093508,,,,,,,,,,,,,,60,100,-60,,,,,,,,,,,0,-95,-99,39.10225036545153,24.320880563540086,14.781369801911445,18.96858481093508,,,,,,,,,,,,,,60,100,-60,,,,,,,,,,
1612483200,36986,38356,36615,38291,18007.3025,34602.52024229861,35870.48172416617,18578.235,0,-95,-99,47.14001043910736,37.658639218202936,9.481371220904421,21.77142941230234,,,,,,,,,,,,,,60,100,-60,,,,,,,,,,,0,-95,-99,47.14001043910736,37.658639218202936,9.481371220904421,21.77142941230234,,,,,,,,,,,,,,60,100,-60,,,,,,,,,,
1612569600,38288,40950,38224.5,39319,18156.9975,35031.29112936238,36636.81911879591,27798.382,0,-95,-99,56.632648502721125,47.62496976909335,9.007678733627777,24.61264652655586,,,,,,,,,,,,,,60,100,-60,,,,,,,,,,,0,-95,-99,56.632648502721125,47.62496976909335,9.007678733627777,24.61264652655586,,,,,,,,,,,,,,60,100,-60,,,,,,,,,,
1612656000,39319,39727,37439.5,38825.5,18303.5475,35376.219208511255,37123.192647952375,32698.832,0,-95,-99,57.901226404231515,53.89129511535334,4.009931288878178,23.518594885125918,,,,,,,,,,,,,,60,100,-60,,,,,,,,,,,0,-95,-99,57.901226404231515,53.89129511535334,4.009931288878178,23.518594885125918,,,,,,,,,,,,,,60,100,-60,,,,,,,,,,
1612742400,38825.5,46990,38061,46400,18487.5725,36378.3810986466,39184.70539285185,58144.89,0,-95,-99,70.50412505595334,61.67933332096866,8.824791734984679,26.839353088732143,,,,,,,,,,,,,,60,100,-60,,,,,,,,,,,0,-95,-99,70.50412505595334,61.67933332096866,8.824791734984679,26.839353088732143,,,,,,,,,,,,,,60,100,-60,,,,,,,,,,
1612828800,46400,48223,45056.5,46448,18672.1375,37293.800998769635,40798.770861107,39824.062,0,-95,-99,79.37259476114615,69.25931540711034,10.11327935403581,27.627600451275104,,,,,,75.24492068363449,,,,97.33544152686223,,,,60,100,-60,,,,,,,,,,,0,-95,-99,79.37259476114615,69.25931540711034,10.11327935403581,27.627600451275104,,,,,,75.24492068363449,,,,97.33544152686223,,,,60,100,-60,,,,,,,,,,
1612915200,46448,47444,43800,44826.5,18847.81,37978.5918170633,41693.821780861,32650.26,0,-95,-99,79.4373779861066,76.4380326010687,2.9993453850378984,24.458659702829372,,,,,,,,,,,,,,60,100,-60,,,,,,,,,,,0,-95,-99,79.4373779861066,76.4380326010687,2.9993453850378984,24.458659702829372,,,,,,,,,,,,,,60,100,-60,,,,,,,,,,
1613001600,44826.5,48758,44042.5,48018,19038.2875,38891.26528823937,43099.19471844744,28957.297,0,-95,-99,79.80816371284321,79.53937882003198,0.268784892811226,24.77430095753515,79.53937882003198,,79.53937882003198,,,,,,,,,,,60,100,-60,,,,,,,,,106,,0,-95,-99,79.80816371284321,79.53937882003198,0.268784892811226,24.77430095753515,79.53937882003198,,79.53937882003198,,,,,,,,,,,60,100,-60,,,,,,,,,106,
1613088000,48018,49179.5,46174.5,47320,19219.7225,39657.513898399426,44037.151447681346,22482.638,0,-95,-99,78.66214880598244,79.30256350164409,-0.6404146956616472,23.44473676673867,,,,,,,,,,,,,,60,100,-60,,,,,79.30256350164409,,105,,,,0,-95,-99,78.66214880598244,79.30256350164409,-0.6404146956616472,23.44473676673867,,,,,,,,,,,,,,60,100,-60,,,,,79.30256350164409,,105,,,
1613174400,47320,48206.5,46300,47191.5,19401.1325,40342.42172581766,44738.117792641046,15766.331,0,-95,-99,75.13387934725895,77.86806395536154,-2.7341846081025807,22.622825184353058,,,,,,,,,,,,,,60,100,-60,,,,,,,,,,,0,-95,-99,75.13387934725895,77.86806395536154,-2.7341846081025807,22.622825184353058,,,,,,,,,,,,,,60,100,-60,,,,,,,,,,
1613260800,47191.5,49834,47100,48700.5,19589.1025,41102.2470234706,45618.647172054145,18959.501,0,-95,-99,73.35817429673361,75.718067483325,-2.3598931865913926,21.903188359150654,,,,,,73.11289090725927,,,,,,,,60,100,-60,,,,,,,,,,,0,-95,-99,73.35817429673361,75.718067483325,-2.3598931865913926,21.903188359150654,,,,,,73.11289090725927,,,,,,,,60,100,-60,,,,,,,,,,
1613347200,48689.5,49103,45712.5,47962.5,19773.405,41725.90638497327,46139.503356042114,20595.687,0,-95,-99,68.38774391522982,72.29326585307412,-3.9055219378442985,20.00621022862836,,,,,,,,,,,,,,60,100,-60,,,,,,,,,,,0,-95,-99,68.38774391522982,72.29326585307412,-3.9055219378442985,20.00621022862836,,,,,,,,,,,,,,60,100,-60,,,,,,,,,,
1613433600,47962.5,50844.5,47140.5,49176.5,19962.5925,42403.23307724843,46814.391499143865,26332.75,0,-95,-99,66.68961413632523,69.47851078276288,-2.7888966464376495,19.982525108037056,,,,,,,,,,,85.57612710773999,,,60,100,-60,,,,,,,,,,,0,-95,-99,66.68961413632523,69.47851078276288,-2.7888966464376495,19.982525108037056,,,,,,,,,,,85.57612710773999,,,60,100,-60,,,,,,,,,,
1613520000,49174,52690,49014.5,52180.5,20164.4325,43292.075524771295,48006.86005488967,23490.547,0,-95,-99,68.45800159868661,67.84511988341389,0.6128817152727208,20.818394068351665,,,,,,,,,,,,,,60,100,-60,,,,,67.84511988341389,,,,,,0,-95,-99,68.45800159868661,67.84511988341389,0.6128817152727208,20.818394068351665,,,,,,,,,,,,,,60,100,-60,,,,,67.84511988341389,,,,,
1613606400,52180.5,52589.5,51043.5,51578,20366.9575,44045.34138615572,48800.446709358635,13193.523,0,-95,-99,68.50507694281079,67.88423089260755,0.6208460502032409,20.598373148429747,,,,,,,,,,,,,,60,100,-60,,,,,,,,,,,0,-95,-99,68.50507694281079,67.88423089260755,0.6208460502032409,20.598373148429747,,,,,,,,,,,,,,60,100,-60,,,,,,,,,,
1613692800,51570,56543.5,50832.5,55933,20590.4925,45126.03762377793,50385.458551723386,26562.674,0,-95,-99,71.53855252440304,69.5005436886335,2.0380088357695456,23.360281076358778,,,,,,,,,,,,,,60,100,-60,,,,,,,,,,,0,-95,-99,71.53855252440304,69.5005436886335,2.0380088357695456,23.360281076358778,,,,,,,,,,,,,,60,100,-60,,,,,,,,,,
1613779200,55933,57667,54077,55895,20813.9875,46105.03420343448,51609.80109578485,22960.888,0,-95,-99,73.54955678213082,71.19772874978156,2.3518280323492604,21.45201595972717,,,,,,,,,,,,,,60,100,-60,,,,,,,,,,,0,-95,-99,73.54955678213082,71.19772874978156,2.3518280323492604,21.45201595972717,,,,,,,,,,,,,,60,100,-60,,,,,,,,,,
1613865600,55890.5,58399,55539.5,57459,21042.56,47137.21291221317,52909.62307449933,17302.793,0,-95,-99,74.51744705114848,73.20185211922745,1.3155949319210265,23.77934356971374,73.20185211922745,,73.20185211922745,,,80.14910357125609,,,,98.15794229452473,,,,60,100,-60,,,,,,,,,106,,0,-95,-99,74.51744705114848,73.20185211922745,1.3155949319210265,23.77934356971374,73.20185211922745,,73.20185211922745,,,80.14910357125609,,,,98.15794229452473,,,,60,100,-60,,,,,,,,,106,
1613952000,57459,57556,48000,54041,21253.945,47764.829920193784,53161.040169055035,45584.25,0,-95,-99,65.82171390832461,71.29623924720131,-5.474525338876703,21.7368378596553,,,,,,,,,,,,,,60,100,-60,,,108,,71.29623924720131,,105,,,,0,-95,-99,65.82171390832461,71.29623924720131,-5.474525338876703,21.7368378596553,,,,,,,,,,,,,,60,100,-60,,,108,,71.29623924720131,,105,,,
1614038400,54041,54125,44949,48882.5,21440.38,47866.43629108526,52210.253464820584,66686.754,0,-95,-99,48.66590175712639,63.00168757219984,-14.33578581507345,18.498566069159192,,,,,,,,,,,,,,60,100,-60,,,,,,,,,,,0,-95,-99,48.66590175712639,63.00168757219984,-14.33578581507345,18.498566069159192,,,,,,,,,,,,,,60,100,-60,,,,,,,,,,
1614124800,48882.5,51382,47010,49729.5,21630.195,48035.80571916841,51658.974917082676,28276.349,0,-95,-99,35.126272406130305,49.87129602386045,-14.745023617730148,17.09747282814636,,,,,,,,,,,,,,60,100,-60,,,,,,,,,,,0,-95,-99,35.126272406130305,49.87129602386045,-14.745023617730148,17.09747282814636,,,,,,,,,,,,,,60,100,-60,,,,,,,,,,
1614211200,49729.5,52034.5,46750,47133,21807.4275,47953.732471971285,50653.202713286526,30692.064,0,-95,-99,22.423381292939936,35.40518515206556,-12.981803859125627,16.114506248502728,,,,,,,,,,,,,,60,100,-60,,,,,,,,,,,0,-95,-99,22.423381292939936,35.40518515206556,-12.981803859125627,16.114506248502728,,,,,,,,,,,,,,60,100,-60,,,,,,,,,,
1614297600,47133,48423,44150,46323.5,21979.59,47805.5295199739,49691.04655477841,37036.01,0,-95,-99,6.958407288353648,21.502686995807988,-14.54427970745434,14.188309705718321,,,,,,,,,,,,,,60,100,-60,,,,,,,,,,,0,-95,-99,6.958407288353648,21.502686995807988,-14.54427970745434,14.188309705718321,,,,,,,,,,,,,,60,100,-60,,,,,,,,,,
1614384000,46323.5,48373.5,45000,46137,22153.305,47653.84501815809,48901.25843149432,19763.77,0,-95,-99,-3.38029089631989,8.667165894991252,-12.047456791311141,13.52672784394732,,,,,,,,,,,,,,60,100,-60,,,,,,,,,,,0,-95,-99,-3.38029089631989,8.667165894991252,-12.047456791311141,13.52672784394732,,,,,,,,,,,,,,60,100,-60,,,,,,,,,,
1614470400,46137,46666,43080,45156,22321.25,47426.76819832554,48068.97878005114,31830.156,0,-95,-99,-14.265931493340696,-3.5626050337689588,-10.703326459571738,10.542879282668668,,,,,,,,,,,0.3471204302821713,,,60,100,-60,,,,,,,,,,,0,-95,-99,-14.265931493340696,-3.5626050337689588,-10.703326459571738,10.542879282668668,,,,,,,,,,,0.3471204302821713,,,60,100,-60,,,,,,,,,,
1614556800,45156,49775,44983,49603,22510.32,47624.607453023214,48409.87238448422,26556.299,0,-95,-99,-12.6963955700091,-10.114205986556541,-2.582189583452559,12.838972305021441,,,,,,,,,,,,,,60,100,-60,,,,,,,,,,,0,-95,-99,-12.6963955700091,-10.114205986556541,-2.582189583452559,12.838972305021441,,,,,,,,,,,,,,60,100,-60,,,,,,,,,,
1614643200,49603,50206,47095,48466.5,22693.8075,47701.14313911201,48422.45629904328,24839.167,0,-95,-99,-9.425192996065384,-12.129173353138372,2.7039803570729877,10.936225143397,,,,,,,,,,,,,,60,100,-60,,-108,,,-12.129173353138372,,,,,,0,-95,-99,-9.425192996065384,-12.129173353138372,2.7039803570729877,10.936225143397,,,,,,,,,,,,,,60,100,-60,,-108,,,-12.129173353138372,,,,,
1614729600,48466.5,52622,48150.5,50400,22886.4875,47946.4937628291,48861.91045481144,26395.101,0,-95,-99,0.7917744553939912,-7.109938036893477,7.901712492287468,10.397048599930509,,,,,,,,,,,,,,60,100,-60,,,,,,,,,,,0,-95,-99,0.7917744553939912,-7.109938036893477,7.901712492287468,10.397048599930509,,,,,,,,,,,,,,60,100,-60,,,,,,,,,,
1614816000,50384,51800,47544.5,48396,23068.895,47987.35796620827,48758.374798186676,30428.99,0,-95,-99,3.2130219704272975,-1.8067988567480107,5.019820827175308,8.575501009015055,,,,,,,,,,,,,,60,100,-60,,,,,,,,,,,0,-95,-99,3.2130219704272975,-1.8067988567480107,5.019820827175308,8.575501009015055,,,,,,,,,,,,,,60,100,-60,,,,,,,,,,
1614902400,48396,49463,46411,48774.5,23251.2825,48058.91633291661,48761.958176367414,27302.28,0,-95,-99,-0.9715979188210047,1.0110661690001164,-1.982664087821121,9.297855889974821,,,,,,,,,,,,,,60,100,-60,,,108,,1.0110661690001164,,,,,,0,-95,-99,-0.9715979188210047,1.0110661690001164,-1.982664087821121,9.297855889974821,,,,,,,,,,,,,,60,100,-60,,,108,,1.0110661690001164,,,,,
1614988800,48774.5,49177,47170,48874,23435.9025,48133.01484810601,48786.85635939688,17314.372,0,-95,-99,-3.014221093695652,-0.25759901402976465,-2.7566220796658873,8.335160197475352,,,,,,,,,,,20.46199056978705,,,60,100,-60,,,,,,,,,,,0,-95,-99,-3.014221093695652,-0.25759901402976465,-2.7566220796658873,8.335160197475352,,,,,,,,,,,20.46199056978705,,,60,100,-60,,,,,,,,,,
1615075200,48874,51465.5,48874,50979.5,23632.005,48391.78622555092,49274.11050175313,21539.019,0,-95,-99,9.443391730828576,1.819190906103995,7.624200824724581,8.485347876603791,,,,,,,,,,,,,,60,100,-60,,,,,1.819190906103995,,,,,,0,-95,-99,9.443391730828576,1.819190906103995,7.624200824724581,8.485347876603791,,,,,,,,,,,,,,60,100,-60,,,,,1.819190906103995,,,,,
1615161600,50979.5,52370,49385,52340,23834.42,48750.71475050083,49955.41927914132,23511.26,0,-95,-99,22.26198206948525,9.563717568872747,12.698264500612503,8.018092448152698,,,,,,,,,,,,,,60,100,-60,,,,,,,,,,,0,-95,-99,22.26198206948525,9.563717568872747,12.698264500612503,8.018092448152698,,,,,,,,,,,,,,60,100,-60,,,,,,,,,,
1615248000,52340,54933,51856.5,54924.5,24051.375,49311.96795500076,51059.65943933214,23036.859,0,-95,-99,39.11343238961601,23.606268729976634,15.507163659639374,9.612279045231643,,,,,,,,,,,,,,60,100,-60,,,,,,,,,,,0,-95,-99,39.11343238961601,23.606268729976634,15.507163659639374,9.612279045231643,,,,,,,,,,,,,,60,100,-60,,,,,,,,,,
1615334400,54924.5,57425,53160,55931,24272.6875,49913.69814090978,52142.179563925,37056.992,0,-95,-99,51.80414560787396,37.7265200223251,14.077625585548866,10.717897650227938,,,,,,,,,,,,,,60,100,-60,,,,,,,,,,,0,-95,-99,51.80414560787396,37.7265200223251,14.077625585548866,10.717897650227938,,,,,,,,,,,,,,60,100,-60,,,,,,,,,,
1615420800,55931,58188,54455,57810,24503.4375,50631.54376446344,53401.695216386106,30780.667,0,-95,-99,60.496548952584156,50.47137565002473,10.025173302559423,12.766069928403091,,,,,,,,,,,,,,60,100,-60,,,,,,,,,,,0,-95,-99,60.496548952584156,50.47137565002473,10.025173302559423,12.766069928403091,,,,,,,,,,,,,,60,100,-60,,,,,,,,,,
1615507200,57810,58100,55157,57238,24730.7975,51232.13069496676,54254.207390522526,25726.15,0,-95,-99,63.796110710173515,58.69893509021057,5.097175619962947,13.169229904258183,,,,,,,,,,98.29600636846912,,,,60,100,-60,,,,,,,,,,,0,-95,-99,63.796110710173515,58.69893509021057,5.097175619962947,13.169229904258183,,,,,,,,,,98.29600636846912,,,,60,100,-60,,,,,,,,,,
1615593600,57238,61939.5,56157.5,61310,24980.7225,52148.30063178797,55822.16130373974,25971.33,0,-95,-99,70.03231240177001,64.77499068817589,5.2573217135941235,15.731013943672465,,,,,,72.68040027879735,,,,,,,,60,100,-60,,,,,,,,,,,0,-95,-99,70.03231240177001,64.77499068817589,5.2573217135941235,15.731013943672465,,,,,,72.68040027879735,,,,,,,,60,100,-60,,,,,,,,,,
1615680000,61310.5,61775.5,59055,59068,25218.7575,52777.36421071634,56543.45879179757,19793.43,0,-95,-99,71.77612910930007,68.53485074041454,3.2412783688855313,12.124812679285467,,,,,,,,,,,,,,60,100,-60,,,,,,,,,,,0,-95,-99,71.77612910930007,68.53485074041454,3.2412783688855313,12.124812679285467,,,,,,,,,,,,,,60,100,-60,,,,,,,,,,
1615766400,59068,60704,54707.5,55607.5,25440.1475,53034.6492824694,56335.46794917589,34942.253,0,-95,-99,64.29009378873785,68.69951176660264,-4.409417977864791,9.37103825823109,68.69951176660264,,68.69951176660264,,,,,,,,,,,60,100,-60,,,108,,68.69951176660264,,105,,106,,0,-95,-99,64.29009378873785,68.69951176660264,-4.409417977864791,9.37103825823109,68.69951176660264,,68.69951176660264,,,,,,,,,,,60,100,-60,,,108,,68.69951176660264,,105,,106,
1615852800,55620,56938,53376,56937.5,25667.225,53389.453893154,56469.25284935902,27190.014,0,-95,-99,53.67369471167991,63.246639203239276,-9.572944491559369,11.462761154224365,,,,,,,,,,,,,,60,100,-60,,,,,,,,,,,0,-95,-99,53.67369471167991,63.246639203239276,-9.572944491559369,11.462761154224365,,,,,,,,,,,,,,60,100,-60,,,,,,,,,,
1615939200,56938,58940,54209,58883,25904.28,53888.86717559455,57005.64110505702,30304.34,0,-95,-99,50.776782545964636,56.2468570154608,-5.470074469496161,13.180508699429108,,,,,,62.77752560672327,,,,,,,,60,100,-60,,,,,,,,,,,0,-95,-99,50.776782545964636,56.2468570154608,-5.470074469496161,13.180508699429108,,,,,,62.77752560672327,,,,,,,,60,100,-60,,,,,,,,,,
1616025600,58883,60206,57112,57686,26134.16,54234.061068722316,57156.8319705999,27034.907,0,-95,-99,51.35508553722376,51.93518759828944,-0.5801020610656806,12.316854543455017,,,,,,,,,,,,,,60,100,-60,,,,,,,,,,,0,-95,-99,51.35508553722376,51.93518759828944,-0.5801020610656806,12.316854543455017,,,,,,,,,,,,,,60,100,-60,,,,,,,,,,
1616112000,57686,59477,56366,58120.5,26366.4575,54587.37369883847,57370.980421577704,22316.632,0,-95,-99,49.36483920564318,50.49890242961053,-1.1340632239673525,11.930533127568415,,,,,,,,,,,,,,60,100,-60,,,,,,,,,,,0,-95,-99,49.36483920564318,50.49890242961053,-1.1340632239673525,11.930533127568415,,,,,,,,,,,,,,60,100,-60,,,,,,,,,,
1616198400,58120.5,59900,57882.5,58184,26597.74,54914.33972621679,57551.65143900488,18698.434,0,-95,-99,49.821163434733386,50.18036272586678,-0.3591992911333932,12.942932660016258,,,,,,60.67556536396652,,,,,,,,60,100,-60,,,,,,,,,,,0,-95,-99,49.821163434733386,50.18036272586678,-0.3591992911333932,12.942932660016258,,,,,,60.67556536396652,,,,,,,,60,100,-60,,,,,,,,,,
1616284800,58184,58629.5,55511.5,57351,26827.5525,55135.85429656072,57507.062230337135,20332.437,0,-95,-99,41.64462718852348,46.943543276300026,-5.298916087776547,12.617474236822849,,,,,,,,,,,,,,60,100,-60,,,,,,,,,,,0,-95,-99,41.64462718852348,46.943543276300026,-5.298916087776547,12.617474236822849,,,,,,,,,,,,,,60,100,-60,,,,,,,,,,
1616371200,57351,58402.5,53700,54111,27047.38,55042.68572414611,56752.38173470666,23758.874,0,-95,-99,24.85419114157653,38.77332725494447,-13.91913611336794,12.989221028252485,,,,,,,,,,,,,,60,100,-60,,,,,,,,,,,0,-95,-99,24.85419114157653,38.77332725494447,-13.91913611336794,12.989221028252485,,,,,,,,,,,,,,60,100,-60,,,,,,,,,,
1616457600,54111,55833,53029.5,54417,27267.2225,54985.80520376919,56233.40801588295,20895.323,0,-95,-99,8.086329894730785,24.861716074943605,-16.77538618021282,12.204214094993786,,,,,,,,,,,,,,60,100,-60,,,,,,,,,,,0,-95,-99,8.086329894730785,24.861716074943605,-16.77538618021282,12.204214094993786,,,,,,,,,,,,,,60,100,-60,,,,,,,,,,
1616544000,54416,57150,51707,52322,27478.0275,54743.641094335624,55364.20623457563,28332.45,0,-95,-99,-6.250245340861765,8.896758565148522,-15.147003906010287,12.303403924849087,,,,,,,,,,,,,,60,100,-60,,,,,,,,,,,0,-95,-99,-6.250245340861765,8.896758565148522,-15.147003906010287,12.303403924849087,,,,,,,,,,,,,,60,100,-60,,,,,,,,,,
1616630400,52333,53261,50504,51370,27683.6,54436.94644939602,54476.604849114374,30853.833,0,-95,-99,-22.325436155388587,-6.82978386717319,-15.495652288215396,11.283147921589023,,,,,,,,,,,1.318347083950488,,,60,100,-60,,,,,,,,,,,0,-95,-99,-22.325436155388587,-6.82978386717319,-15.495652288215396,11.283147921589023,,,,,,,,,,,1.318347083950488,,,60,100,-60,,,,,,,,,,
1616716800,51370,55042.5,51294.5,55000,27906.71,54488.13313581456,54592.914882644516,19579.534,0,-95,-99,-24.57946744237176,-17.718382979540706,-6.861084462831055,13.652192673007825,,,,,,,,,,,,,,60,100,-60,,,,,,,,,,,0,-95,-99,-24.57946744237176,-17.718382979540706,-6.861084462831055,13.652192673007825,,,,,,,,,,,,,,60,100,-60,,,,,,,,,,
1616803200,55000,56665.5,54018.5,55859.5,28135.3975,54612.80285074051,54874.378242056846,19605.915,0,-95,-99,-16.88496081364876,-21.263288137136374,4.378327323487614,14.236964607136922,,,,,,,,,,,,,,60,100,-60,,-108,,,-21.263288137136374,,,,,,0,-95,-99,-16.88496081364876,-21.263288137136374,4.378327323487614,14.236964607136922,,,,,,,,,,,,,,60,100,-60,,-108,,,-21.263288137136374,,,,,
1616889600,55859.5,56511,54741.5,55760,28363.1,54717.09350067319,55071.18307715532,16584.267,0,-95,-99,-9.77689906949114,-17.080442441837224,7.303543372346084,15.705724782452624,,,,,,,,,,,,,,60,100,-60,,,,,,,,,,,0,-95,-99,-9.77689906949114,-17.080442441837224,7.303543372346084,15.705724782452624,,,,,,,,,,,,,,60,100,-60,,,,,,,,,,
1616976000,55760,58450,55006,57709.5,28599.9525,54989.13045515744,55657.47572667636,21621.269,0,-95,-99,3.2915931052967213,-7.790088925947731,11.081682031244451,15.201402244775299,,,,,,,,,,,,,,60,100,-60,,,,,,,,,,,0,-95,-99,3.2915931052967213,-7.790088925947731,11.081682031244451,15.201402244775299,,,,,,,,,,,,,,60,100,-60,,,,,,,,,,
1617062400,57709.5,59442,57201,58742,28841.7275,55330.30041377949,56342.92556519272,15999.963,0,-95,-99,18.08963480993096,3.8681096152455097,14.22152519468545,16.02732544074818,,,,,,,,,,,,,,60,100,-60,,,,,,,,,,,0,-95,-99,18.08963480993096,3.8681096152455097,14.22152519468545,16.02732544074818,,,,,,,,,,,,,,60,100,-60,,,,,,,,,,
1617148800,58742,59855,57000,58859.5,29083.8675,55651.13673979954,56902.16432848323,23612.752,0,-95,-99,27.505454325669767,16.295560746965812,11.209893578703955,16.027697122387107,,,,,,,,,,,,,,60,100,-60,,,,,,,,,,,0,-95,-99,27.505454325669767,16.295560746965812,11.209893578703955,16.027697122387107,,,,,,,,,,,,,,60,100,-60,,,,,,,,,,
1617235200,58859.5,59496,58044,58753,29326.0325,55933.12430890867,57313.46114437585,14148.848,0,-95,-99,33.88077254218558,26.491953892595433,7.388818649590149,17.217757392916422,,,,,,,,,,,,,,60,100,-60,,,,,,,,,,,0,-95,-99,33.88077254218558,26.491953892595433,7.388818649590149,17.217757392916422,,,,,,,,,,,,,,60,100,-60,,,,,,,,,,
1617321600,58753,60300,58565,59020,29567.8225,56213.74937173515,57692.69200118122,13087.496,0,-95,-99,39.548592688704005,33.64493985218645,5.9036528365175585,17.144435672494804,,,,,,60.74644677016645,,,,93.89610673531342,,,,60,100,-60,,,,,,,,,,,0,-95,-99,39.548592688704005,33.64493985218645,5.9036528365175585,17.144435672494804,,,,,,60.74644677016645,,,,93.89610673531342,,,,60,100,-60,,,,,,,,,,
1617408000,59020,59863,56950,57135,29799.605,56297.49942885014,57568.76044536317,15815.435,0,-95,-99,36.3686016943068,36.59932230839879,-0.23072061409199307,13.623389441877155,,,36.59932230839879,,,,,,,,,,,60,100,-60,,,,,36.59932230839879,,,,,,0,-95,-99,36.3686016943068,36.59932230839879,-0.23072061409199307,13.623389441877155,,,36.59932230839879,,,,,,,,,,,60,100,-60,,,,,36.59932230839879,,,,,
1617494400,57135,58428,56580.5,58208,30035.91,56471.181298954674,57710.81367972691,13252.35,0,-95,-99,31.941336531632093,35.9528436382143,-4.011507106582204,12.716053939150381,,,,,,,,,,,,,,60,100,-60,,,,,,,,,,,0,-95,-99,31.941336531632093,35.9528436382143,-4.011507106582204,12.716053939150381,,,,,,,,,,,,,,60,100,-60,,,,,,,,,,
1617580800,58208,59252.5,56902,59179.5,30277.1675,56717.3920899588,58037.188417565376,13205.361,0,-95,-99,33.350056144346425,33.886664790095104,-0.5366086457486787,14.354587218035906,,,,,,,,,,,,,,60,100,-60,,,,,,,,,,,0,-95,-99,33.350056144346425,33.886664790095104,-0.5366086457486787,14.354587218035906,,,,,,,,,,,,,,60,100,-60,,,,,,,,,,
1617667200,59179.5,59552,57580,58026.5,30512.715,56836.40189996254,58034.81321366196,10825.877,0,-95,-99,33.408798630161456,32.90006376871332,0.5087348614481328,11.018950189352891,,,,,,,,,,,,,,60,100,-60,,,,,32.90006376871332,,,,,,0,-95,-99,33.408798630161456,32.90006376871332,0.5087348614481328,11.018950189352891,,,,,,,,,,,,,,60,100,-60,,,,,32.90006376871332,,,,,
1617753600,58026.5,58620,55535,55957,30737.145,56756.45627269322,57573.076943959306,17858.501,0,-95,-99,18.189259965243778,28.316038246583886,-10.126778281340108,8.396185701728207,,,,,,,,,,,,,,60,100,-60,,,108,,28.316038246583886,,,,,,0,-95,-99,18.189259965243778,28.316038246583886,-10.126778281340108,8.396185701728207,,,,,,,,,,,,,,60,100,-60,,,108,,28.316038246583886,,,,,
1617840000,55957,58108.5,55750.5,58048.5,30972.8275,56873.91479335747,57678.72651196835,11371.723,0,-95,-99,11.90292333166634,21.166993975690527,-9.264070644024187,11.152981193879107,,,,,,,,,,,,,,60,100,-60,,,,,,,,,,,0,-95,-99,11.90292333166634,21.166993975690527,-9.264070644024187,11.152981193879107,,,,,,,,,,,,,,60,100,-60,,,,,,,,,,
1617926400,58048.5,58861,57686.5,58128,31211.4275,56987.922539415886,57778.56506486427,9514.749,0,-95,-99,16.91220963716472,15.668130978024948,1.244078659139774,9.201443935355893,,,,,,,,,,,48.02011826997244,,,60,100,-60,,,,,15.668130978024948,,,,,,0,-95,-99,16.91220963716472,15.668130978024948,1.244078659139774,9.201443935355893,,,,,,,,,,,48.02011826997244,,,60,100,-60,,,,,15.668130978024948,,,,,
1618012800,58128,61671.5,57940,59790,31457.7725,57242.65685401444,58225.55060600554,14872.832,0,-95,-99,32.37580862931971,20.396980532716924,11.978828096602783,10.277040437233183,,,,,,,,,,,,,,60,100,-60,,,,,,,,,,,0,-95,-99,32.37580862931971,20.396980532716924,11.978828096602783,10.277040437233183,,,,,,,,,,,,,,60,100,-60,,,,,,,,,,
1618099200,59790,60719.5,59333,60033.5,31706.77,57496.36986728586,58627.31713800431,9236.781,0,-95,-99,42.05772934978154,30.44858253875532,11.609146811026218,11.828540727391971,,,,,,,,,,,,,,60,100,-60,,,,,,,,,,,0,-95,-99,42.05772934978154,30.44858253875532,11.609146811026218,11.828540727391971,,,,,,,,,,,,,,60,100,-60,,,,,,,,,,
1618185600,60033.5,61324,59528.5,59930,31952.8075,57717.60897025987,58916.802218447796,11173.582,0,-95,-99,48.301106429826596,40.91154813630928,7.389558293517318,9.99240415544572,,,,,,,,,,,,,,60,100,-60,,,,,,,,,,,0,-95,-99,48.301106429826596,40.91154813630928,7.389558293517318,9.99240415544572,,,,,,,,,,,,,,60,100,-60,,,,,,,,,,
1618272000,59930,63761.5,59912,63587.5,32217.325,58251.235427508975,59954.73505879273,16803.286,0,-95,-99,60.694995187074205,50.351276988894114,10.343718198180092,12.948411472341256,,,,,,67.35849985576291,,,,,,,,60,100,-60,,,,,,,,,,,0,-95,-99,60.694995187074205,50.351276988894114,10.343718198180092,12.948411472341256,,,,,,67.35849985576291,,,,,,,,60,100,-60,,,,,,,,,,
1618358400,63587.5,64943.5,61509,62921,32478.2975,58675.75947955361,60613.905045727675,19086.824,0,-95,-99,68.04001887472216,59.012040163874325,9.02797871084784,12.63176328686335,,,,,,,,,,,,,,60,100,-60,,,,,,,,,,,0,-95,-99,68.04001887472216,59.012040163874325,9.02797871084784,12.63176328686335,,,,,,,,,,,,,,60,100,-60,,,,,,,,,,
1618444800,62921,63846,62180,63258.5,32740.74,59092.37225413965,61201.59281334375,11740.148,0,-95,-99,70.06066773782665,66.265227266541,3.7954404712856444,11.758369488963798,,,,,,,,,,92.24504632671982,,,,60,100,-60,,,,,,,,,,,0,-95,-99,70.06066773782665,66.265227266541,3.7954404712856444,11.758369488963798,,,,,,,,,,92.24504632671982,,,,60,100,-60,,,,,,,,,,
1618531200,63258.5,63565,60242.5,61313,32993.865,59294.24750376332,61226.34996593402,12995.105,0,-95,-99,63.65715985832997,67.25261549029294,-3.5954556319629702,10.830543499269448,67.25261549029294,,67.25261549029294,,,,,,,,,,,60,100,-60,,,,,67.25261549029294,,105,,106,,0,-95,-99,63.65715985832997,67.25261549029294,-3.5954556319629702,10.830543499269448,67.25261549029294,,67.25261549029294,,,,,,,,,,,60,100,-60,,,,,67.25261549029294,,105,,106,
1618617600,61313,62492,59750,60065.5,33240.0225,59364.361367057565,60968.383306837575,10736.507,0,-95,-99,52.33432284921393,62.01738348179018,-9.68306063257625,8.873759341783229,,,,,,,,,,,,,,60,100,-60,,,,,,,,,,,0,-95,-99,52.33432284921393,62.01738348179018,-9.68306063257625,8.873759341783229,,,,,,,,,,,,,,60,100,-60,,,,,,,,,,
1618704000,60065.5,60415.5,50500,56100,33466.7275,59067.6012427796,59886.520349762555,69461.06,0,-95,-99,21.57149346601755,45.85432539118715,-24.282831925169603,5.828975963729629,,,,,,,,,,,,,,60,100,-60,,,,,,,,,,,0,-95,-99,21.57149346601755,45.85432539118715,-24.282831925169603,5.828975963729629,,,,,,,,,,,,,,60,100,-60,,,,,,,,,,
1618790400,56100,57436,54279,55626,33691.8025,58754.72840252691,58939.73804981532,17997.363,0,-95,-99,2.7939774098548824,25.566597908362127,-22.772620498507244,6.427908099180083,,,,,,,,,,,,,,60,100,-60,,,,,,,,,,,0,-95,-99,2.7939774098548824,25.566597908362127,-22.772620498507244,6.427908099180083,,,,,,,,,,,,,,60,100,-60,,,,,,,,,,
1618876800,55626,57005.5,53382.5,56411.5,33921.0275,58541.70763866083,58377.90737207858,19057.796,0,-95,-99,-10.006623337851124,4.786282512673772,-14.792905850524896,5.060020585733986,,,,,,,,,,,,,,60,100,-60,,,,,,,,,,,0,-95,-99,-10.006623337851124,4.786282512673772,-14.792905850524896,5.060020585733986,,,,,,,,,,,,,,60,100,-60,,,,,,,,,,
1618963200,56411.5,56712,53673.5,53821.5,34137.43,58112.59785332803,57365.37240050556,17002.087,0,-95,-99,-20.782275916208825,-9.33164061473502,-11.450635301473804,2.9554972975516423,,,,,,,,,,,,,,60,100,-60,,,,,,,,,,,0,-95,-99,-20.782275916208825,-9.33164061473502,-11.450635301473804,2.9554972975516423,,,,,,,,,,,,,,60,100,-60,,,,,,,,,,
1619049600,53821.5,55444,50580,51785,34343.025,57537.361684843665,56125.28964483766,26927.379,0,-95,-99,-32.63826150298305,-21.14238691901433,-11.495874583968718,0.5374703192228254,,,,,,,,,,,,,,60,100,-60,,,,,,,,,,,0,-95,-99,-32.63826150298305,-21.14238691901433,-11.495874583968718,0.5374703192228254,,,,,,,,,,,,,,60,100,-60,,,,,,,,,,
1619136000,51785,52159,47581,51100.5,34544.6325,56952.192440766965,55008.66972376263,37453.747,0,-95,-99,-43.82728092868767,-32.41593944929318,-11.411341479394494,1.057874312441344,,,,,,,,,,,,,,60,100,-60,,,,,,,,,,,0,-95,-99,-43.82728092868767,-32.41593944929318,-11.411341479394494,1.057874312441344,,,,,,,,,,,,,,60,100,-60,,,,,,,,,,
1619222400,51100.5,51138,48742.5,50055.5,34741.91,56325.22040069724,53907.965340704264,20711.401,0,-95,-99,-49.94785519968164,-42.13779921045079,-7.810055989230854,1.372720446448782,,,,,,,,,,,,,,60,100,-60,,,,,,,,,,,0,-95,-99,-49.94785519968164,-42.13779921045079,-7.810055989230854,1.372720446448782,,,,,,,,,,,,,,60,100,-60,,,,,,,,,,
1619308800,50055.5,50505,47019,49022.5,34933.74,55661.33672790658,52822.30637610332,21215.314,0,-95,-99,-54.592588110388476,-49.455908079585924,-5.136680030802552,0.1475679084441972,,,,,,,,,,,,,,60,100,-60,,,,,,,,,,,0,-95,-99,-54.592588110388476,-49.455908079585924,-5.136680030802552,0.1475679084441972,,,,,,,,,,,,,,60,100,-60,,,,,,,,,,
1619395200,49022.5,54327.5,48723,54017,35149.295,55511.85157082416,53087.79384808036,24963.79,0,-95,-99,-48.4889674606987,-51.00980359025627,2.5208361295575656,3.603821648222409,,,,-51.00980359025627,,,,,,,,,,60,100,-60,,-108,,,-51.00980359025627,,,,,,0,-95,-99,-48.4889674606987,-51.00980359025627,2.5208361295575656,3.603821648222409,,,,-51.00980359025627,,,,,,,,,,60,100,-60,,-108,,,-51.00980359025627,,,,,
1619481600,54017,55400,53275,54993.5,35369.0075,55464.728700749234,53511.2841040625,14043.887,0,-95,-99,-36.35643888105041,-46.479331484045865,10.122892602995456,5.226258564013765,,,,,,,,,,,,,,60,100,-60,,,,,,,,,,,0,-95,-99,-36.35643888105041,-46.479331484045865,10.122892602995456,5.226258564013765,,,,,,,,,,,,,,60,100,-60,,,,,,,,,,
1619568000,54993.5,56457,53888,54827,35586.625,55406.75336431748,53803.665414270836,17615.683,0,-95,-99,-24.91807067149241,-36.5878256710805,11.669754999588093,5.202440112170081,,,,,,,,,,,,,,60,100,-60,,,,,,,,,,,0,-95,-99,-24.91807067149241,-36.5878256710805,11.669754999588093,5.202440112170081,,,,,,,,,,,,,,60,100,-60,,,,,,,,,,
1619654400,54827,55178,52387,53508,35797.295,55234.139422106804,53737.961988877316,15401.729,0,-95,-99,-21.049811144797054,-27.44144023244662,6.391629087649566,4.7048735873891,,,,,,,,,,,,,,60,100,-60,,,,,,,,,,,0,-95,-99,-21.049811144797054,-27.44144023244662,6.391629087649566,4.7048735873891,,,,,,,,,,,,,,60,100,-60,,,,,,,,,,
1619740800,53508,57880,53050,57678,36027.96,55456.30856555164,54613.52599134902,16544.613,0,-95,-99,-7.202032670474967,-17.72330482892147,10.521272158446504,4.543246159688689,,,,,,,,,,,,,,60,100,-60,,,,,,,,,,,0,-95,-99,-7.202032670474967,-17.72330482892147,10.521272158446504,4.543246159688689,,,,,,,,,,,,,,60,100,-60,,,,,,,,,,
1619827200,57678,58438.5,57093.5,57829.5,36259.98,55672.053241410584,55328.18688216035,11872.941,0,-95,-99,7.744938791613791,-6.835635007886072,14.580573799499863,5.738136218826488,,,,,,,,,,,,,,60,100,-60,,,,,,,,,,,0,-95,-99,7.744938791613791,-6.835635007886072,14.580573799499863,5.738136218826488,,,,,,,,,,,,,,60,100,-60,,,,,,,,,,
1619913600,57829.5,57933.5,56110,56599.5,36485.885,55756.36658310053,55610.70090834694,12624.019,0,-95,-99,14.556862901178086,5.033256340772308,9.523606560405778,2.970805614718044,,,,,,,,,,,,,,60,100,-60,,,,,,,,,,,0,-95,-99,14.556862901178086,5.033256340772308,9.523606560405778,2.970805614718044,,,,,,,,,,,,,,60,100,-60,,,,,,,,,,
1620000000,56599.5,58996,56541,57199.5,36714.425,55887.56053009139,55963.76737315873,15138.972,0,-95,-99,21.738687714589567,14.68016313579382,7.058524578795748,4.749703942292685,,,,,,,,,,92.57674026224211,,,,60,100,-60,,,,,,,,,,,0,-95,-99,21.738687714589567,14.68016313579382,7.058524578795748,4.749703942292685,,,,,,,,,,92.57674026224211,,,,60,100,-60,,,,,,,,,,
1620086400,57199.5,57222,53087,53252,36924.0925,55647.9641182649,55361.15240134568,25799.382,0,-95,-99,12.702684423785128,16.332745013184265,-3.630060589399138,2.0530228950360243,,,16.332745013184265,,,,,,,,,,,60,100,-60,,,108,,16.332745013184265,,,,,,0,-95,-99,12.702684423785128,16.332745013184265,-3.630060589399138,2.0530228950360243,,,16.332745013184265,,,,,,,,,,,60,100,-60,,,108,,16.332745013184265,,,,,
1620172800,53252,57865,52930,57481,37154.6975,55814.60374387718,55832.22964549108,16956.194,0,-95,-99,13.888012664610267,16.109794934328324,-2.221782269718057,4.071432246500427,,,,,,,,,,,,,,60,100,-60,,,,,,,,,,,0,-95,-99,13.888012664610267,16.109794934328324,-2.221782269718057,4.071432246500427,,,,,,,,,,,,,,60,100,-60,,,,,,,,,,
1620259200,57481,58396,55323.5,56363,37379.0525,55864.45794897926,55950.17861315973,14756.004,0,-95,-99,18.066634882134586,14.885777323509998,3.180857558624588,1.1305900175636472,,,,,,,,,,,78.95377563722673,,,60,100,-60,,,,,14.885777323509998,,,,,,0,-95,-99,18.066634882134586,14.885777323509998,3.180857558624588,1.1305900175636472,,,,,,,,,,,78.95377563722673,,,60,100,-60,,,,,14.885777323509998,,,,,
1620345600,56363,58735,55311,57381,37607.2825,56002.325408162964,56268.13892134646,14373.045,0,-95,-99,23.39418919233993,18.4496122463616,4.94457694597833,0.7344254916631163,,,,,,,,,,,,,,60,100,-60,,,,,,,,,,,0,-95,-99,23.39418919233993,18.4496122463616,4.94457694597833,0.7344254916631163,,,,,,,,,,,,,,60,100,-60,,,,,,,,,,
1620432000,57381,59526,57000,58893,37842.2375,56265.114007420874,56851.44138326947,15404.51,0,-95,-99,33.37024606735968,24.943690047278068,8.426556020081613,0.1306675194787581,,,,,,,,,,,,,,60,100,-60,,,,,,,,,,,0,-95,-99,33.37024606735968,24.943690047278068,8.426556020081613,0.1306675194787581,,,,,,,,,,,,,,60,100,-60,,,,,,,,,,
1620518400,58893,59274,56375,58240.5,38069.34,56444.694552200795,57160.12107587625,14143.493,0,-95,-99,36.55445398004176,31.106296413247126,5.448157566794631,-1.0220030662873656,,,,,,,,,,92.37284119743168,,,,60,100,-60,,,,,,,,,,,0,-95,-99,36.55445398004176,31.106296413247126,5.448157566794631,-1.0220030662873656,,,,,,,,,,92.37284119743168,,,,60,100,-60,,,,,,,,,,
1620604800,58240.5,59586,53421.5,55801,38283.4125,56386.176865637084,56858.09417012597,25609.83,0,-95,-99,26.905210291473782,32.27663677962508,-5.371426488151297,-3.269708439793718,,,32.27663677962508,,,,,,,,,,,60,100,-60,108,,,,32.27663677962508,,,,,,0,-95,-99,26.905210291473782,32.27663677962508,-5.371426488151297,-3.269708439793718,,,32.27663677962508,,,,,,,,,,,60,100,-60,108,,,,32.27663677962508,,,,,
1620691200,55801,56843,54512,56684,38502.175,56413.251696033716,56819.406576764646,12969.877,0,-95,-99,17.203965192255588,26.887876487923716,-9.683911295668128,-1.8367912499957946,,,,,,,,,,,,,,60,100,-60,,,,,,,,,,,0,-95,-99,17.203965192255588,26.887876487923716,-9.683911295668128,-1.8367912499957946,,,,,,,,,,,,,,60,100,-60,,,,,,,,,,
1620777600,56684,57929.5,48600,49617,38684.7075,55795.41063275792,55218.87178192806,27697.549,0,-95,-99,-9.030990882129533,11.692728200533281,-20.723719082662814,-5.491151916125736,,,,,,,,,,,,,,60,100,-60,,,,,,,,,,,0,-95,-99,-9.030990882129533,11.692728200533281,-20.723719082662814,-5.491151916125736,,,,,,,,,,,,,,60,100,-60,,,,,,,,,,
1620864000,49617,51318.5,45719,49715.5,38868.1625,55242.69148432538,53995.90027483294,49185.835,0,-95,-99,-31.297479746998853,-7.708168478957599,-23.589311268041254,-3.386432264741682,,,,,,,,,,,,,,60,100,-60,,,,,,,,,,,0,-95,-99,-31.297479746998853,-7.708168478957599,-23.589311268041254,-3.386432264741682,,,,,,,,,,,,,,60,100,-60,,,,,,,,,,
1620950400,49715.5,51471,48901,49850.5,39052.165,54752.49225847762,53074.70021375895,16715.57,0,-95,-99,-40.13239093912184,-26.820287189416742,-13.312103749705098,-1.8123927228688417,,,,,,,,,,,,,,60,100,-60,,,,,,,,,,,0,-95,-99,-40.13239093912184,-26.820287189416742,-13.312103749705098,-1.8123927228688417,,,,,,,,,,,,,,60,100,-60,,,,,,,,,,
1621036800,49850.5,50688,46609,46800,39217.98,54029.53841679784,51680.32238847919,24434.553,0,-95,-99,-49.27318007677391,-40.2343502542982,-9.038829822475712,-4.606721073568575,,,,,,,,,,,,,,60,100,-60,,,,,,,,,,,0,-95,-99,-49.27318007677391,-40.2343502542982,-9.038829822475712,-4.606721073568575,,,,,,,,,,,,,,60,100,-60,,,,,,,,,,
1621123200,46800,49798,43890,46414,39383.7525,53337.21674254349,50510.028524372705,39537.398,0,-95,-99,-56.078971208144424,-48.49484740801339,-7.584123800131032,-5.797854312650406,,,,,,,,,,,,,,60,100,-60,,,,,,,,,,,0,-95,-99,-56.078971208144424,-48.49484740801339,-7.584123800131032,-5.797854312650406,,,,,,,,,,,,,,60,100,-60,,,,,,,,,,
1621209600,46414,46629,42143.5,43543,39534.28,52446.833402312266,48961.79996340099,57269.667,0,-95,-99,-63.133887729981105,-56.162013004966475,-6.971874725014629,-6.430815800925092,,,,,,,,,,,,,,60,100,-60,,,,,,,,,,,0,-95,-99,-63.133887729981105,-56.162013004966475,-6.971874725014629,-6.430815800925092,,,,,,,,,,,,,,60,100,-60,,,,,,,,,,
1621296000,43543,45815,42317.5,42903.5,39681.075,51579.25763846569,47615.511082645215,33957.548,0,-95,-99,-66.10507404319863,-61.772644327108054,-4.332429716090573,-7.237092279807814,,,,,,,,,,,,,,60,100,-60,,,,,,,,,,,0,-95,-99,-66.10507404319863,-61.772644327108054,-4.332429716090573,-7.237092279807814,,,,,,,,,,,,,,60,100,-60,,,,,,,,,,
1621382400,42903.5,43598.5,28801,36727,39795.8,50229.05239860518,45195.8419531685,194517.585,0,-95,-99,-75.46081129644892,-68.23325768987623,-7.227553606572698,-8.359282743257697,,,,,,,22.777641727226793,,,,,,,60,100,-60,,,,,,,,,,,0,-95,-99,-75.46081129644892,-68.23325768987623,-7.227553606572698,-8.359282743257697,,,,,,,22.777641727226793,,,,,,,60,100,-60,,,,,,,,,,
1621468800,36727,42400,34950,40500.5,39929.5525,49344.63854418653,44152.43263024217,69061.775,0,-95,-99,-74.67350195419083,-72.0797957646128,-2.593706189578029,-6.425111488237055,,,,,,,,,,,,,,60,100,-60,,,,,,,,,,,0,-95,-99,-74.67350195419083,-72.0797957646128,-2.593706189578029,-6.425111488237055,,,,,,,,,,,,,,60,100,-60,,,,,,,,,,
1621555200,40500.5,42215,33404,37227.5,40047.9625,48243.080494715025,42613.55871241057,80998.869,0,-95,-99,-74.24953122857261,-74.79461482640411,0.545083597831507,-5.631292159527127,,-74.79461482640411,,-74.79461482640411,,,,,,,,,,60,100,-60,,,,,-74.79461482640411,-107,,,,,0,-95,-99,-74.24953122857261,-74.79461482640411,0.545083597831507,-5.631292159527127,,-74.79461482640411,,-74.79461482640411,,,,,,,,,,60,100,-60,,,,,-74.79461482640411,-107,,,,
1621641600,37227.5,38799.5,35220,37437,40165.0875,47260.70954065002,41463.21233187489,43077.822,0,-95,-99,-72.52411527759217,-73.81571615345187,1.2916008758597002,-5.757846035408084,,,,,,,,,,,,,,60,100,-60,,,,,,,,,,,0,-95,-99,-72.52411527759217,-73.81571615345187,1.2916008758597002,-5.757846035408084,,,,,,,,,,,,,,60,100,-60,,,,,,,,,,
1621728000,37437,38230,31068.5,34658,40267.7275,46115.0086733182,39950.94292479158,87667.424,0,-95,-99,-72.72596702158707,-73.16653784258395,0.44057082099688216,-5.766178247548068,,,,,,,26.77140621392239,,,,,,,60,100,-60,,,,,,,,,,,0,-95,-99,-72.72596702158707,-73.16653784258395,0.44057082099688216,-5.766178247548068,,,,,,,26.77140621392239,,,,,,,60,100,-60,,,,,,,,,,
1621814400,34658,39882.5,34390.5,38817,40383.8425,45451.55333938018,39698.95560817123,54785.841,0,-95,-99,-66.55331192049798,-70.60113140655908,4.047819486061101,-2.9997381708948776,,,,,,,,,,,,,,60,100,-60,,,,,,,,,,,0,-95,-99,-66.55331192049798,-70.60113140655908,4.047819486061101,-2.9997381708948776,,,,,,,,,,,,,,60,100,-60,,,,,,,,,,
1621900800,38817,39800,36466.5,38348,40497.7175,44805.775763072896,39398.743250799846,39895.51,0,-95,-99,-59.95965540495746,-66.41297811568084,6.453322710723384,-5.7727619396637495,,,,,,,,,,,,,,60,100,-60,,,,,,,,,,,0,-95,-99,-59.95965540495746,-66.41297811568084,6.453322710723384,-5.7727619396637495,,,,,,,,,,,,,,60,100,-60,,,,,,,,,,
1621987200,38348,40871,37823,39237,40619.825,44299.52342097536,39362.800306177654,38560.25,0,-95,-99,-51.60765875338117,-59.37354202627887,7.765883272897696,-5.855363312286846,,,,,,,,,,,,,,60,100,-60,,,,,,,,,,,0,-95,-99,-51.60765875338117,-59.37354202627887,7.765883272897696,-5.855363312286846,,,,,,,,,,,,,,60,100,-60,,,,,,,,,,
1622073600,39237,40376.5,37176,38511,40734.9725,43773.29401906851,39173.51134924929,36024.325,0,-95,-99,-46.305563850407275,-52.62429266958196,6.318728819174687,-6.281885769064246,,,,,,,,,,,,,,60,100,-60,,,,,,,,,,,0,-95,-99,-46.305563850407275,-52.62429266958196,6.318728819174687,-6.281885769064246,,,,,,,,,,,,,,60,100,-60,,,,,,,,,,
1622160000,38511,38870.5,34702,35650,40836.595,43034.812744607734,38390.508827193895,61180.619,0,-95,-99,-48.18784515450265,-48.700355919430365,0.5125107649277183,-9.412873073674607,,,,,,,,,,88.07655795264625,,,,60,100,-60,,,,,,,,,,,0,-95,-99,-48.18784515450265,-48.700355919430365,0.5125107649277183,-9.412873073674607,,,,,,,,,,88.07655795264625,,,,60,100,-60,,,,,,,,,,
1622246400,35650,37312,33662,34613,40933.1775,42269.19340418885,37551.062421150804,60107.188,0,-95,-99,-51.48893635966273,-48.66078178819089,-2.828154571471842,-11.274976586661104,,,,,,,,,,,,,,60,100,-60,,,,,-48.66078178819089,,,,,,0,-95,-99,-51.48893635966273,-48.66078178819089,-2.828154571471842,-11.274976586661104,,,,,,,,,,,,,,60,100,-60,,,,,-48.66078178819089,,,,,
1622332800,34613,36446.5,33360,35661.5,41033.0475,41668.494003808046,37131.15966089507,38982.934,0,-95,-99,-52.53067871480556,-50.73582007632365,-1.7948586384819123,-10.52860333474744,,,,,,,,,,,,,,60,100,-60,,,,,,,,,,,0,-95,-99,-52.53067871480556,-50.73582007632365,-1.7948586384819123,-10.52860333474744,,,,,,,,,,,,,,60,100,-60,,,,,,,,,,
1622419200,35661.5,37462.5,34176.5,37241,41137.8275,41265.9945489164,37155.56862514061,46193.407,0,-95,-99,-48.68604267134644,-50.90188591527158,2.2158432439251357,-9.143546582585753,,,,,,,,,,,78.18640424885928,,,60,100,-60,,,,,-50.90188591527158,,,,,,0,-95,-99,-48.68604267134644,-50.90188591527158,2.2158432439251357,-9.143546582585753,,,,,,,,,,,78.18640424885928,,,60,100,-60,,,,,-50.90188591527158,,,,,
1622505600,37241,37864,35600,36648,41239.475,40846.17686265127,37042.77559733159,42878.812,0,-95,-99,-43.52335614804111,-48.246692511397704,4.723336363356594,-10.183087295002125,,,,,,,,,,,,,,60,100,-60,,,,,,,,,,,0,-95,-99,-43.52335614804111,-48.246692511397704,4.723336363356594,-10.183087295002125,,,,,,,,,,,,,,60,100,-60,,,,,,,,,,
1622592000,36648,38198,35900,37555,41346.95,40546.97896604661,37156.60324236901,35356.862,0,-95,-99,-36.47248402261909,-42.89396094733555,6.421476924716458,-7.578611679704173,,,,,,,,,,,,,,60,100,-60,,,,,,,,,,,0,-95,-99,-36.47248402261909,-42.89396094733555,6.421476924716458,-7.578611679704173,,,,,,,,,,,,,,60,100,-60,,,,,,,,,,
1622678400,37555,39440,37215.5,39224.5,41463.375,40426.75360549692,37616.1358551759,41782.081,0,-95,-99,-22.848106873599782,-34.281315681420004,11.433208807820222,-7.154309461602226,,,,,,,,,,97.05474155966164,,,,60,100,-60,,,,,,,,,,,0,-95,-99,-22.848106873599782,-34.281315681420004,11.433208807820222,-7.154309461602226,,,,,,,,,,97.05474155966164,,,,60,100,-60,,,,,,,,,,
1622764800,39224.5,39265.5,35601,36843.5,41564.08,40101.00327772447,37444.43899847014,58235.668,0,-95,-99,-20.789351106527434,-26.703314000915444,5.9139628943880105,-9.811969196081865,,,,,,,,,,,,,,60,100,-60,,,,,,,,,,,0,-95,-99,-20.789351106527434,-26.703314000915444,5.9139628943880105,-9.811969196081865,,,,,,,,,,,,,,60,100,-60,,,,,,,,,,
1622851200,36843.5,37867,34824,35507.5,41653.3,39683.41207065861,37014.00810992122,57136.672,0,-95,-99,-26.772955302222954,-23.4701377607834,-3.3028175414395555,-9.447856251732482,,,,,,,,,,,,,,60,100,-60,,,,,-23.4701377607834,,,,,,0,-95,-99,-26.772955302222954,-23.4701377607834,-3.3028175414395555,-9.447856251732482,,,,,,,,,,,,,,60,100,-60,,,,,-23.4701377607834,,,,,
1622937600,35507.5,36447,35235.5,35801,41743.345,39330.465518780555,36744.45075216095,36090.257,0,-95,-99,-31.856300345376102,-26.472868918042167,-5.383431427333935,-7.165135653414498,,,,,,,,,,,,,,60,100,-60,,,,,,,,,,,0,-95,-99,-31.856300345376102,-26.472868918042167,-5.383431427333935,-7.165135653414498,,,,,,,,,,,,,,60,100,-60,,,,,,,,,,
1623024000,35801,36784,33240,33570.5,41822.185,38806.832289800506,36039.128362791846,59358.14,0,-95,-99,-41.62250087887869,-33.417252175492585,-8.205248703386104,-10.956020856182272,,,,,,,,,,,,,,60,100,-60,,,,,,,,,,,0,-95,-99,-41.62250087887869,-33.417252175492585,-8.205248703386104,-10.956020856182272,,,,,,,,,,,,,,60,100,-60,,,,,,,,,,
1623110400,33570.5,34050,30980,33352.5,41895.6325,38310.98389981864,35442.09983772699,96863.287,0,-95,-99,-53.42679108319202,-42.30186410248228,-11.124926980709745,-11.302766231232711,,,,,,,,,,,39.91199915064077,,,60,100,-60,,,,,,,,,,,0,-95,-99,-53.42679108319202,-42.30186410248228,-11.124926980709745,-11.302766231232711,,,,,,,,,,,39.91199915064077,,,60,100,-60,,,,,,,,,,
1623196800,33352.5,37556,32379,37414.5,41989.14,38229.48536347149,35880.41098489877,96764.366,0,-95,-99,-44.608575413822976,-46.55262245863124,1.944047044808265,-10.45469871504811,,,,-46.55262245863124,,,,,,,,,,60,100,-60,,,,,-46.55262245863124,,,-106,,,0,-95,-99,-44.608575413822976,-46.55262245863124,1.944047044808265,-10.45469871504811,,,,-46.55262245863124,,,,,,,,,,60,100,-60,,,,,-46.55262245863124,,,-106,,
1623283200,37414.5,38440.5,35819,36689.5,42080.48,38089.48669406499,36060.20854381016,82976.921,0,-95,-99,-29.42759392710554,-42.48765347470685,13.060059547601313,-11.585151944497863,,,,,,,,,,,,,,60,100,-60,,,,,,,,,,,0,-95,-99,-29.42759392710554,-42.48765347470685,13.060059547601313,-11.585151944497863,,,,,,,,,,,,,,60,100,-60,,,,,,,,,,
1623369600,36689.5,37656.5,35944.5,37294,42175.1525,38017.16972187726,36334.384422963456,62899.427,0,-95,-99,-17.851858414404987,-30.62934258511117,12.777484170706185,-10.558302182827331,,,,,,,,,,,,,,60,100,-60,,,,,,,,,,,0,-95,-99,-17.851858414404987,-30.62934258511117,12.777484170706185,-10.558302182827331,,,,,,,,,,,,,,60,100,-60,,,,,,,,,,
1623456000,37294,37412,34630,35525,42256.9775,37790.608838070235,36154.52121786046,71044.109,0,-95,-99,-17.66284691734809,-21.64743308628621,3.984586168938119,-14.523294345253499,,,,,,,,,,,,,,60,100,-60,,,,,,,,,,,0,-95,-99,-17.66284691734809,-21.64743308628621,3.984586168938119,-14.523294345253499,,,,,,,,,,,,,,60,100,-60,,,,,,,,,,
1623542400,35525,39372,34761.5,39026,42358.42,37902.9171255184,36792.62761389147,71573.504,0,-95,-99,-2.244741103925124,-12.58648214522607,10.341741041300946,-12.139759545102015,,,,,,,,,,,,,,60,100,-60,,,,,,,,,,,0,-95,-99,-2.244741103925124,-12.58648214522607,10.341741041300946,-12.139759545102015,,,,,,,,,,,,,,60,100,-60,,,,,,,,,,
1623628800,39026,40995,38772,40494.5,42475.1225,38138.515568653085,37615.26592191559,73876.764,0,-95,-99,19.223179931455952,-0.22813602993908688,19.45131596139504,-10.994727645702579,,,,,,,,,,,,,,60,100,-60,,,,,,,,,,,0,-95,-99,19.223179931455952,-0.22813602993908688,19.45131596139504,-10.994727645702579,,,,,,,,,,,,,,60,100,-60,,,,,,,,,,
1623715200,40494.5,41300,39540,40140.5,42590.165,38320.51415332099,38176.42905037879,65945.29,0,-95,-99,32.07280168238129,16.35041350330404,15.72238817907725,-10.03368593628333,,,,,,,,,,95.53681378135101,,,,60,100,-60,,,,,,,,,,,0,-95,-99,32.07280168238129,16.35041350330404,15.72238817907725,-10.03368593628333,,,,,,,,,,95.53681378135101,,,,60,100,-60,,,,,,,,,,
1623801600,40140.5,40471.5,38173.5,38393,42693.55,38327.10377574636,38224.5559280724,73184.532,0,-95,-99,33.76882345095922,28.35493502159882,5.413888429360398,-10.797395888615585,,,,,,,,,,,,,,60,100,-60,,,,,,,,,,,0,-95,-99,33.76882345095922,28.35493502159882,5.413888429360398,-10.797395888615585,,,,,,,,,,,,,,60,100,-60,,,,,,,,,,
1623888000,38393,39532.5,37400,38097,42793.14,38306.18525067851,38196.21016627853,63381.549,0,-95,-99,30.579848631346756,32.14049125489576,-1.5606426235490005,-10.144582930963992,,,32.14049125489576,,,,,,,,,,,60,100,-60,108,,108,,32.14049125489576,,,,,,0,-95,-99,30.579848631346756,32.14049125489576,-1.5606426235490005,-10.144582930963992,,,32.14049125489576,,,,,,,,,,,60,100,-60,108,,108,,32.14049125489576,,,,,
1623974400,38097,38223,35159,35822,42873.69,38080.350227889554,37668.60790710552,73699.549,0,-95,-99,14.990201001502733,26.446291027936237,-11.456090026433504,-11.625460261460027,,,,,,,,,,,,,,60,100,-60,,,,,,,,,,,0,-95,-99,14.990201001502733,26.446291027936237,-11.456090026433504,-11.625460261460027,,,,,,,,,,,,,,60,100,-60,,,,,,,,,,
1624060800,35822,36425,34800,35528,42957.4775,37848.318388990505,37192.917261082075,69198.368,0,-95,-99,-0.3306271515462864,15.079807493767733,-15.41043464531402,-12.61979113897335,,,,,,,,,,,,,,60,100,-60,,,,,,,,,,,0,-95,-99,-0.3306271515462864,15.079807493767733,-15.41043464531402,-12.61979113897335,,,,,,,,,,,,,,60,100,-60,,,,,,,,,,
1624147200,35528,36149,33338,35608.5,43039.4325,37644.69853544591,36840.82453639717,86335.779,0,-95,-99,-13.13173264692564,0.509280401010266,-13.641013047935905,-10.417211716364868,,,,,,,,,,,,,,60,100,-60,,,,,,,,,,,0,-95,-99,-13.13173264692564,0.509280401010266,-13.641013047935905,-10.417211716364868,,,,,,,,,,,,,,60,100,-60,,,,,,,,,,
1624233600,35608.5,35737.5,31265.5,31613.5,43100.325,37096.40775949628,35679.196861642245,155941.818,0,-95,-99,-29.22018255408655,-14.227514117519497,-14.992668436567051,-11.603831697563667,,,,,,,,,,,,,,60,100,-60,,,,,,,,,,,0,-95,-99,-29.22018255408655,-14.227514117519497,-14.992668436567051,-11.603831697563667,,,,,,,,,,,,,,60,100,-60,,,,,,,,,,
1624320000,31613.5,33246,28774,32480,43169.3875,36676.7343268148,34968.264225721745,183677.464,0,-95,-99,-41.92817398448868,-28.093363061833628,-13.834810922655052,-10.745630143854592,,,,,,,,,,,,,,60,100,-60,,,,,,,,,,,0,-95,-99,-41.92817398448868,-28.093363061833628,-13.834810922655052,-10.745630143854592,,,,,,,,,,,,,,60,100,-60,,,,,,,,,,
1624406400,32480,34794.5,31704,33642,43241.88,36400.849388013456,34673.53884222802,101537.468,0,-95,-99,-42.657837285170935,-37.93539794124873,-4.722439343922204,-8.71506627752633,,,,,,,,,,,19.44570030843942,,,60,100,-60,,,,,,,,,,,0,-95,-99,-42.657837285170935,-37.93539794124873,-4.722439343922204,-8.71506627752633,,,,,,,,,,,19.44570030843942,,,60,100,-60,,,,,,,,,,
1624492800,33642,35300,32330.5,34656.5,43318.3325,36242.27217092132,34669.75243284402,88272.599,0,-95,-99,-39.42224352038774,-41.336084930015794,1.9138414096280556,-7.120145836133113,,,,,,,,,,,,,,60,100,-60,,,,,-41.336084930015794,,,,,,0,-95,-99,-39.42224352038774,-41.336084930015794,1.9138414096280556,-7.120145836133113,,,,,,,,,,,,,,60,100,-60,,,,,-41.336084930015794,,,,,
1624579200,34656.5,35466,31300,31580,43380.35,35818.42924629211,33983.140781100905,115499.419,0,-95,-99,-42.48268695728672,-41.52092258761513,-0.9617643696715845,-11.194238452839556,,,,,,,,,,,,,,60,100,-60,,,,,-41.52092258761513,,,,,,0,-95,-99,-42.48268695728672,-41.52092258761513,-0.9617643696715845,-11.194238452839556,,,,,,,,,,,,,,60,100,-60,,,,,-41.52092258761513,,,,,
1624665600,31580,32700,30101,32249.5,43449.9875,35493.98113299283,33597.88727418959,125869.896,0,-95,-99,-48.028364411074605,-43.31109829624969,-4.717266114824916,-11.699064290831545,,,,,,,,,,,,,,60,100,-60,,,,,,,,,,,0,-95,-99,-48.028364411074605,-43.31109829624969,-4.717266114824916,-11.699064290831545,,,,,,,,,,,,,,60,100,-60,,,,,,,,,,
1624752000,32249.5,34755,31972,34690.5,43530.74,35420.93739362984,33840.69010214746,105230.722,0,-95,-99,-40.391103826039206,-43.63405173146685,3.2429479054276413,-9.344258686209027,,,,-43.63405173146685,,,,,,,,,,60,100,-60,,,,,-43.63405173146685,,,-106,,,0,-95,-99,-40.391103826039206,-43.63405173146685,3.2429479054276413,-9.344258686209027,,,,-43.63405173146685,,,,,,,,,,60,100,-60,,,,,-43.63405173146685,,,-106,,
1624838400,34690.5,35223,33905,34493.5,43612.0075,35336.62490329986,33985.758968336915,82197.421,0,-95,-99,-29.16252117833804,-39.193996471817286,10.031475293479247,-8.536454743446985,,,,,,,,,,,,,,60,100,-60,,,,,,,,,,,0,-95,-99,-29.16252117833804,-39.193996471817286,10.031475293479247,-8.536454743446985,,,,,,,,,,,,,,60,100,-60,,,,,,,,,,
1624924800,34493.5,36573,34240,35918.5,43701.47,35389.52263936351,34415.25697537316,88459.594,0,-95,-99,-14.011613169023638,-27.85507939113363,13.84346622210999,-9.167835978920731,,,,,,,,,,,,,,60,100,-60,,,,,,,,,,,0,-95,-99,-14.011613169023638,-27.85507939113363,13.84346622210999,-9.167835978920731,,,,,,,,,,,,,,60,100,-60,,,,,,,,,,
1625011200,35918.5,36073.5,34050,35018,43782.6625,35355.74785396683,34549.19986973468,81673.083,0,-95,-99,-6.1760886055509765,-16.450074317637554,10.273985712086578,-10.561986999962523,,,,,,,,,,,,,,60,100,-60,,,,,,,,,,,0,-95,-99,-6.1760886055509765,-16.450074317637554,10.273985712086578,-10.561986999962523,,,,,,,,,,,,,,60,100,-60,,,,,,,,,,
1625097600,35018,35021.5,32710,33490,43854.2275,35186.134412697116,34313.82212090475,87789.018,0,-95,-99,-10.630294296569945,-10.272665357048192,-0.3576289395217529,-10.528276011266799,,,,,,,,,,81.73005719074438,,,,60,100,-60,,,,,-10.272665357048192,,,,,,0,-95,-99,-10.630294296569945,-10.272665357048192,-0.3576289395217529,-10.528276011266799,,,,,,,,,,81.73005719074438,,,,60,100,-60,,,,,-10.272665357048192,,,,,
1625184000,33490,33924,32695,33753.5,43926.615,35055.89492063374,34189.30609403703,76578.495,0,-95,-99,-16.096476096858392,-10.967619666326442,-5.12885643053195,-10.60326909258902,,,,,,,,,,,,,,60,100,-60,,,,,,,,,,,0,-95,-99,-16.096476096858392,-10.967619666326442,-5.12885643053195,-10.60326909258902,,,,,,,,,,,,,,60,100,-60,,,,,,,,,,
1625270400,33753.5,34900,33339,34649.5,44002.7925,35018.94992784886,34291.571406473246,60732.073,0,-95,-99,-11.73417025079663,-12.820313548074992,1.0861432972783618,-6.781653061876682,,,,,,,,,,,,,,60,100,-60,,,,,-12.820313548074992,,,,,,0,-95,-99,-11.73417025079663,-12.820313548074992,1.0861432972783618,-6.781653061876682,,,,,,,,,,,,,,60,100,-60,,,,,-12.820313548074992,,,,,
1625356800,34649.5,35940,34370,35293,44072.4375,35043.86357077169,34514.11109392364,55923.081,0,-95,-99,0.8543770613329507,-8.99208976210736,9.846466823440311,-7.899322090458436,,,,,,,,,,,,,,60,100,-60,,,,,,,,,,,0,-95,-99,0.8543770613329507,-8.99208976210736,9.846466823440311,-7.899322090458436,,,,,,,,,,,,,,60,100,-60,,,,,,,,,,
1625443200,35293,35293,33119,33679,44126.835,34919.7850643379,34328.5308508295,88304.972,0,-95,-99,-3.1994377142249197,-4.693076967896204,1.493639253671284,-8.845665180591624,,,,,,,,,,79.43238630535183,,,,60,100,-60,,,,,,,,,,,0,-95,-99,-3.1994377142249197,-4.693076967896204,1.493639253671284,-8.845665180591624,,,,,,,,,,79.43238630535183,,,,60,100,-60,,,,,,,,,,
1625529600,33679,35061.5,33512,34200,44182.25,34854.350058489,34299.96843953405,85359.6,0,-95,-99,-3.2518368038257446,-1.865632485572575,-1.3862043182531696,-8.748354150955896,,,,,,,,,,,,,,60,100,-60,,,,,-1.865632485572575,,,,,,0,-95,-99,-3.2518368038257446,-1.865632485572575,-1.3862043182531696,-8.748354150955896,,,,,,,,,,,,,,60,100,-60,,,,,-1.865632485572575,,,,,
1625616000,34200,35036,33806,33878.5,44232.4,34765.63641680818,34206.30878630426,56395.635,0,-95,-99,-3.6055457632872248,-3.352273427112634,-0.2532723361745908,-10.89824649014057,,,,,,,,,,,,,,60,100,-60,,,,,,,,,,,0,-95,-99,-3.6055457632872248,-3.352273427112634,-0.2532723361745908,-10.89824649014057,,,,,,,,,,,,,,60,100,-60,,,,,,,,,,
1625702400,33878.5,33937.5,32089,32854,44279.3275,34591.851288007434,33905.79572268109,86837.716,0,-95,-99,-21.85598949422837,-9.571124020447117,-12.284865473781254,-11.721135362773753,,,,,,,,,,,,,,60,100,-60,,,,,,,,,,,0,-95,-99,-21.85598949422837,-9.571124020447117,-12.284865473781254,-11.721135362773753,,,,,,,,,,,,,,60,100,-60,,,,,,,,,,
1625788800,32854,34084,32280.5,33820,44334.775,34521.682989097666,33886.73000652974,62156.971,0,-95,-99,-27.586198497778568,-17.68257791843139,-9.903620579347177,-9.392738339232208,,,,,,,,,,,,,,60,100,-60,,,,,,,,,,,0,-95,-99,-27.586198497778568,-17.68257791843139,-9.903620579347177,-9.392738339232208,,,,,,,,,,,,,,60,100,-60,,,,,,,,,,
1625875200,33820,34230.5,33010,33500.5,44383.0925,34428.84817190697,33800.901116189794,52901.66,0,-95,-99,-28.46404412907841,-25.968744040361788,-2.495300088716622,-10.994201685881954,,,,,,,,,,,,,,60,100,-60,,,,,,,,,,,0,-95,-99,-28.46404412907841,-25.968744040361788,-2.495300088716622,-10.994201685881954,,,,,,,,,,,,,,60,100,-60,,,,,,,,,,
1625961600,33500.5,34540,33339,34234,44438.11,34411.13470173361,33897.14531259206,47167.919,0,-95,-99,-20.103603034049165,-25.384615220302052,5.281012186252887,-7.573624854910711,,,,,,,,,,,,,,60,100,-60,,,,,-25.384615220302052,,,,,,0,-95,-99,-20.103603034049165,-25.384615220302052,5.281012186252887,-7.573624854910711,,,,,,,,,,,,,,60,100,-60,,,,,-25.384615220302052,,,,,
1626048000,34234,34620,32700,33112.5,44485.05,34293.077001576006,33722.7796875716,60723.55,0,-95,-99,-24.917092292303185,-24.494913151810255,-0.42217914049292915,-9.077888454060188,,,,,,,,,,,,,,60,100,-60,,,,,-24.494913151810255,,,,,,0,-95,-99,-24.917092292303185,-24.494913151810255,-0.42217914049292915,-9.077888454060188,,,,,,,,,,,,,,60,100,-60,,,,,-24.494913151810255,,,,,
1626134400,33112.5,33312,32213.5,32720,44525.0825,34150.07000143273,33499.93975700013,57099.924,0,-95,-99,-38.44454464097825,-27.821746655776867,-10.622797985201384,-10.102474952451168,,,,,,,,,,,,,,60,100,-60,,,,,,,,,,,0,-95,-99,-38.44454464097825,-27.821746655776867,-10.622797985201384,-10.102474952451168,,,,,,,,,,,,,,60,100,-60,,,,,,,,,,
1626220800,32720,33082.5,31594,32800,44556.4725,34027.33636493885,33344.39758877788,65940.998,0,-95,-99,-48.26147994610723,-37.20770562646289,-11.05377431964434,-8.09847433333837,,,,,,,,,,,,,,60,100,-60,,,,,,,,,,,0,-95,-99,-48.26147994610723,-37.20770562646289,-11.05377431964434,-8.09847433333837,,,,,,,,,,,,,,60,100,-60,,,,,,,,,,
1626307200,32800,33145.5,31160,31855.5,44584.4175,33829.89669539895,33013.53145793835,71404.047,0,-95,-99,-57.015406209511255,-47.90714359886558,-9.108262610645674,-9.124383527398832,,,,,,,,,,,,,,60,100,-60,,,,,,,,,,,0,-95,-99,-57.015406209511255,-47.90714359886558,-9.108262610645674,-9.124383527398832,,,,,,,,,,,,,,60,100,-60,,,,,,,,,,
1626393600,31855.5,32200,31056,31384,44605.9,33607.542450362685,32651.41335617427,59040.663,0,-95,-99,-64.59173256138698,-56.62287290566849,-7.968859655718489,-8.554603343114273,,,,,,,,,,,,,,60,100,-60,,,,,,,,,,,0,-95,-99,-64.59173256138698,-56.62287290566849,-7.968859655718489,-8.554603343114273,,,,,,,,,,,,,,60,100,-60,,,,,,,,,,
1626480000,31384,31914,31171.5,31509,44626.44,33416.76586396608,32397.54372146888,49507.375,0,-95,-99,-67.16493974985241,-62.92402617358355,-4.240913576268859,-7.676615699222411,,,,,,,,,,,2.804778458172642,,,60,100,-60,,,,,,,,,,,0,-95,-99,-67.16493974985241,-62.92402617358355,-4.240913576268859,-7.676615699222411,,,,,,,,,,,2.804778458172642,,,60,100,-60,,,,,,,,,,
1626566400,31509,32380,31122,31748,44640.645,33265.0598763328,32253.200672253573,49774.363,0,-95,-99,-65.05851426797778,-65.6050621930724,0.5465479250946146,-6.158151474585145,,,,,,,,,,,,,,60,100,-60,,,,,-65.6050621930724,-107,,,,,0,-95,-99,-65.05851426797778,-65.6050621930724,0.5465479250946146,-6.158151474585145,,,,,,,,,,,,,,60,100,-60,,,,,-65.6050621930724,-107,,,,
1626652800,31748,31849,30412,30815.5,44650.115,33042.372614848,31933.711633975003,59829.147,0,-95,-99,-68.18774421866166,-66.8037327454973,-1.3840114731643638,-9.046730052252077,,,,,,,,,,,,,,60,100,-60,,,,,-66.8037327454973,,,,,,0,-95,-99,-68.18774421866166,-66.8037327454973,-1.3840114731643638,-9.046730052252077,,,,,,,,,,,,,,60,100,-60,,,,,-66.8037327454973,,,,,
1626739200,30815.5,31032,29272.5,29765,44652.315,32744.429649861817,31451.775715313892,75599.105,0,-95,-99,-74.62875530130766,-69.29167126264905,-5.337084038658617,-9.610672880053063,,,,,,,,,,,,,,60,100,-60,,,,,,,,,,,0,-95,-99,-74.62875530130766,-69.29167126264905,-5.337084038658617,-9.610672880053063,,,,,,,,,,,,,,60,100,-60,,,,,,,,,,
1626825600,29765,32840,29509,32089,44651.61,32684.845136238015,31593.381111910803,108816.959,0,-95,-99,-65.2254902731858,-69.34732993105172,4.1218396578659195,-8.012771243725343,,-69.34732993105172,,-69.34732993105172,,,,,,,,,,60,100,-60,,,,,-69.34732993105172,-107,,-106,,,0,-95,-99,-65.2254902731858,-69.34732993105172,4.1218396578659195,-8.012771243725343,,-69.34732993105172,,-69.34732993105172,,,,,,,,,,60,100,-60,,,,,-69.34732993105172,-107,,-106,,
1626912000,32089,32540,31725.5,32283.5,44648.2125,32648.359214761833,31746.740864819512,51266.178,0,-95,-99,-49.438144253223356,-63.0974632759056,13.659319022682247,-6.445661232040617,,,,,,,,,,,,,,60,100,-60,,,,,,,,,,,0,-95,-99,-49.438144253223356,-63.0974632759056,13.659319022682247,-6.445661232040617,,,,,,,,,,,,,,60,100,-60,,,,,,,,,,
1626998400,32283.5,33600,32028,33600,44656.0925,32734.87201341985,32158.576228192953,60740.905,0,-95,-99,-28.61593900943209,-47.75985784528043,19.14391883584834,-6.245199051566218,,,,,,,,,,,,,,60,100,-60,,,,,,,,,,,0,-95,-99,-28.61593900943209,-47.75985784528043,19.14391883584834,-6.245199051566218,,,,,,,,,,,,,,60,100,-60,,,,,,,,,,
1627084800,33600,34437.5,33411.5,34224,44657.115,32870.247284927136,32617.55928859452,52624.876,0,-95,-99,-7.365202930221283,-28.473095397625585,21.1078924674043,-4.372998801929578,,,,,,,,,,,,,,60,100,-60,,,,,,,,,,,0,-95,-99,-7.365202930221283,-28.473095397625585,21.1078924674043,-4.372998801929578,,,,,,,,,,,,,,60,100,-60,,,,,,,,,,
1627171200,34224,35366,33829,35348.5,44649.98,33095.5429862974,33224.43500224018,63046.267,0,-95,-99,10.80081771163415,-8.393441409339745,19.194259120973896,-3.2731153710035312,,,,,,,,,,,,,,60,100,-60,,,,,,,,,,,0,-95,-99,10.80081771163415,-8.393441409339745,19.194259120973896,-3.2731153710035312,,,,,,,,,,,,,,60,100,-60,,,,,,,,,,
1627257600,35348.5,40555,35174.5,37235,44638.59,33471.857260270364,34115.67166840903,181847.223,0,-95,-99,32.126532290471104,11.854049023961318,20.272483266509788,-1.8294715494367022,,,,,,,,,,,,,,60,100,-60,,,,,,,,,,,0,-95,-99,32.126532290471104,11.854049023961318,20.272483266509788,-1.8294715494367022,,,,,,,,,,,,,,60,100,-60,,,,,,,,,,
1627344000,37235,39486.5,36396.5,39440.5,44632.585,34014.461145700334,35298.96685320702,101395.283,0,-95,-99,45.188620873054276,29.37199029171984,15.816630581334437,1.6707585920195038,,,,,,,,,,,,,,60,100,-60,,,,,,,,,,,0,-95,-99,45.188620873054276,29.37199029171984,15.816630581334437,1.6707585920195038,,,,,,,,,,,,,,60,100,-60,,,,,,,,,,
1627430400,39440.5,40874,38719,39995,44632.1875,34558.14649609121,36342.529774716575,108130.824,0,-95,-99,55.0352688472589,44.11680733692808,10.918461510330815,3.0243040263391814,,,,,,,,,,,,,,60,100,-60,,,,,,,,,,,0,-95,-99,55.0352688472589,44.11680733692808,10.918461510330815,3.0243040263391814,,,,,,,,,,,,,,60,100,-60,,,,,,,,,,
1627516800,39995,40602,39250,39990.5,44641.2925,35051.99681462837,37153.18982477956,67475.488,0,-95,-99,59.41958458785896,53.21449143605738,6.205093151801577,2.16672010125792,,,,,,,,,,,,,,60,100,-60,,,,,,,,,,,0,-95,-99,59.41958458785896,53.21449143605738,6.205093151801577,2.16672010125792,,,,,,,,,,,,,,60,100,-60,,,,,,,,,,
1627603200,39990.5,42300,38305,42209.5,44675.4525,35702.67892238943,38276.814308161884,78071.314,0,-95,-99,62.86440842303654,59.1064206193848,3.757987803651737,2.353641881145591,,,,,,74.83973760998036,,,,,,,,60,100,-60,,,,,,,,,,,0,-95,-99,62.86440842303654,59.1064206193848,3.757987803651737,2.353641881145591,,,,,,74.83973760998036,,,,,,,,60,100,-60,,,,,,,,,,
1627689600,42209.5,42421.5,41016,41445.5,44712.285,36224.753565808576,38980.96668412591,52744.762,0,-95,-99,64.85805099018546,62.38068133369365,2.4773696564918097,1.6495093748257696,,,,,,,,,,,,,,60,100,-60,,,,,,,,,,,0,-95,-99,64.85805099018546,62.38068133369365,2.4773696564918097,1.6495093748257696,,,,,,,,,,,,,,60,100,-60,,,,,,,,,,
1627776000,41445.5,42600,39389,39836.5,44724.38,36553.09415073507,39171.085198764595,70335.184,0,-95,-99,61.85810075869251,63.19352005730483,-1.3354192986123223,-0.5899432221679732,63.19352005730483,,63.19352005730483,,,,,,,,,,,60,100,-60,108,,,,63.19352005730483,,105,,,,0,-95,-99,61.85810075869251,63.19352005730483,-1.3354192986123223,-0.5899432221679732,63.19352005730483,,63.19352005730483,,,,,,,,,,,60,100,-60,108,,,,63.19352005730483,,105,,,
1627862400,39836.5,40450,38662,39165,44724.3675,36790.54013703189,39169.73293237246,63791.587,0,-95,-99,54.708509779281556,60.47488717605318,-5.766377396771624,-3.4051057615215115,,,,,,,,,,,,,,60,100,-60,,,,,,,,,,,0,-95,-99,54.708509779281556,60.47488717605318,-5.766377396771624,-3.4051057615215115,,,,,,,,,,,,,,60,100,-60,,,,,,,,,,
1627948800,39165,39780,37593,38208.5,44731.8275,36919.4455791199,38956.125614067474,66906.198,0,-95,-99,44.641184532527475,53.735931690167185,-9.09474715763971,-2.874129591727202,,,,,,,,,,,,,,60,100,-60,,,,,,,,,,,0,-95,-99,44.641184532527475,53.735931690167185,-9.09474715763971,-2.874129591727202,,,,,,,,,,,,,,60,100,-60,,,,,,,,,,
1628035200,38208.5,39952,37375.5,39715.5,44750.4275,37173.632344654456,39124.87547760804,63580.235,0,-95,-99,38.77409875198194,46.04126435459699,-7.2671656026150515,-0.314273543044306,,,,,,,,,,,,,,60,100,-60,,,,,,,,,,,0,-95,-99,38.77409875198194,46.04126435459699,-7.2671656026150515,-0.314273543044306,,,,,,,,,,,,,,60,100,-60,,,,,,,,,,
1628121600,39715.5,41346.5,37281,40848.5,44775.3125,37507.71122241314,39507.9031492507,94663.924,0,-95,-99,38.53912599060873,40.65146975837272,-2.1123437677639885,-0.2232114197336581,,,,,,,,,,,52.12923839563146,,,60,100,-60,,,,,,,,,,,0,-95,-99,38.53912599060873,40.65146975837272,-2.1123437677639885,-0.2232114197336581,,,,,,,,,,,52.12923839563146,,,60,100,-60,,,,,,,,,,
1628208000,40848.5,43481.5,39870,42799.5,44806,37988.78292946649,40239.36911608388,92211.053,0,-95,-99,48.16779944784311,41.827008063477926,6.340791384365183,2.7007694173621637,,,,,,,,,,,,,,60,100,-60,,,,,41.827008063477926,,,,,,0,-95,-99,48.16779944784311,41.827008063477926,6.340791384365183,2.7007694173621637,,,,,,,,,,,,,,60,100,-60,,,,,41.827008063477926,,,,,
1628294400,42799.5,44784,42360,44578.5,44849.435,38587.84811769681,41203.62042362079,80381.621,0,-95,-99,58.71102548653401,48.47265030832862,10.238375178205395,4.713071075052363,,,,,,,,,,,,,,60,100,-60,,,,,,,,,,,0,-95,-99,58.71102548653401,48.47265030832862,10.238375178205395,4.713071075052363,,,,,,,,,,,,,,60,100,-60,,,,,,,,,,
1628380800,44578.5,45319.5,43288,43806,44891.095,39062.22556154256,41781.92699614951,71082.833,0,-95,-99,63.63213696498541,56.836987299787516,6.795149665197897,1.8008580981653948,,,,,,,,,,,,,,60,100,-60,,,,,,,,,,,0,-95,-99,63.63213696498541,56.836987299787516,6.795149665197897,1.8008580981653948,,,,,,,,,,,,,,60,100,-60,,,,,,,,,,
1628467200,43806,46465,42800,46258,44967.8275,39716.3868741296,42776.60988589406,77887.062,0,-95,-99,67.66978117977094,63.33764787709679,4.332133302674144,4.16483459746193,,,,,,72.64090782900328,,,,,,,,60,100,-60,,,,,,,,,,,0,-95,-99,67.66978117977094,63.33764787709679,4.332133302674144,4.16483459746193,,,,,,72.64090782900328,,,,,,,,60,100,-60,,,,,,,,,,
1628553600,46258,46737.5,44667,45580.5,45030.8825,40249.48806739055,43399.6965779176,58631.02,0,-95,-99,69.43329966252539,66.91173926909391,2.5215603934314714,2.4640559904953516,,,,,,,,,,,,,,60,100,-60,,,,,,,,,,,0,-95,-99,69.43329966252539,66.91173926909391,2.5215603934314714,2.4640559904953516,,,,,,,,,,,,,,60,100,-60,,,,,,,,,,
1628640000,45580.5,46728.5,45348,45520,45097.985,40728.62551580959,43870.87511615814,52107.825,0,-95,-99,69.13891765014463,68.74733283081365,0.391584819330987,3.9441779183124783,68.74733283081365,,68.74733283081365,,,,,,,79.02937312786109,,,,60,100,-60,,,,,,,,,,,0,-95,-99,69.13891765014463,68.74733283081365,0.391584819330987,3.9441779183124783,68.74733283081365,,68.74733283081365,,,,,,,79.02937312786109,,,,60,100,-60,,,,,,,,,,
1628726400,45520,46220,43810,44410,45158.9125,41063.295923463265,43990.68064590077,59451.15,0,-95,-99,63.8767313738144,67.48298289549481,-3.606251521680413,0.8943415129577525,,,,,,,,,,,,,,60,100,-60,,,108,,67.48298289549481,,105,,,,0,-95,-99,63.8767313738144,67.48298289549481,-3.606251521680413,0.8943415129577525,,,,,,,,,,,,,,60,100,-60,,,108,,67.48298289549481,,105,,,
1628812800,44410,47956,44220,47790,45236.44,41674.8144758757,44834.9738357006,58543.34,0,-95,-99,65.02406218594395,66.01323706996767,-0.9891748840237256,1.5046343344530984,,,,,,71.21924969449377,,,,,,,,60,100,-60,,,,,,,,,,,0,-95,-99,65.02406218594395,66.01323706996767,-0.9891748840237256,1.5046343344530984,,,,,,71.21924969449377,,,,,,,,60,100,-60,,,,,,,,,,
1628899200,47790,48280.5,46022,47080,45309.485,42166.194978068816,45333.86853887825,48200.232,0,-95,-99,65.47856541046824,64.7931196567422,0.6854457537260288,1.2215553852309684,,,,,,,,,,,,,,60,100,-60,,,,,64.7931196567422,,,,,,0,-95,-99,65.47856541046824,64.7931196567422,0.6854457537260288,1.2215553852309684,,,,,,,,,,,,,,60,100,-60,,,,,64.7931196567422,,,,,
1628985600,47080,47382,45510,46998,45392.6,42605.449980062556,45703.67553023864,45021.423,0,-95,-99,62.467463215211396,64.32336360387454,-1.8559003886631444,3.0131564987968336,,,,,,,,,,77.37390812604988,,,,60,100,-60,,,,,64.32336360387454,,105,,,,0,-95,-99,62.467463215211396,64.32336360387454,-1.8559003886631444,3.0131564987968336,,,,,,,,,,77.37390812604988,,,,60,100,-60,,,,,64.32336360387454,,105,,,
1629072000,46998,48341,45713,45955.5,45455.5825,42909.99998187505,45759.63652351894,54615.405,0,-95,-99,59.21538522610767,62.387137950595786,-3.1717527244881154,2.3684433055010805,,,,,,,,,,,,,,60,100,-60,,,,,,,,,,,0,-95,-99,59.21538522610767,62.387137950595786,-3.1717527244881154,2.3684433055010805,,,,,,,,,,,,,,60,100,-60,,,,,,,,,,
1629158400,45955.5,47300,44420,44726,45508.1025,43075.09089261368,45529.93951829251,61511.181,0,-95,-99,50.07328283900789,57.252043760109,-7.178760921101109,3.1574026814076657,,,,,,,,,,,,,,60,100,-60,,,,,,,,,,,0,-95,-99,50.07328283900789,57.252043760109,-7.178760921101109,3.1574026814076657,,,,,,,,,,,,,,60,100,-60,,,,,,,,,,
1629244800,44726,46000,44300,44730,45560.215,43225.537175103345,45352.17518089417,51428.736,0,-95,-99,39.3539577150266,49.54754192671407,-10.193584211687465,3.6155927266565344,,,,,,,,,,,,,,60,100,-60,,,,,,,,,,,0,-95,-99,39.3539577150266,49.54754192671407,-10.193584211687465,3.6155927266565344,,,,,,,,,,,,,,60,100,-60,,,,,,,,,,
1629331200,44730,47075,44000,46738,45628.265,43544.85197736668,45660.13625180658,65759.921,0,-95,-99,37.28307303907635,42.236771197703625,-4.953698158627276,5.176519312976828,,,,,,,,,,,17.829057196498795,,,60,100,-60,,,,,,,,,,,0,-95,-99,37.28307303907635,42.236771197703625,-4.953698158627276,5.176519312976828,,,,,,,,,,,17.829057196498795,,,60,100,-60,,,,,,,,,,
1629417600,46738,49479.5,46638.5,49298.5,45706.9775,44067.91088851516,46468.66152918289,61043.432,0,-95,-99,49.272144917609,41.96972522390399,7.302419693705005,9.66302799872393,,,,,,69.24975726849166,,,,,,,,60,100,-60,,,,,41.96972522390399,,,,,,0,-95,-99,49.272144917609,41.96972522390399,7.302419693705005,9.66302799872393,,,,,,69.24975726849166,,,,,,,,60,100,-60,,,,,41.96972522390399,,,,,
1629504000,49298.5,49800,48250,48800.5,45773.4475,44498.14626228651,46986.84785603114,52878.629,0,-95,-99,56.73560441752861,47.76360745807133,8.971996959457286,8.375399240572854,,,,,,,,,,,,,,60,100,-60,,,,,,,,,,,0,-95,-99,56.73560441752861,47.76360745807133,8.971996959457286,8.375399240572854,,,,,,,,,,,,,,60,100,-60,,,,,,,,,,
1629590400,48800.5,49520,47974.5,49248.5,45831.6775,44929.996602078645,47489.437221357555,46436.938,0,-95,-99,59.497071469995866,55.16827360171117,4.3287978682846955,8.160106458730416,,,,,,,,,,,,,,60,100,-60,,,,,,,,,,,0,-95,-99,59.497071469995866,55.16827360171117,4.3287978682846955,8.160106458730416,,,,,,,,,,,,,,60,100,-60,,,,,,,,,,
1629676800,49248.5,50490,49060.5,49535,45894.4225,45348.63327461695,47944.006727722546,56016.2,0,-95,-99,62.814561729326755,59.68241253895042,3.1321491903763317,7.807055759835901,,,,,,68.71022414609502,,,,68.23962516837818,,,,60,100,-60,,,,,,,,,,,0,-95,-99,62.814561729326755,59.68241253895042,3.1321491903763317,7.807055759835901,,,,,,68.71022414609502,,,,68.23962516837818,,,,60,100,-60,,,,,,,,,,
1629763200,49535,49840,47627,47747,45941.7025,45566.66661328814,47900.227454895314,64246.91,0,-95,-99,57.43271533056637,59.91478284329634,-2.4820675127299694,7.633368638671934,59.91478284329634,,59.91478284329634,,,,,,,,,,,60,100,-60,,,108,,59.91478284329634,,105,,106,,0,-95,-99,57.43271533056637,59.91478284329634,-2.4820675127299694,7.633368638671934,59.91478284329634,,59.91478284329634,,,,,,,,,,,60,100,-60,,,108,,59.91478284329634,,105,,106,
1629849600,47747,49230,47200,48965.5,45989.935,45875.651466625575,48136.9546871408,63923.719,0,-95,-99,52.90298917344422,57.716755411112466,-4.813766237668247,8.489986710798956,,,,,,,,,,,,,,60,100,-60,,,,,,,,,,,0,-95,-99,52.90298917344422,57.716755411112466,-4.813766237668247,8.489986710798956,,,,,,,,,,,,,,60,100,-60,,,,,,,,,,
1629936000,48965.5,49338.5,46300,46868,46030.1475,45965.86496965961,47854.96475666507,73250.438,0,-95,-99,41.63878187772872,50.65816212724645,-9.01938024951773,4.571439838586316,,,,,,,,,,,,,,60,100,-60,,,,,,,,,,,0,-95,-99,41.63878187772872,50.65816212724645,-9.01938024951773,4.571439838586316,,,,,,,,,,,,,,60,100,-60,,,,,,,,,,
1630022400,46868,49144,46400,49047,46043.3825,46245.96815423601,48119.861477406164,67662.335,0,-95,-99,38.36899460604191,44.30358855240496,-5.9345939463630515,6.93035259402016,,,,,,,,,,,,,,60,100,-60,,,,,,,,,,,0,-95,-99,38.36899460604191,44.30358855240496,-5.9345939463630515,6.93035259402016,,,,,,,,,,,,,,60,100,-60,,,,,,,,,,
1630108800,49047,49275.5,48411,48890.5,46055.595,46486.380140214555,48291.114482427016,39770.342,0,-95,-99,41.08873398220903,40.3655034886599,0.7232304935491314,4.950774994278778,,,,,,,,,,,25.08636915234965,,,60,100,-60,,,,,40.3655034886599,,,,,,0,-95,-99,41.08873398220903,40.3655034886599,0.7232304935491314,4.950774994278778,,,,,,,,,,,25.08636915234965,,,60,100,-60,,,,,40.3655034886599,,,,,
1630195200,48890.5,49710.5,47789.5,48747.5,46075.2,46691.93649110414,48392.533486332126,50252.368,0,-95,-99,41.215479391018675,40.22440265975655,0.991076731262126,5.877226513241226,,,,,,,,,,33.23198129882176,,,,60,100,-60,,,,,,,,,,,0,-95,-99,41.215479391018675,40.22440265975655,0.991076731262126,5.877226513241226,,,,,,,,,,33.23198129882176,,,,60,100,-60,,,,,,,,,,
1630281600,48747.5,48862,46908,47027,46070.245,46722.39681009467,48089.081600480546,55683.504,0,-95,-99,28.08566411067696,36.796625827968235,-8.710961717291276,5.328579207515389,,,,,,,,,,,,,,60,100,-60,,,108,,36.796625827968235,,,,,,0,-95,-99,28.08566411067696,36.796625827968235,-8.710961717291276,5.328579207515389,,,,,,,,,,,,,,60,100,-60,,,108,,36.796625827968235,,,,,
1630368000,47027,48233,46680,47180,46069.545,46763.99710008607,47887.063467040425,52476.72,0,-95,-99,15.433607062437996,28.24491685471122,-12.811309792273224,5.038871814228977,,,,,,,,,,,,,,60,100,-60,,,,,,,,,,,0,-95,-99,15.433607062437996,28.24491685471122,-12.811309792273224,5.038871814228977,,,,,,,,,,,,,,60,100,-60,,,,,,,,,,
1630454400,47180,49096,46585,48827,46077.7225,46951.54281826006,48095.93825214255,53156.382,0,-95,-99,15.903358808589402,19.807543327234796,-3.904184518645394,5.243679181990199,,,,,,,,,,,14.058863654499854,,,60,100,-60,,,,,,,,,,,0,-95,-99,15.903358808589402,19.807543327234796,-3.904184518645394,5.243679181990199,,,,,,,,,,,14.058863654499854,,,60,100,-60,,,,,,,,,,
1630540800,48827,50400,48561,49322,46080.83,47167.03892569096,48368.3964183331,59400.734,0,-95,-99,29.701767720666144,20.346244530564523,9.355523190101621,4.8919177185806335,,,,,,,,,,,,,,60,100,-60,,,,,20.346244530564523,,,,,,0,-95,-99,29.701767720666144,20.346244530564523,9.355523190101621,4.8919177185806335,,,,,,,,,,,,,,60,100,-60,,,,,20.346244530564523,,,,,
1630627200,49322,51037.5,48400,50035.5,46091.195,47427.80811426451,48738.86388092574,70433.186,0,-95,-99,40.46907724219994,28.691401257151835,11.777675985048102,7.4242467950858195,,,,,,,,,,,,,,60,100,-60,,,,,,,,,,,0,-95,-99,40.46907724219994,28.691401257151835,11.777675985048102,7.4242467950858195,,,,,,,,,,,,,,60,100,-60,,,,,,,,,,
1630713600,50035.5,50552,49430,49940.5,46095.015,47656.234649331374,49005.89412960891,38638.055,0,-95,-99,47.12417408542799,39.098339682764696,8.025834402663293,6.37197747584708,,,,,,,,,,,,,,60,100,-60,,,,,,,,,,,0,-95,-99,47.12417408542799,39.098339682764696,8.025834402663293,6.37197747584708,,,,,,,,,,,,,,60,100,-60,,,,,,,,,,
1630800000,49940.5,51859.5,49550,51641.5,46092.32,48018.53149939216,49591.58432302915,41638.86,0,-95,-99,56.69531789345806,48.096189740362,8.59912815309606,8.866740402746753,,,,,,,,,,,,,,60,100,-60,,,,,,,,,,,0,-95,-99,56.69531789345806,48.096189740362,8.59912815309606,8.866740402746753,,,,,,,,,,,,,,60,100,-60,,,,,,,,,,
1630886400,51641.5,52753.5,51083.5,52588.5,46097.3725,48433.9831812656,50257.56558457823,39401.087,0,-95,-99,66.01287632644674,56.61078943511094,9.402086891335806,11.66998797846359,56.61078943511094,,56.61078943511094,,,68.54723890266027,,,,72.04978876769493,,,,60,100,-60,,,,,,,,,106,,0,-95,-99,66.01287632644674,56.61078943511094,9.402086891335806,11.66998797846359,56.61078943511094,,56.61078943511094,,,68.54723890266027,,,,72.04978876769493,,,,60,100,-60,,,,,,,,,106,
1630972800,52588.5,52858,42330,46839.5,46051.905,48289.030164786906,49497.99545467196,129172.779,0,-95,-99,41.458212278084616,54.722135499329816,-13.2639232212452,8.96575597232979,,,,,,,,,,,,,,60,100,-60,,,,,54.722135499329816,,105,,,,0,-95,-99,41.458212278084616,54.722135499329816,-13.2639232212452,8.96575597232979,,,,,,,,,,,,,,60,100,-60,,,,,54.722135499329816,,105,,,
1631059200,46839.5,47330,44444,46090,46002.88,48089.11833162446,48740.66313141152,69069.38,0,-95,-99,18.59562341932918,42.02223734128685,-23.426613921957674,8.970945847706066,,,,,,,,,,,,,,60,100,-60,,,,,,,,,,,0,-95,-99,18.59562341932918,42.02223734128685,-23.426613921957674,8.970945847706066,,,,,,,,,,,,,,60,100,-60,,,,,,,,,,
1631145600,46090,47428,45500,46384.5,45947.5075,47934.153028749504,48217.071324431185,48007.866,0,-95,-99,5.007590650533226,21.687142115982354,-16.67955146544913,7.825965631530748,,,,,,,,,,,,,,60,100,-60,,,,,,,,,,,0,-95,-99,5.007590650533226,21.687142115982354,-16.67955146544913,7.825965631530748,,,,,,,,,,,,,,60,100,-60,,,,,,,,,,
1631232000,46384.5,47043,44151,44871,45901.6575,47655.68457159046,47473.49991900203,56473.353,0,-95,-99,-8.641808659874872,4.9871351366625225,-13.628943796537396,7.977901467457441,,,,,,,,,,,,,,60,100,-60,,,,,,,,,,,0,-95,-99,-8.641808659874872,4.9871351366625225,-13.628943796537396,7.977901467457441,,,,,,,,,,,,,,60,100,-60,,,,,,,,,,
1631318400,44871,45971.5,44756,45189,45883.19,47431.440519627686,46965.833270334915,34418.617,0,-95,-99,-17.78229555316126,-7.138837854167623,-10.643457698993636,9.525216839172398,,,,,,,,,,,2.435906565546477,,,60,100,-60,,,,,,,,,,,0,-95,-99,-17.78229555316126,-7.138837854167623,-10.643457698993636,9.525216839172398,,,,,,,,,,,2.435906565546477,,,60,100,-60,,,,,,,,,,
1631404800,45189,46460,44772,46027.5,45864.68,47303.809563297895,46757.314765816045,38197.812,0,-95,-99,-21.950532105626202,-16.12487877288743,-5.825653332738771,10.632707651434494,,,,,,,,,,,,,,60,100,-60,,,,,,,,,,,0,-95,-99,-21.950532105626202,-16.12487877288743,-5.825653332738771,10.632707651434494,,,,,,,,,,,,,,60,100,-60,,,,,,,,,,
1631491200,46027.5,46900,43199.5,44955,45853.79,47090.281421179905,46356.80037341248,69994.594,0,-95,-99,-27.853112679103095,-22.52864677929684,-5.324465899806256,11.097390444407505,,,,,,,,,,,,,,60,100,-60,,,,,,,,,,,0,-95,-99,-27.853112679103095,-22.52864677929684,-5.324465899806256,11.097390444407505,,,,,,,,,,,,,,60,100,-60,,,,,,,,,,
1631577600,44955,47218,44622,47089,45857.6175,47090.164928345366,46519.51140154304,43927.657,0,-95,-99,-24.85276013049619,-24.88546830507515,0.03270817457896058,14.182851064296091,,,,,,,,,,,,,,60,100,-60,,-108,,,-24.88546830507515,,,,,,0,-95,-99,-24.85276013049619,-24.88546830507515,0.03270817457896058,14.182851064296091,,,,,,,,,,,,,,60,100,-60,,-108,,,-24.88546830507515,,,,,
1631664000,47089,48447,46699,48100,45867.4325,47181.968116677606,46870.73109008903,38088.8,0,-95,-99,-12.995304815658098,-21.90039254175245,8.90508772609435,15.207913858523643,,,,,,,,,,,,,,60,100,-60,,,,,,,,,,,0,-95,-99,-12.995304815658098,-21.90039254175245,8.90508772609435,15.207913858523643,,,,,,,,,,,,,,60,100,-60,,,,,,,,,,
1631750400,48100,48435,47055,47766,45880.4825,47235.06192425237,47069.67973673591,38942.575,0,-95,-99,-4.030494421871632,-13.959519789341963,9.92902536747033,14.127881140383511,,,,,,,,,,,,,,60,100,-60,,,,,,,,,,,0,-95,-99,-4.030494421871632,-13.959519789341963,9.92902536747033,14.127881140383511,,,,,,,,,,,,,,60,100,-60,,,,,,,,,,
1631836800,47766,48108,46788,47276,45868.8475,47238.783567502156,47115.52868412793,34153.802,0,-95,-99,0.19169324930886322,-5.611368662740278,5.803061912049142,14.822154247234906,,,,,,,,,,,,,,60,100,-60,,,,,,,,,,,0,-95,-99,0.19169324930886322,-5.611368662740278,5.803061912049142,14.822154247234906,,,,,,,,,,,,,,60,100,-60,,,,,,,,,,
1631923200,47276,48800,47061,48300,45868.015,47335.25778863832,47378.7445320995,31307.498,0,-95,-99,8.665991781583859,1.6090635363403631,7.056928245243496,17.786876192884097,,,,,,,,,,38.429722564962724,,,,60,100,-60,,,,,,,,,,,0,-95,-99,8.665991781583859,1.6090635363403631,7.056928245243496,17.786876192884097,,,,,,,,,,38.429722564962724,,,,60,100,-60,,,,,,,,,,
1632009600,48300,48340.5,46880,47274.5,45852.3875,47329.73435330757,47355.579080521835,34445.799,0,-95,-99,9.939461970060202,6.265715666984309,3.6737463030758937,14.28726324917098,,,,,,,,,,,,,,60,100,-60,,,,,,,,,,,0,-95,-99,9.939461970060202,6.265715666984309,3.6737463030758937,14.28726324917098,,,,,,,,,,,,,,60,100,-60,,,,,,,,,,
1632096000,47274.5,47342,42500,43057,45825.6925,46941.303957552336,46400.33928485031,91656.427,0,-95,-99,-12.994399055886637,1.870351565252476,-14.864750621139112,11.512710304289524,,,,,,,,,,,,,,60,100,-60,,,108,,1.870351565252476,,,,,,0,-95,-99,-12.994399055886637,1.870351565252476,-14.864750621139112,11.512710304289524,,,,,,,,,,,,,,60,100,-60,,,108,,1.870351565252476,,,,,
1632182400,43057,43600,39520,40724.5,45785.4425,46376.139961411216,45139.041665994686,102692.021,0,-95,-99,-35.90605499465231,-12.98699736015958,-22.91905763449273,7.989811879652494,,,,,,,,,,,,,,60,100,-60,,,,,,,,,,,0,-95,-99,-35.90605499465231,-12.98699736015958,-22.91905763449273,7.989811879652494,,,,,,,,,,,,,,60,100,-60,,,,,,,,,,
1632268800,40724.5,43970,40564.5,43529,45758.7175,46117.30905582838,44781.25462910698,66174.576,0,-95,-99,-43.04365512362446,-30.6480363913878,-12.39561873223666,8.528145981436586,,,,,,,,,,,16.205839310312047,,,60,100,-60,,,,,,,,,,,0,-95,-99,-43.04365512362446,-30.6480363913878,-12.39561873223666,8.528145981436586,,,,,,,,,,,16.205839310312047,,,60,100,-60,,,,,,,,,,
1632355200,43529,45006,43058,44825,45727.945,45999.826414389434,44790.975822638764,51179.731,0,-95,-99,-40.08248850209665,-39.677399540124476,-0.4050889619721758,8.362340237026626,,,,,,,,,,,,,,60,100,-60,,,,,,,,,,,0,-95,-99,-40.08248850209665,-39.677399540124476,-0.4050889619721758,8.362340237026626,,,,,,,,,,,,,,60,100,-60,,,,,,,,,,
1632441600,44825,45080,40647.5,42802.5,45680.2575,45709.160376717664,44349.092306496816,93028.82,0,-95,-99,-44.16145830966436,-42.429200645128496,-1.7322576645358652,6.345073366043783,,,,,,,,,,,,,,60,100,-60,,,,,,,,,,,0,-95,-99,-44.16145830966436,-42.429200645128496,-1.7322576645358652,6.345073366043783,,,,,,,,,,,,,,60,100,-60,,,,,,,,,,
1632528000,42802.5,42950,41667,42639.5,45618.8325,45430.10034247061,43969.18290505308,46887.753,0,-95,-99,-47.68561611763809,-43.97652097646637,-3.709095141171723,4.24307328784922,,,,,,,,,,46.94076743228674,,,,60,100,-60,,,,,,,,,,,0,-95,-99,-47.68561611763809,-43.97652097646637,-3.709095141171723,4.24307328784922,,,,,,,,,,46.94076743228674,,,,60,100,-60,,,,,,,,,,
1632614400,42639.5,43984,40750.5,43168.5,45555.02,45224.50031133692,43791.25337059684,64621.027,0,-95,-99,-47.979575998290755,-46.608883475197736,-1.3706925230930196,4.008801362238669,,,,,,,,,,,,,,60,100,-60,,,,,,,,,,,0,-95,-99,-47.979575998290755,-46.608883475197736,-1.3706925230930196,4.008801362238669,,,,,,,,,,,,,,60,100,-60,,,,,,,,,,
1632700800,43168.5,44343.5,42110,42170,45476.82,44946.81846485174,43430.97484379754,53169.251,0,-95,-99,-45.98909786381129,-47.21809665991338,1.2289987961020898,2.899481893564376,,,,,,,,,,,,,,60,100,-60,,-108,,,-47.21809665991338,,,,,,0,-95,-99,-45.98909786381129,-47.21809665991338,1.2289987961020898,2.899481893564376,,,,,,,,,,,,,,60,100,-60,,-108,,,-47.21809665991338,,,,,
1632787200,42170,42730,40854,41006.5,45395.6625,44588.60769531976,42892.20265628698,62369.432,0,-95,-99,-50.78455098112197,-48.25107494774134,-2.53347603338063,-0.039635266478427855,,,,,,,,,,,,,,60,100,-60,,,,,-48.25107494774134,,,,,,0,-95,-99,-50.78455098112197,-48.25107494774134,-2.53347603338063,-0.039635266478427855,,,,,,,,,,,,,,60,100,-60,,,,,-48.25107494774134,,,,,
1632873600,41006.5,42550,40728.5,41520,45296.7125,44309.643359381604,42587.26873266765,52430.169,0,-95,-99,-52.27981737149724,-49.68448873881017,-2.595328632687071,2.024088010756911,,,,-49.68448873881017,,,,,,,33.047128232645264,,,60,100,-60,,,,,,,,,,,0,-95,-99,-52.27981737149724,-49.68448873881017,-2.595328632687071,2.024088010756911,,,,-49.68448873881017,,,,,,,33.047128232645264,,,60,100,-60,,,,,,,,,,
1632960000,41520,44100,41406,43757.5,45220.16,44259.44850852873,42847.32012540817,66031.645,0,-95,-99,-42.65409593338859,-48.57282142866927,5.9187254952806825,5.3531864409628405,,,,,,,,,,,,,,60,100,-60,,-108,,,-48.57282142866927,,,,,,0,-95,-99,-42.65409593338859,-48.57282142866927,5.9187254952806825,5.3531864409628405,,,,,,,,,,,,,,60,100,-60,,-108,,,-48.57282142866927,,,,,
1633046400,43757.5,48440,43273,48092.5,45182.585,44607.90773502612,44012.915653095246,78777.621,0,-95,-99,-16.058370012118836,-36.997427772334895,20.93905776021606,8.389529977361661,,,,,,,,,,,,,,60,100,-60,,,,,,,,,,,0,-95,-99,-16.058370012118836,-36.997427772334895,20.93905776021606,8.389529977361661,,,,,,,,,,,,,,60,100,-60,,,,,,,,,,
1633132800,48092.5,48315,47439,47650,45136.1475,44884.461577296475,44821.15661907408,29182.812,0,-95,-99,4.594420785458933,-18.039348386682832,22.633769172141765,8.220080287099778,,,,,,,,,,,,,,60,100,-60,,,,,,,,,,,0,-95,-99,4.594420785458933,-18.039348386682832,22.633769172141765,8.220080287099778,,,,,,,,,,,,,,60,100,-60,,,,,,,,,,
1633219200,47650,49357,47098,48175.5,45082.61,45183.64688845134,45566.56625927984,36264.103,0,-95,-99,18.49204746272845,2.3426994120228435,16.14934805070561,7.33938792834625,,,,,,,,,,,,,,60,100,-60,,,,,,,,,,,0,-95,-99,18.49204746272845,2.3426994120228435,16.14934805070561,7.33938792834625,,,,,,,,,,,,,,60,100,-60,,,,,,,,,,
1633305600,48175.5,49500,46902.5,49176.5,45040.0625,45546.63353495576,46368.773757217656,56483.104,0,-95,-99,27.92999158411272,17.0054866107667,10.924504973346021,7.606098028795948,,,,,,,,,,,,,,60,100,-60,,,,,,,,,,,0,-95,-99,27.92999158411272,17.0054866107667,10.924504973346021,7.606098028795948,,,,,,,,,,,,,,60,100,-60,,,,,,,,,,
1633392000,49176.5,51908,48988.5,51470.5,45006.8125,46085.16684995979,47502.49070005817,49620.339,0,-95,-99,39.41921926285298,28.613752769898046,10.805466492954931,8.219928626506253,,,,,,,,,,,,,,60,100,-60,,,,,,,,,,,0,-95,-99,39.41921926285298,28.613752769898046,10.805466492954931,8.219928626506253,,,,,,,,,,,,,,60,100,-60,,,,,,,,,,
1633478400,51470.5,56413,50339.5,55337.5,44992.58,46926.28804541799,49243.60387782302,72446.619,0,-95,-99,51.8090432095874,39.71941801885103,12.08962519073637,7.976902448425365,,,,,,70.73554413912899,,,,99.69367029386865,,,,60,100,-60,,,,,,,,,,,0,-95,-99,51.8090432095874,39.71941801885103,12.08962519073637,7.976902448425365,,,,,,70.73554413912899,,,,99.69367029386865,,,,60,100,-60,,,,,,,,,,
1633564800,55337.5,55338,53357,53818,44974.915,47552.807314016354,50260.1363494179,42385.979,0,-95,-99,57.65311447801447,49.62712565015161,8.02598882786286,7.00996255065423,,,,,,,,,,,,,,60,100,-60,,,,,,,,,,,0,-95,-99,57.65311447801447,49.62712565015161,8.02598882786286,7.00996255065423,,,,,,,,,,,,,,60,100,-60,,,,,,,,,,
1633651200,53818,56250,53630,53964,44974.18,48135.64301274214,51083.217160658365,41408.545,0,-95,-99,60.46017411290821,56.64077726683669,3.8193968460715197,5.476697083005855,,,,,,,,,,,,,,60,100,-60,,,,,,,,,,,0,-95,-99,60.46017411290821,56.64077726683669,3.8193968460715197,5.476697083005855,,,,,,,,,,,,,,60,100,-60,,,,,,,,,,
1633737600,53964,55550,53717,54968,44976.935,48756.766375220126,51946.502236067616,28741.666,0,-95,-99,60.91378025183643,59.67568961425303,1.2380906375833973,7.664076083969302,,,,,,,,,,,,,,60,100,-60,,,,,,,,,,,0,-95,-99,60.91378025183643,59.67568961425303,1.2380906375833973,7.664076083969302,,,,,,,,,,,,,,60,100,-60,,,,,,,,,,
1633824000,54968,56666,54135,54724.5,44988.9475,49299.28761383648,52563.83507249704,41017.303,0,-95,-99,60.59376689066688,60.655907085137166,-0.06214019447028818,7.533120254973944,,,,,,,,,,,90.04095259424122,,,60,100,-60,,,,,60.655907085137166,,105,,,,0,-95,-99,60.59376689066688,60.655907085137166,-0.06214019447028818,7.533120254973944,,,,,,,,,,,90.04095259424122,,,60,100,-60,,,,,60.655907085137166,,105,,,
1633910400,54724.5,57881,54496,57487.5,45019.535,50043.67055803316,53657.98283416436,46155.857,0,-95,-99,61.85134992441789,61.1196323556404,0.7317175687774906,10.725192921178888,61.1196323556404,,61.1196323556404,,,71.39854862759752,,,,92.54232231645932,,,,60,100,-60,,,,,61.1196323556404,,,,,,0,-95,-99,61.85134992441789,61.1196323556404,0.7317175687774906,10.725192921178888,61.1196323556404,,61.1196323556404,,,71.39854862759752,,,,92.54232231645932,,,,60,100,-60,,,,,61.1196323556404,,,,,
1633996800,57487.5,57833.5,53700,56006,45024.565,50585.70050730288,54179.76442657228,54458.931,0,-95,-99,59.48344498427284,60.6428539331192,-1.1594089488463553,7.5673832012040325,,,,,,,,,,,,,,60,100,-60,,,108,,60.6428539331192,,105,,,,0,-95,-99,59.48344498427284,60.6428539331192,-1.1594089488463553,7.5673832012040325,,,,,,,,,,,,,,60,100,-60,,,108,,60.6428539331192,,105,,,
1634083200,56006,57799.5,54265.5,57369.5,45032.115,51202.40955209352,54888.59455400066,50694.569,0,-95,-99,58.090939399930484,59.80857810287373,-1.7176387029432476,9.317861633371063,,,,,,,,,,,,,,60,100,-60,,,,,,,,,,,0,-95,-99,58.090939399930484,59.80857810287373,-1.7176387029432476,9.317861633371063,,,,,,,,,,,,,,60,100,-60,,,,,,,,,,
1634169600,57369.5,58653,56747,57355.5,45040.0925,51761.78141099411,55436.795764222734,38579.275,0,-95,-99,58.52501323350209,58.6997992059018,-0.17478597239971094,9.409007116371216,,,,,,,,,,,87.62540861673057,,,60,100,-60,,,,,,,,,,,0,-95,-99,58.52501323350209,58.6997992059018,-0.17478597239971094,9.409007116371216,,,,,,,,,,,87.62540861673057,,,60,100,-60,,,,,,,,,,
1634256000,57355.5,63801,56900,61743.5,45060.2625,52669.21037363101,56838.28559439546,71122.59,0,-95,-99,64.12666487837787,60.24753917060347,3.8791257077743992,11.990355552737066,,,,,,74.71943005891467,,,,,,,,60,100,-60,,,,,60.24753917060347,,,,,,0,-95,-99,64.12666487837787,60.24753917060347,3.8791257077743992,11.990355552737066,,,,,,74.71943005891467,,,,,,,,60,100,-60,,,,,60.24753917060347,,,,,
1634342400,61743.5,62419.5,60217,60912,45071.1125,53418.5548851191,57743.55546230758,32992.729,0,-95,-99,66.29934349495215,62.98367386894404,3.315669626008116,12.113816010392506,,,,,,,,,,,,,,60,100,-60,,,,,,,,,,,0,-95,-99,66.29934349495215,62.98367386894404,3.315669626008116,12.113816010392506,,,,,,,,,,,,,,60,100,-60,,,,,,,,,,
1634428800,60912,61722,58803.5,61544,45084.535,54157.23171374464,58588.09869290589,37085.57,0,-95,-99,64.88084201045709,65.10228346126236,-0.22144145080527267,12.649307650941138,,,,,,,,,,,,,,60,100,-60,,,108,,65.10228346126236,,105,,,,0,-95,-99,64.88084201045709,65.10228346126236,-0.22144145080527267,12.649307650941138,,,,,,,,,,,,,,60,100,-60,,,108,,65.10228346126236,,105,,,
1634515200,61544,62769,59917,62033.5,45100.9375,54873.256103404216,59353.743427815694,48313.46,0,-95,-99,64.26529028913838,65.14849193151586,-0.883201642377486,11.445872178472808,,,,,,,,,,,87.90776971593979,,,60,100,-60,,,,,,,,,,,0,-95,-99,64.26529028913838,65.14849193151586,-0.883201642377486,11.445872178472808,,,,,,,,,,,87.90776971593979,,,60,100,-60,,,,,,,,,,
1634601600,62033.5,64480,61367.5,64264.5,45127.16,55727.005548549285,60445.022666078876,54108.843,0,-95,-99,65.94357586782058,65.02990272247202,0.913673145348568,10.98467215133151,,,,,,,,,,,,,,60,100,-60,,,,,65.02990272247202,,,,,,0,-95,-99,65.94357586782058,65.02990272247202,0.913673145348568,10.98467215133151,,,,,,,,,,,,,,60,100,-60,,,,,65.02990272247202,,,,,
1634688000,64264.5,67210,63501,66055,45171.76,56665.914135044804,61691.68429583913,42737.299,0,-95,-99,69.23944300288156,66.48276971994683,2.7566732829347274,12.994759645569587,,,,,,78.3399501874961,,,,94.02465199626327,,,,60,100,-60,,,,,,,,,,,0,-95,-99,69.23944300288156,66.48276971994683,2.7566732829347274,12.994759645569587,,,,,,78.3399501874961,,,,94.02465199626327,,,,60,100,-60,,,,,,,,,,
1634774400,66055,66726,61880,62246,45191.95,57173.194668222546,61814.86556343043,75025.095,0,-95,-99,65.4996932455926,66.89423737209823,-1.394544126505636,10.305052378335343,66.89423737209823,,66.89423737209823,,,,,,,,,,,60,100,-60,,,108,,66.89423737209823,,105,,,,0,-95,-99,65.4996932455926,66.89423737209823,-1.394544126505636,10.305052378335343,66.89423737209823,,66.89423737209823,,,,,,,,,,,60,100,-60,,,108,,66.89423737209823,,105,,,
1634860800,62246,63774,60100,60760,45199.8525,57499.267880202315,61580.450993779225,53986.53,0,-95,-99,56.1264261531152,63.62185413386311,-7.4954279807479125,8.792843561208555,,,,,,,,,,,,,,60,100,-60,,,,,,,,,,,0,-95,-99,56.1264261531152,63.62185413386311,-7.4954279807479125,8.792843561208555,,,,,,,,,,,,,,60,100,-60,,,,,,,,,,
1634947200,60760,61809,59625,61357,45216.505,57849.970800183924,61530.79521738384,33360.957,0,-95,-99,45.976122146092756,55.86741384826684,-9.891291702174087,11.496105194514247,,,,,,,,,,,,,,60,100,-60,,,,,,,,,,,0,-95,-99,45.976122146092756,55.86741384826684,-9.891291702174087,11.496105194514247,,,,,,,,,,,,,,60,100,-60,,,,,,,,,,
1635033600,61357,61521,59456,60901.5,45241.2275,58127.38254562175,61390.95183574299,33677.5,0,-95,-99,36.179618261957074,46.09405552038834,-9.914437258431263,9.444036646463816,,,,,,,,,,,,,,60,100,-60,,,,,,,,,,,0,-95,-99,36.179618261957074,46.09405552038834,-9.914437258431263,9.444036646463816,,,,,,,,,,,,,,60,100,-60,,,,,,,,,,
1635120000,60901.5,63750.5,60708.5,63108,45266.525,58580.16595056523,61772.51809446677,31855.002,0,-95,-99,37.015719176340184,39.72381986146333,-2.7081006851231493,12.983168859655537,,,,,,64.85489277311203,,,,,,,,60,100,-60,,,,,,,,,,,0,-95,-99,37.015719176340184,39.72381986146333,-2.7081006851231493,12.983168859655537,,,,,,64.85489277311203,,,,,,,,60,100,-60,,,,,,,,,,
1635206400,63108,63301.5,59888,60310.5,45277.4375,58737.46904596839,61447.62518458527,35674.151,0,-95,-99,29.911542195626335,34.368959877974525,-4.45741768234819,8.94907818107311,,,,,,,,,,,,,,60,100,-60,,,,,,,,,,,0,-95,-99,29.911542195626335,34.368959877974525,-4.45741768234819,8.94907818107311,,,,,,,,,,,,,,60,100,-60,,,,,,,,,,
1635292800,60310.5,61520,57919.5,58481.5,45270.895,58714.19913269854,60788.48625467743,49694.132,0,-95,-99,14.004416328415447,26.97722590012732,-12.972809571711872,8.131689417912927,,,,,,,,,,,,,,60,100,-60,,,,,,,,,,,0,-95,-99,14.004416328415447,26.97722590012732,-12.972809571711872,8.131689417912927,,,,,,,,,,,,,,60,100,-60,,,,,,,,,,
1635379200,58481.5,62664.5,57476,60678.5,45274.12,58892.771938816855,60764.044864749114,57860.947,0,-95,-99,7.5628730079644075,17.159610510668724,-9.596737502704316,9.376381521946913,,,,,,,,,,,6.6665657426210485,,,60,100,-60,,,,,,,,,,,0,-95,-99,7.5628730079644075,17.159610510668724,-9.596737502704316,9.376381521946913,,,,,,,,,,,6.6665657426210485,,,60,100,-60,,,,,,,,,,
1635465600,60678.5,62988.5,60111,62300,45285.97,59202.51994437896,61105.3682281382,36933.169,0,-95,-99,13.103188451083948,11.556825929154593,1.546362521929355,12.986410338507119,,,,,,,,,,,,,,60,100,-60,,,,,11.556825929154593,,,,,,0,-95,-99,13.103188451083948,11.556825929154593,1.546362521929355,12.986410338507119,,,,,,,,,,,,,,60,100,-60,,,,,11.556825929154593,,,,,
1635552000,62300,62386.5,60700,61894.5,45277.505,59447.24540398087,61280.730844107486,26690.254,0,-95,-99,16.06485470792761,12.243638722325315,3.8212159856022936,12.13901590343706,,,,,,,,,,,,,,60,100,-60,,,,,,,,,,,0,-95,-99,16.06485470792761,12.243638722325315,3.8212159856022936,12.13901590343706,,,,,,,,,,,,,,60,100,-60,,,,,,,,,,
1635638400,61894.5,62400,60000,61338,45269.59,59619.132185437156,61293.457323194714,29785.681,0,-95,-99,14.558987431182404,14.57567686339798,-0.016689432215576616,9.9195434572005,,,,,,,,,,23.325870313192805,,,,60,100,-60,,,,,14.57567686339798,,,,,,0,-95,-99,14.558987431182404,14.57567686339798,-0.016689432215576616,9.9195434572005,,,,,,,,,,23.325870313192805,,,,60,100,-60,,,,,14.57567686339798,,,,,
1635724800,61338,62536.5,59444,60949.5,45258.045,59740.07471403378,61217.02236248478,41537.826,0,-95,-99,10.193044466070344,13.605628868393445,-3.412584402323102,8.932557102537784,,,,,,,,,,,,,,60,100,-60,,,,,,,,,,,0,-95,-99,10.193044466070344,13.605628868393445,-3.412584402323102,8.932557102537784,,,,,,,,,,,,,,60,100,-60,,,,,,,,,,
1635811200,60949.5,64258.5,60667,63258,45267.77,60059.88610366707,61670.57294859927,40298.947,0,-95,-99,24.348352568385305,16.366794821879342,7.981557746505963,9.863172899578323,,,,,,60.890927503284466,,,,,,,,60,100,-60,,,,,16.366794821879342,,,,,,0,-95,-99,24.348352568385305,16.366794821879342,7.981557746505963,9.863172899578323,,,,,,60.890927503284466,,,,,,,,60,100,-60,,,,,16.366794821879342,,,,,
1635897600,63258,63600,60077,62961.5,45282.25,60323.669185151884,61957.44562668832,42084.287,0,-95,-99,28.547331050554227,21.02957602833662,7.517755022217607,9.864445413331843,,,,,,,,,,,,,,60,100,-60,,,,,,,,,,,0,-95,-99,28.547331050554227,21.02957602833662,7.517755022217607,9.864445413331843,,,,,,,,,,,,,,60,100,-60,,,,,,,,,,
1635984000,62961.5,63120,60628,61440.5,45308.9525,60425.19925922898,61842.56882075758,32595.948,0,-95,-99,25.779546905408836,26.22507684144945,-0.4455299360406144,6.497254945944887,,,26.22507684144945,,,,,,,34.907989285037814,,,,60,100,-60,,,108,,26.22507684144945,,,,,,0,-95,-99,25.779546905408836,26.22507684144945,-0.4455299360406144,6.497254945944887,,,26.22507684144945,,,,,,,34.907989285037814,,,,60,100,-60,,,108,,26.22507684144945,,,,,
1636070400,61440.5,62643.5,60764,61045,45336.0475,60481.544781117256,61665.33130503367,25442.591,0,-95,-99,19.67946259214186,24.668780182701635,-4.989317590559775,4.553519511785273,,,,,,,,,,,,,,60,100,-60,,,,,,,,,,,0,-95,-99,19.67946259214186,24.668780182701635,-4.989317590559775,4.553519511785273,,,,,,,,,,,,,,60,100,-60,,,,,,,,,,
1636156800,61045,61600,60150,61440,45361.19,60568.67707374296,61615.257681692856,19317.781,0,-95,-99,8.25062412065446,17.903211206068377,-9.652587085413916,6.5997230674922225,,,,,,,,,,,,,,60,100,-60,,,,,,,,,,,0,-95,-99,8.25062412065446,17.903211206068377,-9.652587085413916,6.5997230674922225,,,,,,,,,,,,,,60,100,-60,,,,,,,,,,
1636243200,61440,63300,61378,63264,45408.4025,60813.70643067542,61981.64486353889,21406.561,0,-95,-99,22.730937889910166,16.887008200902155,5.843929689008011,9.621506707772221,,,,,,,,,,,28.611914561365303,,,60,100,-60,,,,,16.887008200902155,,,,,,0,-95,-99,22.730937889910166,16.887008200902155,5.843929689008011,9.621506707772221,,,,,,,,,,,28.611914561365303,,,60,100,-60,,,,,16.887008200902155,,,,,
1636329600,63264,68000,63263.5,67603.5,45487.495,61430.960391523105,63230.94600497469,41280.237,0,-95,-99,50.132871538001,27.03814451618854,23.094727021812457,11.530091389700724,,,,,,67.83257597662427,,,,,,,,60,100,-60,,,,,,,,,,,0,-95,-99,50.132871538001,27.03814451618854,23.094727021812457,11.530091389700724,,,,,,67.83257597662427,,,,,,,,60,100,-60,,,,,,,,,,
1636416000,67603.5,68600,66250,66976.5,45566.875,61935.100355930095,64063.291337202536,33243.789,0,-95,-99,64.65083949864469,45.83821630885195,18.81262318979274,12.171420735511617,,,,,,,,,,,,,,60,100,-60,,,,,,,,,,,0,-95,-99,64.65083949864469,45.83821630885195,18.81262318979274,12.171420735511617,,,,,,,,,,,,,,60,100,-60,,,,,,,,,,
1636502400,66976.5,69138.5,62512.5,64893.5,45641.065,62204.04577811827,64247.78215115753,54924.604,0,-95,-99,64.2220252608924,59.66857876584603,4.553446495046366,10.731449798439245,,,,,,,,,,73.35237849537486,,,,60,100,-60,,,,,,,,,,,0,-95,-99,64.2220252608924,59.66857876584603,4.553446495046366,10.731449798439245,,,,,,,,,,73.35237849537486,,,,60,100,-60,,,,,,,,,,
1636588800,64893.5,65594,64127,64831,45720.1075,62442.85979828933,64377.386117566966,24866.797,0,-95,-99,59.283046523534274,62.71863709435712,-3.4355905708228462,9.383085648919154,62.71863709435712,,62.71863709435712,,,,,,,,,,,60,100,-60,,,108,,62.71863709435712,,105,,,,0,-95,-99,59.283046523534274,62.71863709435712,-3.4355905708228462,9.383085648919154,62.71863709435712,,62.71863709435712,,,,,,,,,,,60,100,-60,,,108,,62.71863709435712,,105,,,
1636675200,64831,65465,62350,64141,45770.7275,62597.23618026303,64324.85586921875,39562.751,0,-95,-99,49.16453078732863,57.5565341905851,-8.392003403256467,9.553877826367737,,,,,,,,,,,,,,60,100,-60,,,,,,,,,,,0,-95,-99,49.16453078732863,57.5565341905851,-8.392003403256467,9.553877826367737,,,,,,,,,,,,,,60,100,-60,,,,,,,,,,
1636761600,64141,65142.5,63409.5,64423,45817.875,62763.21470933003,64346.66567605903,18378.764,0,-95,-99,43.40401293068328,50.61719674718206,-7.213183816498777,7.9056020823361255,,,,,,,,,,,,,,60,100,-60,,,,,,,,,,,0,-95,-99,43.40401293068328,50.61719674718206,-7.213183816498777,7.9056020823361255,,,,,,,,,,,,,,60,100,-60,,,,,,,,,,
1636848000,64423,65530,63650,65529.5,45871.3875,63014.69519030003,64609.51774804591,22539.412,0,-95,-99,43.41286945761507,45.32713772520899,-1.9142682675939184,7.931073441701239,,,,,,60.26421750607701,,,,,,,,60,100,-60,,,,,,,,,,,0,-95,-99,43.41286945761507,45.32713772520899,-1.9142682675939184,7.931073441701239,,,,,,60.26421750607701,,,,,,,,60,100,-60,,,,,,,,,,
1636934400,65529.5,66383,63333,63691.5,45922.305,63076.222900272754,64405.513804035705,29817.366,0,-95,-99,38.55109359315532,41.789325327151225,-3.238231733995903,7.029588528420174,,,,,,,,,,,,,,60,100,-60,,,,,,,,,,,0,-95,-99,38.55109359315532,41.789325327151225,-3.238231733995903,7.029588528420174,,,,,,,,,,,,,,60,100,-60,,,,,,,,,,
1637020800,63691.5,63691.5,58500,60111,45934.47,62806.65718206614,63451.177403138885,61593.563,0,-95,-99,7.941849358856864,29.96860413654242,-22.026754777685557,6.2334061761485415,,,,,,,,,,,,,,60,100,-60,,,,,,,,,,,0,-95,-99,7.941849358856864,29.96860413654242,-22.026754777685557,6.2334061761485415,,,,,,,,,,,,,,60,100,-60,,,,,,,,,,
1637107200,60111,60930.5,58350,60370.5,45947.175,62585.188347332856,62766.582424663575,37671.994,0,-95,-99,-13.107191130580532,11.128583940477219,-24.235775071057752,5.0127005343860365,,,,,,,,,,,,,,60,100,-60,,,,,,,,,,,0,-95,-99,-13.107191130580532,11.128583940477219,-24.235775071057752,5.0127005343860365,,,,,,,,,,,,,,60,100,-60,,,,,,,,,,
1637193600,60370.5,61097,56483,56932.5,45948.84,62071.307588484415,61470.11966362722,52876.806,0,-95,-99,-30.484699750094382,-11.88334717393935,-18.60135257615503,4.905283680778086,,,,,,,,,,,3.434878284304287,,,60,100,-60,,,,,,,,,,,0,-95,-99,-30.484699750094382,-11.88334717393935,-18.60135257615503,4.905283680778086,,,,,,,,,,,3.434878284304287,,,60,100,-60,,,,,,,,,,
1637280000,56932.5,58307.5,55665.5,58095.5,45953.32,61709.87053498583,60720.20418282117,33573.741,0,-95,-99,-41.95429968836538,-28.515396856346765,-13.438902832018616,8.183336657491745,,,,,,,,,,,,,,60,100,-60,,,,,,,,,,,0,-95,-99,-41.95429968836538,-28.515396856346765,-13.438902832018616,8.183336657491745,,,,,,,,,,,,,,60,100,-60,,,,,,,,,,
1637366400,58095.5,59863.5,57291.5,59731,45985.715,61529.97321362348,60500.38103108313,22512.862,0,-95,-99,-43.207595588525656,-38.548865008995136,-4.65873057953052,11.202280772851733,,,,,,,,,,,,,,60,100,-60,,,,,,,,,,,0,-95,-99,-43.207595588525656,-38.548865008995136,-4.65873057953052,11.202280772851733,,,,,,,,,,,,,,60,100,-60,,,,,,,,,,
1637452800,59731,60047.5,58532,58627,45991.445,61266.06655783953,60084.07413528688,21530.863,0,-95,-99,-42.87917864920162,-42.68035797536422,-0.1988206738374032,7.322297706469847,,,,,,,,,,,,,,60,100,-60,,,,,,,,,,,0,-95,-99,-42.87917864920162,-42.68035797536422,-0.1988206738374032,7.322297706469847,,,,,,,,,,,,,,60,100,-60,,,,,,,,,,
1637539200,58627,59692,55614,56278,45991.02,60812.6059616723,59238.279883000905,45205.278,0,-95,-99,-48.447810002840924,-44.84486141352273,-3.6029485893181956,4.219009214003133,,,,,,,,,,16.81755006340339,,,,60,100,-60,,,,,,,,,,,0,-95,-99,-48.447810002840924,-44.84486141352273,-3.6029485893181956,4.219009214003133,,,,,,,,,,16.81755006340339,,,,60,100,-60,,,,,,,,,,
1637625600,56278,57902,55300,57586.5,45992.0475,60519.32360152027,58871.21768677848,36564.419,0,-95,-99,-51.65878350471772,-47.66192405225342,-3.9968594524642995,6.616937149605622,,,,,,,,,,,,,,60,100,-60,,,,,,,,,,,0,-95,-99,-51.65878350471772,-47.66192405225342,-3.9968594524642995,6.616937149605622,,,,,,,,,,,,,,60,100,-60,,,,,,,,,,
1637712000,57586.5,57732,55935,57185.5,45983.51,60216.24872865479,58496.61375638326,22990.773,0,-95,-99,-52.46876997478542,-50.85845449411468,-1.6103154806707352,6.376677879695739,,,,-50.85845449411468,,,,,,,,,,60,100,-60,,,,,,,,,,,0,-95,-99,-52.46876997478542,-50.85845449411468,-1.6103154806707352,6.376677879695739,,,,-50.85845449411468,,,,,,,,,,60,100,-60,,,,,,,,,,
1637798400,57185.5,59440.5,57041.5,58937,45986.9925,60099.953389686176,58594.477366075866,24967.77,0,-95,-99,-45.477882788205164,-49.868478755902764,4.3905959676976,7.792918026790687,,,,,,,,,,21.881851195696385,,,,60,100,-60,,-108,,,-49.868478755902764,,,,,,0,-95,-99,-45.477882788205164,-49.868478755902764,4.3905959676976,7.792918026790687,,,,,,,,,,21.881851195696385,,,,60,100,-60,,-108,,,-49.868478755902764,,,,,
1637884800,58937,59150,53563,53800.5,45976.99,59527.275808805614,57529.14906250345,51960.367,0,-95,-99,-52.526957136631985,-50.15786996654085,-2.3690871700911345,6.612142535747626,,,,,,,,,,,,,,60,100,-60,,,,,-50.15786996654085,,,,,,0,-95,-99,-52.526957136631985,-50.15786996654085,-2.3690871700911345,6.612142535747626,,,,,,,,,,,,,,60,100,-60,,,,,-50.15786996654085,,,,,
1637971200,53800.5,55298.5,53684.5,54778.5,45967.4625,59095.56891709601,56917.89371528046,22107.593,0,-95,-99,-58.398641140448994,-52.13449368842871,-6.264147452020282,9.677518820811947,,,,,,,,,,,,,,60,100,-60,,,,,,,,,,,0,-95,-99,-58.398641140448994,-52.13449368842871,-6.264147452020282,9.677518820811947,,,,,,,,,,,,,,60,100,-60,,,,,,,,,,
1638057600,54778.5,57435.5,53122,57299,46005.8725,58932.24447008728,57002.58400077369,29636.275,0,-95,-99,-55.587038433204576,-55.504212236761845,-0.08282619644273126,10.43356321679172,,,,-55.504212236761845,,,,,,,,,,60,100,-60,,,,,,,,,,,0,-95,-99,-55.587038433204576,-55.504212236761845,-0.08282619644273126,10.43356321679172,,,,-55.504212236761845,,,,,,,,,,60,100,-60,,,,,,,,,,
1638144000,57299,58871.5,56686.5,57785,46046.22,58827.949518261164,57176.45422282398,30773.263,0,-95,-99,-43.28679470237844,-52.424158092010664,9.137363389632227,8.913253867598069,,,,,,,,,,,,,,60,100,-60,,-108,,,-52.424158092010664,,,,,,0,-95,-99,-43.28679470237844,-52.424158092010664,9.137363389632227,8.913253867598069,,,,,,,,,,,,,,60,100,-60,,-108,,,-52.424158092010664,,,,,
1638230400,57785,59200,55900,56962,46081.7775,58658.317743873784,57128.797728863094,52759.046,0,-95,-99,-35.661288150468266,-44.84504042868375,9.183752278215486,6.192323693005228,,,,,,,,,,,,,,60,100,-60,,,,,,,,,,,0,-95,-99,-35.661288150468266,-44.84504042868375,9.183752278215486,6.192323693005228,,,,,,,,,,,,,,60,100,-60,,,,,,,,,,
1638316800,56962,59073,56447,57225,46133.9025,58528.01613079435,57150.176011337964,40420.63,0,-95,-99,-27.543896246271665,-35.49732636637278,7.9534301201011175,7.705546966070154,,,,,,,,,,,,,,60,100,-60,,,,,,,,,,,0,-95,-99,-27.543896246271665,-35.49732636637278,7.9534301201011175,7.705546966070154,,,,,,,,,,,,,,60,100,-60,,,,,,,,,,
1638403200,57225,57390.5,55800,56501.5,46184.34,58343.787391631224,57006.0257865962,33360.756,0,-95,-99,-29.42631857607163,-30.87716765760385,1.450849081532219,5.986763328048973,,,,,,,,,,83.06077801183001,,,,60,100,-60,,,,,,,,,,,0,-95,-99,-29.42631857607163,-30.87716765760385,1.450849081532219,5.986763328048973,,,,,,,,,,83.06077801183001,,,,60,100,-60,,,,,,,,,,
1638489600,56501.5,57690,51111,53626.5,46234.7575,57914.943083301114,56255.02005624149,56319.983,0,-95,-99,-44.302899327450106,-33.75770471659779,-10.545194610852313,3.930845696467985,,,,,,,,,,,,,,60,100,-60,,,,,-33.75770471659779,,,,,,0,-95,-99,-44.302899327450106,-33.75770471659779,-10.545194610852313,3.930845696467985,,,,,,,,,,,,,,60,100,-60,,,,,-33.75770471659779,,,,,
1638576000,53626.5,53850,40829,49125.5,46265.8675,57115.902803001016,54670.6822659656,94406.505,0,-95,-99,-66.97597990642048,-46.901732603314066,-20.07424730310641,1.1022872960898367,,,,,,,,,,,,,,60,100,-60,,,,,,,,,,,0,-95,-99,-66.97597990642048,-46.901732603314066,-20.07424730310641,1.1022872960898367,,,,,,,,,,,,,,60,100,-60,,,,,,,,,,
1638662400,49125.5,49716,47736,49358,46329.0225,56410.63891181911,53490.086206862135,36335.643,0,-95,-99,-73.57043071460822,-61.616436649492925,-11.953994065115296,-0.19590314749144477,,,,,,,,,,,,,,60,100,-60,,,,,,,,,,,0,-95,-99,-73.57043071460822,-61.616436649492925,-11.953994065115296,-0.19590314749144477,,,,,,,,,,,,,,60,100,-60,,,,,,,,,,
1638748800,49358,50900,47020,50422,46378.63,55866.21719256283,52808.28927200388,47337.719,0,-95,-99,-73.89779701124688,-71.48140254409185,-2.4163944671550297,2.407255988007133,,,,,,,,,,,13.027230551461786,,,60,100,-60,,,,,,,,,,,0,-95,-99,-73.89779701124688,-71.48140254409185,-2.4163944671550297,2.407255988007133,,,,,,,,,,,13.027230551461786,,,60,100,-60,,,,,,,,,,
1638835200,50422,51923.5,50011,50580.5,46445.395,55385.69744778439,52313.22498933635,32764.826,0,-95,-99,-68.5546126344651,-72.00761345344006,3.4530008189749566,2.475132553391556,,-72.00761345344006,,-72.00761345344006,,,,,,,,,,60,100,-60,,-108,,,-72.00761345344006,-107,,,,,0,-95,-99,-68.5546126344651,-72.00761345344006,3.4530008189749566,2.475132553391556,,-72.00761345344006,,-72.00761345344006,,,,,,,,,,60,100,-60,,-108,,,-72.00761345344006,-107,,,,
1638921600,50580.5,51232.5,48514,50451.5,46510.4675,54937.134043440354,51899.50832503938,38732.898,0,-95,-99,-65.64714896622917,-69.3665195373137,3.7193705710845393,0.9871610751054871,,,,,,,,,,24.115036910385484,,,,60,100,-60,,,,,,,,,,,0,-95,-99,-65.64714896622917,-69.3665195373137,3.7193705710845393,0.9871610751054871,,,,,,,,,,24.115036910385484,,,,60,100,-60,,,,,,,,,,
1639008000,50451.5,50758,47315.5,47541.5,46574.885,54264.80367585487,50931.06203058618,39708.511,0,-95,-99,-66.45160749397034,-66.8844563648882,0.4328488709178515,-0.8856111032596918,,,,,,,,,,,,,,60,100,-60,,,,,,,,,,,0,-95,-99,-66.45160749397034,-66.8844563648882,0.4328488709178515,-0.8856111032596918,,,,,,,,,,,,,,60,100,-60,,,,,,,,,,
1639094400,47541.5,50149.5,46750,47181,46616.705,53620.821523504426,50097.714912678144,48564.668,0,-95,-99,-66.56752833191305,-66.22209493070416,-0.34543340120889354,-3.1913440038535104,,,,,,,,,,,,,,60,100,-60,,,,,-66.22209493070416,,,,,,0,-95,-99,-66.56752833191305,-66.22209493070416,-0.34543340120889354,-3.1913440038535104,,,,,,,,,,,,,,60,100,-60,,,,,-66.22209493070416,,,,,
1639180800,47181,49489,46750,49353,46671.73,53232.837748640384,49932.22270986078,35312.34,0,-95,-99,-63.49073391852563,-65.50328991480299,2.0125559962773636,-0.3128362298365155,,,,,,,,,,,15.075055513242887,,,60,100,-60,,,,,-65.50328991480299,-107,,,,,0,-95,-99,-63.49073391852563,-65.50328991480299,2.0125559962773636,-0.3128362298365155,,,,,,,,,,,15.075055513242887,,,60,100,-60,,,,,-65.50328991480299,-107,,,,
1639267200,49353,50790,48606,50079.5,46725.9425,52946.17068058217,49964.95099655838,28836.616,0,-95,-99,-55.28095782289882,-61.77974002444581,6.498782201546987,-0.44577850332420477,,,,,,,,,,,,,,60,100,-60,,,,,,,,,,,0,-95,-99,-55.28095782289882,-61.77974002444581,6.498782201546987,-0.44577850332420477,,,,,,,,,,,,,,60,100,-60,,,,,,,,,,
1639353600,50079.5,50167,45502,46652.5,46766.65,52374.018800529244,49228.85077510096,62419.849,0,-95,-99,-57.753137338209726,-58.841609693211375,1.0884723550016489,-2.2639642067327452,,,,,,,,,,,,,,60,100,-60,,,,,,,,,,,0,-95,-99,-57.753137338209726,-58.841609693211375,1.0884723550016489,-2.2639642067327452,,,,,,,,,,,,,,60,100,-60,,,,,,,,,,
1639440000,46652.5,48826.5,46251.5,48356,46830.18,52008.7443641175,49034.88393618964,44417.098,0,-95,-99,-56.58306030824244,-56.53905182311698,-0.04400848512545963,-2.199705403660727,,,,,,,,,,,,,,60,100,-60,,,,,-56.53905182311698,,,,,,0,-95,-99,-56.58306030824244,-56.53905182311698,-0.04400848512545963,-2.199705403660727,,,,,,,,,,,,,,60,100,-60,,,,,-56.53905182311698,,,,,
1639526400,48356,49504.5,46543.5,48867.5,46901.4525,51723.17669465227,48997.68750592528,58615.197,0,-95,-99,-52.462110583710775,-55.59943607672096,3.137325493010188,-0.8240273207048883,,,,,,,,,,,,,,60,100,-60,,,,,-55.59943607672096,-107,,,,,0,-95,-99,-52.462110583710775,-55.59943607672096,3.137325493010188,-0.8240273207048883,,,,,,,,,,,,,,60,100,-60,,,,,-55.59943607672096,-107,,,,
1639612800,48867.5,49450,47525,47661,46961.45,51353.887904229334,48700.645837941884,38034.711,0,-95,-99,-49.079151879925234,-52.70810759062613,3.628955710700893,-2.932284431077811,,,,,,,,,,,,,,60,100,-60,,,,,,,,,,,0,-95,-99,-49.079151879925234,-52.70810759062613,3.628955710700893,-2.932284431077811,,,,,,,,,,,,,,60,100,-60,,,,,,,,,,
1639699200,47661,47982.5,45280,46150,47005.995,50880.807185663034,48133.835651732574,57810.067,0,-95,-99,-54.243895089010266,-51.92838585088208,-2.315509238128186,-4.759149117300246,,,,,,,,,,,,,,60,100,-60,,,,,-51.92838585088208,,,,,,0,-95,-99,-54.243895089010266,-51.92838585088208,-2.315509238128186,-4.759149117300246,,,,,,,,,,,,,,60,100,-60,,,,,-51.92838585088208,,,,,
1639785600,46150,47321.5,45500,46836,47056.935,50513.09744151185,47845.42772912534,30647.715,0,-95,-99,-55.7388038093058,-53.020616926080415,-2.7181868832253855,-5.6095852841471565,,,,,,,,,,,,,,60,100,-60,,,,,,,,,,,0,-95,-99,-55.7388038093058,-53.020616926080415,-2.7181868832253855,-5.6095852841471565,,,,,,,,,,,,,,60,100,-60,,,,,,,,,,
1639872000,46836,48390,46421,46699.5,47102.6575,50166.40676501077,47590.77712265304,40628.322,0,-95,-99,-52.312701300156945,-54.09846673282431,1.7857654326673682,-6.989758297479584,,,,,,,,,,,,,,60,100,-60,,,,,-54.09846673282431,-107,,,,,0,-95,-99,-52.312701300156945,-54.09846673282431,1.7857654326673682,-6.989758297479584,,,,,,,,,,,,,,60,100,-60,,,,,-54.09846673282431,-107,,,,
1639958400,46699.5,47499,45479.5,46882,47140.945,49867.82433182797,47433.271095396805,40231.364,0,-95,-99,-52.11598333747298,-53.38916281564522,1.2731794781722385,-4.798813340361629,,,,-53.38916281564522,,,,,,,,,,60,100,-60,,,,,,,,-106,,,0,-95,-99,-52.11598333747298,-53.38916281564522,1.2731794781722385,-4.798813340361629,,,,-53.38916281564522,,,,,,,,,,60,100,-60,,,,,,,,-106,,
1640044800,46882,49318,46658.5,48886.5,47201.16,49778.61302893452,47756.210851975295,44164.579,0,-95,-99,-39.23117420461742,-47.88661961408243,8.65544540946501,-1.9033710812609013,,,,,,,,,,,,,,60,100,-60,,,,,,,,,,,0,-95,-99,-39.23117420461742,-47.88661961408243,8.65544540946501,-1.9033710812609013,,,,,,,,,,,,,,60,100,-60,,,,,,,,,,
1640131200,48886.5,49586,48418,48610.5,47266.675,49672.420935395014,47946.05288486967,31010.462,0,-95,-99,-24.75252907841958,-38.699895540169976,13.947366461750395,-3.1775036267975563,,,,,,,,,,,,,,60,100,-60,,,,,,,,,,,0,-95,-99,-24.75252907841958,-38.699895540169976,13.947366461750395,-3.1775036267975563,,,,,,,,,,,,,,60,100,-60,,,,,,,,,,
1640217600,48610.5,51431.5,48030,50794,47341.64,49774.38266854092,48578.9300215653,46223.607,0,-95,-99,-6.650539337485245,-23.544747540174058,16.894208202688812,-1.0212441393687448,,,,,,,,,,,,,,60,100,-60,,,,,,,,,,,0,-95,-99,-6.650539337485245,-23.544747540174058,16.894208202688812,-1.0212441393687448,,,,,,,,,,,,,,60,100,-60,,,,,,,,,,
1640304000,50794,51980,50402,50785,47427.7125,49866.256971400835,49069.16779455079,36177.88,0,-95,-99,10.00850234225273,-7.131522024550676,17.140024366803406,-2.848865613633974,,,,,,,,,,,,,,60,100,-60,,,,,,,,,,,0,-95,-99,10.00850234225273,-7.131522024550676,17.140024366803406,-2.848865613633974,,,,,,,,,,,,,,60,100,-60,,,,,,,,,,
1640390400,50785,51149,50100,50406,47512.98,49915.3245194553,49366.24161798395,22596.708,0,-95,-99,18.150877275721594,7.1696134268297165,10.981263848891878,-1.703256641911059,,,,,,,,,,97.90304546307253,,,,60,100,-60,,,,,,,,,,,0,-95,-99,18.150877275721594,7.1696134268297165,10.981263848891878,-1.703256641911059,,,,,,,,,,97.90304546307253,,,,60,100,-60,,,,,,,,,,
1640476800,50406,51294,49283,50763,47579.7225,49992.38592677755,49676.63236954307,33267.271,0,-95,-99,22.94259816198862,17.033992593321006,5.908605568667614,0.010514913520319524,,,,,,,,,,,,,,60,100,-60,,,,,,,,,,,0,-95,-99,22.94259816198862,17.033992593321006,5.908605568667614,0.010514913520319524,,,,,,,,,,,,,,60,100,-60,,,,,,,,,,
1640563200,50763,52119,50464.5,50706.5,47649.8075,50057.30538797959,49905.49184297794,34786.147,0,-95,-99,29.61671448955972,23.570063309090003,6.046651180469716,-1.1334494259846062,,,23.570063309090003,,,,,,,,,,,60,100,-60,,,,,,,,,,,0,-95,-99,29.61671448955972,23.570063309090003,6.046651180469716,-1.1334494259846062,,,23.570063309090003,,,,,,,,,,,60,100,-60,,,,,,,,,,
1640649600,50706.5,50707,47312,47539,47701.0325,49828.368534526904,49379.604766760625,56731.305,0,-95,-99,16.511194880709382,23.023502510752596,-6.512307630043214,-4.874698631068485,,,,,,,,,,,,,,60,100,-60,108,,108,,23.023502510752596,,,,,,0,-95,-99,16.511194880709382,23.023502510752596,-6.512307630043214,-4.874698631068485,,,,,,,,,,,,,,60,100,-60,108,,108,,23.023502510752596,,,,,
1640736000,47539,48137,45807.5,46450,47755.6575,49521.24412229718,48728.58148525826,47475.798,0,-95,-99,-1.8038968760981469,14.774670831390344,-16.57856770748849,-5.442307415573442,,,,,,,,,,,,,,60,100,-60,,,,,,,,,,,0,-95,-99,-1.8038968760981469,14.774670831390344,-16.57856770748849,-5.442307415573442,,,,,,,,,,,,,,60,100,-60,,,,,,,,,,
1640822400,46450,47920.5,45887,47110.5,47796.08,49302.08556572471,48369.00782186754,38048.539,0,-95,-99,-12.84594711344525,0.6204502970553509,-13.466397410500601,-4.05059631095087,,,,,,,,,,,,,,60,100,-60,,,,,,,,,,,0,-95,-99,-12.84594711344525,0.6204502970553509,-13.466397410500601,-4.05059631095087,,,,,,,,,,,,,,60,100,-60,,,,,,,,,,
1640908800,47110.5,48554,45634,46200.5,47824.61,49020.12324156792,47887.11719478587,55130.934,0,-95,-99,-20.952298406954498,-11.867380798832608,-9.08491760812189,-4.515639610582103,,,,,,,,,,,27.221816242247794,,,60,100,-60,,,,,,,,,,,0,-95,-99,-20.952298406954498,-11.867380798832608,-9.08491760812189,-4.515639610582103,,,,,,,,,,,27.221816242247794,,,60,100,-60,,,,,,,,,,
1640995200,46200.5,47915.5,46200.5,47719.5,47862.505,48901.884765061746,47849.868929277894,34577.53,0,-95,-99,-23.658967249868883,-19.15240425675619,-4.506562993112695,-3.9082730108724713,,,,,,,,,,,,,,60,100,-60,,,,,,,,,,,0,-95,-99,-23.658967249868883,-19.15240425675619,-4.506562993112695,-3.9082730108724713,,,,,,,,,,,,,,60,100,-60,,,,,,,,,,
1641081600,47719.5,48000,46600,47305,47907.065,48756.7134227834,47728.78694499392,36773.655,0,-95,-99,-25.190045658782473,-23.267103771868594,-1.922941886913879,-4.438048516731927,,,,,,,,,,,,,,60,100,-60,,,,,,,,,,,0,-95,-99,-25.190045658782473,-23.267103771868594,-1.922941886913879,-4.438048516731927,,,,,,,,,,,,,,60,100,-60,,,,,,,,,,
1641168000,47305,47576.5,45700,46462,47948.89,48548.103111621276,47447.27873499527,44821.196,0,-95,-99,-30.67704607843433,-26.50868632902854,-4.168359749405791,-4.035267210476771,,,,,,,,,,35.512881435952096,,,,60,100,-60,,,,,,,,,,,0,-95,-99,-30.67704607843433,-26.50868632902854,-4.168359749405791,-4.035267210476771,,,,,,,,,,35.512881435952096,,,,60,100,-60,,,,,,,,,,
1641254400,46462,47475,45500,45870,47999.13,48304.63919238298,47096.77234944077,54528.894,0,-95,-99,-35.68844284814965,-30.518511528455463,-5.169931319694186,-4.258563535583434,,,,,,,,,,,,,,60,100,-60,,,,,,,,,,,0,-95,-99,-35.68844284814965,-30.518511528455463,-5.169931319694186,-4.258563535583434,,,,,,,,,,,,,,60,100,-60,,,,,,,,,,
1641340800,45870,47060,42444,43437,48038.675,47862.126538529985,46283.4896051206,88336.716,0,-95,-99,-48.0768899578842,-38.147459628156035,-9.929430329728163,-6.257297325101154,,,,,,,,,,,,,,60,100,-60,,,,,,,,,,,0,-95,-99,-48.0768899578842,-38.147459628156035,-9.929430329728163,-6.257297325101154,,,,,,,,,,,,,,60,100,-60,,,,,,,,,,
1641427200,43437,43795,42179,43110.5,48076.185,47430.160489572714,45578.38080398269,54414.952,0,-95,-99,-58.49703587136226,-47.42078955913201,-11.076246312230246,-9.13493113914593,,,,,,,,,,,,,,60,100,-60,,,,,,,,,,,0,-95,-99,-58.49703587136226,-47.42078955913201,-11.076246312230246,-9.13493113914593,,,,,,,,,,,,,,60,100,-60,,,,,,,,,,
1641513600,43110.5,43260,40517.5,41554.5,48125.89,46896.009535975194,44684.18506976432,93332.759,0,-95,-99,-66.43738090629046,-57.670435578512304,-8.766945327778153,-12.843802083684269,,,,,,,28.907258772524855,,,,,,,60,100,-60,,,,,,,,,,,0,-95,-99,-66.43738090629046,-57.670435578512304,-8.766945327778153,-12.843802083684269,,,,,,,28.907258772524855,,,,,,,60,100,-60,,,,,,,,,,
1641600000,41554.5,42302,40550,41691,48171.945,46422.82685088654,44019.032832038916,56097.239,0,-95,-99,-69.67960229164461,-64.87133968976578,-4.8082626018788375,-11.98200340982825,,,,,,,,,,,1.1177900847746582,,,60,100,-60,,,,,,,,,,,0,-95,-99,-69.67960229164461,-64.87133968976578,-4.8082626018788375,-11.98200340982825,,,,,,,,,,,1.1177900847746582,,,60,100,-60,,,,,,,,,,
1641686400,41691,42771,41076,41856,48213.015,46007.660773533215,43538.358869363605,44037.238,0,-95,-99,-68.47243900949289,-68.19647406914265,-0.2759649403502351,-10.952721471419888,,,,,,,,,,,,,,60,100,-60,,,,,,,,,,,0,-95,-99,-68.47243900949289,-68.19647406914265,-0.2759649403502351,-10.952721471419888,,,,,,,,,,,,,,60,100,-60,,,,,,,,,,
1641772800,41856,42200,39655,41809,48248.7775,45625.96433957565,43154.056898393916,92911.598,0,-95,-99,-68.12096013506964,-68.75766714540238,0.6367070103327421,-10.892380546045274,,-68.75766714540238,,-68.75766714540238,,,,,,,,,,60,100,-60,,,,,-68.75766714540238,-107,,-106,,,0,-95,-99,-68.12096013506964,-68.75766714540238,0.6367070103327421,-10.892380546045274,,-68.75766714540238,,-68.75766714540238,,,,,,,,,,60,100,-60,,,,,-68.75766714540238,-107,,-106,,
1641859200,41809,43163,41279,42701.5,48304.385,45360.103945068775,43053.48869875082,64094.5,0,-95,-99,-61.96674224734139,-66.18671379730131,4.219971549959922,-9.154293188795068,,,,,,,,,,,,,,60,100,-60,,,,,,,,,,,0,-95,-99,-61.96674224734139,-66.18671379730131,4.219971549959922,-9.154293188795068,,,,,,,,,,,,,,60,100,-60,,,,,,,,,,
1641945600,42701.5,44450,42360,43889.5,48362.585,45226.41267733525,43239.268987917305,54204.5,0,-95,-99,-50.4541310772558,-60.18061115322228,9.726480075966478,-8.140049558947222,,,,,,,,,,,,,,60,100,-60,,,,,,,,,,,0,-95,-99,-50.4541310772558,-60.18061115322228,9.726480075966478,-8.140049558947222,,,,,,,,,,,,,,60,100,-60,,,,,,,,,,
1642032000,43889.5,44366.5,42303,42564,48401.9525,44984.37516121386,43089.20921282457,58603.398,0,-95,-99,-43.84916758447523,-52.09001363635747,8.240846051882237,-11.217347187692022,,,,,,,,,,,,,,60,100,-60,,,,,,,,,,,0,-95,-99,-43.84916758447523,-52.09001363635747,8.240846051882237,-11.217347187692022,,,,,,,,,,,,,,60,100,-60,,,,,,,,,,
1642118400,42564,43704.5,41743,43056.5,48444.7675,44809.11378292169,43081.94049886356,55972.779,0,-95,-99,-40.008964266125176,-44.770754309285394,4.761790043160218,-9.083081424203893,,,,,,,,,,,,,,60,100,-60,,,,,,,,,,,0,-95,-99,-40.008964266125176,-44.770754309285394,4.761790043160218,-9.083081424203893,,,,,,,,,,,,,,60,100,-60,,,,,,,,,,
1642204800,43056.5,43779.5,42563,43083,48480.59,44652.19434811063,43082.17594356054,38027.051,0,-95,-99,-33.89494611406794,-39.25102598822277,5.35607987415483,-7.304409253899901,,,,,,,,,,,,,,60,100,-60,,,,,,,,,,,0,-95,-99,-33.89494611406794,-39.25102598822277,5.35607987415483,-7.304409253899901,,,,,,,,,,,,,,60,100,-60,,,,,,,,,,
1642291200,43083,43455,42601,43051,48520.755,44506.63122555512,43075.24795610264,33876.97,0,-95,-99,-29.92709987375998,-34.61033675131768,4.683236877557704,-7.649490835406308,,,,,,,,,,75.7082973130678,,,,60,100,-60,,,,,,,,,,,0,-95,-99,-29.92709987375998,-34.61033675131768,4.683236877557704,-7.649490835406308,,,,,,,,,,75.7082973130678,,,,60,100,-60,,,,,,,,,,
1642377600,43051,43143,41550,42200,48564.305,44296.93747777738,42880.748410302054,48718.942,0,-95,-99,-34.86981410218109,-32.89728669666966,-1.9725274055114284,-7.12221243845345,,,,,,,,,,,,,,60,100,-60,,,,,-32.89728669666966,,,,,,0,-95,-99,-34.86981410218109,-32.89728669666966,-1.9725274055114284,-7.12221243845345,,,,,,,,,,,,,,60,100,-60,,,,,-32.89728669666966,,,,,
1642464000,42200,42650,41300,42332.5,48607.2,44118.35225252489,42758.915430234934,52274.76,0,-95,-99,-39.547580121974775,-34.7814980326386,-4.766082089336173,-7.977334119559234,,,,,,,,,,,,,,60,100,-60,,,,,,,,,,,0,-95,-99,-39.547580121974775,-34.7814980326386,-4.766082089336173,-7.977334119559234,,,,,,,,,,,,,,60,100,-60,,,,,,,,,,
1642550400,42332.5,42546,41140,41683.5,48642.37,43897.0020477499,42519.93422351606,62615.99,0,-95,-99,-44.7449234691977,-39.72077256445118,-5.02415090474652,-10.721033224041468,,,,,,,,,,,,,,60,100,-60,,,,,,,,,,,0,-95,-99,-44.7449234691977,-39.72077256445118,-5.02415090474652,-10.721033224041468,,,,,,,,,,,,,,60,100,-60,,,,,,,,,,
1642636800,41683.5,43482,40600,40702,48669.415,43606.54731613627,42115.94884051249,81535.441,0,-95,-99,-48.887052530730706,-44.39318537396772,-4.493867156762988,-9.751257369816186,,,,,,,,,,,,,,60,100,-60,,,,,,,,,,,0,-95,-99,-48.887052530730706,-44.39318537396772,-4.493867156762988,-9.751257369816186,,,,,,,,,,,,,,60,100,-60,,,,,,,,,,
1642723200,40702,41111,35378,36442.5,48683.2325,42955.270287396605,40855.18243150971,162167.628,0,-95,-99,-70.21246444356227,-54.614813481163544,-15.597650962398724,-10.16866133798033,,,,,,,,,,,,,,60,100,-60,,,,,,,,,,,0,-95,-99,-70.21246444356227,-54.614813481163544,-15.597650962398724,-10.16866133798033,,,,,,,,,,,,,,60,100,-60,,,,,,,,,,
1642809600,36442.5,36790,33960,35062,48687.5425,42237.70026126964,39567.808557840886,131383.791,0,-95,-99,-83.90274417859922,-67.66742038429739,-16.235323794301834,-12.645390301566374,,,,,,,20.15511920447527,,,,,,,60,100,-60,,,,,,,,,,,0,-95,-99,-83.90274417859922,-67.66742038429739,-16.235323794301834,-12.645390301566374,,,,,,,20.15511920447527,,,,,,,60,100,-60,,,,,,,,,,
1642896000,35062,36613,34601,36234.5,48699.3225,41691.954782972396,38827.073322765136,77883.381,0,-95,-99,-86.28431267764888,-80.13317376660343,-6.15113891104545,-10.630632368917414,,,,,,,,,,,12.896688628832038,,,60,100,-60,,,,,,,,,,,0,-95,-99,-86.28431267764888,-80.13317376660343,-6.15113891104545,-10.630632368917414,,,,,,,,,,,12.896688628832038,,,60,100,-60,,,,,,,,,,
1642982400,36234.5,37550,32906,36651.5,48718.31,41233.731620884,38343.61258437288,168804.434,0,-95,-99,-85.07939769901546,-85.08881818508785,0.009420486072386325,-12.231388847984382,,-85.08881818508785,,-85.08881818508785,,,,,,,,,,60,100,-60,,,,-108,-85.08881818508785,-107,,,,,0,-95,-99,-85.07939769901546,-85.08881818508785,0.009420486072386325,-12.231388847984382,,-85.08881818508785,,-85.08881818508785,,,,,,,,,,60,100,-60,,,,-108,-85.08881818508785,-107,,,,
1643068800,36651.5,37500,35701,36937.5,48733.8975,40843.165109894544,38031.14312117891,75916.857,0,-95,-99,-78.80925744737205,-83.39098927467877,4.581731827306726,-9.535529858447703,,,,,,,,,,,,,,60,100,-60,,,,,,,,,,,0,-95,-99,-78.80925744737205,-83.39098927467877,4.581731827306726,-9.535529858447703,,,,,,,,,,,,,,60,100,-60,,,,,,,,,,
1643155200,36937.5,38888,36250,36770,48750.245,40472.8773726314,37750.88909425026,106296.557,0,-95,-99,-70.53137457935664,-78.14000990858138,7.6086353292247395,-11.209137426984192,,,,,,,,,,,,,,60,100,-60,,,,,,,,,,,0,-95,-99,-70.53137457935664,-78.14000990858138,7.6086353292247395,-11.209137426984192,,,,,,,,,,,,,,60,100,-60,,,,,,,,,,
1643241600,36770,37223,35490.5,37140.5,48764.7775,40169.93397511946,37615.247073305756,84805.385,0,-95,-99,-66.16044677454728,-71.83369293375864,5.673246159211359,-12.135326071614935,,,,,,,,,,,,,,60,100,-60,,,,,,,,,,,0,-95,-99,-66.16044677454728,-71.83369293375864,5.673246159211359,-12.135326071614935,,,,,,,,,,,,,,60,100,-60,,,,,,,,,,
1643328000,37140.5,37964,36172.5,37693.5,48787.6825,39944.80361374496,37632.63661257114,75655.774,0,-95,-99,-58.57281162065551,-65.0882109915198,6.515399370864294,-11.919690451846783,,,,,,,,,,,,,,60,100,-60,,,,,,,,,,,0,-95,-99,-58.57281162065551,-65.0882109915198,6.515399370864294,-11.919690451846783,,,,,,,,,,,,,,60,100,-60,,,,,,,,,,
1643414400,37693.5,38769,37256,38150.5,48814.835,39781.68510340451,37747.71736533311,50637.813,0,-95,-99,-47.00220238397596,-57.24515359305957,10.242951209083607,-10.541083329733382,,,,,,,,,,,,,,60,100,-60,,,,,,,,,,,0,-95,-99,-47.00220238397596,-57.24515359305957,10.242951209083607,-10.541083329733382,,,,,,,,,,,,,,60,100,-60,,,,,,,,,,
1643500800,38150.5,38358,37320,37875.5,48840.2125,39608.39554854955,37776.113506370195,39029.632,0,-95,-99,-38.89142824178832,-48.155480748806575,9.264052507018256,-11.453795543595941,,,,,,,,,,,,,,60,100,-60,,,,,,,,,,,0,-95,-99,-38.89142824178832,-48.155480748806575,9.264052507018256,-11.453795543595941,,,,,,,,,,,,,,60,100,-60,,,,,,,,,,
1643587200,37875.5,38771,36632,38440,48873.135,39502.177771408686,37923.64383828793,65792.045,0,-95,-99,-31.139894016312237,-39.01117488069215,7.871280864379916,-9.656803622919192,,,,,,,,,,,,,,60,100,-60,,,,,,,,,,,0,-95,-99,-31.139894016312237,-39.01117488069215,7.871280864379916,-9.656803622919192,,,,,,,,,,,,,,60,100,-60,,,,,,,,,,
1643673600,38440,39250,37969.5,38680.5,48909.6175,39427.47979218971,38091.83409644617,66380.123,0,-95,-99,-18.03026006485546,-29.35386077431865,11.32360070946319,-8.09476921564115,,,,,,,,,,96.57322201983503,,,,60,100,-60,,,,,,,,,,,0,-95,-99,-18.03026006485546,-29.35386077431865,11.32360070946319,-8.09476921564115,,,,,,,,,,96.57322201983503,,,,60,100,-60,,,,,,,,,,
1643760000,38680.5,38814,36500,36887,48936.5075,39196.527083808825,37824.093186124795,67392.693,0,-95,-99,-21.454698248301444,-23.541617443156365,2.0869191948549215,-9.168250334201243,,,,,,,,,,,,,,60,100,-60,,,,,,,,,,,0,-95,-99,-21.454698248301444,-23.541617443156365,2.0869191948549215,-9.168250334201243,,,,,,,,,,,,,,60,100,-60,,,,,,,,,,
1643846400,36887,37425,36200.5,37291.5,48964.225,39023.34280346257,37705.73914476373,62389.278,0,-95,-99,-27.918518778536473,-22.467825697231106,-5.450693081305367,-8.635963655655885,,,,,,,,,,,,,,60,100,-60,,,,,-22.467825697231106,,,,,,0,-95,-99,-27.918518778536473,-22.467825697231106,-5.450693081305367,-8.635963655655885,,,,,,,,,,,,,,60,100,-60,,,,,-22.467825697231106,,,,,
1643932800,37291.5,41769,37015,41548.5,49017.89,39252.90254860234,38559.6860014829,103204.417,0,-95,-99,-3.2719134582461677,-17.54837682836134,14.276463370115174,-7.082889521665629,,,,,,,,,,,84.58351165200257,,,60,100,-60,,,,-108,-17.54837682836134,,,,,,0,-95,-99,-3.2719134582461677,-17.54837682836134,14.276463370115174,-7.082889521665629,,,,,,,,,,,84.58351165200257,,,60,100,-60,,,,-108,-17.54837682836134,,,,,
1644019200,41548.5,41918,40919,41380,49075.965,39446.275044183945,39186.42244559781,48132.733,0,-95,-99,17.63444447918232,-4.518662585866753,22.153107065049074,-7.711750735820959,,,,,,,,,,,,,,60,100,-60,,,,,,,,,,,0,-95,-99,17.63444447918232,-4.518662585866753,22.153107065049074,-7.711750735820959,,,,,,,,,,,,,,60,100,-60,,,,,,,,,,
1644105600,41380,42638.5,41110,42350,49127.27,39710.25004016722,39889.43967990941,40226.395,0,-95,-99,31.879597860798164,15.414042960578124,16.46555490022004,-6.006596402805838,,,,,,,,,,,,,,60,100,-60,,,,,,,,,,,0,-95,-99,31.879597860798164,15.414042960578124,16.46555490022004,-6.006596402805838,,,,,,,,,,,,,,60,100,-60,,,,,,,,,,
1644192000,42350,44500,41595,43825.5,49184.98,40084.36367287929,40764.11975104065,80797.131,0,-95,-99,43.93600899634792,31.15001711210947,12.785991884238452,-2.623513182904758,,,,,,,,,,,,,,60,100,-60,,,,,,,,,,,0,-95,-99,43.93600899634792,31.15001711210947,12.785991884238452,-2.623513182904758,,,,,,,,,,,,,,60,100,-60,,,,,,,,,,
1644278400,43825.5,45500,42650,44015,49237.055,40441.69424807208,41486.53758414273,95059.906,0,-95,-99,52.11586686972069,42.64382457562226,9.47204229409843,-2.1921725961827683,,,,,,,,,,,,,,60,100,-60,,,,,,,,,,,0,-95,-99,52.11586686972069,42.64382457562226,9.47204229409843,-2.1921725961827683,,,,,,,,,,,,,,60,100,-60,,,,,,,,,,
1644364800,44015,44808,43100.5,44333,49287.6,40795.44931642916,42119.084787666565,65251.374,0,-95,-99,55.74150171644264,50.59779252750375,5.143709188938892,-3.7090549799705492,,,,,,64.41545382653186,,,,99.87573702247053,,,,60,100,-60,,,,,,,,,,,0,-95,-99,55.74150171644264,50.59779252750375,5.143709188938892,-3.7090549799705492,,,,,,64.41545382653186,,,,99.87573702247053,,,,60,100,-60,,,,,,,,,,
1644451200,44333,45924.5,43150,43477,49328.2425,41039.22665129924,42420.84372374066,116198.949,0,-95,-99,56.975827519257464,54.94439870180693,2.031428817450532,-5.311981426309098,54.94439870180693,,54.94439870180693,,,,,,,,,,,60,100,-60,,,,,,,,,,,0,-95,-99,56.975827519257464,54.94439870180693,2.031428817450532,-5.311981426309098,54.94439870180693,,54.94439870180693,,,,,,,,,,,60,100,-60,,,,,,,,,,
1644537600,43477,43876,41900,42354,49353.8375,41158.75150118113,42405.9895629094,83025.2,0,-95,-99,50.85542794831624,54.52425239467212,-3.6688244463558775,-4.896232254033863,,,,,,,,,,,,,,60,100,-60,108,,108,,54.52425239467212,,105,,,,0,-95,-99,50.85542794831624,54.52425239467212,-3.6688244463558775,-4.896232254033863,,,,,,,,,,,,,,60,100,-60,108,,108,,54.52425239467212,,105,,,
1644624000,42354,42975,41630,42199.5,49367.6325,41253.365001073755,42360.10299337398,53240.605,0,-95,-99,43.180916921491594,50.3373907963551,-7.156473874863508,-6.837290470369085,,,,,,,,,,,,,,60,100,-60,,,,,,,,,,,0,-95,-99,43.180916921491594,50.3373907963551,-7.156473874863508,-6.837290470369085,,,,,,,,,,,,,,60,100,-60,,,,,,,,,,
1644710400,42199.5,42750,41823,42059.5,49377.955,41326.650000976144,42293.30232817976,42909.72,0,-95,-99,36.28479155650874,43.4403788087722,-7.155587252263459,-7.6467167334722745,,,,,,,,,,,,,,60,100,-60,,,,,,,,,,,0,-95,-99,36.28479155650874,43.4403788087722,-7.155587252263459,-7.6467167334722745,,,,,,,,,,,,,,60,100,-60,,,,,,,,,,
1644796800,42059.5,42845,41566.5,42536.5,49390.685,41436.636364523765,42347.34625525092,61138.349,0,-95,-99,31.361777497110367,36.94249532503691,-5.5807178279265415,-5.147099944316964,,,,,,,,,,,67.93172365495568,,,60,100,-60,,,,,,,,,,,0,-95,-99,31.361777497110367,36.94249532503691,-5.5807178279265415,-5.147099944316964,,,,,,,,,,,67.93172365495568,,,60,100,-60,,,,,,,,,,
1644883200,42536.5,44800,42370.5,44524.5,49402.26,41717.35124047615,42831.158198528494,58733.817,0,-95,-99,39.72491829861262,35.79049578407725,3.9344225145353704,-1.7036316975756958,,,,,,62.67641779820301,,,,,,,,60,100,-60,,,,,35.79049578407725,,,,,,0,-95,-99,39.72491829861262,35.79049578407725,3.9344225145353704,-1.7036316975756958,,,,,,62.67641779820301,,,,,,,,60,100,-60,,,,,35.79049578407725,,,,,
1644969600,44524.5,44535.5,43265,43879.5,49414.43,41913.910218614685,43064.12304329994,53877.282,0,-95,-99,44.07191261193521,38.38620280255274,5.685709809382473,-3.9143487623091806,,,38.38620280255274,,,,,,,78.69159032277508,,,,60,100,-60,,,,,,,,,,,0,-95,-99,44.07191261193521,38.38620280255274,5.685709809382473,-3.9143487623091806,,,38.38620280255274,,,,,,,78.69159032277508,,,,60,100,-60,,,,,,,,,,
1645056000,43879.5,44147,40009.5,40515,49417.8225,41786.73656237699,42497.65125589995,99227.771,0,-95,-99,27.009405320870794,36.93541207713955,-9.926006756268759,-5.773967950358385,,,,,,,,,,,,,,60,100,-60,108,,108,,36.93541207713955,,,,,,0,-95,-99,27.009405320870794,36.93541207713955,-9.926006756268759,-5.773967950358385,,,,,,,,,,,,,,60,100,-60,108,,108,,36.93541207713955,,,,,
1645142400,40515,40924,39438.5,39999.5,49421.995,41624.26051125181,41942.50653236663,80101.734,0,-95,-99,6.223554175504287,25.768290702770106,-19.54473652726582,-6.867443220796754,,,,,,,,,,,,,,60,100,-60,,,,,,,,,,,0,-95,-99,6.223554175504287,25.768290702770106,-19.54473652726582,-6.867443220796754,,,,,,,,,,,,,,60,100,-60,,,,,,,,,,
1645228800,39999.5,40450,39557,40064,49431.2725,41482.41864659255,41525.060636285154,39292.267,0,-95,-99,-7.752435859018815,8.493507879118761,-16.245943738137576,-8.57115487209141,,,,,,,,,,,,,,60,100,-60,,,,,,,,,,,0,-95,-99,-7.752435859018815,8.493507879118761,-16.245943738137576,-8.57115487209141,,,,,,,,,,,,,,60,100,-60,,,,,,,,,,
1645315200,40064,40095,37917,38355,49424.47,41198.10786053869,40820.602717110676,84531.025,0,-95,-99,-22.304805981282946,-7.944562554932492,-14.360243426350454,-9.942063522732315,,,,,,,,,,,,,,60,100,-60,,,,,,,,,,,0,-95,-99,-22.304805981282946,-7.944562554932492,-14.360243426350454,-9.942063522732315,,,,,,,,,,,,,,60,100,-60,,,,,,,,,,
1645401600,38355,39480,36751,37001.5,49405.235,40816.59805503517,39971.91322441941,152786.854,0,-95,-99,-34.683662069698904,-21.580301303333556,-13.103360766365348,-12.786793274393297,,,,,,,,,,,0.47450273501574375,,,60,100,-60,,,,,,,,,,,0,-95,-99,-34.683662069698904,-21.580301303333556,-13.103360766365348,-12.786793274393297,,,,,,,,,,,0.47450273501574375,,,60,100,-60,,,,,,,,,,
1645488000,37001.5,38455,36312.5,38214.5,49382.31,40580.043686395606,39581.37695232621,104586.233,0,-95,-99,-41.71738644263939,-32.901951497873746,-8.815434944765641,-11.3571321521657,,,,,,,,,,,,,,60,100,-60,,,,,,,,,,,0,-95,-99,-41.71738644263939,-32.901951497873746,-8.815434944765641,-11.3571321521657,,,,,,,,,,,,,,60,100,-60,,,,,,,,,,
1645574400,38214.5,39240,37050,37245.5,49345.645,40276.90335126873,39062.293185142604,85829.737,0,-95,-99,-44.585620455836235,-40.32888965605817,-4.256730799778062,-11.560055353649174,,,,,,,,,,,,,,60,100,-60,,,,,,,,,,,0,-95,-99,-44.585620455836235,-40.32888965605817,-4.256730799778062,-11.560055353649174,,,,,,,,,,,,,,60,100,-60,,,,,,,,,,
1645660800,37245.5,40000,34242.5,38318,49318.205,40098.82122842612,38896.894699555356,191619.669,0,-95,-99,-46.8805646362777,-44.39452384491778,-2.486040791359919,-11.538167486808247,,,,-44.39452384491778,,,,,,,,,,60,100,-60,,,,,,,,,,,0,-95,-99,-46.8805646362777,-44.39452384491778,-2.486040791359919,-11.538167486808247,,,,-44.39452384491778,,,,,,,,,,60,100,-60,,,,,,,,,,
1645747200,38318,39676.5,37959.5,39174.5,49282.7875,40014.792025841925,38958.58476632083,88825.461,0,-95,-99,-40.495982911281025,-43.987389334464986,3.4914064231839603,-10.205706318180585,,,,,,,,,,,,,,60,100,-60,,,,-108,-43.987389334464986,,,,,,0,-95,-99,-40.495982911281025,-43.987389334464986,3.4914064231839603,-10.205706318180585,,,,,,,,,,,,,,60,100,-60,,,,-108,-43.987389334464986,,,,,
1645833600,39174.5,40300,38556,39094.5,49250.3575,39931.12911440175,38988.78815158287,56205.281,0,-95,-99,-32.42027709834777,-39.93227488196883,7.511997783621062,-7.987910990459031,,,,,,,,,,,,,,60,100,-60,,,,,,,,,,,0,-95,-99,-32.42027709834777,-39.93227488196883,7.511997783621062,-7.987910990459031,,,,,,,,,,,,,,60,100,-60,,,,,,,,,,
1645920000,39094.5,39892.5,36922,37665,49211.0825,39725.117376728864,38694.613006786676,113682.746,0,-95,-99,-34.51377357576049,-35.81001119512976,1.296237619369272,-8.022285549129052,,,,,,,,,,,,,,60,100,-60,,,,,,,,,,,0,-95,-99,-34.51377357576049,-35.81001119512976,1.296237619369272,-8.022285549129052,,,,,,,,,,,,,,60,100,-60,,,,,,,,,,
1646006400,37665,44347.5,37435,43150.5,49204.785,40036.51579702624,39684.810116389635,136475.673,0,-95,-99,-12.143749212784265,-26.359266628964168,14.215517416179903,-6.850403186301353,,,,,,,,,,,,,,60,100,-60,,,,,,,,,,,0,-95,-99,-12.143749212784265,-26.359266628964168,14.215517416179903,-6.850403186301353,,,,,,,,,,,,,,60,100,-60,,,,,,,,,,
1646092800,43150.5,44900,42811,44389.5,49187.7825,40432.24163366022,40730.296757191936,96498.581,0,-95,-99,10.783330389252011,-11.958064133097574,22.741394522349587,-4.588526723157816,,,,,,61.432129921344774,,,,,,,,60,100,-60,,,,,,,,,,,0,-95,-99,10.783330389252011,-11.958064133097574,22.741394522349587,-4.588526723157816,,,,,,61.432129921344774,,,,,,,,60,100,-60,,,,,,,,,,
1646179200,44389.5,45372,43334,43893.5,49171.85,40746.90148514565,41433.23081114928,93178.504,0,-95,-99,24.527796033846194,7.722459070104651,16.805336963741542,-7.4112520841559935,,,,,,,,,,,,,,60,100,-60,,,,,,,,,,,0,-95,-99,24.527796033846194,7.722459070104651,16.805336963741542,-7.4112520841559935,,,,,,,,,,,,,,60,100,-60,,,,,,,,,,
1646265600,43893.5,44065,41811.5,42450.5,49149.1125,40901.77407740514,41659.290630893884,88362.18,0,-95,-99,27.84810865033999,21.053078357812737,6.7950302925272545,-8.271916645631793,,,,,,,,,,87.22398081713095,,,,60,100,-60,,,,,,,,,,,0,-95,-99,27.84810865033999,21.053078357812737,6.7950302925272545,-8.271916645631793,,,,,,,,,,87.22398081713095,,,,60,100,-60,,,,,,,,,,
1646352000,42450.5,42505.5,38506,39114.5,49114.9075,40739.29461582286,41093.78160180635,110111.539,0,-95,-99,16.84521228539389,23.0737056565267,-6.2284933711328065,-9.234075784429018,,,23.0737056565267,,,,,,,,,,,60,100,-60,108,,108,,23.0737056565267,,,,,,0,-95,-99,16.84521228539389,23.0737056565267,-6.2284933711328065,-9.234075784429018,,,23.0737056565267,,,,,,,,,,,60,100,-60,108,,108,,23.0737056565267,,,,,
1646438400,39114.5,39575,38552,39360,49088.0775,40613.9041962026,40708.496801404945,42833.465,0,-95,-99,4.594544253274757,16.429288396336215,-11.834744143061458,-7.884757571676752,,,,,,,,,,,,,,60,100,-60,,,,,,,,,,,0,-95,-99,4.594544253274757,16.429288396336215,-11.834744143061458,-7.884757571676752,,,,,,,,,,,,,,60,100,-60,,,,,,,,,,
1646524800,39360,39748,38088,38394,49056.3975,40412.09472382055,40194.16417887051,83152.158,0,-95,-99,-5.9437606833027665,5.165331951788631,-11.109092635091397,-8.021877542026086,,,,,,,,,,,,,,60,100,-60,,,,,,,,,,,0,-95,-99,-5.9437606833027665,5.165331951788631,-11.109092635091397,-8.021877542026086,,,,,,,,,,,,,,60,100,-60,,,,,,,,,,
1646611200,38394,39536,37139,37976,49012.5875,40190.63156710959,39701.238805788176,118715.418,0,-95,-99,-15.40650708889567,-5.5852411729745555,-9.821265915921115,-7.952733962696312,,,,,,,,,,,,,,60,100,-60,,,,,,,,,,,0,-95,-99,-15.40650708889567,-5.5852411729745555,-9.821265915921115,-7.952733962696312,,,,,,,,,,,,,,60,100,-60,,,,,,,,,,
1646697600,37976,39330,37865,38726.5,48959.7275,40057.52869737235,39484.630182279696,103859.811,0,-95,-99,-19.82712367835299,-13.725797150183809,-6.1013265281691815,-5.253603383175994,,,,,,,,,,,32.32874135728465,,,60,100,-60,,,,,,,,,,,0,-95,-99,-19.82712367835299,-13.725797150183809,-6.1013265281691815,-5.253603383175994,,,,,,,,,,,32.32874135728465,,,60,100,-60,,,,,,,,,,
1646784000,38726.5,42698,38658,41941.5,48925.4325,40228.798815793045,40030.60125288421,112368.715,0,-95,-99,-8.931136268282248,-14.721589011843635,5.790452743561387,-3.458900582416466,,,,,,,,,,,,,,60,100,-60,,,,-108,-14.721589011843635,,,,,,0,-95,-99,-8.931136268282248,-14.721589011843635,5.790452743561387,-3.458900582416466,,,,,,,,,,,,,,60,100,-60,,,,-108,-14.721589011843635,,,,,
1646870400,41941.5,42027,38486,39408,48876.23,40154.18074163004,39892.245418909944,134309.741,0,-95,-99,-7.492212486510784,-12.083490811048675,4.591278324537891,-5.490953049971004,,,,,,,,,,,,,,60,100,-60,,,,,,,,,,,0,-95,-99,-7.492212486510784,-12.083490811048675,4.591278324537891,-5.490953049971004,,,,,,,,,,,,,,60,100,-60,,,,,,,,,,
1646956800,39408,40250,38202,38726,48822.185,40024.34612875459,39633.07977026329,125849.454,0,-95,-99,-13.1295220737249,-9.85095694283931,-3.278565130885589,-6.277303622478372,,,,,,,,,,42.9888158276551,,,,60,100,-60,,,,,-9.85095694283931,,,,,,0,-95,-99,-13.1295220737249,-9.85095694283931,-3.278565130885589,-6.277303622478372,,,,,,,,,,42.9888158276551,,,,60,100,-60,,,,,-9.85095694283931,,,,,
1647043200,38726,39447,38631.5,38793,48777.415,39912.40557159508,39446.39537687145,42633.865,0,-95,-99,-17.83927285314,-12.82033580445856,-5.018937048681439,-7.256223446196383,,,,,,,,,,,,,,60,100,-60,,,,,,,,,,,0,-95,-99,-17.83927285314,-12.82033580445856,-5.018937048681439,-7.256223446196383,,,,,,,,,,,,,,60,100,-60,,,,,,,,,,
1647129600,38793,39305.5,37551,37756,48721.3675,39716.368701450076,39070.751959788904,51212.893,0,-95,-99,-26.327588736420378,-19.098794554428423,-7.228794181991955,-10.154905031893314,,,,,,,,,,,,,,60,100,-60,,,,,,,,,,,0,-95,-99,-26.327588736420378,-19.098794554428423,-7.228794181991955,-10.154905031893314,,,,,,,,,,,,,,60,100,-60,,,,,,,,,,
1647216000,37756,39922,37527,39645.5,48685.255,39709.92609222734,39198.47374650248,84899.346,0,-95,-99,-25.132574815225617,-23.09981213492866,-2.0327626802969583,-6.576678773023697,,,,,,,,,,,23.046426298053213,,,60,100,-60,,,,,,,,,,,0,-95,-99,-25.132574815225617,-23.09981213492866,-2.0327626802969583,-6.576678773023697,,,,,,,,,,,23.046426298053213,,,60,100,-60,,,,,,,,,,
1647302400,39645.5,39950,38100,39280,48636.42,39670.841902024855,39216.59069172415,81560.076,0,-95,-99,-23.131565647633472,-24.863909733093152,1.7323440854596797,-7.698306078381566,,,,,,,,,,,,,,60,100,-60,,,,-108,-24.863909733093152,,,,,,0,-95,-99,-23.131565647633472,-24.863909733093152,1.7323440854596797,-7.698306078381566,,,,,,,,,,,,,,60,100,-60,,,,-108,-24.863909733093152,,,,,
1647388800,39280,41737,38750,41124.5,48597.59,39802.992638204414,39640.570538007676,149450.037,0,-95,-99,-6.102778312953596,-18.122306258604226,12.01952794565063,-6.208992576979202,,,,,,,,,,,,,,60,100,-60,,,,,,,,,,,0,-95,-99,-6.102778312953596,-18.122306258604226,12.01952794565063,-6.208992576979202,,,,,,,,,,,,,,60,100,-60,,,,,,,,,,
1647475200,41124.5,41446.5,40400,40890,48558.3025,39901.81148927674,39918.221529561524,55484.701,0,-95,-99,8.348252751417288,-6.962030403056592,15.310283154473879,-6.675516430887232,,,,,,,,,,,,,,60,100,-60,,,,,,,,,,,0,-95,-99,8.348252751417288,-6.962030403056592,15.310283154473879,-6.675516430887232,,,,,,,,,,,,,,60,100,-60,,,,,,,,,,
1647561600,40890,42335,40105,41751.5,48531.925,40069.96499025158,40325.61674521452,82538.367,0,-95,-99,21.095996651603848,7.780490363355846,13.315506288248002,-4.374178810299402,,,,,,,,,,,,,,60,100,-60,,,,,,,,,,,0,-95,-99,21.095996651603848,7.780490363355846,13.315506288248002,-4.374178810299402,,,,,,,,,,,,,,60,100,-60,,,,,,,,,,
1647648000,41751.5,42397,41460,42180.5,48506.9275,40261.83180931962,40737.81302405574,45659.219,0,-95,-99,32.60798582455571,20.68407840919228,11.92390741536343,-3.474938721758354,,,,,,,,,,,,,,60,100,-60,,,,,,,,,,,0,-95,-99,32.60798582455571,20.68407840919228,11.92390741536343,-3.474938721758354,,,,,,,,,,,,,,60,100,-60,,,,,,,,,,
1647734400,42180.5,42250,40920,41272,48469.1525,40353.665281199654,40856.52124093224,55157.909,0,-95,-99,35.68555627087345,29.796512915677667,5.889043355195781,-4.0286625583769275,,,,,,,,,,92.71269539471609,,,,60,100,-60,,,,,,,,,,,0,-95,-99,35.68555627087345,29.796512915677667,5.889043355195781,-4.0286625583769275,,,,,,,,,,92.71269539471609,,,,60,100,-60,,,,,,,,,,
1647820800,41272,41537,40473.5,40985,48427.4675,40411.05934654514,40885.07207628063,71878.595,0,-95,-99,33.19204173850244,33.82852794464387,-0.6364862061414271,-3.851916428596473,,,,,,,,,,,,,,60,100,-60,108,,,,33.82852794464387,,,,,,0,-95,-99,33.19204173850244,33.82852794464387,-0.6364862061414271,-3.851916428596473,,,,,,,,,,,,,,60,100,-60,108,,,,33.82852794464387,,,,,
1647907200,40985,43453,40860,42359.5,48389.0875,40588.190315041036,41212.72272599605,98939.767,0,-95,-99,41.23918511144212,36.705594373606,4.533590737836121,-0.6692658529647946,,,,,,,,,,,,,,60,100,-60,,,,,36.705594373606,,,,,,0,-95,-99,41.23918511144212,36.705594373606,4.533590737836121,-0.6692658529647946,,,,,,,,,,,,,,60,100,-60,,,,,36.705594373606,,,,,
1647993600,42359.5,42987,41697.5,42851.5,48353.6425,40793.945740946394,41576.89545355248,70821.273,0,-95,-99,47.29830856790494,40.57651180594983,6.721796761955112,1.504115199761972,,,,,,,,,,,,,,60,100,-60,,,,,,,,,,,0,-95,-99,47.29830856790494,40.57651180594983,6.721796761955112,1.504115199761972,,,,,,,,,,,,,,60,100,-60,,,,,,,,,,
1648080000,42851.5,44199,42556,43970.5,48315.2875,41082.723400860355,42108.807574985265,81877.149,0,-95,-99,56.19787481865649,48.245122832667846,7.952751985988641,1.7499095299464171,,,,,,,,,,,,,,60,100,-60,,,,,,,,,,,0,-95,-99,56.19787481865649,48.245122832667846,7.952751985988641,1.7499095299464171,,,,,,,,,,,,,,60,100,-60,,,,,,,,,,
1648166400,43970.5,45055.5,43556,44293.5,48273.8125,41374.61218260032,42594.29478054409,86167.807,0,-95,-99,63.306509831018765,55.60089773919339,7.7056120918253725,2.063939163424587,,,,,,,,,,,,,,60,100,-60,,,,,,,,,,,0,-95,-99,63.306509831018765,55.60089773919339,7.7056120918253725,2.063939163424587,,,,,,,,,,,,,,60,100,-60,,,,,,,,,,
1648252800,44293.5,44750,44050,44470,48261.965,41656.0110750912,43011.118162645405,34456.394,0,-95,-99,66.1683259152415,61.89090352163891,4.277422393602585,2.296853282379561,,,,,,,,,,,,,,60,100,-60,,,,,,,,,,,0,-95,-99,66.1683259152415,61.89090352163891,4.277422393602585,2.296853282379561,,,,,,,,,,,,,,60,100,-60,,,,,,,,,,
1648339200,44470,46989,44418,46793,48265.48,42123.010068264724,43851.53634872421,74844.269,0,-95,-99,72.67059520690388,67.38181031772137,5.288784889182509,4.714439659445272,,,,,,,,,,,,,,60,100,-60,,,,,,,,,,,0,-95,-99,72.67059520690388,67.38181031772137,5.288784889182509,4.714439659445272,,,,,,,,,,,,,,60,100,-60,,,,,,,,,,
1648425600,46793,48185,46625.5,47122.5,48269.17,42577.509152967934,44578.41716011883,89817.892,0,-95,-99,78.03506889514065,72.291330005762,5.743738889378648,4.708021796021958,,,,,,,,,,,,,,60,100,-60,,,,,,,,,,,0,-95,-99,78.03506889514065,72.291330005762,5.743738889378648,4.708021796021958,,,,,,,,,,,,,,60,100,-60,,,,,,,,,,
1648512000,47122.5,48068.5,46917,47418,48281.905,43017.5537754254,45209.43556898131,63821.345,0,-95,-99,79.00526117530617,76.57030842578357,2.4349527495226084,4.577876597165342,,,,,,70.09888959479844,,,,,,,,60,100,-60,,,,,,,,,,,0,-95,-99,79.00526117530617,76.57030842578357,2.4349527495226084,4.577876597165342,,,,,,70.09888959479844,,,,,,,,60,100,-60,,,,,,,,,,
1648598400,47418,47676,46501,47024,48291.08,43381.77615947763,45612.672109207684,64443.042,0,-95,-99,75.91041684310474,77.65024897118386,-1.7398321280791151,2.9844564511963636,77.65024897118386,,77.65024897118386,,,,,,,,,,,60,100,-60,,,108,,77.65024897118386,,105,,,,0,-95,-99,75.91041684310474,77.65024897118386,-1.7398321280791151,2.9844564511963636,77.65024897118386,,77.65024897118386,,,,,,,,,,,60,100,-60,,,108,,77.65024897118386,,105,,,
1648684800,47024,47589.5,45110,45511,48288.4975,43575.34196316148,45590.07830716153,87714.467,0,-95,-99,67.95380607135695,74.28982802992262,-6.3360219585656665,2.1212786825104804,,,,,,,,,,,,,,60,100,-60,,,,,,,,,,,0,-95,-99,67.95380607135695,74.28982802992262,-6.3360219585656665,2.1212786825104804,,,,,,,,,,,,,,60,100,-60,,,,,,,,,,
1648771200,45511,46697,44202,46274,48295.0925,43820.674511964986,45742.06090557008,102289.739,0,-95,-99,59.13752573678073,67.66724955041414,-8.52972381363341,2.2260368196355955,,,,,,,,,,,,,,60,100,-60,,,,,,,,,,,0,-95,-99,59.13752573678073,67.66724955041414,-8.52972381363341,2.2260368196355955,,,,,,,,,,,,,,60,100,-60,,,,,,,,,,
1648857600,46274,47230,45608,45807,48288.6825,44001.24955633181,45756.49181544339,62395.391,0,-95,-99,54.69701345009977,60.59611508607915,-5.899101635979385,1.0367032901833304,,,,,,,,,,,,,,60,100,-60,,,,,,,,,,,0,-95,-99,54.69701345009977,60.59611508607915,-5.899101635979385,1.0367032901833304,,,,,,,,,,,,,,60,100,-60,,,,,,,,,,
1648944000,45807,47493,45501,46411.5,48280.24,44220.36323302892,45902.0491897893,64093.179,0,-95,-99,52.21070461370938,55.348414600196634,-3.137709986487252,3.7330249857816264,,,,,,,,,,,,,,60,100,-60,,,,,,,,,,,0,-95,-99,52.21070461370938,55.348414600196634,-3.137709986487252,3.7330249857816264,,,,,,,,,,,,,,60,100,-60,,,,,,,,,,
1649030400,46411.5,46880,45050,46580.5,48274.3125,44434.92112093538,46052.81603650279,74905.235,0,-95,-99,47.24937005392015,51.3856960392431,-4.136325985322948,3.1380520181155562,,,,,,62.62423090923171,,,,,,,,60,100,-60,,,,,,,,,,,0,-95,-99,47.24937005392015,51.3856960392431,-4.136325985322948,3.1380520181155562,,,,,,62.62423090923171,,,,,,,,60,100,-60,,,,,,,,,,
1649116800,46580.5,47190,45319.5,45485.5,48265.36,44530.42829175944,45926.74580616884,74202.1,0,-95,-99,41.21893183445486,46.893002167361466,-5.674070332906609,-0.5641015560155784,,,,,,,,,,,,,,60,100,-60,,,,,,,,,,,0,-95,-99,41.21893183445486,46.893002167361466,-5.674070332906609,-0.5641015560155784,,,,,,,,,,,,,,60,100,-60,,,,,,,,,,
1649203200,45485.5,45495,43100,43158.5,48239.6525,44405.70753796313,45311.580071464654,112792.055,0,-95,-99,17.90397514164721,35.45742567667407,-17.55345053502686,-2.5714486734879562,,,,,,,,,,,,,,60,100,-60,,,,,,,,,,,0,-95,-99,17.90397514164721,35.45742567667407,-17.55345053502686,-2.5714486734879562,,,,,,,,,,,,,,60,100,-60,,,,,,,,,,
1649289600,43158.5,43883,42703.5,43427,48220.415,44316.734125421026,44892.784500028065,66337.665,0,-95,-99,-0.8132394180718308,19.436555852676747,-20.249795270748578,-3.5888743331633925,,,,,,,,,,,,,,60,100,-60,,,,,,,,,,,0,-95,-99,-0.8132394180718308,19.436555852676747,-20.249795270748578,-3.5888743331633925,,,,,,,,,,,,,,60,100,-60,,,,,,,,,,
1649376000,43427,43982,42090,42256,48216.41,44129.39465947366,44306.83238891072,97474.878,0,-95,-99,-15.655468789610588,0.4784223113215991,-16.133891100932185,-6.405972232462188,,,,,,,,,,,,,,60,100,-60,,,,,,,,,,,0,-95,-99,-15.655468789610588,0.4784223113215991,-16.133891100932185,-6.405972232462188,,,,,,,,,,,,,,60,100,-60,,,,,,,,,,
1649462400,42256,42778,42120,42726.5,48226.42,44001.858781339695,43955.647413597224,34846.396,0,-95,-99,-25.94595701705026,-14.13822174157756,-11.807735275472702,-4.784586320874709,,,,,,,,,,,,,,60,100,-60,,,,,,,,,,,0,-95,-99,-25.94595701705026,-14.13822174157756,-11.807735275472702,-4.784586320874709,,,,,,,,,,,,,,60,100,-60,,,,,,,,,,
1649548800,42726.5,43403,41745,42137,48219.46,43832.32616485427,43551.503543908955,58103.289,0,-95,-99,-32.68262485164525,-24.761350219435368,-7.921274632209883,-6.139051428158794,,,,,,,,,,,,,,60,100,-60,,,,,,,,,,,0,-95,-99,-32.68262485164525,-24.761350219435368,-7.921274632209883,-6.139051428158794,,,,,,,,,,,,,,60,100,-60,,,,,,,,,,
1649635200,42137,42400,39171.5,39500,48192.835,43438.4783316857,42651.1694230403,142864.887,0,-95,-99,-45.09230135677694,-34.57362774182415,-10.518673614952796,-7.409711237274049,,,,,,,,,,,,,,60,100,-60,,,,,,,,,,,0,-95,-99,-45.09230135677694,-34.57362774182415,-10.518673614952796,-7.409711237274049,,,,,,,,,,,,,,60,100,-60,,,,,,,,,,
1649721600,39500,40713,39216,40055,48179.0975,43130.889392441546,42074.2428845869,105454.116,0,-95,-99,-52.38954383101506,-43.38815667981242,-9.001387151202643,-5.062057934717518,,,,,,,,,,,2.9420661215070965,,,60,100,-60,,,,,,,,,,,0,-95,-99,-52.38954383101506,-43.38815667981242,-9.001387151202643,-5.062057934717518,,,,,,,,,,,2.9420661215070965,,,60,100,-60,,,,,,,,,,
1649808000,40055,41553,39580,41137,48171.585,42949.62672040141,41865.966688012035,99503.899,0,-95,-99,-52.650950892812425,-50.04426536020148,-2.606685532610946,-3.403874597207603,,,,,,,,,,,,,,60,100,-60,,,,,,,,,,,0,-95,-99,-52.650950892812425,-50.04426536020148,-2.606685532610946,-3.403874597207603,,,,,,,,,,,,,,60,100,-60,,,,,,,,,,
1649894400,41137,41463,39521,39930,48155.3925,42675.11520036492,41435.75186845381,79193.988,0,-95,-99,-53.603386319724606,-52.881293681184026,-0.7220926385405804,-4.580123073794535,,,,,,,,,,,,,,60,100,-60,,,,,,,,,,,0,-95,-99,-53.603386319724606,-52.881293681184026,-0.7220926385405804,-4.580123073794535,,,,,,,,,,,,,,60,100,-60,,,,,,,,,,
1649980800,39930,40849,39746,40528.5,48147.185,42479.96836396811,41234.14034213074,57083.369,0,-95,-99,-52.74190609563722,-52.99874776939142,0.2568416737542023,-4.156329094208162,,,,-52.99874776939142,,,,,,,,,,60,100,-60,,,,,-52.99874776939142,,,,,,0,-95,-99,-52.74190609563722,-52.99874776939142,0.2568416737542023,-4.156329094208162,,,,-52.99874776939142,,,,,,,,,,60,100,-60,,,,,-52.99874776939142,,,,,
1650067200,40528.5,40695,39972.5,40357.5,48143.94,42287.01669451646,41039.331377212795,38739.216,0,-95,-99,-51.24602767186901,-52.53044002907694,1.284412357207934,-6.793713009192021,,,,,,,,,,,,,,60,100,-60,,,,,,,,,,,0,-95,-99,-51.24602767186901,-52.53044002907694,1.284412357207934,-6.793713009192021,,,,,,,,,,,,,,60,100,-60,,,,,,,,,,
1650153600,40357.5,40562,39520.5,39662,48134.65,42048.37881319678,40733.25773783217,46249.088,0,-95,-99,-51.479142817711335,-51.82235886173919,0.3432160440278551,-7.193994763835929,,,,,,,,,,,,,,60,100,-60,,,,,,,,,,,0,-95,-99,-51.479142817711335,-51.82235886173919,0.3432160440278551,-7.193994763835929,,,,,,,,,,,,,,60,100,-60,,,,,,,,,,
1650240000,39662,41255,38466.5,40773.5,48119.73,41932.4807392698,40742.20046275836,109434.916,0,-95,-99,-49.1315364365055,-50.61890230869528,1.487365872189784,-4.164560753737265,,,,,,,,,,,,,,60,100,-60,,,,,,,,,,,0,-95,-99,-49.1315364365055,-50.61890230869528,1.487365872189784,-4.164560753737265,,,,,,,,,,,,,,60,100,-60,,,,,,,,,,
1650326400,40773.5,41769.5,40533,41465.5,48086.595,41890.02794479072,40902.9336932565,64952.685,0,-95,-99,-38.302946690406486,-46.304541981541114,8.001595291134628,-1.8978973490473963,,,,,,,,,,,,,,60,100,-60,,,,,,,,,,,0,-95,-99,-38.302946690406486,-46.304541981541114,8.001595291134628,-1.8978973490473963,,,,,,,,,,,,,,60,100,-60,,,,,,,,,,
1650412800,41465.5,42169,40867,41333.5,48055.0125,41839.43449526429,40998.615094755056,73981.031,0,-95,-99,-27.6728569184425,-38.3691133484515,10.696256430009,-2.3319246788681736,,,,,,,,,,,,,,60,100,-60,,,,,,,,,,,0,-95,-99,-27.6728569184425,-38.3691133484515,10.696256430009,-2.3319246788681736,,,,,,,,,,,,,,60,100,-60,,,,,,,,,,
1650499200,41333.5,42950,39588,40454.5,48016.4075,41713.53135933117,40877.70062925393,117450.148,0,-95,-99,-23.739704664047526,-29.905169424298837,6.165464760251311,-1.0238913959552198,,,,,,,,,,77.52417593619573,,,,60,100,-60,,,,,,,,,,,0,-95,-99,-23.739704664047526,-29.905169424298837,6.165464760251311,-1.0238913959552198,,,,,,,,,,77.52417593619573,,,,60,100,-60,,,,,,,,,,
1650585600,40454.5,40767,39007,39676.5,47968.9075,41528.34669030106,40610.76715608639,93447.976,0,-95,-99,-32.572263646696186,-27.99494174306207,-4.577321903634115,-0.8890819835830557,,,,,,,,,,,,,,60,100,-60,,,,,-27.99494174306207,,,,,,0,-95,-99,-32.572263646696186,-27.99494174306207,-4.577321903634115,-0.8890819835830557,,,,,,,,,,,,,,60,100,-60,,,,,-27.99494174306207,,,,,
1650672000,39676.5,40048,39261,39421.5,47908.6625,41336.81517300096,40346.48556584497,35547.013,0,-95,-99,-39.51945143135196,-31.94380658069856,-7.575644850653401,-3.1145226701184856,,,,,,,,,,,,,,60,100,-60,,,,,,,,,,,0,-95,-99,-39.51945143135196,-31.94380658069856,-7.575644850653401,-3.1145226701184856,,,,,,,,,,,,,,60,100,-60,,,,,,,,,,
1650758400,39421.5,39914.5,38831,39439.5,47829.1725,41164.33197545542,40144.93321787942,52562.029,0,-95,-99,-44.570525499658196,-38.88741352590211,-5.683111973756084,-1.9668262145679165,,,,,,,,,,,,,,60,100,-60,,,,,,,,,,,0,-95,-99,-44.570525499658196,-38.88741352590211,-5.683111973756084,-1.9668262145679165,,,,,,,,,,,,,,60,100,-60,,,,,,,,,,
1650844800,39439.5,40673,38072,40400,47762.0825,41094.847250414015,40201.61472501733,140931.528,0,-95,-99,-44.05866475582053,-42.716213895610224,-1.342450860210306,-1.50932051725353,,,,,,,,,,,,,,60,100,-60,,,,,,,,,,,0,-95,-99,-44.05866475582053,-42.716213895610224,-1.342450860210306,-1.50932051725353,,,,,,,,,,,,,,60,100,-60,,,,,,,,,,
1650931200,40400,40803,37668.5,38103.5,47682.78,40822.90659128547,39735.36700834681,140001.463,0,-95,-99,-50.46725847754889,-46.3654829110092,-4.101775566539686,-4.588040300550862,,,,,,,,,,,39.59223045115584,,,60,100,-60,,,,,,,,,,,0,-95,-99,-50.46725847754889,-46.3654829110092,-4.101775566539686,-4.588040300550862,,,,,,,,,,,39.59223045115584,,,60,100,-60,,,,,,,,,,
1651017600,38103.5,39479,37855,39206,47603.97,40675.915082986794,39617.72989538085,111802.804,0,-95,-99,-53.28366494009224,-49.26986272448722,-4.013802215605018,-2.7761631256062245,,,,,,,,,,,,,,60,100,-60,,,,,,,,,,,0,-95,-99,-53.28366494009224,-49.26986272448722,-4.013802215605018,-2.7761631256062245,,,,,,,,,,,,,,60,100,-60,,,,,,,,,,
1651104000,39206,40350,38863.5,39734.5,47529.02,40590.33189362436,39643.67880751844,128905.192,0,-95,-99,-45.81080836738858,-49.8539105950099,4.043102227621318,-0.6842500073002087,,,,,,,,,,,,,,60,100,-60,,,,-108,-49.8539105950099,,,,,,0,-95,-99,-45.81080836738858,-49.8539105950099,4.043102227621318,-0.6842500073002087,,,,,,,,,,,,,,60,100,-60,,,,-108,-49.8539105950099,,,,,
1651190400,39734.5,39909,38162,38572,47434.4425,40406.847176022144,39405.527961403226,95211.06,0,-95,-99,-48.70872431124792,-49.26773253957625,0.5590082283283309,-4.331722088087629,,,,,,,,,,51.23548172286435,,,,60,100,-60,,,,,,,,,,,0,-95,-99,-48.70872431124792,-49.26773253957625,0.5590082283283309,-4.331722088087629,,,,,,,,,,51.23548172286435,,,,60,100,-60,,,,,,,,,,
1651276800,38572,38770,37558.5,37611.5,47342.47,40152.72470547468,39006.855081091395,51299.112,0,-95,-99,-57.40927160922345,-50.642934762619994,-6.766336846603458,-7.79653601130274,,,,,,,,,,,,,,60,100,-60,,,,,-50.642934762619994,,,,,,0,-95,-99,-57.40927160922345,-50.642934762619994,-6.766336846603458,-7.79653601130274,,,,,,,,,,,,,,60,100,-60,,,,,-50.642934762619994,,,,,
1651363200,37611.5,38663,37351,38446.5,47247.855,39997.61336861334,38882.33172973775,71377.503,0,-95,-99,-59.53405757790179,-55.21735116612439,-4.316706411777403,-5.5970140475171055,,,,,,,,,,,,,,60,100,-60,,,,,,,,,,,0,-95,-99,-59.53405757790179,-55.21735116612439,-4.316706411777403,-5.5970140475171055,,,,,,,,,,,,,,60,100,-60,,,,,,,,,,
1651449600,38446.5,39255.5,38005,38528,47153.7175,39864.01215328486,38803.59134535158,100419.787,0,-95,-99,-55.169682560424285,-57.37100391584985,2.201321355425563,-3.8332360885431624,,,,,,,,,,,35.418241052020136,,,60,100,-60,,,,-108,-57.37100391584985,-107,,,,,0,-95,-99,-55.169682560424285,-57.37100391584985,2.201321355425563,-3.8332360885431624,,,,,,,,,,,35.418241052020136,,,60,100,-60,,,,-108,-57.37100391584985,-107,,,,
1651536000,38528,38630,37500,37733.5,47033.6675,39670.32923025896,38565.79326860679,69300.33,0,-95,-99,-57.74383162971361,-57.482523922679896,-0.26130770703371553,-3.5057187937928234,,,,-57.482523922679896,,,,,,,,,,60,100,-60,,,,,-57.482523922679896,,,,,,0,-95,-99,-57.74383162971361,-57.482523922679896,-0.26130770703371553,-3.5057187937928234,,,,-57.482523922679896,,,,,,,,,,60,100,-60,,,,,-57.482523922679896,,,,,
1651622400,37733.5,40058.5,37660.5,39696.5,46927.59,39672.70839114451,38817.06143113861,128880.144,0,-95,-99,-43.6667181424708,-52.193410777536236,8.526692635065437,-2.059172837036746,,,,,,,,,,51.98648277805597,,,,60,100,-60,,,,,-52.193410777536236,,,,,,0,-95,-99,-43.6667181424708,-52.193410777536236,8.526692635065437,-2.059172837036746,,,,,,,,,,51.98648277805597,,,,60,100,-60,,,,,-52.193410777536236,,,,,
1651708800,39696.5,39840,35511,36526,46802.5,39386.64399194955,38307.936668663366,173313.498,0,-95,-99,-53.43887308744745,-51.616474286543955,-1.8223988009034926,-2.4353191408938932,,,,,,,,,,,,,,60,100,-60,,,,,-51.616474286543955,,,,,,0,-95,-99,-53.43887308744745,-51.616474286543955,-1.8223988009034926,-2.4353191408938932,,,,,,,,,,,,,,60,100,-60,,,,,-51.616474286543955,,,,,
1651795200,36526,36666,35200,35990.5,46672.285,39077.903629045046,37792.95074229373,130999.997,0,-95,-99,-65.89588027124722,-54.33382383372182,-11.5620564375254,-2.912556703649975,,,,,,,,,,,,,,60,100,-60,,,,,,,,,,,0,-95,-99,-65.89588027124722,-54.33382383372182,-11.5620564375254,-2.912556703649975,,,,,,,,,,,,,,60,100,-60,,,,,,,,,,
1651881600,35990.5,36135,34744,35462,46528.2725,38749.185117313675,37274.96168845068,58998.423,0,-95,-99,-72.91584700444402,-64.08353345437956,-8.832313550064455,-5.143129645747271,,,,,,,,,,,,,,60,100,-60,,,,,,,,,,,0,-95,-99,-72.91584700444402,-64.08353345437956,-8.832313550064455,-5.143129645747271,,,,,,,,,,,,,,60,100,-60,,,,,,,,,,
1651968000,35462,35498.5,33666,34032.5,46368.16,38320.39556119425,36554.41464657275,129476.014,0,-95,-99,-78.93732918584071,-72.58301882051065,-6.354310365330065,-9.082814482239105,,,,,,,,,,,,,,60,100,-60,,,,,,,,,,,0,-95,-99,-78.93732918584071,-72.58301882051065,-6.354310365330065,-9.082814482239105,,,,,,,,,,,,,,60,100,-60,,,,,,,,,,
1652054400,34032.5,34258,30018,30063.5,46207.2475,37569.768691994774,35111.98916955659,348620.325,0,-95,-99,-88.56626124785987,-80.13981247938153,-8.426448768478338,-9.634337110693917,,,,,,,24.560852061475515,,,,0.9145050231446228,,,60,100,-60,,,,,,,,,,,0,-95,-99,-88.56626124785987,-80.13981247938153,-8.426448768478338,-9.634337110693917,,,,,,,24.560852061475515,,,,0.9145050231446228,,,60,100,-60,,,,,,,,,,
1652140800,30063.5,32665.5,29711,31015,46058.5225,36973.88062908616,34201.54713187735,264273.27,0,-95,-99,-90.98941981818221,-86.16433675062758,-4.82508306755463,-7.996689808247438,,,,,,,,,,,,,,60,100,-60,,,,,,,,,,,0,-95,-99,-90.98941981818221,-86.16433675062758,-4.82508306755463,-7.996689808247438,,,,,,,,,,,,,,60,100,-60,,,,,,,,,,
1652227200,31015,32230,27600,29067.5,45897.075,36255.11875371469,33060.64776923794,389280.92,0,-95,-99,-92.63193414733345,-90.72920507112518,-1.9027290762082743,-9.253651145883651,,,,,,,,,,,,,,60,100,-60,,,,,,,,,,,0,-95,-99,-92.63193414733345,-90.72920507112518,-1.9027290762082743,-9.253651145883651,,,,,,,,,,,,,,60,100,-60,,,,,,,,,,
1652313600,29067.5,30233,26536,29003,45737.5825,35595.83523064972,32158.948264962844,310008.707,0,-95,-99,-92.53059272667863,-92.0506488973981,-0.47994382928052914,-7.819638637532507,,-92.0506488973981,,-92.0506488973981,,,25.523423364149295,,,,,,,60,100,-60,,,,,,,,,,,0,-95,-99,-92.53059272667863,-92.0506488973981,-0.47994382928052914,-7.819638637532507,,-92.0506488973981,,-92.0506488973981,,,25.523423364149295,,,,,,,60,100,-60,,,,,,,,,,
1652400000,29003,31049,28736,29268.5,45568.385,35020.62293695429,31516.626428304433,137460.82,0,-95,-99,-86.97125721187689,-90.711261361963,3.740004150086108,-9.505011861580662,,,,,,,,,,,,,,60,100,-60,,,,-108,-90.711261361963,-107,,,,,0,-95,-99,-86.97125721187689,-90.711261361963,3.740004150086108,-9.505011861580662,,,,,,,,,,,,,,60,100,-60,,,,-108,-90.711261361963,-107,,,,
1652486400,29268.5,30321,28597.5,30071,45417.1875,34570.65721541299,31195.37611090345,102289.838,0,-95,-99,-81.06659351879327,-86.85614781911626,5.78955430032299,-7.847037242052519,,,,,,,,,,,,,,60,100,-60,,,,,,,,,,,0,-95,-99,-81.06659351879327,-86.85614781911626,5.78955430032299,-7.847037242052519,,,,,,,,,,,,,,60,100,-60,,,,,,,,,,
1652572800,30071,31518,29409,31315.5,45281.3575,34274.733832193626,31222.07030848046,103671.681,0,-95,-99,-71.78402632506422,-79.9406256852448,8.156599360180579,-7.915585033231713,,,,,,,,,,,,,,60,100,-60,,,,,,,,,,,0,-95,-99,-71.78402632506422,-79.9406256852448,8.156599360180579,-7.915585033231713,,,,,,,,,,,,,,60,100,-60,,,,,,,,,,
1652659200,31315.5,31315.5,29050,29854,45127.235,33872.84893835784,30918.054684373692,151169.241,0,-95,-99,-66.23960283278097,-73.03007422554616,6.790471392765184,-8.968163000398071,,,,,,,,,,,,,,60,100,-60,,,,,,,,,,,0,-95,-99,-66.23960283278097,-73.03007422554616,6.790471392765184,-8.968163000398071,,,,,,,,,,,,,,60,100,-60,,,,,,,,,,
1652745600,29854,30785,29400,30424.5,44967.8575,33559.362671234405,30808.375865623984,119928.773,0,-95,-99,-60.488336892706265,-66.17065535018382,5.682318457477557,-8.904186781784158,,,,,,,,,,,,,,60,100,-60,,,,,,,,,,,0,-95,-99,-60.488336892706265,-66.17065535018382,5.682318457477557,-8.904186781784158,,,,,,,,,,,,,,60,100,-60,,,,,,,,,,
1652832000,30424.5,30692.5,28633,28694,44801.855,33117.05697384946,30338.514562151988,128724.123,0,-95,-99,-59.044343803674614,-61.924094509720625,2.8797507060460106,-12.149428461865766,,,,,,,,,,,,,,60,100,-60,,,,,,,,,,,0,-95,-99,-59.044343803674614,-61.924094509720625,2.8797507060460106,-12.149428461865766,,,,,,,,,,,,,,60,100,-60,,,,,,,,,,
1652918400,28694,30551,28676,30310,44646.715,32861.86997622678,30332.17799278488,131705.597,0,-95,-99,-54.39729057060553,-57.97665708899547,3.5793665183899463,-8.287055028281806,,,,,,,,,,,,,,60,100,-60,,,,,,,,,,,0,-95,-99,-54.39729057060553,-57.97665708899547,3.5793665183899463,-8.287055028281806,,,,,,,,,,,,,,60,100,-60,,,,,,,,,,
1653004800,30310,30767,28708,29185,44487.8925,32527.609069297072,30077.249549943797,142283.133,0,-95,-99,-51.73395906180199,-55.058531145360725,3.324572083558735,-8.97835023071734,,,,,,,,,,,,,,60,100,-60,,,,,,,,,,,0,-95,-99,-51.73395906180199,-55.058531145360725,3.324572083558735,-8.97835023071734,,,,,,,,,,,,,,60,100,-60,,,,,,,,,,
1653091200,29185,29653.5,28920.5,29420.5,44318.705,32245.144608451883,29931.305205511842,58802.379,0,-95,-99,-50.224307431760266,-52.11851902138928,1.8942115896290161,-9.500346696172397,,,,,,,,,,,,,,60,100,-60,,,,,,,,,,,0,-95,-99,-50.224307431760266,-52.11851902138928,1.8942115896290161,-9.500346696172397,,,,,,,,,,,,,,60,100,-60,,,,,,,,,,
1653177600,29420.5,30499,29220.5,30269.5,44155.245,32065.540553138075,30006.45960428699,93615.593,0,-95,-99,-43.453686091149194,-48.4706508615705,5.016964770421303,-8.794056169047002,,,,,,,,,,,,,,60,100,-60,,,,,,,,,,,0,-95,-99,-43.453686091149194,-48.4706508615705,5.016964770421303,-8.794056169047002,,,,,,,,,,,,,,60,100,-60,,,,,,,,,,
1653264000,30269.5,30654.5,28839,29091.5,43993.5,31795.17323012552,29803.13524777877,144992.554,0,-95,-99,-41.88534274274569,-45.1877787552184,3.302436012472711,-12.118876857468694,,,,,,,,,,,,,,60,100,-60,,,,,,,,,,,0,-95,-99,-41.88534274274569,-45.1877787552184,3.302436012472711,-12.118876857468694,,,,,,,,,,,,,,60,100,-60,,,,,,,,,,
1653350400,29091.5,29847,28659,29642.5,43836.4875,31599.475663750472,29767.438526050155,116545.415,0,-95,-99,-41.42258041452782,-42.253869749474255,0.8312893349464332,-11.497877910569446,,,,,,,,,,90.76980892707086,,,,60,100,-60,,,,,,,,,,,0,-95,-99,-41.42258041452782,-42.253869749474255,0.8312893349464332,-11.497877910569446,,,,,,,,,,90.76980892707086,,,,60,100,-60,,,,,,,,,,
1653436800,29642.5,30213,29324,29542,43676.9975,31412.43242159134,29717.34107581679,124169.529,0,-95,-99,-37.05603680958808,-40.12131998895388,3.0652831793657995,-12.410855975811291,,,,,,,,,,,,,,60,100,-60,,,,,,,,,,,0,-95,-99,-37.05603680958808,-40.12131998895388,3.0652831793657995,-12.410855975811291,,,,,,,,,,,,,,60,100,-60,,,,,,,,,,
1653523200,29542,29878,27950,29201,43506.6825,31211.39311053758,29602.59861452417,209437.776,0,-95,-99,-41.28116867910409,-39.91992863440668,-1.3612400446974107,-15.111872722608878,,,,,,,,,,,,,,60,100,-60,,,,,-39.91992863440668,,,,,,0,-95,-99,-41.28116867910409,-39.91992863440668,-1.3612400446974107,-15.111872722608878,,,,,,,,,,,,,,60,100,-60,,,,,-39.91992863440668,,,,,
1653609600,29201,29381,28256.5,28619,43311.76,30975.721009579618,29384.02114462991,236017.359,0,-95,-99,-45.82859624122842,-41.38860057664021,-4.43999566458821,-16.933995297552592,,,,,,,,,,,,,,60,100,-60,,,,,,,,,,,0,-95,-99,-45.82859624122842,-41.38860057664021,-4.43999566458821,-16.933995297552592,,,,,,,,,,,,,,60,100,-60,,,,,,,,,,
1653696000,28619,29260,28522,29018,43121.9675,30797.746372345107,29302.68311248993,57338.009,0,-95,-99,-45.838771334053455,-44.316178751462,-1.5225925825914572,-16.22392377543051,,,,,,,,,,,77.83166598108396,,,60,100,-60,,,,,,,,,,,0,-95,-99,-45.838771334053455,-44.316178751462,-1.5225925825914572,-16.22392377543051,,,,,,,,,,,77.83166598108396,,,60,100,-60,,,,,,,,,,
1653782400,29018,29592,28838.5,29452,42944.76,30675.405793041005,29335.864643047724,65053.906,0,-95,-99,-39.999409483437496,-43.888925686239794,3.889516202802298,-13.945678988690615,,,,-43.888925686239794,,,,,,,,,,60,100,-60,,,,,-43.888925686239794,,,,,,0,-95,-99,-39.999409483437496,-43.888925686239794,3.889516202802298,-13.945678988690615,,,,-43.888925686239794,,,,,,,,,,60,100,-60,,,,,-43.888925686239794,,,,,
1653868800,29452,32333,29289,31731.5,42779.2625,30771.414357310005,29868.228055703785,161343.155,0,-95,-99,-13.157729499256874,-32.998636772249284,19.84090727299241,-10.548044320681004,,,,,,,,,,,,,,60,100,-60,,,,,,,,,,,0,-95,-99,-13.157729499256874,-32.998636772249284,19.84090727299241,-10.548044320681004,,,,,,,,,,,,,,60,100,-60,,,,,,,,,,
1653955200,31731.5,32450,31216,31781,42617.4625,30863.194870281823,30293.28848776961,109587.476,0,-95,-99,8.159746088957764,-14.999130964578876,23.158877053536642,-11.21228974832722,,,,,,,,,,95.4210083154691,,,,60,100,-60,,,,,,,,,,,0,-95,-99,8.159746088957764,-14.999130964578876,23.158877053536642,-11.21228974832722,,,,,,,,,,95.4210083154691,,,,60,100,-60,,,,,,,,,,
1654041600,31781,31982.5,29291,29789,42444.2925,30765.540791165295,30181.224379376363,167333.758,0,-95,-99,9.350609164080495,1.450875251260456,7.8997339128200394,-12.34276873260732,,,,,,,,,,,,,,60,100,-60,,,,,,,,,,,0,-95,-99,9.350609164080495,1.450875251260456,7.8997339128200394,-12.34276873260732,,,,,,,,,,,,,,60,100,-60,,,,,,,,,,
1654128000,29789,30711,29558,30450,42268.895,30736.85526469572,30240.952295070503,106103.11,0,-95,-99,8.783493619646835,8.764616290895027,0.01887732875180781,-11.66821067818669,,,,,,,,,,,,,,60,100,-60,,,,,,,,,,,0,-95,-99,8.783493619646835,8.764616290895027,0.01887732875180781,-11.66821067818669,,,,,,,,,,,,,,60,100,-60,,,,,,,,,,
1654214400,30450,30698,29250,29688,42098.8775,30641.504786087018,30118.074007277057,107008.029,0,-95,-99,2.734860903165634,6.956321228964318,-4.221460325798684,-13.21469272993321,,,,,,,,,,,,,,60,100,-60,108,,,,6.956321228964318,,,,,,0,-95,-99,2.734860903165634,6.956321228964318,-4.221460325798684,-13.21469272993321,,,,,,,,,,,,,,60,100,-60,108,,,,6.956321228964318,,,,,
1654300800,29688,30000,29466,29857,41947.6075,30570.186169170018,30060.05756121549,53366.373,0,-95,-99,-3.5962579395123084,2.64069886110005,-6.236956800612358,-10.959981798228956,,,,,,,,,,,,,,60,100,-60,,,,,,,,,,,0,-95,-99,-3.5962579395123084,2.64069886110005,-6.236956800612358,-10.959981798228956,,,,,,,,,,,,,,60,100,-60,,,,,,,,,,
1654387200,29857,30196.5,29509.5,29901.5,41795.2625,30509.39651742729,30024.822547612046,63649.121,0,-95,-99,-6.682055777851997,-2.5144842713995605,-4.167571506452436,-8.369027055664237,,,,,,,,,,,54.29291221800453,,,60,100,-60,,,,,,,,,,,0,-95,-99,-6.682055777851997,-2.5144842713995605,-4.167571506452436,-8.369027055664237,,,,,,,,,,,54.29291221800453,,,60,100,-60,,,,,,,,,,
1654473600,29901.5,31750,29871,31370.5,41667.4525,30587.678652206625,30323.861981476035,160589.274,0,-95,-99,10.646034349026959,0.12257354388754808,10.523460805139411,-6.983627057784906,,,,,,,,,,,,,,60,100,-60,,,,,0.12257354388754808,,,,,,0,-95,-99,10.646034349026959,0.12257354388754808,10.523460805139411,-6.983627057784906,,,,,,,,,,,,,,60,100,-60,,,,,0.12257354388754808,,,,,
1654560000,31370.5,31598,29119.5,31111,41532.53,30635.25332018784,30498.781541148026,244656.354,0,-95,-99,16.100955030434083,6.6883112005363445,9.412643829897739,-5.698073677146938,,,,,,,,,,,,,,60,100,-60,,,,,,,,,,,0,-95,-99,16.100955030434083,6.6883112005363445,9.412643829897739,-5.698073677146938,,,,,,,,,,,,,,60,100,-60,,,,,,,,,,
1654646400,31111,31319.5,29818,30192,41384.835,30594.957563807126,30430.607865337355,155647.066,0,-95,-99,16.780582210161516,14.509190529874182,2.2713916802873335,-9.015824189046386,,,,,,,,,,82.74972743159488,,,,60,100,-60,,,,,,,,,,,0,-95,-99,16.780582210161516,14.509190529874182,2.2713916802873335,-9.015824189046386,,,,,,,,,,82.74972743159488,,,,60,100,-60,,,,,,,,,,
1654732800,30192,30694.5,29896,30100,41242.2,30549.96142164284,30357.139450817944,107363.157,0,-95,-99,11.865295860863391,14.915611033819658,-3.0503151729562674,-8.414992129084741,,,,,,,,,,,,,,60,100,-60,108,,108,,14.915611033819658,,,,,,0,-95,-99,11.865295860863391,14.915611033819658,-3.0503151729562674,-8.414992129084741,,,,,,,,,,,,,,60,100,-60,108,,108,,14.915611033819658,,,,,
1654819200,30100,30376,28816,29080.5,41106.2125,30416.37401967531,30073.441795080624,168313.293,0,-95,-99,-7.913252155487498,6.9108753051791325,-14.824127460666631,-8.006836276561343,,,,,,,,,,,,,,60,100,-60,,,,,,,,,,,0,-95,-99,-7.913252155487498,6.9108753051791325,-14.824127460666631,-8.006836276561343,,,,,,,,,,,,,,60,100,-60,,,,,,,,,,
1654905600,29080.5,29427,28035,28420,40960.38,30234.8854724321,29706.010285062708,141291.231,0,-95,-99,-28.609534986455866,-8.219163760359995,-20.390371226095873,-10.119932800068128,,,,,,,,,,,,,,60,100,-60,,,,,,,,,,,0,-95,-99,-28.609534986455866,-8.219163760359995,-20.390371226095873,-10.119932800068128,,,,,,,,,,,,,,60,100,-60,,,,,,,,,,
1654992000,28420,28532,26550,26567.5,40807.29,29901.48679312009,29008.56355504877,208917.068,0,-95,-99,-48.90991965633887,-28.477568932760747,-20.432350723578125,-13.827596310434869,,,,,,,,,,,,,,60,100,-60,,,,,,,,,,,0,-95,-99,-48.90991965633887,-28.477568932760747,-20.432350723578125,-13.827596310434869,,,,,,,,,,,,,,60,100,-60,,,,,,,,,,
1655078400,26567.5,26885,21909.5,22476.5,40624.9875,29226.487993745537,27556.993876149045,564582.376,0,-95,-99,-70.16769684532966,-49.229050496041474,-20.938646349288184,-14.329358110091498,,,,,,,,,,,,,,60,100,-60,,,,,,,,,,,0,-95,-99,-70.16769684532966,-49.229050496041474,-20.938646349288184,-14.329358110091498,,,,,,,,,,,,,,60,100,-60,,,,,,,,,,
1655164800,22476.5,23450,20818.5,22127.5,40466.6225,28581.12544885958,26350.439681449257,423285.219,0,-95,-99,-81.62789048274311,-66.90183566147054,-14.72605482127257,-16.01744570874847,,,,,,,,,,,1.2291789939777589,,,60,100,-60,,,,,,,,,,,0,-95,-99,-81.62789048274311,-66.90183566147054,-14.72605482127257,-16.01744570874847,,,,,,,,,,,1.2291789939777589,,,60,100,-60,,,,,,,,,,
1655251200,22127.5,22794.5,20071,22574,40305.6,28035.02313532689,25511.23086334942,529615.54,0,-95,-99,-85.28711618245913,-79.02756783684397,-6.259548345615158,-15.015891569236098,,,,,,,,,,,,,,60,100,-60,,,,,,,,,,,0,-95,-99,-85.28711618245913,-79.02756783684397,-6.259548345615158,-15.015891569236098,,,,,,,,,,,,,,60,100,-60,,,,,,,,,,
1655337600,22574,22976.5,20228,20385,40121.03,27339.56648666081,24372.068449271774,242730.554,0,-95,-99,-85.83437823716648,-84.24979496745624,-1.5845832697102367,-15.337510501432432,,,,,,,,,,,,,,60,100,-60,,,,,,,,,,,0,-95,-99,-85.83437823716648,-84.24979496745624,-1.5845832697102367,-15.337510501432432,,,,,,,,,,,,,,60,100,-60,,,,,,,,,,
1655424000,20385,21355,20230,20454.5,39934.3775,26713.651351509827,23501.497682766934,209825.352,0,-95,-99,-84.5467100111497,-85.22273481025843,0.6760247991087311,-16.179569553491483,,-85.22273481025843,,-85.22273481025843,,,,,,,,,,60,100,-60,,,,,-85.22273481025843,-107,,-106,,,0,-95,-99,-84.5467100111497,-85.22273481025843,0.6760247991087311,-16.179569553491483,,-85.22273481025843,,-85.22273481025843,,,,,,,,,,60,100,-60,,,,,-85.22273481025843,-107,,-106,,
1655510400,20454.5,20769.5,17600,18964.5,39744.39,26009.183046827115,22493.275975485394,391677.742,0,-95,-99,-84.49110105836354,-84.95739643555991,0.46629537719637426,-18.753944182989038,,,,,,,20.35393253173268,,,,1.60603498458239,,,60,100,-60,,,,,,,,,,,0,-95,-99,-84.49110105836354,-84.95739643555991,0.46629537719637426,-18.753944182989038,,,,,,,20.35393253173268,,,,1.60603498458239,,,60,100,-60,,,,,,,,,,
1655596800,18964.5,20820,17953,20567.5,39561.1025,25514.48458802465,22065.325758710864,371735.95,0,-95,-99,-80.41103271961599,-83.14961459637641,2.7385818767604206,-17.10268538069566,,,,,,,,,,,,,,60,100,-60,,,,,,,,,,,0,-95,-99,-80.41103271961599,-83.14961459637641,2.7385818767604206,-17.10268538069566,,,,,,,,,,,,,,60,100,-60,,,,,,,,,,
1655683200,20567.5,21125,19624,20568,39381.435,25064.8041709315,21732.58670121956,302417.597,0,-95,-99,-73.98631863785918,-79.62948413861291,5.6431655007537245,-16.448223810162272,,,,,,,,,,,,,,60,100,-60,,,,,,,,,,,0,-95,-99,-73.98631863785918,-79.62948413861291,5.6431655007537245,-16.448223810162272,,,,,,,,,,,,,,60,100,-60,,,,,,,,,,
1655769600,20568,21722,20336,20715.5,39216.88,24669.412882665,21506.56743428188,246895.4,0,-95,-99,-66.4523883826419,-73.61657991337236,7.164191530730463,-15.077056782745245,,,,,,,,,,,,,,60,100,-60,,,,,,,,,,,0,-95,-99,-66.4523883826419,-73.61657991337236,7.164191530730463,-15.077056782745245,,,,,,,,,,,,,,60,100,-60,,,,,,,,,,
1655856000,20715.5,20885.5,19703,19980,39071.1525,24243.102620604546,21167.330226663682,270334.774,0,-95,-99,-62.36777892643837,-67.60216198231315,5.23438305587478,-15.821986950830757,,,,,,,27.9109160717897,,,,,,,60,100,-60,,,,,,,,,,,0,-95,-99,-62.36777892643837,-67.60216198231315,5.23438305587478,-15.821986950830757,,,,,,,27.9109160717897,,,,,,,60,100,-60,,,,,,,,,,
1655942400,19980,21240,19861.5,21095,38929.8375,23956.91147327686,21151.25684296064,219782.656,0,-95,-99,-56.13656634354211,-61.65224455087414,5.51567820733203,-13.841393524089177,,,,,,,,,,,,,,60,100,-60,,,,,,,,,,,0,-95,-99,-56.13656634354211,-61.65224455087414,5.51567820733203,-13.841393524089177,,,,,,,,,,,,,,60,100,-60,,,,,,,,,,
1656028800,21095,21556.5,20728.5,21232,38783.8875,23709.192248433512,21169.199766747166,219774.264,0,-95,-99,-48.44111546385515,-55.64848691127855,7.207371447423405,-14.350948795473094,,,,,,,,,,,,,,60,100,-60,,,,,,,,,,,0,-95,-99,-48.44111546385515,-55.64848691127855,7.207371447423405,-14.350948795473094,,,,,,,,,,,,,,60,100,-60,,,,,,,,,,
1656115200,21232,21630,20900,21476,38638.365,23506.17477130319,21237.377596358907,142820.521,0,-95,-99,-40.83706284085214,-48.47158154941648,7.634518708564336,-11.683700517908125,,,,,,,,,,,,,,60,100,-60,,,,,,,,,,,0,-95,-99,-40.83706284085214,-48.47158154941648,7.634518708564336,-11.683700517908125,,,,,,,,,,,,,,60,100,-60,,,,,,,,,,
1656201600,21476,21880,20958.5,21032,38491.2675,23281.24979209381,21191.738130501373,145666.424,0,-95,-99,-34.77932597788902,-41.35250142753212,6.573175449643095,-14.585456579988312,,,,,,,,,,,,,,60,100,-60,,,,,,,,,,,0,-95,-99,-34.77932597788902,-41.35250142753212,6.573175449643095,-14.585456579988312,,,,,,,,,,,,,,60,100,-60,,,,,,,,,,
1656288000,21032,21580,20500,20730.5,38357.2125,23049.36344735801,21089.240768167736,184703.37,0,-95,-99,-33.052728579412616,-36.223039132717936,3.1703105533053204,-16.17220607544744,,,,,,,,,,91.18713420148782,,,,60,100,-60,,,,,,,,,,,0,-95,-99,-33.052728579412616,-36.223039132717936,3.1703105533053204,-16.17220607544744,,,,,,,,,,91.18713420148782,,,,60,100,-60,,,,,,,,,,
1656374400,20730.5,21197.5,20190,20273.5,38222.675,22797.01222487092,20907.96504190824,202468.436,0,-95,-99,-35.0768830313219,-34.302979196207865,-0.7739038351140337,-15.642634999331138,,,,,,,,,,,,,,60,100,-60,,,,,-34.302979196207865,,,,,,0,-95,-99,-35.0768830313219,-34.302979196207865,-0.7739038351140337,-15.642634999331138,,,,,,,,,,,,,,60,100,-60,,,,,-34.302979196207865,,,,,
1656460800,20273.5,20433,19820,20104.5,38076.4325,22552.238386246292,20729.41725481752,204302.193,0,-95,-99,-39.898957340913356,-36.00952298388264,-3.8894343570307157,-14.349821229174422,,,,,,,,,,,,,,60,100,-60,,,,,,,,,,,0,-95,-99,-39.898957340913356,-36.00952298388264,-3.8894343570307157,-14.349821229174422,,,,,,,,,,,,,,60,100,-60,,,,,,,,,,
1656547200,20104.5,20156.5,18601,19925.5,37925.6625,22313.44398749663,20550.768975969182,312001.872,0,-95,-99,-46.80046191245957,-40.59210076156495,-6.208361150894618,-16.22859239227781,,,,,,,,,,,,,,60,100,-60,,,,,,,,,,,0,-95,-99,-46.80046191245957,-40.59210076156495,-6.208361150894618,-16.22859239227781,,,,,,,,,,,,,,60,100,-60,,,,,,,,,,
1656633600,19925.5,21017.5,18938,19271,37788.755,22036.858170451484,20266.37587019825,313631.306,0,-95,-99,-48.5495239336134,-45.08298106232879,-3.4665428712846094,-17.178375018299292,,,,,,,,,,,,,,60,100,-60,,,,,,,,,,,0,-95,-99,-48.5495239336134,-45.08298106232879,-3.4665428712846094,-17.178375018299292,,,,,,,,,,,,,,60,100,-60,,,,,,,,,,
1656720000,19271,19450,18960,19246,37643.205,21783.14379131953,20039.625676820862,126812.293,0,-95,-99,-52.98600329371567,-49.445329713262886,-3.5406735804527827,-15.548182675875598,,,,,,,28.849372720467542,,,,,,,60,100,-60,,,,,,,,,,,0,-95,-99,-52.98600329371567,-49.445329713262886,-3.5406735804527827,-15.548182675875598,,,,,,,28.849372720467542,,,,,,,60,100,-60,,,,,,,,,,
1656806400,19246,19638.5,18777,19306,37495.3975,21557.948901199572,19876.597748638447,151515.372,0,-95,-99,-54.32313782174125,-51.95288834969011,-2.3702494720511353,-17.420564840931892,,,,-51.95288834969011,,,,,,,36.63338828140195,,,60,100,-60,,,,,,,,-106,,,0,-95,-99,-54.32313782174125,-51.95288834969011,-2.3702494720511353,-17.420564840931892,,,,-51.95288834969011,,,,,,,36.63338828140195,,,60,100,-60,,,,,,,,-106,,
1656892800,19306,20370,19039,20220.5,37358.195,21436.362637454156,19953.020471163236,218635.992,0,-95,-99,-47.61196444930327,-51.64036852158674,4.028404072283465,-13.87190579640508,,,,,,,,,,,,,,60,100,-60,,,,,-51.64036852158674,,,,,,0,-95,-99,-47.61196444930327,-51.64036852158674,4.028404072283465,-13.87190579640508,,,,,,,,,,,,,,60,100,-60,,,,,-51.64036852158674,,,,,
1656979200,20220.5,20750,19262.5,20170,37228.295,21321.23876132196,20001.238144238072,321136.243,0,-95,-99,-39.22480686805595,-47.05330304636683,7.828496178310878,-13.043580564538798,,,,,,,,,,,,,,60,100,-60,,,,,,,,,,,0,-95,-99,-39.22480686805595,-47.05330304636683,7.828496178310878,-13.043580564538798,,,,,,,,,,,,,,60,100,-60,,,,,,,,,,
1657065600,20170,20666,19737,20556.5,37096.8975,21251.71705574724,20124.629667740723,213468.577,0,-95,-99,-28.012405725249046,-38.28305901420276,10.270653288953717,-11.05362746762716,,,,,,,,,,,,,,60,100,-60,,,,,,,,,,,0,-95,-99,-28.012405725249046,-38.28305901420276,10.270653288953717,-11.05362746762716,,,,,,,,,,,,,,60,100,-60,,,,,,,,,,
1657152000,20556.5,21818,20248,21596,36971.38,21283.01550522476,20451.60085268723,235064.51,0,-95,-99,-7.570115760761453,-24.935776118022158,17.365660357260705,-7.448168052085064,,,,,,,,,,,,,,60,100,-60,,,,,,,,,,,0,-95,-99,-7.570115760761453,-24.935776118022158,17.365660357260705,-7.448168052085064,,,,,,,,,,,,,,60,100,-60,,,,,,,,,,
1657238400,21596,22600,21184,21590,36844.92,21310.923186567965,20704.578440978956,289375.528,0,-95,-99,10.890105027093455,-8.23080548630569,19.120910513399146,-5.118549008273104,,,,,,,,,,,,,,60,100,-60,,,,,,,,,,,0,-95,-99,10.890105027093455,-8.23080548630569,19.120910513399146,-5.118549008273104,,,,,,,,,,,,,,60,100,-60,,,,,,,,,,
1657324800,21590,21980,21310,21588,36708.4275,21336.11198778906,20900.894342983633,121382.403,0,-95,-99,20.76256969823339,8.027519654855121,12.735050043378267,-5.931139466036747,,,,,,,,,,99.73828449199823,,,,60,100,-60,,,,,,,,,,,0,-95,-99,20.76256969823339,8.027519654855121,12.735050043378267,-5.931139466036747,,,,,,,,,,99.73828449199823,,,,60,100,-60,,,,,,,,,,
1657411200,21588,21597.5,20652,20849,36569.62,21291.829079808234,20889.36226676505,160482.783,0,-95,-99,20.61371688644179,17.4221305372562,3.191586349185588,-6.833566187816509,,,17.4221305372562,,,,,,,,,,,60,100,-60,,,,,,,,,,,0,-95,-99,20.61371688644179,17.4221305372562,3.191586349185588,-6.833566187816509,,,17.4221305372562,,,,,,,,,,,60,100,-60,,,,,,,,,,
1657497600,20849,20851,19855,19959.5,36415.4475,21170.708254371122,20682.726207483927,184038.932,0,-95,-99,8.85559699545068,16.743961193375277,-7.888364197924597,-9.022630464941239,,,,,,,,,,,,,,60,100,-60,108,,108,,16.743961193375277,,,,,,0,-95,-99,8.85559699545068,16.743961193375277,-7.888364197924597,-9.022630464941239,,,,,,,,,,,,,,60,100,-60,108,,108,,16.743961193375277,,,,,
1657584000,19959.5,20046.5,19219.5,19323.5,36258.14,21002.780231246474,20380.675939154167,209788.632,0,-95,-99,-7.1265273975457095,7.447595494782244,-14.574122892327953,-11.232207295546443,,,,,,,,,,,,,,60,100,-60,,,,,,,,,,,0,-95,-99,-7.1265273975457095,7.447595494782244,-14.574122892327953,-11.232207295546443,,,,,,,,,,,,,,60,100,-60,,,,,,,,,,
1657670400,19323.5,20346,18867.5,20215.5,36107.1875,20931.209301133156,20343.970174897684,305252.967,0,-95,-99,-14.630131979860103,-4.300354127318388,-10.329777852541714,-10.887977571739032,,,,,,,,,,,53.21923785167277,,,60,100,-60,,,,,,,,,,,0,-95,-99,-14.630131979860103,-4.300354127318388,-10.329777852541714,-10.887977571739032,,,,,,,,,,,53.21923785167277,,,60,100,-60,,,,,,,,,,
1657756800,20215.5,20899,19575,20583,35956.2875,20899.553910121052,20397.08791380931,249702.25,0,-95,-99,-12.33031652254704,-11.362325299984294,-0.9679912225627465,-11.669282857387218,,,,,,,,,,,,,,60,100,-60,,,,,,,,,,,0,-95,-99,-12.33031652254704,-11.362325299984294,-0.9679912225627465,-11.669282857387218,,,,,,,,,,,,,,60,100,-60,,,,,,,,,,
1657843200,20583,21195.5,20365,20822.5,35806.8675,20892.549009200957,20491.623932962797,199847.858,0,-95,-99,-2.888472846667069,-9.949640449691415,7.061167603024346,-9.33555298712827,,,,,,,,,,,,,,60,100,-60,,,,,-9.949640449691415,,,,,,0,-95,-99,-2.888472846667069,-9.949640449691415,7.061167603024346,-9.33555298712827,,,,,,,,,,,,,,60,100,-60,,,,,-9.949640449691415,,,,,
1657929600,20822.5,21576,20469.5,21190.5,35675.125,20919.635462909962,20646.929725637732,153827.313,0,-95,-99,8.291546257847745,-2.309081037122132,10.600627294969877,-9.533885860973502,,,,,,,,,,,,,,60,100,-60,,,,,,,,,,,0,-95,-99,8.291546257847745,-2.309081037122132,10.600627294969877,-9.533885860973502,,,,,,,,,,,,,,60,100,-60,,,,,,,,,,
1658016000,21190.5,21669,20745,20799,35546.87,20908.66860264542,20680.72311994046,139386.413,0,-95,-99,15.782939128325587,7.06200417983541,8.720934948490179,-8.492507886556561,,,,,,,,,,,,,,60,100,-60,,,,,,,,,,,0,-95,-99,15.782939128325587,7.06200417983541,8.720934948490179,-8.492507886556561,,,,,,,,,,,,,,60,100,-60,,,,,,,,,,
1658102400,20799,22779.5,20763,22423,35423.4325,21046.335093314017,21067.89575995369,301386.114,0,-95,-99,31.75907780610056,18.61118773075795,13.147890075342609,-8.63378501689791,,,,,,,,,,,,,,60,100,-60,,,,,,,,,,,0,-95,-99,31.75907780610056,18.61118773075795,13.147890075342609,-8.63378501689791,,,,,,,,,,,,,,60,100,-60,,,,,,,,,,
1658188800,22423,23807.5,21582,23385.5,35309.3575,21258.986448467287,21582.918924408426,349351.714,0,-95,-99,47.574325005991376,31.705447313472494,15.868877692518883,-6.186612966240867,,,,,,61.45565668945794,,,,,,,,60,100,-60,,,,,,,,,,,0,-95,-99,47.574325005991376,31.705447313472494,15.868877692518883,-6.186612966240867,,,,,,61.45565668945794,,,,,,,,60,100,-60,,,,,,,,,,
1658275200,23385.5,24277,22872,23220,35186.86,21437.260407697533,21946.71471898433,309662.888,0,-95,-99,58.1978984682615,45.843767093451135,12.354131374810365,-7.284302954734505,,,,,,,,,,97.01913276943912,,,,60,100,-60,,,,,,,,,,,0,-95,-99,58.1978984682615,45.843767093451135,12.354131374810365,-7.284302954734505,,,,,,,,,,97.01913276943912,,,,60,100,-60,,,,,,,,,,
1658361600,23220,23428,22345.5,23143.5,35066.0525,21592.37309790685,22212.66700365448,219452.862,0,-95,-99,59.5110157707416,55.09441308166481,4.4166026890767895,-9.121125931284862,,,,,,,,,,,,,,60,100,-60,,,,,,,,,,,0,-95,-99,59.5110157707416,55.09441308166481,4.4166026890767895,-9.121125931284862,,,,,,,,,,,,,,60,100,-60,,,,,,,,,,
1658448000,23143.5,23765,22487,22676.5,34947.125,21690.930089006226,22315.741002842373,196533.202,0,-95,-99,58.93763606337729,58.882183434126794,0.05545262925049599,-8.412520047073567,58.882183434126794,,58.882183434126794,,,,,,,,,,,60,100,-60,,,,,,,,,,,0,-95,-99,58.93763606337729,58.882183434126794,0.05545262925049599,-8.412520047073567,58.882183434126794,,58.882183434126794,,,,,,,,,,,60,100,-60,,,,,,,,,,
1658534400,22676.5,22987.5,21937,22434.5,34829.9475,21758.527353642025,22342.131891099623,144358.981,0,-95,-99,52.56032954716577,57.00299379376154,-4.442664246595768,-10.147948061951842,,,,,,,,,,,,,,60,100,-60,108,,108,,57.00299379376154,,105,,,,0,-95,-99,52.56032954716577,57.00299379376154,-4.442664246595768,-10.147948061951842,,,,,,,,,,,,,,60,100,-60,108,,108,,57.00299379376154,,105,,,
1658620800,22434.5,22990,22254.5,22573.5,34725.63,21832.615776038205,22393.54702641082,134713.685,0,-95,-99,48.762238899175834,53.42006816990628,-4.657829270730446,-9.392859430525672,,,,,,,,,,,,,,60,100,-60,,,,,,,,,,,0,-95,-99,48.762238899175834,53.42006816990628,-4.657829270730446,-9.392859430525672,,,,,,,,,,,,,,60,100,-60,,,,,,,,,,
1658707200,22573.5,22658.5,21233,21301,34616.5825,21784.28706912564,22150.758798319526,200206.557,0,-95,-99,33.78817866690169,45.03691570441442,-11.248737037512726,-11.182364477892031,,,,,,,,,,,,,,60,100,-60,,,,,,,,,,,0,-95,-99,33.78817866690169,45.03691570441442,-11.248737037512726,-11.182364477892031,,,,,,,,,,,,,,60,100,-60,,,,,,,,,,
1658793600,21301,21336,20691,21232,34514.97,21734.079153750583,21946.59017647074,161737.374,0,-95,-99,15.41900524623907,32.656474270772186,-17.237469024533116,-10.155897934622153,,,,,,,,,,,,,,60,100,-60,,,,,,,,,,,0,-95,-99,15.41900524623907,32.656474270772186,-17.237469024533116,-10.155897934622153,,,,,,,,,,,,,,60,100,-60,,,,,,,,,,
1658880000,21232,23105,21040,22938,34421.205,21843.52650340962,22166.903470588353,224361.134,0,-95,-99,18.145914042494397,22.451032651878375,-4.305118609383978,-9.442148648218879,,,,,,,,,,,47.70285711046965,,,60,100,-60,,,,,,,,,,,0,-95,-99,18.145914042494397,22.451032651878375,-4.305118609383978,-9.442148648218879,,,,,,,,,,,47.70285711046965,,,60,100,-60,,,,,,,,,,
1658966400,22938,24198,22582,23839,34331.12,22024.933184917834,22538.480477124274,233819.245,0,-95,-99,32.02616891377474,21.86369606750272,10.16247284627202,-9.48822180024211,,,,,,61.04664711641786,,,,,,,,60,100,-60,,,,,21.86369606750272,,,,,,0,-95,-99,32.02616891377474,21.86369606750272,10.16247284627202,-9.48822180024211,,,,,,61.04664711641786,,,,,,,,60,100,-60,,,,,21.86369606750272,,,,,
1659052800,23839,24475,23418,23764.5,34240.8975,22183.075622652577,22810.929259985547,187817.931,0,-95,-99,42.26235622068228,30.81147972565046,11.450876495031817,-11.536553537101815,,,,,,,,,,,,,,60,100,-60,,,,,,,,,,,0,-95,-99,42.26235622068228,30.81147972565046,11.450876495031817,-11.536553537101815,,,,,,,,,,,,,,60,100,-60,,,,,,,,,,
1659139200,23764.5,24695,23506,23629.5,34145.5375,22314.56874786598,22992.83386887765,138136.392,0,-95,-99,47.88320448371138,40.72390987272279,7.159294610988589,-11.920689144022633,,,,,,,,,,85.10242059172288,,,,60,100,-60,,,,,,,,,,,0,-95,-99,47.88320448371138,40.72390987272279,7.159294610988589,-11.920689144022633,,,,,,,,,,85.10242059172288,,,,60,100,-60,,,,,,,,,,
1659225600,23629.5,24182.5,23224,23290.5,34042.5425,22403.289770787254,23058.98189801595,109755.393,0,-95,-99,47.186882705423166,45.777481136605594,1.4094015688175716,-10.954613830706528,45.777481136605594,,45.777481136605594,,,,,,,,,,,60,100,-60,,,,,,,,,106,,0,-95,-99,47.186882705423166,45.777481136605594,1.4094015688175716,-10.954613830706528,45.777481136605594,,45.777481136605594,,,,,,,,,,,60,100,-60,,,,,,,,,106,
1659312000,23290.5,23490,22825,23250,33945.9725,22480.26342798841,23101.430365123517,144307.71,0,-95,-99,41.696390997682904,45.58882606227248,-3.892435064589577,-12.54008716277912,,,,,,,,,,,,,,60,100,-60,108,,108,,45.58882606227248,,,,,,0,-95,-99,41.696390997682904,45.58882606227248,-3.892435064589577,-12.54008716277912,,,,,,,,,,,,,,60,100,-60,108,,108,,45.58882606227248,,,,,
1659398400,23250,23467.5,22640.5,22972,33845.55,22524.966752716737,23072.668061762735,170738.762,0,-95,-99,34.559220548702235,41.14749808393609,-6.588277535233857,-12.064866368722189,,,,,,,,,,,,,,60,100,-60,,,,,,,,,,,0,-95,-99,34.559220548702235,41.14749808393609,-6.588277535233857,-12.064866368722189,,,,,,,,,,,,,,60,100,-60,,,,,,,,,,
1659484800,22972,23655,22679.5,22813,33744.2,22551.15159337885,23014.964048037684,154188.735,0,-95,-99,28.950830095326015,35.068813880570374,-6.117983785244359,-13.26354821247081,,,,,,,,,,,,,,60,100,-60,,,,,,,,,,,0,-95,-99,28.950830095326015,35.068813880570374,-6.117983785244359,-13.26354821247081,,,,,,,,,,,,,,60,100,-60,,,,,,,,,,
1659571200,22813,23201,22350,22602.5,33641.9575,22555.81963034441,22923.305370695976,160881.926,0,-95,-99,17.468166876946732,26.99273917365831,-9.524572296711579,-14.043874295151173,,,,,,,,,,,,,,60,100,-60,,,,,,,,,,,0,-95,-99,17.468166876946732,26.99273917365831,-9.524572296711579,-14.043874295151173,,,,,,,,,,,,,,60,100,-60,,,,,,,,,,
1659657600,22602.5,23494,22575.5,23298,33547.4475,22623.290573040373,23006.570843874648,172360.838,0,-95,-99,17.89676036483234,21.43858577903502,-3.5418254142026804,-14.10533925047928,,,,,,,,,,,,,,60,100,-60,,,,,,,,,,,0,-95,-99,17.89676036483234,21.43858577903502,-3.5418254142026804,-14.10533925047928,,,,,,,,,,,,,,60,100,-60,,,,,,,,,,
1659744000,23298,23333,22894,22950,33450.535,22652.9914300367,22993.999545235838,59369.978,0,-95,-99,16.325427547728673,17.230118263169235,-0.9046907154405623,-15.825364956746803,,,,,,,,,,,50.486280052662146,,,60,100,-60,,,,,,,,,,,0,-95,-99,16.325427547728673,17.230118263169235,-0.9046907154405623,-15.825364956746803,,,,,,,,,,,50.486280052662146,,,60,100,-60,,,,,,,,,,
1659830400,22950,23388.5,22846,23167,33357.9525,22699.719481851545,23032.444090738984,73142.274,0,-95,-99,17.45991651444665,17.227368142335873,0.23254837211077728,-13.295228426610272,,,,,,,,,,,,,,60,100,-60,,,,,17.227368142335873,,,,,,0,-95,-99,17.45991651444665,17.227368142335873,0.23254837211077728,-13.295228426610272,,,,,,,,,,,,,,60,100,-60,,,,,17.227368142335873,,,,,
1659916800,23167,24236.5,23145.5,23809.5,33273.49,22800.60861986504,23205.123181685874,152556.525,0,-95,-99,33.315397350847405,22.366913804340896,10.948483546506509,-11.53491520756471,,,,,,,,,,62.67556348520232,,,,60,100,-60,,,,,,,,,,,0,-95,-99,33.315397350847405,22.366913804340896,10.948483546506509,-11.53491520756471,,,,,,,,,,62.67556348520232,,,,60,100,-60,,,,,,,,,,
1660003200,23809.5,23910,22847.5,23139,33206.9725,22831.371472604584,23190.429141311237,132114.086,0,-95,-99,31.79616463325234,27.52382616618212,4.27233846707022,-11.478748163824134,,,,,,,,,,,,,,60,100,-60,,,,,,,,,,,0,-95,-99,31.79616463325234,27.52382616618212,4.27233846707022,-11.478748163824134,,,,,,,,,,,,,,60,100,-60,,,,,,,,,,
1660089600,23139,24223,22521,23940,33151.3625,22932.155884185984,23357.000443242072,209989.145,0,-95,-99,37.88235007066602,34.33130401825525,3.5510460524107685,-9.115948355957798,,,,,,,,,,,,,,60,100,-60,,,,,,,,,,,0,-95,-99,37.88235007066602,34.33130401825525,3.5510460524107685,-9.115948355957798,,,,,,,,,,,,,,60,100,-60,,,,,,,,,,
1660176000,23940,24950,23850,23927,33089.825,23022.596258350895,23483.6670114105,209728.839,0,-95,-99,53.67708200083825,41.11853223491887,12.55854976591938,-6.808838916456836,,,,,,,,,,,,,,60,100,-60,,,,,,,,,,,0,-95,-99,53.67708200083825,41.11853223491887,12.55854976591938,-6.808838916456836,,,,,,,,,,,,,,60,100,-60,,,,,,,,,,
1660262400,23927,24430,23557,24378.5,33028.46,23145.86023486445,23682.51878665261,133422.141,0,-95,-99,58.87603511605022,50.14515572918483,8.73087938686539,-3.4603112857053246,,,,,,,,,,,,,,60,100,-60,,,,,,,,,,,0,-95,-99,58.87603511605022,50.14515572918483,8.73087938686539,-3.4603112857053246,,,,,,,,,,,,,,60,100,-60,,,,,,,,,,
1660348800,24378.5,24867,24283,24420,32965.8725,23261.691122604043,23846.403500729808,111639.449,0,-95,-99,66.09023307628644,59.54778339772497,6.542449678561468,-2.95109722931788,,,,,,61.84452987256596,,,,,,,,60,100,-60,,,,,,,,,,,0,-95,-99,66.09023307628644,59.54778339772497,6.542449678561468,-2.95109722931788,,,,,,61.84452987256596,,,,,,,,60,100,-60,,,,,,,,,,
1660435200,24420,25031,24109,24290.5,32903.475,23355.219202367312,23945.09161167874,123551.958,0,-95,-99,67.67484066618272,64.2137029528398,3.4611377133429215,-3.7120946957335517,,,,,,,,,,93.54884585470688,,,,60,100,-60,,,,,,,,,,,0,-95,-99,67.67484066618272,64.2137029528398,3.4611377133429215,-3.7120946957335517,,,,,,,,,,93.54884585470688,,,,60,100,-60,,,,,,,,,,
1660521600,24290.5,25199,23760,24080.5,32838.175,23421.15382033392,23975.182364639022,215486.838,0,-95,-99,64.9068043205841,66.2239593543511,-1.3171550337669942,-2.085845340946184,66.2239593543511,,66.2239593543511,,,,,,,,,,,60,100,-60,108,,,,66.2239593543511,,105,,,,0,-95,-99,64.9068043205841,66.2239593543511,-1.3171550337669942,-2.085845340946184,66.2239593543511,,66.2239593543511,,,,,,,,,,,60,100,-60,108,,,,66.2239593543511,,105,,,
1660608000,24080.5,24227,23665,23839,32768.9025,23459.1398366672,23944.91961694146,127320.366,0,-95,-99,52.79590746908656,61.79251748528446,-8.996610016197906,-3.314578041618386,,,,,,,,,,,,,,60,100,-60,,,,,,,,,,,0,-95,-99,52.79590746908656,61.79251748528446,-8.996610016197906,-3.314578041618386,,,,,,,,,,,,,,60,100,-60,,,,,,,,,,
1660694400,23839,24436.5,23166,23327,32694.785,23447.12712424291,23807.604146510024,186551.417,0,-95,-99,36.75653062443704,51.486414138035904,-14.729883513598864,-3.146791175470723,,,,,,,,,,,,,,60,100,-60,,,,,,,,,,,0,-95,-99,36.75653062443704,51.486414138035904,-14.729883513598864,-3.146791175470723,,,,,,,,,,,,,,60,100,-60,,,,,,,,,,
1660780800,23327,23581,23100,23188,32621.3475,23423.5701129481,23669.914336174465,95974.879,0,-95,-99,17.757061141291434,35.769833078271674,-18.01277193698024,-5.267046979019167,,,,,,,,,,,,,,60,100,-60,,,,,,,,,,,0,-95,-99,17.757061141291434,35.769833078271674,-18.01277193698024,-5.267046979019167,,,,,,,,,,,,,,60,100,-60,,,,,,,,,,
1660867200,23188,23198,20754.5,20819,32533.2425,23186.791011770998,23036.377817024582,312308.071,0,-95,-99,-12.265449932603932,14.08271394437485,-26.34816387697878,-7.6916571256958175,,,,,,,,,,,,,,60,100,-60,,,,,,,,,,,0,-95,-99,-12.265449932603932,14.08271394437485,-26.34816387697878,-7.6916571256958175,,,,,,,,,,,,,,60,100,-60,,,,,,,,,,
1660953600,20819,21365,20730,21124,32445.46,22999.264556155453,22611.404968796898,153410.543,0,-95,-99,-31.287675902874017,-8.598688231395505,-22.688987671478515,-6.756923115174406,,,,,,,,,,,4.693936322214716,,,60,100,-60,,,,,,,,,,,0,-95,-99,-31.287675902874017,-8.598688231395505,-22.688987671478515,-6.756923115174406,,,,,,,,,,,4.693936322214716,,,60,100,-60,,,,,,,,,,
1661040000,21124,21780,21060.5,21505.5,32368.5525,22863.46777832314,22365.648309064254,134458.04,0,-95,-99,-39.016429249337506,-27.523185028271815,-11.49324422106569,-3.8763815128460335,,,,,,,,,,,,,,60,100,-60,,,,,,,,,,,0,-95,-99,-39.016429249337506,-27.523185028271815,-11.49324422106569,-3.8763815128460335,,,,,,,,,,,,,,60,100,-60,,,,,,,,,,
1661126400,21505.5,21538,20858,21382.5,32289.0075,22728.834343930124,22147.170907049975,182711.163,0,-95,-99,-44.372290934399835,-38.225465362203785,-6.14682557219605,-6.3507128939294795,,,,,,,,,,,,,,60,100,-60,,,,,,,,,,,0,-95,-99,-44.372290934399835,-38.225465362203785,-6.14682557219605,-6.3507128939294795,,,,,,,,,,,,,,60,100,-60,,,,,,,,,,
1661212800,21382.5,21678.5,20885,21516.5,32188.8475,22618.622130845568,22007.021816594424,169079.107,0,-95,-99,-46.12286571140354,-43.17052863171363,-2.9523370796899115,-6.342180022683943,,,,,,,,,,,,,,60,100,-60,,,,,,,,,,,0,-95,-99,-46.12286571140354,-43.17052863171363,-2.9523370796899115,-6.342180022683943,,,,,,,,,,,,,,60,100,-60,,,,,,,,,,
1661299200,21516.5,21880,21138.5,21353,32088.7125,22503.56557349597,21861.683635128997,153767.897,0,-95,-99,-45.57898256442382,-45.35804640340907,-0.22093616101474822,-7.729043932381981,,,,,,,,,,,,,,60,100,-60,,,,,,,,,,,0,-95,-99,-45.57898256442382,-45.35804640340907,-0.22093616101474822,-7.729043932381981,,,,,,,,,,,,,,60,100,-60,,,,,,,,,,
1661385600,21353,21810,21303.5,21549.5,31984.71,22416.83233954179,21792.309493989218,118494.963,0,-95,-99,-43.44444951713732,-45.048765930988225,1.6043164138509027,-5.55459473451529,,,,,,,,,,24.86301388091874,,,,60,100,-60,,,,,-45.048765930988225,,,,,,0,-95,-99,-43.44444951713732,-45.048765930988225,1.6043164138509027,-5.55459473451529,,,,,,,,,,24.86301388091874,,,,60,100,-60,,,,,-45.048765930988225,,,,,
1661472000,21549.5,21869,20085,20230.5,31866.735,22218.0748541289,21445.24071754717,283597.693,0,-95,-99,-48.9845001770828,-46.002644086214644,-2.981856090868156,-6.705052507310507,,,,,,,,,,,,,,60,100,-60,,,,,-46.002644086214644,,,,,,0,-95,-99,-48.9845001770828,-46.002644086214644,-2.981856090868156,-6.705052507310507,,,,,,,,,,,,,,60,100,-60,,,,,-46.002644086214644,,,,,
1661558400,20230.5,20366,19761,20027.5,31746.7975,22018.931685571726,21130.18722475891,134166.864,0,-95,-99,-56.31468074452156,-49.58121014624723,-6.73347059827433,-6.409900445296273,,,,,,,,,,,,,,60,100,-60,,,,,,,,,,,0,-95,-99,-56.31468074452156,-49.58121014624723,-6.73347059827433,-6.409900445296273,,,,,,,,,,,,,,60,100,-60,,,,,,,,,,
1661644800,20027.5,20174,19511,19548,31622.8725,21794.301532337933,20778.590063701373,108571.323,0,-95,-99,-61.179442712658684,-55.49287454475435,-5.686568167904333,-7.528736547939112,,,,,,,29.329187787969076,,,,4.479039298342754,,,60,100,-60,,,,,,,,,,,0,-95,-99,-61.179442712658684,-55.49287454475435,-5.686568167904333,-7.528736547939112,,,,,,,29.329187787969076,,,,4.479039298342754,,,60,100,-60,,,,,,,,,,
1661731200,19548,20430,19547.5,20277.5,31506.875,21656.410483943575,20667.236716212177,164936.799,0,-95,-99,-60.09765845985816,-59.1972606390128,-0.900397820845356,-5.174475463948556,,,,,,,,,,,,,,60,100,-60,,,,,,,,,,,0,-95,-99,-60.09765845985816,-59.1972606390128,-0.900397820845356,-5.174475463948556,,,,,,,,,,,,,,60,100,-60,,,,,,,,,,
1661817600,20277.5,20569,19530,19803.5,31394.1225,21487.964076312343,20475.295223720583,214009.16,0,-95,-99,-58.95518955634677,-60.07743024295454,1.1222406866077748,-5.5281473945067505,,,,-60.07743024295454,,,,,,,,,,60,100,-60,,,,-108,-60.07743024295454,-107,,,,,0,-95,-99,-58.95518955634677,-60.07743024295454,1.1222406866077748,-5.5281473945067505,,,,-60.07743024295454,,,,,,,,,,60,100,-60,,,,-108,-60.07743024295454,-107,,,,
1661904000,19803.5,20499.5,19791.5,20050.5,31283.3775,21357.285523920313,20380.89628511601,189156.631,0,-95,-99,-55.58114251404959,-58.21133017675151,2.630187662701921,-4.528421232855649,,,,,,,,,,,,,,60,100,-60,,,,,,,,,,,0,-95,-99,-55.58114251404959,-58.21133017675151,2.630187662701921,-4.528421232855649,,,,,,,,,,,,,,60,100,-60,,,,,,,,,,
1661990400,20050.5,20197.5,19560,20124.5,31173.7025,21245.21411265483,20323.91933286801,182842.667,0,-95,-99,-53.70083427878605,-56.07905544972747,2.3782211709414227,-4.412340070268734,,,,,,,,,,,,,,60,100,-60,,,,,,,,,,,0,-95,-99,-53.70083427878605,-56.07905544972747,2.3782211709414227,-4.412340070268734,,,,,,,,,,,,,,60,100,-60,,,,,,,,,,
1662076800,20124.5,20428,19745.5,19940.5,31060.7225,21126.603738777118,20238.71503667512,186555.394,0,-95,-99,-50.478016591951196,-53.25333112826228,2.775314536311086,-6.80402620782264,,,,,,,,,,,,,,60,100,-60,,,,,,,,,,,0,-95,-99,-50.478016591951196,-53.25333112826228,2.775314536311086,-6.80402620782264,,,,,,,,,,,,,,60,100,-60,,,,,,,,,,
1662163200,19940.5,20043,19642,19821.5,30937.2075,21007.957944342834,20146.000584080648,78200.08,0,-95,-99,-49.807443924649185,-51.32876493179548,1.5213210071462981,-7.461047520088196,,,,,,,,,,,,,,60,100,-60,,,,,,,,,,,0,-95,-99,-49.807443924649185,-51.32876493179548,1.5213210071462981,-7.461047520088196,,,,,,,,,,,,,,60,100,-60,,,,,,,,,,
1662249600,19821.5,20018,19585,19986.5,30817.7425,20915.09813122076,20110.556009840504,105675.389,0,-95,-99,-48.01182045942824,-49.43242699200954,1.4206065325812958,-7.548488509306531,,,,,,,,,,,,,,60,100,-60,,,,,,,,,,,0,-95,-99,-48.01182045942824,-49.43242699200954,1.4206065325812958,-7.548488509306531,,,,,,,,,,,,,,60,100,-60,,,,,,,,,,
1662336000,19986.5,20044.5,19623,19780,30714.0675,20811.90739201887,20037.099118764836,117679.691,0,-95,-99,-46.59626152770669,-48.138508637261374,1.5422471095546868,-10.428535694443024,,,,,,,,,,64.04814188560897,,,,60,100,-60,,,,,,,,,,,0,-95,-99,-46.59626152770669,-48.138508637261374,1.5422471095546868,-10.428535694443024,,,,,,,,,,64.04814188560897,,,,60,100,-60,,,,,,,,,,
1662422400,19780,20164.5,18617,18782.5,30607.9825,20627.415810926246,19758.29931459487,275596.422,0,-95,-99,-53.300865655910684,-49.30298254768187,-3.9978831082288124,-12.029412587189663,,,,,,,,,,,,,,60,100,-60,,,,,-49.30298254768187,,,,,,0,-95,-99,-53.300865655910684,-49.30298254768187,-3.9978831082288124,-12.029412587189663,,,,,,,,,,,,,,60,100,-60,,,,,-49.30298254768187,,,,,
1662508800,18782.5,19447.5,18451,19287,30504.0975,20505.55982811477,19653.56613357379,172911.844,0,-95,-99,-57.448651580729035,-52.4485929214488,-5.000058659280235,-10.756270021043974,,,,,,,,,,,,,,60,100,-60,,,,,,,,,,,0,-95,-99,-57.448651580729035,-52.4485929214488,-5.000058659280235,-10.756270021043974,,,,,,,,,,,,,,60,100,-60,,,,,,,,,,
1662595200,19287,19440,19010.5,19304.5,30408.845,20396.372571013428,19575.995881668503,164517.702,0,-95,-99,-56.21894926643247,-55.65615550102407,-0.5627937654084008,-8.700414793567951,,,,-55.65615550102407,,,,,,,47.5035801883445,,,60,100,-60,,,,,,,,-106,,,0,-95,-99,-56.21894926643247,-55.65615550102407,-0.5627937654084008,-8.700414793567951,,,,-55.65615550102407,,,,,,,47.5035801883445,,,60,100,-60,,,,,,,,-106,,
1662681600,19304.5,21666,19284.5,21350.5,30330.59,20483.111428194024,19970.330130186612,320042.613,0,-95,-99,-32.47020016230559,-48.712600336489025,16.242400174183437,-4.3199280660574475,,,,,,,,,,,,,,60,100,-60,,,,-108,-48.712600336489025,,,,,,0,-95,-99,-32.47020016230559,-48.712600336489025,16.242400174183437,-4.3199280660574475,,,,,,,,,,,,,,60,100,-60,,,,-108,-48.712600336489025,,,,,
1662768000,21350.5,21798,21113,21632.5,30247.68,20587.601298358204,20339.701212367367,132024.899,0,-95,-99,-9.480888201474684,-32.723345876737575,23.24245767526289,-1.3681191357050173,,,,,,,,,,,,,,60,100,-60,,,,,,,,,,,0,-95,-99,-9.480888201474684,-32.723345876737575,23.24245767526289,-1.3681191357050173,,,,,,,,,,,,,,60,100,-60,,,,,,,,,,
1662854400,21632.5,21879.5,21333,21810,30170.5025,20698.728453052914,20666.43427628573,112941.258,0,-95,-99,6.4597857261561025,-11.830434212541391,18.290219938697494,-2.0644191987309886,,,,,,,,,,,,,,60,100,-60,,,,,,,,,,,0,-95,-99,6.4597857261561025,-11.830434212541391,18.290219938697494,-2.0644191987309886,,,,,,,,,,,,,,60,100,-60,,,,,,,,,,
1662940800,21810,22488,21530.5,22388.5,30090.855,20852.344048229923,21049.115548222235,226110.705,0,-95,-99,19.933617569269508,5.637505031316974,14.296112537952535,-1.2478952740782638,,,,,,61.37335323014902,,,,99.02181159146701,,,,60,100,-60,,,,,,,,,,,0,-95,-99,19.933617569269508,5.637505031316974,14.296112537952535,-1.2478952740782638,,,,,,61.37335323014902,,,,99.02181159146701,,,,60,100,-60,,,,,,,,,,
1663027200,22388.5,22794,19835,20164,29995.8025,20789.767316572656,20852.42320417285,358892.48,0,-95,-99,18.023762595846996,14.805721963757534,3.218040632089462,-3.848282128416471,,,,,,,,,,,,,,60,100,-60,,,,,,,,,,,0,-95,-99,18.023762595846996,14.805721963757534,3.218040632089462,-3.848282128416471,,,,,,,,,,,,,,60,100,-60,,,,,,,,,,
1663113600,20164,20518,19590.5,20220,29901.43,20737.970287793323,20711.88471435666,193037.099,0,-95,-99,6.944915739720731,14.967431968279078,-8.022516228558347,-4.52878925184663,,,,,,,,,,,,,,60,100,-60,108,,108,,14.967431968279078,,,,,,0,-95,-99,6.944915739720731,14.967431968279078,-8.022516228558347,-4.52878925184663,,,,,,,,,,,,,,60,100,-60,108,,108,,14.967431968279078,,,,,
1663200000,20220,20319,19472,19692.5,29811.5675,20642.92753435757,20485.35477783296,184059.145,0,-95,-99,-4.031909708812513,6.97892287558507,-11.010832584397583,-5.026501766604598,,,,,,,,,,,,,,60,100,-60,,,,,,,,,,,0,-95,-99,-4.031909708812513,6.97892287558507,-11.010832584397583,-5.026501766604598,,,,,,,,,,,,,,60,100,-60,,,,,,,,,,
1663286400,19692.5,19878.5,19315,19790.5,29694.7675,20565.434122143244,20330.942604981192,147291.942,0,-95,-99,-13.317999442783595,-3.4683311372917935,-9.849668305491802,-6.6051086942342625,,,,,,,,,,,,,,60,100,-60,,,,,,,,,,,0,-95,-99,-13.317999442783595,-3.4683311372917935,-9.849668305491802,-6.6051086942342625,,,,,,,,,,,,,,60,100,-60,,,,,,,,,,
1663372800,19790.5,20176.5,19734,20106,29573.35,20523.667383766584,20280.955359429816,91064.363,0,-95,-99,-15.79660610300995,-11.048838418202019,-4.747767684807931,-5.903840522414814,,,,,,,,,,,,,,60,100,-60,,,,,,,,,,,0,-95,-99,-15.79660610300995,-11.048838418202019,-4.747767684807931,-5.903840522414814,,,,,,,,,,,,,,60,100,-60,,,,,,,,,,
1663459200,20106,20106,19333,19408.5,29450.925,20422.288530696893,20087.076390667633,129018.12,0,-95,-99,-22.357168190497323,-17.157257912096956,-5.199910278400367,-7.865178011423299,,,,,,,,,,,,,,60,100,-60,,,,,,,,,,,0,-95,-99,-22.357168190497323,-17.157257912096956,-5.199910278400367,-7.865178011423299,,,,,,,,,,,,,,60,100,-60,,,,,,,,,,
1663545600,19408.5,19675,18110,19527.5,29336.31,20340.944118815358,19962.726081630382,295437.829,0,-95,-99,-32.03145801180969,-23.39507743510565,-8.636380576704038,-7.498407799881858,,,,,,,,,,,,,,60,100,-60,,,,,,,,,,,0,-95,-99,-32.03145801180969,-23.39507743510565,-8.636380576704038,-7.498407799881858,,,,,,,,,,,,,,60,100,-60,,,,,,,,,,
1663632000,19527.5,19626,18716,18870,29235.0875,20207.22192619578,19719.8980634903,233982.657,0,-95,-99,-37.87745853682692,-30.75536157971131,-7.1220969571156125,-8.39118970498771,,,,,,,,,,,,,,60,100,-60,,,,,,,,,,,0,-95,-99,-37.87745853682692,-30.75536157971131,-7.1220969571156125,-8.39118970498771,,,,,,,,,,,,,,60,100,-60,,,,,,,,,,
1663718400,18870,20045,18100,18446.5,29130.52,20047.15629654162,19436.92071604801,430812.458,0,-95,-99,-43.0342600796337,-37.64772554275677,-5.38653453687693,-8.35961794762893,,,,,,,,,,,,,,60,100,-60,,,,,,,,,,,0,-95,-99,-43.0342600796337,-37.64772554275677,-5.38653453687693,-8.35961794762893,,,,,,,,,,,,,,60,100,-60,,,,,,,,,,
1663804800,18446.5,19518.5,18345,19394.5,29035.5225,19987.823905946927,19427.493890259564,229285.487,0,-95,-99,-43.035290047710376,-41.31566955472366,-1.7196204929867136,-6.812486167961407,,,,,,,,,,,17.022743440321783,,,60,100,-60,,,,,,,,,,,0,-95,-99,-43.035290047710376,-41.31566955472366,-1.7196204929867136,-6.812486167961407,,,,,,,,,,,17.022743440321783,,,60,100,-60,,,,,,,,,,
1663891200,19394.5,19486.5,18524.5,19282,28942.0525,19923.658096315387,19395.161914646327,227015.701,0,-95,-99,-42.126836168317105,-42.73212876522039,0.6052925969032827,-4.873172738162182,,,,-42.73212876522039,,,,,,,,,,60,100,-60,,,,-108,-42.73212876522039,,,-106,,,0,-95,-99,-42.126836168317105,-42.73212876522039,0.6052925969032827,-4.873172738162182,,,,-42.73212876522039,,,,,,,,,,60,100,-60,,,,-108,-42.73212876522039,,,-106,,
1663977600,19282,19299,18801.5,18911,28842.975,19831.598269377624,19287.570378058255,105000.05,0,-95,-99,-42.14227063461632,-42.4347989502146,0.2925283155982825,-6.470052485737267,,,,,,,,,,,,,,60,100,-60,,,,,,,,,,,0,-95,-99,-42.14227063461632,-42.4347989502146,0.2925283155982825,-6.470052485737267,,,,,,,,,,,,,,60,100,-60,,,,,,,,,,
1664064000,18911,19185,18620.5,18800,28727.2675,19737.816608525114,19179.221405156422,112302.887,0,-95,-99,-43.47003582589802,-42.57971420961048,-0.8903216162875438,-9.027013262271387,,,,,,,,,,,,,,60,100,-60,,,,,-42.57971420961048,,,,,,0,-95,-99,-43.47003582589802,-42.57971420961048,-0.8903216162875438,-9.027013262271387,,,,,,,,,,,,,,60,100,-60,,,,,-42.57971420961048,,,,,
1664150400,18800,19318.5,18670,19213.5,28626.295,19690.15146229556,19186.838870677217,216929.405,0,-95,-99,-40.128222706276034,-41.913509722263456,1.7852870159874215,-8.826823801825729,,,,,,,,,,,,,,60,100,-60,,,,,-41.913509722263456,,,,,,0,-95,-99,-40.128222706276034,-41.913509722263456,1.7852870159874215,-8.826823801825729,,,,,,,,,,,,,,60,100,-60,,,,,-41.913509722263456,,,,,
1664236800,19213.5,20383.5,18798.5,19071,28528.02,19633.864965723234,19161.096899415614,368927.438,0,-95,-99,-29.096782171459967,-37.565013567878005,8.468231396418037,-8.875380964678754,,,,,,,,,,,,,,60,100,-60,,,,,,,,,,,0,-95,-99,-29.096782171459967,-37.565013567878005,8.468231396418037,-8.875380964678754,,,,,,,,,,,,,,60,100,-60,,,,,,,,,,
1664323200,19071,19791,18453,19407,28431.09,19613.240877930213,19215.74203287881,323115.662,0,-95,-99,-25.397362501968143,-31.540789126568047,6.143426624599904,-7.963726297644997,,,,,,,,,,,,,,60,100,-60,,,,,,,,,,,0,-95,-99,-25.397362501968143,-31.540789126568047,6.143426624599904,-7.963726297644997,,,,,,,,,,,,,,60,100,-60,,,,,,,,,,
1664409600,19407,19638.5,18831,19579.5,28340.2075,19610.173525391103,19296.577136683518,311643.49,0,-95,-99,-17.935859944960498,-24.1433348727962,6.207474927835701,-6.54547651688268,,,,,,,,,,,,,,60,100,-60,,,,,,,,,,,0,-95,-99,-17.935859944960498,-24.1433348727962,6.207474927835701,-6.54547651688268,,,,,,,,,,,,,,60,100,-60,,,,,,,,,,
1664496000,19579.5,20165,19135.5,19409.5,28239.0275,19591.930477628277,19321.671106309404,303098.895,0,-95,-99,-5.168915257524116,-16.167379234817577,10.998463977293461,-6.806042635919953,,,,,,,,,,93.77050309016397,,,,60,100,-60,,,,,,,,,,,0,-95,-99,-5.168915257524116,-16.167379234817577,10.998463977293461,-6.806042635919953,,,,,,,,,,93.77050309016397,,,,60,100,-60,,,,,,,,,,
1664582400,19409.5,19473.5,19150.5,19302.5,28139.14,19565.618616025706,19317.41086046287,80900.681,0,-95,-99,-4.948935224771431,-9.351236809085341,4.40230158431391,-6.793829069783258,,,,,,,,,,,,,,60,100,-60,,,,,,,,,,,0,-95,-99,-4.948935224771431,-9.351236809085341,4.40230158431391,-6.793829069783258,,,,,,,,,,,,,,60,100,-60,,,,,,,,,,
1664668800,19302.5,19385.5,18890.5,19054,28028.7875,19519.10783275064,19258.875113693342,115315.295,0,-95,-99,-12.930359096790129,-7.682736526361886,-5.247622570428243,-7.641396232957803,,,,,,,,,,,,,,60,100,-60,,,,,-7.682736526361886,,,,,,0,-95,-99,-12.930359096790129,-7.682736526361886,-5.247622570428243,-7.641396232957803,,,,,,,,,,,,,,60,100,-60,,,,,-7.682736526361886,,,,,
1664755200,19054,19720,18947,19617.5,27922.425,19528.052575227855,19338.5695328726,182102.476,0,-95,-99,-4.178216756306645,-7.352503692622727,3.174286936316082,-5.2005610842931915,,,,,,,,,,,81.4653947912393,,,60,100,-60,,,,,-7.352503692622727,,,,,,0,-95,-99,-4.178216756306645,-7.352503692622727,3.174286936316082,-5.2005610842931915,,,,,,,,,,,81.4653947912393,,,60,100,-60,,,,,-7.352503692622727,,,,,
1664841600,19617.5,20451,19482.5,20326.5,27815.3,19600.638704752597,19558.109636678688,234197.54,0,-95,-99,20.115376950767512,1.0022670325569212,19.11310991821059,-5.263443485820451,,,,,,,,,,,,,,60,100,-60,,,,,,,,,,,0,-95,-99,20.115376950767512,1.0022670325569212,19.11310991821059,-5.263443485820451,,,,,,,,,,,,,,60,100,-60,,,,,,,,,,
1664928000,20326.5,20354.5,19734.5,20149,27705.1425,19650.48973159327,19689.418606305648,215159.621,0,-95,-99,33.075748223937744,16.337636139466213,16.73811208447153,-3.997392526896209,,,,,,,,,,92.08028292263572,,,,60,100,-60,,,,,,,,,,,0,-95,-99,33.075748223937744,16.337636139466213,16.73811208447153,-3.997392526896209,,,,,,,,,,92.08028292263572,,,,60,100,-60,,,,,,,,,,
1665014400,20149,20435,19836.5,19954.5,27598.555,19678.127028721152,19748.32558268217,222333.898,0,-95,-99,40.138443480299365,31.109856218334883,9.028587261964482,-5.8098403130282055,,,,,,,,,,,,,,60,100,-60,,,,,,,,,,,0,-95,-99,40.138443480299365,31.109856218334883,9.028587261964482,-5.8098403130282055,,,,,,,,,,,,,,60,100,-60,,,,,,,,,,
1665100800,19954.5,20078,19318,19517.5,27491.2175,19663.524571564685,19697.031008752798,209138.036,0,-95,-99,32.54676983113228,35.25365384512314,-2.7068840139908588,-8.71961345693288,,,35.25365384512314,,,,,,,,,,,60,100,-60,108,,,,35.25365384512314,,,,,,0,-95,-99,32.54676983113228,35.25365384512314,-2.7068840139908588,-8.71961345693288,,,35.25365384512314,,,,,,,,,,,60,100,-60,108,,,,35.25365384512314,,,,,
1665187200,19517.5,19614,19175,19405,27376.445,19640.02233778608,19632.135229029955,75088.164,0,-95,-99,18.835303432011816,30.506838914481165,-11.671535482469348,-7.782626990364475,,,,,,,,,,,,,,60,100,-60,,,,,,,,,,,0,-95,-99,18.835303432011816,30.506838914481165,-11.671535482469348,-7.782626990364475,,,,,,,,,,,,,,60,100,-60,,,,,,,,,,
1665273600,19405,19552,19300,19436.5,27259.37,19621.52030707825,19588.660733689965,76579.537,0,-95,-99,9.418612604038179,20.266895289060766,-10.848282685022587,-8.646683982138857,,,,,,,,,,,,,,60,100,-60,,,,,,,,,,,0,-95,-99,9.418612604038179,20.266895289060766,-10.848282685022587,-8.646683982138857,,,,,,,,,,,,,,60,100,-60,,,,,,,,,,
1665360000,19436.5,19522.5,18973.5,19122.5,27135.13,19576.15482461659,19485.06945953664,159511.397,0,-95,-99,-4.27198465323576,7.9939771276047535,-12.265961780840513,-10.04701102303967,,,,,,,,,,,,,,60,100,-60,,,,,,,,,,,0,-95,-99,-4.27198465323576,7.9939771276047535,-12.265961780840513,-10.04701102303967,,,,,,,,,,,,,,60,100,-60,,,,,,,,,,
1665446400,19122.5,19258,18850,19052.5,27008.925,19528.549840560536,19388.942912972943,164548.635,0,-95,-99,-17.18919493540408,-4.014188994867208,-13.17500594053687,-11.768887918127602,,,,,,,,,,,,,,60,100,-60,,,,,,,,,,,0,-95,-99,-17.18919493540408,-4.014188994867208,-13.17500594053687,-11.768887918127602,,,,,,,,,,,,,,60,100,-60,,,,,,,,,,
1665532800,19052.5,19227.5,18949.5,19148,26882.315,19493.954400509578,19335.4000434234,108026.384,0,-95,-99,-23.952370201833066,-15.137849930157623,-8.814520271675443,-11.087729078076356,,,,,,,,,,,8.955697199731631,,,60,100,-60,,,,,,,,,,,0,-95,-99,-23.952370201833066,-15.137849930157623,-8.814520271675443,-11.087729078076356,,,,,,,,,,,8.955697199731631,,,60,100,-60,,,,,,,,,,
1665619200,19148,19522,18071,19366,26745.18,19482.322182281434,19342.200033773755,351066.682,0,-95,-99,-31.308433227331154,-24.14999945485609,-7.158433772475064,-10.360987217051495,,,,,,,,,,,,,,60,100,-60,,,,,,,,,,,0,-95,-99,-31.308433227331154,-24.14999945485609,-7.158433772475064,-10.360987217051495,,,,,,,,,,,,,,60,100,-60,,,,,,,,,,
1665705600,19366,19944,19061,19171.5,26605.425,19454.06562025585,19304.266692935144,218232.252,0,-95,-99,-22.632833636362655,-25.96454568850895,3.331712052146294,-10.546830026602924,,,,,,,,,,,,,,60,100,-60,,,,,-25.96454568850895,,,,,,0,-95,-99,-22.632833636362655,-25.96454568850895,3.331712052146294,-10.546830026602924,,,,,,,,,,,,,,60,100,-60,,,,,-25.96454568850895,,,,,
1665792000,19171.5,19216.5,18962,19063,26463.65,19418.514200232592,19250.651872282888,63382.764,0,-95,-99,-27.270343845090565,-27.07053690292811,-0.19980694216245354,-10.538357094540196,,,,,,,,,,,,,,60,100,-60,,,,,-27.07053690292811,,,,,,0,-95,-99,-27.270343845090565,-27.07053690292811,-0.19980694216245354,-10.538357094540196,,,,,,,,,,,,,,60,100,-60,,,,,-27.07053690292811,,,,,
1665878400,19063,19411,19062.5,19252.5,26324.7925,19403.42200021145,19251.062567331133,73765.565,0,-95,-99,-23.820405653182483,-24.57452771154522,0.7541220583627357,-8.171482305922874,,,,,,,,,,,,,,60,100,-60,,,,-108,-24.57452771154522,,,,,,0,-95,-99,-23.820405653182483,-24.57452771154522,0.7541220583627357,-8.171482305922874,,,,,,,,,,,,,,60,100,-60,,,,-108,-24.57452771154522,,,,,
1665964800,19252.5,19668,19144.5,19540,26194.9375,19415.838182010408,19315.270885701993,145940.45,0,-95,-99,-11.110229613022867,-20.73365970376529,9.623430090742424,-6.076058691874618,,,,,,,,,,,,,,60,100,-60,,,,,,,,,,,0,-95,-99,-11.110229613022867,-20.73365970376529,9.623430090742424,-6.076058691874618,,,,,,,,,,,,,,60,100,-60,,,,,,,,,,
1666051200,19540,19694,19080,19320.5,26060.17,19407.171074554917,19316.43291110155,181913.401,0,-95,-99,-5.627541980034831,-13.519392415413378,7.891850435378547,-4.546010965039679,,,,,,,,,,,,,,60,100,-60,,,,,,,,,,,0,-95,-99,-5.627541980034831,-13.519392415413378,7.891850435378547,-4.546010965039679,,,,,,,,,,,,,,60,100,-60,,,,,,,,,,
1666137600,19320.5,19345,19061,19121.5,25926.7425,19381.200976868105,19273.114486412316,121991.782,0,-95,-99,-12.331825068320011,-9.689865553792556,-2.6419595145274553,-7.498558929994763,,,,,,,,,,40.4075416372924,,,,60,100,-60,,,,,-9.689865553792556,,,,,,0,-95,-99,-12.331825068320011,-9.689865553792556,-2.6419595145274553,-7.498558929994763,,,,,,,,,,40.4075416372924,,,,60,100,-60,,,,,-9.689865553792556,,,,,
1666224000,19121.5,19345,18865,19041.5,25789.8925,19350.319069880097,19221.644600542913,159295.121,0,-95,-99,-21.514323418905942,-13.157896822420247,-8.356426596485695,-9.240798911463376,,,,,,,,,,,,,,60,100,-60,,,,,,,,,,,0,-95,-99,-21.514323418905942,-13.157896822420247,-8.356426596485695,-9.240798911463376,,,,,,,,,,,,,,60,100,-60,,,,,,,,,,
1666310400,19041.5,19247,18621.5,19153,25652.755,19332.38097261827,19206.39024486671,164389.181,0,-95,-99,-30.653085085673176,-21.499744524299697,-9.15334056137348,-8.342949543898603,,,,,,,,,,,,,,60,100,-60,,,,,,,,,,,0,-95,-99,-30.653085085673176,-21.499744524299697,-9.15334056137348,-8.342949543898603,,,,,,,,,,,,,,60,100,-60,,,,,,,,,,
1666396800,19153,19239.5,19102,19189.5,25521.275,19319.391793289335,19202.636857118552,41575.307,0,-95,-99,-27.119784471493617,-26.42906432535756,-0.690720146136055,-8.101493394502945,,,,,,,,,,,29.572295028840017,,,60,100,-60,,,,,,,,,,,0,-95,-99,-27.119784471493617,-26.42906432535756,-0.690720146136055,-8.101493394502945,,,,,,,,,,,29.572295028840017,,,60,100,-60,,,,,,,,,,
1666483200,19189.5,19683.5,19050,19559,25403.2775,19341.174357535758,19281.82866664776,95538.339,0,-95,-99,-8.909581347584112,-22.22748363491695,13.317902287332839,-6.092077020240791,,,,,,,,,,,,,,60,100,-60,,,,-108,-22.22748363491695,,,,,,0,-95,-99,-8.909581347584112,-22.22748363491695,13.317902287332839,-6.092077020240791,,,,,,,,,,,,,,60,100,-60,,,,-108,-22.22748363491695,,,,,
1666569600,19559,19590,19155,19317,25282.7275,19338.97668866887,19289.644518503814,127421.933,0,-95,-99,-0.32002695578461093,-12.11646425828743,11.796437302502818,-8.452773029590508,,,,,,,,,,,,,,60,100,-60,,,,,,,,,,,0,-95,-99,-0.32002695578461093,-12.11646425828743,11.796437302502818,-8.452773029590508,,,,,,,,,,,,,,60,100,-60,,,,,,,,,,
1666656000,19317,20400,19223.5,20067,25171.7825,19405.16062606261,19462.390181058523,225625.032,0,-95,-99,25.042843213987588,5.271078303539621,19.771764910447967,-5.0106884328825565,,,,,,,,,,,,,,60,100,-60,,,,,,,,,,,0,-95,-99,25.042843213987588,5.271078303539621,19.771764910447967,-5.0106884328825565,,,,,,,,,,,,,,60,100,-60,,,,,,,,,,
1666742400,20067,21009,20041,20756,25061.93,19527.964205511464,19749.859029712185,231429.972,0,-95,-99,48.941852971650704,24.554889743284562,24.38696322836614,-2.392403308915614,,,,,,65.53041100095932,,,,,,,,60,100,-60,,,,,,,,,,,0,-95,-99,48.941852971650704,24.554889743284562,24.38696322836614,-2.392403308915614,,,,,,65.53041100095932,,,,,,,,60,100,-60,,,,,,,,,,
1666828800,20756,20861.5,20182.5,20283,24952.66,19596.60382319224,19868.334800887256,174645.009,0,-95,-99,57.3785717880443,43.78775599122753,13.59081579681677,-2.325865591528897,,,,,,,,,,88.47875733995528,,,,60,100,-60,,,,,,,,,,,0,-95,-99,57.3785717880443,43.78775599122753,13.59081579681677,-2.325865591528897,,,,,,,,,,88.47875733995528,,,,60,100,-60,,,,,,,,,,
1666915200,20283,20738,19963,20585,24858.085,19686.458021083854,20027.593734023423,167248.893,0,-95,-99,60.5299157449382,55.61678016821107,4.913135576727129,-3.4182442811021403,,,,,,,,,,,,,,60,100,-60,,,,,,,,,,,0,-95,-99,60.5299157449382,55.61678016821107,4.913135576727129,-3.4182442811021403,,,,,,,,,,,,,,60,100,-60,,,,,,,,,,
1667001600,20585,21100,20551,20795,24761.785,19787.234564621685,20198.128459795997,127835.2,0,-95,-99,66.16687863393365,61.358455388972054,4.808423244961595,-1.3214403975865698,,,,,,63.234899770296074,,,,,,,,60,100,-60,,,,,,,,,,,0,-95,-99,66.16687863393365,61.358455388972054,4.808423244961595,-1.3214403975865698,,,,,,63.234899770296074,,,,,,,,60,100,-60,,,,,,,,,,
1667088000,20795,20920,20500,20613.5,24659.1675,19862.349604201532,20290.433246507997,73792.511,0,-95,-99,65.76213799887027,64.15297745924738,1.6091605396228914,-3.273972681686651,,,,,,,,,,,,,,60,100,-60,,,,,,,,,,,0,-95,-99,65.76213799887027,64.15297745924738,1.6091605396228914,-3.273972681686651,,,,,,,,,,,,,,60,100,-60,,,,,,,,,,
1667174400,20613.5,20832,20222,20480,24561.9175,19918.49964018321,20332.559191728444,133753.094,0,-95,-99,61.22031237671882,64.38310966984092,-3.1627972931220967,-4.111299907659006,64.38310966984092,,64.38310966984092,,,,,,,,,,,60,100,-60,108,,108,,64.38310966984092,,105,,,,0,-95,-99,61.22031237671882,64.38310966984092,-3.1627972931220967,-4.111299907659006,64.38310966984092,,64.38310966984092,,,,,,,,,,,60,100,-60,108,,108,,64.38310966984092,,105,,,
1667260800,20480,20689,20318,20472.5,24461.6375,19968.863309257464,20363.657149122122,84949.959,0,-95,-99,56.47985770433875,61.154102693309284,-4.6742449889705355,-3.487846317224284,,,,,,,,,,,,,,60,100,-60,,,,,,,,,,,0,-95,-99,56.47985770433875,61.154102693309284,-4.6742449889705355,-3.487846317224284,,,,,,,,,,,,,,60,100,-60,,,,,,,,,,
1667347200,20472.5,20789,20051.5,20143.5,24360.5675,19984.73937205224,20314.733338206093,181631.672,0,-95,-99,48.04915339194285,55.24977449100013,-7.20062109905728,-3.8612052926670324,,,,,,,,,,,,,,60,100,-60,,,,,,,,,,,0,-95,-99,48.04915339194285,55.24977449100013,-7.20062109905728,-3.8612052926670324,,,,,,,,,,,,,,60,100,-60,,,,,,,,,,
1667433600,20143.5,20382,20013.5,20199.5,24263.255,20004.263065502037,20289.12592971585,96388.681,0,-95,-99,36.898775158554855,47.14259541827882,-10.243820259723968,-4.433942592938717,,,,,,,,,,,55.8876313727282,,,60,100,-60,,,,,,,,,,,0,-95,-99,36.898775158554855,47.14259541827882,-10.243820259723968,-4.433942592938717,,,,,,,,,,,55.8876313727282,,,60,100,-60,,,,,,,,,,
1667520000,20199.5,21293.5,20175,21132,24165.0475,20106.784605001852,20476.431278667882,220464.945,0,-95,-99,46.619872370606885,43.8559336403682,2.763938730238685,-1.1248855447292383,,,,,,,,,,,,,,60,100,-60,,,,,43.8559336403682,,,,,,0,-95,-99,46.619872370606885,43.8559336403682,2.763938730238685,-1.1248855447292383,,,,,,,,,,,,,,60,100,-60,,,,,43.8559336403682,,,,,
1667606400,21132,21470,21068,21290.5,24064.1725,20214.395095456228,20657.33543896391,82840.951,0,-95,-99,58.051826326101214,47.190157951754315,10.861668374346898,1.472281085769319,,,,,,65.49074506629896,,,,,,,,60,100,-60,,,,,,,,,,,0,-95,-99,58.051826326101214,47.190157951754315,10.861668374346898,1.472281085769319,,,,,,65.49074506629896,,,,,,,,60,100,-60,,,,,,,,,,
1667692800,21290.5,21345,20874.5,20904,23962.025,20277.086450414754,20712.14978586082,76315.126,0,-95,-99,59.037748833915046,54.56981584354105,4.4679329903739955,-1.8470651062427872,,,,,,,,,,80.09596264538978,,,,60,100,-60,,,,,,,,,,,0,-95,-99,59.037748833915046,54.56981584354105,4.4679329903739955,-1.8470651062427872,,,,,,,,,,80.09596264538978,,,,60,100,-60,,,,,,,,,,
1667779200,20904,21062.5,20365,20582.5,23862.665,20304.851318558867,20683.338722336193,150294.233,0,-95,-99,49.82404904074988,55.63787473358872,-5.81382569283884,-3.10125748631297,55.63787473358872,,55.63787473358872,,,,,,,,,,,60,100,-60,108,,108,,55.63787473358872,,105,,106,,0,-95,-99,49.82404904074988,55.63787473358872,-5.81382569283884,-3.10125748631297,55.63787473358872,,55.63787473358872,,,,,,,,,,,60,100,-60,108,,108,,55.63787473358872,,105,,106,
1667865600,20582.5,20672,16800,18537,23756.9675,20144.137562326243,20206.37456181704,699512.438,0,-95,-99,12.989005207681906,40.616934360782274,-27.627929153100368,-6.569763387626122,,,,,,,,,,,,,,60,100,-60,,,,,,,,,,,0,-95,-99,12.989005207681906,40.616934360782274,-27.627929153100368,-6.569763387626122,,,,,,,,,,,,,,60,100,-60,,,,,,,,,,
1667952000,18537,18578,15460.5,15891.5,23639.3175,19757.534147569313,19247.513548079918,558721.094,0,-95,-99,-17.87466145507827,14.979464264451172,-32.85412571952944,-9.720452047709593,,,,,,,24.393943282721423,,,,,,,60,100,-60,,,,,,,,,,,0,-95,-99,-17.87466145507827,14.979464264451172,-32.85412571952944,-9.720452047709593,,,,,,,24.393943282721423,,,,,,,60,100,-60,,,,,,,,,,
1668038400,15891.5,18191,15697.5,17594,23530.09,19560.84922506301,18880.06609295105,399524.126,0,-95,-99,-31.343569136339855,-12.076408461245402,-19.267160675094452,-8.825499370199118,,,,,,,,,,,13.351404215662466,,,60,100,-60,,,,,,,,,,,0,-95,-99,-31.343569136339855,-12.076408461245402,-19.267160675094452,-8.825499370199118,,,,,,,,,,,13.351404215662466,,,60,100,-60,,,,,,,,,,
1668124800,17594,17673.5,16310,17052,23413.35,19332.772022784557,18473.82918340637,272649.351,0,-95,-99,-39.56053387844139,-29.59292148995317,-9.96761238848822,-11.329709277699875,,,,,,,,,,,,,,60,100,-60,,,,,,,,,,,0,-95,-99,-39.56053387844139,-29.59292148995317,-9.96761238848822,-11.329709277699875,,,,,,,,,,,,,,60,100,-60,,,,,,,,,,
1668211200,17052,17103.5,16624.5,16804,23306.8525,19102.88365707687,18102.756031538287,83551.459,0,-95,-99,-44.697901738326905,-38.534001584369385,-6.1639001539575204,-10.744636914342905,,,,,,,,,,,,,,60,100,-60,,,,,,,,,,,0,-95,-99,-44.697901738326905,-38.534001584369385,-6.1639001539575204,-10.744636914342905,,,,,,,,,,,,,,60,100,-60,,,,,,,,,,
1668297600,16804,16943.5,16222,16330.5,23192.475,18850.84877916079,17708.921357863113,95510.435,0,-95,-99,-48.75346566597989,-44.337300427582726,-4.416165238397163,-12.536259451248462,,,,,,,,,,,,,,60,100,-60,,,,,,,,,,,0,-95,-99,-48.75346566597989,-44.337300427582726,-4.416165238397163,-12.536259451248462,,,,,,,,,,,,,,60,100,-60,,,,,,,,,,
1668384000,16330.5,17213,15802.5,16607.5,23076.84,18646.907981055265,17464.161056115754,276275.735,0,-95,-99,-50.044219371463896,-47.83186225859023,-2.2123571128736685,-10.48833303748627,,,,,,,,,,,,,,60,100,-60,,,,,,,,,,,0,-95,-99,-50.044219371463896,-47.83186225859023,-2.2123571128736685,-10.48833303748627,,,,,,,,,,,,,,60,100,-60,,,,,,,,,,
1668470400,16607.5,17160,16515.5,16878,22968.37,18486.098164595696,17333.903043645587,181155.602,0,-95,-99,-47.993898004820196,-48.930527680754665,0.9366296759344692,-9.873852651612488,,,,-48.930527680754665,,,,,,,,,,60,100,-60,,,,-108,-48.930527680754665,,,,,,0,-95,-99,-47.993898004820196,-48.930527680754665,0.9366296759344692,-9.873852651612488,,,,-48.930527680754665,,,,,,,,,,60,100,-60,,,,-108,-48.930527680754665,,,,,
1668556800,16878,17011,16367,16643,22863.5275,18318.543785996088,17180.36903394657,140983.363,0,-95,-99,-46.92689459414727,-48.321670656810454,1.3947760626631833,-12.568605608064045,,,,,,,,,,,,,,60,100,-60,,,,,,,,,,,0,-95,-99,-46.92689459414727,-48.321670656810454,1.3947760626631833,-12.568605608064045,,,,,,,,,,,,,,60,100,-60,,,,,,,,,,
1668643200,16643,16739.5,16400,16688.5,22754.7375,18170.35798726917,17071.064804180663,102872.23,0,-95,-99,-45.81585588998797,-46.912216162985146,1.096360272997174,-9.977732586898682,,,,,,,,,,,,,,60,100,-60,,,,,,,,,,,0,-95,-99,-45.81585588998797,-46.912216162985146,1.096360272997174,-9.977732586898682,,,,,,,,,,,,,,60,100,-60,,,,,,,,,,
1668729600,16688.5,16997,16541.5,16700,22645.5975,18036.68907933561,16988.605958807184,104046.598,0,-95,-99,-43.040399932186745,-45.26105013877399,2.220650206587244,-10.104710980196081,,,,,,,,,,,,,,60,100,-60,,,,,,,,,,,0,-95,-99,-43.040399932186745,-45.26105013877399,2.220650206587244,-10.104710980196081,,,,,,,,,,,,,,60,100,-60,,,,,,,,,,
1668816000,16700,16799,16551,16688,22540.37,17914.080981214192,16921.80463462781,43365.1,0,-95,-99,-41.04334997760672,-43.299868599927144,2.256518622320428,-8.419360040812885,,,,,,,,,,,,,,60,100,-60,,,,,,,,,,,0,-95,-99,-41.04334997760672,-43.299868599927144,2.256518622320428,-8.419360040812885,,,,,,,,,,,,,,60,100,-60,,,,,,,,,,
1668902400,16688,16739.5,16180,16273.5,22423.255,17764.937255649267,16777.73693804385,93939.768,0,-95,-99,-42.024739298874145,-42.03616306955587,0.01142377068172351,-9.727115657170676,,,,,,,,,,,,,,60,100,-60,,,,,,,,,,,0,-95,-99,-42.024739298874145,-42.03616306955587,0.01142377068172351,-9.727115657170676,,,,,,,,,,,,,,60,100,-60,,,,,,,,,,
1668988800,16273.5,16789,15440,15765.5,22319.4525,17583.170232408425,16552.79539625633,227818.724,0,-95,-99,-46.05601308197422,-43.041367452818356,-3.014645629155865,-12.688153248177665,,,,,,,,,,,,,,60,100,-60,,,,,-43.041367452818356,,,,,,0,-95,-99,-46.05601308197422,-43.041367452818356,-3.014645629155865,-12.688153248177665,,,,,,,,,,,,,,60,100,-60,,,,,-43.041367452818356,,,,,
1669075200,15765.5,16300,15620,16218.5,22220.5925,17459.109302189478,16478.50753042159,161518.212,0,-95,-99,-47.192245524911186,-45.09099930191985,-2.1012462229913353,-10.73035240434741,,,,,,,,,,,,,,60,100,-60,,,,,,,,,,,0,-95,-99,-47.192245524911186,-45.09099930191985,-2.1012462229913353,-10.73035240434741,,,,,,,,,,,,,,60,100,-60,,,,,,,,,,
1669161600,16218.5,16710.5,16154.5,16589,22126.2275,17380.00845653589,16503.061412550127,155912.474,0,-95,-99,-41.35318447785002,-44.86714769491181,3.513963217061786,-7.200113530120159,,,,-44.86714769491181,,,,,,,,,,60,100,-60,,,,-108,-44.86714769491181,,,-106,,,0,-95,-99,-41.35318447785002,-44.86714769491181,3.513963217061786,-7.200113530120159,,,,-44.86714769491181,,,,,,,,,,60,100,-60,,,,-108,-44.86714769491181,,,-106,,
1669248000,16589,16810,16450,16594.5,22039.0375,17308.598596850807,16523.381098650098,95732.129,0,-95,-99,-33.933447026074425,-40.82629234294521,6.892845316870783,-6.670333611805033,,,,,,,,,,,,,,60,100,-60,,,,,,,,,,,0,-95,-99,-33.933447026074425,-40.82629234294521,6.892845316870783,-6.670333611805033,,,,,,,,,,,,,,60,100,-60,,,,,,,,,,
1669334400,16594.5,16646,16339,16510.5,21971.2725,17236.04417895528,16520.51863228341,79584.532,0,-95,-99,-30.346275536386393,-35.210969013436944,4.864693477050551,-8.948435922574811,,,,,,,,,,,,,,60,100,-60,,,,,,,,,,,0,-95,-99,-30.346275536386393,-35.210969013436944,4.864693477050551,-8.948435922574811,,,,,,,,,,,,,,60,100,-60,,,,,,,,,,
1669420800,16510.5,16685,16376.5,16449,21898.4425,17164.494708141163,16504.625602887096,63440.9,0,-95,-99,-27.12986157288068,-30.469861378447163,3.3399998055664817,-9.222051770091799,,,,,,,,,,94.65626084096968,,,,60,100,-60,,,,,,,,,,,0,-95,-99,-27.12986157288068,-30.469861378447163,3.3399998055664817,-9.222051770091799,,,,,,,,,,94.65626084096968,,,,60,100,-60,,,,,,,,,,
1669507200,16449,16588.5,16401,16426,21835.235,17097.358825582876,16487.153246689963,45324.673,0,-95,-99,-25.35790232242624,-27.611346477231105,2.253444154804864,-10.156521127341424,,,,,,,,,,,,,,60,100,-60,,,,,,,,,,,0,-95,-99,-25.35790232242624,-27.611346477231105,2.253444154804864,-10.156521127341424,,,,,,,,,,,,,,60,100,-60,,,,,,,,,,
1669593600,16426,16477,15985,16206,21771.25,17016.326205075344,16424.674747425528,155591.767,0,-95,-99,-31.449250317108934,-27.97900473747195,-3.470245579636984,-11.808463033757393,,,,,,,,,,,,,,60,100,-60,,,,,-27.97900473747195,,,,,,0,-95,-99,-31.449250317108934,-27.97900473747195,-3.470245579636984,-11.808463033757393,,,,,,,,,,,,,,60,100,-60,,,,,-27.97900473747195,,,,,
1669680000,16206,16547,16096.5,16427,21707.0425,16962.75109552304,16425.191470219856,118283.979,0,-95,-99,-30.805647568644364,-29.20426673605985,-1.601380832584514,-10.169226181282752,,,,,,,,,,,83.31008584155816,,,60,100,-60,,,,,,,,,,,0,-95,-99,-30.805647568644364,-29.20426673605985,-1.601380832584514,-10.169226181282752,,,,,,,,,,,83.31008584155816,,,60,100,-60,,,,,,,,,,
1669766400,16427,17270,16418,17146.5,21642.42,16979.45554138458,16585.482254615443,179218.274,0,-95,-99,-10.145226209595226,-24.13337469844951,13.988148488854286,-7.229843886481957,,,,,,,,,,,,,,60,100,-60,,,,-108,-24.13337469844951,,,,,,0,-95,-99,-10.145226209595226,-24.13337469844951,13.988148488854286,-7.229843886481957,,,,,,,,,,,,,,60,100,-60,,,,-108,-24.13337469844951,,,,,
1669852800,17146.5,17390,16850,16972.5,21570.705,16978.82321944053,16671.486198034232,115491.538,0,-95,-99,6.294549227356594,-11.552108183627666,17.84665741098426,-6.780348936987007,,,,,,,,,,,,,,60,100,-60,,,,,,,,,,,0,-95,-99,6.294549227356594,-11.552108183627666,17.84665741098426,-6.780348936987007,,,,,,,,,,,,,,60,100,-60,,,,,,,,,,
1669939200,16972.5,17100,16769,17083.5,21506.8525,16988.33929040048,16763.044820693292,99441.59,0,-95,-99,14.921063837411259,3.690128951724209,11.23093488568705,-7.7644253763315,,,,,,,,,,94.43994916581528,,,,60,100,-60,,,,,,,,,,,0,-95,-99,14.921063837411259,3.690128951724209,11.23093488568705,-7.7644253763315,,,,,,,,,,94.43994916581528,,,,60,100,-60,,,,,,,,,,
1670025600,17083.5,17150,16855,16881,21439.135,16978.581173091345,16789.25708276145,55577.335,0,-95,-99,20.13337980394313,13.78299762290366,6.350382181039469,-11.31067678730251,,,,,,,,,,,,,,60,100,-60,,,,,,,,,,,0,-95,-99,20.13337980394313,13.78299762290366,6.350382181039469,-11.31067678730251,,,,,,,,,,,,,,60,100,-60,,,,,,,,,,
1670112000,16881,17195,16880.5,17096,21381.145,16989.255611901222,16857.42217548113,76561.758,0,-95,-99,26.207792439296007,20.420745360216795,5.787047079079212,-8.885888977671248,,,,,,,,,,,,,,60,100,-60,,,,,,,,,,,0,-95,-99,26.207792439296007,20.420745360216795,5.787047079079212,-8.885888977671248,,,,,,,,,,,,,,60,100,-60,,,,,,,,,,
1670198400,17096,17425.5,16867,16966,21314.425,16987.141465364748,16881.55058092977,139606.62,0,-95,-99,30.764986267822955,25.702052837020698,5.062933430802257,-8.655357037555365,,,,,,,,,,,,,,60,100,-60,,,,,,,,,,,0,-95,-99,30.764986267822955,25.702052837020698,5.062933430802257,-8.655357037555365,,,,,,,,,,,,,,60,100,-60,,,,,,,,,,
1670284800,16966,17116.5,16903.5,17081.5,21253.9075,16995.719513967953,16925.9837851676,80065.833,0,-95,-99,31.752091181836246,29.574956629651734,2.177134552184512,-5.862223234738465,,,29.574956629651734,,,,,,,93.79364291991735,,,,60,100,-60,,,,,,,,,,,0,-95,-99,31.752091181836246,29.574956629651734,2.177134552184512,-5.862223234738465,,,29.574956629651734,,,,,,,93.79364291991735,,,,60,100,-60,,,,,,,,,,
1670371200,17081.5,17135,16666.5,16823,21190.92,16980.017739970866,16903.0984995748,86069.542,0,-95,-99,25.37483765199544,29.29730503388488,-3.92246738188944,-6.60096499040223,,,,,,,,,,,,,,60,100,-60,108,,,,29.29730503388488,,,,,,0,-95,-99,25.37483765199544,29.29730503388488,-3.92246738188944,-6.60096499040223,,,,,,,,,,,,,,60,100,-60,108,,,,29.29730503388488,,,,,
1670457600,16823,17286,16702.5,17209.5,21125.62,17000.87976360988,16971.18772189151,112023.483,0,-95,-99,29.19745551821104,28.774794784014237,0.4226607341968034,-5.257509549099744,,,,,,,,,,,,,,60,100,-60,,,,,28.774794784014237,,,,,,0,-95,-99,29.19745551821104,28.774794784014237,0.4226607341968034,-5.257509549099744,,,,,,,,,,,,,,60,100,-60,,,,,28.774794784014237,,,,,
1670544000,17209.5,17348,17045,17116,21065.7425,17011.345239645343,17003.368228137842,77124.718,0,-95,-99,35.59366931539486,30.05532082853378,5.538348486861082,-4.5990891988680005,,,,,,,,,,,87.51521222521197,,,60,100,-60,,,,,,,,,,,0,-95,-99,35.59366931539486,30.05532082853378,5.538348486861082,-4.5990891988680005,,,,,,,,,,,87.51521222521197,,,60,100,-60,,,,,,,,,,
1670630400,17116,17219.5,17086,17121,21003.135,17021.31385422304,17029.50862188499,32090.751,0,-95,-99,37.987041901331416,34.25938891164577,3.7276529896856445,-4.076534671439051,,,,,,,,,,,,,,60,100,-60,,,,,,,,,,,0,-95,-99,37.987041901331416,34.25938891164577,3.7276529896856445,-4.076534671439051,,,,,,,,,,,,,,60,100,-60,,,,,,,,,,
1670716800,17121,17261.5,17060,17078,20940.815,17026.467140202763,17040.284483688327,37999.728,0,-95,-99,38.54690313347526,37.37587145006718,1.1710316834080814,-5.46884638038455,,,,,,,,,,,,,,60,100,-60,,,,,,,,,,,0,-95,-99,38.54690313347526,37.37587145006718,1.1710316834080814,-5.46884638038455,,,,,,,,,,,,,,60,100,-60,,,,,,,,,,
1670803200,17078,17234.5,16870,17194,20880.78,17041.69740018433,17074.443487313143,98693.27,0,-95,-99,36.45373922170805,37.662561418838244,-1.2088221971301962,-5.04883898753595,,,,,,,,,,,,,,60,100,-60,108,,108,,37.662561418838244,,,,,,0,-95,-99,36.45373922170805,37.662561418838244,-1.2088221971301962,-5.04883898753595,,,,,,,,,,,,,,60,100,-60,108,,108,,37.662561418838244,,,,,
1670889600,17194,18000,17060,17764.5,20826.5075,17107.4067274403,17227.789379021335,189951.139,0,-95,-99,54.312596677218025,43.10441301080044,11.208183666417582,-2.9808722517946427,,,,,,,,,,,,,,60,100,-60,,,,,43.10441301080044,,,,,,0,-95,-99,54.312596677218025,43.10441301080044,11.208183666417582,-2.9808722517946427,,,,,,,,,,,,,,60,100,-60,,,,,43.10441301080044,,,,,
1670976000,17764.5,18379,17514,17790,20770.3675,17169.460661309364,17352.72507257215,214192.682,0,-95,-99,67.94943549548383,52.905257131469966,15.04417836401386,-1.8413575056642948,,,,,,,,,,98.00793389146338,,,,60,100,-60,,,,,,,,,,,0,-95,-99,67.94943549548383,52.905257131469966,15.04417836401386,-1.8413575056642948,,,,,,,,,,98.00793389146338,,,,60,100,-60,,,,,,,,,,
1671062400,17790,17830.5,17262,17353.5,20709.875,17186.191510281238,17352.897278667228,126228.838,0,-95,-99,63.28179003037854,61.84794073436013,1.4338492960184084,-5.120279989130941,61.84794073436013,,61.84794073436013,,,,,,,,,,,60,100,-60,,,,,,,,,,,0,-95,-99,63.28179003037854,61.84794073436013,1.4338492960184084,-5.120279989130941,61.84794073436013,,61.84794073436013,,,,,,,,,,,60,100,-60,,,,,,,,,,
1671148800,17353.5,17530,16532.5,16634,20634.3875,17135.992282073854,17193.14232785229,198399.798,0,-95,-99,39.962411476566075,57.064545667476146,-17.10213419091007,-8.296508526089383,,,,,,,,,,,,,,60,100,-60,108,,,,57.064545667476146,,105,,,,0,-95,-99,39.962411476566075,57.064545667476146,-17.10213419091007,-8.296508526089383,,,,,,,,,,,,,,60,100,-60,108,,,,57.064545667476146,,105,,,
1671235200,16634,16792.5,16574.5,16770.5,20559.335,17102.76571097623,17099.22181055178,61679.368,0,-95,-99,19.063077960957735,40.769093155967454,-21.70601519500972,-5.837411911918507,,,,,,,,,,,,,,60,100,-60,,,,,,,,,,,0,-95,-99,19.063077960957735,40.769093155967454,-21.70601519500972,-5.837411911918507,,,,,,,,,,,,,,60,100,-60,,,,,,,,,,
1671321600,16770.5,16900,16656,16729.5,20494.0375,17068.832464523846,17017.06140820694,52565.046,0,-95,-99,5.713728842888369,21.579739426804068,-15.866010583915699,-4.505733315751341,,,,,,,,,,,,,,60,100,-60,,,,,,,,,,,0,-95,-99,5.713728842888369,21.579739426804068,-15.866010583915699,-4.505733315751341,,,,,,,,,,,,,,60,100,-60,,,,,,,,,,
1671408000,16729.5,16805,16203,16432.5,20423.95,17010.984058658043,16887.158873049844,106830.579,0,-95,-99,-9.537403774210889,5.079801009878418,-14.617204784089306,-5.32245535340361,,,,,,,,,,,9.301765992060199,,,60,100,-60,,,,,,,,,,,0,-95,-99,-9.537403774210889,5.079801009878418,-14.617204784089306,-5.32245535340361,,,,,,,,,,,9.301765992060199,,,60,100,-60,,,,,,,,,,
1671494400,16432.5,17054,16388,16890,20359.96,16999.985507870948,16887.790234594322,142816.376,0,-95,-99,-12.878309001629207,-5.567327977650563,-7.310981023978644,-4.050756496273098,,,,,,,,,,,,,,60,100,-60,,,,,,,,,,,0,-95,-99,-12.878309001629207,-5.567327977650563,-7.310981023978644,-4.050756496273098,,,,,,,,,,,,,,60,100,-60,,,,,,,,,,
1671580800,16890,16918.5,16710,16822,20294.785,16983.805007155406,16873.17018246225,66481.455,0,-95,-99,-14.123439474509938,-12.179717416783332,-1.9437220577266068,-5.529740581732003,,,,,,,,,,,,,,60,100,-60,,,,,,,,,,,0,-95,-99,-14.123439474509938,-12.179717416783332,-1.9437220577266068,-5.529740581732003,,,,,,,,,,,,,,60,100,-60,,,,,,,,,,
1671667200,16822,16890,16560.5,16832.5,20229.44,16970.050006504916,16864.132364137306,89747.342,0,-95,-99,-16.907048139340723,-14.636265538493289,-2.2707826008474346,-6.908243323802515,,,,,,,,,,,,,,60,100,-60,,,,,,,,,,,0,-95,-99,-16.907048139340723,-14.636265538493289,-2.2707826008474346,-6.908243323802515,,,,,,,,,,,,,,60,100,-60,,,,,,,,,,
1671753600,16832.5,16990,16705,16785,20156.5125,16953.227278640832,16846.547394329016,71752.974,0,-95,-99,-16.188790663453968,-15.739759425768208,-0.4490312376857606,-5.934105392768031,,,,,,,,,,,,,,60,100,-60,,,,,,,,,,,0,-95,-99,-16.188790663453968,-15.739759425768208,-0.4490312376857606,-5.934105392768031,,,,,,,,,,,,,,60,100,-60,,,,,,,,,,
1671840000,16785,16859,16785,16828.5,20085.1,16941.88843512803,16842.5368622559,18763.85,0,-95,-99,-15.642059332831023,-16.245966045208572,0.6039067123775492,-6.058220955419506,,,,,,,,,,,,,,60,100,-60,,,,,-16.245966045208572,,,,,,0,-95,-99,-15.642059332831023,-16.245966045208572,0.6039067123775492,-6.058220955419506,,,,,,,,,,,,,,60,100,-60,,,,,-16.245966045208572,,,,,
1671926400,16828.5,16853.5,16713.5,16825,20018.265,16931.262213752754,16838.639781754588,36886.58,0,-95,-99,-16.704107909271873,-16.178319301852287,-0.5257886074195852,-7.900163104179836,,,,,,,,,,,,,,60,100,-60,,,,,-16.178319301852287,,,,,,0,-95,-99,-16.704107909271873,-16.178319301852287,-0.5257886074195852,-7.900163104179836,,,,,,,,,,,,,,60,100,-60,,,,,-16.178319301852287,,,,,
1672012800,16825,16937.5,16783,16911,19952.32,16929.420194320686,16854.71983025357,38688.925,0,-95,-99,-11.577792522321321,-14.641319921474738,3.0635273991534167,-4.76704567944996,,,,,,,,,,36.282986307362954,,,,60,100,-60,,,,-108,-14.641319921474738,,,,,,0,-95,-99,-11.577792522321321,-14.641319921474738,3.0635273991534167,-4.76704567944996,,,,,,,,,,36.282986307362954,,,,60,100,-60,,,,-108,-14.641319921474738,,,,,
1672099200,16911,16961,16587,16709,19890.4625,16909.38199483699,16822.337645752777,75010.438,0,-95,-99,-17.36730960543298,-15.21640334567539,-2.1509062597575888,-7.091506607516201,,,,,,,,,,,,,,60,100,-60,,,,,-15.21640334567539,,,,,,0,-95,-99,-17.36730960543298,-15.21640334567539,-2.1509062597575888,-7.091506607516201,,,,,,,,,,,,,,60,100,-60,,,,,-15.21640334567539,,,,,
1672185600,16709,16778,16469.5,16546.5,19831.095,16876.39272257908,16761.04039114105,100333.293,0,-95,-99,-30.400503498353423,-19.78186854203591,-10.618634956317514,-9.364646514168342,,,,,,,,,,,,,,60,100,-60,,,,,,,,,,,0,-95,-99,-30.400503498353423,-19.78186854203591,-10.618634956317514,-9.364646514168342,,,,,,,,,,,,,,60,100,-60,,,,,,,,,,
1672272000,16546.5,16665,16490,16642,19781.4675,16855.08429325371,16734.586970887485,60469.75,0,-95,-99,-37.69686357386322,-28.48822555921654,-9.208638014646677,-6.920003657025486,,,,,,,,,,,29.547164929408876,,,60,100,-60,,,,,,,,,,,0,-95,-99,-37.69686357386322,-28.48822555921654,-9.208638014646677,-6.920003657025486,,,,,,,,,,,29.547164929408876,,,60,100,-60,,,,,,,,,,
1672358400,16642,16725,16353,16620.5,19752.1875,16833.758448412464,16709.234310690266,88014.6,0,-95,-99,-43.284122978301006,-37.127163350172545,-6.156959628128462,-6.51736175679633,,,,,,,,,,,,,,60,100,-60,,,,,,,,,,,0,-95,-99,-43.284122978301006,-37.127163350172545,-6.156959628128462,-6.51736175679633,,,,,,,,,,,,,,60,100,-60,,,,,,,,,,
1672444800,16620.5,16650.5,16480.5,16549.5,19724.2975,16807.916771284057,16673.73779720354,39283.915,0,-95,-99,-46.257409408422824,-42.412798653529016,-3.8446107548938073,-7.510940320297204,,,,,,,,,,,,,,60,100,-60,,,,,,,,,,,0,-95,-99,-46.257409408422824,-42.412798653529016,-3.8446107548938073,-7.510940320297204,,,,,,,,,,,,,,60,100,-60,,,,,,,,,,
1672531200,16549.5,16631,16511,16622.5,19694.54,16791.060701167324,16662.351620047197,24943.016,0,-95,-99,-45.600118492472866,-45.04721695973223,-0.5529015327406341,-4.874852749675734,,,,-45.04721695973223,,,,,,,,,,60,100,-60,,,,,,,,,,,0,-95,-99,-45.600118492472866,-45.04721695973223,-0.5529015327406341,-4.874852749675734,,,,-45.04721695973223,,,,,,,,,,60,100,-60,,,,,,,,,,
1672617600,16622.5,16799,16552,16668,19675.955,16779.873364697567,16663.606815592266,64844.907,0,-95,-99,-37.639167608518875,-43.16556516980486,5.526397561285982,-4.794245022760073,,,,,,,,,,,,,,60,100,-60,,,,,-43.16556516980486,,,,,,0,-95,-99,-37.639167608518875,-43.16556516980486,5.526397561285982,-4.794245022760073,,,,,,,,,,,,,,60,100,-60,,,,,-43.16556516980486,,,,,
1672704000,16668,16774,16605,16670,19657.0325,16769.88487699779,16665.02752323843,65314.938,0,-95,-99,-29.90593296512547,-37.71507302203907,7.809140056913602,-6.848923864086554,,,,,,,,,,,,,,60,100,-60,,,,,,,,,,,0,-95,-99,-29.90593296512547,-37.71507302203907,7.809140056913602,-6.848923864086554,,,,,,,,,,,,,,60,100,-60,,,,,,,,,,
1672790400,16670,16988,16652,16847.5,19646.4475,16776.940797270716,16705.57696251878,107056.584,0,-95,-99,-10.500051595893233,-26.01505072317919,15.514999127285957,-6.513935857689964,,,,,,,,,,,,,,60,100,-60,,,,,,,,,,,0,-95,-99,-10.500051595893233,-26.01505072317919,15.514999127285957,-6.513935857689964,,,,,,,,,,,,,,60,100,-60,,,,,,,,,,
1672876800,16847.5,16873.5,16747,16826,19627.74,16781.40072479156,16732.337637514607,49374.574,0,-95,-99,1.6360283006238454,-12.923318753464955,14.5593470540888,-4.885170731027134,,,,,,,,,,,,,,60,100,-60,,,,,,,,,,,0,-95,-99,1.6360283006238454,-12.923318753464955,14.5593470540888,-4.885170731027134,,,,,,,,,,,,,,60,100,-60,,,,,,,,,,
1672963200,16826,17031.5,16675,16940,19609.6,16795.818840719603,16778.48482917803,95139.388,0,-95,-99,14.775772844013725,1.9705831829147804,12.805189661098945,-2.9334019917408636,,,,,,,,,,,,,,60,100,-60,,,,,,,,,,,0,-95,-99,14.775772844013725,1.9705831829147804,12.805189661098945,-2.9334019917408636,,,,,,,,,,,,,,60,100,-60,,,,,,,,,,
1673049600,16940,16974,16904,16938,19590.7125,16808.744400654185,16813.932644916244,18890.73,0,-95,-99,26.547893591184945,14.319898245274173,12.227995345910772,-1.6841306664752203,,,,,,,,,,,,,,60,100,-60,,,,,,,,,,,0,-95,-99,26.547893591184945,14.319898245274173,12.227995345910772,-1.6841306664752203,,,,,,,,,,,,,,60,100,-60,,,,,,,,,,
1673136000,16938,17190,16907,17119.5,19576.41,16836.99490968562,16881.836501601523,48890.622,0,-95,-99,40.06906421371265,27.130910216303775,12.938153997408875,2.0407178037756406,,,,,,,,,,,,,,60,100,-60,,,,,,,,,,,0,-95,-99,40.06906421371265,27.130910216303775,12.938153997408875,2.0407178037756406,,,,,,,,,,,,,,60,100,-60,,,,,,,,,,
1673222400,17119.5,17385,17094,17173.5,19556.8025,16867.58628153238,16946.65061235674,108098.728,0,-95,-99,52.43378731032862,39.683581705075404,12.750205605253214,0.7976972906476942,,,,,,,,,,,,,,60,100,-60,,,,,,,,,,,0,-95,-99,52.43378731032862,39.683581705075404,12.750205605253214,0.7976972906476942,,,,,,,,,,,,,,60,100,-60,,,,,,,,,,
1673308800,17173.5,17480.5,17138.5,17430.5,19537.795,16918.76025593853,17054.17269849969,85649.811,0,-95,-99,61.97749593412588,51.493449152722384,10.4840467814035,3.6701183046789216,,,,,,,,,,,,,,60,100,-60,,,,,,,,,,,0,-95,-99,61.97749593412588,51.493449152722384,10.4840467814035,3.6701183046789216,,,,,,,,,,,,,,60,100,-60,,,,,,,,,,
1673395200,17430.5,18031,17309.5,17929,19520.06,17010.60023267139,17248.57876549976,111579.23,0,-95,-99,74.44072839940868,62.950670547954395,11.490057851454289,6.691785788768119,,,,,,,,,,,,,,60,100,-60,,,,,,,,,,,0,-95,-99,74.44072839940868,62.950670547954395,11.490057851454289,6.691785788768119,,,,,,,,,,,,,,60,100,-60,,,,,,,,,,
1673481600,17929,19133.5,17896,18820,19509,17175.091120610356,17597.78348427759,296184.86,0,-95,-99,89.18797516000556,75.20206649784672,13.985908662158849,10.132464929447258,,,,,,,,,,,,,,60,100,-60,,,,,,,,,,,0,-95,-99,89.18797516000556,75.20206649784672,13.985908662158849,10.132464929447258,,,,,,,,,,,,,,60,100,-60,,,,,,,,,,
1673568000,18820,20013.5,18692,19909,19504.8925,17423.62829146396,18111.387154438125,235525.164,0,-95,-99,99.95895503048574,87.8625528633,12.096402167185744,11.701663187525453,,,,,,,,,,,,,,60,100,-60,,,,,,,,,,,0,-95,-99,99.95895503048574,87.8625528633,12.096402167185744,11.701663187525453,,,,,,,,,,,,,,60,100,-60,,,,,,,,,,
1673654400,19909,21550,19869.5,20952.5,19508.2875,17744.434810421782,18742.745564562985,326866.984,0,-95,-99,107.92403798139847,99.02365605729659,8.900381924101879,12.204765560406184,,,,,,89.50433861278891,,,,,,,,60,100,-60,,,,,,,,,,,0,-95,-99,107.92403798139847,99.02365605729659,8.900381924101879,12.204765560406184,,,,,,89.50433861278891,,,,,,,,60,100,-60,,,,,,,,,,
1673740800,20952.5,21066,20555,20878,19512.155,18029.30437311071,19217.246550215656,118541.184,0,-95,-99,107.56013054213724,105.14770785134048,2.4124226907967596,12.75255123214957,,,,,,,,,,,,,,60,100,-60,,,,,,,,,,,0,-95,-99,107.56013054213724,105.14770785134048,2.4124226907967596,12.75255123214957,,,,,,,,,,,,,,60,100,-60,,,,,,,,,,
1673827200,20878,21488,20600,21179,19518.4225,18315.640339191556,19653.191761278842,207040.534,0,-95,-99,104.56571597441486,106.68329483265019,-2.1175788582353334,13.264909595667726,106.68329483265019,,106.68329483265019,,,,,,,,,,,60,100,-60,,,,,106.68329483265019,,105,,,,0,-95,-99,104.56571597441486,106.68329483265019,-2.1175788582353334,13.264909595667726,106.68329483265019,,106.68329483265019,,,,,,,,,,,60,100,-60,,,,,106.68329483265019,,105,,,
1673913600,21179,21626.5,20824.5,21118,19527.6575,18570.40030835596,19978.704703216878,161002.365,0,-95,-99,99.68655217211011,103.93746622955406,-4.25091405744395,13.011642516384596,,,,,,,,,,,,,,60,100,-60,,,,,,,,,,,0,-95,-99,99.68655217211011,103.93746622955406,-4.25091405744395,13.011642516384596,,,,,,,,,,,,,,60,100,-60,,,,,,,,,,
1674000000,21118,21673,20385,20674,19534.7975,18761.636643959962,20133.214769168684,274076.351,0,-95,-99,92.05808688847002,98.77011834499832,-6.712031456528308,12.270809016084055,,,,,,,,,,,,,,60,100,-60,,,,,,,,,,,0,-95,-99,92.05808688847002,98.77011834499832,-6.712031456528308,12.270809016084055,,,,,,,,,,,,,,60,100,-60,,,,,,,,,,
1674086400,20674,21173.5,20645,21058.5,19543.56,18970.442403599965,20338.83370935342,120207.752,0,-95,-99,84.89119750025483,92.21194552027832,-7.320748020023487,15.941735973945303,,,,,,,,,,,,,,60,100,-60,,,,,,,,,,,0,-95,-99,84.89119750025483,92.21194552027832,-7.320748020023487,15.941735973945303,,,,,,,,,,,,,,60,100,-60,,,,,,,,,,
1674172800,21058.5,22780,20853,22656.5,19555.74,19305.53854872724,20853.87066283044,224304.43,0,-95,-99,84.58884795277898,87.17937744716794,-2.59052949438896,18.956344807950618,,,,,,,,,,,82.3414892259133,,,60,100,-60,,,,,,,,,,,0,-95,-99,84.58884795277898,87.17937744716794,-2.59052949438896,18.956344807950618,,,,,,,,,,,82.3414892259133,,,60,100,-60,,,,,,,,,,
1674259200,22656.5,23381,22413,22781.5,19568.7975,19621.535044297492,21282.232737757007,228138.206,0,-95,-99,85.4600347384608,84.9800267304982,0.4800080079626099,17.613734209992426,,,,,,86.20147303754855,,,,,,,,60,100,-60,,,,,84.9800267304982,,,,,,0,-95,-99,85.4600347384608,84.9800267304982,0.4800080079626099,17.613734209992426,,,,,,86.20147303754855,,,,,,,,60,100,-60,,,,,84.9800267304982,,,,,
1674345600,22781.5,23083,22277,22703.5,19579.5325,19901.713676634085,21598.069907144338,138759.901,0,-95,-99,82.42858959081805,84.15915742735261,-1.7305678365345614,15.705881459934407,,,,,,,,,,,,,,60,100,-60,,,108,,84.15915742735261,,105,,,,0,-95,-99,82.42858959081805,84.15915742735261,-1.7305678365345614,15.705881459934407,,,,,,,,,,,,,,60,100,-60,,,108,,84.15915742735261,,105,,,
1674432000,22703.5,23187,22459.5,22908.5,19586.095,20175.05788784917,21889.276594445597,167008.427,0,-95,-99,79.04159260962331,82.31007231296739,-3.2684797033440844,16.37215436944185,,,,,,,,,,87.57237066975642,,,,60,100,-60,,,,,,,,,,,0,-95,-99,79.04159260962331,82.31007231296739,-3.2684797033440844,16.37215436944185,,,,,,,,,,87.57237066975642,,,,60,100,-60,,,,,,,,,,
1674518400,22908.5,23165.5,22451,22631,19591.3,20398.325352590153,22054.10401790213,149058.582,0,-95,-99,74.17518888040244,78.54845702694793,-4.373268146545485,16.08523474500345,,,,,,,,,,,,,,60,100,-60,,,,,,,,,,,0,-95,-99,74.17518888040244,78.54845702694793,-4.373268146545485,16.08523474500345,,,,,,,,,,,,,,60,100,-60,,,,,,,,,,
1674604800,22631,23875,22319,23056.5,19598.6425,20639.977593263775,22276.858680590543,217704.47,0,-95,-99,71.17411800757645,74.79696649920072,-3.622848491624268,17.2672579583294,,,,,,,,,,,,,,60,100,-60,,,,,,,,,,,0,-95,-99,71.17411800757645,74.79696649920072,-3.622848491624268,17.2672579583294,,,,,,,,,,,,,,60,100,-60,,,,,,,,,,
1674691200,23056.5,23289.5,22850.5,23005.5,19609.425,20855.02508478525,22438.778973792643,118456.82,0,-95,-99,67.2252200519978,70.85817564665889,-3.632955594661098,17.28349182317374,,,,,,,,,,,,,,60,100,-60,,,,,,,,,,,0,-95,-99,67.2252200519978,70.85817564665889,-3.632955594661098,17.28349182317374,,,,,,,,,,,,,,60,100,-60,,,,,,,,,,
1674777600,23005.5,23515.5,22523,23066,19624.9575,21056.02280435023,22578.161424060945,156010.669,0,-95,-99,62.943916746761616,67.11441826877862,-4.170501522017005,18.553770949138805,,,,,,,,,,,,,,60,100,-60,,,,,,,,,,,0,-95,-99,62.943916746761616,67.11441826877862,-4.170501522017005,18.553770949138805,,,,,,,,,,,,,,60,100,-60,,,,,,,,,,
1674864000,23066,23193,22874,23022,19643.45,21234.74800395475,22676.79221871407,44468.238,0,-95,-99,58.638085788305936,62.93574086235511,-4.297655074049175,16.982528268592283,,,,,,,,,,,,,,60,100,-60,,,,,,,,,,,0,-95,-99,58.638085788305936,62.93574086235511,-4.297655074049175,16.982528268592283,,,,,,,,,,,,,,60,100,-60,,,,,,,,,,
1674950400,23022,23966,22962,23737.5,19661.06,21462.270912686137,22912.50505899983,153694.093,0,-95,-99,58.96164555779935,60.18121603095563,-1.2195704731562813,16.652942854380587,,,,,,83.79435171466649,,,,,,,,60,100,-60,,,,,,,,,,,0,-95,-99,58.96164555779935,60.18121603095563,-1.2195704731562813,16.652942854380587,,,,,,83.79435171466649,,,,,,,,60,100,-60,,,,,,,,,,
1675036800,23737.5,23799.5,22480.5,22830.5,19672.2975,21586.655375169215,22894.281712555425,177328.745,0,-95,-99,52.942929572948444,56.84755363968457,-3.904624066736126,15.739393027070335,,,,,,,,,,,,,,60,100,-60,,,,,,,,,,,0,-95,-99,52.942929572948444,56.84755363968457,-3.904624066736126,15.739393027070335,,,,,,,,,,,,,,60,100,-60,,,,,,,,,,
1675123200,22830.5,23375,22723,23130,19683.835,21726.959431972013,22946.663554209776,117969.48,0,-95,-99,48.15658522994151,53.35372012022975,-5.19713489028824,16.04941401756206,,,,,,,,,,,,,,60,100,-60,,,,,,,,,,,0,-95,-99,48.15658522994151,53.35372012022975,-5.19713489028824,16.04941401756206,,,,,,,,,,,,,,60,100,-60,,,,,,,,,,
1675209600,23130,23866,22755,23729.5,19696.53,21909.008574520012,23120.627208829825,167442.623,0,-95,-99,48.69534525903253,49.93162002064082,-1.2362747616082927,19.114525613467414,,,,,,74.0167908488109,,,,,,,,60,100,-60,,,,,,,,,,,0,-95,-99,48.69534525903253,49.93162002064082,-1.2362747616082927,19.114525613467414,,,,,,74.0167908488109,,,,,,,,60,100,-60,,,,,,,,,,
1675296000,23729.5,24280,23360,23495.5,19710.0125,22053.235067745467,23203.93227353431,183609.406,0,-95,-99,51.19820817314493,49.35004622070631,1.8481619524386161,16.769594045070374,,,,,,,,,,,,,,60,100,-60,,,,,49.35004622070631,,,,,,0,-95,-99,51.19820817314493,49.35004622070631,1.8481619524386161,16.769594045070374,,,,,,,,,,,,,,60,100,-60,,,,,49.35004622070631,,,,,
1675382400,23495.5,23723,23203,23433.5,19715.065,22178.713697950425,23254.94732386002,118629.253,0,-95,-99,48.33049005272537,49.408014494967595,-1.077524442242229,17.053432968009567,,,,,,,,,,,,,,60,100,-60,,,108,,49.408014494967595,,,,,,0,-95,-99,48.33049005272537,49.408014494967595,-1.077524442242229,17.053432968009567,,,,,,,,,,,,,,60,100,-60,,,108,,49.408014494967595,,,,,
1675468800,23433.5,23587.5,23260.5,23323.5,19714.755,22282.78517995493,23270.181251891125,47655.117,0,-95,-99,44.4283376000781,47.98567860864946,-3.557341008571356,14.85682057192049,,,,,,,,,,,,,,60,100,-60,,,,,,,,,,,0,-95,-99,44.4283376000781,47.98567860864946,-3.557341008571356,14.85682057192049,,,,,,,,,,,,,,60,100,-60,,,,,,,,,,
1675555200,23323.5,23434.5,22760,22934,19713.325,22341.986527231755,23195.47430702643,96929.849,0,-95,-99,33.6202591386508,42.12636226381808,-8.506103125167279,14.792560948008393,,,,,,,,,,,,,,60,100,-60,,,,,,,,,,,0,-95,-99,33.6202591386508,42.12636226381808,-8.506103125167279,14.792560948008393,,,,,,,,,,,,,,60,100,-60,,,,,,,,,,
1675641600,22934,23165,22612.5,22763.5,19711.425,22380.30593384705,23099.48001657611,102631.632,0,-95,-99,20.744345750284637,32.93098082967117,-12.186635079386534,12.365112294036228,,,,,,,,,,,1.0034294295693431,,,60,100,-60,,,,,,,,,,,0,-95,-99,20.744345750284637,32.93098082967117,-12.186635079386534,12.365112294036228,,,,,,,,,,,1.0034294295693431,,,60,100,-60,,,,,,,,,,
1675728000,22763.5,23363,22749.5,23244.5,19714.265,22458.869030770045,23131.706679559196,123637.716,0,-95,-99,17.363203049895898,23.909269312943767,-6.546066263047869,15.09662963892475,,,,,,64.09939734562303,,,,,,,,60,100,-60,,,,,,,,,,,0,-95,-99,17.363203049895898,23.909269312943767,-6.546066263047869,15.09662963892475,,,,,,64.09939734562303,,,,,,,,60,100,-60,,,,,,,,,,
1675814400,23244.5,23462.5,22669,22959,19716.8875,22504.33548251822,23093.32741743493,103272.766,0,-95,-99,11.63957871048818,16.582375836889558,-4.942797126401377,14.103500775901448,,,,,,,,,,,,,,60,100,-60,,,,,,,,,,,0,-95,-99,11.63957871048818,16.582375836889558,-4.942797126401377,14.103500775901448,,,,,,,,,,,,,,60,100,-60,,,,,,,,,,
1675900800,22959,23011,21698,21802,19713.03,22440.48680228929,22806.36576911606,205064.908,0,-95,-99,-11.919541395938886,5.694413454815051,-17.613954850753938,12.43402923817696,,,,,,,,,,5.723321925385666,,,,60,100,-60,,,,,,,,,,,0,-95,-99,-11.919541395938886,5.694413454815051,-17.613954850753938,12.43402923817696,,,,,,,,,,5.723321925385666,,,,60,100,-60,,,,,,,,,,
1675987200,21802,21939.5,21431.1,21624.2,19714.646,22366.278911172085,22543.662264868046,126276.354,0,-95,-99,-31.399326662958458,-10.5597631161364,-20.839563546822056,10.76410724724061,,,,,,,,,,,,,,60,100,-60,,,,,,,,,,,0,-95,-99,-31.399326662958458,-10.5597631161364,-20.839563546822056,10.76410724724061,,,,,,,,,,,,,,60,100,-60,,,,,,,,,,
1676073600,21624.2,21890,21602.5,21847.1,19717.7215,22319.080828338258,22388.870650452925,52099.136,0,-95,-99,-40.36343643576734,-27.894101498221573,-12.469334937545767,11.185080882763256,,,,,,,,,,,,,,60,100,-60,,,,,,,,,,,0,-95,-99,-40.36343643576734,-27.894101498221573,-12.469334937545767,11.185080882763256,,,,,,,,,,,,,,60,100,-60,,,,,,,,,,
1676160000,21847.1,22079,21625.3,21776.9,19711.916,22269.791662125688,22252.8771725745,78110.435,0,-95,-99,-44.44698432848182,-38.73658247573588,-5.710401852745939,10.724561976557265,,,,,,,,,,,,,,60,100,-60,,,,,,,,,,,0,-95,-99,-44.44698432848182,-38.73658247573588,-5.710401852745939,10.724561976557265,,,,,,,,,,,,,,60,100,-60,,,,,,,,,,
1676246400,21776.9,21887,21327.5,21768,19701.561,22224.17423829608,22145.126689780165,129526.994,0,-95,-99,-48.30725112616252,-44.372557296803905,-3.934693829358615,12.6043193928331,,,,,,,,,,,,,,60,100,-60,,,,,,,,,,,0,-95,-99,-48.30725112616252,-44.372557296803905,-3.934693829358615,12.6043193928331,,,,,,,,,,,,,,60,100,-60,,,,,,,,,,
1676332800,21768,22310.7,21514.2,22184.1,19693.659,22220.531125723708,22153.787425384573,178668.135,0,-95,-99,-44.6986877364575,-45.81764106370063,1.1189533272431262,15.7136039035449,,,,-45.81764106370063,,,,,,,,,,60,100,-60,,-108,,-108,-45.81764106370063,,,,,,0,-95,-99,-44.6986877364575,-45.81764106370063,1.1189533272431262,15.7136039035449,,,,-45.81764106370063,,,,,,,,,,60,100,-60,,-108,,-108,-45.81764106370063,,,,,
1676419200,22184.1,24428.9,22032,24330.3,19697.163,22412.32829611246,22637.456886410222,250860.078,0,-95,-99,-18.282333323802728,-37.09609072880759,18.81375740500486,16.386753348106513,,,,,,68.26268527624826,,,,,,,,60,100,-60,,,,,,,,,,,0,-95,-99,-18.282333323802728,-37.09609072880759,18.81375740500486,16.386753348106513,,,,,,68.26268527624826,,,,,,,,60,100,-60,,,,,,,,,,
1676505600,24330.3,25296.1,23505,23515.5,19698.288,22512.61663282951,22832.577578319062,286770.916,0,-95,-99,2.7558428703999738,-20.07505939662009,22.830902267020065,15.669545381759246,,,,,,,,,,,,,,60,100,-60,,,,,,,,,,,0,-95,-99,2.7558428703999738,-20.07505939662009,22.830902267020065,15.669545381759246,,,,,,,,,,,,,,60,100,-60,,,,,,,,,,
1676592000,23515.5,25043.9,23340,24578,19704.928,22700.378757117738,23220.449227581492,285178.286,0,-95,-99,17.332531802182977,0.602013782926735,16.73051801925624,18.46185773183204,,,,,,,,,,,,,,60,100,-60,,,,,,,,,,,0,-95,-99,17.332531802182977,0.602013782926735,16.73051801925624,18.46185773183204,,,,,,,,,,,,,,60,100,-60,,,,,,,,,,
1676678400,24578,24886.6,24427.4,24637.9,19713.2575,22876.517051925217,23535.438288118938,80547.124,0,-95,-99,28.550849731180733,16.21307480125456,12.337774929926173,17.070626016667408,,,,,,66.10697285492965,,,,,,,,60,100,-60,,,,,,,,,,,0,-95,-99,28.550849731180733,16.21307480125456,12.337774929926173,17.070626016667408,,,,,,66.10697285492965,,,,,,,,60,100,-60,,,,,,,,,,
1676764800,24637.9,25197.5,24168.8,24266.9,19720.527,23002.915501750198,23697.98533520362,157719.502,0,-95,-99,34.337236648750384,26.740206060704693,7.5970305880456905,16.98435033030486,,,,,,,,,,,,,,60,100,-60,,,,,,,,,,,0,-95,-99,34.337236648750384,26.740206060704693,7.5970305880456905,16.98435033030486,,,,,,,,,,,,,,60,100,-60,,,,,,,,,,
1676851200,24266.9,25149.6,23816.7,24853.5,19731.782,23171.150456136544,23954.766371825037,182022.465,0,-95,-99,38.02632418563284,33.63813685518798,4.3881873304448575,18.004916745042156,,,,,,,,,,83.21303987844135,,,,60,100,-60,,,,,,,,,,,0,-95,-99,38.02632418563284,33.63813685518798,4.3881873304448575,18.004916745042156,,,,,,,,,,83.21303987844135,,,,60,100,-60,,,,,,,,,,
1676937600,24853.5,25295,24152,24455.5,19737.569499999998,23287.909505578675,24066.040511419473,207542.391,0,-95,-99,40.04098676302047,37.46818253246789,2.5728042305525776,17.551067226232007,,,,,,,,,,,,,,60,100,-60,,,,,,,,,,,0,-95,-99,40.04098676302047,37.46818253246789,2.5728042305525776,17.551067226232007,,,,,,,,,,,,,,60,100,-60,,,,,,,,,,
1677024000,24455.5,24476,23570.3,24180.2,19743.7205,23369.02682325334,24091.40928665959,205335.381,0,-95,-99,34.90829896103358,37.658536636562296,-2.750237675528716,15.321563169343058,,,37.658536636562296,,,,,,,,,,,60,100,-60,,,,,37.658536636562296,,,,106,,0,-95,-99,34.90829896103358,37.658536636562296,-2.750237675528716,15.321563169343058,,,37.658536636562296,,,,,,,,,,,60,100,-60,,,,,37.658536636562296,,,,106,
1677110400,24180.2,24602.9,23590.5,23936.4,19747.5675,23420.606202957584,24056.962778513014,205216.569,0,-95,-99,30.077753045149173,35.009012923067736,-4.9312598779185635,14.782028400476996,,,,,,,,,,,,,,60,100,-60,,,,,,,,,,,0,-95,-99,30.077753045149173,35.009012923067736,-4.9312598779185635,14.782028400476996,,,,,,,,,,,,,,60,100,-60,,,,,,,,,,
1677196800,23936.4,24130,22800,23185.1,19744.4455,23399.19654814326,23863.21549439901,197117.907,0,-95,-99,15.808577792911732,26.931543266364827,-11.122965473453094,11.978224594846411,,,,,,,,,,,,,,60,100,-60,,,,,,,,,,,0,-95,-99,15.808577792911732,26.931543266364827,-11.122965473453094,11.978224594846411,,,,,,,,,,,,,,60,100,-60,,,,,,,,,,
1677283200,23185.1,23212.8,22712.3,23154.8,19744.5245,23376.978680130236,23705.78982897701,81103.536,0,-95,-99,1.113991709471014,15.666774182510638,-14.552782473039624,13.17714332317691,,,,,,,,,,,,,,60,100,-60,,,,,,,,,,,0,-95,-99,1.113991709471014,15.666774182510638,-14.552782473039624,13.17714332317691,,,,,,,,,,,,,,60,100,-60,,,,,,,,,,
1677369600,23154.8,23685.7,23060.1,23548.3,19742.566000000003,23392.553345572942,23670.79208920434,104193.601,0,-95,-99,-3.646364346638551,4.4254017185814,-8.07176606521995,16.066489486030736,,,,,,,,,,,,,,60,100,-60,,,,,,,,,,,0,-95,-99,-3.646364346638551,4.4254017185814,-8.07176606521995,16.066489486030736,,,,,,,,,,,,,,60,100,-60,,,,,,,,,,
1677456000,23548.3,23889,23083.8,23484.1,19740.3515,23400.875768702674,23629.30495827004,158482.927,0,-95,-99,-6.350200615526186,-2.9608577508979064,-3.3893428646282793,14.502874412579597,,,,,,,,,,,,,,60,100,-60,,,,,,,,,,,0,-95,-99,-6.350200615526186,-2.9608577508979064,-3.3893428646282793,14.502874412579597,,,,,,,,,,,,,,60,100,-60,,,,,,,,,,
1677542400,23484.1,23592.9,23010,23129.9,19734.108500000002,23376.24160791152,23518.326078654478,120864.711,0,-95,-99,-13.031367177805947,-7.6759773799902264,-5.355389797815721,13.128235164437678,,,,,,,,,,,,,,60,100,-60,,,,,,,,,,,0,-95,-99,-13.031367177805947,-7.6759773799902264,-5.355389797815721,13.128235164437678,,,,,,,,,,,,,,60,100,-60,,,,,,,,,,
1677628800,23129.9,24028.4,23015,23630,19730.1585,23399.31055264684,23543.142505620148,174329.331,0,-95,-99,-10.760814072332318,-10.047460621888149,-0.7133534504441688,15.406070987932257,,,,,,,,,,,,,,60,100,-60,,,,,,,,,,,0,-95,-99,-10.760814072332318,-10.047460621888149,-0.7133534504441688,15.406070987932257,,,,,,,,,,,,,,60,100,-60,,,,,,,,,,
1677715200,23630,23788.2,23186.4,23462.5,19726.018500000002,23405.055047860762,23525.22194881567,108167.574,0,-95,-99,-11.224112730553617,-11.672097993563959,0.4479852630103416,13.189408475469643,,,,,,,,,,,,,,60,100,-60,,,,-108,-11.672097993563959,,,,,,0,-95,-99,-11.224112730553617,-11.672097993563959,0.4479852630103416,13.189408475469643,,,,,,,,,,,,,,60,100,-60,,,,-108,-11.672097993563959,,,,,
1677801600,23462.5,23469.9,21905,22345.8,19717.345,23308.759134418873,23263.128182412187,190990.043,0,-95,-99,-30.72655818808832,-17.570494996991417,-13.156063191096901,10.944902352663748,,,,,,,,,,,,,,60,100,-60,,,,,-17.570494996991417,,,,,,0,-95,-99,-30.72655818808832,-17.570494996991417,-13.156063191096901,10.944902352663748,,,,,,,,,,,,,,60,100,-60,,,,,-17.570494996991417,,,,,
1677888000,22345.8,22394.8,22152,22336.6,19709.833,23220.381031289886,23057.233030765034,45459.139,0,-95,-99,-44.49540685375707,-28.815359257466337,-15.68004759629073,10.82058838251274,,,,,,,,,,,,,,60,100,-60,,,,,,,,,,,0,-95,-99,-44.49540685375707,-28.815359257466337,-15.68004759629073,10.82058838251274,,,,,,,,,,,,,,60,100,-60,,,,,,,,,,
1677974400,22336.6,22672.9,22173,22419,19705.293,23147.528210263532,22915.403468372802,72836.932,0,-95,-99,-49.66523744815234,-41.629067496665904,-8.036169951486436,9.911986275186518,,,,,,,,,,,,,,60,100,-60,,,,,,,,,,,0,-95,-99,-49.66523744815234,-41.629067496665904,-8.036169951486436,9.911986275186518,,,,,,,,,,,,,,60,100,-60,,,,,,,,,,
1678060800,22419,22594.7,22234.4,22398.5,19701.3455,23079.434736603213,22800.536030956624,75489.874,0,-95,-99,-51.93046994530549,-48.697038082404966,-3.233431862900524,10.194644885325852,,,,,,,,,,,,,,60,100,-60,,,,,,,,,,,0,-95,-99,-51.93046994530549,-48.697038082404966,-3.233431862900524,10.194644885325852,,,,,,,,,,,,,,60,100,-60,,,,,,,,,,
1678147200,22398.5,22541.2,21919,22188.9,19708.195,22998.47703327565,22664.616912966263,153476.577,0,-95,-99,-54.94540299101126,-52.18037012815636,-2.765032862854895,8.55303296039586,,,,,,,,,,,,,,60,100,-60,,,,,,,,,,,0,-95,-99,-54.94540299101126,-52.18037012815636,-2.765032862854895,8.55303296039586,,,,,,,,,,,,,,60,100,-60,,,,,,,,,,
1678233600,22188.9,22280,21559,21702,19711.085,22880.615484796046,22450.702043418205,159996.985,0,-95,-99,-60.20789332338294,-55.694588753233226,-4.513304570149714,6.936181365388922,,,,,,,,,,,,,,60,100,-60,,,,,,,,,,,0,-95,-99,-60.20789332338294,-55.694588753233226,-4.513304570149714,6.936181365388922,,,,,,,,,,,,,,60,100,-60,,,,,,,,,,
1678320000,21702,21837.5,20016,20355.6,19705.3355,22651.06862254186,21985.12381154749,292958.451,0,-95,-99,-71.73641775895679,-62.296571357783655,-9.439846401173135,3.4848969426759178,,,,,,,,,,,,,,60,100,-60,,,,,,,,,,,0,-95,-99,-71.73641775895679,-62.296571357783655,-9.439846401173135,3.4848969426759178,,,,,,,,,,,,,,60,100,-60,,,,,,,,,,
1678406400,20355.6,20358.1,19535,20141.4,19699.13,22422.91692958351,21575.407408981384,359581.663,0,-95,-99,-80.0596415051841,-70.66798419584127,-9.391657309342833,2.370390181086912,,,,,,,28.289210952819417,,,,0.20502243876701193,,,60,100,-60,,,,,,,,,,,0,-95,-99,-80.0596415051841,-70.66798419584127,-9.391657309342833,2.370390181086912,,,,,,,28.289210952819417,,,,0.20502243876701193,,,60,100,-60,,,,,,,,,,
1678492800,20141.4,20671.2,19760,20450.1,19693.798,22243.569935985008,21325.33909587441,189705.16,0,-95,-99,-80.07448743365424,-77.29018223259838,-2.784305201055858,1.3386952630044564,,-77.29018223259838,,-77.29018223259838,,,,,,,,,,60,100,-60,,,,,,,,-106,,-106,0,-95,-99,-80.07448743365424,-77.29018223259838,-2.784305201055858,1.3386952630044564,,-77.29018223259838,,-77.29018223259838,,,,,,,,,,60,100,-60,,,,,,,,-106,,-106
1678579200,20450.1,22139,20260.9,21978.9,19696.9275,22219.509032713642,21470.574852346763,244700.456,0,-95,-99,-67.8380739360955,-75.99073429164461,8.152660355549116,1.6464264438254679,,,,,,,,,,,,,,60,100,-60,,-108,,-108,-75.99073429164461,-107,,,,,0,-95,-99,-67.8380739360955,-75.99073429164461,8.152660355549116,1.6464264438254679,,,,,,,,,,,,,,60,100,-60,,-108,,-108,-75.99073429164461,-107,,,,
1678665600,21978.9,24560,21804,24112.2,19709.741,22391.571847921492,22057.60266293637,414361.488,0,-95,-99,-39.90083980407118,-62.604467057940305,22.703627253869122,1.7815679532594304,,,,,,,,,,,,,,60,100,-60,,,,,,,,,,,0,-95,-99,-39.90083980407118,-62.604467057940305,22.703627253869122,1.7815679532594304,,,,,,,,,,,,,,60,100,-60,,,,,,,,,,
1678752000,24112.2,26500,23966,24684.7,19732.012,22600.038043564993,22641.40207117273,476325.135,0,-95,-99,-13.200691036109252,-40.31320159209197,27.11251055598272,0.2862275117542521,,,,,,,,,,,,,,60,100,-60,,,,,,,,,,,0,-95,-99,-13.200691036109252,-40.31320159209197,27.11251055598272,0.2862275117542521,,,,,,,,,,,,,,60,100,-60,,,,,,,,,,
1678838400,24684.7,25211,23868.1,24284.9,19753.299,22753.20731233181,23006.62383313435,306935.436,0,-95,-99,0.8775339944102374,-17.407998948590055,18.28553294300029,-2.010422612565372,,,,,,,,,,,,,,60,100,-60,,,,,,,,,,,0,-95,-99,0.8775339944102374,-17.407998948590055,18.28553294300029,-2.010422612565372,,,,,,,,,,,,,,60,100,-60,,,,,,,,,,
1678924800,24284.9,25175,24123.2,24989.2,19780.505,22956.479374847102,23447.19631466005,201971.596,0,-95,-99,12.002065428685475,-0.10703053767116504,12.109095966356639,0.02809378407682095,,,,,,,,,,,,,,60,100,-60,,,,,,,,,,,0,-95,-99,12.002065428685475,-0.10703053767116504,12.109095966356639,0.02809378407682095,,,,,,,,,,,,,,60,100,-60,,,,,,,,,,
1679011200,24989.2,27766,24878.6,27382.2,19816.0285,23358.817613497366,24321.641578068928,407579.872,0,-95,-99,27.2712438818446,13.38361443498012,13.887629446864482,1.2526171012916594,,,,,,72.04290763144328,,,,,,,,60,100,-60,,,,,,,,,,,0,-95,-99,27.2712438818446,13.38361443498012,13.887629446864482,1.2526171012916594,,,,,,72.04290763144328,,,,,,,,60,100,-60,,,,,,,,,,
1679097600,27382.2,27720,26555,26898.2,19851.502,23680.579648633968,24894.210116275834,198268.054,0,-95,-99,37.211972280836875,25.49509386378898,11.716878417047894,0.404140117784761,,,,,,,,,,,,,,60,100,-60,,,,,,,,,,,0,-95,-99,37.211972280836875,25.49509386378898,11.716878417047894,0.404140117784761,,,,,,,,,,,,,,60,100,-60,,,,,,,,,,
1679184000,26898.2,28417.1,26816.2,27962.1,19891.06,24069.808771485426,25575.963423770092,215409.683,0,-95,-99,44.79412101879665,36.42577906049271,8.368341958303944,2.927350567341663,,,,,,,,,,,,,,60,100,-60,,,,,,,,,,,0,-95,-99,44.79412101879665,36.42577906049271,8.368341958303944,2.927350567341663,,,,,,,,,,,,,,60,100,-60,,,,,,,,,,
1679270400,27962.1,28480,27123,27703.6,19928.9555,24400.153428623114,26048.77155182118,251285.843,0,-95,-99,48.5908229636374,43.53230542109031,5.058517542547094,0.6322893583890306,,,,,,,,,,,,,,60,100,-60,,,,,,,,,,,0,-95,-99,48.5908229636374,43.53230542109031,5.058517542547094,0.6322893583890306,,,,,,,,,,,,,,60,100,-60,,,,,,,,,,
1679356800,27703.6,28471,27292.2,28090,19969.703,24735.59402602101,26502.377873638696,189724.09,0,-95,-99,50.600175526983534,47.99503983647253,2.6051356905110055,-0.6214039386389474,,,,,,,,,,97.73609322817983,,,,60,100,-60,,,,,,,,,,,0,-95,-99,50.600175526983534,47.99503983647253,2.6051356905110055,-0.6214039386389474,,,,,,,,,,97.73609322817983,,,,60,100,-60,,,,,,,,,,
1679443200,28090,28897,26583.4,27233.8,20006.7645,24962.703660019102,26664.916123941206,319885.014,0,-95,-99,49.33568920600183,49.50889589887425,-0.1732066928724194,-1.869416052421054,,,,,,,,,,,,,,60,100,-60,108,,,,49.50889589887425,,,,,,0,-95,-99,49.33568920600183,49.50889589887425,-0.1732066928724194,-1.869416052421054,,,,,,,,,,,,,,60,100,-60,108,,,,49.50889589887425,,,,,
1679529600,27233.8,28780,27103.5,28278,20048.221999999998,25264.094236381003,27023.379207509828,238795.344,0,-95,-99,49.627743364734535,49.8545360325733,-0.22679266783876528,-0.07036753544540408,49.8545360325733,,49.8545360325733,,,,,,,,,,,60,100,-60,,,,,,,,,106,,0,-95,-99,49.627743364734535,49.8545360325733,-0.22679266783876528,-0.07036753544540408,49.8545360325733,,49.8545360325733,,,,,,,,,,,60,100,-60,,,,,,,,,106,
1679616000,28278,28353.2,26956,27437.2,20086.508,25461.64930580091,27115.339383618757,198482.434,0,-95,-99,46.5424541809357,48.50196225055735,-1.9595080696216485,-2.2792723357185047,,,,,,,,,,,,,,60,100,-60,,,,,,,,,,,0,-95,-99,46.5424541809357,48.50196225055735,-1.9595080696216485,-2.2792723357185047,,,,,,,,,,,,,,60,100,-60,,,,,,,,,,
1679702400,27437.2,27787.5,27132,27444.9,20129.82,25641.944823455375,27188.57507614792,98602.968,0,-95,-99,42.79935591106658,46.323184485578935,-3.5238285745123576,-1.2789467278326,,,,,,,,,,,,,,60,100,-60,,,,,,,,,,,0,-95,-99,42.79935591106658,46.323184485578935,-3.5238285745123576,-1.2789467278326,,,,,,,,,,,,,,60,100,-60,,,,,,,,,,
1679788800,27444.9,28196.7,27402.4,27951.6,20173.143,25851.91347586852,27358.13617033727,107214.999,0,-95,-99,42.09088192523079,43.81089733907769,-1.7200154138469017,-0.36779023347224404,,,,,,64.87833408881075,,,,,,,,60,100,-60,,,,,,,,,,,0,-95,-99,42.09088192523079,43.81089733907769,-1.7200154138469017,-0.36779023347224404,,,,,,64.87833408881075,,,,,,,,60,100,-60,,,,,,,,,,
1679875200,27951.6,28010,26474.3,27108.3,20212.162,25966.130432607748,27302.617021373433,184006.017,0,-95,-99,35.61049268132292,40.16691017254009,-4.556417491217175,-1.4501841556194435,,,,,,,,,,,,,,60,100,-60,,,,,,,,,,,0,-95,-99,35.61049268132292,40.16691017254009,-4.556417491217175,-1.4501841556194435,,,,,,,,,,,,,,60,100,-60,,,,,,,,,,
1679961600,27108.3,27497,26611,27243.5,20241.627,26082.254938734317,27289.47990551267,165746.782,0,-95,-99,29.237893543956503,35.64642271683673,-6.408529172880229,-1.2210872607362582,,,,,,,,,,,,,,60,100,-60,,,,,,,,,,,0,-95,-99,29.237893543956503,35.64642271683673,-6.408529172880229,-1.2210872607362582,,,,,,,,,,,,,,60,100,-60,,,,,,,,,,
1680048000,27243.5,28644.5,27220,28330,20275.1145,26286.59539884938,27520.70659317652,194113.38,0,-95,-99,34.60406598639338,33.15081740389093,1.4532485825024466,1.0305497322800412,,,,,,64.38619536594979,,,,,19.4913096585762,,,60,100,-60,,,,,33.15081740389093,,,,,,0,-95,-99,34.60406598639338,33.15081740389093,1.4532485825024466,1.0305497322800412,,,,,,64.38619536594979,,,,,19.4913096585762,,,60,100,-60,,,,,33.15081740389093,,,,,
1680134400,28330,29197.2,27650,28008.1,20306.105,26443.0958171358,27629.016239137294,235499.793,0,-95,-99,39.61314268360697,34.48503407131895,5.128108612288024,-1.2712069174395944,,,,,,,,,,,,,,60,100,-60,,,,,,,,,,,0,-95,-99,39.61314268360697,34.48503407131895,5.128108612288024,-1.2712069174395944,,,,,,,,,,,,,,60,100,-60,,,,,,,,,,
1680220800,28008.1,28675.1,27486.6,28452.1,20336.423,26625.732561032546,27811.92374155123,178252.438,0,-95,-99,41.327144302282335,38.51478432409423,2.8123599781881055,1.3818488230198174,,,,,,,,,,,,,,60,100,-60,,,,,,,,,,,0,-95,-99,41.327144302282335,38.51478432409423,2.8123599781881055,1.3818488230198174,,,,,,,,,,,,,,60,100,-60,,,,,,,,,,
1680307200,28452.1,28838.6,28182.5,28435.1,20377.7785,26790.220510029587,27950.407354539846,75890.103,0,-95,-99,44.66441521909817,41.86823406832915,2.7961811507690157,0.16868254160042628,,,,,,,,,,,,,,60,100,-60,,,,,,,,,,,0,-95,-99,44.66441521909817,41.86823406832915,2.7961811507690157,0.16868254160042628,,,,,,,,,,,,,,60,100,-60,,,,,,,,,,
1680393600,28435.1,28525,27822.8,28155.9,20417.458,26914.37319093599,27996.072386864325,95661.658,0,-95,-99,42.30044955153831,42.76400302430627,-0.46355347276796266,-2.17434615745289,,,42.76400302430627,,,,,,,33.85674789190449,,,,60,100,-60,108,,,,42.76400302430627,,,,,,0,-95,-99,42.30044955153831,42.76400302430627,-0.46355347276796266,-2.17434615745289,,,42.76400302430627,,,,,,,33.85674789190449,,,,60,100,-60,108,,,,42.76400302430627,,,,,
1680480000,28155.9,28550,27175,27788.7,20457.939,26993.857446305443,27949.989634227808,203626.196,0,-95,-99,34.69142911588549,40.55209796217398,-5.86066884628849,-2.206112955871863,,,,,,,,,,,,,,60,100,-60,,,,,,,,,,,0,-95,-99,34.69142911588549,40.55209796217398,-5.86066884628849,-2.206112955871863,,,,,,,,,,,,,,60,100,-60,,,,,,,,,,
1680566400,27788.7,28438.4,27648.2,28149.7,20499.735,27098.934042095858,27994.36971551052,125456.94,0,-95,-99,33.00256011672841,36.664812928050736,-3.6622528113223254,-0.7659201127746944,,,,,,,,,,,,,,60,100,-60,,,,,,,,,,,0,-95,-99,33.00256011672841,36.664812928050736,-3.6622528113223254,-0.7659201127746944,,,,,,,,,,,,,,60,100,-60,,,,,,,,,,
1680652800,28149.7,28797.1,27777.2,28154.7,20539.9785,27194.91276554169,28029.998667619293,164775.784,0,-95,-99,34.56669964143698,34.08689629135029,0.4798033500866907,0.0873145840370384,,,,,,60.68177253503069,,,,,,,,60,100,-60,,,,,34.08689629135029,,,,,,0,-95,-99,34.56669964143698,34.08689629135029,0.4798033500866907,0.0873145840370384,,,,,,60.68177253503069,,,,,,,,60,100,-60,,,,,34.08689629135029,,,,,
1680739200,28154.7,28173.5,27670,28022.1,20583.0465,27270.1116050379,28028.243408148337,104171.182,0,-95,-99,28.316008916891434,31.96175622501894,-3.6457473081275076,0.8725852946962145,,,,,,,,,,,,,,60,100,-60,,,108,,31.96175622501894,,,,,,0,-95,-99,28.316008916891434,31.96175622501894,-3.6457473081275076,0.8725852946962145,,,,,,,,,,,,,,60,100,-60,,,108,,31.96175622501894,,,,,
1680825600,28022.1,28094.1,27755,27884.2,20624.83,27325.937822761727,27996.233761893152,64473.991,0,-95,-99,21.703204450974557,28.195304336434322,-6.492099885459766,0.6274167556702452,,,,,,,,,,,,,,60,100,-60,,,,,,,,,,,0,-95,-99,21.703204450974557,28.195304336434322,-6.492099885459766,0.6274167556702452,,,,,,,,,,,,,,60,100,-60,,,,,,,,,,
1680912000,27884.2,28164.2,27846,27929.7,20670.128500000003,27380.82529341975,27981.448481472453,45982.113,0,-95,-99,18.768634980426942,22.929282782764304,-4.160647802337362,-0.9751688714079061,,,,,,,,,,,8.697982880576056,,,60,100,-60,,,,,,,,,,,0,-95,-99,18.768634980426942,22.929282782764304,-4.160647802337362,-0.9751688714079061,,,,,,,,,,,8.697982880576056,,,60,100,-60,,,,,,,,,,
1680998400,27929.7,28524.4,27764,28309.7,20719.444499999998,27465.26844856341,28054.393263367463,81710.173,0,-95,-99,24.890892361321114,21.787577264240866,3.103315097080248,1.1736694841552953,,,,,,,,,,,,,,60,100,-60,,,,,21.787577264240866,,,,,,0,-95,-99,24.890892361321114,21.787577264240866,3.103315097080248,1.1736694841552953,,,,,,,,,,,,,,60,100,-60,,,,,21.787577264240866,,,,,
1681084800,28309.7,29864,28136.6,29628.1,20770.6125,27661.889498694007,28404.105871508025,180407.572,0,-95,-99,48.485430524254184,30.714985955334075,17.77044456892011,5.284709712874236,,,,,,,,,,,,,,60,100,-60,,,,,,,,,,,0,-95,-99,48.485430524254184,30.714985955334075,17.77044456892011,5.284709712874236,,,,,,,,,,,,,,60,100,-60,,,,,,,,,,
1681171200,29628.1,30560.5,29579.5,30179,20825.0975,27890.717726085462,28798.526788950687,185394.716,0,-95,-99,67.13865466768758,46.838325851087625,20.30032881659995,7.56294584533914,,,,,,71.30975957734843,,,,,,,,60,100,-60,,,,,,,,,,,0,-95,-99,67.13865466768758,46.838325851087625,20.30032881659995,7.56294584533914,,,,,,71.30975957734843,,,,,,,,60,100,-60,,,,,,,,,,
1681257600,30179,30480,29630,29871,20879.8975,28070.74338735042,29036.85416918387,164493.656,0,-95,-99,73.21652900386428,62.94687139860201,10.269657605262267,4.718802622832766,,,,,,,,,,,,,,60,100,-60,,,,,,,,,,,0,-95,-99,73.21652900386428,62.94687139860201,10.269657605262267,4.718802622832766,,,,,,,,,,,,,,60,100,-60,,,,,,,,,,
1681344000,29871,30600,29845,30366.2,20937.7285,28279.421261227653,29332.264353809675,123189.922,0,-95,-99,76.62639253751979,72.32719206969055,4.2992004678292375,6.745357206411189,,,,,,,,,,,,,,60,100,-60,,,,,,,,,,,0,-95,-99,76.62639253751979,72.32719206969055,4.2992004678292375,6.745357206411189,,,,,,,,,,,,,,60,100,-60,,,,,,,,,,
1681430400,30366.2,31061.7,29936,30438.2,20993.852000000003,28475.67387384332,29578.02783074086,185362.931,0,-95,-99,77.86284624004803,75.9019225938107,1.9609236462373332,6.945025362450018,,,,,,70.72071557735606,,,,,,,,60,100,-60,,,,,,,,,,,0,-95,-99,77.86284624004803,75.9019225938107,1.9609236462373332,6.945025362450018,,,,,,70.72071557735606,,,,,,,,60,100,-60,,,,,,,,,,
1681516800,30438.2,30583,30180,30293.7,21049.9655,28640.9489762212,29737.066090576223,48487.911,0,-95,-99,75.24289692047168,76.57737856601317,-1.3344816455414872,4.74259701198996,76.57737856601317,,76.57737856601317,,,,,,,90.33421557290909,,,,60,100,-60,,,,,76.57737856601317,,105,,,,0,-95,-99,75.24289692047168,76.57737856601317,-1.3344816455414872,4.74259701198996,76.57737856601317,,76.57737856601317,,,,,,,90.33421557290909,,,,60,100,-60,,,,,76.57737856601317,,105,,,
1681603200,30293.7,30565.4,30114,30295.9,21104.41,28791.399069292,29861.25140378151,62834.89,0,-95,-99,71.33282420198137,74.81285578750037,-3.4800315855190007,2.516264910414294,,,,,,,,,,,,,,60,100,-60,,,,,,,,,,,0,-95,-99,71.33282420198137,74.81285578750037,-3.4800315855190007,2.516264910414294,,,,,,,,,,,,,,60,100,-60,,,,,,,,,,
1681689600,30295.9,30308.3,29219,29421.8,21153.621499999997,28848.70824481091,29763.595536274508,131797.284,0,-95,-99,58.912414707465466,68.49604527663949,-9.583630569174026,1.6474500060053314,,,,,,,,,,,,,,60,100,-60,,,,,,,,,,,0,-95,-99,58.912414707465466,68.49604527663949,-9.583630569174026,1.6474500060053314,,,,,,,,,,,,,,60,100,-60,,,,,,,,,,
1681776000,29421.8,30500,29060,30382.5,21208.4865,28988.14385891901,29901.12986154684,168836.112,0,-95,-99,53.56434377809717,61.26986089584799,-7.705517117750823,1.7564083046959205,,,,,,,,,,,,,,60,100,-60,,,,,,,,,,,0,-95,-99,53.56434377809717,61.26986089584799,-7.705517117750823,1.7564083046959205,,,,,,,,,,,,,,60,100,-60,,,,,,,,,,
1681862400,30382.5,30416.2,28555,28797.1,21255.9595,28970.77623538092,29655.78989231421,233029.079,0,-95,-99,36.87239586637162,49.783051450644734,-12.910655584273115,-0.6992424041495335,,,,,,,,,,,,,,60,100,-60,,,,,,,,,,,0,-95,-99,36.87239586637162,49.783051450644734,-12.910655584273115,-0.6992424041495335,,,,,,,,,,,,,,60,100,-60,,,,,,,,,,
1681948800,28797.1,29082.8,27981.4,28235.6,21301.8675,28903.942032164472,29340.192138466606,204139.68,0,-95,-99,14.46126999883824,34.966003214435666,-20.504733215597426,-1.0721332505495207,,,,,,,,,,,,,,60,100,-60,,,,,,,,,,,0,-95,-99,14.46126999883824,34.966003214435666,-20.504733215597426,-1.0721332505495207,,,,,,,,,,,,,,60,100,-60,,,,,,,,,,
1682035200,28235.6,28368,27058,27253.2,21340.046000000002,28753.874574694975,28876.41610769625,203409.469,0,-95,-99,-7.2373910621394835,14.698758267690119,-21.936149329829604,-4.047174986441925,,,,,,,,,,,,,,60,100,-60,,,,,,,,,,,0,-95,-99,-7.2373910621394835,14.698758267690119,-21.936149329829604,-4.047174986441925,,,,,,,,,,,,,,60,100,-60,,,,,,,,,,
1682121600,27253.2,27880.4,27130,27799.2,21377.4095,28667.085976995433,28637.034750430415,94647.996,0,-95,-99,-19.93864302458995,-4.238254695963737,-15.700388328626214,-1.3576289502188463,,,,,,,,,,,,,,60,100,-60,,,,,,,,,,,0,-95,-99,-19.93864302458995,-4.238254695963737,-15.700388328626214,-1.3576289502188463,,,,,,,,,,,,,,60,100,-60,,,,,,,,,,
1682208000,27799.2,27800,27302.2,27572.8,21414.5285,28567.605433632212,28400.538139223656,95424.25,0,-95,-99,-28.082274672260418,-18.419436252996626,-9.662838419263792,-1.734722300298948,,,,,,,,,,,5.974121860473278,,,60,100,-60,,,,,,,,,,,0,-95,-99,-28.082274672260418,-18.419436252996626,-9.662838419263792,-1.734722300298948,,,,,,,,,,,5.974121860473278,,,60,100,-60,,,,,,,,,,
1682294400,27572.8,27989,26933,27493.1,21452.2215,28469.92312148383,28198.885219396176,177761.372,0,-95,-99,-33.62808697957863,-27.21633489214301,-6.411752087435623,-1.3213712435541027,,,,,,,,,,,,,,60,100,-60,,,,,,,,,,,0,-95,-99,-33.62808697957863,-27.21633489214301,-6.411752087435623,-1.3213712435541027,,,,,,,,,,,,,,60,100,-60,,,,,,,,,,
1682380800,27493.1,28388,27181.1,28277.3,21496.0205,28452.411928621663,28216.310726197025,159357.87,0,-95,-99,-32.40206920738521,-31.370810286408098,-1.0312589209771126,1.7152564461025577,,,,,,,,,,,,,,60,100,-60,,,,,,,,,,,0,-95,-99,-32.40206920738521,-31.370810286408098,-1.0312589209771126,1.7152564461025577,,,,,,,,,,,,,,60,100,-60,,,,,,,,,,
1682467200,28277.3,30062,27200,28401.9,21541.005,28447.8199351106,28257.552787042132,409222.474,0,-95,-99,-23.499644677535404,-29.843266954833094,6.3436222772976905,1.9754450694987273,,,,,,,,,,,,,,60,100,-60,,-108,,-108,-29.843266954833094,,,,,,0,-95,-99,-23.499644677535404,-29.843266954833094,6.3436222772976905,1.9754450694987273,,,,,,,,,,,,,,60,100,-60,,-108,,-108,-29.843266954833094,,,,,
1682553600,28401.9,29883.5,28368.8,29458.2,21591.1135,28539.672668282365,28524.363278810546,291124.269,0,-95,-99,-8.541880617953392,-21.48119816762468,12.939317549671287,2.146369197823754,,,,,,,,,,,,,,60,100,-60,,,,,,,,,,,0,-95,-99,-8.541880617953392,-21.48119816762468,12.939317549671287,2.146369197823754,,,,,,,,,,,,,,60,100,-60,,,,,,,,,,
1682640000,29458.2,29593.8,28870,29296.1,21641.981499999998,28608.438789347605,28695.860327963757,141389.093,0,-95,-99,2.227454871640317,-9.938023474616168,12.165478346256485,1.7858063215650217,,,,,,,,,,,,,,60,100,-60,,,,,,,,,,,0,-95,-99,2.227454871640317,-9.938023474616168,12.165478346256485,1.7858063215650217,,,,,,,,,,,,,,60,100,-60,,,,,,,,,,
1682726400,29296.1,29427.9,29010.1,29211.9,21692.7785,28663.298899406913,28810.535810638477,55671.796,0,-95,-99,9.459348496615863,1.048307583434255,8.411040913181608,2.801105233486001,,,,,,,,,,,,,,60,100,-60,,,,,,,,,,,0,-95,-99,9.459348496615863,1.048307583434255,8.411040913181608,2.801105233486001,,,,,,,,,,,,,,60,100,-60,,,,,,,,,,
1682812800,29211.9,29955,29074.8,29217,21743.1235,28713.635363097193,28900.86118605215,128685.213,0,-95,-99,16.96469703886531,9.550500135707155,7.414196903158155,1.5818724012901866,,,,,,,,,,53.3946653405642,,,,60,100,-60,,,,,,,,,,,0,-95,-99,16.96469703886531,9.550500135707155,7.414196903158155,1.5818724012901866,,,,,,,,,,53.3946653405642,,,,60,100,-60,,,,,,,,,,
1682899200,29217,29328.4,27640.1,28051.2,21786.5495,28653.413966451993,28712.047589151673,215807.644,0,-95,-99,6.446019380372823,10.956688305284658,-4.510668924911835,0.551408859931406,,,,,,,,,,,,,,60,100,-60,,,108,,10.956688305284658,,,,,,0,-95,-99,6.446019380372823,10.956688305284658,-4.510668924911835,0.551408859931406,,,,,,,,,,,,,,60,100,-60,,,108,,10.956688305284658,,,,,
1682985600,28051.2,28869,27860,28655.1,21833.9675,28653.567242229085,28699.39256934019,167931.582,0,-95,-99,0.30612858395572307,7.905615001064611,-7.599486417108888,3.831672115907187,,,,,,,,,,,,,,60,100,-60,,,,,,,,,,,0,-95,-99,0.30612858395572307,7.905615001064611,-7.599486417108888,3.831672115907187,,,,,,,,,,,,,,60,100,-60,,,,,,,,,,
1683072000,28655.1,29262.8,28069.1,29014,21883.7225,28686.333856571895,28769.305331709038,204523.419,0,-95,-99,1.5649469508688028,2.7723649717324417,-1.207418020863639,4.678054806802659,,,,,,,,,,,,,,60,100,-60,,,,,,,,,,,0,-95,-99,1.5649469508688028,2.7723649717324417,-1.207418020863639,4.678054806802659,,,,,,,,,,,,,,60,100,-60,,,,,,,,,,
1683158400,29014,29384.2,28631.2,28818.9,21931.554500000002,28698.38532415627,28780.32636910703,122034.083,0,-95,-99,6.143692815294909,2.671589450039812,3.4721033652550966,3.6182300264415383,,,,,,,,,,,,,,60,100,-60,,,,,2.671589450039812,,,,,,0,-95,-99,6.143692815294909,2.671589450039812,3.4721033652550966,3.6182300264415383,,,,,,,,,,,,,,60,100,-60,,,,,2.671589450039812,,,,,
1683244800,28818.9,29674,28750,29495.2,21981.330499999996,28770.823021960245,28939.187175972136,160414.187,0,-95,-99,16.75380027067333,8.154146678945681,8.59965359172765,5.590288619388973,,,,,,,,,,70.2680433373834,,,,60,100,-60,,,,,,,,,,,0,-95,-99,16.75380027067333,8.154146678945681,8.59965359172765,5.590288619388973,,,,,,,,,,70.2680433373834,,,,60,100,-60,,,,,,,,,,
1683331200,29495.2,29833,28325,28833.3,22028.894500000002,28776.502747236587,28915.656692422774,126536.839,0,-95,-99,17.182131296132432,13.359874794033558,3.822256502098874,5.3351472305292065,,,,,,,,,,,,,,60,100,-60,,,,,,,,,,,0,-95,-99,17.182131296132432,13.359874794033558,3.822256502098874,5.3351472305292065,,,,,,,,,,,,,,60,100,-60,,,,,,,,,,
1683417600,28833.3,29129.3,28370,28413.9,22075.356499999998,28743.53886112417,28804.155205217714,89240.279,0,-95,-99,7.300924551836614,13.745618706214126,-6.444694154377512,5.642550273298189,,,,,,,,,,,,,,60,100,-60,,,,,13.745618706214126,,,,,,0,-95,-99,7.300924551836614,13.745618706214126,-6.444694154377512,5.642550273298189,,,,,,,,,,,,,,60,100,-60,,,,,13.745618706214126,,,,,
1683504000,28413.9,28615,27250,27653.4,22118.416,28644.435328294698,28548.431826280445,185923.051,0,-95,-99,-14.448013400019738,3.345014149316437,-17.793027549336173,6.097620662694684,,,,,,,,,,,,,,60,100,-60,,,,,,,,,,,0,-95,-99,-14.448013400019738,3.345014149316437,-17.793027549336173,6.097620662694684,,,,,,,,,,,,,,60,100,-60,,,,,,,,,,
1683590400,27653.4,27810.6,27333.3,27618.3,22160.7425,28551.150298449724,28341.73586488479,93377.287,0,-95,-99,-29.9380956279607,-12.361728158714607,-17.576367469246094,6.564363261175474,,,,,,,,,,,,,,60,100,-60,,,,,,,,,,,0,-95,-99,-29.9380956279607,-12.361728158714607,-17.576367469246094,6.564363261175474,,,,,,,,,,,,,,60,100,-60,,,,,,,,,,
1683676800,27618.3,28293,26700,27577.3,22202.6815,28462.618453136114,28171.861228243728,219063.045,0,-95,-99,-39.22170651549382,-27.869271847824752,-11.352434667669069,5.653059203475724,,,,,,,,,,,,,,60,100,-60,,,,,,,,,,,0,-95,-99,-39.22170651549382,-27.869271847824752,-11.352434667669069,5.653059203475724,,,,,,,,,,,,,,60,100,-60,,,,,,,,,,
1683763200,27577.3,27618,26650,26955.1,22239.662,28325.571321032832,27901.469844189567,147930.236,0,-95,-99,-48.79578971178509,-39.318530618413206,-9.477259093371885,2.011102307747181,,,,,,,,,,,,,,60,100,-60,,,,,,,,,,,0,-95,-99,-48.79578971178509,-39.318530618413206,-9.477259093371885,2.011102307747181,,,,,,,,,,,,,,60,100,-60,,,,,,,,,,
1683849600,26955.1,27078.9,25764,26779.3,22276.9735,28185.00120093894,27652.098767702995,177401.598,0,-95,-99,-57.84074830964761,-48.619414845642176,-9.221333464005433,-0.2582851519491567,,,,,,,,,,,,,,60,100,-60,,,,,,,,,,,0,-95,-99,-57.84074830964761,-48.619414845642176,-9.221333464005433,-0.2582851519491567,,,,,,,,,,,,,,60,100,-60,,,,,,,,,,
1683936000,26779.3,27036.5,26675.9,26767.1,22310.474,28056.101091762674,27455.432374880107,62182.888,0,-95,-99,-59.02343057848306,-55.21998953330526,-3.8034410451777987,-0.9076848742396006,,,,,,,,,,,,,,60,100,-60,,,,,,,,,,,0,-95,-99,-59.02343057848306,-55.21998953330526,-3.8034410451777987,-0.9076848742396006,,,,,,,,,,,,,,60,100,-60,,,,,,,,,,
1684022400,26767.1,27198.6,26534.3,26903,22341.209,27951.273719784247,27332.66962490675,64099.088,0,-95,-99,-57.84938844779706,-58.237855778642576,0.3884673308455149,0.3480404968102051,,,,-58.237855778642576,,,,,,,,,,60,100,-60,,-108,,,-58.237855778642576,-107,,,,,0,-95,-99,-57.84938844779706,-58.237855778642576,0.3884673308455149,0.3480404968102051,,,,-58.237855778642576,,,,,,,,,,60,100,-60,,-108,,,-58.237855778642576,-107,,,,
1684108800,26903,27648,26700.2,27148.4,22375.536,27878.28519980386,27291.720819371916,127797.989,0,-95,-99,-52.34667259130578,-56.40649720586197,4.0598246145561845,-0.6787060333495452,,,,,,,,,,,,,,60,100,-60,,,,,,,,,,,0,-95,-99,-52.34667259130578,-56.40649720586197,4.0598246145561845,-0.6787060333495452,,,,,,,,,,,,,,60,100,-60,,,,,,,,,,
1684195200,27148.4,27288,26818,27020.4,22407.713,27800.29563618533,27231.427303955934,99848.543,0,-95,-99,-49.29319061666381,-53.16308388525555,3.8698932685917455,-3.43149032430408,,,,,,,,,,,,,,60,100,-60,,,,,,,,,,,0,-95,-99,-49.29319061666381,-53.16308388525555,3.8698932685917455,-3.43149032430408,,,,,,,,,,,,,,60,100,-60,,,,,,,,,,
1684281600,27020.4,27565.2,26501.4,27388.8,22440.682,27762.88694198666,27266.399014187948,139421.967,0,-95,-99,-44.41094955791536,-48.68360425529499,4.272654697379629,-1.527099473463265,,,,,,,,,,,,,,60,100,-60,,,,,,,,,,,0,-95,-99,-44.41094955791536,-48.68360425529499,4.272654697379629,-1.527099473463265,,,,,,,,,,,,,,60,100,-60,,,,,,,,,,
1684368000,27388.8,27474.6,26341.3,26803.6,22471.6325,27675.679038169692,27163.55478881285,143376.906,0,-95,-99,-45.35374915252018,-46.35262977569979,0.998880623179609,-4.4794290019700655,,,,,,,,,,,,,,60,100,-60,,,,,,,,,,,0,-95,-99,-45.35374915252018,-46.35262977569979,0.998880623179609,-4.4794290019700655,,,,,,,,,,,,,,60,100,-60,,,,,,,,,,
1684454400,26803.6,27172.9,26602.7,26868.8,22503.5765,27602.326398336085,27098.053724632216,84425.789,0,-95,-99,-44.97335335166834,-44.9126840207013,-0.06066933096703764,-3.717330052604018,,,,,,,,,,,,,,60,100,-60,,,,,-44.9126840207013,,,,,,0,-95,-99,-44.97335335166834,-44.9126840207013,-0.06066933096703764,-3.717330052604018,,,,,,,,,,,,,,60,100,-60,,,,,-44.9126840207013,,,,,
1684540800,26868.8,27134,26816.2,27089.1,22536.6595,27555.669453032806,27096.06400804728,46923.679,0,-95,-99,-40.95105897290097,-43.759387159029835,2.8083281861288683,-2.8037993060372925,,,,,,,,,,,,,,60,100,-60,,,,,-43.759387159029835,,,,,,0,-95,-99,-40.95105897290097,-43.759387159029835,2.8083281861288683,-2.8037993060372925,,,,,,,,,,,,,,60,100,-60,,,,,-43.759387159029835,,,,,
1684627200,27089.1,27282.1,26653.8,26734.3,22569.6135,27480.999502757095,27015.672006258996,72095.706,0,-95,-99,-40.64280572686239,-42.18907268381057,1.5462669569481804,-3.2903637519867432,,,,,,,,,,,,,,60,100,-60,,,,,,,,,,,0,-95,-99,-40.64280572686239,-42.18907268381057,1.5462669569481804,-3.2903637519867432,,,,,,,,,,,,,,60,100,-60,,,,,,,,,,
1684713600,26734.3,27099.3,26510,26834.7,22602.789500000003,27422.24500250645,26975.45600486811,88574.073,0,-95,-99,-41.771313182352465,-41.121725960705284,-0.649587221647181,-4.421547716705199,,,,,,,,,,,,,,60,100,-60,,,,,-41.121725960705284,,,,,,0,-95,-99,-41.771313182352465,-41.121725960705284,-0.649587221647181,-4.421547716705199,,,,,,,,,,,,,,60,100,-60,,,,,-41.121725960705284,,,,,
1684800000,26834.7,27495.6,26787.6,27209.9,22633.179,27402.9409113695,27027.554670452973,99823.63,0,-95,-99,-30.23681699862724,-37.550311969280706,7.3134949706534655,-1.5922515133218378,,,,,,,,,,58.365987473843234,,,,60,100,-60,,,,,-37.550311969280706,,,,,,0,-95,-99,-30.23681699862724,-37.550311969280706,7.3134949706534655,-1.5922515133218378,,,,,,,,,,58.365987473843234,,,,60,100,-60,,,,,-37.550311969280706,,,,,
1684886400,27209.9,27210,26050,26311,22658.281499999997,27303.673555790454,26868.3202992412,152435.578,0,-95,-99,-40.88756108364597,-37.63189708820857,-3.255663995437402,-3.5589028915800833,,,,,,,,,,,,,,60,100,-60,,,,,-37.63189708820857,,,,,,0,-95,-99,-40.88756108364597,-37.63189708820857,-3.255663995437402,-3.5589028915800833,,,,,,,,,,,,,,60,100,-60,,,,,-37.63189708820857,,,,,
1684972800,26311,26627.4,25851,26456.6,22686.044500000004,27226.66686890041,26776.82689940982,109571.79,0,-95,-99,-50.52999881035552,-40.55145896420958,-9.978539846145942,-4.684872845066939,,,,,,,,,,,,,,60,100,-60,,,,,,,,,,,0,-95,-99,-50.52999881035552,-40.55145896420958,-9.978539846145942,-4.684872845066939,,,,,,,,,,,,,,60,100,-60,,,,,,,,,,
1685059200,26456.6,26929.9,26306.8,26695,22716.607000000004,27178.333517182193,26758.643143985417,93122.758,0,-95,-99,-47.62922983360206,-46.34892990920119,-1.2802999244008717,-2.355538337435079,,,,,,,,,,,40.65427988766365,,,60,100,-60,,,,,,,,,,,0,-95,-99,-47.62922983360206,-46.34892990920119,-1.2802999244008717,-2.355538337435079,,,,,,,,,,,40.65427988766365,,,60,100,-60,,,,,,,,,,
1685145600,26695,26897.6,26530,26838.5,22758.114500000003,27147.43956107472,26776.389111988658,41300.823,0,-95,-99,-41.15689880514735,-46.43870914970165,5.281810344554302,-1.7611032610319795,,,,-46.43870914970165,,,,,,,,,,60,100,-60,,,,,-46.43870914970165,,,-106,,,0,-95,-99,-41.15689880514735,-46.43870914970165,5.281810344554302,-1.7611032610319795,,,,-46.43870914970165,,,,,,,,,,60,100,-60,,,,,-46.43870914970165,,,-106,,
1685232000,26838.5,28280,26751.7,28049.9,22818.906499999997,27229.481419158838,27059.391531546735,130592.359,0,-95,-99,-12.172838375885132,-33.65298900487819,21.480150628993055,-1.6862991102937812,,,,,,,,,,,,,,60,100,-60,,,,,,,,,,,0,-95,-99,-12.172838375885132,-33.65298900487819,21.480150628993055,-1.6862991102937812,,,,,,,,,,,,,,60,100,-60,,,,,,,,,,
1685318400,28049.9,28449,27510,27722,22869.5465,27274.255835598942,27206.637857869682,113056.196,0,-95,-99,8.145569488511555,-15.06138923084031,23.206958719351867,-2.039169161438425,,,,,,,,,,,,,,60,100,-60,,,,,,,,,,,0,-95,-99,8.145569488511555,-15.06138923084031,23.206958719351867,-2.039169161438425,,,,,,,,,,,,,,60,100,-60,,,,,,,,,,
1685404800,27722,28036.7,27529,27681.2,22922.6925,27311.2507596354,27312.09611167642,97040.171,0,-95,-99,18.42450698081121,4.799079364479209,13.625427616332,-3.1740255659101044,,,,,,,,,,86.43946330435921,,,,60,100,-60,,,,,,,,,,,0,-95,-99,18.42450698081121,4.799079364479209,13.625427616332,-3.1740255659101044,,,,,,,,,,86.43946330435921,,,,60,100,-60,,,,,,,,,,
1685491200,27681.2,27824,26817,27199,22974.6675,27301.04614512309,27286.963642414994,125541.458,0,-95,-99,15.916092123363498,14.162056197562086,1.7540359258014124,-4.306369013930645,,,,,,,,,,,,,,60,100,-60,,,,,,,,,,,0,-95,-99,15.916092123363498,14.162056197562086,1.7540359258014124,-4.306369013930645,,,,,,,,,,,,,,60,100,-60,,,,,,,,,,
1685577600,27199,27343.4,26584.6,26809.5,23027.0625,27256.360131930083,27180.860610767217,115697.383,0,-95,-99,4.697724065442815,13.012774389872506,-8.315050324429691,-4.5956264414868215,,,,,,,,,,,,,,60,100,-60,108,,,,13.012774389872506,,,,,,0,-95,-99,4.697724065442815,13.012774389872506,-8.315050324429691,-4.5956264414868215,,,,,,,,,,,,,,60,100,-60,108,,,,13.012774389872506,,,,,
1685664000,26809.5,27293.4,26480.7,27238.1,23080.2155,27254.70011993644,27193.58047504117,100564.807,0,-95,-99,-1.3597886358719373,6.418009184311458,-7.7777978201833955,-2.609545387312748,,,,,,,,,,,,,,60,100,-60,,,,,,,,,,,0,-95,-99,-1.3597886358719373,6.418009184311458,-7.7777978201833955,-2.609545387312748,,,,,,,,,,,,,,60,100,-60,,,,,,,,,,
1685750400,27238.1,27324.9,26905.9,27059.1,23131.121,27236.918290851307,27163.69592503202,40069.811,0,-95,-99,-3.2113467027120812,0.0421962422862651,-3.253542944998346,-4.8196804004117535,,,,,,,,,,,,,,60,100,-60,,,,,,,,,,,0,-95,-99,-3.2113467027120812,0.0421962422862651,-3.253542944998346,-4.8196804004117535,,,,,,,,,,,,,,60,100,-60,,,,,,,,,,
1685836800,27059.1,27450,26946.4,27105.5,23183.4335,27224.971173501188,27150.763497247128,53020.356,0,-95,-99,-1.8724742474514267,-2.1478698620118166,0.27539561456038997,-4.601594963045828,,,,,,,,,,,,,,60,100,-60,,,,,-2.1478698620118166,,,,,,0,-95,-99,-1.8724742474514267,-2.1478698620118166,0.27539561456038997,-4.601594963045828,,,,,,,,,,,,,,60,100,-60,,,,,-2.1478698620118166,,,,,
1685923200,27105.5,27116.5,25361.5,25717.2,23228.577,27087.90106681926,26832.19383119221,210223.933,0,-95,-99,-28.155747344030512,-11.079856098064672,-17.075891245965842,-5.920839029509347,,,,,,,,,,,,,,60,100,-60,,,,,-11.079856098064672,,,,,,0,-95,-99,-28.155747344030512,-11.079856098064672,-17.075891245965842,-5.920839029509347,,,,,,,,,,,,,,60,100,-60,,,,,-11.079856098064672,,,,,
1686009600,25717.2,27356.7,25324.2,27216.9,23281.1615,27099.628242562965,26917.684090927276,214006.233,0,-95,-99,-31.630102331704474,-20.552774641062136,-11.077327690642338,-3.059527831319228,,,,,,,,,,,,,,60,100,-60,,,,,,,,,,,0,-95,-99,-31.630102331704474,-20.552774641062136,-11.077327690642338,-3.059527831319228,,,,,,,,,,,,,,60,100,-60,,,,,,,,,,
1686096000,27216.9,27397,26115.4,26323.4,23329.3385,27029.062038693606,26785.620959610103,168132.234,0,-95,-99,-34.03776404963045,-31.27453790845514,-2.7632261411753056,-5.159945918272134,,,,,,,,,,,35.87344857971122,,,60,100,-60,,,,,,,,,,,0,-95,-99,-34.03776404963045,-31.27453790845514,-2.7632261411753056,-5.159945918272134,,,,,,,,,,,35.87344857971122,,,60,100,-60,,,,,,,,,,
1686182400,26323.4,26810.5,26190.3,26485.1,23380.3965,26979.610944266915,26718.838524141192,89449.588,0,-95,-99,-38.08116424229782,-34.58301020787758,-3.4981540344202386,-5.7574825005390515,,,,,,,,,,46.05982416887372,,,,60,100,-60,,,,,,,,,,,0,-95,-99,-38.08116424229782,-34.58301020787758,-3.4981540344202386,-5.7574825005390515,,,,,,,,,,46.05982416887372,,,,60,100,-60,,,,,,,,,,
1686268800,26485.1,26770,26260,26466.9,23433.9035,26933.000858424468,26662.85218544315,74833.089,0,-95,-99,-39.986705848753886,-37.368544713560716,-2.6181611351931693,-7.754768118502786,,,,,,,,,,,,,,60,100,-60,,,,,,,,,,,0,-95,-99,-39.986705848753886,-37.368544713560716,-2.6181611351931693,-7.754768118502786,,,,,,,,,,,,,,60,100,-60,,,,,,,,,,
1686355200,26466.9,26527.7,25334,25826.1,23481.9415,26832.373507658605,26476.90725534467,172772.677,0,-95,-99,-52.97631517547275,-43.68139508884148,-9.294920086631272,-10.500738425407112,,,,,,,,,,,,,,60,100,-60,,,,,,,,,,,0,-95,-99,-52.97631517547275,-43.68139508884148,-9.294920086631272,-10.500738425407112,,,,,,,,,,,,,,60,100,-60,,,,,,,,,,
1686441600,25826.1,26196.8,25615.9,25915.1,23528.572,26748.985006962368,26352.061198601412,68127.773,0,-95,-99,-58.554411347859414,-50.50581079069534,-8.048600557164072,-9.211829734025581,,,,,,,,,,,,,,60,100,-60,,,,,,,,,,,0,-95,-99,-58.554411347859414,-50.50581079069534,-8.048600557164072,-9.211829734025581,,,,,,,,,,,,,,60,100,-60,,,,,,,,,,
1686528000,25915.1,26095,25603.8,25895.3,23575.076,26671.377279056698,26250.55871002332,82674.703,0,-95,-99,-61.1127775484851,-57.547834690605754,-3.5649428578793447,-10.952338448998509,,,,,,,,,,,,,,60,100,-60,,,,,,,,,,,0,-95,-99,-61.1127775484851,-57.547834690605754,-3.5649428578793447,-10.952338448998509,,,,,,,,,,,,,,60,100,-60,,,,,,,,,,
1686614400,25895.3,26420,25708.1,25920.5,23622.126,26603.115708233363,26177.212330018137,123173.171,0,-95,-99,-58.3254803719529,-59.33088975609914,1.0054093841462404,-11.023743380128868,,,,,,,,,,,,,,60,100,-60,,,,-108,-59.33088975609914,-107,,,,,0,-95,-99,-58.3254803719529,-59.33088975609914,1.0054093841462404,-11.023743380128868,,,,,,,,,,,,,,60,100,-60,,,,-108,-59.33088975609914,-107,,,,
1686700800,25920.5,26098.4,24779.5,25113.9,23665.4505,26467.73246203033,25940.92070112522,141042.411,0,-95,-99,-66.68762575331174,-62.04196122458325,-4.645664528728489,-11.656267014851915,,,,,,,,,,,26.33070860006762,,,60,100,-60,,,,,-62.04196122458325,,,,,,0,-95,-99,-66.68762575331174,-62.04196122458325,-4.645664528728489,-11.656267014851915,,,,,,,,,,,26.33070860006762,,,60,100,-60,,,,,-62.04196122458325,,,,,
1686787200,25113.9,25750,24780,25585.9,23711.25,26387.56587457303,25862.027211986282,125901.969,0,-95,-99,-68.83004631229628,-64.61438414585363,-4.215662166442641,-10.4519564849541,,,,-64.61438414585363,,,,,,,,,,60,100,-60,,,,,,,,,,,0,-95,-99,-68.83004631229628,-64.61438414585363,-4.215662166442641,-10.4519564849541,,,,-64.61438414585363,,,,,,,,,,60,100,-60,,,,,,,,,,
1686873600,25585.9,26500,25155,26325.2,23761.846,26381.896249611844,25964.95449821155,165069.685,0,-95,-99,-56.77382812183656,-64.09716672914819,7.3233386073116264,-7.071688078211521,,,,,,,,,,,,,,60,100,-60,,,,,-64.09716672914819,-107,,,,,0,-95,-99,-56.77382812183656,-64.09716672914819,7.3233386073116264,-7.071688078211521,,,,,,,,,,,,,,60,100,-60,,,,,-64.09716672914819,-107,,,,
1686960000,26325.2,26886.8,26164.6,26505,23812.236,26393.087499647132,26084.964609720097,90080.151,0,-95,-99,-35.99047536470816,-53.864783266280334,17.874307901572173,-8.117166256386238,,,,,,,,,,,,,,60,100,-60,,,,,,,,,,,0,-95,-99,-35.99047536470816,-53.864783266280334,17.874307901572173,-8.117166256386238,,,,,,,,,,,,,,60,100,-60,,,,,,,,,,
1687046400,26505,26698,26232,26333.5,23858.171000000002,26387.670454224666,26140.194696448965,63645.199,0,-95,-99,-22.43057173857941,-38.39829174170805,15.96772000312864,-6.907690552400899,,,,,,,,,,,,,,60,100,-60,,,,,,,,,,,0,-95,-99,-22.43057173857941,-38.39829174170805,15.96772000312864,-6.907690552400899,,,,,,,,,,,,,,60,100,-60,,,,,,,,,,
1687132800,26333.5,27063.8,26250,26827.4,23907.445499999998,26427.64586747697,26292.906986126975,123894.548,0,-95,-99,-6.759913102278739,-21.726986735188778,14.967073632910038,-4.115911613618224,,,,,,,,,,,,,,60,100,-60,,,,,,,,,,,0,-95,-99,-6.759913102278739,-21.726986735188778,14.967073632910038,-4.115911613618224,,,,,,,,,,,,,,60,100,-60,,,,,,,,,,
1687219200,26827.4,28390.8,26642.1,28286,23963.458,26596.587152251792,26735.816544765425,236691.39,0,-95,-99,16.709347312453495,-4.160379176134891,20.869726488588388,-0.15583911483287416,,,,,,,,,,,,,,60,100,-60,,,,,,,,,,,0,-95,-99,16.709347312453495,-4.160379176134891,20.869726488588388,-0.15583911483287416,,,,,,,,,,,,,,60,100,-60,,,,,,,,,,
1687305600,28286,30800,28240,29985.7,24028.981499999998,26904.688320228903,27458.012868150887,345871.952,0,-95,-99,41.2110632941711,17.053499168115277,24.15756412605582,-0.3150056843291389,,,,,,,,,,,,,,60,100,-60,,,,,,,,,,,0,-95,-99,41.2110632941711,17.053499168115277,24.15756412605582,-0.3150056843291389,,,,,,,,,,,,,,60,100,-60,,,,,,,,,,
1687392000,29985.7,30497.6,29503.4,29876.4,24092.8835,27174.843927480822,27995.432230784023,163751.947,0,-95,-99,53.856949636267004,37.25912008096386,16.597829555303143,0.5471530322899372,,,,,,,,,,,,,,60,100,-60,,,,,,,,,,,0,-95,-99,53.856949636267004,37.25912008096386,16.597829555303143,0.5471530322899372,,,,,,,,,,,,,,60,100,-60,,,,,,,,,,
1687478400,29876.4,31444,29785.3,30674.1,24161.424,27492.958115891655,28590.69173505424,236934.44,0,-95,-99,62.26213640545653,52.44338311196487,9.81875329349166,1.9381337239734524,,,,,,72.67354439636705,,,,99.25334171103464,,,,60,100,-60,,,,,,,,,,,0,-95,-99,62.26213640545653,52.44338311196487,9.81875329349166,1.9381337239734524,,,,,,72.67354439636705,,,,99.25334171103464,,,,60,100,-60,,,,,,,,,,
1687564800,30674.1,30797.9,30248.1,30528,24228.656499999997,27768.87101444696,29021.204682819964,82158.401,0,-95,-99,64.82114047604018,60.31340883925457,4.507731636785614,-0.35060840511024205,,,,,,,,,,,,,,60,100,-60,,,,,,,,,,,0,-95,-99,64.82114047604018,60.31340883925457,4.507731636785614,-0.35060840511024205,,,,,,,,,,,,,,60,100,-60,,,,,,,,,,
1687651200,30528,31042.1,30260,30460.1,24296.842,28013.52819495178,29340.95919774886,88353.341,0,-95,-99,64.94290572784261,64.00872753644644,0.9341781913961711,-0.6764922334421313,64.00872753644644,,64.00872753644644,,,,,,,,,,,60,100,-60,,,,,,,,,106,,0,-95,-99,64.94290572784261,64.00872753644644,0.9341781913961711,-0.6764922334421313,64.00872753644644,,64.00872753644644,,,,,,,,,,,60,100,-60,,,,,,,,,106,
1687737600,30460.1,30649.6,29917,30262.2,24362.105499999998,28217.95290450162,29545.679376026892,123800.395,0,-95,-99,61.83578109146986,63.86660909845088,-2.030828006981018,-3.095241196308733,,,,,,,,,,,,,,60,100,-60,108,,108,,63.86660909845088,,105,,,,0,-95,-99,61.83578109146986,63.86660909845088,-2.030828006981018,-3.095241196308733,,,,,,,,,,,,,,60,100,-60,108,,108,,63.86660909845088,,105,,,
1687824000,30262.2,30997,30217.1,30680.7,24429.929,28441.839004092384,29797.90618135425,127463.236,0,-95,-99,60.360821167158086,62.379835995490176,-2.0190148283320895,-1.1938308175328658,,,,,,,,,,,,,,60,100,-60,,,,,,,,,,,0,-95,-99,60.360821167158086,62.379835995490176,-2.0190148283320895,-1.1938308175328658,,,,,,,,,,,,,,60,100,-60,,,,,,,,,,
1687910400,30680.7,30694.7,29817,30057.9,24494.6135,28588.753640083985,29855.68258549775,132003.222,0,-95,-99,55.26890832224483,59.15517019362425,-3.8862618713794177,-2.4639558882099593,,,,,,,,,,,,,,60,100,-60,,,,,,,,,,,0,-95,-99,55.26890832224483,59.15517019362425,-3.8862618713794177,-2.4639558882099593,,,,,,,,,,,,,,60,100,-60,,,,,,,,,,
1687996800,30057.9,30830,30027.8,30433.7,24561.392000000003,28756.476036439988,29984.130899831584,110257.392,0,-95,-99,52.42751674609032,56.019082078497725,-3.5915653324074057,-1.3072869068453163,,,,,,,,,,,,,,60,100,-60,,,,,,,,,,,0,-95,-99,52.42751674609032,56.019082078497725,-3.5915653324074057,-1.3072869068453163,,,,,,,,,,,,,,60,100,-60,,,,,,,,,,
1688083200,30433.7,31291.9,29412.8,30465.5,24627.7495,28911.84185130908,30091.10181098012,291232.745,0,-95,-99,49.129212456516974,52.27521250828403,-3.1460000517670537,0.46131330126979897,,,,,,,,,,,,,,60,100,-60,,,,,,,,,,,0,-95,-99,49.129212456516974,52.27521250828403,-3.1460000517670537,0.46131330126979897,,,,,,,,,,,,,,60,100,-60,,,,,,,,,,
1688169600,30465.5,30650,30312,30577,24691.812,29063.219864826435,30199.07918631787,36817.47,0,-95,-99,47.07426636351805,49.54366518870844,-2.469398825190389,-0.2102660056777257,,,,,,,,,,,,,,60,100,-60,,,,,,,,,,,0,-95,-99,47.07426636351805,49.54366518870844,-2.469398825190389,-0.2102660056777257,,,,,,,,,,,,,,60,100,-60,,,,,,,,,,
1688256000,30577,30790,30138.4,30601.9,24755.871499999997,29203.099877114943,30288.59492269168,70308.258,0,-95,-99,44.7720794644589,46.99185276149796,-2.219773297039062,-0.8663864552571674,,,,,,,,,,,,,,60,100,-60,,,,,,,,,,,0,-95,-99,44.7720794644589,46.99185276149796,-2.219773297039062,-0.8663864552571674,,,,,,,,,,,,,,60,100,-60,,,,,,,,,,
1688342400,30601.9,31399.4,30541.6,31149.1,24824.8495,29380.0089791954,30479.818273204637,113015.607,0,-95,-99,47.86320971233501,46.56985184677064,1.2933578655643743,1.3761332459953168,,,,,,70.17181188269437,,,,,,,,60,100,-60,,,,,46.56985184677064,,,,,,0,-95,-99,47.86320971233501,46.56985184677064,1.2933578655643743,1.3761332459953168,,,,,,70.17181188269437,,,,,,,,60,100,-60,,,,,46.56985184677064,,,,,
1688428800,31149.1,31319.2,30602.8,30754.1,24895.45,29504.92634472309,30540.769768048052,87302.891,0,-95,-99,47.41134288018723,46.68221068566036,0.7291321945268692,-1.8321026484842915,,,,,,,,,,,,,,60,100,-60,,,,,,,,,,,0,-95,-99,47.41134288018723,46.68221068566036,0.7291321945268692,-1.8321026484842915,,,,,,,,,,,,,,60,100,-60,,,,,,,,,,
1688515200,30754.1,30869.1,30176.6,30485.3,24964.023999999998,29594.051222475537,30528.443152926262,97126.987,0,-95,-99,41.056177573275484,45.44357672193255,-4.387399148657067,-1.7051854367902162,,,,,,,,,,,,,,60,100,-60,108,,108,,45.44357672193255,,,,,,0,-95,-99,41.056177573275484,45.44357672193255,-4.387399148657067,-1.7051854367902162,,,,,,,,,,,,,,60,100,-60,108,,108,,45.44357672193255,,,,,
1688601600,30485.3,31543.1,29810.1,29875.1,25029.752,29619.601111341395,30383.255785609315,220337.957,0,-95,-99,33.76580617095176,40.74444220813814,-6.9786360371863765,-1.2045737487843922,,,,,,,,,,,,,,60,100,-60,,,,,,,,,,,0,-95,-99,33.76580617095176,40.74444220813814,-6.9786360371863765,-1.2045737487843922,,,,,,,,,,,,,,60,100,-60,,,,,,,,,,
1688688000,29875.1,30445.6,29675.1,30331.5,25099.247000000003,29684.31919212854,30371.754499918356,96393.334,0,-95,-99,22.374964620026294,32.398982788084496,-10.024018168058202,1.669139980704812,,,,,,,,,,,11.131511530005191,,,60,100,-60,,,,,,,,,,,0,-95,-99,22.374964620026294,32.398982788084496,-10.024018168058202,1.669139980704812,,,,,,,,,,,11.131511530005191,,,60,100,-60,,,,,,,,,,
1688774400,30331.5,30377.1,30025,30271.3,25166.1535,29737.681083753218,30349.431277714277,33141.839,0,-95,-99,14.970673349405011,23.703814713461004,-8.733141364055992,1.425551230365869,,,,,,,,,,,,,,60,100,-60,,,,,,,,,,,0,-95,-99,14.970673349405011,23.703814713461004,-8.733141364055992,1.425551230365869,,,,,,,,,,,,,,60,100,-60,,,,,,,,,,
1688860800,30271.3,30451,30052,30150,25232.7935,29775.164621593834,30305.113215999994,41440.397,0,-95,-99,8.815907236737505,15.387181735389584,-6.571274498652079,0.7298701727312031,,,,,,,,,,,,,,60,100,-60,,,,,,,,,,,0,-95,-99,8.815907236737505,15.387181735389584,-6.571274498652079,0.7298701727312031,,,,,,,,,,,,,,60,100,-60,,,,,,,,,,
1688947200,30150,31035.5,29927.5,30399.1,25300.6265,29831.886019630758,30325.999167999995,127048.465,0,-95,-99,11.410521976221801,11.73236752078809,-0.32184554456628867,2.8988403967966017,,,,,,,,,,,,,,60,100,-60,,,,,,,,,,,0,-95,-99,11.410521976221801,11.73236752078809,-0.32184554456628867,2.8988403967966017,,,,,,,,,,,,,,60,100,-60,,,,,,,,,,
1689033600,30399.1,30811.2,30251.5,30602.9,25369.716,29901.978199664325,30387.532686222217,90087.889,0,-95,-99,16.550432299949414,12.258953837636225,4.291478462313188,4.143395441216573,,,,,,,,,,,,,,60,100,-60,,,,,12.258953837636225,,,,,,0,-95,-99,16.550432299949414,12.258953837636225,4.291478462313188,4.143395441216573,,,,,,,,,,,,,,60,100,-60,,,,,12.258953837636225,,,,,
1689120000,30602.9,30962.2,30185,30367.8,25437.4125,29944.32563605848,30383.1476448395,127328.391,0,-95,-99,18.34276192253907,15.434572066236745,2.9081898563023234,3.4717363447087504,,,,,,,,,,,,,,60,100,-60,,,,,,,,,,,0,-95,-99,18.34276192253907,15.434572066236745,2.9081898563023234,3.4717363447087504,,,,,,,,,,,,,,60,100,-60,,,,,,,,,,
1689206400,30367.8,31843.9,30236.9,31437.3,25510.474,30080.05057823498,30617.403723764055,202379.301,0,-95,-99,37.063998043632324,23.985730755373606,13.078267288258719,4.624110291822742,,,,,,66.00328626982338,,,,35.842133284116855,,,,60,100,-60,,,,,,,,,,,0,-95,-99,37.063998043632324,23.985730755373606,13.078267288258719,4.624110291822742,,,,,,66.00328626982338,,,,35.842133284116855,,,,60,100,-60,,,,,,,,,,
1689292800,31437.3,31635.1,29873,30294.8,25577.392999999996,30099.57325294089,30545.714007372044,153945.22,0,-95,-99,32.51297517954421,29.3065783819052,3.2063967976390124,2.35588658662646,,,29.3065783819052,,,,,,,,,,,60,100,-60,,,,,,,,,106,,0,-95,-99,32.51297517954421,29.3065783819052,3.2063967976390124,2.35588658662646,,,29.3065783819052,,,,,,,,,,,60,100,-60,,,,,,,,,106,
1689379200,30294.8,30384,30221.3,30268.6,25645.191000000003,30114.939320855352,30484.13311684492,22549.744,0,-95,-99,17.572472814475653,29.049815345884067,-11.477342531408414,2.634156212226368,,,,,,,,,,,,,,60,100,-60,,,,,29.049815345884067,,,,,,0,-95,-99,17.572472814475653,29.049815345884067,-11.477342531408414,2.634156212226368,,,,,,,,,,,,,,60,100,-60,,,,,29.049815345884067,,,,,
1689465600,30268.6,30445.4,30038.2,30221.4,25713.565499999997,30124.617564413955,30425.74797976827,43918.438,0,-95,-99,4.878295494795729,18.321247829605202,-13.442952334809473,1.4786080808472786,,,,,,,,,,,,,,60,100,-60,,,,,,,,,,,0,-95,-99,4.878295494795729,18.321247829605202,-13.442952334809473,1.4786080808472786,,,,,,,,,,,,,,60,100,-60,,,,,,,,,,
1689552000,30221.4,30318.8,29610,30120,25780.955499999996,30124.197785830867,30357.80398426421,98500.359,0,-95,-99,-10.077271568181423,4.124498913696655,-14.201770481878079,2.41188167517089,,,,,,,,,,,,,,60,100,-60,,,,,,,,,,,0,-95,-99,-10.077271568181423,4.124498913696655,-14.201770481878079,2.41188167517089,,,,,,,,,,,,,,60,100,-60,,,,,,,,,,
1689638400,30120,30224.6,29362,29851,25847.107999999997,30099.361623482608,30245.18087664994,99281.505,0,-95,-99,-24.085013342563798,-9.761329805316498,-14.3236835372473,1.3463973120303376,,,,,,,,,,,,,,60,100,-60,,,,,,,,,,,0,-95,-99,-24.085013342563798,-9.761329805316498,-14.3236835372473,1.3463973120303376,,,,,,,,,,,,,,60,100,-60,,,,,,,,,,
1689724800,29851,30189.9,29734.6,29888.8,25913.804500000002,30080.219657711463,30165.98512628329,81094.954,0,-95,-99,-29.576821529772282,-21.246368813505836,-8.330452716266446,-0.17905541127591285,,,,,,,,,,,,,,60,100,-60,,,,,,,,,,,0,-95,-99,-29.576821529772282,-21.246368813505836,-8.330452716266446,-0.17905541127591285,,,,,,,,,,,,,,60,100,-60,,,,,,,,,,
1689811200,29888.8,30407,29488.1,29792.9,25979.656499999997,30054.099688828603,30083.077320442557,122604.403,0,-95,-99,-33.86963508223201,-29.177156651522694,-4.692478430709315,0.9717807865065375,,,,,,,,,,,,,,60,100,-60,,,,,,,,,,,0,-95,-99,-33.86963508223201,-29.177156651522694,-4.692478430709315,0.9717807865065375,,,,,,,,,,,,,,60,100,-60,,,,,,,,,,
1689897600,29792.9,30050,29710.9,29888.4,26045.7585,30039.036080753274,30039.815693677545,51522.658,0,-95,-99,-36.54465563522932,-33.33037074907787,-3.2142848861514466,1.249921314109697,,,,,,,,,,,,,,60,100,-60,,,,,,,,,,,0,-95,-99,-36.54465563522932,-33.33037074907787,-3.2142848861514466,1.249921314109697,,,,,,,,,,,,,,60,100,-60,,,,,,,,,,
1689984000,29888.4,29992.3,29608.6,29774,26111.2785,30014.941891593884,29980.74553952698,30845.81,0,-95,-99,-40.28435247127787,-36.89954772957973,-3.38480474169814,-0.8203114330488905,,,,,,,,,,,,,,60,100,-60,,,,,,,,,,,0,-95,-99,-40.28435247127787,-36.89954772957973,-3.38480474169814,-0.8203114330488905,,,,,,,,,,,,,,60,100,-60,,,,,,,,,,
1690070400,29774,30330,29717,30071.1,26177.3965,30020.04717417626,30000.824308520983,56514.794,0,-95,-99,-33.58201320789927,-36.80367377146882,3.22166056356955,2.3286369975074432,,,,,,,,,,,,,,60,100,-60,,-108,,,-36.80367377146882,,,,,,0,-95,-99,-33.58201320789927,-36.80367377146882,3.22166056356955,2.3286369975074432,,,,,,,,,,,,,,60,100,-60,,-108,,,-36.80367377146882,,,,,
1690156800,30071.1,30084,28851,29158.9,26239.061,29941.761067432963,29813.730017738544,122850.688,0,-95,-99,-48.41040231230593,-40.75892266382769,-7.651479648478244,0.010252564269514153,,,,,,,,,,,,,,60,100,-60,,,,,-40.75892266382769,,,,,,0,-95,-99,-48.41040231230593,-40.75892266382769,-7.651479648478244,0.010252564269514153,,,,,,,,,,,,,,60,100,-60,,,,,-40.75892266382769,,,,,
1690243200,29158.9,29367,29026.7,29217.2,26300.447,29875.891879484512,29681.167791574422,49872.827,0,-95,-99,-58.237684409832816,-46.74336664334601,-11.494317766486809,-0.5179566592987916,,,,,,,,,,8.347891839936544,,,,60,100,-60,,,,,,,,,,,0,-95,-99,-58.237684409832816,-46.74336664334601,-11.494317766486809,-0.5179566592987916,,,,,,,,,,8.347891839936544,,,,60,100,-60,,,,,,,,,,
1690329600,29217.2,29665.1,29076,29336.7,26362.440499999997,29826.87443589501,29604.619393446774,93748.884,0,-95,-99,-59.27827080882301,-55.308785843653915,-3.9694849651690944,-0.9867520580821691,,,,,,,,,,,,,,60,100,-60,,,,,,,,,,,0,-95,-99,-59.27827080882301,-55.308785843653915,-3.9694849651690944,-0.9867520580821691,,,,,,,,,,,,,,60,100,-60,,,,,,,,,,
1690416000,29336.7,29552.6,29069.4,29209.6,26422.891,29770.758578086374,29516.837306014157,61428.23,0,-95,-99,-60.257133509802145,-59.25769624281932,-0.9994372669828238,-3.6259608143052864,,,,,,,,,,,,,,60,100,-60,,,,,,,,,,,0,-95,-99,-60.257133509802145,-59.25769624281932,-0.9994372669828238,-3.6259608143052864,,,,,,,,,,,,,,60,100,-60,,,,,,,,,,
1690502400,29209.6,29545.8,29111.2,29299.8,26483.5225,29727.944161896703,29468.606793566567,68921.424,0,-95,-99,-58.486444075685114,-59.340616131436754,0.8541720557516399,-2.2340896948887954,,,,-59.340616131436754,,,,,,,,,,60,100,-60,,,,,-59.340616131436754,-107,,,,,0,-95,-99,-58.486444075685114,-59.340616131436754,0.8541720557516399,-2.2340896948887954,,,,-59.340616131436754,,,,,,,,,,60,100,-60,,,,,-59.340616131436754,-107,,,,
1690588800,29299.8,29396.9,29242.4,29340.3,26543.0715,29692.703783542456,29440.094172773996,20478.286,0,-95,-99,-55.836069784436425,-58.193215789974566,2.357146005538141,-1.3778438421854793,,,,,,,,,,,,,,60,100,-60,,,,,,,,,,,0,-95,-99,-55.836069784436425,-58.193215789974566,2.357146005538141,-1.3778438421854793,,,,,,,,,,,,,,60,100,-60,,,,,,,,,,
1690675200,29340.3,29444.9,29000.4,29273.1,26599.792,29654.557985038595,29402.984356601995,52491.289,0,-95,-99,-55.29851519574028,-56.540343018620604,1.2418278228803246,-0.5586764392032075,,,,,,,,,,,,,,60,100,-60,,,,,,,,,,,0,-95,-99,-55.29851519574028,-56.540343018620604,1.2418278228803246,-0.5586764392032075,,,,,,,,,,,,,,60,100,-60,,,,,,,,,,
1690761600,29273.1,29520,29100,29224.4,26651.814,29615.45271367145,29363.298944023776,71733.419,0,-95,-99,-52.499489500321275,-54.54469149349933,2.045201993178054,0.4347188340352517,,,,,,,,,,,,,,60,100,-60,,,,,,,,,,,0,-95,-99,-52.499489500321275,-54.54469149349933,2.045201993178054,0.4347188340352517,,,,,,,,,,,,,,60,100,-60,,,,,,,,,,
1690848000,29224.4,29727.6,28555.6,29700.1,26700.769500000002,29623.1479215195,29438.143623129603,153844.83,0,-95,-99,-47.88531361738085,-51.894439437814135,4.009125820433283,0.1309925735316666,,,,,,,,,,,,,,60,100,-60,,,,,,,,,,,0,-95,-99,-47.88531361738085,-51.894439437814135,4.009125820433283,0.1309925735316666,,,,,,,,,,,,,,60,100,-60,,,,,,,,,,
1690934400,29700.1,30040,28901.6,29169.8,26741.856,29581.934474108635,29378.51170687858,152586.221,0,-95,-99,-41.803386084900495,-47.39606306753421,5.592676982633712,0.034438581578805305,,,,,,,,,,,,,,60,100,-60,,,,,,,,,,,0,-95,-99,-41.803386084900495,-47.39606306753421,5.592676982633712,0.034438581578805305,,,,,,,,,,,,,,60,100,-60,,,,,,,,,,
1691020800,29169.8,29433,28951,29177.6,26783.354,29545.176794644212,29333.86466090556,83576.214,0,-95,-99,-45.423886050627225,-45.037528584302855,-0.3863574663243696,-0.1554465277914172,,,,,,,,,,41.719873634096345,,,,60,100,-60,,,,,-45.037528584302855,,,,,,0,-95,-99,-45.423886050627225,-45.037528584302855,-0.3863574663243696,-0.1554465277914172,,,,,,,,,,41.719873634096345,,,,60,100,-60,,,,,-45.037528584302855,,,,,
1691107200,29177.6,29320,28788,29102.5,26822.9715,29504.933449676555,29282.450291815436,71456.175,0,-95,-99,-51.344132564572,-46.19046823336657,-5.153664331205427,1.4692752660093302,,,,,,,,,,,,,,60,100,-60,,,,,,,,,,,0,-95,-99,-51.344132564572,-46.19046823336657,-5.153664331205427,1.4692752660093302,,,,,,,,,,,,,,60,100,-60,,,,,,,,,,
1691193600,29102.5,29140.7,28970.3,29055.9,26862.661,29464.112226978687,29232.10578252312,21049.336,0,-95,-99,-54.284539671274,-50.350852762157736,-3.933686909116261,-1.0590596264944983,,,,,,,,,,,,,,60,100,-60,,,,,,,,,,,0,-95,-99,-54.284539671274,-50.350852762157736,-3.933686909116261,-1.0590596264944983,,,,,,,,,,,,,,60,100,-60,,,,,,,,,,
1691280000,29055.9,29195,28980,29075.7,26904.669500000004,29428.802024526078,29197.348941962424,24619.687,0,-95,-99,-53.773269200201035,-53.13398047868234,-0.639288721518696,0.9141114460020838,,,,,,,,,,,8.7537361116977,,,60,100,-60,,,,,,,,,,,0,-95,-99,-53.773269200201035,-53.13398047868234,-0.639288721518696,0.9141114460020838,,,,,,,,,,,8.7537361116977,,,60,100,-60,,,,,,,,,,
1691366400,29075.7,29290,28677.1,29200,26945.377,29408.001840478253,29197.938065970775,89115.397,0,-95,-99,-53.5254989937867,-53.86110262175391,0.33560362796720966,0.7693214033266864,,,,-53.86110262175391,,,,,,,,,,60,100,-60,,-108,,,-53.86110262175391,-107,,-106,,,0,-95,-99,-53.5254989937867,-53.86110262175391,0.33560362796720966,0.7693214033266864,,,,-53.86110262175391,,,,,,,,,,60,100,-60,,-108,,,-53.86110262175391,-107,,-106,,
1691452800,29200,30265.8,29126.4,29755.1,26980.87,29439.556218616595,29321.75182908838,161151.519,0,-95,-99,-24.927697386636726,-44.07548852687483,19.147791140238102,2.0765026855288626,,,,,,,,,,,,,,60,100,-60,,,,,,,,,,,0,-95,-99,-24.927697386636726,-44.07548852687483,19.147791140238102,2.0765026855288626,,,,,,,,,,,,,,60,100,-60,,,,,,,,,,
1691539200,29755.1,30129,29364.6,29565.8,27014.7915,29451.032926015087,29375.98475595763,125656.267,0,-95,-99,-7.247887620609987,-28.567028000344475,21.31914037973449,2.7994353958372677,,,,,,,,,,,,,,60,100,-60,,,,,,,,,,,0,-95,-99,-7.247887620609987,-28.567028000344475,21.31914037973449,2.7994353958372677,,,,,,,,,,,,,,60,100,-60,,,,,,,,,,
1691625600,29565.8,29732.3,29308.8,29441.4,27048.481,29450.157205468262,29390.521476855934,75390.971,0,-95,-99,-1.190118620765392,-11.121901209337368,9.931782588571977,1.6820525048585582,,,,,,,,,,70.42271172861078,,,,60,100,-60,,,,,,,,,,,0,-95,-99,-1.190118620765392,-11.121901209337368,9.931782588571977,1.6820525048585582,,,,,,,,,,70.42271172861078,,,,60,100,-60,,,,,,,,,,
1691712000,29441.4,29573,29215.1,29413.9,27081.007999999998,29446.86109588024,29395.716704221282,59907.295,0,-95,-99,-0.6660326310034178,-3.0346796241262646,2.3686469931228467,1.5907333571520175,,,,,,,,,,,,,,60,100,-60,,,,,,,,,,,0,-95,-99,-0.6660326310034178,-3.0346796241262646,2.3686469931228467,1.5907333571520175,,,,,,,,,,,,,,60,100,-60,,,,,,,,,,
1691798400,29413.9,29469,29371.2,29417.8,27114.942000000003,29444.219178072944,29400.62410328322,14803.515,0,-95,-99,0.8760226182487146,-0.32670954450669754,1.2027321627554122,1.6019310334644645,,,,,,,,,,,,,,60,100,-60,,,,,,,,,,,0,-95,-99,0.8760226182487146,-0.32670954450669754,1.2027321627554122,1.6019310334644645,,,,,,,,,,,,,,60,100,-60,,,,,,,,,,
1691884800,29417.8,29463.8,29266.6,29301.3,27146.166,29431.22652552086,29378.552080331392,24728.64,0,-95,-99,-3.1050328109787895,-0.96501427457783,-2.1400185364009596,1.6539296756115496,,,,,,,,,,,,,,60,100,-60,,,,,-0.96501427457783,,,,,,0,-95,-99,-3.1050328109787895,-0.96501427457783,-2.1400185364009596,1.6539296756115496,,,,,,,,,,,,,,60,100,-60,,,,,-0.96501427457783,,,,,
1691971200,29301.3,29680,29080,29422.6,27178.2515,29430.442295928053,29388.340506924415,91780.557,0,-95,-99,-2.1620102298719006,-1.4636734742006574,-0.6983367556712432,0.9428514969173878,,,,,,,,,,,,,,60,100,-60,,,,,,,,,,,0,-95,-99,-2.1620102298719006,-1.4636734742006574,-0.6983367556712432,0.9428514969173878,,,,,,,,,,,,,,60,100,-60,,,,,,,,,,
1692057600,29422.6,29496.1,29049.7,29194.4,27208.893500000002,29408.983905389137,29345.242616496766,58347.303,0,-95,-99,-13.558591634630737,-6.275211558493808,-7.283380076136929,-1.70931386397053,,,,,,,,,,,,,,60,100,-60,,,,,,,,,,,0,-95,-99,-13.558591634630737,-6.275211558493808,-7.283380076136929,-1.70931386397053,,,,,,,,,,,,,,60,100,-60,,,,,,,,,,
1692144000,29194.4,29258.7,28714.1,28727.8,27237.4225,29347.05809580831,29208.03314616415,98336.234,0,-95,-99,-36.0607906973468,-17.260464187283144,-18.80032651006366,-4.473656668066187,,,,,,,,,,,,,,60,100,-60,,,,,,,,,,,0,-95,-99,-36.0607906973468,-17.260464187283144,-18.80032651006366,-4.473656668066187,,,,,,,,,,,,,,60,100,-60,,,,,,,,,,
1692230400,28727.8,28780,24200.9,26610.1,27251.785499999998,29098.2437234621,28630.714669238783,358194.266,0,-95,-99,-70.55008008649156,-40.05648747282303,-30.493592613668532,-4.709769268392564,,,,,,,,,,,,,,60,100,-60,,,,,,,,,,,0,-95,-99,-70.55008008649156,-40.05648747282303,-30.493592613668532,-4.709769268392564,,,,,,,,,,,,,,60,100,-60,,,,,,,,,,
1692316800,26610.1,26820,25572.9,26040.5,27267.835499999997,28820.267021329182,28055.111409407942,183624.491,0,-95,-99,-84.24414484963803,-63.61833854449213,-20.6258063051459,-7.368883042478702,,,,,,,18.569905125964937,,,,,,,60,100,-60,,,,,,,,,,,0,-95,-99,-84.24414484963803,-63.61833854449213,-20.6258063051459,-7.368883042478702,,,,,,,18.569905125964937,,,,,,,60,100,-60,,,,,,,,,,
1692403200,26040.5,26263.3,25785.7,26088.8,27282.629500000003,28571.951837571985,27618.153318428398,64301.32,0,-95,-99,-88.41315177063248,-81.0691255689207,-7.3440262017117846,-9.201319747792885,,,,,,,,,,,1.6820139287892975,,,60,100,-60,,,,,,,,,,,0,-95,-99,-88.41315177063248,-81.0691255689207,-7.3440262017117846,-9.201319747792885,,,,,,,,,,,1.6820139287892975,,,60,100,-60,,,,,,,,,,
1692489600,26088.8,26307,25940.2,26176.5,27294.864500000003,28354.183488701805,27297.7859143332,50738.24,0,-95,-99,-87.1133870753269,-86.59022789853248,-0.5231591767944224,-10.263445842565236,,-86.59022789853248,,-86.59022789853248,,,,,,,,,,60,100,-60,,,,,,,,,,,0,-95,-99,-87.1133870753269,-86.59022789853248,-0.5231591767944224,-10.263445842565236,,-86.59022789853248,,-86.59022789853248,,,,,,,,,,60,100,-60,,,,,,,,,,
1692576000,26176.5,26279.7,25794.2,26112.9,27307.9515,28150.430444274367,27034.477933370265,82183.661,0,-95,-99,-84.11156069257913,-86.54603317951283,2.4344724869337,-10.316099172144554,,,,,,,,,,,,,,60,100,-60,,,,,-86.54603317951283,-107,,,,,0,-95,-99,-84.11156069257913,-86.54603317951283,2.4344724869337,-10.316099172144554,,,,,,,,,,,,,,60,100,-60,,,,,-86.54603317951283,-107,,,,
1692662400,26112.9,26127.4,25267.3,26044,27321.004,27958.93676752215,26814.37172595465,118180.893,0,-95,-99,-81.37660232710718,-84.20051669833772,2.8239143712305435,-11.71866356247305,,,,,,,,,,,,,,60,100,-60,,,,,,,,,,,0,-95,-99,-81.37660232710718,-84.20051669833772,2.8239143712305435,-11.71866356247305,,,,,,,,,,,,,,60,100,-60,,,,,,,,,,
1692748800,26044,26823.8,25801,26422.9,27336.501,27819.297061383775,26727.37800907584,152407.643,0,-95,-99,-73.5496202385857,-79.67926108609066,6.129640847504959,-10.128196936361066,,,,,,,,,,,,,,60,100,-60,,,,,,,,,,,0,-95,-99,-73.5496202385857,-79.67926108609066,6.129640847504959,-10.128196936361066,,,,,,,,,,,,,,60,100,-60,,,,,,,,,,
1692835200,26422.9,26573.6,25834,26161.6,27352.639,27668.597328530705,26601.649562614544,109799.866,0,-95,-99,-67.919978648868,-74.28206707152027,6.362088422652278,-10.79440078153696,,,,,,,,,,,,,,60,100,-60,,,,,,,,,,,0,-95,-99,-67.919978648868,-74.28206707152027,6.362088422652278,-10.79440078153696,,,,,,,,,,,,,,60,100,-60,,,,,,,,,,
1692921600,26161.6,26301.3,25755,26045.9,27369.051,27521.07938957337,26478.14965981131,104937.761,0,-95,-99,-64.03819171670415,-68.5025968680526,4.464405151348458,-10.648537342839905,,,,,,,,,,,,,,60,100,-60,,,,,,,,,,,0,-95,-99,-64.03819171670415,-68.5025968680526,4.464405151348458,-10.648537342839905,,,,,,,,,,,,,,60,100,-60,,,,,,,,,,
1693008000,26045.9,26115,25974.3,26008.5,27382.871,27383.572172339427,26373.78306874213,24080.421,0,-95,-99,-60.02292006552337,-63.99369681036516,3.9707767448417854,-12.654589956696261,,,,,,,24.923151979708635,,,,,,,60,100,-60,,,,,,,,,,,0,-95,-99,-60.02292006552337,-63.99369681036516,3.9707767448417854,-12.654589956696261,,,,,,,24.923151979708635,,,,,,,60,100,-60,,,,,,,,,,
1693094400,26008.5,26170,25957.3,26085.4,27398.502999999997,27265.55652030857,26309.69794235499,53404.483,0,-95,-99,-55.58256404426787,-59.881225275498444,4.298661231230575,-9.9767801073759,,,,,,,,,,,,,,60,100,-60,,,,,,,,,,,0,-95,-99,-55.58256404426787,-59.881225275498444,4.298661231230575,-9.9767801073759,,,,,,,,,,,,,,60,100,-60,,,,,,,,,,
1693180800,26085.4,26243.5,25842,26102.4,27420.005,27159.815018462337,26263.63173294277,79527.366,0,-95,-99,-51.52742393921827,-55.710969349669824,4.183545410451558,-11.042081381921953,,,,,,,,,,,,,,60,100,-60,,,,,,,,,,,0,-95,-99,-51.52742393921827,-55.710969349669824,4.183545410451558,-11.042081381921953,,,,,,,,,,,,,,60,100,-60,,,,,,,,,,
1693267200,26102.4,28140.8,25910.9,27702.6,27450.397,27209.159107693034,26583.402458955487,276545.164,0,-95,-99,-30.550991015861232,-45.88699299978244,15.33600198392121,-9.290362231583181,,,,,,,,,,,,,,60,100,-60,,,,,,,,,,,0,-95,-99,-30.550991015861232,-45.88699299978244,15.33600198392121,-9.290362231583181,,,,,,,,,,,,,,60,100,-60,,,,,,,,,,
1693353600,27702.6,27756.2,26969.5,27282.7,27477.575,27215.844643357304,26738.801912520936,122130.804,0,-95,-99,-14.541028193759931,-32.20648104961313,17.6654528558532,-11.449437798534628,,,,,,,,,,,,,,60,100,-60,,,,,,,,,,,0,-95,-99,-14.541028193759931,-32.20648104961313,17.6654528558532,-11.449437798534628,,,,,,,,,,,,,,60,100,-60,,,,,,,,,,
1693440000,27282.7,27627.5,25627.2,25924.1,27498.311,27098.413312143002,26557.757043071837,230575.976,0,-95,-99,-16.47339467713708,-20.5218046289194,4.048409951782322,-13.242967169221115,,,,,,,,,,74.36833938980072,,,,60,100,-60,,,,,,,,,,,0,-95,-99,-16.47339467713708,-20.5218046289194,4.048409951782322,-13.242967169221115,,,,,,,,,,74.36833938980072,,,,60,100,-60,,,,,,,,,,
1693526400,25924.1,26145,25305.4,25793.7,27518.4395,26979.803011039094,26387.96658905587,148689.968,0,-95,-99,-26.487169773311358,-19.167197548069442,-7.319972225241916,-15.22602463999263,,,,,,,,,,,,,,60,100,-60,,,,,-19.167197548069442,,,,,,0,-95,-99,-26.487169773311358,-19.167197548069442,-7.319972225241916,-15.22602463999263,,,,,,,,,,,,,,60,100,-60,,,,,-19.167197548069442,,,,,
1693612800,25793.7,25975,25742.5,25857.7,27536.8075,26877.793646399175,26270.12956926568,33745.877,0,-95,-99,-31.15354878154525,-24.704704410664547,-6.448844370880703,-13.159432719818286,,,,,,,,,,,,,,60,100,-60,,,,,,,,,,,0,-95,-99,-31.15354878154525,-24.704704410664547,-6.448844370880703,-13.159432719818286,,,,,,,,,,,,,,60,100,-60,,,,,,,,,,
1693699200,25857.7,26133,25783,25959.9,27544.955500000004,26794.348769453794,26201.189664984417,47583.256,0,-95,-99,-32.401862480802095,-30.014193678552903,-2.387668802249191,-11.459035607904926,,,,,,,,,,,,,,60,100,-60,,,,,,,,,,,0,-95,-99,-32.401862480802095,-30.014193678552903,-2.387668802249191,-11.459035607904926,,,,,,,,,,,,,,60,100,-60,,,,,,,,,,
1693785600,25959.9,26089,25616.3,25811.9,27556.4375,26705.035244957995,26114.680850543435,65625.431,0,-95,-99,-34.7318795524423,-32.76243027159655,-1.969449280845751,-11.361507637867238,,,,,,,,,,,,,,60,100,-60,,,,,,,,,,,0,-95,-99,-34.7318795524423,-32.76243027159655,-1.969449280845751,-11.361507637867238,,,,,,,,,,,,,,60,100,-60,,,,,,,,,,
1693872000,25811.9,25900,25542,25781.9,27562.457000000002,26621.113859052723,26040.72955042267,60842.836,0,-95,-99,-37.40196934828067,-34.845237127175025,-2.556732221105648,-13.051861431203209,,,,,,,,,,,,,,60,100,-60,,,,,,,,,,,0,-95,-99,-37.40196934828067,-34.845237127175025,-2.556732221105648,-13.051861431203209,,,,,,,,,,,,,,60,100,-60,,,,,,,,,,
1693958400,25781.9,26052.4,25342.4,25749.5,27568.015000000003,26541.876235502474,25976.011872550967,93493.249,0,-95,-99,-39.04072368087731,-37.058190860533436,-1.9825328203438772,-12.738510550571505,,,,,,,,,,,45.74980098753744,,,60,100,-60,,,,,,,,,,,0,-95,-99,-39.04072368087731,-37.058190860533436,-1.9825328203438772,-12.738510550571505,,,,,,,,,,,45.74980098753744,,,60,100,-60,,,,,,,,,,
1694044800,25749.5,26450,25601.7,26245.2,27577.906500000005,26514.905668638614,26035.831456428532,99199.976,0,-95,-99,-30.847164329355003,-35.763285786171,4.916121456815993,-10.517622585639726,,,,,,,,,,,,,,60,100,-60,,,,-108,-35.763285786171,,,,,,0,-95,-99,-30.847164329355003,-35.763285786171,4.916121456815993,-10.517622585639726,,,,,,,,,,,,,,60,100,-60,,,,-108,-35.763285786171,,,,,
1694131200,26245.2,26436.3,25631.9,25896.9,27583.1235,26458.72333512601,26004.957799444415,92708.169,0,-95,-99,-27.22293769390762,-32.37027523471331,5.14733754080569,-12.162155160987943,,,,,,,,,,,,,,60,100,-60,,,,,,,,,,,0,-95,-99,-27.22293769390762,-32.37027523471331,5.14733754080569,-12.162155160987943,,,,,,,,,,,,,,60,100,-60,,,,,,,,,,
1694217600,25896.9,25939.8,25784.8,25889.7,27590.294500000004,26406.993941023647,25979.344955123433,17249.297,0,-95,-99,-27.945784390726082,-28.671962137996235,0.7261777472701532,-13.188593287403618,,,,,,,,,,55.2975478044378,,,,60,100,-60,,,,,,,,,,,0,-95,-99,-27.945784390726082,-28.671962137996235,0.7261777472701532,-13.188593287403618,,,,,,,,,,55.2975478044378,,,,60,100,-60,,,,,,,,,,
1694304000,25889.7,26020,25543.1,25826.4,27598.525500000003,26354.21267365786,25945.357187318226,55650.038,0,-95,-99,-30.591161890634254,-28.58662799175599,-2.0045338988782646,-12.764183509876394,,,,,,,,,,,,,,60,100,-60,,,,,-28.58662799175599,,,,,,0,-95,-99,-30.591161890634254,-28.58662799175599,-2.0045338988782646,-12.764183509876394,,,,,,,,,,,,,,60,100,-60,,,,,-28.58662799175599,,,,,
1694390400,25826.4,25890,24853.4,25154.7,27604.617000000002,26245.16606696169,25769.655590136397,172002.657,0,-95,-99,-44.541597489786774,-34.359514590382375,-10.1820828994044,-16.04795755409568,,,,,,,,,,,,,,60,100,-60,,,,,,,,,,,0,-95,-99,-44.541597489786774,-34.359514590382375,-10.1820828994044,-16.04795755409568,,,,,,,,,,,,,,60,100,-60,,,,,,,,,,
1694476800,25154.7,26584,25122,25825,27617.816500000004,26206.969151783356,25781.954347883864,219432.334,0,-95,-99,-36.872162489067755,-37.33497395649626,0.46281146742850865,-13.28081847601053,,,,,,,,,,,39.06104750660485,,,60,100,-60,,,,-108,-37.33497395649626,,,,,,0,-95,-99,-36.872162489067755,-37.33497395649626,0.46281146742850865,-13.28081847601053,,,,,,,,,,,39.06104750660485,,,60,100,-60,,,,-108,-37.33497395649626,,,,,
1694563200,25825,26397,25740.5,26207.8,27633.081500000004,26207.044683439413,25876.58671502078,126346.889,0,-95,-99,-20.975075087304987,-34.12961168871984,13.154536601414854,-11.420506649357197,,,,,,,,,,,,,,60,100,-60,,,,,,,,,,,0,-95,-99,-20.975075087304987,-34.12961168871984,13.154536601414854,-11.420506649357197,,,,,,,,,,,,,,60,100,-60,,,,,,,,,,
1694649600,26207.8,26863.2,26105.5,26510,27647.89,26234.58607585401,26017.34522279394,128898.613,0,-95,-99,-0.11415614096892313,-19.32046457244723,19.206308431478305,-10.133626283198952,,,,,,,,,,,,,,60,100,-60,,,,,,,,,,,0,-95,-99,-0.11415614096892313,-19.32046457244723,19.206308431478305,-10.133626283198952,,,,,,,,,,,,,,60,100,-60,,,,,,,,,,
1694736000,26510,26890.9,26204.8,26588.9,27663.414000000004,26266.796432594554,26144.3573955064,93787.138,0,-95,-99,14.351287194533404,-2.245981344580178,16.597268539113582,-9.488485022012197,,,,,,,,,,,,,,60,100,-60,,,,,,,,,,,0,-95,-99,14.351287194533404,-2.245981344580178,16.597268539113582,-9.488485022012197,,,,,,,,,,,,,,60,100,-60,,,,,,,,,,
1694822400,26588.9,26765.4,26430,26550,27680.5145,26292.542211449596,26234.500196504978,41608.69,0,-95,-99,23.81194317601129,12.683024743191915,11.128918432819376,-8.99881756354706,,,,,,,,,,,,,,60,100,-60,,,,,,,,,,,0,-95,-99,23.81194317601129,12.683024743191915,11.128918432819376,-8.99881756354706,,,,,,,,,,,,,,60,100,-60,,,,,,,,,,
1694908800,26550,26609.3,26380,26514.6,27694.9375,26312.729283135996,26296.74459728165,33314.109,0,-95,-99,27.910190314689874,22.024473561744845,5.885716752945029,-9.592330282716723,,,,,,,,,,98.17716976829885,,,,60,100,-60,,,,,,,,,,,0,-95,-99,27.910190314689874,22.024473561744845,5.885716752945029,-9.592330282716723,,,,,,,,,,98.17716976829885,,,,60,100,-60,,,,,,,,,,
1694995200,26514.6,27400,26350.3,26749.3,27711.371500000005,26352.417530123632,26397.312464552393,184832.863,0,-95,-99,37.370448789193155,29.697527426631428,7.672921362561727,-8.772451269976399,,,,,,,,,,,,,,60,100,-60,,,,,,,,,,,0,-95,-99,37.370448789193155,29.697527426631428,7.672921362561727,-8.772451269976399,,,,,,,,,,,,,,60,100,-60,,,,,,,,,,
1695081600,26749.3,27484.9,26651.1,27193,27735.607500000006,26428.83411829421,26574.131916874085,152346.585,0,-95,-99,47.09531421534372,37.45865110640891,9.636663108934812,-8.14616586476646,,,,,,,,,,,,,,60,100,-60,,,,,,,,,,,0,-95,-99,47.09531421534372,37.45865110640891,9.636663108934812,-8.14616586476646,,,,,,,,,,,,,,60,100,-60,,,,,,,,,,
1695168000,27193,27383.1,26710.5,27110.6,27759.477500000005,26490.812834812918,26693.34704645762,129859.238,0,-95,-99,51.0745800823457,45.180114362294184,5.894465720051514,-7.707066034646241,,,,,,,,,,98.2365110619912,,,,60,100,-60,,,,,,,,,,,0,-95,-99,51.0745800823457,45.180114362294184,5.894465720051514,-7.707066034646241,,,,,,,,,,98.2365110619912,,,,60,100,-60,,,,,,,,,,
1695254400,27110.6,27149.9,26363,26554.5,27780.155000000006,26496.60257710265,26662.492147244815,132916.233,0,-95,-99,44.58409448759626,47.58466292842855,-3.0005684408322892,-10.685472897680949,47.58466292842855,,47.58466292842855,,,,,,,,,,,60,100,-60,108,,108,,47.58466292842855,,,,,,0,-95,-99,44.58409448759626,47.58466292842855,-3.0005684408322892,-10.685472897680949,47.58466292842855,,47.58466292842855,,,,,,,,,,,60,100,-60,108,,108,,47.58466292842855,,,,,
1695340800,26554.5,26732.9,26455.3,26565.7,27800.991000000005,26502.88416100241,26640.98278119041,55278.125,0,-95,-99,35.86706849904748,43.8419143563298,-7.974845857282325,-8.735054410871289,,,,,,,,,,,,,,60,100,-60,,,,,,,,,,,0,-95,-99,35.86706849904748,43.8419143563298,-7.974845857282325,-8.735054410871289,,,,,,,,,,,,,,60,100,-60,,,,,,,,,,
1695427200,26565.7,26620,26496.1,26565.6,27822.874500000005,26508.585600911283,26624.231052036987,15215.509,0,-95,-99,27.71911562939006,36.05675953867793,-8.33764390928787,-9.165370727220406,,,,,,,,,,,,,,60,100,-60,,,,,,,,,,,0,-95,-99,27.71911562939006,36.05675953867793,-8.33764390928787,-9.165370727220406,,,,,,,,,,,,,,60,100,-60,,,,,,,,,,
1695513600,26565.6,26724.9,26079,26232.9,27845.529000000002,26483.52327355571,26537.268596028767,52046.107,0,-95,-99,13.52538051649422,25.70385488164391,-12.17847436514969,-10.960238286770837,,,,,,,,,,,,,,60,100,-60,,,,,,,,,,,0,-95,-99,13.52538051649422,25.70385488164391,-12.17847436514969,-10.960238286770837,,,,,,,,,,,,,,60,100,-60,,,,,,,,,,
1695600000,26232.9,26437,25971.3,26287.5,27875.188500000004,26465.70297595974,26481.76446357793,103955.422,0,-95,-99,-0.21486750789332731,13.676542879330304,-13.891410387223631,-10.009535937569243,,,,,,,,,,,,,,60,100,-60,,,,,,,,,,,0,-95,-99,-0.21486750789332731,13.676542879330304,-13.891410387223631,-10.009535937569243,,,,,,,,,,,,,,60,100,-60,,,,,,,,,,
1695686400,26287.5,26382.5,26075.6,26207.4,27905.518500000006,26442.220887236126,26420.794582782833,64863.984,0,-95,-99,-9.973377540014882,1.1123784895286548,-11.085756029543537,-11.180896530719236,,,,,,,,,,,,,,60,100,-60,,,,,,,,,,,0,-95,-99,-9.973377540014882,1.1123784895286548,-11.085756029543537,-11.180896530719236,,,,,,,,,,,,,,60,100,-60,,,,,,,,,,
1695772800,26207.4,26838.7,26087.5,26359.5,27935.065500000008,26434.700806578297,26407.17356438665,137145.594,0,-95,-99,-9.054575682938518,-6.414273576948925,-2.6403021059895933,-11.33004624069784,,,,,,,,,,,20.293634702662633,,,60,100,-60,,,,,,,,,,,0,-95,-99,-9.054575682938518,-6.414273576948925,-2.6403021059895933,-11.33004624069784,,,,,,,,,,,20.293634702662633,,,60,100,-60,,,,,,,,,,
1695859200,26359.5,27312.7,26322,27010.7,27960.224500000008,26487.064369616633,26541.290550078505,166833.291,0,-95,-99,8.783780290666337,-3.4147243107623697,12.198504601428708,-9.30881095728652,,,,,,,,,,,,,,60,100,-60,,,,-108,-3.4147243107623697,,,,,,0,-95,-99,8.783780290666337,-3.4147243107623697,12.198504601428708,-9.30881095728652,,,,,,,,,,,,,,60,100,-60,,,,-108,-3.4147243107623697,,,,,
1695945600,27010.7,27238.9,26641,26894.7,27974.137000000006,26524.12215419694,26619.825983394392,105074.223,0,-95,-99,20.999946193102005,6.909716933609926,14.09022925949208,-9.503960946534619,,,,,,,,,,,,,,60,100,-60,,,,,,,,,,,0,-95,-99,20.999946193102005,6.909716933609926,14.09022925949208,-9.503960946534619,,,,,,,,,,,,,,60,100,-60,,,,,,,,,,
1696032000,26894.7,27082,26876.2,26953.5,27985.481000000007,26563.1565038154,26693.975764862305,27217.005,0,-95,-99,29.6842952880286,19.8226739239323,9.861621364096301,-9.804393662283033,,,,,,,,,,,,,,60,100,-60,,,,,,,,,,,0,-95,-99,29.6842952880286,19.8226739239323,9.861621364096301,-9.804393662283033,,,,,,,,,,,,,,60,100,-60,,,,,,,,,,
1696118400,26953.5,28350,26942.9,27979,28003.95150000001,26691.869548923092,26979.536706004015,92312.113,0,-95,-99,48.85439821229947,33.17954656447668,15.674851647822791,-6.817810769846108,,,,,,67.30079715371032,,,,,,,,60,100,-60,,,,,,,,,,,0,-95,-99,48.85439821229947,33.17954656447668,15.674851647822791,-6.817810769846108,,,,,,67.30079715371032,,,,,,,,60,100,-60,,,,,,,,,,
1696204800,27979,28591.7,27253.6,27484.1,28016.426000000007,26763.890499020992,27091.661882447566,230561.084,0,-95,-99,57.80959196279568,45.449428487707905,12.360163475087774,-7.782899142192974,,,,,,,,,,81.52861645940095,,,,60,100,-60,,,,,,,,,,,0,-95,-99,57.80959196279568,45.449428487707905,12.360163475087774,-7.782899142192974,,,,,,,,,,81.52861645940095,,,,60,100,-60,,,,,,,,,,
1696291200,27484.1,27662,27150.5,27413.2,28016.581000000006,26822.91863547363,27163.114797459217,105579.967,0,-95,-99,55.74048848358243,54.13482621955918,1.6056622640232519,-7.776515422630134,,,,,,,,,,,,,,60,100,-60,,,,,,,,,,,0,-95,-99,55.74048848358243,54.13482621955918,1.6056622640232519,-7.776515422630134,,,,,,,,,,,,,,60,100,-60,,,,,,,,,,
1696377600,27413.2,27825,27175.6,27764.7,28020.913500000006,26908.535123157846,27296.800398023835,109483.596,0,-95,-99,56.478555883904974,56.67621211009435,-0.19765622618937329,-5.739657817704852,,,,,,61.984003776262846,,,,,,,,60,100,-60,108,,,,56.67621211009435,,105,,,,0,-95,-99,56.478555883904974,56.67621211009435,-0.19765622618937329,-5.739657817704852,,,,,,61.984003776262846,,,,,,,,60,100,-60,108,,,,56.67621211009435,,105,,,
1696464000,27764.7,28115,27336.6,27397.3,28018.089500000006,26952.96829377986,27319.13364290743,138162.855,0,-95,-99,56.182633606761904,56.13389265808309,0.0487409486788124,-7.149874959605943,,,,,,,,,,,65.83275954059427,,,60,100,-60,,,,,56.13389265808309,,,,,,0,-95,-99,56.182633606761904,56.13389265808309,0.0487409486788124,-7.149874959605943,,,,,,,,,,,65.83275954059427,,,60,100,-60,,,,,56.13389265808309,,,,,
1696550400,27397.3,28285,27132,27912.5,28019.13400000001,27040.198448890784,27450.992833372446,169373.774,0,-95,-99,57.73910607721853,56.80009852262845,0.9390075545900771,-6.539804923038848,,,,,,,,,,,,,,60,100,-60,,,,,,,,,,,0,-95,-99,57.73910607721853,56.80009852262845,0.9390075545900771,-6.539804923038848,,,,,,,,,,,,,,60,100,-60,,,,,,,,,,
1696636800,27912.5,28020.8,27817.5,27942.3,28018.395500000006,27122.207680809803,27560.172203734124,36960.951,0,-95,-99,60.02496176550229,57.98223381649424,2.0427279490080537,-7.3913170019965415,,,,,,61.90664327501436,,,,,,,,60,100,-60,,,,,,,,,,,0,-95,-99,60.02496176550229,57.98223381649424,2.0427279490080537,-7.3913170019965415,,,,,,61.90664327501436,,,,,,,,60,100,-60,,,,,,,,,,
1696723200,27942.3,28077.7,27665.1,27899,28021.721500000007,27192.82516437255,27635.467269570985,60590.687,0,-95,-99,59.11772726443304,58.960598369051276,0.1571288953817671,-7.034564612014109,58.960598369051276,,58.960598369051276,,,,,,,72.40414273101558,,,,60,100,-60,,,,,,,,,,,0,-95,-99,59.11772726443304,58.960598369051276,0.1571288953817671,-7.034564612014109,58.960598369051276,,58.960598369051276,,,,,,,72.40414273101558,,,,60,100,-60,,,,,,,,,,
1696809600,27899,27971.5,27250,27579.2,28018.227500000005,27227.95014942959,27622.963431888544,127589.173,0,-95,-99,50.55915684182633,56.567281957253876,-6.008125115427546,-7.4083161675838545,,,,,,,,,,,,,,60,100,-60,108,,,,56.567281957253876,,105,,,,0,-95,-99,50.55915684182633,56.567281957253876,-6.008125115427546,-7.4083161675838545,,,,,,,,,,,,,,60,100,-60,108,,,,56.567281957253876,,105,,,
1696896000,27579.2,27721.7,27282.3,27378,28017.93150000001,27241.59104493599,27568.52711369109,97856.074,0,-95,-99,38.8499243309745,49.50893614574462,-10.659011814770118,-8.360966235375503,,,,,,,,,,,,,,60,100,-60,,,,,,,,,,,0,-95,-99,38.8499243309745,49.50893614574462,-10.659011814770118,-8.360966235375503,,,,,,,,,,,,,,60,100,-60,,,,,,,,,,
1696982400,27378,27465.4,26523,26865.5,28015.034500000005,27207.40094994181,27412.29886620418,164050.793,0,-95,-99,16.466983323325255,35.292021498708685,-18.82503817538343,-9.820220183004265,,,,,,,,,,,,,,60,100,-60,,,,,,,,,,,0,-95,-99,16.466983323325255,35.292021498708685,-18.82503817538343,-9.820220183004265,,,,,,,,,,,,,,60,100,-60,,,,,,,,,,
1697068800,26865.5,26932,26540.1,26746.4,28009.008500000007,27165.491772674373,27264.32134038103,83182.287,0,-95,-99,-2.2021796360663153,17.704909339411135,-19.90708897547745,-9.103053348210228,,,,,,,,,,,,,,60,100,-60,,,,,,,,,,,0,-95,-99,-2.2021796360663153,17.704909339411135,-19.90708897547745,-9.103053348210228,,,,,,,,,,,,,,60,100,-60,,,,,,,,,,
1697155200,26746.4,27120.1,26670.2,26846.7,28007.700500000006,27136.51070243125,27171.516598074133,94437.728,0,-95,-99,-11.658856817067242,0.8686489567305541,-12.527505773797797,-9.051123937970914,,,,,,,,,,,,,,60,100,-60,,,,,,,,,,,0,-95,-99,-11.658856817067242,0.8686489567305541,-12.527505773797797,-9.051123937970914,,,,,,,,,,,,,,60,100,-60,,,,,,,,,,
1697241600,26846.7,26978.8,26780,26841.6,28005.691000000006,27109.700638573864,27098.201798502105,24675.898,0,-95,-99,-18.33932458834821,-10.733453680493938,-7.605870907854271,-7.837256954709375,,,,,,,,,,,4.928517032090795,,,60,100,-60,,,,,,,,,,,0,-95,-99,-18.33932458834821,-10.733453680493938,-7.605870907854271,-7.837256954709375,,,,,,,,,,,4.928517032090795,,,60,100,-60,,,,,,,,,,
1697328000,26841.6,27283.1,26800,27139.3,27999.737500000003,27112.391489612604,27107.334732168303,58245.981,0,-95,-99,-17.588779746119663,-15.862320383845052,-1.7264593622746105,-4.154746606595712,,,,,,,,,,,,,,60,100,-60,,,,,,,,,,,0,-95,-99,-17.588779746119663,-15.862320383845052,-1.7264593622746105,-4.154746606595712,,,,,,,,,,,,,,60,100,-60,,,,,,,,,,
1697414400,27139.3,30625.8,27098,28480.9,28002.101500000004,27236.801354193278,27412.571458353126,367390.427,0,-95,-99,12.469402964956931,-7.819567123170327,20.288970088127257,-2.0478354599832675,,,,,,65.34941486538304,,,,,,,,60,100,-60,,,,-108,-7.819567123170327,,,,,,0,-95,-99,12.469402964956931,-7.819567123170327,20.288970088127257,-2.0478354599832675,,,,,,65.34941486538304,,,,,,,,60,100,-60,,,,-108,-7.819567123170327,,,,,
1697500800,28480.9,28600,28026,28380.7,28001.744500000008,27340.79214017571,27627.711134274654,117600.787,0,-95,-99,24.329569765976863,6.403397661604696,17.926172104372167,-1.342397519920515,,,,,,,,,,,,,,60,100,-60,,,,,,,,,,,0,-95,-99,24.329569765976863,6.403397661604696,17.926172104372167,-1.342397519920515,,,,,,,,,,,,,,60,100,-60,,,,,,,,,,
1697587200,28380.7,28993.7,28125,28309.1,28001.114500000007,27428.820127432464,27779.13088221362,115382.253,0,-95,-99,33.07774065401293,23.292237794982228,9.7855028590307,-1.8012791778359727,,,,,,,,,,,,,,60,100,-60,,,,,,,,,,,0,-95,-99,33.07774065401293,23.292237794982228,9.7855028590307,-1.8012791778359727,,,,,,,,,,,,,,60,100,-60,,,,,,,,,,
1697673600,28309.1,28922.1,28074,28696.9,28003.819500000005,27544.100115847694,27983.07957505504,124173.792,0,-95,-99,39.06028319015628,32.15586453671534,6.904418653440935,-1.2558728670845123,,,,,,,,,,,,,,60,100,-60,,,,,,,,,,,0,-95,-99,39.06028319015628,32.15586453671534,6.904418653440935,-1.2558728670845123,,,,,,,,,,,,,,60,100,-60,,,,,,,,,,
1697760000,28696.9,30260,28555.6,29652.7,28013.139500000005,27735.791014406994,28354.10633615392,213127.039,0,-95,-99,51.068311412369205,41.06877841884612,9.999532993523083,0.47358419213894276,,,,,,,,,,,,,,60,100,-60,,,,,,,,,,,0,-95,-99,51.068311412369205,41.06877841884612,9.999532993523083,0.47358419213894276,,,,,,,,,,,,,,60,100,-60,,,,,,,,,,
1697846400,29652.7,30382,29450.3,29891.6,28021.84900000001,27931.7736494609,28695.771594786384,100368.078,0,-95,-99,59.62764476885739,49.91874645712761,9.708898311729776,1.314884124102941,,,,,,,,,,,,,,60,100,-60,,,,,,,,,,,0,-95,-99,59.62764476885739,49.91874645712761,9.708898311729776,1.314884124102941,,,,,,,,,,,,,,60,100,-60,,,,,,,,,,
1697932800,29891.6,30321,29605.9,29978.7,28030.96900000001,28117.857863146273,28980.866795944967,78161.779,0,-95,-99,63.3171577016726,58.004371294299716,5.312786407372883,0.6932528492627159,,,,,,,,,,,,,,60,100,-60,,,,,,,,,,,0,-95,-99,63.3171577016726,58.004371294299716,5.312786407372883,0.6932528492627159,,,,,,,,,,,,,,60,100,-60,,,,,,,,,,
1698019200,29978.7,36743.5,29875,33092.9,28056.323000000008,28570.13442104207,29894.65195240164,397499.899,0,-95,-99,79.13382873704859,67.35954373585952,11.774285001189071,2.7100085946918195,,,,,,,,,,,,,,60,100,-60,,,,,,,,,,,0,-95,-99,79.13382873704859,67.35954373585952,11.774285001189071,2.7100085946918195,,,,,,,,,,,,,,60,100,-60,,,,,,,,,,
1698105600,33092.9,35299.9,32843.3,33935.8,28086.581000000006,29057.922200947334,30792.684851867944,318075.969,0,-95,-99,86.40541138290848,76.2854659405432,10.119945442365278,4.097270837536954,,,,,,,,,,,,,,60,100,-60,,,,,,,,,,,0,-95,-99,86.40541138290848,76.2854659405432,10.119945442365278,4.097270837536954,,,,,,,,,,,,,,60,100,-60,,,,,,,,,,
1698192000,33935.8,35184.8,33685,34505,28119.457500000004,29553.111091770304,31617.643773675067,182268.981,0,-95,-99,88.45615645828775,84.66513219274826,3.791024265539491,5.710598480464579,,,,,,88.0496072325114,,,,,,,,60,100,-60,,,,,,,,,,,0,-95,-99,88.45615645828775,84.66513219274826,3.791024265539491,5.710598480464579,,,,,,88.0496072325114,,,,,,,,60,100,-60,,,,,,,,,,
1698278400,34505,34845.1,33751,34166.1,28148.739500000007,29972.473719791185,32183.967379525053,120771.122,0,-95,-99,86.04758050946259,86.96971611688626,-0.9221356074236695,4.032362515771772,86.96971611688626,,86.96971611688626,,,,,,,,,,,60,100,-60,,,,,86.96971611688626,,105,,,,0,-95,-99,86.04758050946259,86.96971611688626,-0.9221356074236695,4.032362515771772,86.96971611688626,,86.96971611688626,,,,,,,,,,,60,100,-60,,,,,86.96971611688626,,105,,,
1698364800,34166.1,34276.3,33350,33911,28170.15400000001,30330.52156344653,32567.752406297262,106620.956,0,-95,-99,80.62358145004278,85.04243947259769,-4.4188580225549146,3.238017615420362,,,,,,,,,,,,,,60,100,-60,,,,,,,,,,,0,-95,-99,80.62358145004278,85.04243947259769,-4.4188580225549146,3.238017615420362,,,,,,,,,,,,,,60,100,-60,,,,,,,,,,
1698451200,33911,34592.7,33881,34097.4,28189.746000000006,30672.965057678666,32907.67409378676,54426.813,0,-95,-99,76.29612605794969,80.98909600581834,-4.692969947868647,2.098761245826048,,,,,,,,,,,,,,60,100,-60,,,,,,,,,,,0,-95,-99,76.29612605794969,80.98909600581834,-4.692969947868647,2.098761245826048,,,,,,,,,,,,,,60,100,-60,,,,,,,,,,
1698537600,34097.4,34795,33936.1,34535.8,28213.07000000001,31024.13187061697,33269.47985072304,64826.587,0,-95,-99,72.45352044266181,76.45774265021807,-4.0042222075562535,4.709183433368993,,,,,,,,,,,,,,60,100,-60,,,,,,,,,,,0,-95,-99,72.45352044266181,76.45774265021807,-4.0042222075562535,4.709183433368993,,,,,,,,,,,,,,60,100,-60,,,,,,,,,,
1698624000,34535.8,34913.2,34026.4,34501.6,28233.747000000007,31340.265336924516,33543.28432834014,100478.788,0,-95,-99,68.39716630733415,72.38227093598185,-3.9851046286477043,6.31076466100216,,,,,,,,,,,,,,60,100,-60,,,,,,,,,,,0,-95,-99,68.39716630733415,72.38227093598185,-3.9851046286477043,6.31076466100216,,,,,,,,,,,,,,60,100,-60,,,,,,,,,,
1698710400,34501.6,34761,34041.4,34667.1,28254.89150000001,31642.70485174956,33793.02114426455,94084.316,0,-95,-99,64.14848564952128,68.33305746650571,-4.18457181698443,7.274017001180557,,,,,,,,,,,,,,60,100,-60,,,,,,,,,,,0,-95,-99,64.14848564952128,68.33305746650571,-4.18457181698443,7.274017001180557,,,,,,,,,,,,,,60,100,-60,,,,,,,,,,
1698796800,34667.1,35749.8,34058,35442.4,28280.63500000001,31988.13168340869,34159.54977887243,196036.327,0,-95,-99,62.850180935968886,65.13194429760807,-2.281763361639186,7.731518205598579,,,,,,84.87692440371889,,,,,,,,60,100,-60,,,,,,,,,,,0,-95,-99,62.850180935968886,65.13194429760807,-2.281763361639186,7.731518205598579,,,,,,84.87692440371889,,,,,,,,60,100,-60,,,,,,,,,,
1698883200,35442.4,36084.2,34295.7,34958.5,28303.948000000008,32258.165166735173,34337.094272456336,188074.069,0,-95,-99,60.67584855996901,62.55817171515303,-1.882323155184018,6.32511339709983,,,,,,,,,,,,,,60,100,-60,,,,,,,,,,,0,-95,-99,60.67584855996901,62.55817171515303,-1.882323155184018,6.32511339709983,,,,,,,,,,,,,,60,100,-60,,,,,,,,,,
1698969600,34958.5,34959.7,34131.7,34720.1,28330.439500000008,32481.977424304703,34422.20665635493,159625.647,0,-95,-99,54.76422237618649,59.43008395737477,-4.665861581188281,6.388044099437817,,,,,,,,,,,,,,60,100,-60,,,,,,,,,,,0,-95,-99,54.76422237618649,59.43008395737477,-4.665861581188281,6.388044099437817,,,,,,,,,,,,,,60,100,-60,,,,,,,,,,
1699056000,34720.1,35279,34588.2,35075,28353.902000000006,32717.706749367913,34567.271843831615,67541.282,0,-95,-99,52.28749769886333,55.90918954500626,-3.621691846142923,7.88192173463044,,,,,,,,,,,,,,60,100,-60,,,,,,,,,,,0,-95,-99,52.28749769886333,55.90918954500626,-3.621691846142923,7.88192173463044,,,,,,,,,,,,,,60,100,-60,,,,,,,,,,
1699142400,35075,35449,34415.8,35035.8,28385.095500000007,32928.44249942538,34671.389211869035,114892.324,0,-95,-99,49.46534765686165,52.17235591063713,-2.707008253775477,7.901155293163219,,,,,,,,,,,,,,60,100,-60,,,,,,,,,,,0,-95,-99,49.46534765686165,52.17235591063713,-2.707008253775477,7.901155293163219,,,,,,,,,,,,,,60,100,-60,,,,,,,,,,
1699228800,35035.8,35310.9,34750,35072.9,28419.282000000007,33123.393181295796,34760.613831453695,89574.04,0,-95,-99,47.28123545362907,49.678026936451325,-2.396791482822252,6.605651634960099,,,,,,,,,,,,,,60,100,-60,,,,,,,,,,,0,-95,-99,47.28123545362907,49.678026936451325,-2.396791482822252,6.605651634960099,,,,,,,,,,,,,,60,100,-60,,,,,,,,,,
1699315200,35072.9,35927.9,34526.6,35424.5,28460.138500000012,33332.58471026891,34908.14409113065,147118.124,0,-95,-99,47.259810628798036,48.00213124642956,-0.7423206176315276,8.31541014736367,,,,,,,,,,,13.017162410999832,,,60,100,-60,,,,,,,,,,,0,-95,-99,47.259810628798036,48.00213124642956,-0.7423206176315276,8.31541014736367,,,,,,,,,,,13.017162410999832,,,60,100,-60,,,,,,,,,,
1699401600,35424.5,36187.7,35075,35641.7,28499.35100000001,33542.50428206264,35071.15651532384,142056.786,0,-95,-99,49.52512499681318,48.0220570264134,1.5030679703997833,8.91954133653735,,,,,,,,,,,,,,60,100,-60,,,,,48.0220570264134,,,,,,0,-95,-99,49.52512499681318,48.0220570264134,1.5030679703997833,8.91954133653735,,,,,,,,,,,,,,60,100,-60,,,,,48.0220570264134,,,,,
1699488000,35641.7,38149,35554.2,36726.5,28545.11950000001,33831.95843823876,35439.01062302965,342798.621,0,-95,-99,58.77793459874789,51.85429007478634,6.923644523961549,10.296539166576501,,,,,,,,,,,,,,60,100,-60,,,,,,,,,,,0,-95,-99,58.77793459874789,51.85429007478634,6.923644523961549,10.296539166576501,,,,,,,,,,,,,,60,100,-60,,,,,,,,,,
1699574400,36726.5,37604.2,36360,37335.2,28594.330000000013,34150.43494385342,35860.38604013417,128742.659,0,-95,-99,64.17629421879664,57.49311793811924,6.683176280677401,13.13957371781844,,,,,,84.60325623332395,,,,,,,,60,100,-60,,,,,,,,,,,0,-95,-99,64.17629421879664,57.49311793811924,6.683176280677401,13.13957371781844,,,,,,84.60325623332395,,,,,,,,60,100,-60,,,,,,,,,,
1699660800,37335.2,37429.3,36613.6,37163,28638.75850000001,34424.3044944122,36149.85580899325,63620.869,0,-95,-99,65.38029838334863,62.77817573363106,2.602122649717572,11.465602325845566,,,,,,,,,,,,,,60,100,-60,,,,,,,,,,,0,-95,-99,65.38029838334863,62.77817573363106,2.602122649717572,11.465602325845566,,,,,,,,,,,,,,60,100,-60,,,,,,,,,,
1699747200,37163,37260.3,36748.8,37089.5,28682.19650000001,34666.59499492018,36358.66562921697,43636.659,0,-95,-99,64.19285074955636,64.58314778390054,-0.3902970343441865,9.64863440076522,64.58314778390054,,64.58314778390054,,,,,,,76.96862029477387,,,,60,100,-60,,,,,64.58314778390054,,105,,106,,0,-95,-99,64.19285074955636,64.58314778390054,-0.3902970343441865,9.64863440076522,64.58314778390054,,64.58314778390054,,,,,,,76.96862029477387,,,,60,100,-60,,,,,64.58314778390054,,105,,106,
1699833600,37089.5,37473,36327.9,36485.2,28717.331500000008,34831.92272265471,36386.784378279866,110926.082,0,-95,-99,59.78935193543001,63.120833689445,-3.3314817540149875,7.3322208343768445,,,,,,,,,,,,,,60,100,-60,,,,,,,,,,,0,-95,-99,59.78935193543001,63.120833689445,-3.3314817540149875,7.3322208343768445,,,,,,,,,,,,,,60,100,-60,,,,,,,,,,
1699920000,36485.2,36786.2,34542.9,35560.5,28748.65350000001,34898.15702059519,36203.16562755101,185436.28,0,-95,-99,44.16937233990402,56.050525008296795,-11.881152668392772,6.014213216648484,,,,,,,,,,,,,,60,100,-60,,,,,,,,,,,0,-95,-99,44.16937233990402,56.050525008296795,-11.881152668392772,6.014213216648484,,,,,,,,,,,,,,60,100,-60,,,,,,,,,,
1700006400,35560.5,38016.9,35384.9,37893.9,28792.06350000001,35170.49729145017,36578.88437698412,199400.608,0,-95,-99,46.93633332562642,50.298352533653485,-3.362019208027064,8.520540892353955,,,,,,72.6487422064077,,,,,,,,60,100,-60,,,,,,,,,,,0,-95,-99,46.93633332562642,50.298352533653485,-3.362019208027064,8.520540892353955,,,,,,72.6487422064077,,,,,,,,60,100,-60,,,,,,,,,,
1700092800,37893.9,37968.1,35500,36178.5,28826.87100000001,35262.13390131834,36489.91007098765,188403.958,0,-95,-99,42.23014274582995,44.445282803786796,-2.2151400579568445,7.168926742376799,,,,,,,,,,,,,,60,100,-60,,,,,,,,,,,0,-95,-99,42.23014274582995,44.445282803786796,-2.2151400579568445,7.168926742376799,,,,,,,,,,,,,,60,100,-60,,,,,,,,,,
1700179200,36178.5,36939.1,35870.4,36638.2,28869.80600000001,35387.23081938031,36522.86338854595,139270.149,0,-95,-99,37.212247924414605,42.12624133195698,-4.913993407542378,7.685329460298785,,,,,,,,,,,,,,60,100,-60,,,,,,,,,,,0,-95,-99,37.212247924414605,42.12624133195698,-4.913993407542378,7.685329460298785,,,,,,,,,,,,,,60,100,-60,,,,,,,,,,
1700265600,36638.2,36898.2,36203.3,36597.4,28909.517500000013,35497.246199436646,36539.42707998018,47285.077,0,-95,-99,34.32116735491992,37.921186008388155,-3.600018653468233,6.208190749213157,,,,,,,,,,,9.119854896066524,,,60,100,-60,,,,,,,,,,,0,-95,-99,34.32116735491992,37.921186008388155,-3.600018653468233,6.208190749213157,,,,,,,,,,,9.119854896066524,,,60,100,-60,,,,,,,,,,
1700352000,36597.4,37534.7,36378.8,37386.9,28951.382000000012,35669.03290857877,36727.75439554014,68516.97,0,-95,-99,40.21203010655334,37.24848179529595,2.963548311257391,8.222008814371486,,,,,,,,,,,,,,60,100,-60,,,,,37.24848179529595,,,,,,0,-95,-99,40.21203010655334,37.24848179529595,2.963548311257391,8.222008814371486,,,,,,,,,,,,,,60,100,-60,,,,,37.24848179529595,,,,,
1700438400,37386.9,37846.7,36620.1,37469.3,28994.634000000013,35832.693553253426,36892.54230764233,152675.081,0,-95,-99,45.99516979329304,40.176122418255424,5.819047375037613,10.156695639603594,,,40.176122418255424,,,64.86557000441994,,,,,,,,60,100,-60,,,,,,,,,106,,0,-95,-99,45.99516979329304,40.176122418255424,5.819047375037613,10.156695639603594,,,40.176122418255424,,,64.86557000441994,,,,,,,,60,100,-60,,,,,,,,,106,
1700524800,37469.3,37693.2,35720,35741.1,29025.863500000014,35824.36686659402,36636.66623927737,218739.168,0,-95,-99,33.02382056757098,39.74367348913912,-6.71985292156814,7.866240573416977,,,,,,,,,,,,,,60,100,-60,,,,,39.74367348913912,,,,,,0,-95,-99,33.02382056757098,39.74367348913912,-6.71985292156814,7.866240573416977,,,,,,,,,,,,,,60,100,-60,,,,,39.74367348913912,,,,,
1700611200,35741.1,37888,35613,37424,29068.81700000001,35969.78806054002,36811.62929721573,152505.06,0,-95,-99,34.27552751731092,37.76483929272498,-3.489311775414059,9.717598989012727,,,,,,,,,,,,,,60,100,-60,,,,,,,,,,,0,-95,-99,34.27552751731092,37.76483929272498,-3.489311775414059,9.717598989012727,,,,,,,,,,,,,,60,100,-60,,,,,,,,,,
1700697600,37424,37677,36867.3,37297.7,29113.236000000015,36090.507327763655,36919.64500894557,82102.262,0,-95,-99,39.86157965595066,35.720309246944176,4.141270409006488,10.61537778479246,,,,,,,,,,,,,,60,100,-60,,,,,35.720309246944176,,,,,,0,-95,-99,39.86157965595066,35.720309246944176,4.141270409006488,10.61537778479246,,,,,,,,,,,,,,60,100,-60,,,,,35.720309246944176,,,,,
1700784000,37297.7,38435.7,37256.6,37725,29163.594000000012,36239.09757069423,37098.612784735444,159248.043,0,-95,-99,49.8251703870086,41.32075918675672,8.50441120025188,11.228258251940884,,,,,,,,,,,,,,60,100,-60,,,,,,,,,,,0,-95,-99,49.8251703870086,41.32075918675672,8.50441120025188,11.228258251940884,,,,,,,,,,,,,,60,100,-60,,,,,,,,,,
1700870400,37725,37900,37582.8,37791,29214.457500000015,36380.17960972203,37252.47661034979,31725.92,0,-95,-99,53.831937710134326,47.83956258436452,5.992375125769804,12.400927465329284,,,,,,61.8115354334579,,,,,,,,60,100,-60,,,,,,,,,,,0,-95,-99,53.831937710134326,47.83956258436452,5.992375125769804,12.400927465329284,,,,,,61.8115354334579,,,,,,,,60,100,-60,,,,,,,,,,
1700956800,37791,37827,37124.4,37455.4,29263.848000000016,36477.926917929115,37297.570696938725,77450.459,0,-95,-99,50.86524193781102,51.507450011651294,-0.6422080738402727,10.700601303442225,51.507450011651294,,51.507450011651294,,,,,,,,,,,60,100,-60,,,,,51.507450011651294,,,,106,,0,-95,-99,50.86524193781102,51.507450011651294,-0.6422080738402727,10.700601303442225,51.507450011651294,,51.507450011651294,,,,,,,,,,,60,100,-60,,,,,51.507450011651294,,,,106,
1701043200,37455.4,37569.3,36714.5,37256,29315.352500000015,36548.660834481016,37288.332764285675,108615.922,0,-95,-99,41.94476497600655,48.88064820798396,-6.935883231977407,8.474141424509185,,,,,,,,,,,,,,60,100,-60,,,,,,,,,,,0,-95,-99,41.94476497600655,48.88064820798396,-6.935883231977407,8.474141424509185,,,,,,,,,,,,,,60,100,-60,,,,,,,,,,
1701129600,37256,38430,36880,37820,29370.556000000015,36664.23712225547,37406.48103888886,144642.744,0,-95,-99,46.07871074287143,46.296239218896325,-0.21752847602489567,9.868849785493058,,,,,,,,,,,,,,60,100,-60,,,,,,,,,,,0,-95,-99,46.07871074287143,46.296239218896325,-0.21752847602489567,9.868849785493058,,,,,,,,,,,,,,60,100,-60,,,,,,,,,,
1701216000,37820,38600.1,37566,37858.6,29426.013500000015,36772.81556568679,37506.951919135776,122257.017,0,-95,-99,52.66266629252712,46.89538067046836,5.767285622058758,9.247881932149227,,,,,,,,,,,,,,60,100,-60,,,,,46.89538067046836,,,,,,0,-95,-99,52.66266629252712,46.89538067046836,5.767285622058758,9.247881932149227,,,,,,,,,,,,,,60,100,-60,,,,,46.89538067046836,,,,,
1701302400,37858.6,38145,37429,37727.4,29480.13550000002,36859.59596880617,37555.94038155005,79915.758,0,-95,-99,51.2570125290333,49.99946318814394,1.257549340889355,6.967771566084709,,,,,,,,,,,,,,60,100,-60,,,,,,,,,,,0,-95,-99,51.2570125290333,49.99946318814394,1.257549340889355,6.967771566084709,,,,,,,,,,,,,,60,100,-60,,,,,,,,,,
1701388800,37727.4,39031.6,37612.8,38684.8,29537.817500000016,37025.52360800561,37806.79807453893,143622.975,0,-95,-99,60.12772479240139,54.68246787132059,5.445256921080798,9.579392511689099,,,,,,,,,,,,,,60,100,-60,,,,,,,,,,,0,-95,-99,60.12772479240139,54.68246787132059,5.445256921080798,9.579392511689099,,,,,,,,,,,,,,60,100,-60,,,,,,,,,,
1701475200,38684.8,39894,38640,39455,29599.990500000018,37246.38509818692,38173.065169085836,90701.737,0,-95,-99,72.3155087505752,61.23341535733662,11.082093393238587,11.461408769342013,,,,,,,,,,,,,,60,100,-60,,,,,,,,,,,0,-95,-99,72.3155087505752,61.23341535733662,11.082093393238587,11.461408769342013,,,,,,,,,,,,,,60,100,-60,,,,,,,,,,
1701561600,39455,40439.9,39280,39999.9,29663.046000000017,37496.70463471538,38579.02846484454,93221.86,0,-95,-99,80.48904415171943,70.977425898232,9.511618253487427,11.282691304796298,,,,,,,,,,,,,,60,100,-60,,,,,,,,,,,0,-95,-99,80.48904415171943,70.977425898232,9.511618253487427,11.282691304796298,,,,,,,,,,,,,,60,100,-60,,,,,,,,,,
1701648000,39999.9,42479.3,39996.6,42006.9,29739.062500000015,37906.7223951958,39340.777694879085,270587.629,0,-95,-99,90.48075293146051,81.09510194458504,9.385650986875476,14.483661106264389,,,,,,,,,,,,,,60,100,-60,,,,,,,,,,,0,-95,-99,90.48075293146051,81.09510194458504,9.385650986875476,14.483661106264389,,,,,,,,,,,,,,60,100,-60,,,,,,,,,,
1701734400,42006.9,44555,41380,44103.4,29825.235500000017,38470.056722905276,40399.13820712818,238309.722,0,-95,-99,98.75717456301597,89.90899054873195,8.848184014284016,15.017362644873014,,,,,,81.54063473904417,,,,99.86278495535359,,,,60,100,-60,,,,,,,,,,,0,-95,-99,98.75717456301597,89.90899054873195,8.848184014284016,15.017362644873014,,,,,,81.54063473904417,,,,99.86278495535359,,,,60,100,-60,,,,,,,,,,
1701820800,44103.4,44331.6,43379.4,43785.2,29908.716000000015,38953.251566277526,41151.596383321914,147887.826,0,-95,-99,100.51210588285247,96.58334445910964,3.928761423742827,13.81547539549386,,,,,,,,,,,,,,60,100,-60,,,,,,,,,,,0,-95,-99,100.51210588285247,96.58334445910964,3.928761423742827,13.81547539549386,,,,,,,,,,,,,,60,100,-60,,,,,,,,,,
1701907200,43785.2,44087.7,42833.4,43308,29991.584500000015,39349.137787525025,41630.797187028154,151152.495,0,-95,-99,96.46176087939085,98.57701377508641,-2.115252895695562,13.126707916069028,98.57701377508641,,98.57701377508641,,,,,,,,,,,60,100,-60,,,,,98.57701377508641,,105,,,,0,-95,-99,96.46176087939085,98.57701377508641,-2.115252895695562,13.126707916069028,98.57701377508641,,98.57701377508641,,,,,,,,,,,60,100,-60,,,,,98.57701377508641,,105,,,
1701993600,43308,44777,43005,44209.7,30078.459500000015,39791.007079568204,42203.8867010219,119680.381,0,-95,-99,92.91268522086852,96.62885066103728,-3.7161654401687514,15.506966137043946,,,,,,,,,,,,,,60,100,-60,,,,,,,,,,,0,-95,-99,92.91268522086852,96.62885066103728,-3.7161654401687514,15.506966137043946,,,,,,,,,,,,,,60,100,-60,,,,,,,,,,
1702080000,44209.7,44416.1,43326.6,43740,30161.11000000002,40150.006435971096,42545.245211905916,79852.857,0,-95,-99,87.28432716351764,92.21959108792566,-4.935263924408019,15.573920992041472,,,,,,,,,,,,,,60,100,-60,,,,,,,,,,,0,-95,-99,87.28432716351764,92.21959108792566,-4.935263924408019,15.573920992041472,,,,,,,,,,,,,,60,100,-60,,,,,,,,,,
1702166400,43740,44114.6,43570.8,43823.8,30248.674000000017,40483.987669064634,42829.368498149044,54340.961,0,-95,-99,81.3032842541152,87.16676554616713,-5.8634812920519295,17.3187336189935,,,,,,,,,,,,,,60,100,-60,,,,,,,,,,,0,-95,-99,81.3032842541152,87.16676554616713,-5.8634812920519295,17.3187336189935,,,,,,,,,,,,,,60,100,-60,,,,,,,,,,
1702252800,43823.8,43854.8,40167.7,41272.1,30322.751500000017,40555.63424460421,42483.3088318937,292825.608,0,-95,-99,64.87142533774367,77.81967891845882,-12.948253580715146,16.34833998249406,,,,,,,,,,,,,,60,100,-60,,,,,,,,,,,0,-95,-99,64.87142533774367,77.81967891845882,-12.948253580715146,16.34833998249406,,,,,,,,,,,,,,60,100,-60,,,,,,,,,,
1702339200,41272.1,42168.1,40683.9,41526,30396.90650000002,40643.84931327656,42270.57353591732,155775.791,0,-95,-99,49.58789336496228,65.25420098560704,-15.666307620644766,16.21866537843541,,,,,,,,,,,,,,60,100,-60,,,,,,,,,,,0,-95,-99,49.58789336496228,65.25420098560704,-15.666307620644766,16.21866537843541,,,,,,,,,,,,,,60,100,-60,,,,,,,,,,
1702425600,41526,43600,40510.9,42896.9,30477.19850000002,40848.672102978686,42409.75719460236,172684.166,0,-95,-99,43.03570913951403,52.49834261407332,-9.46263347455929,17.39226572741352,,,,,,,,,,,,,,60,100,-60,,,,,,,,,,,0,-95,-99,43.03570913951403,52.49834261407332,-9.46263347455929,17.39226572741352,,,,,,,,,,,,,,60,100,-60,,,,,,,,,,
1702512000,42896.9,43475,41190,43050,30552.199000000022,41048.792820889714,42552.033373579616,171113.507,0,-95,-99,39.41263180581971,44.012078103431996,-4.599446297612289,16.019199887585298,,,,,,63.75807613245978,,,,,,,,60,100,-60,,,,,,,,,,,0,-95,-99,39.41263180581971,44.012078103431996,-4.599446297612289,16.019199887585298,,,,,,63.75807613245978,,,,,,,,60,100,-60,,,,,,,,,,
1702598400,43050,43112.5,41671.6,41979.7,30623.487500000025,41133.42074626338,42424.84817945081,108220.713,0,-95,-99,33.013471904527584,38.48727094995377,-5.473799045426183,13.21146662119553,,,,,,,,,,,,,,60,100,-60,,,,,,,,,,,0,-95,-99,33.013471904527584,38.48727094995377,-5.473799045426183,13.21146662119553,,,,,,,,,,,,,,60,100,-60,,,,,,,,,,
1702684800,41979.7,42783.3,41619.8,42296.3,30696.56300000002,41239.13704205762,42396.28191735063,59710.186,0,-95,-99,27.325661300654545,33.25058833700061,-5.924927036346062,14.328152803251669,,,,,,,,,,,,,,60,100,-60,,,,,,,,,,,0,-95,-99,27.325661300654545,33.25058833700061,-5.924927036346062,14.328152803251669,,,,,,,,,,,,,,60,100,-60,,,,,,,,,,
1702771200,42296.3,42479.2,41255.5,41395.2,30767.544000000024,41253.32458368874,42173.81926905049,89308.204,0,-95,-99,15.42849783180844,25.255877012330185,-9.827379180521746,12.693274592731202,,,,,,,,,,,6.7055530066905105,,,60,100,-60,,,,,,,,,,,0,-95,-99,15.42849783180844,25.255877012330185,-9.827379180521746,12.693274592731202,,,,,,,,,,,6.7055530066905105,,,60,100,-60,,,,,,,,,,
1702857600,41395.2,42810.6,40566,42683.6,30846.91450000002,41383.34962153522,42287.10387592816,163735.59,0,-95,-99,10.783575904365058,17.845911678942677,-7.062335774577619,12.985130649988415,,,,,,,,,,,,,,60,100,-60,,,,,,,,,,,0,-95,-99,10.783575904365058,17.845911678942677,-7.062335774577619,12.985130649988415,,,,,,,,,,,,,,60,100,-60,,,,,,,,,,
1702944000,42683.6,43548,41836.4,42298,30922.21400000002,41466.49965594111,42289.52523683301,141858.496,0,-95,-99,16.638565799313668,14.283546511829051,2.355019287484616,11.019955311495782,,,,,,,,,,,,,,60,100,-60,,,,,14.283546511829051,,,,,,0,-95,-99,16.638565799313668,14.283546511829051,2.355019287484616,11.019955311495782,,,,,,,,,,,,,,60,100,-60,,,,,14.283546511829051,,,,,
1703030400,42298,44355,42206.3,43710,31005.46850000002,41670.454232673736,42605.18629531456,169804.361,0,-95,-99,31.494100748365025,19.63874748401458,11.855353264350445,12.021776608885965,,,,,,,,,,,,,,60,100,-60,,,,,,,,,,,0,-95,-99,31.494100748365025,19.63874748401458,11.855353264350445,12.021776608885965,,,,,,,,,,,,,,60,100,-60,,,,,,,,,,
1703116800,43710,44290,43324.3,43902.1,31089.45150000002,41873.331120612485,42893.38934080021,116069.192,0,-95,-99,43.41111517025557,30.514593905978085,12.896521264277485,12.214581394634093,,,,,,,,,,,,,,60,100,-60,,,,,,,,,,,0,-95,-99,43.41111517025557,30.514593905978085,12.896521264277485,12.214581394634093,,,,,,,,,,,,,,60,100,-60,,,,,,,,,,
1703203200,43902.1,44473.9,43414.1,44010,31180.91550000002,42067.57374601135,43141.52504284461,103438.936,0,-95,-99,50.43179430926044,41.77900340929367,8.652790899966767,11.335602507109865,,,,,,63.42126573474457,,,,,,,,60,100,-60,,,,,,,,,,,0,-95,-99,50.43179430926044,41.77900340929367,8.652790899966767,11.335602507109865,,,,,,63.42126573474457,,,,,,,,60,100,-60,,,,,,,,,,
1703289600,44010,44029.2,43262.9,43735.7,31263.509500000026,42219.22158728305,43273.563922212474,48410.035,0,-95,-99,50.80625868656737,48.21638938869446,2.5898692978729088,9.582926740919048,,,,,,,,,,,,,,60,100,-60,,,,,,,,,,,0,-95,-99,50.80625868656737,48.21638938869446,2.5898692978729088,9.582926740919048,,,,,,,,,,,,,,60,100,-60,,,,,,,,,,
1703376000,43735.7,43987,42534.1,43022.3,31347.004000000023,42292.22871571186,43217.72749505415,69561.201,0,-95,-99,43.87196314465796,48.37000538016192,-4.498042235503959,7.4065886583164335,48.37000538016192,,48.37000538016192,,,,,,,,,,,60,100,-60,,,,,48.37000538016192,,,,,,0,-95,-99,43.87196314465796,48.37000538016192,-4.498042235503959,7.4065886583164335,48.37000538016192,,48.37000538016192,,,,,,,,,,,60,100,-60,,,,,48.37000538016192,,,,,
1703462400,43022.3,43874.5,42742.7,43611.8,31432.637500000023,42412.18974155624,43305.299162819894,73588.365,0,-95,-99,41.66798307693124,45.44873496938552,-3.7807518924542762,9.483098779374266,,,,,,,,,,41.59427649877094,,,,60,100,-60,,,,,,,,,,,0,-95,-99,41.66798307693124,45.44873496938552,-3.7807518924542762,9.483098779374266,,,,,,,,,,41.59427649877094,,,,60,100,-60,,,,,,,,,,
1703548800,43611.8,43634.1,41655,42552,31513.06300000002,42424.89976505113,43137.899348859915,117392.677,0,-95,-99,25.70151904573264,37.08048842244061,-11.378969376707971,8.83285079743072,,,,,,,,,,,,,,60,100,-60,,,,,,,,,,,0,-95,-99,25.70151904573264,37.08048842244061,-11.378969376707971,8.83285079743072,,,,,,,,,,,,,,60,100,-60,,,,,,,,,,
1703635200,42552,43710,42138.7,43454,31601.202500000025,42518.45433186466,43208.143938002155,98585.24,0,-95,-99,22.325972161356816,29.898491428006896,-7.57251926665008,9.613197947757097,,,,,,,,,,,,,,60,100,-60,,,,,,,,,,,0,-95,-99,22.325972161356816,29.898491428006896,-7.57251926665008,9.613197947757097,,,,,,,,,,,,,,60,100,-60,,,,,,,,,,
1703721600,43454,43849.5,42302.2,42607,31684.662000000022,42526.503938058784,43074.556396223896,101490.442,0,-95,-99,15.1064503061792,21.044647171089547,-5.938196864910347,6.968634291726508,,,,,,,,,,,,,,60,100,-60,,,,,,,,,,,0,-95,-99,15.1064503061792,21.044647171089547,-5.938196864910347,6.968634291726508,,,,,,,,,,,,,,60,100,-60,,,,,,,,,,
1703808000,42607,43170,41278,42095.3,31765.662000000026,42487.30358005344,42856.9438637297,135840.807,0,-95,-99,-4.372793394735586,11.01987635760014,-15.392669752335726,6.388912001161879,,,,,,,,,,,,,,60,100,-60,,,,,,,,,,,0,-95,-99,-4.372793394735586,11.01987635760014,-15.392669752335726,6.388912001161879,,,,,,,,,,,,,,60,100,-60,,,,,,,,,,
1703894400,42095.3,42654,41554.4,42177.2,31846.945500000027,42459.11234550313,42705.889671789766,68905.516,0,-95,-99,-17.272545547615103,-2.179629545390497,-15.092916002224605,6.000143868589122,,,,,,,,,,,5.0212375094335275,,,60,100,-60,,,,,,,,,,,0,-95,-99,-17.272545547615103,-2.179629545390497,-15.092916002224605,6.000143868589122,,,,,,,,,,,5.0212375094335275,,,60,100,-60,,,,,,,,,,
1703980800,42177.2,42945.9,42012.5,42324.8,31933.00000000003,42446.90213227557,42621.20307805871,59446.764,0,-95,-99,-20.587070739970496,-14.077469894107063,-6.509600845863433,5.24979952623857,,,,,,,,,,,,,,60,100,-60,,,,,,,,,,,0,-95,-99,-20.587070739970496,-14.077469894107063,-6.509600845863433,5.24979952623857,,,,,,,,,,,,,,60,100,-60,,,,,,,,,,
1704067200,42324.8,44284.9,42211.2,44235.5,32026.248000000025,42609.50193843234,42979.935727378994,79123.439,0,-95,-99,-1.5707698176546288,-13.143462035080077,11.572692217425448,8.229695678711847,,,,,,,,,,,,,,60,100,-60,,-108,,,-13.143462035080077,,,,,,0,-95,-99,-1.5707698176546288,-13.143462035080077,11.572692217425448,8.229695678711847,,,,,,,,,,,,,,60,100,-60,,-108,,,-13.143462035080077,,,,,
1704153600,44235.5,45946.5,44208.7,44989,32119.567000000025,42825.8199440294,43426.394454628105,180530.083,0,-95,-99,23.41072417291019,0.417627871761687,22.9930963011485,10.03348794090354,,,,,,63.40643619885313,,,,,,,,60,100,-60,,,,,,,,,,,0,-95,-99,23.41072417291019,0.417627871761687,22.9930963011485,10.03348794090354,,,,,,63.40643619885313,,,,,,,,60,100,-60,,,,,,,,,,
1704240000,44989,45567.8,40210,42871.9,32201.401500000025,42830.00904002672,43303.17346471075,308217.553,0,-95,-99,14.69230881047836,12.177421055244638,2.5148877552337225,7.761248689763743,,,,,,,,,,56.980914928602175,,,,60,100,-60,,,,,,,,,,,0,-95,-99,14.69230881047836,12.177421055244638,2.5148877552337225,7.761248689763743,,,,,,,,,,56.980914928602175,,,,60,100,-60,,,,,,,,,,
1704326400,42871.9,44875.5,42637,44156.3,32290.515500000027,42950.58094547884,43492.75713921947,164677.973,0,-95,-99,21.351886233772927,19.81830640572049,1.533579828052435,9.290542345443203,,,,,,,,,,,,,,60,100,-60,,,,,,,,,,,0,-95,-99,21.351886233772927,19.81830640572049,1.533579828052435,9.290542345443203,,,,,,,,,,,,,,60,100,-60,,,,,,,,,,
1704412800,44156.3,44436.4,42181,44156.8,32377.162500000028,43060.237223162585,43640.322219392925,194356.602,0,-95,-99,21.820976175357444,19.28839040653624,2.5325857688212032,9.125737326785744,,,,,,,,,,,,,,60,100,-60,,,,,,,,,,,0,-95,-99,21.820976175357444,19.28839040653624,2.5325857688212032,9.125737326785744,,,,,,,,,,,,,,60,100,-60,,,,,,,,,,
1704499200,44156.8,44229.4,43400.7,43972.4,32455.594500000025,43143.16111196599,43714.117281750056,54322.09,0,-95,-99,26.103664117426536,23.092175508852296,3.01148860857424,7.9421696642493504,,,,,,,,,,,,,,60,100,-60,,,,,,,,,,,0,-95,-99,26.103664117426536,23.092175508852296,3.01148860857424,7.9421696642493504,,,,,,,,,,,,,,60,100,-60,,,,,,,,,,
1704585600,43972.4,44509.6,43577,43936.2,32525.347000000023,43215.25555633271,43763.46899691671,73660.896,0,-95,-99,30.775055032075617,26.233231774953197,4.54182325712242,7.357126975487285,,,,,,,,,,,45.22292738339507,,,60,100,-60,,,,,,,,,,,0,-95,-99,30.775055032075617,26.233231774953197,4.54182325712242,7.357126975487285,,,,,,,,,,,45.22292738339507,,,60,100,-60,,,,,,,,,,
1704672000,43936.2,47318.3,43136.9,46972.8,32610.829000000023,43556.85050575701,44476.65366426855,228622.432,0,-95,-99,50.381299503777136,35.75333955109309,14.627959952684044,8.127499967572318,,,,,,66.79037068977168,,,,,,,,60,100,-60,,,,,,,,,,,0,-95,-99,50.381299503777136,35.75333955109309,14.627959952684044,8.127499967572318,,,,,,66.79037068977168,,,,,,,,60,100,-60,,,,,,,,,,
1704758400,46972.8,48083.4,44750,46128,32688.098500000026,43790.59136887001,44843.61951665332,237993.417,0,-95,-99,62.08791473027933,47.74808975537736,14.339824974901973,6.270837571001895,,,,,,,,,,,,,,60,100,-60,,,,,,,,,,,0,-95,-99,62.08791473027933,47.74808975537736,14.339824974901973,6.270837571001895,,,,,,,,,,,,,,60,100,-60,,,,,,,,,,
1704844800,46128,47732,44301,46659.9,32768.75800000002,44051.43760806364,45247.23740184147,322480.711,0,-95,-99,66.13406678202446,59.53442700536031,6.599639776664155,7.1861743544066385,,,,,,,,,,79.19316306531658,,,,60,100,-60,,,,,,,,,,,0,-95,-99,66.13406678202446,59.53442700536031,6.599639776664155,7.1861743544066385,,,,,,,,,,79.19316306531658,,,,60,100,-60,,,,,,,,,,
1704931200,46659.9,49054.4,45525.3,46347.7,32848.19600000002,44260.18873460331,45491.7846458767,271464.986,0,-95,-99,70.79800861156367,66.33999670795582,4.458011903607854,7.324250688490633,66.33999670795582,,66.33999670795582,,,,,,,,,,,60,100,-60,,,,,,,,,,,0,-95,-99,70.79800861156367,66.33999670795582,4.458011903607854,7.324250688490633,66.33999670795582,,66.33999670795582,,,,,,,,,,,60,100,-60,,,,,,,,,,
1705017600,46347.7,46550,41323,42797.9,32910.87450000003,44127.25339509392,44893.14361345966,265780.733,0,-95,-99,48.38884163459227,61.77363900939347,-13.384797374801202,6.945748762056759,,,,,,,,,,,,,,60,100,-60,,,108,,61.77363900939347,,105,,,,0,-95,-99,48.38884163459227,61.77363900939347,-13.384797374801202,6.945748762056759,,,,,,,,,,,,,,60,100,-60,,,108,,61.77363900939347,,105,,,
1705104000,42797.9,43267.6,42449,42855,32971.74600000002,44011.59399553992,44440.22281046862,82905.624,0,-95,-99,27.948293059401603,49.04504776851919,-21.096754709117587,8.150644938546426,,,,,,,,,,,,,,60,100,-60,,,,,,,,,,,0,-95,-99,27.948293059401603,49.04504776851919,-21.096754709117587,8.150644938546426,,,,,,,,,,,,,,60,100,-60,,,,,,,,,,
1705190400,42855,43110.3,41708.8,41731,33030.11150000002,43804.26726867266,43838.17329703115,81035.038,0,-95,-99,10.167148851293689,28.83476118176252,-18.66761233046883,3.9292749100164155,,,,,,,,,,,,,,60,100,-60,,,,,,,,,,,0,-95,-99,10.167148851293689,28.83476118176252,-18.66761233046883,3.9292749100164155,,,,,,,,,,,,,,60,100,-60,,,,,,,,,,
1705276800,41731,43394.6,41710.6,42508.1,33090.48350000002,43686.433880611505,43542.60145324645,111679.642,0,-95,-99,-0.3973836864276272,12.572686074755888,-12.970069761183515,6.820498340225791,,,,,,,,,,,7.7336073444405145,,,60,100,-60,,,,,,,,,,,0,-95,-99,-0.3973836864276272,12.572686074755888,-12.970069761183515,6.820498340225791,,,,,,,,,,,7.7336073444405145,,,60,100,-60,,,,,,,,,,
1705363200,42508.1,43579.9,42003.9,43128.1,33153.796500000026,43635.67625510137,43450.49001919168,127527.621,0,-95,-99,-5.9220663631452055,1.2825662672402867,-7.204632630385492,6.72862893107126,,,,,,,,,,,,,,60,100,-60,,,,,,,,,,,0,-95,-99,-5.9220663631452055,1.2825662672402867,-7.204632630385492,6.72862893107126,,,,,,,,,,,,,,60,100,-60,,,,,,,,,,
1705449600,43128.1,43197,42195.7,42782.1,33214.82200000002,43558.078413728515,43301.95890381575,92130.551,0,-95,-99,-11.22699284289676,-5.848814297489863,-5.378178545406897,6.011535681005499,,,,,,,,,,16.72913612910392,,,,60,100,-60,,,,,,,,,,,0,-95,-99,-11.22699284289676,-5.848814297489863,-5.378178545406897,6.011535681005499,,,,,,,,,,16.72913612910392,,,,60,100,-60,,,,,,,,,,
1705536000,42782.1,42931.3,40669,41330.5,33268.465000000026,43355.57128520774,42863.856925190026,153800.047,0,-95,-99,-21.74455437264003,-12.964537859560664,-8.780016513079367,2.69987207463433,,,,,,,,,,,,,,60,100,-60,,,,,,,,,,,0,-95,-99,-21.74455437264003,-12.964537859560664,-8.780016513079367,2.69987207463433,,,,,,,,,,,,,,60,100,-60,,,,,,,,,,
1705622400,41330.5,42199,40269,41663,33321.03450000002,43201.70116837067,42596.99983070335,164161.205,0,-95,-99,-29.739617358660745,-20.90372152473251,-8.835895833928234,2.9626276465045027,,,,,,,,,,,,,,60,100,-60,,,,,,,,,,,0,-95,-99,-29.739617358660745,-20.90372152473251,-8.835895833928234,2.9626276465045027,,,,,,,,,,,,,,60,100,-60,,,,,,,,,,
1705708800,41663,41874.9,41412.6,41691.9,33375.72350000003,43064.44651670061,42395.866534991495,39254.922,0,-95,-99,-32.78380630989514,-28.089326013731974,-4.694480296163167,5.3085019577763175,,,,,,,,,,,,,,60,100,-60,,,,,,,,,,,0,-95,-99,-32.78380630989514,-28.089326013731974,-4.694480296163167,5.3085019577763175,,,,,,,,,,,,,,60,100,-60,,,,,,,,,,
1705795200,41691.9,41867.8,41493,41585.6,33431.22500000003,42930.00592427328,42215.80730499339,31700.954,0,-95,-99,-34.448905095168485,-32.32410958790812,-2.124795507260366,2.7501164745295608,,,,,,,,,,,,,,60,100,-60,,,,,,,,,,,0,-95,-99,-34.448905095168485,-32.32410958790812,-2.124795507260366,2.7501164745295608,,,,,,,,,,,,,,60,100,-60,,,,,,,,,,
1705881600,41585.6,41695,39360,39559.3,33479.64600000002,42623.57811297571,41625.47234832819,233028.916,0,-95,-99,-43.960752436833545,-37.06448794729906,-6.896264489534488,0.9705896373236302,,,,,,,,,,,,,,60,100,-60,,,,,,,,,,,0,-95,-99,-43.960752436833545,-37.06448794729906,-6.896264489534488,0.9705896373236302,,,,,,,,,,,,,,60,100,-60,,,,,,,,,,
1705968000,39559.3,40180,38531.5,39900.1,33527.48900000003,42375.98919361428,41242.05627092193,189987.298,0,-95,-99,-51.90102254925673,-43.43689336041959,-8.464129188837141,0.5814355046354698,,,,,,,,,,,4.656168427382829,,,60,100,-60,,,,,,,,,,,0,-95,-99,-51.90102254925673,-43.43689336041959,-8.464129188837141,0.5814355046354698,,,,,,,,,,,4.656168427382829,,,60,100,-60,,,,,,,,,,
1706054400,39900.1,40565.3,39488,40078.1,33576.52300000003,42167.090176012985,40983.39932182817,123100.521,0,-95,-99,-52.82219415301721,-49.56132304636916,-3.2608711066480467,0.4743286711840802,,,,,,,,,,,,,,60,100,-60,,,,,,,,,,,0,-95,-99,-52.82219415301721,-49.56132304636916,-3.2608711066480467,0.4743286711840802,,,,,,,,,,,,,,60,100,-60,,,,,,,,,,
1706140800,40078.1,40324.3,39537,39954,33625.543000000034,41965.900160011806,40754.64391697747,94694.218,0,-95,-99,-52.887655324221484,-52.536957342165145,-0.35069798205633873,1.2743964024093146,,,,-52.536957342165145,,,,,,,,,,60,100,-60,,,,,,,,,,,0,-95,-99,-52.887655324221484,-52.536957342165145,-0.35069798205633873,1.2743964024093146,,,,-52.536957342165145,,,,,,,,,,60,100,-60,,,,,,,,,,
1706227200,39954,42238.1,39810,41805.5,33682.57500000003,41951.31832728346,40988.16749098247,161746.762,0,-95,-99,-41.805599032536925,-49.1718161699252,7.366217137388276,3.7638996876943027,,,,,,,,,,,,,,60,100,-60,,-108,,,-49.1718161699252,,,,,,0,-95,-99,-41.805599032536925,-49.1718161699252,7.366217137388276,3.7638996876943027,,,,,,,,,,,,,,60,100,-60,,-108,,,-49.1718161699252,,,,,
1706313600,41805.5,42193.3,41365,42095.8,33740.03950000003,41964.453024803144,41234.30804854193,45700.269,0,-95,-99,-27.797125428505762,-40.83012659508805,13.033001166582292,3.7304144692328656,,,,,,,,,,,,,,60,100,-60,,,,,,,,,,,0,-95,-99,-27.797125428505762,-40.83012659508805,13.033001166582292,3.7304144692328656,,,,,,,,,,,,,,60,100,-60,,,,,,,,,,
1706400000,42095.8,42839.9,41587.4,42016.1,33798.28100000003,41969.148204366495,41408.03959331039,95870.896,0,-95,-99,-14.906547498662498,-28.16975731990172,13.263209821239222,3.4780147719636316,,,,,,,,,,,,,,60,100,-60,,,,,,,,,,,0,-95,-99,-14.906547498662498,-28.16975731990172,13.263209821239222,3.4780147719636316,,,,,,,,,,,,,,60,100,-60,,,,,,,,,,
1706486400,42016.1,43436.9,41767.9,43286.2,33857.52550000003,42088.88018578772,41825.40857257474,114448.566,0,-95,-99,-0.3573479764705425,-14.353673634546261,13.996325658075719,5.838601849496415,,,,,,,,,,,,,,60,100,-60,,,,,,,,,,,0,-95,-99,-0.3573479764705425,-14.353673634546261,13.996325658075719,5.838601849496415,,,,,,,,,,,,,,60,100,-60,,,,,,,,,,
1706572800,43286.2,43890.8,42647.5,42919,33920.64650000003,42164.34562344338,42068.428889780356,124016.716,0,-95,-99,11.669904010798497,-1.1979971547781751,12.867901165576672,3.4132552479852203,,,,,,,,,,96.84793117588268,,,,60,100,-60,,,,,,,,,,,0,-95,-99,11.669904010798497,-1.1979971547781751,12.867901165576672,3.4132552479852203,,,,,,,,,,96.84793117588268,,,,60,100,-60,,,,,,,,,,
1706659200,42919,43735.9,42255,42552.7,33982.06700000003,42199.650566766715,42176.044692051386,150732.5,0,-95,-99,17.47695113983363,9.596502391387201,7.88044874844643,1.259394842824043,,,,,,,,,,,,,,60,100,-60,,,,,,,,,,,0,-95,-99,17.47695113983363,9.596502391387201,7.88044874844643,1.259394842824043,,,,,,,,,,,,,,60,100,-60,,,,,,,,,,
1706745600,42552.7,43307.3,41843.5,43064.6,34046.28300000003,42278.282333424286,42373.50142715108,132267.318,0,-95,-99,20.507524751023293,16.55145996721848,3.9560647838048126,0.9592057585098552,,,,,,,,,,,,,,60,100,-60,,,,,,,,,,,0,-95,-99,20.507524751023293,16.55145996721848,3.9560647838048126,0.9592057585098552,,,,,,,,,,,,,,60,100,-60,,,,,,,,,,
1706832000,43064.6,43476.7,42520.3,43178.1,34111.57350000003,42360.08393947662,42552.301110006396,88716.224,0,-95,-99,25.369975239272957,21.118150376709966,4.251824862562991,-0.7650939719528371,,,,,,,,,,,,,,60,100,-60,,,,,,,,,,,0,-95,-99,25.369975239272957,21.118150376709966,4.251824862562991,-0.7650939719528371,,,,,,,,,,,,,,60,100,-60,,,,,,,,,,
1706918400,43178.1,43377.8,42859.1,42991.8,34177.277500000026,42417.512672251476,42649.96753000498,30788.965,0,-95,-99,28.56642525558918,24.814641748628485,3.7517835069606953,-3.313799245129691,,,,,,,,,,91.54987152322494,,,,60,100,-60,,,,,,,,,,,0,-95,-99,28.56642525558918,24.814641748628485,3.7517835069606953,-3.313799245129691,,,,,,,,,,91.54987152322494,,,,60,100,-60,,,,,,,,,,
1707004800,42991.8,43114.7,42154,42559.6,34240.631500000025,42430.42970204679,42629.88585667054,46154.743,0,-95,-99,24.987133139702234,26.3078445448548,-1.320711405152565,-3.6030662517649805,,,26.3078445448548,,,,,,,,,,,60,100,-60,108,,108,,26.3078445448548,,,,,,0,-95,-99,24.987133139702234,26.3078445448548,-1.320711405152565,-3.6030662517649805,,,26.3078445448548,,,,,,,,,,,60,100,-60,108,,108,,26.3078445448548,,,,,
1707091200,42559.6,43567.9,42229.6,42692.6,34305.13000000003,42454.263365497085,42643.822332965974,108809.566,0,-95,-99,25.24690851432007,26.266822303203835,-1.0199137888837662,-2.4034886069778243,,,,,,,,,,,,,,60,100,-60,,,,,,,,,,,0,-95,-99,25.24690851432007,26.266822303203835,-1.0199137888837662,-2.4034886069778243,,,,,,,,,,,,,,60,100,-60,,,,,,,,,,
1707177600,42692.6,43370.4,42554,43083.9,34371.10750000002,42511.5030595428,42741.61737008465,76359.016,0,-95,-99,27.81923396461751,26.01775853954661,1.801475425070901,-2.4773903122013192,,,,,,,,,,,82.83914241498644,,,60,100,-60,,,,,26.01775853954661,,,,,,0,-95,-99,27.81923396461751,26.01775853954661,1.801475425070901,-2.4773903122013192,,,,,,,,,,,82.83914241498644,,,60,100,-60,,,,,26.01775853954661,,,,,
1707264000,43083.9,44379.1,42774.2,44318,34443.82750000003,42675.730054129825,43091.92462117695,104988.714,0,-95,-99,39.65602110788605,30.907387862274543,8.748633245611504,0.5227915825587273,,,,,,,,,,,,,,60,100,-60,,,,,,,,,,,0,-95,-99,39.65602110788605,30.907387862274543,8.748633245611504,0.5227915825587273,,,,,,,,,,,,,,60,100,-60,,,,,,,,,,
1707350400,44318,45628.2,44300.1,45260.5,34519.77450000003,42910.70914011802,43573.830260915405,133841.458,0,-95,-99,55.4377982730817,40.971017781861754,14.466780491219943,1.9116906945449417,,,,,,,,,,,,,,60,100,-60,,,,,,,,,,,0,-95,-99,55.4377982730817,40.971017781861754,14.466780491219943,1.9116906945449417,,,,,,,,,,,,,,60,100,-60,,,,,,,,,,
1707436800,45260.5,48230,45210,47122.4,34609.592000000026,43293.59012738002,44362.40131404532,215540.748,0,-95,-99,70.79934715533321,55.29772217876698,15.501624976566227,5.183152420957831,,,,,,,,,,,,,,60,100,-60,,,,,,,,,,,0,-95,-99,70.79934715533321,55.29772217876698,15.501624976566227,5.183152420957831,,,,,,,,,,,,,,60,100,-60,,,,,,,,,,
1707523200,47122.4,48197.9,46840,47728.1,34702.146500000024,43696.72738852729,45110.33435536858,70822.471,0,-95,-99,78.8922856602654,68.37647702956009,10.515808630705308,5.870621974695663,,,,,,,,,,,,,,60,100,-60,,,,,,,,,,,0,-95,-99,78.8922856602654,68.37647702956009,10.515808630705308,5.870621974695663,,,,,,,,,,,,,,60,100,-60,,,,,,,,,,
1707609600,47728.1,48603.5,47555.7,48328.5,34797.105500000034,44117.7976259339,45825.48227639778,86528.297,0,-95,-99,82.5534078200115,77.41501354520337,5.138394274808135,6.193681725656793,,,,,,,,,,,,,,60,100,-60,,,,,,,,,,,0,-95,-99,82.5534078200115,77.41501354520337,5.138394274808135,6.193681725656793,,,,,,,,,,,,,,60,100,-60,,,,,,,,,,
1707696000,48328.5,50439.2,47712.8,49960.9,34900.86200000002,44648.988750849,46744.46399275383,192841.204,0,-95,-99,85.6380554247106,82.36124963499583,3.2768057897147713,7.523021912474272,,,,,,,,,,,,,,60,100,-60,,,,,,,,,,,0,-95,-99,85.6380554247106,82.36124963499583,3.2768057897147713,7.523021912474272,,,,,,,,,,,,,,60,100,-60,,,,,,,,,,
1707782400,49960.9,50430.5,48300.1,49710.4,35002.91500000003,45109.11704622636,47403.560883252976,168940.1,0,-95,-99,84.85106771580585,84.34751032017599,0.5035573956298691,9.08606212929906,,,,,,,,,,,,,,60,100,-60,,,,,,,,,,,0,-95,-99,84.85106771580585,84.34751032017599,0.5035573956298691,9.08606212929906,,,,,,,,,,,,,,60,100,-60,,,,,,,,,,
1707868800,49710.4,52098.4,49220.5,51821.8,35115.32250000003,45719.360951114875,48385.39179808565,172393.533,0,-95,-99,86.10185290817167,85.5303253495627,0.5715275586089632,10.239936998038166,,,,,,,,,,,,,,60,100,-60,,,,,,,,,,,0,-95,-99,86.10185290817167,85.5303253495627,0.5715275586089632,10.239936998038166,,,,,,,,,,,,,,60,100,-60,,,,,,,,,,
1707955200,51821.8,52879.5,51322.5,51904.2,35228.478000000025,46281.61904646807,49167.34917628884,167412.423,0,-95,-99,86.47361515642986,85.8088452601358,0.6647698962940609,12.213175949429,85.8088452601358,,85.8088452601358,,,,,,,,,,,60,100,-60,,,,,,,,,,,0,-95,-99,86.47361515642986,85.8088452601358,0.6647698962940609,12.213175949429,85.8088452601358,,85.8088452601358,,,,,,,,,,,60,100,-60,,,,,,,,,,
1708041600,51904.2,52625,51586.2,52151.8,35343.11500000003,46815.27186042552,49830.56047044687,110559.798,0,-95,-99,84.13988167943172,85.57178324801107,-1.4319015685793488,11.374056256321204,,,,,,81.53850598474983,,,,99.28939220419365,,,,60,100,-60,,,,,85.57178324801107,,105,,,,0,-95,-99,84.13988167943172,85.57178324801107,-1.4319015685793488,11.374056256321204,,,,,,81.53850598474983,,,,99.28939220419365,,,,60,100,-60,,,,,85.57178324801107,,105,,,
1708128000,52151.8,52200,50652.3,51693.1,35453.08000000003,47258.71078220502,50244.4581436809,100138.831,0,-95,-99,78.58001073782042,83.06450252456067,-4.48449178674025,11.196333794613771,,,,,,,,,,,,,,60,100,-60,,,,,,,,,,,0,-95,-99,78.58001073782042,83.06450252456067,-4.48449178674025,11.196333794613771,,,,,,,,,,,,,,60,100,-60,,,,,,,,,,
1708214400,51693.1,52456.7,51176,52174.9,35568.105500000034,47705.637074731836,50673.44522286292,75661.573,0,-95,-99,74.23777808351862,78.9858901669236,-4.748112083404976,10.493981264383724,,,,,,,,,,,,,,60,100,-60,,,,,,,,,,,0,-95,-99,74.23777808351862,78.9858901669236,-4.748112083404976,10.493981264383724,,,,,,,,,,,,,,60,100,-60,,,,,,,,,,
1708300800,52174.9,52559.2,51701,51814.9,35681.29200000003,48079.2064315744,50927.1018400045,80885.769,0,-95,-99,69.84040098806351,74.21939660313417,-4.378995615070664,8.947967016704403,,,,,,,,,,,,,,60,100,-60,,,,,,,,,,,0,-95,-99,69.84040098806351,74.21939660313417,-4.378995615070664,8.947967016704403,,,,,,,,,,,,,,60,100,-60,,,,,,,,,,
1708387200,51814.9,53120,50725.2,52287.1,35797.215000000026,48461.74221052218,51229.32365333683,172781.292,0,-95,-99,65.3431749742167,69.80711801526628,-4.463943041049589,9.186380903520181,,,,,,,,,,,,,,60,100,-60,,,,,,,,,,,0,-95,-99,65.3431749742167,69.80711801526628,-4.463943041049589,9.186380903520181,,,,,,,,,,,,,,60,100,-60,,,,,,,,,,
1708473600,52287.1,52404.5,50430,51875.2,35911.311500000025,48772.056555020165,51372.85173037309,151061.973,0,-95,-99,58.81246633083043,64.66534743103688,-5.852881100206446,9.55974097693701,,,,,,,,,,,,,,60,100,-60,,,,,,,,,,,0,-95,-99,58.81246633083043,64.66534743103688,-5.852881100206446,9.55974097693701,,,,,,,,,,,,,,60,100,-60,,,,,,,,,,
1708560000,51875.2,52119.7,50939.9,51304.7,36022.45650000003,49002.29686820015,51357.706901401296,110013.081,0,-95,-99,52.4420592782011,58.86590019441608,-6.423840916214978,9.5783945496018,,,,,,,,,,,,,,60,100,-60,,,,,,,,,,,0,-95,-99,52.4420592782011,58.86590019441608,-6.423840916214978,9.5783945496018,,,,,,,,,,,,,,60,100,-60,,,,,,,,,,
1708646400,51304.7,51571.7,50538.5,50774.1,36130.32700000003,49163.369880181956,51228.01647886768,98395.293,0,-95,-99,43.5280927669418,51.594206125324455,-8.066113358382651,6.99238985937289,,,,,,,,,,,,,,60,100,-60,,,,,,,,,,,0,-95,-99,43.5280927669418,51.594206125324455,-8.066113358382651,6.99238985937289,,,,,,,,,,,,,,60,100,-60,,,,,,,,,,
1708732800,50774.1,51742.7,50600,51588.9,36239.496000000036,49383.87261834723,51308.21281689708,44354.878,0,-95,-99,38.97015788192758,44.9801033090235,-6.009945427095921,10.113749800874489,,,,,,,,,,,,,,60,100,-60,,,,,,,,,,,0,-95,-99,38.97015788192758,44.9801033090235,-6.009945427095921,10.113749800874489,,,,,,,,,,,,,,60,100,-60,,,,,,,,,,
1708819200,51588.9,52000,51300,51747.5,36350.40450000003,49598.74783486112,51405.83219091995,50018.677,0,-95,-99,38.39983322522281,40.29936129136407,-1.899528066141265,9.245060953605163,,,,,,,,,,,13.584103888051073,,,60,100,-60,,,,,,,,,,,0,-95,-99,38.39983322522281,40.29936129136407,-1.899528066141265,9.245060953605163,,,,,,,,,,,13.584103888051073,,,60,100,-60,,,,,,,,,,
1708905600,51747.5,54992.2,50922,54515,36475.772500000036,50045.67984987374,52096.75837071552,172863.566,0,-95,-99,50.007488777684316,42.45915996161157,7.548328816072747,12.313428891010604,,,,,,,,,,,,,,60,100,-60,,,,,42.45915996161157,,,,,,0,-95,-99,50.007488777684316,42.45915996161157,7.548328816072747,12.313428891010604,,,,,,,,,,,,,,60,100,-60,,,,,42.45915996161157,,,,,
1708992000,54515,57699,54488.8,57077.9,36614.092500000035,50684.97259079431,53203.67873277874,221561.137,0,-95,-99,66.59971294524829,51.66901164938514,14.930701295863145,14.985468936660546,,,,,,,,,,,,,,60,100,-60,,,,,,,,,,,0,-95,-99,66.59971294524829,51.66901164938514,14.930701295863145,14.985468936660546,,,,,,,,,,,,,,60,100,-60,,,,,,,,,,
1709078400,57077.9,64496.7,56735.4,62484.1,36779.42400000003,51757.620537085735,55265.994569939015,452005.803,0,-95,-99,82.9104474316542,66.50588305152894,16.404564380125265,16.540661278000698,,,,,,87.3637161234071,,,,,,,,60,100,-60,,,,,,,,,,,0,-95,-99,82.9104474316542,66.50588305152894,16.404564380125265,16.540661278000698,,,,,,87.3637161234071,,,,,,,,60,100,-60,,,,,,,,,,
1709164800,62484.1,63796.6,60460.9,61184.1,36938.83800000003,52614.57321553249,56581.12910995257,247267.548,0,-95,-99,88.58649105539853,79.36555047743367,9.220940577964853,15.171024131773688,,,,,,,,,,86.59544038240855,,,,60,100,-60,,,,,,,,,,,0,-95,-99,88.58649105539853,79.36555047743367,9.220940577964853,15.171024131773688,,,,,,,,,,86.59544038240855,,,,60,100,-60,,,,,,,,,,
1709251200,61184.1,63181.9,60827,62417.6,37103.81300000004,53505.7574686659,57878.122641074224,128026.11,0,-95,-99,89.05646534778036,86.85113461161103,2.20533073616933,14.177036376061931,,,,,,,,,,,,,,60,100,-60,,,,,,,,,,,0,-95,-99,89.05646534778036,86.85113461161103,2.20533073616933,14.177036376061931,,,,,,,,,,,,,,60,100,-60,,,,,,,,,,
1709337600,62417.6,62499,61591.3,62055.9,37268.120500000034,54283.043153332634,58806.5176097244,59336.96,0,-95,-99,86.25252257384837,87.96515965900909,-1.712637085160722,12.0968516924026,87.96515965900909,,87.96515965900909,,,,,,,,,,,60,100,-60,,,,,87.96515965900909,,105,,,,0,-95,-99,86.25252257384837,87.96515965900909,-1.712637085160722,12.0968516924026,87.96515965900909,,87.96515965900909,,,,,,,,,,,60,100,-60,,,,,87.96515965900909,,105,,,
1709424000,62055.9,63333,61317.7,63179.1,37440.37700000004,55091.77559393876,59778.2025853412,80467.66,0,-95,-99,82.99552811123397,86.10150534428756,-3.1059772330535935,14.478051456848949,,,,,,,,,,,,,,60,100,-60,,,,,,,,,,,0,-95,-99,82.99552811123397,86.10150534428756,-3.1059772330535935,14.478051456848949,,,,,,,,,,,,,,60,100,-60,,,,,,,,,,
1709510400,63179.1,68686.8,62235,68360,37649.126500000035,56297.9778126716,61685.2686774876,272675.266,0,-95,-99,84.91472257633205,84.72092442047146,0.19379815586059124,15.05114928100356,,,,,,86.34763636984913,,,,79.32971049636033,,,,60,100,-60,,,,,84.72092442047146,,,,,,0,-95,-99,84.91472257633205,84.72092442047146,0.19379815586059124,15.05114928100356,,,,,,86.34763636984913,,,,79.32971049636033,,,,60,100,-60,,,,,84.72092442047146,,,,,
1709596800,68360,69387.2,59111,63750.1,37837.67450000004,56975.44346606509,62144.12008249036,420727.422,0,-95,-99,79.43255737006575,82.44760268587726,-3.0150453158115056,13.929095863280555,,,,,,,,,,,,,,60,100,-60,,,,,82.44760268587726,,105,,,,0,-95,-99,79.43255737006575,82.44760268587726,-3.0150453158115056,13.929095863280555,,,,,,,,,,,,,,60,100,-60,,,,,82.44760268587726,,105,,,
1709683200,63750.1,67764.5,62824.1,66118.5,38037.82300000003,57806.63042369553,63027.315619714725,236268.315,0,-95,-99,76.60029963872606,80.31585986170796,-3.7155602229819067,15.68387480485395,,,,,,,,,,,,,,60,100,-60,,,,,,,,,,,0,-95,-99,76.60029963872606,80.31585986170796,-3.7155602229819067,15.68387480485395,,,,,,,,,,,,,,60,100,-60,,,,,,,,,,
1709769600,66118.5,68160.3,65555,66858.7,38241.23400000003,58629.545839723214,63878.73437088923,123387.181,0,-95,-99,75.09163572313993,77.04149757731058,-1.9498618541706492,16.491198221588906,,,,,,,,,,,,,,60,100,-60,,,,,,,,,,,0,-95,-99,75.09163572313993,77.04149757731058,-1.9498618541706492,16.491198221588906,,,,,,,,,,,,,,60,100,-60,,,,,,,,,,
1709856000,66858.7,70320,66135.1,68165,38451.49450000004,59496.40530883928,64831.23784402496,183236.739,0,-95,-99,74.47352208997503,75.38848581728034,-0.914963727305306,15.45602309413691,,,,,,,,,,,,,,60,100,-60,,,,,,,,,,,0,-95,-99,74.47352208997503,75.38848581728034,-0.914963727305306,15.45602309413691,,,,,,,,,,,,,,60,100,-60,,,,,,,,,,
1709942400,68165,68606,67897.4,68374.4,38663.14650000004,60303.49573530844,65618.60721201941,31306.791,0,-95,-99,72.18235911847461,73.91583897719651,-1.733479858721907,16.82839111671716,,,,,,,,,,,,,,60,100,-60,,,,,,,,,,,0,-95,-99,72.18235911847461,73.91583897719651,-1.733479858721907,16.82839111671716,,,,,,,,,,,,,,60,100,-60,,,,,,,,,,
1710028800,68374.4,70029.1,68122,68999.6,38876.030000000035,61094.050668462216,66369.93894268177,97914.417,0,-95,-99,70.28347780469002,72.31311967104655,-2.0296418663565277,17.26039087399413,,,,,,,,,,,38.3893099627224,,,60,100,-60,,,,,,,,,,,0,-95,-99,70.28347780469002,72.31311967104655,-2.0296418663565277,17.26039087399413,,,,,,,,,,,38.3893099627224,,,60,100,-60,,,,,,,,,,
1710115200,68999.6,72919.6,66923,72152.4,39105.98400000003,62099.355153147466,67654.93028875248,181576.665,0,-95,-99,70.27984622928287,70.9152277174825,-0.6353814881996271,18.795963576416934,,,,,,79.22945516882523,,,,,,,,60,100,-60,,,,,,,,,,,0,-95,-99,70.27984622928287,70.9152277174825,-0.6353814881996271,18.795963576416934,,,,,,79.22945516882523,,,,,,,,60,100,-60,,,,,,,,,,
1710201600,72152.4,73391,68671.3,71512,39333.31450000004,62955.05013922497,68512.05689125194,201923.678,0,-95,-99,69.35769578496475,69.9736732729792,-0.6159774880144511,20.15456611743783,,,,,,,,,,,,,,60,100,-60,,,,,,,,,,,0,-95,-99,69.35769578496475,69.9736732729792,-0.6159774880144511,20.15456611743783,,,,,,,,,,,,,,60,100,-60,,,,,,,,,,
1710288000,71512,73749.9,71382.2,73133,39568.937000000034,63880.31830838634,69538.9331376404,127778.397,0,-95,-99,69.81871635656358,69.81875279027038,-0.000036433706796401566,21.691759659905575,,,,,,,,,,47.98921997995144,,,,60,100,-60,,,,,,,,,,,0,-95,-99,69.81871635656358,69.81875279027038,-0.000036433706796401566,21.691759659905575,,,,,,,,,,47.98921997995144,,,,60,100,-60,,,,,,,,,,
1710374400,73133,73949,68613.6,71473.1,39795.87550000004,64570.571189442126,69968.74799594254,209363.193,0,-95,-99,65.47759981180172,68.21800398444334,-2.740404172641618,22.91897757198177,,,,,,,,,,,,,,60,100,-60,,,,,,,,,,,0,-95,-99,65.47759981180172,68.21800398444334,-2.740404172641618,22.91897757198177,,,,,,,,,,,,,,60,100,-60,,,,,,,,,,
1710460800,71473.1,72525,65559.2,69523.8,40012.982500000035,65020.86471767466,69869.87066351087,290396.76,0,-95,-99,55.455549430880936,63.58395519974872,-8.128405768867786,21.065728952445358,,,,,,,,,,,,,,60,100,-60,,,,,,,,,,,0,-95,-99,55.455549430880936,63.58395519974872,-8.128405768867786,21.065728952445358,,,,,,,,,,,,,,60,100,-60,,,,,,,,,,
1710547200,69523.8,70081.3,64696.4,65331.2,40201.12550000003,65049.07701606787,68861.27718273067,147941.177,0,-95,-99,39.12477261114865,53.352640617943756,-14.227868006795106,18.13576501304836,,,,,,,,,,,,,,60,100,-60,,,,,,,,,,,0,-95,-99,39.12477261114865,53.352640617943756,-14.227868006795106,18.13576501304836,,,,,,,,,,,,,,60,100,-60,,,,,,,,,,
1710633600,65331.2,68970,64539.8,68432.2,40406.87300000003,65356.63365097079,68765.92669767942,127270.331,0,-95,-99,28.21775601058409,40.93269268420454,-12.71493667362045,20.749562969795146,,,,,,,,,,,8.876710860157118,,,60,100,-60,,,,,,,,,,,0,-95,-99,28.21775601058409,40.93269268420454,-12.71493667362045,20.749562969795146,,,,,,,,,,,8.876710860157118,,,60,100,-60,,,,,,,,,,
1710720000,68432.2,69040,66533.5,67643.9,40615.47200000003,65564.56695542799,68516.58743152843,139068.527,0,-95,-99,21.040285279411975,29.46093796704822,-8.420652687636245,21.567426935895426,,,,,,,,,,,,,,60,100,-60,,,,,,,,,,,0,-95,-99,21.040285279411975,29.46093796704822,-8.420652687636245,21.567426935895426,,,,,,,,,,,,,,60,100,-60,,,,,,,,,,
1710806400,67643.9,68174.9,61555,61971.5,40796.361000000026,65237.92450493453,67062.12355785545,270938.291,0,-95,-99,1.9533536043281252,17.070464964774715,-15.11711136044659,18.994550079749565,,,,,,,,,,,,,,60,100,-60,,,,,,,,,,,0,-95,-99,1.9533536043281252,17.070464964774715,-15.11711136044659,18.994550079749565,,,,,,,,,,,,,,60,100,-60,,,,,,,,,,
1710892800,61971.5,68133.2,60761.2,67850.5,41006.32500000003,65475.43136812231,67237.31832277645,240043.647,0,-95,-99,-5.450744299401183,5.847631528112956,-11.298375827514139,20.831958630780527,,,,,,,,,,,,,,60,100,-60,,,,,,,,,,,0,-95,-99,-5.450744299401183,5.847631528112956,-11.298375827514139,20.831958630780527,,,,,,,,,,,,,,60,100,-60,,,,,,,,,,
1710979200,67850.5,68287.7,64528,65536,41204.20550000003,65480.937607383916,66859.24758438168,141743.448,0,-95,-99,-8.744755259076818,-4.080715318049973,-4.664039941026846,20.00198438401609,,,,,,,,,,,,,,60,100,-60,,,,,,,,,,,0,-95,-99,-8.744755259076818,-4.080715318049973,-4.664039941026846,20.00198438401609,,,,,,,,,,,,,,60,100,-60,,,,,,,,,,
1711065600,65536,66666.6,62098,63815.8,41394.225000000035,65329.561461258105,66182.92589896353,191857.048,0,-95,-99,-18.945754382126815,-11.047084646868285,-7.89866973525853,21.230153650607395,,,,,,,,,,17.511612586613325,,,,60,100,-60,,,,,,,,,,,0,-95,-99,-18.945754382126815,-11.047084646868285,-7.89866973525853,21.230153650607395,,,,,,,,,,17.511612586613325,,,,60,100,-60,,,,,,,,,,
1711152000,63815.8,66064.7,63001.1,63996.3,41585.29700000003,65208.355873871005,65697.00903252719,101837.278,0,-95,-99,-24.867292890695108,-17.51926751063293,-7.348025380062179,20.86061419878465,,,,,,,,,,,,,,60,100,-60,,,,,,,,,,,0,-95,-99,-24.867292890695108,-17.51926751063293,-7.348025380062179,20.86061419878465,,,,,,,,,,,,,,60,100,-60,,,,,,,,,,
1711238400,63996.3,67698.8,63780.6,67248.1,41792.79000000003,65393.78715806455,66041.69591418782,99682.156,0,-95,-99,-19.342709948835378,-21.05191907388578,1.7092091250504033,22.522349244755834,,,,,,,,,,,,,,60,100,-60,,-108,,,-21.05191907388578,,,,,,0,-95,-99,-19.342709948835378,-21.05191907388578,1.7092091250504033,22.522349244755834,,,,,,,,,,,,,,60,100,-60,,-108,,,-21.05191907388578,,,,,
1711324800,67248.1,71278.3,66374.5,69903.4,42011.081000000035,65803.75196187687,66899.85237770164,166456.851,0,-95,-99,-1.1435295375714425,-15.117844125700657,13.974314588129214,24.27011267317189,,,,,,,,,,,,,,60,100,-60,,,,,,,,,,,0,-95,-99,-1.1435295375714425,-15.117844125700657,13.974314588129214,24.27011267317189,,,,,,,,,,,,,,60,100,-60,,,,,,,,,,
1711411200,69903.4,71650,69333,70046,42231.82650000003,66189.41087443352,67598.99629376794,135865.987,0,-95,-99,14.48705737680769,-1.999727369866391,16.48678474667408,22.51764949287479,,,,,,,,,,,,,,60,100,-60,,,,,,,,,,,0,-95,-99,14.48705737680769,-1.999727369866391,16.48678474667408,22.51764949287479,,,,,,,,,,,,,,60,100,-60,,,,,,,,,,
1711497600,70046,71898,68400,69548.6,42450.121000000036,66494.79170403047,68032.24156181951,185536.844,0,-95,-99,22.884557260809526,12.07602836668191,10.808528894127615,21.285968441209523,,,,,,,,,,,,,,60,100,-60,,,,,,,,,,,0,-95,-99,22.884557260809526,12.07602836668191,10.808528894127615,21.285968441209523,,,,,,,,,,,,,,60,100,-60,,,,,,,,,,
1711584000,69548.6,71615.8,68955,70858.8,42675.28300000003,66891.5197309368,68660.36565919295,101498.006,0,-95,-99,29.95470442878125,22.44210635546614,7.512598073315107,22.676071023177276,,,,,,60.0839042606309,,,,,,,,60,100,-60,,,,,,,,,,,0,-95,-99,29.95470442878125,22.44210635546614,7.512598073315107,22.676071023177276,,,,,,60.0839042606309,,,,,,,,60,100,-60,,,,,,,,,,
1711670400,70858.8,70990,69000.5,69899.2,42899.005500000036,67164.94520994254,68935.66217937229,84601.991,0,-95,-99,32.24081459867391,28.360025429421558,3.880789169252349,19.56775389359749,,,,,,,,,,,,,,60,100,-60,,,,,,,,,,,0,-95,-99,32.24081459867391,28.360025429421558,3.880789169252349,19.56775389359749,,,,,,,,,,,,,,60,100,-60,,,,,,,,,,
1711756800,69899.2,70400,69582,69638.7,43118.07400000003,67389.83200903867,69091.89280617844,30401.748,0,-95,-99,32.96925940839249,31.72159281194921,1.2476665964432776,19.509962346061613,,,,,,,,,,,,,,60,100,-60,,,,,,,,,,,0,-95,-99,32.96925940839249,31.72159281194921,1.2476665964432776,19.509962346061613,,,,,,,,,,,,,,60,100,-60,,,,,,,,,,
1711843200,69638.7,71514.2,69609.4,71378,43343.92500000004,67752.3927354897,69599.91662702768,48414.928,0,-95,-99,37.35352664880084,34.187866885289075,3.165659763511762,22.41112190212972,,,,,,60.29576404320108,,,,,,,,60,100,-60,,,,,,,,,,,0,-95,-99,37.35352664880084,34.187866885289075,3.165659763511762,22.41112190212972,,,,,,60.29576404320108,,,,,,,,60,100,-60,,,,,,,,,,
1711929600,71378,71394.6,68043.8,69706.8,43559.90900000003,67930.06612317245,69623.66848768819,125799.636,0,-95,-99,33.93744687074064,34.75341097597798,-0.8159641052373416,20.289989872114294,,,34.75341097597798,,,,,,,79.87275043597083,,,,60,100,-60,,,,,34.75341097597798,,,,106,,0,-95,-99,33.93744687074064,34.75341097597798,-0.8159641052373416,20.289989872114294,,,34.75341097597798,,,,,,,79.87275043597083,,,,60,100,-60,,,,,34.75341097597798,,,,106,
1712016000,69706.8,69743.9,64490,65484,43754.38450000003,67707.69647561132,68703.74215709082,213352.261,0,-95,-99,13.727565110262272,28.339512876601244,-14.611947766338972,17.983939912764022,,,,,,,,,,,,,,60,100,-60,,,,,,,,,,,0,-95,-99,13.727565110262272,28.339512876601244,-14.611947766338972,17.983939912764022,,,,,,,,,,,,,,60,100,-60,,,,,,,,,,
1712102400,65484,66950,64406,65971.5,43951.49200000003,67549.86043237393,68096.57723329286,116505.398,0,-95,-99,-2.908083103179944,14.918976292607647,-17.827059395787593,19.360926180592493,,,,,,,,,,,,,,60,100,-60,,,,,,,,,,,0,-95,-99,-2.908083103179944,14.918976292607647,-17.827059395787593,19.360926180592493,,,,,,,,,,,,,,60,100,-60,,,,,,,,,,
1712188800,65971.5,69315.8,65035.7,68480.4,44161.32100000003,67634.45493852175,68181.87118145,139284.141,0,-95,-99,-5.86247278751731,1.652336406521668,-7.514809194038978,21.951071652236653,,,,,,,,,,,25.788154066982788,,,60,100,-60,,,,,,,,,,,0,-95,-99,-5.86247278751731,1.652336406521668,-7.514809194038978,21.951071652236653,,,,,,,,,,,25.788154066982788,,,60,100,-60,,,,,,,,,,
1712275200,68480.4,68775.9,65943,67814,44366.64450000003,67650.77721683796,68100.12203001666,142673.449,0,-95,-99,-8.749780949592697,-5.840112280096652,-2.909668669496045,21.114532183551432,,,,,,,,,,,,,,60,100,-60,,,,,,,,,,,0,-95,-99,-8.749780949592697,-5.840112280096652,-2.909668669496045,21.114532183551432,,,,,,,,,,,,,,60,100,-60,,,,,,,,,,
1712361600,67814,69699.9,67457.9,68894.6,44575.15250000004,67763.85201530723,68276.67269001296,48282.669,0,-95,-99,-2.3470080476054687,-5.6530872615718275,3.306079213966359,21.121234712571816,,,,,,,,,,,,,,60,100,-60,,-108,,-108,-5.6530872615718275,,,,,,0,-95,-99,-2.3470080476054687,-5.6530872615718275,3.306079213966359,21.121234712571816,,,,,,,,,,,,,,60,100,-60,,-108,,-108,-5.6530872615718275,,,,,
1712448000,68894.6,70366,68803.4,69355,44786.37450000003,67908.50183209748,68516.3009811212,67662.806,0,-95,-99,8.061083575269981,-1.0119018073093973,9.072985382579379,19.935433652004676,,,,,,,,,,,,,,60,100,-60,,,,,,,,,,,0,-95,-99,8.061083575269981,-1.0119018073093973,9.072985382579379,19.935433652004676,,,,,,,,,,,,,,60,100,-60,,,,,,,,,,
1712534400,69355,72854.5,69050,71674.4,45011.97400000003,68250.8562109977,69218.10076309426,130297.113,0,-95,-99,23.777849976665067,9.830641834776523,13.947208141888543,19.685398787371525,,,,,,,,,,,,,,60,100,-60,,,,,,,,,,,0,-95,-99,23.777849976665067,9.830641834776523,13.947208141888543,19.685398787371525,,,,,,,,,,,,,,60,100,-60,,,,,,,,,,
1712620800,71674.4,71814,68200.3,69187,45225.08050000003,68335.96019181609,69211.18948240665,153248.683,0,-95,-99,25.394629506420873,19.077854352785305,6.316775153635568,16.423278376671774,,,,,,,,,,,,,,60,100,-60,,,,,,,,,,,0,-95,-99,25.394629506420873,19.077854352785305,6.316775153635568,16.423278376671774,,,,,,,,,,,,,,60,100,-60,,,,,,,,,,
1712707200,69187,71269,67506.1,70655.8,45445.531500000034,68546.85471983282,69532.21404187185,148360.695,0,-95,-99,26.800264790314944,25.324248091133626,1.4760166991813186,16.28398044982352,,,,,,,,,,67.52955354576349,,,,60,100,-60,,,,,,,,,,,0,-95,-99,26.800264790314944,25.324248091133626,1.4760166991813186,16.28398044982352,,,,,,,,,,67.52955354576349,,,,60,100,-60,,,,,,,,,,
1712793600,70655.8,71341.7,69580,70038.5,45664.55950000003,68682.45883621165,69644.72203256699,117732.438,0,-95,-99,31.167648269521116,27.78751418875231,3.380134080768805,13.9754547046306,,,27.78751418875231,,,,,,,,,,,60,100,-60,,,,,,,,,,,0,-95,-99,31.167648269521116,27.78751418875231,3.380134080768805,13.9754547046306,,,27.78751418875231,,,,,,,,,,,60,100,-60,,,,,,,,,,
1712880000,70038.5,71281.1,64669,67120.5,45868.72450000003,68540.46257837422,69083.78380310765,193747.829,0,-95,-99,13.22777963992614,23.731897566587396,-10.504117926661255,11.375328697691625,,,,,,,,,,,,,,60,100,-60,,,,,23.731897566587396,,,,,,0,-95,-99,13.22777963992614,23.731897566587396,-10.504117926661255,11.375328697691625,,,,,,,,,,,,,,60,100,-60,,,,,23.731897566587396,,,,,
1712966400,67120.5,67937.6,59765.9,63905.1,46057.213000000025,68119.06598034021,67932.96518019483,221184.794,0,-95,-99,-13.728734567908973,10.222231113846092,-23.950965681755065,10.685587736514837,,,,,,,,,,,,,,60,100,-60,,,,,,,,,,,0,-95,-99,-13.728734567908973,10.222231113846092,-23.950965681755065,10.685587736514837,,,,,,,,,,,,,,60,100,-60,,,,,,,,,,
1713052800,63905.1,65824,62088.7,65618.9,46253.51000000003,67891.77816394564,67418.72847348487,171702.581,0,-95,-99,-26.571852742135903,-9.024269223372913,-17.54758351876299,9.9984675252624,,,,,,,,,,,,,,60,100,-60,,,,,,,,,,,0,-95,-99,-26.571852742135903,-9.024269223372913,-17.54758351876299,9.9984675252624,,,,,,,,,,,,,,60,100,-60,,,,,,,,,,
1713139200,65618.9,66834.9,62222,63413.7,46435.52500000003,67484.6801490415,66528.72214604379,178673.478,0,-95,-99,-35.147536779660015,-25.149374696568298,-9.998162083091717,8.671035099262845,,,,,,,,,,,,,,60,100,-60,,,,,,,,,,,0,-95,-99,-35.147536779660015,-25.149374696568298,-9.998162083091717,8.671035099262845,,,,,,,,,,,,,,60,100,-60,,,,,,,,,,
1713225600,63413.7,64357.6,61512.5,63772.3,46619.91300000003,67147.19104458317,65916.18389136739,178361.486,0,-95,-99,-42.69494338546585,-34.80477763575393,-7.890165749711919,8.39025839770296,,,,,,,,,,,,,,60,100,-60,,,,,,,,,,,0,-95,-99,-42.69494338546585,-34.80477763575393,-7.890165749711919,8.39025839770296,,,,,,,,,,,,,,60,100,-60,,,,,,,,,,
1713312000,63772.3,64479.9,59605,61245,46791.37050000003,66610.62822234834,64878.14302661908,190236.376,0,-95,-99,-50.31043241258752,-42.71763752590446,-7.592794886683059,7.835118695750303,,,,,,,,,,,4.007024661609333,,,60,100,-60,,,,,,,,,,,0,-95,-99,-50.31043241258752,-42.71763752590446,-7.592794886683059,7.835118695750303,,,,,,,,,,,4.007024661609333,,,60,100,-60,,,,,,,,,,
1713398400,61245,64166.1,60757,63445.1,46968.70100000002,66322.85292940759,64559.68902070373,153817.52,0,-95,-99,-50.900638670795765,-47.96867148961638,-2.931967181179381,8.508019771652727,,,,,,,,,,,,,,60,100,-60,,,,,,,,,,,0,-95,-99,-50.900638670795765,-47.96867148961638,-2.931967181179381,8.508019771652727,,,,,,,,,,,,,,60,100,-60,,,,,,,,,,
1713484800,63445.1,65431.6,59521.7,63774.8,47150.15450000003,66091.2117540069,64385.26923832512,238467.879,0,-95,-99,-49.84354761043945,-50.35153956460758,0.5079919541681264,9.69619573181586,,,,-50.35153956460758,,,,,,,,,,60,100,-60,,-108,,,-50.35153956460758,,,,,,0,-95,-99,-49.84354761043945,-50.35153956460758,0.5079919541681264,9.69619573181586,,,,-50.35153956460758,,,,,,,,,,60,100,-60,,-108,,,-50.35153956460758,,,,,
1713571200,63774.8,65407,63038.5,64900,47337.58850000003,65982.9197763699,64499.65385203065,82788.639,0,-95,-99,-41.63923701996329,-47.461141100399495,5.821904080436205,10.390924210615841,,,,,,,,,,,,,,60,100,-60,,,,,,,,,,,0,-95,-99,-41.63923701996329,-47.461141100399495,5.821904080436205,10.390924210615841,,,,,,,,,,,,,,60,100,-60,,,,,,,,,,
1713657600,64900,65694.2,64200,64910.9,47523.31950000002,65885.46343306355,64591.04188491273,68102.911,0,-95,-99,-32.047703872125076,-41.17682950084261,9.129125628717532,10.930685830959337,,,,,,,,,,,,,,60,100,-60,,,,,,,,,,,0,-95,-99,-32.047703872125076,-41.17682950084261,9.129125628717532,10.930685830959337,,,,,,,,,,,,,,60,100,-60,,,,,,,,,,
1713744000,64910.9,67198.9,64463.1,66770.3,47720.18450000003,65965.90312096686,65075.321466043235,104119.156,0,-95,-99,-17.711160252029654,-30.466033714706004,12.75487346267635,13.838714532316565,,,,,,,,,,,,,,60,100,-60,,,,,,,,,,,0,-95,-99,-17.711160252029654,-30.466033714706004,12.75487346267635,13.838714532316565,,,,,,,,,,,,,,60,100,-60,,,,,,,,,,
1713830400,66770.3,67145.7,65750,66397.8,47912.611000000026,66005.16647360624,65369.20558470029,78292.862,0,-95,-99,-5.642474540285521,-18.467112888146747,12.824638347861226,14.45536195676172,,,,,,,,,,,,,,60,100,-60,,,,,,,,,,,0,-95,-99,-5.642474540285521,-18.467112888146747,12.824638347861226,14.45536195676172,,,,,,,,,,,,,,60,100,-60,,,,,,,,,,
1713916800,66397.8,67084.5,63562.6,64259.1,48094.19500000003,65846.43315782385,65122.51545476689,124268.416,0,-95,-99,-5.92174981775214,-9.758461536689103,3.8367117189369626,11.154598230834543,,,,,,,,,,61.91486578575939,,,,60,100,-60,,,,,,,,,,,0,-95,-99,-5.92174981775214,-9.758461536689103,3.8367117189369626,11.154598230834543,,,,,,,,,,61.91486578575939,,,,60,100,-60,,,,,,,,,,
1714003200,64259.1,65272.3,62745.2,64464.6,48277.02300000002,65720.81196165804,64976.31202037425,125184.423,0,-95,-99,-12.11654803133261,-7.893590796456755,-4.222957234875854,10.791465927855976,,,,,,,,,,,,,,60,100,-60,,,,,-7.893590796456755,,,,,,0,-95,-99,-12.11654803133261,-7.893590796456755,-4.222957234875854,10.791465927855976,,,,,,,,,,,,,,60,100,-60,,,,,-7.893590796456755,,,,,
1714089600,64464.6,64798,63273,63746,48457.85700000003,65541.28360150731,64702.90934917997,92008.412,0,-95,-99,-18.055842591422905,-12.031380146835884,-6.024462444587021,7.91357809699255,,,,,,,,,,,,,,60,100,-60,,,,,,,,,,,0,-95,-99,-18.055842591422905,-12.031380146835884,-6.024462444587021,7.91357809699255,,,,,,,,,,,,,,60,100,-60,,,,,,,,,,
1714176000,63746,63900,62370,63412.9,48638.031500000034,65347.79418318847,64416.24060491776,72867.974,0,-95,-99,-26.84624927317789,-19.006213298644468,-7.840035974533421,5.373393369227333,,,,,,,,,,,,,,60,100,-60,,,,,,,,,,,0,-95,-99,-26.84624927317789,-19.006213298644468,-7.840035974533421,5.373393369227333,,,,,,,,,,,,,,60,100,-60,,,,,,,,,,
1714262400,63412.9,64336.8,62674.2,63092.8,48819.168000000034,65142.79471198952,64122.142692713816,54486.794,0,-95,-99,-31.22810087613573,-25.37673091357884,-5.851369962556891,3.1506725220652596,,,,,,,,,,,,,,60,100,-60,,,,,,,,,,,0,-95,-99,-31.22810087613573,-25.37673091357884,-5.851369962556891,3.1506725220652596,,,,,,,,,,,,,,60,100,-60,,,,,,,,,,
1714348800,63092.8,64193,61729.9,63827.9,49004.575500000035,65023.25882908138,64056.7554276663,113196.803,0,-95,-99,-34.58298872186489,-30.88577962372617,-3.6972090981387247,4.87109338551927,,,,,,,,,,,,,,60,100,-60,,,,,,,,,,,0,-95,-99,-34.58298872186489,-30.88577962372617,-3.6972090981387247,4.87109338551927,,,,,,,,,,,,,,60,100,-60,,,,,,,,,,
1714435200,63827.9,64705.3,59132,60655.9,49173.62150000003,64626.2262082558,63301.00977707379,201222.12,0,-95,-99,-46.86580870651383,-37.558966101504815,-9.306842605009017,2.1387343974036295,,,,,,,,,,,,,,60,100,-60,,,,,,,,,,,0,-95,-99,-46.86580870651383,-37.558966101504815,-9.306842605009017,2.1387343974036295,,,,,,,,,,,,,,60,100,-60,,,,,,,,,,
1714521600,60655.9,60820,56505,58298.5,49330.90600000003,64050.97837114164,62189.34093772406,254425.925,0,-95,-99,-63.169472188967525,-48.20608987244875,-14.963382316518775,1.7691166644274423,,,,,,,,,,,,,,60,100,-60,,,,,,,,,,,0,-95,-99,-63.169472188967525,-48.20608987244875,-14.963382316518775,1.7691166644274423,,,,,,,,,,,,,,60,100,-60,,,,,,,,,,
1714608000,58298.5,59581,56887.3,59030.4,49490.36150000003,63594.562155583306,61487.35406267427,131444.898,0,-95,-99,-69.68800262509009,-59.90776117352382,-9.780241451566276,1.0550458714980562,,,,,,,,,,,11.050499974762063,,,60,100,-60,,,,,,,,,,,0,-95,-99,-69.68800262509009,-59.90776117352382,-9.780241451566276,1.0550458714980562,,,,,,,,,,,11.050499974762063,,,60,100,-60,,,,,,,,,,
1714694400,59030.4,63343.7,58780,62843.7,49662.175500000034,63526.30195962119,61788.76427096887,150514.932,0,-95,-99,-59.26403696963054,-64.04050392789605,4.776466958265516,1.1364353750136171,,,,-64.04050392789605,,,,,,,,,,60,100,-60,,-108,,,-64.04050392789605,-107,,,,,0,-95,-99,-59.26403696963054,-64.04050392789605,4.776466958265516,1.1364353750136171,,,,-64.04050392789605,,,,,,,,,,60,100,-60,,-108,,,-64.04050392789605,-107,,,,
1714780800,62843.7,64499.9,62512.8,63860,49839.57200000004,63556.63814511017,62249.03887742024,83894.05,0,-95,-99,-40.385528719541,-56.44585610475388,16.06032738521288,3.536556679948503,,,,,,,,,,,,,,60,100,-60,,,,,,,,,,,0,-95,-99,-40.385528719541,-56.44585610475388,16.06032738521288,3.536556679948503,,,,,,,,,,,,,,60,100,-60,,,,,,,,,,
1714867200,63860,64630,62866.1,63997.8,50018.01550000004,63596.74376828197,62637.65246021574,70925.504,0,-95,-99,-25.063614443594957,-41.571060044255496,16.50744560066054,2.5333765837351203,,,,,,,,,,,,,,60,100,-60,,,,,,,,,,,0,-95,-99,-25.063614443594957,-41.571060044255496,16.50744560066054,2.5333765837351203,,,,,,,,,,,,,,60,100,-60,,,,,,,,,,
1714953600,63997.8,65540,62669,63149.3,50190.27750000004,63556.06706207452,62751.35191350113,141354.736,0,-95,-99,-13.68663748410127,-26.378593549079074,12.691956064977804,1.084239641027052,,,,,,,,,,,,,,60,100,-60,,,,,,,,,,,0,-95,-99,-13.68663748410127,-26.378593549079074,12.691956064977804,1.084239641027052,,,,,,,,,,,,,,60,100,-60,,,,,,,,,,
1715040000,63149.3,64398.7,62230,62314.5,50353.58650000004,63443.197329158655,62654.27371050088,105874.296,0,-95,-99,-9.735333679659643,-16.161861869118628,6.426528189458985,-0.6584531429309342,,,,,,,,,,84.48644148254138,,,,60,100,-60,,,,,,,,,,,0,-95,-99,-9.735333679659643,-16.161861869118628,6.426528189458985,-0.6584531429309342,,,,,,,,,,84.48644148254138,,,,60,100,-60,,,,,,,,,,
1715126400,62314.5,63024.5,60850,61164,50509.948500000035,63235.99757196241,62323.10177483402,105337.308,0,-95,-99,-15.94963415885372,-13.123868440871547,-2.825765717982172,-2.7199517034338814,,,,,,,,,,,,,,60,100,-60,,,,,-13.123868440871547,,,,,,0,-95,-99,-15.94963415885372,-13.123868440871547,-2.825765717982172,-2.7199517034338814,,,,,,,,,,,,,,60,100,-60,,,,,-13.123868440871547,,,,,
1715212800,61164,63405.5,60544.5,63035.5,50675.232500000035,63217.77051996583,62481.412491537565,108058.166,0,-95,-99,-15.35384041647249,-13.679602751661955,-1.6742376648105353,-1.9041659114530054,,,,,,,,,,,,,,60,100,-60,,,,,,,,,,,0,-95,-99,-15.35384041647249,-13.679602751661955,-1.6742376648105353,-1.9041659114530054,,,,,,,,,,,,,,60,100,-60,,,,,,,,,,
1715299200,63035.5,63447.8,60111,60789.1,50813.713500000034,62996.982290878026,62105.343048973664,127069.119,0,-95,-99,-22.249965064683213,-17.851146546669813,-4.3988185180134,-4.901627039689391,,,,,,,,,,,,,,60,100,-60,,,,,,,,,,,0,-95,-99,-22.249965064683213,-17.851146546669813,-4.3988185180134,-4.901627039689391,,,,,,,,,,,,,,60,100,-60,,,,,,,,,,
1715385600,60789.1,61500,60461,60810.2,50948.08550000004,62798.183900798205,61817.53348253507,42665.587,0,-95,-99,-30.45536641822359,-22.686390633126436,-7.768975785097155,-4.511640592939864,,,,,,,,,,,,,,60,100,-60,,,,,,,,,,,0,-95,-99,-30.45536641822359,-22.686390633126436,-7.768975785097155,-4.511640592939864,,,,,,,,,,,,,,60,100,-60,,,,,,,,,,
1715472000,60810.2,61854.2,60566.6,61449.7,51082.80900000003,62675.59445527109,61735.792708638386,41972.384,0,-95,-99,-32.48974942865232,-28.398360303853043,-4.091389124799274,-4.981566094600842,,,,,,,,,,,65.09617949618632,,,60,100,-60,,,,,,,,,,,0,-95,-99,-32.48974942865232,-28.398360303853043,-4.091389124799274,-4.981566094600842,,,,,,,,,,,65.09617949618632,,,60,100,-60,,,,,,,,,,
1715558400,61449.7,63437.3,60707.8,62909.4,51226.52550000003,62696.849504791906,61996.59432894097,105341.089,0,-95,-99,-22.4954243080417,-28.480180051639206,5.984755743597507,-2.8668228807094307,,,,,,,,,,,,,,60,100,-60,,,,,-28.480180051639206,,,,,,0,-95,-99,-22.4954243080417,-28.480180051639206,5.984755743597507,-2.8668228807094307,,,,,,,,,,,,,,60,100,-60,,,,,-28.480180051639206,,,,,
1715644800,62909.4,63095.9,61000.1,61546,51364.700500000035,62592.2268225381,61896.46225584298,104281.757,0,-95,-99,-20.147696942704417,-25.044290226466146,4.896593283761728,-3.793574214138558,,,,,,,,,,,,,,60,100,-60,,,,,,,,,,,0,-95,-99,-20.147696942704417,-25.044290226466146,4.896593283761728,-3.793574214138558,,,,,,,,,,,,,,60,100,-60,,,,,,,,,,
1715731200,61546,66430,61310,66185.4,51525.14050000004,62918.87892958009,62849.55953232232,143725.174,0,-95,-99,6.303173034649767,-12.113316072032118,18.416489106681887,0.41821921843737275,,,,,,,,,,,,,,60,100,-60,,,,,,,,,,,0,-95,-99,6.303173034649767,-12.113316072032118,18.416489106681887,0.41821921843737275,,,,,,,,,,,,,,60,100,-60,,,,,,,,,,
1715817600,66185.4,66770,64580.4,65226,51678.59150000003,63128.61720870917,63377.65741402847,96849.243,0,-95,-99,25.388598230186794,3.8480247740440467,21.54057345614275,-2.4271073318831067,,,,,,,,,,,,,,60,100,-60,,,,,,,,,,,0,-95,-99,25.388598230186794,3.8480247740440467,21.54057345614275,-2.4271073318831067,,,,,,,,,,,,,,60,100,-60,,,,,,,,,,
1715904000,65226,67443.8,65070.1,66973,51840.948500000035,63478.106553371974,64176.622433133256,88751.785,0,-95,-99,39.620772100944784,23.77084778859378,15.849924312351003,0.19910290461696034,,,,,,,,,,,,,,60,100,-60,,,,,,,,,,,0,-95,-99,39.620772100944784,23.77084778859378,15.849924312351003,0.19910290461696034,,,,,,,,,,,,,,60,100,-60,,,,,,,,,,
1715990400,66973,67346.5,66469,66875.8,52001.99200000004,63786.9877757927,64776.43967021476,43134.141,0,-95,-99,48.33113910718032,37.78016981277063,10.55096929440969,2.0643572019744703,,,,,,,,,,,,,,60,100,-60,,,,,,,,,,,0,-95,-99,48.33113910718032,37.78016981277063,10.55096929440969,2.0643572019744703,,,,,,,,,,,,,,60,100,-60,,,,,,,,,,
1716076800,66875.8,67737.7,65822,66235.6,52155.958000000035,64009.588887084275,65100.69752127815,62553.289,0,-95,-99,51.28869966238655,46.41353695683722,4.875162705549329,-0.7647999905940814,,,,,,,,,,,,,,60,100,-60,,,,,,,,,,,0,-95,-99,51.28869966238655,46.41353695683722,4.875162705549329,-0.7647999905940814,,,,,,,,,,,,,,60,100,-60,,,,,,,,,,
1716163200,66235.6,71638.3,66034,71436.9,52338.350000000035,64684.79898825843,66508.74251654967,156122.4,0,-95,-99,61.81679986101044,53.8122128768591,8.004586984151338,3.0944464055229775,,,,,,66.3286237683786,,,,94.59825441174092,,,,60,100,-60,,,,,,,,,,,0,-95,-99,61.81679986101044,53.8122128768591,8.004586984151338,3.0944464055229775,,,,,,66.3286237683786,,,,94.59825441174092,,,,60,100,-60,,,,,,,,,,
1716249600,71436.9,72061.7,69155,70167.8,52515.588500000034,65183.25362568948,67321.86640176085,117990.801,0,-95,-99,67.70643385102525,60.270644458140744,7.435789392884509,2.944233306654346,,,,,,,,,,,,,,60,100,-60,,,,,,,,,,,0,-95,-99,67.70643385102525,60.270644458140744,7.435789392884509,2.944233306654346,,,,,,,,,,,,,,60,100,-60,,,,,,,,,,
1716336000,70167.8,70713,68812.4,69210.1,52686.26400000003,65549.33056880863,67741.47386803622,84291.058,0,-95,-99,66.84553622161543,65.45625664455038,1.3892795770650537,1.537205505207056,65.45625664455038,,65.45625664455038,,,,,,,,,,,60,100,-60,,,,,,,,,106,,0,-95,-99,66.84553622161543,65.45625664455038,1.3892795770650537,1.537205505207056,65.45625664455038,,65.45625664455038,,,,,,,,,,,60,100,-60,,,,,,,,,106,
1716422400,69210.1,70159.4,66311.1,68000.3,52851.086500000034,65772.1459716442,67798.99078625039,136420.555,0,-95,-99,59.89809873041823,64.81668960101963,-4.918590870601399,-1.3235307023302179,,,,,,,,,,,,,,60,100,-60,108,,,,64.81668960101963,,105,,,,0,-95,-99,59.89809873041823,64.81668960101963,-4.918590870601399,-1.3235307023302179,,,,,,,,,,,,,,60,100,-60,108,,,,64.81668960101963,,105,,,
1716508800,68000.3,69279.9,66628.2,68580,53018.62200000004,66027.40542876745,67972.54838930586,77917.904,0,-95,-99,53.84068854831218,60.19477450011528,-6.3540859518031,-2.1306896115965173,,,,,,,,,,,,,,60,100,-60,,,,,,,,,,,0,-95,-99,53.84068854831218,60.19477450011528,-6.3540859518031,-2.1306896115965173,,,,,,,,,,,,,,60,100,-60,,,,,,,,,,
1716595200,68580,69636.3,68524.4,69306.2,53188.03050000004,66325.47766251587,68268.91541390456,31716.594,0,-95,-99,53.13426374173961,55.62435034015667,-2.490086598417058,-0.6517616465673792,,,,,,,,,,,,,,60,100,-60,,,,,,,,,,,0,-95,-99,53.13426374173961,55.62435034015667,-2.490086598417058,-0.6517616465673792,,,,,,,,,,,,,,60,100,-60,,,,,,,,,,
1716681600,69306.2,69598.7,68121,68528.6,53352.46500000004,66525.76151137806,68326.62309970355,37264.099,0,-95,-99,49.58059595900351,52.185182749685104,-2.6045867906815943,-1.6118307574927342,,,,,,,,,,,,,,60,100,-60,,,,,,,,,,,0,-95,-99,49.58059595900351,52.185182749685104,-2.6045867906815943,-1.6118307574927342,,,,,,,,,,,,,,60,100,-60,,,,,,,,,,
1716768000,68528.6,70737.9,68277,69450,53516.08250000004,66791.60137398005,68576.26241088053,67396.446,0,-95,-99,50.17307606092975,50.96264525389096,-0.7895691929612099,-1.9068118428462548,,,,,,,,,,,,,,60,100,-60,,,,,,,,,,,0,-95,-99,50.17307606092975,50.96264525389096,-0.7895691929612099,-1.9068118428462548,,,,,,,,,,,,,,60,100,-60,,,,,,,,,,
1716854400,69450,69613.7,67250,68443.6,53671.62450000004,66941.7830672546,68546.78187512931,111353.39,0,-95,-99,42.94146082079511,47.565044280242795,-4.623583459447687,-1.7654141127932497,,,,,,,,,,,,,,60,100,-60,,,,,,,,,,,0,-95,-99,42.94146082079511,47.565044280242795,-4.623583459447687,-1.7654141127932497,,,,,,,,,,,,,,60,100,-60,,,,,,,,,,
1716940800,68443.6,68989,67124.7,67676,53824.18950000004,67008.53006114054,68353.27479176724,72408.639,0,-95,-99,32.52875756449056,41.881098148738474,-9.352340584247912,-1.9986057398740638,,,,,,,,,,,,,,60,100,-60,,,,,,,,,,,0,-95,-99,32.52875756449056,41.881098148738474,-9.352340584247912,-1.9986057398740638,,,,,,,,,,,,,,60,100,-60,,,,,,,,,,
1717027200,67676,69560,67137,68371.8,53980.601000000046,67132.46369194594,68357.39150470785,87306.017,0,-95,-99,28.194614279082607,34.55494422145609,-6.3603299423734825,-3.5634796544263105,,,,,,,,,,,,,,60,100,-60,,,,,,,,,,,0,-95,-99,28.194614279082607,34.55494422145609,-6.3603299423734825,-3.5634796544263105,,,,,,,,,,,,,,60,100,-60,,,,,,,,,,
1717113600,68371.8,69077,66660,67555.8,54135.95400000004,67170.94881085995,68179.26005921721,84170.831,0,-95,-99,17.68769797399714,26.137023272523436,-8.449325298526297,-3.1606347487407938,,,,,,,,,,,,,,60,100,-60,,,,,,,,,,,0,-95,-99,17.68769797399714,26.137023272523436,-8.449325298526297,-3.1606347487407938,,,,,,,,,,,,,,60,100,-60,,,,,,,,,,
1717200000,67555.8,67942,67456.9,67792.8,54297.115500000036,67227.48073714541,68093.38004605783,17910.792,0,-95,-99,9.079685353019915,18.320665868699887,-9.240980515679972,0.07012737333470875,,,,,,,,,,,,,,60,100,-60,,,,,,,,,,,0,-95,-99,9.079685353019915,18.320665868699887,-9.240980515679972,0.07012737333470875,,,,,,,,,,,,,,60,100,-60,,,,,,,,,,
1717286400,67792.8,68498.6,67279.7,67776.3,54446.52750000004,67277.37339740491,68022.91781360054,39704.642,0,-95,-99,3.9923855783235256,10.253256301780196,-6.26087072345667,-0.442783011570024,,,,,,,,,,,4.217185658003942,,,60,100,-60,,,,,,,,,,,0,-95,-99,3.9923855783235256,10.253256301780196,-6.26087072345667,-0.442783011570024,,,,,,,,,,,4.217185658003942,,,60,100,-60,,,,,,,,,,
1717372800,67776.3,70344.1,67621.5,68837,54609.820000000036,67419.15763400447,68203.82496613375,94179.255,0,-95,-99,15.656012373068016,9.576027768137152,6.079984604930864,-0.9342506634380741,,,,,,,,,,,,,,60,100,-60,,,,,9.576027768137152,,,,,,0,-95,-99,15.656012373068016,9.576027768137152,6.079984604930864,-0.9342506634380741,,,,,,,,,,,,,,60,100,-60,,,,,9.576027768137152,,,,,
1717459200,68837,71110,68604.9,70559.3,54779.425500000034,67704.62512182225,68727.26386254847,82484.556,0,-95,-99,33.11471234148202,17.587703430957855,15.527008910524163,1.3726329406613993,,,,,,,,,,,,,,60,100,-60,,,,,,,,,,,0,-95,-99,33.11471234148202,17.587703430957855,15.527008910524163,1.3726329406613993,,,,,,,,,,,,,,60,100,-60,,,,,,,,,,
1717545600,70559.3,71819.6,70406,71140.6,54952.141500000034,68016.98647438386,69263.56078198215,79206.351,0,-95,-99,48.324341381257,32.36502203193567,15.959319349321326,1.1957309570254324,,,,,,62.91042675699113,,,,,,,,60,100,-60,,,,,,,,,,,0,-95,-99,48.324341381257,32.36502203193567,15.959319349321326,1.1957309570254324,,,,,,62.91042675699113,,,,,,,,60,100,-60,,,,,,,,,,
1717632000,71140.6,71699.9,70144.1,70835.8,55119.386000000035,68273.24224943986,69612.947274875,66768.725,0,-95,-99,54.21340190745543,45.217485210064815,8.995916697390612,-0.030642078432341346,,,,,,,,,,85.26542199838448,,,,60,100,-60,,,,,,,,,,,0,-95,-99,54.21340190745543,45.217485210064815,8.995916697390612,-0.030642078432341346,,,,,,,,,,85.26542199838448,,,,60,100,-60,,,,,,,,,,
1717718400,70835.8,72169,68336.7,69389.9,55278.98900000004,68374.75659039988,69563.38121379167,130476.427,0,-95,-99,50.15873461211566,50.898825966942695,-0.7400913548270367,-2.497990780192186,50.898825966942695,,50.898825966942695,,,,,,,,,,,60,100,-60,108,,,,50.898825966942695,,,,106,,0,-95,-99,50.15873461211566,50.898825966942695,-0.7400913548270367,-2.497990780192186,50.898825966942695,,50.898825966942695,,,,,,,,,,,60,100,-60,108,,,,50.898825966942695,,,,106,
1717804800,69389.9,69610.5,69204,69326,55446.913500000046,68461.2332639999,69510.62983294908,21632.956,0,-95,-99,40.555820141535186,48.309318887035424,-7.753498745500238,-1.1701672464015664,,,,,,,,,,,,,,60,100,-60,,,,,,,,,,,0,-95,-99,40.555820141535186,48.309318887035424,-7.753498745500238,-1.1701672464015664,,,,,,,,,,,,,,60,100,-60,,,,,,,,,,
1717891200,69326,69864.7,69157.1,69642.3,55608.005000000034,68568.60296727263,69539.8898700715,25358.39,0,-95,-99,34.67066507173334,41.79507327512806,-7.124408203394722,-1.0285004535437636,,,,,,,,,,,,,,60,100,-60,,,,,,,,,,,0,-95,-99,34.67066507173334,41.79507327512806,-7.124408203394722,-1.0285004535437636,,,,,,,,,,,,,,60,100,-60,,,,,,,,,,
1717977600,69642.3,70180.6,69168.4,69516,55769.09650000004,68654.72997024785,69534.58101005561,47982.027,0,-95,-99,30.720795955823736,35.31576038969742,-4.594964433873681,-0.46444427922353704,,,,,,,,,,,,,,60,100,-60,,,,,,,,,,,0,-95,-99,30.720795955823736,35.31576038969742,-4.594964433873681,-0.46444427922353704,,,,,,,,,,,,,,60,100,-60,,,,,,,,,,
1718064000,69516,69570,65931.6,67276.3,55916.85300000003,68529.41815477077,69032.74078559881,139668.428,0,-95,-99,4.173425720170549,23.188295582575876,-19.014869862405327,-0.9000958776706156,,,,,,,,,,,,,,60,100,-60,,,,,,,,,,,0,-95,-99,4.173425720170549,23.188295582575876,-19.014869862405327,-0.9000958776706156,,,,,,,,,,,,,,60,100,-60,,,,,,,,,,
1718150400,67276.3,70000,66859.4,68240.9,56069.10250000004,68503.1892316098,68856.77616657685,149220.988,0,-95,-99,-5.549703932190889,9.781505914601132,-15.33120984679202,0.8514508727015815,,,,,,,,,,,,,,60,100,-60,,,,,,,,,,,0,-95,-99,-5.549703932190889,9.781505914601132,-15.33120984679202,0.8514508727015815,,,,,,,,,,,,,,60,100,-60,,,,,,,,,,
1718236800,68240.9,68500,66225.9,66742.5,56215.53800000004,68343.12657419073,68386.93701844866,106150.805,0,-95,-99,-22.137852400138414,-7.838043537386251,-14.299808862752162,-1.9428238809967837,,,,,,,,,,,,,,60,100,-60,,,,,,,,,,,0,-95,-99,-22.137852400138414,-7.838043537386251,-14.299808862752162,-1.9428238809967837,,,,,,,,,,,,,,60,100,-60,,,,,,,,,,
1718323200,66742.5,67341,65030,66021.2,56359.36400000004,68132.04234017339,67861.21768101562,101695.278,0,-95,-99,-37.48500680994836,-21.72418771409255,-15.760819095855808,-1.5279870889024785,,,,,,,,,,,,,,60,100,-60,,,,,,,,,,,0,-95,-99,-37.48500680994836,-21.72418771409255,-15.760819095855808,-1.5279870889024785,,,,,,,,,,,,,,60,100,-60,,,,,,,,,,
1718409600,66021.2,66446.1,65808.1,66184,56501.18400000004,67954.94758197581,67488.50264078993,25770.212,0,-95,-99,-45.372436492952296,-34.99843190101302,-10.374004591939276,-1.2051592142383503,,,,,,,,,,,3.449675594949686,,,60,100,-60,,,,,,,,,,,0,-95,-99,-45.372436492952296,-34.99843190101302,-10.374004591939276,-1.2051592142383503,,,,,,,,,,,3.449675594949686,,,60,100,-60,,,,,,,,,,
1718496000,66184,66949.6,66007.5,66638.2,56645.08200000004,67835.24325634164,67299.54649839217,29095.037,0,-95,-99,-46.99596160830614,-43.28446830373559,-3.7114933045705456,1.2962047170762312,,,,,,,,,,,,,,60,100,-60,,,,,,,,,,,0,-95,-99,-46.99596160830614,-43.28446830373559,-3.7114933045705456,1.2962047170762312,,,,,,,,,,,,,,60,100,-60,,,,,,,,,,
1718582400,66638.2,67289.9,65058,66454.8,56788.71900000004,67709.74841485603,67111.82505430502,106576.66,0,-95,-99,-48.80048484863984,-47.05629431663275,-1.7441905320070887,-0.5226279980062927,,,,,,,,,,,,,,60,100,-60,,,,,,,,,,,0,-95,-99,-48.80048484863984,-47.05629431663275,-1.7441905320070887,-0.5226279980062927,,,,,,,,,,,,,,60,100,-60,,,,,,,,,,
1718668800,66454.8,66552.8,64026.6,65146.5,56921.02750000004,67476.7258316873,66675.08615334835,147352.39,0,-95,-99,-54.87746012895704,-50.22463552863434,-4.6528246003227025,-1.956828579817604,,,,,,,,,,8.04689598614618,,,,60,100,-60,,,,,,,,,,,0,-95,-99,-54.87746012895704,-50.22463552863434,-4.6528246003227025,-1.956828579817604,,,,,,,,,,8.04689598614618,,,,60,100,-60,,,,,,,,,,
1718755200,65146.5,65700,64650,64940.2,57048.45350000003,67246.13257426118,66289.55589704872,66754.284,0,-95,-99,-57.92841046094065,-53.868785146179185,-4.059625314761462,-3.63569057806846,,,,,,,,,,,,,,60,100,-60,,,,,,,,,,,0,-95,-99,-57.92841046094065,-53.868785146179185,-4.059625314761462,-3.63569057806846,,,,,,,,,,,,,,60,100,-60,,,,,,,,,,
1718841600,64940.2,66458,64514.2,64853.9,57172.72350000004,67028.65688569198,65970.52125326011,97387.015,0,-95,-99,-57.40381542115749,-56.73656200368506,-0.6672534174724305,-3.7649216912623356,,,,,,,,,,,,,,60,100,-60,,,,,,,,,,,0,-95,-99,-57.40381542115749,-56.73656200368506,-0.6672534174724305,-3.7649216912623356,,,,,,,,,,,,,,60,100,-60,,,,,,,,,,
1718928000,64853.9,65070.7,63333,64108.3,57283.230500000034,66763.16989608362,65556.6943080912,108980.511,0,-95,-99,-61.82301761615887,-59.05174783275233,-2.771269783406538,-6.536741336280993,,,,,,,,,,,0.585608543496468,,,60,100,-60,,,,,,,,,,,0,-95,-99,-61.82301761615887,-59.05174783275233,-2.771269783406538,-6.536741336280993,,,,,,,,,,,0.585608543496468,,,60,100,-60,,,,,,,,,,
1719014400,64108.3,64498.9,63904.1,64223.1,57383.82900000004,66532.25445098511,65260.34001740427,18697.975,0,-95,-99,-62.649626779024125,-60.62548660544683,-2.024140173577294,-5.3869982908362655,,,,,,,,,,,,,,60,100,-60,,,,,,,,,,,0,-95,-99,-62.649626779024125,-60.62548660544683,-2.024140173577294,-5.3869982908362655,,,,,,,,,,,,,,60,100,-60,,,,,,,,,,
1719100800,64223.1,64484.1,63123.1,63179.9,57480.802500000034,66227.49495544101,64798.020013536654,30789.887,0,-95,-99,-64.73871590172841,-63.0704534323038,-1.6682624694246115,-5.785092735424073,,,,,,,,,,,,,,60,100,-60,,,,,,,,,,,0,-95,-99,-64.73871590172841,-63.0704534323038,-1.6682624694246115,-5.785092735424073,,,,,,,,,,,,,,60,100,-60,,,,,,,,,,
1719187200,63179.9,63329.9,58320,60257.1,57565.54800000004,65684.73177767365,63788.92667719517,221288.65,0,-95,-99,-75.36251374692023,-67.58361880922426,-7.778894937695966,-7.446901149825093,,,,,,,25.531082026650836,,,,,,,60,100,-60,,,,,,,,,,,0,-95,-99,-75.36251374692023,-67.58361880922426,-7.778894937695966,-7.446901149825093,,,,,,,25.531082026650836,,,,,,,60,100,-60,,,,,,,,,,
1719273600,60257.1,62401.3,60217.9,61764.4,57653.32150000004,65328.33797970331,63339.03186004069,127690.308,0,-95,-99,-75.87910831370053,-71.99344598744972,-3.8856623262508094,-4.543005030522517,,,,,,,,,,,,,,60,100,-60,,,,,,,,,,,0,-95,-99,-75.87910831370053,-71.99344598744972,-3.8856623262508094,-4.543005030522517,,,,,,,,,,,,,,60,100,-60,,,,,,,,,,
1719360000,61764.4,62467.9,60666,60838.5,57738.81400000004,64920.170890639376,62783.35811336498,88063.807,0,-95,-99,-74.48733081284462,-75.24298429115512,0.7556534783105064,-5.283340223185894,,-75.24298429115512,,-75.24298429115512,,,,,,,,,,60,100,-60,,,,,-75.24298429115512,-107,,,,,0,-95,-99,-74.48733081284462,-75.24298429115512,0.7556534783105064,-5.283340223185894,,-75.24298429115512,,-75.24298429115512,,,,,,,,,,60,100,-60,,,,,-75.24298429115512,-107,,,,
1719446400,60838.5,62380,60564.8,61659.5,57827.99250000004,64623.74626421762,62533.61186595054,79074.717,0,-95,-99,-70.77846975111198,-73.71496962588571,2.9364998747737303,-3.6712863953629746,,,,,,,,,,,,,,60,100,-60,,,,,,,,,,,0,-95,-99,-70.77846975111198,-73.71496962588571,2.9364998747737303,-3.6712863953629746,,,,,,,,,,,,,,60,100,-60,,,,,,,,,,
1719532800,61659.5,62218,60011.5,60406.1,57923.662500000035,64240.32387656147,62060.831451294864,85662.775,0,-95,-99,-69.32053904792734,-71.52877987062799,2.2082408227006454,-5.837521383405794,,,,,,,,,,,,,,60,100,-60,,,,,,,,,,,0,-95,-99,-69.32053904792734,-71.52877987062799,2.2082408227006454,-5.837521383405794,,,,,,,,,,,,,,60,100,-60,,,,,,,,,,
1719619200,60406.1,61198.9,60378.1,60939.9,58020.73200000004,63940.285342328614,61811.735573229336,32466.206,0,-95,-99,-66.78825792356226,-68.96242224086718,2.1741643173049283,-2.7888131570422003,,,,,,,,,,,,,,60,100,-60,,,,,,,,,,,0,-95,-99,-66.78825792356226,-68.96242224086718,2.1741643173049283,-2.7888131570422003,,,,,,,,,,,,,,60,100,-60,,,,,,,,,,
1719705600,60939.9,63041.3,60673,62749.5,58119.99500000004,63832.03212938965,62020.12766806726,69847.886,0,-95,-99,-56.45958280152835,-64.18945992433932,7.729877122810969,0.48723472804720336,,,,,,,,,,,,,,60,100,-60,,,,,,,,,,,0,-95,-99,-56.45958280152835,-64.18945992433932,7.729877122810969,0.48723472804720336,,,,,,,,,,,,,,60,100,-60,,,,,,,,,,
1719792000,62749.5,63845,62464.4,62860.1,58219.04550000004,63743.674663081496,62206.788186274534,88928.106,0,-95,-99,-41.567133550437674,-54.93832475850942,13.371191208071743,0.008239821829449934,,,,,,,,,,,,,,60,100,-60,,,,,,,,,,,0,-95,-99,-41.567133550437674,-54.93832475850942,13.371191208071743,0.008239821829449934,,,,,,,,,,,,,,60,100,-60,,,,,,,,,,
1719878400,62860.1,63259,61779.6,62092.6,58319.61000000004,63593.57696643772,62181.41303376908,69452.838,0,-95,-99,-34.76903339436715,-44.26524991544438,9.49621652107723,-3.377668717809942,,,,,,,,,,86.74279977094878,,,,60,100,-60,,,,,,,,,,,0,-95,-99,-34.76903339436715,-44.26524991544438,9.49621652107723,-3.377668717809942,,,,,,,,,,86.74279977094878,,,,60,100,-60,,,,,,,,,,
1719964800,62092.6,62250,59350.2,60184.8,58409.052500000034,63283.68815130702,61737.72124848706,132930.045,0,-95,-99,-42.99550987060074,-39.77722560513518,-3.218284265465563,-6.301059435167743,,,,,,,,,,,,,,60,100,-60,,,,,-39.77722560513518,,,,,,0,-95,-99,-42.99550987060074,-39.77722560513518,-3.218284265465563,-6.301059435167743,,,,,,,,,,,,,,60,100,-60,,,,,-39.77722560513518,,,,,
1720051200,60184.8,60464.6,56687.5,57034.6,58487.24950000004,62715.58922846093,60692.58319326772,197056.627,0,-95,-99,-58.27977482318378,-45.34810602938388,-12.9316687937999,-8.581430553217531,,,,,,,,,,,,,,60,100,-60,,,,,,,,,,,0,-95,-99,-58.27977482318378,-45.34810602938388,-12.9316687937999,-8.581430553217531,,,,,,,,,,,,,,60,100,-60,,,,,,,,,,
1720137600,57034.6,57523.4,53314.3,56602.8,58556.84550000005,62159.881116782664,59783.74248365267,240355.557,0,-95,-99,-70.99772692045997,-57.424337204748156,-13.573389715711812,-8.09904462397651,,,,,,,27.97622809062949,,,,,,,60,100,-60,,,,,,,,,,,0,-95,-99,-70.99772692045997,-57.424337204748156,-13.573389715711812,-8.09904462397651,,,,,,,27.97622809062949,,,,,,,60,100,-60,,,,,,,,,,
1720224000,56602.8,58489.6,56002,58204.1,58636.37600000004,61800.2646516206,59432.71082061874,75155.695,0,-95,-99,-70.36739853161323,-66.54830009175232,-3.819098439860909,-5.527434923330662,,,,,,,,,,,,,,60,100,-60,,,,,,,,,,,0,-95,-99,-70.36739853161323,-66.54830009175232,-3.819098439860909,-5.527434923330662,,,,,,,,,,,,,,60,100,-60,,,,,,,,,,
1720310400,58204.1,58420,55710,55840,58697.02600000004,61258.422410564184,58634.33063825902,98532.507,0,-95,-99,-71.06093731538877,-70.80868758915399,-0.2522497262347798,-6.385621116195119,,-70.80868758915399,,-70.80868758915399,,,,,,,30.206243326412185,,,60,100,-60,,,,,,,,-106,,,0,-95,-99,-71.06093731538877,-70.80868758915399,-0.2522497262347798,-6.385621116195119,,-70.80868758915399,,-70.80868758915399,,,,,,,30.206243326412185,,,60,100,-60,,,,,,,,-106,,
1720396800,55840,58195.4,54228.3,56696.5,58760.99800000004,60843.70219142199,58203.70160753479,206890.576,0,-95,-99,-70.43470523057769,-70.62101369252656,0.18630846194886885,-7.481223927384259,,,,,,,,,,,,,,60,100,-60,,,,,-70.62101369252656,-107,,,,,0,-95,-99,-70.43470523057769,-70.62101369252656,0.18630846194886885,-7.481223927384259,,,,,,,,,,,,,,60,100,-60,,,,,-70.62101369252656,-107,,,,
1720483200,56696.5,58315.7,56257,58029.9,58831.09750000005,60587.901992201805,58165.07902808262,119422.257,0,-95,-99,-63.87166533360944,-68.45576929319196,4.584103959582521,-4.178948574025707,,,,,,,,,,,,,,60,100,-60,,,,,,,,,,,0,-95,-99,-63.87166533360944,-68.45576929319196,4.584103959582521,-4.178948574025707,,,,,,,,,,,,,,60,100,-60,,,,,,,,,,
1720569600,58029.9,59471.4,57127,57713.8,58900.98800000004,60326.61999291073,58064.79479961981,114198.732,0,-95,-99,-55.12001685761848,-63.14212914060187,8.022112282983386,-4.566798395006758,,,,,,,,,,,,,,60,100,-60,,,,,,,,,,,0,-95,-99,-55.12001685761848,-63.14212914060187,8.022112282983386,-4.566798395006758,,,,,,,,,,,,,,60,100,-60,,,,,,,,,,
1720656000,57713.8,59661.5,57016.1,57312.1,58972.43700000005,60052.572720827935,57897.529288593185,131008.25,0,-95,-99,-48.38626292423866,-55.79264837182219,7.406385447583531,-6.188070758202974,,,,,,,,,,,,,,60,100,-60,,,,,,,,,,,0,-95,-99,-48.38626292423866,-55.79264837182219,7.406385447583531,-6.188070758202974,,,,,,,,,,,,,,60,100,-60,,,,,,,,,,
1720742400,57312.1,58514.2,56513.3,57860.9,59043.682500000046,59853.329746207215,57889.38944668359,107764.152,0,-95,-99,-45.30527871668371,-49.60385283284694,4.2985741161632305,-6.839345796727264,,,,,,,,,,,,,,60,100,-60,,,,,,,,,,,0,-95,-99,-45.30527871668371,-49.60385283284694,4.2985741161632305,-6.839345796727264,,,,,,,,,,,,,,60,100,-60,,,,,,,,,,
1720828800,57860.9,59869.9,57711.2,59181.8,59126.83150000005,59792.281587461104,58176.591791865016,64548.245,0,-95,-99,-31.566429503797984,-41.7526570482401,10.186227544442119,-3.6832577413947596,,,,,,,,,,,,,,60,100,-60,,,,,,,,,,,0,-95,-99,-31.566429503797984,-41.7526570482401,10.186227544442119,-3.6832577413947596,,,,,,,,,,,,,,60,100,-60,,,,,,,,,,
1720915200,59181.8,61387.9,59170.3,60755.8,59213.34050000004,59879.874170419185,58749.74917145057,96422.363,0,-95,-99,-11.183911580973,-29.35187326715155,18.16796168617855,-4.1741489357039185,,,,,,,,,,,,,,60,100,-60,,,,,,,,,,,0,-95,-99,-11.183911580973,-29.35187326715155,18.16796168617855,-4.1741489357039185,,,,,,,,,,,,,,60,100,-60,,,,,,,,,,
1721001600,60755.8,64900,60601.9,64696.1,59323.786000000044,60317.71288219926,60071.160466683774,160992.866,0,-95,-99,13.594574329823683,-9.718588918315751,23.313163248139432,-0.7868585958772443,,,,,,,,,,,,,,60,100,-60,,,,,,,,,,,0,-95,-99,13.594574329823683,-9.718588918315751,23.313163248139432,-0.7868585958772443,,,,,,,,,,,,,,60,100,-60,,,,,,,,,,
1721088000,64696.1,65365,62350.3,65027,59438.44450000005,60745.82989290842,61172.458140754046,172009.771,0,-95,-99,29.719991331141173,10.710218026663966,19.009773304477207,-2.3524076838145604,,,,,,62.058887409768936,,,,98.54068553426276,,,,60,100,-60,,,,,,,,,,,0,-95,-99,29.719991331141173,10.710218026663966,19.009773304477207,-2.3524076838145604,,,,,,62.058887409768936,,,,98.54068553426276,,,,60,100,-60,,,,,,,,,,
1721174400,65027,66119.2,63800,64048.6,59547.80150000005,61046.08172082584,61811.60077614203,121109.072,0,-95,-99,39.65676999263754,27.657111884534146,11.999658108103397,-3.130158632417538,,,,,,,,,,,,,,60,100,-60,,,,,,,,,,,0,-95,-99,39.65676999263754,27.657111884534146,11.999658108103397,-3.130158632417538,,,,,,,,,,,,,,60,100,-60,,,,,,,,,,
1721260800,64048.6,65132.9,63200,63966.8,59656.01150000005,61311.60156438713,62290.53393699936,95790.592,0,-95,-99,43.31194142203679,37.56290091527185,5.749040506764942,-2.4004933650462386,,,,,,,,,,,,,,60,100,-60,,,,,,,,,,,0,-95,-99,43.31194142203679,37.56290091527185,5.749040506764942,-2.4004933650462386,,,,,,,,,,,,,,60,100,-60,,,,,,,,,,
1721347200,63966.8,67368.4,63281,66631.9,59767.993500000055,61795.265058533754,63255.2819509995,141906.542,0,-95,-99,49.52550202908461,44.164737814586324,5.360764214498289,-3.0906502300533685,,,,,,,,,,,93.82422922380087,,,60,100,-60,,,,,,,,,,,0,-95,-99,49.52550202908461,44.164737814586324,5.360764214498289,-3.0906502300533685,,,,,,,,,,,93.82422922380087,,,60,100,-60,,,,,,,,,,
1721433600,66631.9,67599.9,66202,67103.2,59878.56450000005,62277.80459866705,64110.37485077739,57216.059,0,-95,-99,55.19795328398818,49.345132245036545,5.852821038951632,-1.1562488663733959,,,,,,,,,,,,,,60,100,-60,,,,,,,,,,,0,-95,-99,55.19795328398818,49.345132245036545,5.852821038951632,-1.1562488663733959,,,,,,,,,,,,,,60,100,-60,,,,,,,,,,
1721520000,67103.2,68371.7,65738,68150,60004.955000000045,62811.64054424277,65008.069328382415,102208.243,0,-95,-99,58.33835059180368,54.353935301625505,3.984415290178177,1.0971440126670302,,,,,,67.76850295794301,,,,98.28631200061042,,,,60,100,-60,,,,,,,,,,,0,-95,-99,58.33835059180368,54.353935301625505,3.984415290178177,1.0971440126670302,,,,,,67.76850295794301,,,,98.28631200061042,,,,60,100,-60,,,,,,,,,,
1721606400,68150,68467.9,66543,67493.6,60121.64150000005,63237.273222038886,65560.40947763078,94044.527,0,-95,-99,59.047346007566176,57.52788329445269,1.5194627131134837,1.0305636441220183,57.52788329445269,,57.52788329445269,,,,,,,,,,,60,100,-60,,,,,,,,,,,0,-95,-99,59.047346007566176,57.52788329445269,1.5194627131134837,1.0305636441220183,57.52788329445269,,57.52788329445269,,,,,,,,,,,60,100,-60,,,,,,,,,,
1721692800,67493.6,67719.8,65371.6,65922.1,60230.46800000005,63481.34838367171,65640.78514926838,130161.566,0,-95,-99,54.7306573009634,57.37211796677777,-2.641460665814371,-1.189062566615757,,,,,,,,,,,,,,60,100,-60,108,,108,,57.37211796677777,,105,,,,0,-95,-99,54.7306573009634,57.37211796677777,-2.641460665814371,-1.189062566615757,,,,,,,,,,,,,,60,100,-60,108,,108,,57.37211796677777,,105,,,
1721779200,65922.1,67105.2,64903,65364.6,60337.42900000005,63652.5530760652,65579.41067165318,99290.969,0,-95,-99,48.61059232348751,54.12953187733905,-5.5189395538515384,-3.4547431226408403,,,,,,,,,,,,,,60,100,-60,,,,,,,,,,,0,-95,-99,48.61059232348751,54.12953187733905,-5.5189395538515384,-3.4547431226408403,,,,,,,,,,,,,,60,100,-60,,,,,,,,,,
1721865600,65364.6,66205.8,63378.5,65767.6,60446.586000000054,63844.83006915018,65621.23052239692,148585.813,0,-95,-99,39.988296473358126,47.776515365936355,-7.788218892578229,-1.7828381160598028,,,,,,,,,,,,,,60,100,-60,,,,,,,,,,,0,-95,-99,39.988296473358126,47.776515365936355,-7.788218892578229,-1.7828381160598028,,,,,,,,,,,,,,60,100,-60,,,,,,,,,,
1721952000,65767.6,68212.6,65695,67881.2,60551.128000000055,64211.77279013653,66123.44596186427,110878.882,0,-95,-99,43.7979260548304,44.13227161722536,-0.33434556239496516,-0.6200534992574087,,,,,,,,,,,71.25967612613535,,,60,100,-60,,,,,,,,,,,0,-95,-99,43.7979260548304,44.13227161722536,-0.33434556239496516,-0.6200534992574087,,,,,,,,,,,71.25967612613535,,,60,100,-60,,,,,,,,,,
1722038400,67881.2,69400,66608.3,67902,60659.99800000005,64547.24799103321,66518.6801925611,164973.501,0,-95,-99,48.33038576639997,44.03886943152951,4.291516334870458,0.46300602465976315,,,,,,,,,,,,,,60,100,-60,,,,,44.03886943152951,,,,,,0,-95,-99,48.33038576639997,44.03886943152951,4.291516334870458,0.46300602465976315,,,,,,,,,,,,,,60,100,-60,,,,,44.03886943152951,,,,,
1722124800,67902,68337.9,67026.9,68240.9,60767.90300000006,64883.03453730292,66901.39570532531,57209.896,0,-95,-99,49.708574964892506,47.27896226204097,2.4296127028515357,2.1386091911130745,,,,,,64.30015810348404,,,,74.56108699856827,,,,60,100,-60,,,,,,,,,,,0,-95,-99,49.708574964892506,47.27896226204097,2.4296127028515357,2.1386091911130745,,,,,,64.30015810348404,,,,74.56108699856827,,,,60,100,-60,,,,,,,,,,
1722211200,68240.9,70136.9,66360.9,66757.7,60869.95300000007,65053.45867027538,66869.46332636413,170668.757,0,-95,-99,49.0311609294425,49.02337388691166,0.007787042530836175,0.43870598595347987,49.02337388691166,,49.02337388691166,,,,,,,,,,,60,100,-60,,,,,,,,,106,,0,-95,-99,49.0311609294425,49.02337388691166,0.007787042530836175,0.43870598595347987,49.02337388691166,,49.02337388691166,,,,,,,,,,,60,100,-60,,,,,,,,,106,
1722297600,66757.7,66958.9,65265,66170,60986.81350000006,65154.962427523074,66714.02703161654,116692.506,0,-95,-99,37.57679604962785,45.438843981320964,-7.8620479316931124,0.41535044136911825,,,,,,,,,,,,,,60,100,-60,,,108,,45.438843981320964,,,,,,0,-95,-99,37.57679604962785,45.438843981320964,-7.8620479316931124,0.41535044136911825,,,,,,,,,,,,,,60,100,-60,,,108,,45.438843981320964,,,,,
1722384000,66170,66832,64502.4,64615.9,61095.61800000005,65105.95675229371,66247.7765801462,114141.657,0,-95,-99,23.13981786175983,36.58259161361007,-13.44277375185024,-2.4738227923911538,,,,,,,,,,,,,,60,100,-60,,,,,,,,,,,0,-95,-99,23.13981786175983,36.58259161361007,-13.44277375185024,-2.4738227923911538,,,,,,,,,,,,,,60,100,-60,,,,,,,,,,
1722470400,64615.9,65634.3,62217.7,65341.1,61213.66850000006,65127.3334111761,66046.29289566926,176298.517,0,-95,-99,7.223182473036514,22.646598794808074,-15.42341632177156,-1.9093363033323452,,,,,,,,,,,,,,60,100,-60,,,,,,,,,,,0,-95,-99,7.223182473036514,22.646598794808074,-15.42341632177156,-1.9093363033323452,,,,,,,,,,,,,,60,100,-60,,,,,,,,,,
1722556800,65341.1,65576.4,61171.5,61459,61308.42300000006,64793.84855561463,65026.894474409426,195870.336,0,-95,-99,-10.891207979801566,6.490597451664939,-17.381805431466503,-5.086598362156575,,,,,,,,,,,,,,60,100,-60,,,,,,,,,,,0,-95,-99,-10.891207979801566,6.490597451664939,-17.381805431466503,-5.086598362156575,,,,,,,,,,,,,,60,100,-60,,,,,,,,,,
1722643200,61459,62154,59822,60682,61396.19250000006,64420.04414146785,64061.36236898511,131379.655,0,-95,-99,-27.80760006437866,-10.491875190381236,-17.315724873997425,-7.638368009366146,,,,,,,,,,,,,,60,100,-60,,,,,,,,,,,0,-95,-99,-27.80760006437866,-10.491875190381236,-17.315724873997425,-7.638368009366146,,,,,,,,,,,,,,60,100,-60,,,,,,,,,,
1722729600,60682,61088,57150,58131.6,61472.94000000007,63848.367401334406,62743.63739809953,160008.509,0,-95,-99,-42.2869099239321,-26.99523932270411,-15.291670601227992,-10.285512950204946,,,,,,,,,,,,,,60,100,-60,,,,,,,,,,,0,-95,-99,-42.2869099239321,-26.99523932270411,-15.291670601227992,-10.285512950204946,,,,,,,,,,,,,,60,100,-60,,,,,,,,,,
1722816000,58131.6,58278.3,48914.1,53988.2,61536.22850000006,62951.98854666764,60797.9846429663,563087.729,0,-95,-99,-58.186367045822735,-42.76029234471116,-15.426074701111574,-10.901913759968124,,,,,,,26.641492529952913,,,,0.7953612526506626,,,60,100,-60,,,,,,,,,,,0,-95,-99,-58.186367045822735,-42.76029234471116,-15.426074701111574,-10.901913759968124,,,,,,,26.641492529952913,,,,0.7953612526506626,,,60,100,-60,,,,,,,,,,
1722902400,53988.2,57056.1,53917.3,55989.8,61607.86250000007,62319.062315152405,59729.49916675157,208496.835,0,-95,-99,-61.87159350776044,-54.11495682583842,-7.756636681922018,-8.36444139953795,,,,,,,,,,,,,,60,100,-60,,,,,,,,,,,0,-95,-99,-61.87159350776044,-54.11495682583842,-7.756636681922018,-8.36444139953795,,,,,,,,,,,,,,60,100,-60,,,,,,,,,,
1722988800,55989.8,57762.5,54517.7,55109.5,61674.950500000064,61663.64755922946,58702.832685251225,174213.427,0,-95,-99,-62.23790476787153,-60.7652884404849,-1.4726163273866248,-8.649691498248295,,,,-60.7652884404849,,,,,,,,,,60,100,-60,,,,,,,,-106,,,0,-95,-99,-62.23790476787153,-60.7652884404849,-1.4726163273866248,-8.649691498248295,,,,-60.7652884404849,,,,,,,,,,60,100,-60,,,,,,,,-106,,
1723075200,55109.5,62743.1,54705,61670.2,61775.37350000006,61664.24323566315,59362.24764408429,223316.503,0,-95,-99,-51.701092882562705,-58.60353038606488,6.902437503502178,-7.7267005262108155,,,,,,,,,,,,,,60,100,-60,,,,,-58.60353038606488,-107,,,,,0,-95,-99,-51.701092882562705,-58.60353038606488,6.902437503502178,-7.7267005262108155,,,,,,,,,,,,,,60,100,-60,,,,,-58.60353038606488,-107,,,,
1723161600,61670.2,61733,59488,60814.9,61881.65150000006,61587.030214239225,59685.059278732224,139235.433,0,-95,-99,-39.79941290816797,-51.2461368528674,11.446723944699428,-8.36720613506563,,,,,,,,,,,,,,60,100,-60,,,,,,,,,,,0,-95,-99,-39.79941290816797,-51.2461368528674,11.446723944699428,-8.36720613506563,,,,,,,,,,,,,,60,100,-60,,,,,,,,,,
1723248000,60814.9,61459.9,60223,60893.7,61986.61950000006,61524.00019476293,59953.646105680615,50607.723,0,-95,-99,-29.40753369701896,-40.302679829249875,10.895146132230916,-6.66900504636316,,,,,,,,,,,,,,60,100,-60,,,,,,,,,,,0,-95,-99,-29.40753369701896,-40.302679829249875,10.895146132230916,-6.66900504636316,,,,,,,,,,,,,,60,100,-60,,,,,,,,,,
1723334400,60893.7,61880,58264,58703.4,62079.746000000065,61267.58199523902,59675.81363775159,100013.914,0,-95,-99,-26.183061685597174,-31.796669430261364,5.61360774466419,-8.951163348402554,,,,,,,,,,,,,,60,100,-60,,,,,,,,,,,0,-95,-99,-26.183061685597174,-31.796669430261364,5.61360774466419,-8.951163348402554,,,,,,,,,,,,,,60,100,-60,,,,,,,,,,
1723420800,58703.4,60691.5,57555,59316.1,62176.55650000006,61090.174541126384,59595.87727380679,197646.862,0,-95,-99,-25.563539489286534,-27.051378290634222,1.4878388013476886,-6.815555459616493,,,,,,,,,,,,,,60,100,-60,,,,,,,,,,,0,-95,-99,-25.563539489286534,-27.051378290634222,1.4878388013476886,-6.815555459616493,,,,,,,,,,,,,,60,100,-60,,,,,,,,,,
1723507200,59316.1,61576.7,58380,60558.8,62270.32300000006,61041.86776466035,59809.86010184973,136710.133,0,-95,-99,-18.88752522295502,-23.544708799279572,4.657183576324552,-5.063403934549466,,,,,,,,,,,,,,60,100,-60,,,,,,,,,,,0,-95,-99,-18.88752522295502,-23.544708799279572,4.657183576324552,-5.063403934549466,,,,,,,,,,,,,,60,100,-60,,,,,,,,,,
1723593600,60558.8,61950.3,58399.1,58647.7,62353.082500000055,60824.21614969122,59551.602301438674,146970.627,0,-95,-99,-17.052673043316787,-20.501245918519444,3.4485728752026574,-7.046725259638231,,,,,,,,,,,,,,60,100,-60,,,,,,,,,,,0,-95,-99,-17.052673043316787,-20.501245918519444,3.4485728752026574,-7.046725259638231,,,,,,,,,,,,,,60,100,-60,,,,,,,,,,
1723680000,58647.7,59833.7,56052.1,57515.9,62430.58150000006,60523.46013608293,59099.22401223008,185055.183,0,-95,-99,-27.957523791523933,-21.29924068593191,-6.658283105592023,-9.000239585857873,,,,,,,,,,,,,,60,100,-60,,,,,-21.29924068593191,,,,,,0,-95,-99,-27.957523791523933,-21.29924068593191,-6.658283105592023,-9.000239585857873,,,,,,,,,,,,,,60,100,-60,,,,,-21.29924068593191,,,,,
1723766400,57515.9,59800.1,57071.7,58850,62508.400500000054,60371.32739643903,59043.84089840117,136354.711,0,-95,-99,-29.757615841333273,-24.922604225391325,-4.835011615941948,-7.57238950185876,,,,,,,,,,,,,,60,100,-60,,,,,,,,,,,0,-95,-99,-29.757615841333273,-24.922604225391325,-4.835011615941948,-7.57238950185876,,,,,,,,,,,,,,60,100,-60,,,,,,,,,,
1723852800,58850,59698.8,58765,59475.1,62591.181000000055,60289.852178580935,59139.67625431202,39023.108,0,-95,-99,-24.345441908086563,-27.353527180314586,3.0080852722280227,-4.604120054126771,,,,,,,,,,,,,,60,100,-60,,,,-108,-27.353527180314586,,,,,,0,-95,-99,-24.345441908086563,-27.353527180314586,3.0080852722280227,-4.604120054126771,,,,,,,,,,,,,,60,100,-60,,,,-108,-27.353527180314586,,,,,
1723939200,59475.1,60288.5,58400,58406.4,62670.44950000006,60118.62925325539,58976.72597557602,71746.256,0,-95,-99,-22.909891395364426,-25.670983048261416,2.76109165289699,-5.527676731762072,,,,,,,,,,,,,,60,100,-60,,,,,,,,,,,0,-95,-99,-22.909891395364426,-25.670983048261416,2.76109165289699,-5.527676731762072,,,,,,,,,,,,,,60,100,-60,,,,,,,,,,
1724025600,58406.4,59600,57753.1,59403.9,62752.14600000005,60053.653866595814,59071.653536559126,107202.581,0,-95,-99,-22.97897028422409,-23.411434529225023,0.43246424500093283,-4.0664472725387695,,,,,,,,,,,,,,60,100,-60,,,,,,,,,,,0,-95,-99,-22.97897028422409,-23.411434529225023,0.43246424500093283,-4.0664472725387695,,,,,,,,,,,,,,60,100,-60,,,,,,,,,,
1724112000,59403.9,61455.8,58400,58978,62831.14550000006,59955.86715145074,59050.841639545986,161097.025,0,-95,-99,-12.890888855132193,-19.59325017824023,6.702361323108036,-3.342200752865219,,,,,,,,,,,,,,60,100,-60,,,,,,,,,,,0,-95,-99,-12.890888855132193,-19.59325017824023,6.702361323108036,-3.342200752865219,,,,,,,,,,,,,,60,100,-60,,,,,,,,,,
1724198400,58978,61835,58728.4,61120.6,62921.78950000005,60061.7519558643,59510.7879418691,145061.264,0,-95,-99,5.052355124263364,-10.2725013383643,15.324856462627665,-2.100483604339063,,,,,,,,,,,,,,60,100,-60,,,,,,,,,,,0,-95,-99,5.052355124263364,-10.2725013383643,15.324856462627665,-2.100483604339063,,,,,,,,,,,,,,60,100,-60,,,,,,,,,,
1724284800,61120.6,61386.2,59623.9,60355.3,63010.76800000005,60088.43814169482,59698.457288120415,103268.447,0,-95,-99,15.494032965383798,2.5518330781716627,12.942199887212135,-1.269900653888942,,,,,,,,,,,,,,60,100,-60,,,,,,,,,,,0,-95,-99,15.494032965383798,2.5518330781716627,12.942199887212135,-1.269900653888942,,,,,,,,,,,,,,60,100,-60,,,,,,,,,,
1724371200,60355.3,65041.9,60316.1,64005,63117.330000000045,60444.48921972256,60655.466779649214,180897.088,0,-95,-99,38.535416675017515,19.6939349215549,18.841481753462617,2.119342796814708,,,,,,,,,,,,,,60,100,-60,,,,,,,,,,,0,-95,-99,38.535416675017515,19.6939349215549,18.841481753462617,2.119342796814708,,,,,,,,,,,,,,60,100,-60,,,,,,,,,,
1724457600,64005,64485,63520,64130.3,63222.56200000005,60779.56292702051,61427.65193972717,56009.29,0,-95,-99,53.04852390908759,35.69265784982964,17.355866059257956,0.7180908633611129,,,,,,,,,,,,,,60,100,-60,,,,,,,,,,,0,-95,-99,53.04852390908759,35.69265784982964,17.355866059257956,0.7180908633611129,,,,,,,,,,,,,,60,100,-60,,,,,,,,,,
1724544000,64130.3,64992.6,63750,64180.9,63321.87650000005,61088.77538820046,62039.484842010024,51677.069,0,-95,-99,60.415473581025005,50.66647138837671,9.749002192648291,2.104509773593275,,,,,,,,,,97.79040788358947,,,,60,100,-60,,,,,,,,,,,0,-95,-99,60.415473581025005,50.66647138837671,9.749002192648291,2.104509773593275,,,,,,,,,,97.79040788358947,,,,60,100,-60,,,,,,,,,,
1724630400,64180.9,64447.6,62777,62812,63409.63400000005,61245.43217109133,62211.154877118905,97247.397,0,-95,-99,59.26698634585399,57.57699461198887,1.6899917338651136,-1.074735126028463,57.57699461198887,,57.57699461198887,,,,,,,,,,,60,100,-60,,,,,,,,,,,0,-95,-99,59.26698634585399,57.57699461198887,1.6899917338651136,-1.074735126028463,57.57699461198887,,57.57699461198887,,,,,,,,,,,60,100,-60,,,,,,,,,,
1724716800,62812,63203.2,57869.5,59366.7,63470.85550000004,61074.638337355755,61579.053793314706,182835.455,0,-95,-99,40.24167933480244,53.30804642056049,-13.066367085758046,-1.2694861127478885,,,,,,,,,,,,,,60,100,-60,108,,108,,53.30804642056049,,105,,,,0,-95,-99,40.24167933480244,53.30804642056049,-13.066367085758046,-1.2694861127478885,,,,,,,,,,,,,,60,100,-60,108,,108,,53.30804642056049,,105,,,
1724803200,59366.7,60244.9,57800,59013.1,63527.28050000005,60887.225761232505,61008.84183924477,169427.518,0,-95,-99,21.19012573217928,40.23293047094524,-19.042804738765962,-3.256907919585005,,,,,,,,,,,,,,60,100,-60,,,,,,,,,,,0,-95,-99,21.19012573217928,40.23293047094524,-19.042804738765962,-3.256907919585005,,,,,,,,,,,,,,60,100,-60,,,,,,,,,,
1724889600,59013.1,61148.7,58618.2,59315.8,63582.21700000005,60744.36887384773,60632.6103194126,126521.607,0,-95,-99,10.425919853038598,23.95257497334011,-13.52665512030151,-4.868087316109747,,,,,,,,,,,,,,60,100,-60,,,,,,,,,,,0,-95,-99,10.425919853038598,23.95257497334011,-13.52665512030151,-4.868087316109747,,,,,,,,,,,,,,60,100,-60,,,,,,,,,,
1724976000,59315.8,59922,57665.7,59100.9,63627.917000000045,60594.962612588846,60292.23024843202,133153.001,0,-95,-99,-1.318371678887301,10.099224635443528,-11.41759631433083,-5.306473625548634,,,,,,,,,,,,,,60,100,-60,,,,,,,,,,,0,-95,-99,-1.318371678887301,10.099224635443528,-11.41759631433083,-5.306473625548634,,,,,,,,,,,,,,60,100,-60,,,,,,,,,,
1725062400,59100.9,59437.7,58705.9,58944.4,63674.08700000005,60444.91146598986,59992.712415447124,33660.194,0,-95,-99,-8.974386017395204,0.0443873855853667,-9.018773402980571,-4.544135732938514,,,,,,,,,,,,,,60,100,-60,,,,,,,,,,,0,-95,-99,-8.974386017395204,0.0443873855853667,-9.018773402980571,-4.544135732938514,,,,,,,,,,,,,,60,100,-60,,,,,,,,,,
1725148800,58944.4,59053.1,56913.4,57266.1,63701.30850000005,60155.928605445326,59386.79854534776,111534.306,0,-95,-99,-20.15535016187908,-10.14936928605386,-10.005980875825221,-4.860272862655919,,,,,,,,,,,3.053574181351251,,,60,100,-60,,,,,,,,,,,0,-95,-99,-20.15535016187908,-10.14936928605386,-10.005980875825221,-4.860272862655919,,,,,,,,,,,3.053574181351251,,,60,100,-60,,,,,,,,,,
1725235200,57266.1,59423.1,57072.2,59116.7,63737.37100000005,60061.45327767757,59326.77664638159,100806.177,0,-95,-99,-23.55844108406435,-17.56272575444621,-5.99571532961814,-0.8072378872205417,,,,,,,,,,,,,,60,100,-60,,,,,,,,,,,0,-95,-99,-23.55844108406435,-17.56272575444621,-5.99571532961814,-0.8072378872205417,,,,,,,,,,,,,,60,100,-60,,,,,,,,,,
1725321600,59116.7,59805,57356.7,57450.2,63763.86300000004,59824.066616070515,58909.75961385235,107037.806,0,-95,-99,-27.48125275139449,-23.731681332445973,-3.7495714189485163,-2.2524607278859516,,,,,,,,,,,,,,60,100,-60,,,,,,,,,,,0,-95,-99,-27.48125275139449,-23.731681332445973,-3.7495714189485163,-2.2524607278859516,,,,,,,,,,,,,,60,100,-60,,,,,,,,,,
1725408000,57450.2,58499.8,55501,57937.8,63795.08650000005,59652.587832791374,58693.76858855183,160129.965,0,-95,-99,-34.393232146981354,-28.477641994146733,-5.915590152834621,-3.4552468350929364,,,,,,,,,,19.372105004953323,,,,60,100,-60,,,,,,,,,,,0,-95,-99,-34.393232146981354,-28.477641994146733,-5.915590152834621,-3.4552468350929364,,,,,,,,,,19.372105004953323,,,,60,100,-60,,,,,,,,,,
1725494400,57937.8,58300,55509.8,56150.5,63814.964500000046,59334.216211628525,58128.59779109587,149545.456,0,-95,-99,-41.28530787034688,-34.386597589574244,-6.898710280772633,-2.8757512772350626,,,,,,,,,,,,,,60,100,-60,,,,,,,,,,,0,-95,-99,-41.28530787034688,-34.386597589574244,-6.898710280772633,-2.8757512772350626,,,,,,,,,,,,,,60,100,-60,,,,,,,,,,
1725580800,56150.5,56997.6,52500.2,53934,63825.56000000005,58843.28746511684,57196.46494863012,257720.54,0,-95,-99,-52.79414613946131,-42.824228718929845,-9.969917420531466,-4.647604006438385,,,,,,,,,,,,,,60,100,-60,,,,,,,,,,,0,-95,-99,-52.79414613946131,-42.824228718929845,-9.969917420531466,-4.647604006438385,,,,,,,,,,,,,,60,100,-60,,,,,,,,,,
1725667200,53934,54827.5,53733,54139.5,63834.82200000005,58415.67042283349,56517.139404490095,63626.741,0,-95,-99,-58.66837336025441,-50.91594245668753,-7.752430903566875,-5.797437314781861,,,,,,,,,,,3.652352960505379,,,60,100,-60,,,,,,,,,,,0,-95,-99,-58.66837336025441,-50.91594245668753,-7.752430903566875,-5.797437314781861,,,,,,,,,,,3.652352960505379,,,60,100,-60,,,,,,,,,,
1725753600,54139.5,55300,53607.5,54850,63849.696000000054,58091.51856621227,56146.663981270074,80683.769,0,-95,-99,-59.47885956071059,-56.980459686808764,-2.4983998739018247,-4.410874451632946,,,,-56.980459686808764,,,,,,,,,,60,100,-60,,,,,,,,-106,,,0,-95,-99,-59.47885956071059,-56.980459686808764,-2.4983998739018247,-4.410874451632946,,,,-56.980459686808764,,,,,,,,,,60,100,-60,,,,,,,,-106,,
1725840000,54850,58150.2,54560.3,57014.5,63878.245000000046,57993.6077874657,56339.51642987673,151982.606,0,-95,-99,-49.764000090544144,-55.970411003836375,6.206410913292231,-2.5238992570377303,,,,,,,,,,,,,,60,100,-60,,,,-108,-55.970411003836375,-107,,,,,0,-95,-99,-49.764000090544144,-55.970411003836375,6.206410913292231,-2.5238992570377303,,,,,,,,,,,,,,60,100,-60,,,,-108,-55.970411003836375,-107,,,,
1725926400,57014.5,58039.7,56350,57620.3,63912.47600000005,57959.67071587791,56624.13500101523,118463.481,0,-95,-99,-37.14842975804919,-48.79709646976798,11.64866671171879,-2.3132777409278273,,,,,,,,,,,,,,60,100,-60,,,,,,,,,,,0,-95,-99,-37.14842975804919,-48.79709646976798,11.64866671171879,-2.3132777409278273,,,,,,,,,,,,,,60,100,-60,,,,,,,,,,
1726012800,57620.3,57977.4,55530.1,57310.4,63941.08350000005,57900.646105343556,56776.63833412296,186525.083,0,-95,-99,-29.45500645629552,-38.789145434962954,9.334138978667433,-4.159591228864407,,,,,,,,,,,,,,60,100,-60,,,,,,,,,,,0,-95,-99,-29.45500645629552,-38.789145434962954,9.334138978667433,-4.159591228864407,,,,,,,,,,,,,,60,100,-60,,,,,,,,,,
1726099200,57310.4,58580.9,57298.5,58104.8,63972.870000000046,57919.20555031233,57071.78537098452,130449.328,0,-95,-99,-15.703339628969502,-27.43559194777141,11.732252318801908,-4.385373300989277,,,,,,,,,,,,,,60,100,-60,,,,,,,,,,,0,-95,-99,-15.703339628969502,-27.43559194777141,11.732252318801908,-4.385373300989277,,,,,,,,,,,,,,60,100,-60,,,,,,,,,,
1726185600,58104.8,60624.2,57579,60466.3,64002.62650000005,58150.759591193026,57826.12195521018,130451.728,0,-95,-99,2.720730088369262,-14.145871998965257,16.86660208733452,-4.738551270003976,,,,,,,,,,,,,,60,100,-60,,,,,,,,,,,0,-95,-99,2.720730088369262,-14.145871998965257,16.86660208733452,-4.738551270003976,,,,,,,,,,,,,,60,100,-60,,,,,,,,,,
1726272000,60466.3,60584.2,59357.7,59968,64017.07700000005,58315.96326472093,58302.09485405237,51140.924,0,-95,-99,16.275589292603584,1.0976599173344408,15.177929375269143,-6.028651750742535,,,,,,,,,,97.57864421618692,,,,60,100,-60,,,,,,,,,,,0,-95,-99,16.275589292603584,1.0976599173344408,15.177929375269143,-6.028651750742535,,,,,,,,,,97.57864421618692,,,,60,100,-60,,,,,,,,,,
1726358400,59968,60392.8,58652.1,59101.2,64000.16250000005,58387.34842247357,58479.67377537406,62762.687,0,-95,-99,22.02537044526185,13.673896608744888,8.351473836516961,-6.218879201634023,,,,,,,,,,,,,,60,100,-60,,,,,,,,,,,0,-95,-99,22.02537044526185,13.673896608744888,8.351473836516961,-6.218879201634023,,,,,,,,,,,,,,60,100,-60,,,,,,,,,,
1726444800,59101.2,59182,57450,58185,63985.167000000045,58368.953111339615,58414.19071417982,123938.27,0,-95,-99,18.701921446117044,19.00096039466082,-0.29903894854377455,-7.435539210162654,,,,,,,,,,,,,,60,100,-60,108,,108,,19.00096039466082,,,,,,0,-95,-99,18.701921446117044,19.00096039466082,-0.29903894854377455,-7.435539210162654,,,,,,,,,,,,,,60,100,-60,108,,108,,19.00096039466082,,,,,
1726531200,58185,61330,57568,60275.1,63974.45450000005,58542.23919212692,58827.72611102875,163500.533,0,-95,-99,26.474677750157113,22.40065654717866,4.074021202978454,-7.676654327699339,,,,,,,,,,,81.62088894235322,,,60,100,-60,,,,,22.40065654717866,,,,,,0,-95,-99,26.474677750157113,22.40065654717866,4.074021202978454,-7.676654327699339,,,,,,,,,,,81.62088894235322,,,60,100,-60,,,,,22.40065654717866,,,,,
1726617600,60275.1,61776.9,59126.2,61743.7,63972.89350000005,58833.281083751746,59475.72030857792,171635.552,0,-95,-99,37.40814597931711,27.528248391863755,9.879897587453357,-7.134419956627683,,,,,,,,,,,,,,60,100,-60,,,,,,,,,,,0,-95,-99,37.40814597931711,27.528248391863755,9.879897587453357,-7.134419956627683,,,,,,,,,,,,,,60,100,-60,,,,,,,,,,
1726704000,61743.7,63856,61523.6,62922.8,63971.61200000005,59205.05553068341,60241.73801778282,149879.275,0,-95,-99,50.66590428254272,38.18290933733898,12.482994945203743,-6.864252108029242,,,,,,,,,,,,,,60,100,-60,,,,,,,,,,,0,-95,-99,50.66590428254272,38.18290933733898,12.482994945203743,-6.864252108029242,,,,,,,,,,,,,,60,100,-60,,,,,,,,,,
1726790400,62922.8,64131.7,62310,63173.8,63945.681000000055,59565.85048243946,60893.30734716442,118924.458,0,-95,-99,58.16353700945147,48.74586242377043,9.417674585681034,-5.667281816378439,,,,,,,,,,,,,,60,100,-60,,,,,,,,,,,0,-95,-99,58.16353700945147,48.74586242377043,9.417674585681034,-5.667281816378439,,,,,,,,,,,,,,60,100,-60,,,,,,,,,,
1726876800,63173.8,63544,62712.8,63311.5,63943.488000000056,59906.36407494496,61430.68349223899,34502.884,0,-95,-99,60.942936480421594,56.59079259080526,4.352143889616336,-3.5800315397346303,,,,,,,,,,,,,,60,100,-60,,,,,,,,,,,0,-95,-99,60.942936480421594,56.59079259080526,4.352143889616336,-3.5800315397346303,,,,,,,,,,,,,,60,100,-60,,,,,,,,,,
1726963200,63311.5,64000,62350,63549.9,63930.645000000055,60237.59461358633,61901.62049396366,72599.548,0,-95,-99,61.50122261293608,60.20256536760305,1.2986572453330325,-2.585929581087206,,,,,,,,,,100,,,,60,100,-60,,,,,,,,,,,0,-95,-99,61.50122261293608,60.20256536760305,1.2986572453330325,-2.585929581087206,,,,,,,,,,100,,,,60,100,-60,,,,,,,,,,
1727049600,63549.9,64774.2,62537.1,63305.9,63912.88100000005,60516.53146689666,62213.68260641618,124612.93,0,-95,-99,61.25035727231519,61.231505455224294,0.018851817090897782,-3.214951070564471,,,,,,,,,,,,,,60,100,-60,,,,,,,,,,,0,-95,-99,61.25035727231519,61.231505455224294,0.018851817090897782,-3.214951070564471,,,,,,,,,,,,,,60,100,-60,,,,,,,,,,
1727136000,63305.9,64749.9,62634,64248.6,63893.29900000005,60855.81042445151,62665.88647165703,122117.212,0,-95,-99,60.94412197933929,61.231900621530194,-0.28777864219090077,-4.199946716811085,61.231900621530194,,61.231900621530194,,,,,,,,,,,60,100,-60,108,,108,,61.231900621530194,,105,,,,0,-95,-99,60.94412197933929,61.231900621530194,-0.28777864219090077,-4.199946716811085,61.231900621530194,,61.231900621530194,,,,,,,,,,,60,100,-60,108,,108,,61.231900621530194,,105,,,
1727222400,64248.6,64876.5,62900,63130.1,63867.07750000006,61062.564022228646,62769.04503351102,90978.301,0,-95,-99,58.29116305438801,60.16188076868084,-1.8707177142928302,-5.633321652511174,,,,,,,,,,,,,,60,100,-60,,,,,,,,,,,0,-95,-99,58.29116305438801,60.16188076868084,-1.8707177142928302,-5.633321652511174,,,,,,,,,,,,,,60,100,-60,,,,,,,,,,
1727308800,63130.1,65850,62650,65145.8,63847.80850000005,61433.76729293513,63297.2128038419,149724.313,0,-95,-99,59.29375237908482,59.509679137604046,-0.21592675851922394,-4.704818422629389,,,,,,,,,,,,,,60,100,-60,,,,,,,,,,,0,-95,-99,59.29375237908482,59.509679137604046,-0.21592675851922394,-4.704818422629389,,,,,,,,,,,,,,60,100,-60,,,,,,,,,,
1727395200,65145.8,66520,64789,65746.5,63815.77900000005,61825.8339026683,63841.498847432595,118626.664,0,-95,-99,62.97141989250746,60.1854451086601,2.785974783847365,-2.855264794374933,,,,,,,,,,,88.99935916244043,,,60,100,-60,,,,,60.1854451086601,,,,,,0,-95,-99,62.97141989250746,60.1854451086601,2.785974783847365,-2.855264794374933,,,,,,,,,,,88.99935916244043,,,60,100,-60,,,,,60.1854451086601,,,,,
1727481600,65746.5,66319.9,65310,65823,63787.33400000006,62189.212638789366,64281.832436892015,38744.52,0,-95,-99,64.01688310752783,62.09401845970671,1.9228646478211218,-1.7985125498547303,,,,,,66.6931889895193,,,,,,,,60,100,-60,,,,,,,,,,,0,-95,-99,64.01688310752783,62.09401845970671,1.9228646478211218,-1.7985125498547303,,,,,,66.6931889895193,,,,,,,,60,100,-60,,,,,,,,,,
1727568000,65823,66174.5,65370.5,65571.7,63749.527500000055,62496.71148980851,64568.469673138236,37181.036,0,-95,-99,62.59616059889732,63.1948211996442,-0.5986606007468822,-0.9121424387003478,63.1948211996442,,63.1948211996442,,,,,,,96.66780658583286,,,,60,100,-60,108,,,,63.1948211996442,,105,,,,0,-95,-99,62.59616059889732,63.1948211996442,-0.5986606007468822,-0.9121424387003478,63.1948211996442,,63.1948211996442,,,,,,,96.66780658583286,,,,60,100,-60,108,,,,63.1948211996442,,105,,,
1727654400,65571.7,65604.8,62800,63276.8,63708.54600000006,62567.628627098646,64281.4319679964,156604.911,0,-95,-99,50.571713519156916,59.06158574186069,-8.489872222703774,-3.488298205481289,,,,,,,,,,,,,,60,100,-60,,,,,,,,,,,0,-95,-99,50.571713519156916,59.06158574186069,-8.489872222703774,-3.488298205481289,,,,,,,,,,,,,,60,100,-60,,,,,,,,,,
1727740800,63276.8,64096.6,60118.9,60790,63664.87700000006,62406.02602463513,63505.55819733054,252246.193,0,-95,-99,29.246408056087034,47.47142739138042,-18.22501933529339,-2.8479767490218157,,,,,,,,,,,,,,60,100,-60,,,,,,,,,,,0,-95,-99,29.246408056087034,47.47142739138042,-18.22501933529339,-2.8479767490218157,,,,,,,,,,,,,,60,100,-60,,,,,,,,,,
1727827200,60790,62416.3,59952.9,60617.5,63641.308500000065,62243.4327496683,62863.76748681264,174584.656,0,-95,-99,11.424064728010997,30.414062101084983,-18.989997373073987,-2.1900636839098104,,,,,,,,,,,,,,60,100,-60,,,,,,,,,,,0,-95,-99,11.424064728010997,30.414062101084983,-18.989997373073987,-2.1900636839098104,,,,,,,,,,,,,,60,100,-60,,,,,,,,,,
1727913600,60617.5,61460,59840.2,60725.9,63602.77700000006,62105.47522697118,62388.6858230765,157314.692,0,-95,-99,-2.1080497622901344,12.854141007269304,-14.962190769559438,-0.4036630905918832,,,,,,,,,,,5.637575874279271,,,60,100,-60,,,,,,,,,,,0,-95,-99,-2.1080497622901344,12.854141007269304,-14.962190769559438,-0.4036630905918832,,,,,,,,,,,5.637575874279271,,,60,100,-60,,,,,,,,,,
1728000000,60725.9,62469,60414,62063.9,63574.87700000006,62101.69566088289,62316.51119572617,130809.972,0,-95,-99,-7.181636983996395,0.7114593272414934,-7.893096311237888,2.330255122849368,,,,,,,,,,,,,,60,100,-60,,,,,,,,,,,0,-95,-99,-7.181636983996395,0.7114593272414934,-7.893096311237888,2.330255122849368,,,,,,,,,,,,,,60,100,-60,,,,,,,,,,
1728086400,62063.9,62365.9,61650,62035,63575.194500000056,62095.632418984445,62253.953152231465,35944.821,0,-95,-99,-8.884780362648947,-6.058155702978485,-2.826624659670461,0.6350933695002401,,,,,,,,,,,,,,60,100,-60,,,,,,,,,,,0,-95,-99,-8.884780362648947,-6.058155702978485,-2.826624659670461,0.6350933695002401,,,,,,,,,,,,,,60,100,-60,,,,,,,,,,
1728172800,62035,62973.3,61791.3,62792.9,63549.90650000006,62159.02038089495,62373.71911840225,49637.081,0,-95,-99,-6.43548655094783,-7.5006346325310504,1.0651480815832208,2.916335782194605,,,,,,,,,,,,,,60,100,-60,,-108,,,-7.5006346325310504,,,,,,0,-95,-99,-6.43548655094783,-7.5006346325310504,1.0651480815832208,2.916335782194605,,,,,,,,,,,,,,60,100,-60,,-108,,,-7.5006346325310504,,,,,
1728259200,62792.9,64464,62055,62191.2,63533.18250000007,62161.94580081359,62333.15931431286,155360.143,0,-95,-99,-1.1010831387473408,-5.473783350781365,4.372700212034024,0.25140569381811995,,,,,,,,,,,,,,60,100,-60,,,,,,,,,,,0,-95,-99,-1.1010831387473408,-5.473783350781365,4.372700212034024,0.25140569381811995,,,,,,,,,,,,,,60,100,-60,,,,,,,,,,
1728345600,62191.2,63189.7,61803.4,62120.7,63524.70700000006,62158.19618255781,62285.946133354446,114862.9,0,-95,-99,-2.3524985459854193,-3.29635607856019,0.9438575325747709,1.0767185991225996,,,,,,,,,,31.609624253813283,,,,60,100,-60,,,,,,,,,,,0,-95,-99,-2.3524985459854193,-3.29635607856019,0.9438575325747709,1.0767185991225996,,,,,,,,,,31.609624253813283,,,,60,100,-60,,,,,,,,,,
1728432000,62120.7,62525,60266,60607.7,63507.76400000006,62017.24198414347,61913.00254816457,115688.383,0,-95,-99,-15.226883237673087,-6.226821640801943,-9.000061596871145,-0.7569639987527943,,,,,,,,,,,,,,60,100,-60,,,,,-6.226821640801943,,,,,,0,-95,-99,-15.226883237673087,-6.226821640801943,-9.000061596871145,-0.7569639987527943,,,,,,,,,,,,,,60,100,-60,,,,,-6.226821640801943,,,,,
1728518400,60607.7,61288,58900,60295.6,63473.00150000007,61860.72907649406,61553.579759683555,141439.072,0,-95,-99,-29.77440304515398,-15.784594942937495,-13.989808102216486,0.43060953910611577,,,,,,,,,,,,,,60,100,-60,,,,,,,,,,,0,-95,-99,-29.77440304515398,-15.784594942937495,-13.989808102216486,0.43060953910611577,,,,,,,,,,,,,,60,100,-60,,,,,,,,,,
1728604800,60295.6,63436,60064.4,62499.6,63435.982500000064,61918.80825135824,61763.806479753875,142871.611,0,-95,-99,-23.20880586825101,-22.73669738369269,-0.4721084845583192,1.576485651304604,,,,,,,,,,,13.788426553415835,,,60,100,-60,,,,,,,,,,,0,-95,-99,-23.20880586825101,-22.73669738369269,-0.4721084845583192,1.576485651304604,,,,,,,,,,,13.788426553415835,,,60,100,-60,,,,,,,,,,
1728691200,62499.6,63467.4,62457.9,63177.5,63401.640000000065,62033.23477396204,62077.96059536412,57373.073,0,-95,-99,-8.155271681338926,-20.379493531581304,12.224221850242378,2.283425430847254,,,,,,,,,,,,,,60,100,-60,,-108,,-108,-20.379493531581304,,,,,,0,-95,-99,-8.155271681338926,-20.379493531581304,12.224221850242378,2.283425430847254,,,,,,,,,,,,,,60,100,-60,,-108,,-108,-20.379493531581304,,,,,
1728777600,63177.5,63269.5,62012.1,62838.7,63368.090500000064,62106.458885420034,62247.01379639432,72175.209,0,-95,-99,-0.3213444521532187,-10.561807333914384,10.240462881761164,2.955203505770087,,,,,,,,,,,,,,60,100,-60,,,,,,,,,,,0,-95,-99,-0.3213444521532187,-10.561807333914384,10.240462881761164,2.955203505770087,,,,,,,,,,,,,,60,100,-60,,,,,,,,,,
1728864000,62838.7,67300,62422.5,66080.1,63344.197000000066,62467.69898674548,63098.810730528916,184083.217,0,-95,-99,22.234161344097217,4.5858484035350235,17.648312940562192,5.364836176935017,,,,,,,,,,,,,,60,100,-60,,,,,,,,,,,0,-95,-99,22.234161344097217,4.5858484035350235,17.648312940562192,5.364836176935017,,,,,,,,,,,,,,60,100,-60,,,,,,,,,,
1728950400,66080.1,67999,64762.1,67057.4,63329.98800000006,62884.94453340498,63978.49723485582,228992.418,0,-95,-99,39.545056242371075,20.485957711438356,19.05909853093272,4.897228146312971,,,,,,,,,,,,,,60,100,-60,,,,,,,,,,,0,-95,-99,39.545056242371075,20.485957711438356,19.05909853093272,4.897228146312971,,,,,,,,,,,,,,60,100,-60,,,,,,,,,,
1729036800,67057.4,68525,66727,67595.1,63319.770000000055,63313.14048491362,64782.18673822119,145477.707,0,-95,-99,51.41932774328532,37.73284844325121,13.686479300034115,3.971326177942343,,,,,,,,,,,,,,60,100,-60,,,,,,,,,,,0,-95,-99,51.41932774328532,37.73284844325121,13.686479300034115,3.971326177942343,,,,,,,,,,,,,,60,100,-60,,,,,,,,,,
1729123200,67595.1,67921,66650.1,67390.4,63299.83200000007,63683.800440830564,65361.78968528315,108765.354,0,-95,-99,55.887807436397814,48.950730474018066,6.937076962379749,4.983405930713731,,,,,,,,,,,,,,60,100,-60,,,,,,,,,,,0,-95,-99,55.887807436397814,48.950730474018066,6.937076962379749,4.983405930713731,,,,,,,,,,,,,,60,100,-60,,,,,,,,,,
1729209600,67390.4,69049.7,67157,68402.4,63293.31000000006,64112.76403711869,66037.48086633133,130050.806,0,-95,-99,60.07303919641434,55.793391458699155,4.279647737715187,4.9698851470369,,,,,,,,,,,,,,60,100,-60,,,,,,,,,,,0,-95,-99,60.07303919641434,55.793391458699155,4.279647737715187,4.9698851470369,,,,,,,,,,,,,,60,100,-60,,,,,,,,,,
1729296000,68402.4,68685,67980,68369.5,63307.73750000007,64499.74003374427,66555.70734047993,32741.41,0,-95,-99,61.507913860336274,59.15625349771614,2.3516603626201302,5.20165424187297,,,,,,,,,,,,,,60,100,-60,,,,,,,,,,,0,-95,-99,61.507913860336274,59.15625349771614,2.3516603626201302,5.20165424187297,,,,,,,,,,,,,,60,100,-60,,,,,,,,,,
1729382400,68369.5,69428,68074.9,69034,63323.05000000007,64911.94548522206,67106.4390425955,48441.074,0,-95,-99,62.49682513969281,61.35925939881448,1.1375657408783297,4.7051582714261855,61.35925939881448,,61.35925939881448,,,70.71723553516618,,,,99.36291008774239,,,,60,100,-60,,,,,,,,,106,,0,-95,-99,62.49682513969281,61.35925939881448,1.1375657408783297,4.7051582714261855,61.35925939881448,,61.35925939881448,,,70.71723553516618,,,,99.36291008774239,,,,60,100,-60,,,,,,,,,106,
1729468800,69034,69555,66853.3,67368.1,63317.488500000065,65135.23225929278,67164.58592201873,125446.974,0,-95,-99,58.23032435508982,60.74502111837297,-2.5146967632831476,4.249283973815731,,,,,,,,,,,,,,60,100,-60,,,,,60.74502111837297,,105,,,,0,-95,-99,58.23032435508982,60.74502111837297,-2.5146967632831476,4.249283973815731,,,,,,,,,,,,,,60,100,-60,,,,,60.74502111837297,,105,,,
1729555200,67368.1,67847,66560.9,67409.5,63315.46600000006,65341.98387208435,67219.01127268124,113521.198,0,-95,-99,50.999937362083045,57.24236228562189,-6.242424923538842,2.399028526305914,,,,,,,,,,,,,,60,100,-60,,,,,,,,,,,0,-95,-99,50.999937362083045,57.24236228562189,-6.242424923538842,2.399028526305914,,,,,,,,,,,,,,60,100,-60,,,,,,,,,,
1729641600,67409.5,67477.7,65240.2,66659.1,63304.28850000005,65461.721701894865,67094.58654541874,146198.666,0,-95,-99,39.76497166654616,49.665077794573016,-9.900106128026856,1.2359813731522382,,,,,,,,,,,,,,60,100,-60,,,,,,,,,,,0,-95,-99,39.76497166654616,49.665077794573016,-9.900106128026856,1.2359813731522382,,,,,,,,,,,,,,60,100,-60,,,,,,,,,,
1729728000,66659.1,68847.2,66509.3,68171.2,63298.36950000005,65708.03791081351,67333.83397977013,127827.03,0,-95,-99,39.997117534279056,43.58734218763609,-3.5902246533570334,2.7511212566197356,,,,,,62.95461533821236,,,,,,,,60,100,-60,,,,,,,,,,,0,-95,-99,39.997117534279056,43.58734218763609,-3.5902246533570334,2.7511212566197356,,,,,,62.95461533821236,,,,,,,,60,100,-60,,,,,,,,,,
1729814400,68171.2,68755,65524.5,66666.8,63273.33150000005,65795.19810073955,67185.60420648789,183971.112,0,-95,-99,32.96427676174818,37.5754553208578,-4.611178559109618,3.635420694407175,,,,,,,,,,,,,,60,100,-60,,,,,,,,,,,0,-95,-99,32.96427676174818,37.5754553208578,-4.611178559109618,3.635420694407175,,,,,,,,,,,,,,60,100,-60,,,,,,,,,,
1729900800,66666.8,67442.7,66408.4,67069.1,63262.74200000005,65911.00736430868,67159.7143828239,44536.687,0,-95,-99,26.941406605318775,33.300933633782,-6.359527028463226,6.222690836963785,,,,,,,,,,,,,,60,100,-60,,,,,,,,,,,0,-95,-99,26.941406605318775,33.300933633782,-6.359527028463226,6.222690836963785,,,,,,,,,,,,,,60,100,-60,,,,,,,,,,
1729987200,67069.1,68311.6,66905.2,68001.1,63249.46850000005,66101.01578573516,67346.6889644186,47106.67,0,-95,-99,30.284125843500647,30.06326973685587,0.22085610664477784,8.240971990213945,,,,,,,,,,,26.453381693305502,,,60,100,-60,,,,,30.06326973685587,,,,,,0,-95,-99,30.284125843500647,30.06326973685587,0.22085610664477784,8.240971990213945,,,,,,,,,,,26.453381693305502,,,60,100,-60,,,,,30.06326973685587,,,,,
1730073600,68001.1,70449.9,67571.4,69947.6,63249.014000000054,66450.70525975924,67924.66919454781,147940.16,0,-95,-99,44.12510237395651,33.78354494092531,10.341557433031198,9.632471053388906,,,,,,,,,,,,,,60,100,-60,,,,,,,,,,,0,-95,-99,44.12510237395651,33.78354494092531,10.341557433031198,9.632471053388906,,,,,,,,,,,,,,60,100,-60,,,,,,,,,,
1730160000,69947.6,73681.8,69735.4,72757.5,63277.19900000005,67024.05023614476,68998.6315957594,205358.993,0,-95,-99,62.15864235476336,45.52262352407351,16.63601883068985,11.650622156668616,,,,,,72.07815133703319,,,,,,,,60,100,-60,,,,,,,,,,,0,-95,-99,62.15864235476336,45.52262352407351,16.63601883068985,11.650622156668616,,,,,,72.07815133703319,,,,,,,,60,100,-60,,,,,,,,,,
1730246400,72757.5,73044.2,71455.1,72386.3,63319.60500000005,67511.52748740432,69751.44679670176,112823.933,0,-95,-99,70.05705717207634,58.7802673002654,11.27678987181094,11.601284416331156,,,,,,,,,,75.20957286947862,,,,60,100,-60,,,,,,,,,,,0,-95,-99,70.05705717207634,58.7802673002654,11.27678987181094,11.601284416331156,,,,,,,,,,75.20957286947862,,,,60,100,-60,,,,,,,,,,
1730332800,72386.3,72736.4,69719.3,70332.3,63343.17200000005,67767.96135218575,69880.5252863236,137726.866,0,-95,-99,67.36558659511925,66.52709537398631,0.8384912211329407,11.86022468725533,66.52709537398631,,66.52709537398631,,,,,,,,,,,60,100,-60,,,,,,,,,,,0,-95,-99,67.36558659511925,66.52709537398631,0.8384912211329407,11.86022468725533,66.52709537398631,,66.52709537398631,,,,,,,,,,,60,100,-60,,,,,,,,,,
1730419200,70332.3,71650,68800,69495.5,63373.58100000005,67925.01032016886,69794.96411158502,176731.927,0,-95,-99,59.24414257096914,65.55559544605491,-6.31145287508577,9.158219885809375,,,,,,,,,,,,,,60,100,-60,,,108,,65.55559544605491,,105,,,,0,-95,-99,59.24414257096914,65.55559544605491,-6.31145287508577,9.158219885809375,,,,,,,,,,,,,,60,100,-60,,,108,,65.55559544605491,,105,,,
1730505600,69495.5,69919,68981.6,69363.6,63401.53750000006,68055.79120015352,69699.10542012169,43547.707,0,-95,-99,48.37492576337944,58.32821830982261,-9.953292546443173,10.508139999495425,,,,,,,,,,,,,,60,100,-60,,,,,,,,,,,0,-95,-99,48.37492576337944,58.32821830982261,-9.953292546443173,10.508139999495425,,,,,,,,,,,,,,60,100,-60,,,,,,,,,,
1730592000,69363.6,69382.9,67456.1,68743.6,63439.03050000005,68118.31927286684,69486.77088231687,125143.408,0,-95,-99,32.86695903012798,46.828675788158854,-13.961716758030875,9.297201468661312,,,,,,,,,,,,,,60,100,-60,,,,,,,,,,,0,-95,-99,32.86695903012798,46.828675788158854,-13.961716758030875,9.297201468661312,,,,,,,,,,,,,,60,100,-60,,,,,,,,,,
1730678400,68743.6,69497,66808,67838.7,63460.99850000005,68092.89933896984,69120.53290846867,141457.822,0,-95,-99,17.77078856747018,33.0042244536592,-15.233435886189017,10.057312089591136,,,,,,,,,,,6.815830194333018,,,60,100,-60,,,,,,,,,,,0,-95,-99,17.77078856747018,33.0042244536592,-15.233435886189017,10.057312089591136,,,,,,,,,,,6.815830194333018,,,60,100,-60,,,,,,,,,,
1730764800,67838.7,70540,67449.5,69345.7,63488.853000000054,68206.7903081544,69170.57003992007,143225.827,0,-95,-99,14.848819999541991,21.828855865713383,-6.9800358661713915,12.508471263713398,,,,,,,,,,,,,,60,100,-60,,,,,,,,,,,0,-95,-99,14.848819999541991,21.828855865713383,-6.9800358661713915,12.508471263713398,,,,,,,,,,,,,,60,100,-60,,,,,,,,,,
1730851200,69345.7,76433.6,69256.7,75599.9,63542.352500000045,68878.89118923128,70599.31003104894,356534.174,0,-95,-99,38.73791709244716,23.78584188648644,14.952075205960721,14.217665702133633,,,,,,,,,,,,,,60,100,-60,,,,,23.78584188648644,,,,,,0,-95,-99,38.73791709244716,23.78584188648644,14.952075205960721,14.217665702133633,,,,,,,,,,,,,,60,100,-60,,,,,23.78584188648644,,,,,
1730937600,75599.9,76890,74476.3,75874.8,63597.17200000005,69514.88289930116,71771.64113526029,136507.619,0,-95,-99,55.30503368327493,36.29725692508802,19.007776758186907,13.452911528380655,,,,,,,,,,,,,,60,100,-60,,,,,,,,,,,0,-95,-99,55.30503368327493,36.29725692508802,19.007776758186907,13.452911528380655,,,,,,,,,,,,,,60,100,-60,,,,,,,,,,
1731024000,75874.8,77220.3,75610,76514.2,63645.89150000005,70151.18445391014,72825.54310520245,103535.011,0,-95,-99,64.04734805831951,52.69676627801386,11.350581780305653,12.938229735976167,,,,,,,,,,,,,,60,100,-60,,,,,,,,,,,0,-95,-99,64.04734805831951,52.69676627801386,11.350581780305653,12.938229735976167,,,,,,,,,,,,,,60,100,-60,,,,,,,,,,
1731110400,76514.2,76950,75703.7,76701.7,63697.41100000005,70746.68586719104,73686.91130404636,50536.747,0,-95,-99,67.11074750851189,62.1543764167021,4.9563710918097925,12.41803007636799,,,,,,,,,,,,,,60,100,-60,,,,,,,,,,,0,-95,-99,67.11074750851189,62.1543764167021,4.9563710918097925,12.41803007636799,,,,,,,,,,,,,,60,100,-60,,,,,,,,,,
1731196800,76701.7,81700,76508.2,80428.5,63778.25800000005,71626.8507883555,75185.0421253694,203917.167,0,-95,-99,73.49727653128987,68.21845736604043,5.278819165249445,14.529164096273185,,,,,,,,,,,,,,60,100,-60,,,,,,,,,,,0,-95,-99,73.49727653128987,68.21845736604043,5.278819165249445,14.529164096273185,,,,,,,,,,,,,,60,100,-60,,,,,,,,,,
1731283200,80428.5,89828,80267.8,88765.4,63899.762000000046,73184.90071668681,78202.89943084287,301879.551,0,-95,-99,84.18440366794223,74.93080923591465,9.253594432027583,15.160611396183892,,,,,,84.53110850887211,,,,99.18425799959161,,,,60,100,-60,,,,,,,,,,,0,-95,-99,84.18440366794223,74.93080923591465,9.253594432027583,15.160611396183892,,,,,,84.53110850887211,,,,99.18425799959161,,,,60,100,-60,,,,,,,,,,
1731369600,88765.4,90077,85150,87968,64020.87200000005,74528.81883335164,80372.92177954446,314735.206,0,-95,-99,88.18787679474751,81.9565189979932,6.23135779675431,12.817297312812833,,,,,,,,,,,,,,60,100,-60,,,,,,,,,,,0,-95,-99,88.18787679474751,81.9565189979932,6.23135779675431,12.817297312812833,,,,,,,,,,,,,,60,100,-60,,,,,,,,,,
1731456000,87968,93400,86113.6,90411.2,64155.86350000004,75972.67166668331,82603.65027297902,281262.229,0,-95,-99,89.66382439652135,87.34536828640368,2.3184561101176655,14.671266424873195,,,,,,,,,,,,,,60,100,-60,,,,,,,,,,,0,-95,-99,89.66382439652135,87.34536828640368,2.3184561101176655,14.671266424873195,,,,,,,,,,,,,,60,100,-60,,,,,,,,,,
1731542400,90411.2,91889.7,86661,87367.3,64277.23600000004,77008.5469697121,83662.23910120591,195188.885,0,-95,-99,86.08990071458273,87.9805339686172,-1.8906332540344692,14.46078702267846,87.9805339686172,,87.9805339686172,,,,,,,,,,,60,100,-60,,,,,87.9805339686172,,105,,,,0,-95,-99,86.08990071458273,87.9805339686172,-1.8906332540344692,14.46078702267846,87.9805339686172,,87.9805339686172,,,,,,,,,,,60,100,-60,,,,,87.9805339686172,,105,,,
1731628800,87367.3,91948,87083.7,91125.2,64413.72250000004,78291.87906337464,85320.67485649348,157844.593,0,-95,-99,82.98165328252429,86.24512613120946,-3.2634728486851685,17.714613915733803,,,,,,,,,,,,,,60,100,-60,,,,,,,,,,,0,-95,-99,82.98165328252429,86.24512613120946,-3.2634728486851685,17.714613915733803,,,,,,,,,,,,,,60,100,-60,,,,,,,,,,
1731715200,91125.2,91856.3,90125,90625.4,64563.57000000004,79413.10823943149,86499.5026661616,60731.141,0,-95,-99,79.63206542567944,82.90120647426215,-3.2691410485827106,15.603946564513638,,,,,,,,,,,,,,60,100,-60,,,,,,,,,,,0,-95,-99,79.63206542567944,82.90120647426215,-3.2691410485827106,15.603946564513638,,,,,,,,,,,,,,60,100,-60,,,,,,,,,,
1731801600,90625.4,91601.8,88735.7,89900,64721.577500000036,80366.46203584681,87255.16874034792,83270.967,0,-95,-99,74.32872394404428,78.98081421741601,-4.652090273371726,13.586099387560377,,,,,,,,,,,,,,60,100,-60,,,,,,,,,,,0,-95,-99,74.32872394404428,78.98081421741601,-4.652090273371726,13.586099387560377,,,,,,,,,,,,,,60,100,-60,,,,,,,,,,
1731888000,89900,92757.6,89424,90535,64879.10050000004,81290.87457804255,87984.02013138171,172501.98,0,-95,-99,70.19125392582386,74.71734776518252,-4.526093839358666,12.798484331252956,,,,,,,,,,,,,,60,100,-60,,,,,,,,,,,0,-95,-99,70.19125392582386,74.71734776518252,-4.526093839358666,12.798484331252956,,,,,,,,,,,,,,60,100,-60,,,,,,,,,,
1731974400,90535,93980,90435.9,92341.4,65026.58900000004,82295.4677982205,88952.32676885244,159235.317,0,-95,-99,67.77837807164403,70.76611864717073,-2.9877405755267006,13.72825626950371,,,,,,,,,,,,,,60,100,-60,,,,,,,,,,,0,-95,-99,67.77837807164403,70.76611864717073,-2.9877405755267006,13.72825626950371,,,,,,,,,,,,,,60,100,-60,,,,,,,,,,
1732060800,92341.4,94898.9,91511,94315.3,65178.86550000004,83388.1798165641,90144.09859799634,131176.46,0,-95,-99,66.53398891290956,68.16787363679248,-1.6338847238829146,14.770676792013191,,,,,,,,,,,62.50492885180665,,,60,100,-60,,,,,,,,,,,0,-95,-99,66.53398891290956,68.16787363679248,-1.6338847238829146,14.770676792013191,,,,,,,,,,,62.50492885180665,,,60,100,-60,,,,,,,,,,
1732147200,94315.3,99111,94032,98382.9,65350.791000000056,84751.33619687645,91974.94335399715,205366.297,0,-95,-99,69.06845565933197,67.79360754796186,1.2748481113701189,16.411630451466547,,,,,,,,,,,,,,60,100,-60,,,,,67.79360754796186,,,,,,0,-95,-99,69.06845565933197,67.79360754796186,1.2748481113701189,16.411630451466547,,,,,,,,,,,,,,60,100,-60,,,,,67.79360754796186,,,,,
1732233600,98382.9,99690,97210,98947,65529.779500000055,86041.8510880695,93524.28927533112,133341.135,0,-95,-99,70.46736259252734,68.68993572158962,1.7774268709377168,17.25295408960839,,,,,,81.96785426917909,,,,70.88764444873195,,,,60,100,-60,,,,,,,,,,,0,-95,-99,70.46736259252734,68.68993572158962,1.7774268709377168,17.25295408960839,,,,,,81.96785426917909,,,,70.88764444873195,,,,60,100,-60,,,,,,,,,,
1732320000,98947,98970.9,97185.9,97740.2,65706.90800000005,87105.33735279045,94461.15832525754,58002.672,0,-95,-99,68.51757042644633,69.35112955943521,-0.8335591329888814,14.448929380334349,69.35112955943521,,69.35112955943521,,,,,,,,,,,60,100,-60,,,108,,69.35112955943521,,105,,106,,0,-95,-99,68.51757042644633,69.35112955943521,-0.8335591329888814,14.448929380334349,69.35112955943521,,69.35112955943521,,,,,,,,,,,60,100,-60,,,108,,69.35112955943521,,105,,106,
1732406400,97740.2,98653.3,95800.3,98027.7,65891.22650000006,88098.27941162768,95253.72314186697,90176.101,0,-95,-99,64.85167520499483,67.94553607465616,-3.0938608696613272,16.115605468073664,,,,,,,,,,,,,,60,100,-60,,,,,,,,,,,0,-95,-99,64.85167520499483,67.94553607465616,-3.0938608696613272,16.115605468073664,,,,,,,,,,,,,,60,100,-60,,,,,,,,,,
1732492800,98027.7,98979.9,92620,93004.1,66041.06950000006,88544.26310147971,94753.80688811875,177667.896,0,-95,-99,55.99343186739027,63.12089249961047,-7.127460632220199,12.56612325947958,,,,,,,,,,,,,,60,100,-60,,,,,,,,,,,0,-95,-99,55.99343186739027,63.12089249961047,-7.127460632220199,12.56612325947958,,,,,,,,,,,,,,60,100,-60,,,,,,,,,,
1732579200,93004.1,95063.1,90835.5,92025.6,66197.25200000005,88860.74827407247,94147.53869075903,173714.939,0,-95,-99,42.97013750959795,54.60508152732766,-11.634944017729715,11.11992315873041,,,,,,,,,,,,,,60,100,-60,,,,,,,,,,,0,-95,-99,42.97013750959795,54.60508152732766,-11.634944017729715,11.11992315873041,,,,,,,,,,,,,,60,100,-60,,,,,,,,,,
1732665600,92025.6,97276,91857.6,95908.7,66372.74450000006,89501.4711582477,94538.90787059035,118451.681,0,-95,-99,39.037888027156974,46.00048580138172,-6.962597774224747,12.722174652531033,,,,,,,,,,,13.01685166146242,,,60,100,-60,,,,,,,,,,,0,-95,-99,39.037888027156974,46.00048580138172,-6.962597774224747,12.722174652531033,,,,,,,,,,,13.01685166146242,,,60,100,-60,,,,,,,,,,
1732752000,95908.7,96648,94707,95702.8,66544.01000000005,90065.22832567972,94797.55056601472,82468.408,0,-95,-99,37.67534523410177,39.89445692361888,-2.2191116895171135,13.238381773802589,,,,,,,,,,,,,,60,100,-60,,,,,,,,,,,0,-95,-99,37.67534523410177,39.89445692361888,-2.2191116895171135,13.238381773802589,,,,,,,,,,,,,,60,100,-60,,,,,,,,,,
1732838400,95702.8,98735.3,95420.3,97526.7,66717.09650000006,90743.5439324361,95404.02821801144,92546.65,0,-95,-99,40.91867982013604,39.21063769379825,1.7080421263377943,16.659383236281467,,,,,,68.57212767326175,,,,,,,,60,100,-60,,,,,39.21063769379825,,,,,,0,-95,-99,40.91867982013604,39.21063769379825,1.7080421263377943,16.659383236281467,,,,,,68.57212767326175,,,,,,,,60,100,-60,,,,,39.21063769379825,,,,,
1732924800,97526.7,97539.8,96151,96484,66891.78650000006,91265.40357494191,95644.02194734223,42120.126,0,-95,-99,40.7165914395004,39.77020549791272,0.9463859415876783,16.345366631186472,,,,,,,,,,,,,,60,100,-60,,,,,,,,,,,0,-95,-99,40.7165914395004,39.77020549791272,0.9463859415876783,16.345366631186472,,,,,,,,,,,,,,60,100,-60,,,,,,,,,,
1733011200,96484,97929.4,95750,97265.4,67047.18650000005,91810.85779540174,96004.32818126617,57117.524,0,-95,-99,40.83408350936666,40.82311825633435,0.01096525303231033,17.416777170962963,,,40.82311825633435,,,,,,,27.10758590167604,,,,60,100,-60,,,,,,,,,,,0,-95,-99,40.83408350936666,40.82311825633435,0.01096525303231033,17.416777170962963,,,40.82311825633435,,,,,,,27.10758590167604,,,,60,100,-60,,,,,,,,,,
1733097600,97265.4,98270.7,94455,95886.6,67200.48950000005,92181.37981400159,95978.16636320703,135368.369,0,-95,-99,36.86117761666704,39.47061752184468,-2.609439905177638,16.34609965878106,,,,,,,,,,,,,,60,100,-60,,,108,,39.47061752184468,,,,,,0,-95,-99,36.86117761666704,39.47061752184468,-2.609439905177638,16.34609965878106,,,,,,,,,,,,,,60,100,-60,,,108,,39.47061752184468,,,,,
1733184000,95886.6,96389,93605.4,95919.6,67345.22250000006,92521.21801272871,95965.1516158277,106345.342,0,-95,-99,28.210170657453112,35.301810594495585,-7.091639937042473,14.748000311509294,,,,,,,,,,,,,,60,100,-60,,,,,,,,,,,0,-95,-99,28.210170657453112,35.301810594495585,-7.091639937042473,14.748000311509294,,,,,,,,,,,,,,60,100,-60,,,,,,,,,,
1733270400,95919.6,99117.6,94638,98671.8,67504.20250000007,93080.36182975338,96566.62903453266,131059.585,0,-95,-99,33.96870737279548,33.013351882305194,0.9553554904902839,16.38488526039168,,,,,,67.40156636587932,,,,,,,,60,100,-60,,,,,33.013351882305194,,,,,,0,-95,-99,33.96870737279548,33.013351882305194,0.9553554904902839,16.38488526039168,,,,,,67.40156636587932,,,,,,,,60,100,-60,,,,,33.013351882305194,,,,,
1733356800,98671.8,104698.8,90530,96977.9,67657.91400000006,93434.68348159398,96658.02258241428,282711.659,0,-95,-99,36.80733649543811,32.99540484189555,3.8119316535425583,14.483003354474324,,,,,,,,,,,13.016568377896398,,,60,100,-60,,,,,,,,,,,0,-95,-99,36.80733649543811,32.99540484189555,3.8119316535425583,14.483003354474324,,,,,,,,,,,13.016568377896398,,,60,100,-60,,,,,,,,,,
1733443200,96977.9,101998.7,96319.6,99789.9,67799.67900000006,94012.43043781271,97353.99534187777,135216.668,0,-95,-99,47.008023242020855,39.26135570341813,7.746667538602722,16.345304776278173,,,,,,,,,,,,,,60,100,-60,,,,,,,,,,,0,-95,-99,47.008023242020855,39.26135570341813,7.746667538602722,16.345304776278173,,,,,,,,,,,,,,60,100,-60,,,,,,,,,,
1733529600,99789.9,100540.2,98883.4,99913,67948.40500000007,94548.84585255702,97922.66304368271,47506.658,0,-95,-99,53.393906860923444,45.73642219946078,7.657484661462661,16.65819139747123,,,,,,,,,,,,,,60,100,-60,,,,,,,,,,,0,-95,-99,53.393906860923444,45.73642219946078,7.657484661462661,16.65819139747123,,,,,,,,,,,,,,60,100,-60,,,,,,,,,,
1733616000,99913,101464.8,98729.1,101186.8,68108.28850000007,95152.29622959728,98648.02681175323,53786.479,0,-95,-99,58.34303229529195,52.914987466078735,5.4280448292132135,19.49665793074839,52.914987466078735,,52.914987466078735,,,68.85161820765593,,,,42.341171320757084,,,,60,100,-60,,,,,,,,,106,,0,-95,-99,58.34303229529195,52.914987466078735,5.4280448292132135,19.49665793074839,52.914987466078735,,52.914987466078735,,,68.85161820765593,,,,42.341171320757084,,,,60,100,-60,,,,,,,,,106,
1733702400,101186.8,101296.1,93888,97329,68254.93200000006,95350.17839054299,98354.90974247473,175409.992,0,-95,-99,46.241828299295726,52.65958915183702,-6.417760852541292,18.521510013014627,,,,,,,,,,,,,,60,100,-60,,,108,,52.65958915183702,,,,,,0,-95,-99,46.241828299295726,52.65958915183702,-6.417760852541292,18.521510013014627,,,,,,,,,,,,,,60,100,-60,,,108,,52.65958915183702,,,,,
1733788800,97329,98299,94190.8,96552.8,68394.79600000006,95459.50762776636,97954.44091081368,153439.146,0,-95,-99,30.27375146377418,44.952870686120605,-14.679119222346426,16.414923089058505,,,,,,,,,,,,,,60,100,-60,,,,,,,,,,,0,-95,-99,30.27375146377418,44.952870686120605,-14.679119222346426,16.414923089058505,,,,,,,,,,,,,,60,100,-60,,,,,,,,,,
1733875200,96552.8,101961,95574.3,101128.3,68553.90650000007,95974.85238887851,98659.74293063286,122591.044,0,-95,-99,35.90245160910806,37.472677124059324,-1.570225514951261,16.527148367021102,,,,,,63.76752680896377,,,,,25.742431230915482,,,60,100,-60,,,,,,,,,,,0,-95,-99,35.90245160910806,37.472677124059324,-1.570225514951261,16.527148367021102,,,,,,63.76752680896377,,,,,25.742431230915482,,,60,100,-60,,,,,,,,,,
1733961600,101128.3,102636.2,99300,99982.5,68711.17600000006,96339.18398988956,98953.68894604778,117317.241,0,-95,-99,43.498548183539015,36.558250418807084,6.94029776473193,16.342148988675127,,,,,,,,,,,,,,60,100,-60,,,,,36.558250418807084,,,,,,0,-95,-99,43.498548183539015,36.558250418807084,6.94029776473193,16.342148988675127,,,,,,,,,,,,,,60,100,-60,,,,,36.558250418807084,,,,,
1734048000,99982.5,101935.7,99168,101415.8,68871.00500000006,96800.69453626324,99500.82473581494,80764.043,0,-95,-99,48.037473381251296,42.47949105796612,5.557982323285174,15.975411632744116,,,,,,,,,,,,,,60,100,-60,,,,,,,,,,,0,-95,-99,48.037473381251296,42.47949105796612,5.557982323285174,15.975411632744116,,,,,,,,,,,,,,60,100,-60,,,,,,,,,,
1734134400,101415.8,102748,100577.1,101419.9,69035.88650000007,97220.62230569385,99927.28590563383,51260.197,0,-95,-99,52.72010392404981,48.08537516294671,4.634728761103098,15.22532147424927,,,,,,,,,,,,,,60,100,-60,,,,,,,,,,,0,-95,-99,52.72010392404981,48.08537516294671,4.634728761103098,15.22532147424927,,,,,,,,,,,,,,60,100,-60,,,,,,,,,,
1734220800,101419.9,105338.2,101243.4,104515.6,69220.08450000007,97883.80209608532,100946.91125993743,77174.467,0,-95,-99,61.19347935688316,53.983685554061424,7.209793802821736,16.36770426028473,,,,,,,,,,,,,,60,100,-60,,,,,,,,,,,0,-95,-99,61.19347935688316,53.983685554061424,7.209793802821736,16.36770426028473,,,,,,,,,,,,,,60,100,-60,,,,,,,,,,
1734307200,104515.6,107850,103304.3,106094.2,69408.69650000006,98630.2019055321,102090.75320217355,136569.347,0,-95,-99,69.36796285667197,61.093848712534985,8.27411414413698,17.638554779450747,,,,,,69.73097913876843,,,,,,,,60,100,-60,,,,,,,,,,,0,-95,-99,69.36796285667197,61.093848712534985,8.27411414413698,17.638554779450747,,,,,,69.73097913876843,,,,,,,,60,100,-60,,,,,,,,,,
1734393600,106094.2,108421.6,105300,106084.6,69601.34050000006,99307.87445957464,102978.27471280165,100762.057,0,-95,-99,73.62877650885477,68.0634062408033,5.565370268051467,16.294151668379826,68.0634062408033,,68.0634062408033,,,,,,,88.35413981387453,,,,60,100,-60,,,,,,,,,,,0,-95,-99,73.62877650885477,68.0634062408033,5.565370268051467,16.294151668379826,68.0634062408033,,68.0634062408033,,,,,,,88.35413981387453,,,,60,100,-60,,,,,,,,,,
1734480000,106084.6,106470.3,99800,100148.6,69763.11950000007,99384.30405415877,102349.45810995685,183873.186,0,-95,-99,61.129662478252826,68.04213394792653,-6.912471469673704,14.186030844228966,,,,,,,,,,,,,,60,100,-60,,,108,,68.04213394792653,,105,,,,0,-95,-99,61.129662478252826,68.04213394792653,-6.912471469673704,14.186030844228966,,,,,,,,,,,,,,60,100,-60,,,108,,68.04213394792653,,105,,,
1734566400,100148.6,102742.4,95640.5,97399.4,69911.23500000006,99203.85823105343,101249.4451966331,202086.54,0,-95,-99,39.05533310535891,57.93792403082218,-18.88259092546327,11.990525346486079,,,,,,,,,,,,,,60,100,-60,,,,,,,,,,,0,-95,-99,39.05533310535891,57.93792403082218,-18.88259092546327,11.990525346486079,,,,,,,,,,,,,,60,100,-60,,,,,,,,,,
1734652800,97399.4,98221.5,92230,97757.3,70055.83650000006,99072.3529373213,100473.41293071464,191089.684,0,-95,-99,17.091720875619973,39.092238819743905,-22.00051794412393,13.681391314023077,,,,,,,,,,,,,,60,100,-60,,,,,,,,,,,0,-95,-99,17.091720875619973,39.092238819743905,-22.00051794412393,13.681391314023077,,,,,,,,,,,,,,60,100,-60,,,,,,,,,,
1734739200,97757.3,99482.8,96326.7,97249.7,70189.28850000007,98906.65721574663,99757.03227944471,69652.31,0,-95,-99,5.975777959211884,20.70761064673026,-14.731832687518375,13.19883694215778,,,,,,,,,,,,,,60,100,-60,,,,,,,,,,,0,-95,-99,5.975777959211884,20.70761064673026,-14.731832687518375,13.19883694215778,,,,,,,,,,,,,,60,100,-60,,,,,,,,,,
1734825600,97249.7,97431.6,94200,95144.7,70309.30900000007,98564.66110522421,98732.06955067923,76364.427,0,-95,-99,-7.314682616042511,5.250938739596452,-12.565621355638964,12.408822393092372,,,,,,,,,,,,,,60,100,-60,,,,,,,,,,,0,-95,-99,-7.314682616042511,5.250938739596452,-12.565621355638964,12.408822393092372,,,,,,,,,,,,,,60,100,-60,,,,,,,,,,
1734912000,95144.7,96500,92465.8,94837,70429.31500000006,98225.7828229311,97866.49853941718,125462.025,0,-95,-99,-18.314830258186625,-6.551244971672414,-11.76358528651421,10.601197670339575,,,,,,,,,,,0.3822699886294399,,,60,100,-60,,,,,,,,,,,0,-95,-99,-18.314830258186625,-6.551244971672414,-11.76358528651421,10.601197670339575,,,,,,,,,,,0.3822699886294399,,,60,100,-60,,,,,,,,,,
1734998400,94837,99435.7,93508.6,98628.3,70575.50700000006,98262.37529357373,98035.78775288003,105970.467,0,-95,-99,-18.66250147660411,-14.764004783611078,-3.8984966929930316,13.36455159427591,,,,,,,,,,,,,,60,100,-60,,,,,,,,,,,0,-95,-99,-18.66250147660411,-14.764004783611078,-3.8984966929930316,13.36455159427591,,,,,,,,,,,,,,60,100,-60,,,,,,,,,,
1735084800,98628.3,99590,97562.6,99405.2,70725.90300000006,98366.26844870338,98340.10158557336,67405.221,0,-95,-99,-12.58465548899887,-16.520662407929866,3.936006918930996,13.350155198770379,,,,,,,,,,,,,,60,100,-60,,-108,,-108,-16.520662407929866,,,,,,0,-95,-99,-12.58465548899887,-16.520662407929866,3.936006918930996,13.350155198770379,,,,,,,,,,,,,,60,100,-60,,-108,,-108,-16.520662407929866,,,,,
1735171200,99405.2,99950,95137.5,95743.2,70856.40750000006,98127.80768063944,97763.01234433483,100668.442,0,-95,-99,-15.74552703933727,-15.664228001646746,-0.08129903769052405,9.79110536350895,,,,,,,,,,23.489505056821713,,,,60,100,-60,,,,,-15.664228001646746,,,,,,0,-95,-99,-15.74552703933727,-15.664228001646746,-0.08129903769052405,9.79110536350895,,,,,,,,,,23.489505056821713,,,,60,100,-60,,,,,-15.664228001646746,,,,,
1735257600,95743.2,97500,93380.1,94251,70980.08250000008,97775.37061876313,96982.56515670486,103774.46,0,-95,-99,-24.946641980727364,-17.758941503021166,-7.187700477706198,7.1950715867034525,,,,,,,,,,,,,,60,100,-60,,,,,,,,,,,0,-95,-99,-24.946641980727364,-17.758941503021166,-7.187700477706198,7.1950715867034525,,,,,,,,,,,,,,60,100,-60,,,,,,,,,,
1735344000,94251,95699.9,94070.2,95255.8,71119.98000000007,97546.31874433011,96598.839566326,36894.789,0,-95,-99,-30.7018999516098,-23.79802299055814,-6.903876961051658,6.956419535733323,,,,,,,,,,,,,,60,100,-60,,,,,,,,,,,0,-95,-99,-30.7018999516098,-23.79802299055814,-6.903876961051658,6.956419535733323,,,,,,,,,,,,,,60,100,-60,,,,,,,,,,
1735430400,95255.8,95300,92926.7,93699,71247.27050000007,97196.56249484555,95954.43077380912,50241.219,0,-95,-99,-37.5243665443566,-31.05763615889792,-6.466730385458682,5.900487215357197,,,,,,,,,,,,,,60,100,-60,,,,,,,,,,,0,-95,-99,-37.5243665443566,-31.05763615889792,-6.466730385458682,5.900487215357197,,,,,,,,,,,,,,60,100,-60,,,,,,,,,,
1735516800,93699,95000,91463.7,92739.3,71377.25450000007,96791.35681349595,95239.9572685182,128458.068,0,-95,-99,-43.9816169507508,-37.4026278155724,-6.5789891351783965,6.923989313217104,,,,,,,,,,,3.4342678370779014,,,60,100,-60,,,,,,,,,,,0,-95,-99,-43.9816169507508,-37.4026278155724,-6.5789891351783965,6.923989313217104,,,,,,,,,,,3.4342678370779014,,,60,100,-60,,,,,,,,,,
1735603200,92739.3,96322.1,91981.4,93530,71514.79850000008,96494.86983045086,94859.96676440306,98560.554,0,-95,-99,-44.19415504164529,-41.90004617891756,-2.2941088627277253,8.113423299731528,,,,,,,,,,,,,,60,100,-60,,,,,,,,,,,0,-95,-99,-44.19415504164529,-41.90004617891756,-2.2941088627277253,8.113423299731528,,,,,,,,,,,,,,60,100,-60,,,,,,,,,,
1735689600,93530,95158.4,92840,94564.6,71656.70150000007,96319.39075495533,94794.32970564683,46830.37,0,-95,-99,-42.55363434705596,-43.576468779817354,1.0228344327613925,9.580834251907808,,,,-43.576468779817354,,,,,,,,,,60,100,-60,,-108,,,-43.576468779817354,,,,,,0,-95,-99,-42.55363434705596,-43.576468779817354,1.0228344327613925,9.580834251907808,,,,-43.576468779817354,,,,,,,,,,60,100,-60,,-108,,,-43.576468779817354,,,,,
1735776000,94564.6,97844.8,94339.9,96960.5,71808.31300000007,96377.67341359575,95275.70088216975,96026.934,0,-95,-99,-29.498376417938864,-38.748721935546705,9.25034551760784,12.094241443463636,,,,,,,,,,,,,,60,100,-60,,,,,,,,,,,0,-95,-99,-29.498376417938864,-38.748721935546705,9.25034551760784,12.094241443463636,,,,,,,,,,,,,,60,100,-60,,,,,,,,,,
1735862400,96960.5,98950,96062.1,98140,71966.73900000007,96537.88492145068,95912.21179724314,60348.86,0,-95,-99,-13.421740622808038,-28.491250462600956,15.069509839792918,13.956609997908846,,,,,,,,,,,,,,60,100,-60,,,,,,,,,,,0,-95,-99,-13.421740622808038,-28.491250462600956,15.069509839792918,13.956609997908846,,,,,,,,,,,,,,60,100,-60,,,,,,,,,,
1735948800,98140,98759.6,97442.8,98177.2,72131.89250000007,96686.91356495516,96415.54250896689,31031.277,0,-95,-99,-0.3436043217717728,-14.421240454172889,14.077636132401116,12.80817735253674,,,,,,,,,,,,,,60,100,-60,,,,,,,,,,,0,-95,-99,-0.3436043217717728,-14.421240454172889,14.077636132401116,12.80817735253674,,,,,,,,,,,,,,60,100,-60,,,,,,,,,,
1736035200,98177.2,98828.5,97216,98340.5,72298.89400000007,96837.23960450469,96843.31084030757,39445.131,0,-95,-99,8.782742162761272,-1.66086759393951,10.443609756700782,10.882768792061556,,,,,,,,,,,,,,60,100,-60,,,,,,,,,,,0,-95,-99,8.782742162761272,-1.66086759393951,10.443609756700782,10.882768792061556,,,,,,,,,,,,,,60,100,-60,,,,,,,,,,
1736121600,98340.5,102471.7,97861,102185.9,72485.55400000008,97323.48145864063,98030.55287579478,107235.688,0,-95,-99,24.55810992258499,10.999082587858164,13.559027334726826,12.683081269457283,,,,,,62.2927313811698,,,,98.87187174751713,,,,60,100,-60,,,,,,,,,,,0,-95,-99,24.55810992258499,10.999082587858164,13.559027334726826,12.683081269457283,,,,,,62.2927313811698,,,,98.87187174751713,,,,60,100,-60,,,,,,,,,,
1736208000,102185.9,102702.1,96113.4,96908.1,72649.55300000007,97285.71950785512,97781.11890339594,140660.826,0,-95,-99,25.789958515738167,19.710270200361478,6.079688315376689,9.687813743921026,,,,,,,,,,,,,,60,100,-60,,,,,,,,,,,0,-95,-99,25.789958515738167,19.710270200361478,6.079688315376689,9.687813743921026,,,,,,,,,,,,,,60,100,-60,,,,,,,,,,
1736294400,96908.1,97224.3,92378.5,95022.2,72803.54850000008,97079.94500714101,97168.02581375239,156335.096,0,-95,-99,9.446721882449673,19.931596773590943,-10.48487489114127,8.338744486702893,,,19.931596773590943,,,,,,,,,,,60,100,-60,,,,,19.931596773590943,,,,,,0,-95,-99,9.446721882449673,19.931596773590943,-10.48487489114127,8.338744486702893,,,19.931596773590943,,,,,,,,,,,60,100,-60,,,,,19.931596773590943,,,,,
1736380800,95022.2,95356.6,91151,92507.7,72950.18750000007,96664.28637012819,96132.39785514075,136709.766,0,-95,-99,-7.691477474685861,9.181734307833993,-16.873211782519853,5.049450620505893,,,,,,,,,,,,,,60,100,-60,,,,,,,,,,,0,-95,-99,-7.691477474685861,9.181734307833993,-16.873211782519853,5.049450620505893,,,,,,,,,,,,,,60,100,-60,,,,,,,,,,
1736467200,92507.7,95873.6,92161.2,94684.2,73122.32300000008,96484.27851829835,95810.57610955392,140049.765,0,-95,-99,-14.756929060039845,-4.333894884092011,-10.423034175947834,4.335040601463942,,,,,,,,,,,,,,60,100,-60,,,,,,,,,,,0,-95,-99,-14.756929060039845,-4.333894884092011,-10.423034175947834,4.335040601463942,,,,,,,,,,,,,,60,100,-60,,,,,,,,,,
1736553600,94684.2,94991.9,93800,94569.4,73286.34800000007,96310.1986529985,95534.75919631972,32812.684,0,-95,-99,-18.787664706682232,-13.745357080469313,-5.042307626212919,4.498855854796023,,,,,,,,,,,16.282441767359895,,,60,100,-60,,,,,,,,,,,0,-95,-99,-18.787664706682232,-13.745357080469313,-5.042307626212919,4.498855854796023,,,,,,,,,,,16.282441767359895,,,60,100,-60,,,,,,,,,,
1736640000,94569.4,95439.9,93660,94510,73454.70550000007,96146.54422999863,95307.0349304709,37815.707,0,-95,-99,-21.147490314954567,-18.230694693892215,-2.9167956210623522,3.577150156536569,,,,,,,,,,,,,,60,100,-60,,,,,,,,,,,0,-95,-99,-21.147490314954567,-18.230694693892215,-2.9167956210623522,3.577150156536569,,,,,,,,,,,,,,60,100,-60,,,,,,,,,,
1736726400,94510,95954.8,89100,94508.2,73618.94900000007,95997.6038454533,95129.51605703292,192294.806,0,-95,-99,-28.5842578320306,-22.8398042845558,-5.7444535474748015,5.031874560853457,,,,,,,,,,,,,,60,100,-60,,,,,,,,,,,0,-95,-99,-28.5842578320306,-22.8398042845558,-5.7444535474748015,5.031874560853457,,,,,,,,,,,,,,60,100,-60,,,,,,,,,,
1736812800,94508.2,97395.5,94330.3,96523.3,73799.53500000008,96045.39440495754,95439.24582213671,106961.086,0,-95,-99,-18.150563793858492,-22.627437313614553,4.476873519756062,4.744037853685795,,,,,,,,,,,,,,60,100,-60,,-108,,-108,-22.627437313614553,,,,,,0,-95,-99,-18.150563793858492,-22.627437313614553,4.476873519756062,4.744037853685795,,,,,,,,,,,,,,60,100,-60,,-108,,-108,-22.627437313614553,,,,,
1736899200,96523.3,100700,96450,100465,73997.16050000007,96447.17673177957,96556.08008388411,105233.273,0,-95,-99,2.279672119928211,-14.818383168653627,17.09805528858184,7.784396920826772,,,,,,,,,,,,,,60,100,-60,,,,,,,,,,,0,-95,-99,2.279672119928211,-14.818383168653627,17.09805528858184,7.784396920826772,,,,,,,,,,,,,,60,100,-60,,,,,,,,,,
1736985600,100465,100866.1,97291,99945.8,74183.14200000007,96765.23339252689,97309.3511763543,98538.546,0,-95,-99,15.539777551867958,-0.11037137402077413,15.650148925888733,8.05407150931303,,,,,,,,,,,,,,60,100,-60,,,,,,,,,,,0,-95,-99,15.539777551867958,-0.11037137402077413,15.650148925888733,8.05407150931303,,,,,,,,,,,,,,60,100,-60,,,,,,,,,,
1737072000,99945.8,105815.8,99906.1,104048.8,74389.08550000006,97427.37581138808,98807.0064704978,118129.351,0,-95,-99,33.29043403604238,17.036627902612846,16.25380613342953,9.313565310446537,,,,,,,,,,,,,,60,100,-60,,,,,,,,,,,0,-95,-99,33.29043403604238,17.036627902612846,16.25380613342953,9.313565310446537,,,,,,,,,,,,,,60,100,-60,,,,,,,,,,
1737158400,104048.8,104963,102244,104520,74601.22250000006,98072.15982853461,100076.56058816495,73020.641,0,-95,-99,43.87032060038054,30.900177396096954,12.970143204283584,8.472582416810416,,,,,,64.98187105293145,,,,,,,,60,100,-60,,,,,,,,,,,0,-95,-99,43.87032060038054,30.900177396096954,12.970143204283584,8.472582416810416,,,,,,64.98187105293145,,,,,,,,60,100,-60,,,,,,,,,,
1737244800,104520,106476.5,99600,101310.7,74806.85200000007,98366.5725713951,100350.81379079496,123413.669,0,-95,-99,46.118967187833405,41.09324060808544,5.0257265797479675,5.849238028849099,,,,,,,,,,89.1197554059106,,,,60,100,-60,,,,,,,,,,,0,-95,-99,46.118967187833405,41.09324060808544,5.0257265797479675,5.849238028849099,,,,,,,,,,89.1197554059106,,,,60,100,-60,,,,,,,,,,
1737331200,101310.7,109951.7,99500.1,102258.7,75032.97250000006,98720.40233763191,100774.78850395163,307591.535,0,-95,-99,49.968800136050184,46.652695974754714,3.3161041612954705,4.073831787392924,,,,,,,,,,,,,,60,100,-60,,,,,,,,,,,0,-95,-99,49.968800136050184,46.652695974754714,3.3161041612954705,4.073831787392924,,,,,,,,,,,,,,60,100,-60,,,,,,,,,,
1737417600,102258.7,107265.6,100000,106133.3,75280.62500000006,99394.30212511992,101965.56883640682,152667.181,0,-95,-99,52.54574053375687,49.54450261921349,3.001237914543381,4.838382880125089,,,,,,64.4909922701973,,,,,,,,60,100,-60,,,,,,,,,,,0,-95,-99,52.54574053375687,49.54450261921349,3.001237914543381,4.838382880125089,,,,,,64.4909922701973,,,,,,,,60,100,-60,,,,,,,,,,
1737504000,106133.3,106387.4,103310,103670.4,75507.95650000006,99783.03829556357,102344.42020609419,82770.668,0,-95,-99,52.990216892479765,51.83491918742894,1.1552977050508275,4.5277828319560784,,,,,,,,,,,,,,60,100,-60,,,,,,,,,,,0,-95,-99,52.990216892479765,51.83491918742894,1.1552977050508275,4.5277828319560784,,,,,,,,,,,,,,60,100,-60,,,,,,,,,,
1737590400,103670.4,106875,101205.1,103862.4,75748.06850000007,100153.88935960324,102681.74904918436,243671.499,0,-95,-99,50.89456968628849,52.14350903750837,-1.2489393512198816,4.360512614387945,52.14350903750837,,52.14350903750837,,,,,,,,,,,60,100,-60,,,108,,52.14350903750837,,,,,,0,-95,-99,50.89456968628849,52.14350903750837,-1.2489393512198816,4.360512614387945,52.14350903750837,,52.14350903750837,,,,,,,,,,,60,100,-60,,,108,,52.14350903750837,,,,,
1737676800,103862.4,107118.6,102691.8,104800.1,75988.58650000006,100576.27214509386,103152.49370492117,83022.41,0,-95,-99,51.06799292485642,51.650926501208225,-0.582933576351806,6.864787795614632,,,,,,60.59017385986282,,,,,,,,60,100,-60,,,,,,,,,,,0,-95,-99,51.06799292485642,51.650926501208225,-0.582933576351806,6.864787795614632,,,,,,60.59017385986282,,,,,,,,60,100,-60,,,,,,,,,,
1737763200,104800.1,105276.1,104036.9,104709.4,76221.98400000007,100952.01104099442,103498.47288160535,28536.813,0,-95,-99,49.5299801724792,50.49751426120803,-0.9675340887288328,7.260444838077918,,,,,,,,,,,,,,60,100,-60,,,,,,,,,,,0,-95,-99,49.5299801724792,50.49751426120803,-0.9675340887288328,7.260444838077918,,,,,,,,,,,,,,60,100,-60,,,,,,,,,,
1737849600,104709.4,105591.5,102457.1,102553.7,76446.18350000006,101097.61912817674,103288.52335235971,33430.622,0,-95,-99,43.12063032109411,47.90620113947657,-4.78557081838246,3.7494300779619563,,,,,,,,,,,,,,60,100,-60,,,,,,,,,,,0,-95,-99,43.12063032109411,47.90620113947657,-4.78557081838246,3.7494300779619563,,,,,,,,,,,,,,60,100,-60,,,,,,,,,,
1737936000,102553.7,103217.8,97694.2,102024.2,76669.74400000006,101181.85375288794,103007.5626073909,160065.059,0,-95,-99,26.318373458031,39.6563279838681,-13.337954525837102,3.774974942470828,,,,,,,,,,,,,,60,100,-60,,,,,,,,,,,0,-95,-99,26.318373458031,39.6563279838681,-13.337954525837102,3.774974942470828,,,,,,,,,,,,,,60,100,-60,,,,,,,,,,
1738022400,102024.2,103800,100205.7,101278,76886.82950000005,101190.59432080721,102623.21536130403,92463.628,0,-95,-99,16.974418077904062,28.80447395234306,-11.830055874438997,1.8804685262660907,,,,,,,,,,,,,,60,100,-60,,,,,,,,,,,0,-95,-99,16.974418077904062,28.80447395234306,-11.830055874438997,1.8804685262660907,,,,,,,,,,,,,,60,100,-60,,,,,,,,,,
1738108800,101278,104777,101265.3,103700,77109.42050000007,101418.72210982474,102862.5008365698,91299.151,0,-95,-99,17.885499048020087,20.39276352798505,-2.507264479964963,5.481684777947918,,,,,,,,,,,24.660517546004044,,,60,100,-60,,,,,,,,,,,0,-95,-99,17.885499048020087,20.39276352798505,-2.507264479964963,5.481684777947918,,,,,,,,,,,24.660517546004044,,,60,100,-60,,,,,,,,,,
1738195200,103700,106421.1,103235,104684.6,77329.06450000007,101715.62009984067,103267.41176177652,71246.02,0,-95,-99,26.389723004105132,20.41654671000976,5.973176294095371,5.357911780347313,,,,,,,,,,,,,,60,100,-60,,,,,20.41654671000976,,,,,,0,-95,-99,26.389723004105132,20.41654671000976,5.973176294095371,5.357911780347313,,,,,,,,,,,,,,60,100,-60,,,,,20.41654671000976,,,,,
1738281600,104684.6,105998,101468.4,102377.6,77517.47200000007,101775.80009076424,103069.67581471507,88259.827,0,-95,-99,23.173572000750028,22.48293135095842,0.6906406497916073,4.987993447177784,,,22.48293135095842,,,,,,,31.20151385766792,,,,60,100,-60,,,,,,,,,,,0,-95,-99,23.173572000750028,22.48293135095842,0.6906406497916073,4.987993447177784,,,22.48293135095842,,,,,,,31.20151385766792,,,,60,100,-60,,,,,,,,,,
1738368000,102377.6,102735,100215.1,100576.5,77695.21950000006,101666.77280978567,102515.63674477839,47878.238,0,-95,-99,6.7756788043862635,18.77965793641381,-12.003979132027546,3.17147910482045,,,,,,,,,,,,,,60,100,-60,,,,,18.77965793641381,,,,,,0,-95,-99,6.7756788043862635,18.77965793641381,-12.003979132027546,3.17147910482045,,,,,,,,,,,,,,60,100,-60,,,,,18.77965793641381,,,,,
1738454400,100576.5,101410,95994.3,97645.7,77863.20500000006,101301.22073616879,101433.42857927208,121210.649,0,-95,-99,-15.215817727129423,4.911144359335625,-20.12696208646505,0.282597705436737,,,,,,,,,,,,,,60,100,-60,,,,,,,,,,,0,-95,-99,-15.215817727129423,4.911144359335625,-20.12696208646505,0.282597705436737,,,,,,,,,,,,,,60,100,-60,,,,,,,,,,
1738540800,97645.7,102457.8,91166.6,101294.8,78049.84500000006,101300.63703288072,101402.62222832273,255729.189,0,-95,-99,-27.877594091209787,-12.105911004650979,-15.771683086558808,1.3894284378304018,,,,,,,,,,,12.338506133516855,,,60,100,-60,,,,,,,,,,,0,-95,-99,-27.877594091209787,-12.105911004650979,-15.771683086558808,1.3894284378304018,,,,,,,,,,,12.338506133516855,,,60,100,-60,,,,,,,,,,
1738627200,101294.8,101684.7,96086.1,97706,78205.21550000008,100973.85184807339,100581.15062202878,144369.546,0,-95,-99,-34.60569360304531,-25.89970180712817,-8.70599179591714,-1.4509872532452668,,,,,,,,,,,,,,60,100,-60,,,,,,,,,,,0,-95,-99,-34.60569360304531,-25.89970180712817,-8.70599179591714,-1.4509872532452668,,,,,,,,,,,,,,60,100,-60,,,,,,,,,,
1738713600,97706,99170,96100.1,96568.5,78352.54200000007,100573.36531643035,99689.45048380016,82115.12,0,-95,-99,-42.18268228987429,-34.888656661376466,-7.2940256284978275,-2.5630699964142627,,,,,,,,,,14.850694247822702,,,,60,100,-60,,,,,,,,,,,0,-95,-99,-42.18268228987429,-34.888656661376466,-7.2940256284978275,-2.5630699964142627,,,,,,,,,,14.850694247822702,,,,60,100,-60,,,,,,,,,,
1738800000,96568.5,99099,95631.8,96500,78494.29200000007,100203.05937857305,98980.68370962235,81570.635,0,-95,-99,-46.61224054615898,-41.1335388130262,-5.47870173313278,-3.776514512187937,,,,,,,,,,,,,,60,100,-60,,,,,,,,,,,0,-95,-99,-46.61224054615898,-41.1335388130262,-5.47870173313278,-3.776514512187937,,,,,,,,,,,,,,60,100,-60,,,,,,,,,,
1738886400,96500,100120,95556.5,96440.6,78639.02700000007,99861.0176168846,98416.22066303961,121241.547,0,-95,-99,-47.47371051498934,-45.42287778367421,-2.0508327313151327,-2.507169551480273,,,,,,,,,,,,,,60,100,-60,,,,,,,,,,,0,-95,-99,-47.47371051498934,-45.42287778367421,-2.0508327313151327,-2.507169551480273,,,,,,,,,,,,,,60,100,-60,,,,,,,,,,
1738972800,96440.6,96840,95635.8,96406.8,78791.45050000008,99546.99783353145,97969.68273791969,28686.285,0,-95,-99,-50.793117188297586,-48.2930227498153,-2.500094438482286,-2.104992632456274,,,,,,,,,,,,,,60,100,-60,,,,,,,,,,,0,-95,-99,-50.793117188297586,-48.2930227498153,-2.500094438482286,-2.104992632456274,,,,,,,,,,,,,,60,100,-60,,,,,,,,,,
1739059200,96406.8,97275,94651.2,96428.6,78946.77050000007,99263.50712139223,97627.21990727088,50471.31,0,-95,-99,-52.366185011601466,-50.211004238296134,-2.1551807733053323,-3.8752478969848685,,,,,,,,,,,0.0858992577393857,,,60,100,-60,,,,,,,,,,,0,-95,-99,-52.366185011601466,-50.211004238296134,-2.1551807733053323,-3.8752478969848685,,,,,,,,,,,0.0858992577393857,,,60,100,-60,,,,,,,,,,
1739145600,96428.6,98343.4,95202.8,97384.2,79104.85350000008,99092.66101944749,97573.2154834329,69170.157,0,-95,-99,-48.91790783621458,-50.69240334537121,1.7744955091566297,-2.2559536308548616,,,,-50.69240334537121,,,,,,,,,,60,100,-60,,,,-108,-50.69240334537121,,,,,,0,-95,-99,-48.91790783621458,-50.69240334537121,1.7744955091566297,-2.2559536308548616,,,,-50.69240334537121,,,,,,,,,,60,100,-60,,,,-108,-50.69240334537121,,,,,
1739232000,97384.2,98459,94821.9,95748.6,79244.19050000008,98788.655472225,97167.74537600337,80457.239,0,-95,-99,-48.49065625496188,-49.92491636759264,1.43426011263076,-4.674868022833418,,,,,,,,,,,,,,60,100,-60,,,,,,,,,,,0,-95,-99,-48.49065625496188,-49.92491636759264,1.43426011263076,-4.674868022833418,,,,,,,,,,,,,,60,100,-60,,,,,,,,,,
1739318400,95748.6,98089.1,94001.2,97828.1,79393.82100000008,98701.33224747727,97314.49084800262,111587.153,0,-95,-99,-45.809420685001285,-47.73932825872591,1.929907573724627,-3.407848575186245,,,,,,,,,,,,,,60,100,-60,,,,,,,,,,,0,-95,-99,-45.809420685001285,-47.73932825872591,1.929907573724627,-3.407848575186245,,,,,,,,,,,,,,60,100,-60,,,,,,,,,,
1739404800,97828.1,98047,95156.1,96570.7,79535.47000000009,98507.63840679752,97149.20399289092,80790.588,0,-95,-99,-43.41377320231401,-45.90461671409239,2.4908435117783796,-6.385245256998638,,,,,,,,,,,,,,60,100,-60,,,,,,,,,,,0,-95,-99,-43.41377320231401,-45.90461671409239,2.4908435117783796,-6.385245256998638,,,,,,,,,,,,,,60,100,-60,,,,,,,,,,
1739491200,96570.7,98821,96200,97450.1,79688.93200000009,98411.49855163411,97216.06977224849,76881.887,0,-95,-99,-34.353742049780955,-41.192311979032084,6.838569929251129,-6.414626391134666,,,,,,,,,,,,,,60,100,-60,,,,,,,,,,,0,-95,-99,-34.353742049780955,-41.192311979032084,6.838569929251129,-6.414626391134666,,,,,,,,,,,,,,60,100,-60,,,,,,,,,,
1739577600,97450.1,97933,97175.8,97533.9,79845.75150000009,98331.71686512193,97286.69871174883,26626.525,0,-95,-99,-26.303083244741742,-34.69019949894557,8.387116254203825,-6.130260794286628,,,,,,,,,,,,,,60,100,-60,,,,,,,,,,,0,-95,-99,-26.303083244741742,-34.69019949894557,8.387116254203825,-6.130260794286628,,,,,,,,,,,,,,60,100,-60,,,,,,,,,,
1739664000,97533.9,97678.7,96000,96060.1,80002.97250000009,98125.20624101993,97014.12122024909,32342.895,0,-95,-99,-29.239256300136326,-29.965360531553006,0.7261042314166808,-6.100326463652584,,,,,,,,,,45.77658656839739,,,,60,100,-60,,,,,,,,,,,0,-95,-99,-29.239256300136326,-29.965360531553006,0.7261042314166808,-6.100326463652584,,,,,,,,,,45.77658656839739,,,,60,100,-60,,,,,,,,,,
1739750400,96060.1,96988.3,95160,95735,80154.9420000001,97907.91476456357,96729.87206019374,57735.557,0,-95,-99,-36.02534210179036,-30.522560548889473,-5.502781552900885,-5.577095917580311,,,,,,,,,,,,,,60,100,-60,,,,,-30.522560548889473,,,,,,0,-95,-99,-36.02534210179036,-30.522560548889473,-5.502781552900885,-5.577095917580311,,,,,,,,,,,,,,60,100,-60,,,,,-30.522560548889473,,,,,
1739836800,95735,96730.9,93318.1,95618.8,80325.7410000001,97699.81342233051,96482.96715792846,93274.024,0,-95,-99,-44.87045382429605,-36.711684075407575,-8.158769748888474,-5.81155319969497,,,,,,,,,,,,,,60,100,-60,,,,,,,,,,,0,-95,-99,-44.87045382429605,-36.711684075407575,-8.158769748888474,-5.81155319969497,,,,,,,,,,,,,,60,100,-60,,,,,,,,,,
1739923200,95618.8,96897.1,95008.6,96616.4,80505.4130000001,97601.32129302774,96512.61890061102,64324.738,0,-95,-99,-41.92771331664378,-40.94116974757673,-0.9865435690670523,-4.088849850547744,,,,-40.94116974757673,,,,,,,33.57803199748675,,,60,100,-60,,,,,,,,-106,,,0,-95,-99,-41.92771331664378,-40.94116974757673,-0.9865435690670523,-4.088849850547744,,,,-40.94116974757673,,,,,,,33.57803199748675,,,60,100,-60,,,,,,,,-106,,
1740009600,96616.4,98680.8,96386.5,98246.7,80705.98850000011,97659.99208457067,96897.97025603079,64910.439,0,-95,-99,-23.522096554201468,-36.77342123171376,13.251324677512294,-0.6839317793457422,,,,,,,,,,,,,,60,100,-60,,,,-108,-36.77342123171376,,,,,,0,-95,-99,-23.522096554201468,-36.77342123171376,13.251324677512294,-0.6839317793457422,,,,,,,,,,,,,,60,100,-60,,,,-108,-36.77342123171376,,,,,
1740096000,98246.7,99454.2,94832.2,96198.4,80917.0395000001,97527.12007688242,96742.51019913505,112570.181,0,-95,-99,-19.027899668888406,-28.15923651324455,9.131336844356145,-1.6011574439849108,,,,,,,,,,,,,,60,100,-60,,,,,,,,,,,0,-95,-99,-19.027899668888406,-28.15923651324455,9.131336844356145,-1.6011574439849108,,,,,,,,,,,,,,60,100,-60,,,,,,,,,,
1740182400,96198.4,97056,95814.8,96554.4,81119.8625000001,97438.69097898401,96700.70793266059,23662.335,0,-95,-99,-19.99632934920681,-20.84877519076556,0.852445841558751,-2.483247284249683,,,,,,,,,,64.85284065314873,,,,60,100,-60,,,,,,,,,,,0,-95,-99,-19.99632934920681,-20.84877519076556,0.852445841558751,-2.483247284249683,,,,,,,,,,64.85284065314873,,,,60,100,-60,,,,,,,,,,
1740268800,96554.4,96637,95254,96262.6,81325.6280000001,97331.7736172582,96603.35061429157,25444.11,0,-95,-99,-25.945515171016357,-21.656581396370527,-4.28893377464583,-3.9687241792052523,,,,,,,,,,,,,,60,100,-60,,,,,-21.656581396370527,,,,,,0,-95,-99,-25.945515171016357,-21.656581396370527,-4.28893377464583,-3.9687241792052523,,,,,,,,,,,,,,60,100,-60,,,,,-21.656581396370527,,,,,
1740355200,96262.6,96536.3,91258.7,91478.2,81474.6680000001,96799.63056114381,95464.42825556011,89033.48,0,-95,-99,-49.559279639686345,-31.833708053303173,-17.72557158638317,-4.3327575946302135,,,,,,,,,,,,,,60,100,-60,,,,,,,,,,,0,-95,-99,-49.559279639686345,-31.833708053303173,-17.72557158638317,-4.3327575946302135,,,,,,,,,,,,,,60,100,-60,,,,,,,,,,
1740441600,91478.2,92520.9,86055.5,88665.3,81613.9200000001,96060.1459646762,93953.51086543564,189365.27,0,-95,-99,-71.03923502002158,-48.84800994357476,-22.19122507644682,-4.51494884166442,,,,,,,,,,,,,,60,100,-60,,,,,,,,,,,0,-95,-99,-71.03923502002158,-48.84800994357476,-22.19122507644682,-4.51494884166442,,,,,,,,,,,,,,60,100,-60,,,,,,,,,,
1740528000,88665.3,89389.9,82055.6,84208.6,81730.49450000009,94982.73269516017,91787.97511756106,195900.683,0,-95,-99,-85.36760038566824,-68.65537168179206,-16.71222870387618,-7.575466123775958,,,,,,,24.09336747161545,,,,,,,60,100,-60,,,,,,,,,,,0,-95,-99,-85.36760038566824,-68.65537168179206,-16.71222870387618,-7.575466123775958,,,,,,,24.09336747161545,,,,,,,60,100,-60,,,,,,,,,,
1740614400,84208.6,87043.6,82670,84686,81860.4075000001,94046.66608650924,90209.75842476971,126880.481,0,-95,-99,-89.78234201758373,-82.06305914109119,-7.719282876492542,-5.662668126929589,,,,,,,,,,,,,,60,100,-60,,,,,,,,,,,0,-95,-99,-89.78234201758373,-82.06305914109119,-7.719282876492542,-5.662668126929589,,,,,,,,,,,,,,60,100,-60,,,,,,,,,,
1740700800,84686,85124.4,78210.5,84307.6,81985.3650000001,93161.29644228113,88898.16766370977,239355.37,0,-95,-99,-92.24126739597139,-89.13040326640778,-3.110864129563609,-5.121030575928126,,,,,,,,,,,2.832145296805372,,,60,100,-60,,,,,,,,,,,0,-95,-99,-92.24126739597139,-89.13040326640778,-3.110864129563609,-5.121030575928126,,,,,,,,,,,2.832145296805372,,,60,100,-60,,,,,,,,,,
1740787200,84307.6,86533.3,83760.9,86024.4,82112.6930000001,92512.48767480103,88259.55262732982,66059.7,0,-95,-99,-85.98274516204813,-89.3354515252011,3.3527063631529614,-4.028312319911548,,-89.3354515252011,,-89.3354515252011,,,,,,,,,,60,100,-60,,,,,-89.3354515252011,-107,,,,,0,-95,-99,-85.98274516204813,-89.3354515252011,3.3527063631529614,-4.028312319911548,,-89.3354515252011,,-89.3354515252011,,,,,,,,,,60,100,-60,,,,,-89.3354515252011,-107,,,,
1740873600,86024.4,95058.7,85007.7,94259.7,82290.7530000001,92671.32515891003,89592.91871014542,162682.619,0,-95,-99,-66.46198847281055,-81.56200034361002,15.100011870799477,-3.095574145711089,,,,,,,,,,,,,,60,100,-60,,,,,,,,,,,0,-95,-99,-66.46198847281055,-81.56200034361002,15.100011870799477,-3.095574145711089,,,,,,,,,,,,,,60,100,-60,,,,,,,,,,
1740960000,94259.7,94414.2,85023.4,86165.3,82434.0000000001,92079.86832628184,88831.22566344643,201810.407,0,-95,-99,-57.91211961044772,-70.1189510817688,12.206831471321081,-6.959413722165743,,,,,,,,,,,,,,60,100,-60,,,,,,,,,,,0,-95,-99,-57.91211961044772,-70.1189510817688,12.206831471321081,-6.959413722165743,,,,,,,,,,,,,,60,100,-60,,,,,,,,,,
1741046400,86165.3,88946,81413.7,87260.1,82576.0505000001,91641.70756934713,88482.086627125,209395.733,0,-95,-99,-57.75560964026323,-60.70990590784049,2.954296267577263,-7.617115969715472,,,,,,,,,,,,,,60,100,-60,,,,,,,,,,,0,-95,-99,-57.75560964026323,-60.70990590784049,2.954296267577263,-7.617115969715472,,,,,,,,,,,,,,60,100,-60,,,,,,,,,,
1741132800,87260.1,90975,86350.8,90567.8,82731.5140000001,91544.07960849738,88945.5784877639,119599.5,0,-95,-99,-45.95297303924473,-53.87356742998522,7.92059439074049,-5.899486463356531,,,,,,,,,,,,,,60,100,-60,,,,,,,,,,,0,-95,-99,-45.95297303924473,-53.87356742998522,7.92059439074049,-5.899486463356531,,,,,,,,,,,,,,60,100,-60,,,,,,,,,,
1741219200,90567.8,92781.6,87800.1,89899.6,82888.9800000001,91394.58146227035,89157.5832682608,129667.137,0,-95,-99,-33.16600058048588,-45.6248610866646,12.458860506178723,-6.488005518745194,,,,,,,,,,,,,,60,100,-60,,,,,,,,,,,0,-95,-99,-33.16600058048588,-45.6248610866646,12.458860506178723,-6.488005518745194,,,,,,,,,,,,,,60,100,-60,,,,,,,,,,
1741305600,89899.6,91279.5,84594.7,86758.5,83025.75300000008,90973.11951115486,88624.45365309174,232396.768,0,-95,-99,-33.54051390317607,-37.553162507635555,4.012648604459486,-9.747764104710129,,,,,,,,,,75.57112135744353,,,,60,100,-60,,,,,,,,,,,0,-95,-99,-33.54051390317607,-37.553162507635555,4.012648604459486,-9.747764104710129,,,,,,,,,,75.57112135744353,,,,60,100,-60,,,,,,,,,,
1741392000,86758.5,86886.3,85185.9,86187.2,83161.7990000001,90538.03591923168,88082.84173018247,41751.928,0,-95,-99,-38.65480451942138,-35.120439667694434,-3.5343648517269486,-8.585118175725924,,,,,,,,,,,,,,60,100,-60,,,,,-35.120439667694434,,,,,,0,-95,-99,-38.65480451942138,-35.120439667694434,-3.5343648517269486,-8.585118175725924,,,,,,,,,,,,,,60,100,-60,,,,,-35.120439667694434,,,,,
1741478400,86187.2,86485,79913.4,80692.3,83259.6575000001,89642.96901748335,86440.49912347525,111452.862,0,-95,-99,-51.26985321776819,-41.1550572134552,-10.114796004312986,-9.70255876873452,,,,,,,,,,,,,,60,100,-60,,,,,,,,,,,0,-95,-99,-51.26985321776819,-41.1550572134552,-10.114796004312986,-9.70255876873452,,,,,,,,,,,,,,60,100,-60,,,,,,,,,,
1741564800,80692.3,84050,77403.1,78563.2,83350.6970000001,88635.71728862124,84689.98820714741,201636.174,0,-95,-99,-61.521969943995536,-50.482209227061695,-11.039760716933841,-9.008612388835203,,,,,,,,,,,,,,60,100,-60,,,,,,,,,,,0,-95,-99,-61.521969943995536,-50.482209227061695,-11.039760716933841,-9.008612388835203,,,,,,,,,,,,,,60,100,-60,,,,,,,,,,
1741651200,78563.2,83622.9,76545,82889.2,83445.1180000001,88113.3066260193,84289.81305000355,181108.547,0,-95,-99,-63.565767831335904,-58.78586366436654,-4.7799041669693665,-8.946312842607076,,,,,,,,,,,45.026113344867014,,,60,100,-60,,,,,,,,,,,0,-95,-99,-63.565767831335904,-58.78586366436654,-4.7799041669693665,-8.946312842607076,,,,,,,,,,,45.026113344867014,,,60,100,-60,,,,,,,,,,
1741737600,82889.2,84489.8,80534.6,83649.9,83542.7160000001,87707.54238729028,84147.61015000276,146745.492,0,-95,-99,-58.83275114940987,-61.306829641580435,2.4740784921705625,-8.22469811545303,,,,-61.306829641580435,,,,,,,,,,60,100,-60,,,,,-61.306829641580435,-107,,-106,,,0,-95,-99,-58.83275114940987,-61.306829641580435,2.4740784921705625,-8.22469811545303,,,,-61.306829641580435,,,,,,,,,,60,100,-60,,,,,-61.306829641580435,-107,,-106,,
1741824000,83649.9,84343.2,79888,81072.3,83627.1730000001,87104.33853390026,83464.20789444659,110846.373,0,-95,-99,-57.46992301158469,-59.956147330776815,2.486224319192125,-9.587666174684632,,,,,,,,,,,,,,60,100,-60,,,,,,,,,,,0,-95,-99,-57.46992301158469,-59.956147330776815,2.486224319192125,-9.587666174684632,,,,,,,,,,,,,,60,100,-60,,,,,,,,,,
1741910400,81072.3,85299.9,80766.6,83948.3,83732.85450000009,86817.42593990933,83571.78391790291,102811.84,0,-95,-99,-50.32128469241983,-55.54131961780479,5.220034925384958,-8.000968626557817,,,,,,,,,,,,,,60,100,-60,,,,,,,,,,,0,-95,-99,-50.32128469241983,-55.54131961780479,5.220034925384958,-8.000968626557817,,,,,,,,,,,,,,60,100,-60,,,,,,,,,,
1741996800,83948.3,84661.8,83591.8,84308.4,83857.5630000001,86589.33267264484,83735.47638059115,31601.013,0,-95,-99,-40.48157812944416,-49.424261944482886,8.942683815038727,-8.803144087962995,,,,,,,,,,,,,,60,100,-60,,,,,,,,,,,0,-95,-99,-40.48157812944416,-49.424261944482886,8.942683815038727,-8.803144087962995,,,,,,,,,,,,,,60,100,-60,,,,,,,,,,
1742083200,84308.4,85136,81934.4,82528.5,83975.14000000009,86220.16606604077,83467.25940712645,85945.914,0,-95,-99,-37.36612782403678,-42.722996881966914,5.356869057930133,-12.511643095812003,,,,,,,,,,,,,,60,100,-60,,,,,,,,,,,0,-95,-99,-37.36612782403678,-42.722996881966914,5.356869057930133,-12.511643095812003,,,,,,,,,,,,,,60,100,-60,,,,,,,,,,
1742169600,82528.5,84728.5,82400.7,83955.1,84098.33650000009,86014.25096912797,83575.66842776502,85305.153,0,-95,-99,-31.544873465622928,-36.46419313970128,4.919319674078352,-10.616442983659779,,,,,,,,,,,,,,60,100,-60,,,,,,,,,,,0,-95,-99,-31.544873465622928,-36.46419313970128,4.919319674078352,-10.616442983659779,,,,,,,,,,,,,,60,100,-60,,,,,,,,,,
1742256000,83955.1,83975.1,81093.6,82675.7,84216.2105000001,85710.74633557088,83375.67544381724,82150.3,0,-95,-99,-34.25171739168996,-34.387572893783215,0.13585550209325703,-13.46216083429255,,,,,,,,,,,,,,60,100,-60,,,,,,,,,,,0,-95,-99,-34.25171739168996,-34.387572893783215,0.13585550209325703,-13.46216083429255,,,,,,,,,,,,,,60,100,-60,,,,,,,,,,
1742342400,82675.7,86970,82475.5,86792.3,84355.4500000001,85809.06939597352,84134.92534519118,112044.904,0,-95,-99,-16.402822787701467,-27.39980454833811,10.996981760636643,-11.605609708976575,,,,,,,,,,,,,,60,100,-60,,,,,,,,,,,0,-95,-99,-16.402822787701467,-27.39980454833811,10.996981760636643,-11.605609708976575,,,,,,,,,,,,,,60,100,-60,,,,,,,,,,
1742428800,86792.3,87400,83605.8,84168.9,84489.9640000001,85659.96308724866,84142.47526848203,109032.046,0,-95,-99,-5.709107712780783,-18.787882630724063,13.07877491794328,-12.167405473871833,,,,,,,,,,,,,,60,100,-60,,,,,,,,,,,0,-95,-99,-5.709107712780783,-18.787882630724063,13.07877491794328,-12.167405473871833,,,,,,,,,,,,,,60,100,-60,,,,,,,,,,
1742515200,84168.9,84800,83136.3,84054.6,84614.6535000001,85514.02098840788,84122.94743104158,70320.233,0,-95,-99,-5.650674960687842,-9.254201820390021,3.6035268597021792,-12.565920738271963,,,,,,,,,,84.8515796323214,,,,60,100,-60,,,,,,,,,,,0,-95,-99,-5.650674960687842,-9.254201820390021,3.6035268597021792,-12.565920738271963,,,,,,,,,,84.8515796323214,,,,60,100,-60,,,,,,,,,,
1742601600,84054.6,84500,83616,83805.9,84746.4320000001,85358.73726218898,84052.49244636568,20904.393,0,-95,-99,-5.819774965534139,-5.726519213000913,-0.09325575253322604,-14.602458128624951,,,,,,,,,,,,,,60,100,-60,,,,,-5.726519213000913,,,,,,0,-95,-99,-5.819774965534139,-5.726519213000913,-0.09325575253322604,-14.602458128624951,,,,,,,,,,,,,,60,100,-60,,,,,-5.726519213000913,,,,,
1742688000,83805.9,86088,83753.2,86037.8,84886.9320000001,85420.47023835362,84493.67190272886,42927.46,0,-95,-99,7.164879592733421,-1.435190111162844,8.600069703896265,-10.211842745557192,,,,,,,,,,,,,,60,100,-60,,,,,-1.435190111162844,,,,,,0,-95,-99,7.164879592733421,-1.435190111162844,8.600069703896265,-10.211842745557192,,,,,,,,,,,,,,60,100,-60,,,,,-1.435190111162844,,,,,
1742774400,86037.8,88740,85488.4,87459.9,85043.4790000001,85605.87294395783,85152.83370212244,109599.07,0,-95,-99,27.120897540717763,9.488667389305691,17.632230151412074,-9.203115528114498,,,,,,,,,,,,,,60,100,-60,,,,,,,,,,,0,-95,-99,27.120897540717763,9.488667389305691,17.632230151412074,-9.203115528114498,,,,,,,,,,,,,,60,100,-60,,,,,,,,,,
1742860800,87459.9,88500,86261,87362.4,85210.62100000009,85765.55722177985,85643.84843498412,87141.336,0,-95,-99,38.52060600914352,24.268794380864914,14.251811628278606,-9.841539690731476,,,,,,,,,,,,,,60,100,-60,,,,,,,,,,,0,-95,-99,38.52060600914352,24.268794380864914,14.251811628278606,-9.841539690731476,,,,,,,,,,,,,,60,100,-60,,,,,,,,,,
1742947200,87362.4,88284,85800.1,86860.8,85374.2275000001,85865.1247470726,85914.28211609875,87396.784,0,-95,-99,42.642502883464836,36.09466881110871,6.547834072356125,-10.163409977274778,,,,,,,,,,96.02048508947229,,,,60,100,-60,,,,,,,,,,,0,-95,-99,42.642502883464836,36.09466881110871,6.547834072356125,-10.163409977274778,,,,,,,,,,96.02048508947229,,,,60,100,-60,,,,,,,,,,
1743033600,86860.8,87727.9,85695.4,87181.7,85535.88600000009,85984.81340642963,86195.93053474347,82696.83,0,-95,-99,43.851498390157644,41.67153576092201,2.179962629235632,-8.04931094951192,,,41.67153576092201,,,,,,,,,,,60,100,-60,,,,,,,,,,,0,-95,-99,43.851498390157644,41.67153576092201,2.179962629235632,-8.04931094951192,,,41.67153576092201,,,,,,,,,,,60,100,-60,,,,,,,,,,
1743120000,87181.7,87479.4,83545,84375,85672.68850000009,85838.46673311785,85791.27930480048,109805.483,0,-95,-99,31.170082940233424,39.22136140461864,-8.051278464385216,-9.593093310561176,,,,,,,,,,,,,,60,100,-60,108,,108,,39.22136140461864,,,,,,0,-95,-99,31.170082940233424,39.22136140461864,-8.051278464385216,-9.593093310561176,,,,,,,,,,,,,,60,100,-60,108,,108,,39.22136140461864,,,,,
1743206400,84375,84573.8,81602.9,82603.9,85797.6065000001,85544.41521192531,85082.97279262259,69080.844,0,-95,-99,8.99596638184029,28.005849237410462,-19.009882855570172,-10.564450377990827,,,,,,,,,,,,,,60,100,-60,,,,,,,,,,,0,-95,-99,8.99596638184029,28.005849237410462,-19.009882855570172,-10.564450377990827,,,,,,,,,,,,,,60,100,-60,,,,,,,,,,
1743292800,82603.9,83496.8,81510,82347.9,85922.7940000001,85253.8229199321,84475.17883870646,56401.758,0,-95,-99,-7.287939325687379,10.959369998795458,-18.247309324482835,-12.6108125347545,,,,,,,,,,,,,,60,100,-60,,,,,,,,,,,0,-95,-99,-7.287939325687379,10.959369998795458,-18.247309324482835,-12.6108125347545,,,,,,,,,,,,,,60,100,-60,,,,,,,,,,
1743379200,82347.9,83895.7,81212.3,82504.4,86044.79200000009,85003.87538175646,84037.22798566057,110684.793,0,-95,-99,-17.360374585664523,-5.21744917650386,-12.142925409160664,-13.237583324803792,,,,,,,,,,,11.744694209268166,,,60,100,-60,,,,,,,,,,,0,-95,-99,-17.360374585664523,-5.21744917650386,-12.142925409160664,-13.237583324803792,,,,,,,,,,,11.744694209268166,,,60,100,-60,,,,,,,,,,
1743465600,82504.4,85555,82375.6,85130.5,86168.1130000001,85015.38671068769,84280.17732218045,104582.987,0,-95,-99,-13.897784828735018,-12.848699580028963,-1.0490852487060547,-9.899358449682113,,,,,,,,,,,,,,60,100,-60,,,,,,,,,,,0,-95,-99,-13.897784828735018,-12.848699580028963,-1.0490852487060547,-9.899358449682113,,,,,,,,,,,,,,60,100,-60,,,,,,,,,,
1743552000,85130.5,88560.1,82281.9,82468.1,86280.6135000001,84783.81519153426,83877.49347280702,182871.38,0,-95,-99,-10.333895291660145,-13.86401823535322,3.5301229436930743,-9.172658470035898,,,,,,,,,,,,,,60,100,-60,,,,,-13.86401823535322,,,,,,0,-95,-99,-10.333895291660145,-13.86401823535322,3.5301229436930743,-9.172658470035898,,,,,,,,,,,,,,60,100,-60,,,,,-13.86401823535322,,,,,
1743638400,82468.1,83888,81146,83175.2,86400.98350000009,84637.57744684933,83721.42825662768,112771.731,0,-95,-99,-20.57142721654577,-14.934369112313645,-5.637058104232127,-7.175046448798842,,,,,,,,,,,,,,60,100,-60,,,,,-14.934369112313645,,,,,,0,-95,-99,-20.57142721654577,-14.934369112313645,-5.637058104232127,-7.175046448798842,,,,,,,,,,,,,,60,100,-60,,,,,-14.934369112313645,,,,,
1743724800,83175.2,84736,81605,83862.1,86529.3690000001,84567.07949713575,83752.68864404375,177059.417,0,-95,-99,-22.383931206592894,-17.763084571599602,-4.620846634993292,-7.43453171590136,,,,,,,,,,,,,,60,100,-60,,,,,,,,,,,0,-95,-99,-22.383931206592894,-17.763084571599602,-4.620846634993292,-7.43453171590136,,,,,,,,,,,,,,60,100,-60,,,,,,,,,,
1743811200,83862.1,84244,82343,83496.7,86645.47700000009,84469.77227012342,83695.80227870069,45495.798,0,-95,-99,-23.829204635494303,-22.261521019544322,-1.5676836159499814,-6.312524782590675,,,,,,,,,,39.81096860126574,,,,60,100,-60,,,,,,,,,,,0,-95,-99,-23.829204635494303,-22.261521019544322,-1.5676836159499814,-6.312524782590675,,,,,,,,,,39.81096860126574,,,,60,100,-60,,,,,,,,,,
1743897600,83496.7,83774.3,77083.5,78376.1,86728.6390000001,83915.80206374856,82513.6462167672,136446.269,0,-95,-99,-45.15465356745359,-30.455929803180265,-14.698723764273328,-7.299490535411348,,,,,,,,,,,,,,60,100,-60,,,,,,,,,,,0,-95,-99,-45.15465356745359,-30.455929803180265,-14.698723764273328,-7.299490535411348,,,,,,,,,,,,,,60,100,-60,,,,,,,,,,
1743984000,78376.1,81216.8,74456.2,79144.1,86809.7455000001,83482.01096704415,81764.85816859671,292737.153,0,-95,-99,-59.508167853019344,-42.83067535198908,-16.677492501030265,-6.966100633957852,,,,,,,,,,,,,,60,100,-60,,,,,,,,,,,0,-95,-99,-59.508167853019344,-42.83067535198908,-16.677492501030265,-6.966100633957852,,,,,,,,,,,,,,60,100,-60,,,,,,,,,,
1744070400,79144.1,80833.6,76200.9,76286.9,86875.31100000009,82827.90997004013,80547.53413113077,145001.902,0,-95,-99,-66.76296357915481,-57.14192833320925,-9.621035245945563,-8.47542525582897,,,,,,,,,,,11.314716576038933,,,60,100,-60,,,,,,,,,,,0,-95,-99,-66.76296357915481,-57.14192833320925,-9.621035245945563,-8.47542525582897,,,,,,,,,,,11.314716576038933,,,60,100,-60,,,,,,,,,,
1744156800,76286.9,83560,74565.9,82593.9,86971.7230000001,82806.63633640012,81002.2821019906,270111.176,0,-95,-99,-60.63251321274601,-62.30121488164006,1.6687016688940446,-6.6521604931446,,,,-62.30121488164006,,,,,,,,,,60,100,-60,,,,,-62.30121488164006,-107,,,,,0,-95,-99,-60.63251321274601,-62.30121488164006,1.6687016688940446,-6.6521604931446,,,,-62.30121488164006,,,,,,,,,,60,100,-60,,,,,-62.30121488164006,-107,,,,
1744243200,82593.9,82719.2,78422,79557.5,87051.76100000012,82511.26030581829,80681.21941265935,139324.086,0,-95,-99,-55.169221373057404,-60.85489938831941,5.685678015262006,-8.439431009107015,,,,,,,,,,,,,,60,100,-60,,,,,,,,,,,0,-95,-99,-55.169221373057404,-60.85489938831941,5.685678015262006,-8.439431009107015,,,,,,,,,,,,,,60,100,-60,,,,,,,,,,
1744329600,79557.5,84288,78928.2,83382.8,87152.1455000001,82590.49118710753,81281.57065429061,134077.874,0,-95,-99,-39.210660369827615,-51.67079831854368,12.460137948716067,-7.415858671692602,,,,,,,,,,,,,,60,100,-60,,,,,,,,,,,0,-95,-99,-39.210660369827615,-51.67079831854368,12.460137948716067,-7.415858671692602,,,,,,,,,,,,,,60,100,-60,,,,,,,,,,
1744416000,83382.8,85888,82753.3,85238.4,87257.09450000011,82831.21017009775,82160.86606444826,71841.926,0,-95,-99,-16.789005620200776,-37.05629578769526,20.267290167494487,-4.81172489926547,,,,,,,,,,,,,,60,100,-60,,,,,,,,,,,0,-95,-99,-16.789005620200776,-37.05629578769526,20.267290167494487,-4.81172489926547,,,,,,,,,,,,,,60,100,-60,,,,,,,,,,
1744502400,85238.4,86099,82953.1,83716.8,87360.02800000011,82911.7183364525,82506.62916123754,89899.368,0,-95,-99,-3.065109107256635,-19.688258365761673,16.623149258505038,-7.292658808738677,,,,,,,,,,,,,,60,100,-60,,,,,,,,,,,0,-95,-99,-3.065109107256635,-19.688258365761673,16.623149258505038,-7.292658808738677,,,,,,,,,,,,,,60,100,-60,,,,,,,,,,
1744588800,83716.8,85771.1,83637.5,84547.4,87457.03600000011,83060.41666950227,82960.13379207364,99376.677,0,-95,-99,8.027602620149302,-3.9421707024360373,11.96977332258534,-5.232043455190718,,,,,,,,,,92.98857216299568,,,,60,100,-60,,,,,,,,,,,0,-95,-99,8.027602620149302,-3.9421707024360373,11.96977332258534,-5.232043455190718,,,,,,,,,,92.98857216299568,,,,60,100,-60,,,,,,,,,,
1744675200,84547.4,86444,83518.5,83603.7,87546.3220000001,83109.80606318389,83103.14850494616,98576.772,0,-95,-99,15.081807093695243,6.681433535529302,8.400373558165942,-6.877288782184594,,,,,,,,,,,,,,60,100,-60,,,,,,,,,,,0,-95,-99,15.081807093695243,6.681433535529302,8.400373558165942,-6.877288782184594,,,,,,,,,,,,,,60,100,-60,,,,,,,,,,
1744761600,83603.7,85522.7,83055,83986,87637.1370000001,83189.4600574399,83299.33772606924,99113.798,0,-95,-99,18.381523229121807,13.830310980988784,4.551212248133023,-6.766662046834619,,,,,,,,,,,,,,60,100,-60,,,,,,,,,,,0,-95,-99,18.381523229121807,13.830310980988784,4.551212248133023,-6.766662046834619,,,,,,,,,,,,,,60,100,-60,,,,,,,,,,
1744848000,83986,85455.8,83677.4,84906.5,87733.8110000001,83345.55459767263,83656.48489805385,68592.203,0,-95,-99,23.108788841322664,18.857373054713236,4.251415786609428,-3.2778086617298863,,,,,,,,,,,89.9480170418897,,,60,100,-60,,,,,,,,,,,0,-95,-99,23.108788841322664,18.857373054713236,4.251415786609428,-3.2778086617298863,,,,,,,,,,,89.9480170418897,,,60,100,-60,,,,,,,,,,
1744934400,84906.5,85104.7,84250,84419.6,87839.52500000011,83443.1950887933,83826.06603181966,26057.113,0,-95,-99,25.66179940916966,22.384037159871372,3.277762249298288,-4.257453943459051,,,,,,,,,,,,,,60,100,-60,,,,,,,,,,,0,-95,-99,25.66179940916966,22.384037159871372,3.277762249298288,-4.257453943459051,,,,,,,,,,,,,,60,100,-60,,,,,,,,,,
1745020800,84419.6,85644.6,84324.1,85048.5,87960.8175000001,83589.13189890301,84097.71802474862,36278.131,0,-95,-99,29.59390499355032,26.121497748014217,3.472407245536104,-2.981685739456865,,,,,,,,,,,,,,60,100,-60,,,,,,,,,,,0,-95,-99,29.59390499355032,26.121497748014217,3.472407245536104,-2.981685739456865,,,,,,,,,,,,,,60,100,-60,,,,,,,,,,
1745107200,85048.5,85290,83882.7,85145.5,88083.4575000001,83730.61990809365,84330.55846369338,40286.034,0,-95,-99,30.392191882989998,28.549298761903326,1.8428931210866715,-4.12999479198772,,,,,,,,,,,,,,60,100,-60,,,,,,,,,,,0,-95,-99,30.392191882989998,28.549298761903326,1.8428931210866715,-4.12999479198772,,,,,,,,,,,,,,60,100,-60,,,,,,,,,,
1745193600,85145.5,88442.9,85106.1,87471.1,88217.1835000001,84070.6635528124,85028.45658287263,129404.128,0,-95,-99,42.883004818978854,34.28970056517306,8.593304253805798,-4.164074643367587,,,,,,,,,,,,,,60,100,-60,,,,,,,,,,,0,-95,-99,42.883004818978854,34.28970056517306,8.593304253805798,-4.164074643367587,,,,,,,,,,,,,,60,100,-60,,,,,,,,,,
1745280000,87471.1,94000,87013.6,93400,88373.8640000001,84918.78504801127,86888.7995644565,153373.788,0,-95,-99,61.895341820022054,45.056846173996966,16.838495646025088,-0.9345805865952093,,,,,,,,,,,,,,60,100,-60,,,,,,,,,,,0,-95,-99,61.895341820022054,45.056846173996966,16.838495646025088,-0.9345805865952093,,,,,,,,,,,,,,60,100,-60,,,,,,,,,,
1745366400,93400,94722.9,91911.8,93635.2,88531.86500000009,85711.18640728298,88387.99966124394,113972.919,0,-95,-99,73.14353424788808,59.307293628963,13.836240618925082,-1.4424578174059508,,,,,,,,,,,,,,60,100,-60,,,,,,,,,,,0,-95,-99,73.14353424788808,59.307293628963,13.836240618925082,-1.4424578174059508,,,,,,,,,,,,,,60,100,-60,,,,,,,,,,
1745452800,93635.2,93985.8,91631.5,93945.5,88687.6280000001,86459.76037025725,89622.99973652307,78591.272,0,-95,-99,76.24571066199393,70.42819557663469,5.817515085359233,-0.5854778552935975,,,,,,,,,,,,,,60,100,-60,,,,,,,,,,,0,-95,-99,76.24571066199393,70.42819557663469,5.817515085359233,-0.5854778552935975,,,,,,,,,,,,,,60,100,-60,,,,,,,,,,
1745539200,93945.5,95724.5,92775.6,94596.2,88849.65300000011,87199.43670023387,90728.15535062905,96457.158,0,-95,-99,77.90003193229843,75.76309228072681,2.1369396515716232,2.2325395990840313,,,,,,69.08070547220659,,,,100,,,,60,100,-60,,,,,,,,,,,0,-95,-99,77.90003193229843,75.76309228072681,2.1369396515716232,2.2325395990840313,,,,,,69.08070547220659,,,,100,,,,60,100,-60,,,,,,,,,,
1745625600,94596.2,95150,93839.8,94578.3,89011.9410000001,87870.24245475806,91583.74305048927,31062.83,0,-95,-99,76.81888716094844,76.9882099184136,-0.16932275746516723,3.2860588980871483,76.9882099184136,,76.9882099184136,,,,,,,,,,,60,100,-60,,,108,,76.9882099184136,,105,,,,0,-95,-99,76.81888716094844,76.9882099184136,-0.16932275746516723,3.2860588980871483,76.9882099184136,,76.9882099184136,,,,,,,,,,,60,100,-60,,,108,,76.9882099184136,,105,,,
1745712000,94578.3,95279.4,93538.4,93700,89177.4025000001,88400.22041341642,92054.02237260276,40006.779,0,-95,-99,73.29044426411666,76.00312111912119,-2.7126768550045313,3.543987735173837,,,,,,,,,,,,,,60,100,-60,,,,,,,,,,,0,-95,-99,73.29044426411666,76.00312111912119,-2.7126768550045313,3.543987735173837,,,,,,,,,,,,,,60,100,-60,,,,,,,,,,
1745798400,93700,95564.8,92750,94969.7,89350.7730000001,88997.44583037857,92701.9507342466,97921.402,0,-95,-99,69.71932237286492,73.27621793264335,-3.5568955597784253,4.398800425440776,,,,,,,,,,,,,,60,100,-60,,,,,,,,,,,0,-95,-99,69.71932237286492,73.27621793264335,-3.5568955597784253,4.398800425440776,,,,,,,,,,,,,,60,100,-60,,,,,,,,,,
1745884800,94969.7,95444.3,93682,94200,89509.2750000001,89470.40530034415,93034.85057108068,82182.126,0,-95,-99,65.72529104386912,69.57835256028358,-3.8530615164144564,3.4437292872582814,,,,,,,,,,,,,,60,100,-60,,,,,,,,,,,0,-95,-99,65.72529104386912,69.57835256028358,-3.8530615164144564,3.4437292872582814,,,,,,,,,,,,,,60,100,-60,,,,,,,,,,
1745971200,94200,95187.5,92852.4,94118,89663.9775000001,89892.91390940377,93275.55044417386,81712.744,0,-95,-99,60.47220263416632,65.30560535030013,-4.833402716133804,1.8078214596702553,,,,,,,,,,,,,,60,100,-60,,,,,,,,,,,0,-95,-99,60.47220263416632,65.30560535030013,-4.833402716133804,1.8078214596702553,,,,,,,,,,,,,,60,100,-60,,,,,,,,,,
1746057600,94118,97383.1,94070.7,96430.9,89831.93850000009,90487.27628127615,93976.73923435745,97422.49,0,-95,-99,61.17340973590972,62.4569678046484,-1.283558068738678,1.5050807930055088,,,,,,,,,,,86.66894983635976,,,60,100,-60,,,,,,,,,,,0,-95,-99,61.17340973590972,62.4569678046484,-1.283558068738678,1.5050807930055088,,,,,,,,,,,86.66894983635976,,,60,100,-60,,,,,,,,,,
1746144000,96430.9,97868,96306.9,96833.5,89985.7055000001,91064.20571025104,94611.57496005579,74214.127,0,-95,-99,62.85800059179746,61.50120432062452,1.3567962711729464,4.304693461998162,,,,,,70.06668493913747,,,,,,,,60,100,-60,,,,,61.50120432062452,,,,,,0,-95,-99,62.85800059179746,61.50120432062452,1.3567962711729464,4.304693461998162,,,,,,70.06668493913747,,,,,,,,60,100,-60,,,,,61.50120432062452,,,,,
1746230400,96833.5,96865,95700.1,95815.5,90129.49600000009,91496.14155477368,94879.11385782117,34455.872,0,-95,-99,59.861183848446586,61.29753139205127,-1.4363475436046826,1.7565881480690964,,,,,,,,,,91.65614055030939,,,,60,100,-60,,,108,,61.29753139205127,,105,,,,0,-95,-99,59.861183848446586,61.29753139205127,-1.4363475436046826,1.7565881480690964,,,,,,,,,,91.65614055030939,,,,60,100,-60,,,108,,61.29753139205127,,105,,,
1746316800,95815.5,96257,94100,94224.1,90262.64100000009,91744.13777706698,94733.5552227498,45488.863,0,-95,-99,51.91093022234125,58.210038220861776,-6.299107998520526,-1.8761270157130898,,,,,,,,,,,,,,60,100,-60,,,,,,,,,,,0,-95,-99,51.91093022234125,58.210038220861776,-6.299107998520526,-1.8761270157130898,,,,,,,,,,,,,,60,100,-60,,,,,,,,,,
1746403200,94224.1,95149,93460.2,94698.7,90399.1825000001,92012.73434278816,94725.80961769429,82848.039,0,-95,-99,43.00138536804331,51.59116647961039,-8.589781111567085,-0.8382163827995581,,,,,,,,,,,,,,60,100,-60,,,,,,,,,,,0,-95,-99,43.00138536804331,51.59116647961039,-8.589781111567085,-0.8382163827995581,,,,,,,,,,,,,,60,100,-60,,,,,,,,,,
1746489600,94698.7,96880.6,93333.5,96799,90541.16550000008,92447.84940253469,95186.51859154,82877.396,0,-95,-99,42.493270178182726,45.80186192285578,-3.308591744673052,1.8167946473293037,,,,,,,,,,,37.24083270435016,,,60,100,-60,,,,,,,,,,,0,-95,-99,42.493270178182726,45.80186192285578,-3.308591744673052,1.8167946473293037,,,,,,,,,,,37.24083270435016,,,60,100,-60,,,,,,,,,,
1746576000,96799,97700,95724.2,96988.1,90684.25850000008,92860.59945684971,95586.87001564223,93114.149,0,-95,-99,46.98061908312097,44.15842487644901,2.822194206671959,2.89601424003978,,,,,,,,,,,,,,60,100,-60,,,,,44.15842487644901,,,,,,0,-95,-99,46.98061908312097,44.15842487644901,2.822194206671959,2.89601424003978,,,,,,,,,,,,,,60,100,-60,,,,,44.15842487644901,,,,,
1746662400,96988.1,104253.8,96832.1,103240,90855.28850000008,93804.18132440883,97287.56556772173,152859.152,0,-95,-99,63.11246465814877,50.86211797315082,12.250346684997943,7.092363608957555,,,,,,,,,,,,,,60,100,-60,,,,,,,,,,,0,-95,-99,63.11246465814877,50.86211797315082,12.250346684997943,7.092363608957555,,,,,,,,,,,,,,60,100,-60,,,,,,,,,,
1746748800,103240,104330.1,102264.1,102931.2,91033.1040000001,94633.91029491712,98541.70655267246,87154.724,0,-95,-99,72.90404605759171,60.99904326628715,11.905002791304561,7.519481516457455,,,,,,,,,,,,,,60,100,-60,,,,,,,,,,,0,-95,-99,72.90404605759171,60.99904326628715,11.905002791304561,7.519481516457455,,,,,,,,,,,,,,60,100,-60,,,,,,,,,,
1746835200,102931.2,104986.7,102772,104782.3,91219.9680000001,95556.49117719739,99928.50509652303,47626.468,0,-95,-99,77.63498289634184,71.21716453736077,6.417818358981066,8.081046587388329,,,,,,76.84027302761186,,,,,,,,60,100,-60,,,,,,,,,,,0,-95,-99,77.63498289634184,71.21716453736077,6.417818358981066,8.081046587388329,,,,,,76.84027302761186,,,,,,,,60,100,-60,,,,,,,,,,
1746921600,104782.3,104936.7,103250,104080,91407.0725000001,96331.35561563399,100851.05951951792,63469.076,0,-95,-99,77.68865452395703,76.0758944926302,1.6127600313268289,6.559285946859088,,,,,,,,,,92.21595417015683,,,,60,100,-60,,,,,,,,,,,0,-95,-99,77.68865452395703,76.0758944926302,1.6127600313268289,6.559285946859088,,,,,,,,,,92.21595417015683,,,,60,100,-60,,,,,,,,,,
1747008000,104080,105842.1,100688,102746,91579.9465000001,96914.5051051218,101272.1574040695,124705.011,0,-95,-99,73.40599178099112,76.24320973376334,-2.837217952772221,7.3586279773208005,76.24320973376334,,76.24320973376334,,,,,,,,,,,60,100,-60,,,,,76.24320973376334,,105,,106,,0,-95,-99,73.40599178099112,76.24320973376334,-2.837217952772221,7.3586279773208005,76.24320973376334,,76.24320973376334,,,,,,,,,,,60,100,-60,,,,,76.24320973376334,,105,,106,
1747094400,102746,104949.9,101380,104070.6,91766.96550000011,97565.05918647436,101894.0335364985,83517.788,0,-95,-99,69.66771092127519,73.58745240874111,-3.9197414874659273,6.700203923573973,,,,,,,,,,,,,,60,100,-60,,,,,,,,,,,0,-95,-99,69.66771092127519,73.58745240874111,-3.9197414874659273,6.700203923573973,,,,,,,,,,,,,,60,100,-60,,,,,,,,,,
1747180800,104070.6,104325.6,102550,103445,91948.84500000009,98099.59926043123,102238.69275060995,66471.825,0,-95,-99,65.46583730148134,69.51318000124922,-4.047342699767881,4.978019767843031,,,,,,,,,,,,,,60,100,-60,,,,,,,,,,,0,-95,-99,65.46583730148134,69.51318000124922,-4.047342699767881,4.978019767843031,,,,,,,,,,,,,,60,100,-60,,,,,,,,,,
1747267200,103445,104203.9,101333,103710,92127.3895000001,98609.63569130113,102565.64991714107,99517.711,0,-95,-99,60.11027491762585,65.08127438012747,-4.9709994625016165,6.59863558882504,,,,,,,,,,,,,,60,100,-60,,,,,,,,,,,0,-95,-99,60.11027491762585,65.08127438012747,-4.9709994625016165,6.59863558882504,,,,,,,,,,,,,,60,100,-60,,,,,,,,,,
1747353600,103710,104555,103042.2,103410.2,92294.70250000009,99046.05062845557,102753.32771333194,59383.409,0,-95,-99,57.15871223636622,60.91160815182448,-3.752895915458261,4.571063322830249,,,,,,,,,,,,,,60,100,-60,,,,,,,,,,,0,-95,-99,57.15871223636622,60.91160815182448,-3.752895915458261,4.571063322830249,,,,,,,,,,,,,,60,100,-60,,,,,,,,,,
1747440000,103410.2,103669.4,102539.7,103081.2,92446.32100000011,99412.88238950507,102826.18822148039,36507.919,0,-95,-99,51.784599532424814,56.35119556213897,-4.566596029714155,4.953006070326285,,,,,,,,,,,,,,60,100,-60,,,,,,,,,,,0,-95,-99,51.784599532424814,56.35119556213897,-4.566596029714155,4.953006070326285,,,,,,,,,,,,,,60,100,-60,,,,,,,,,,
1747526400,103081.2,106650,103050,106428.1,92616.53000000012,100050.62944500461,103626.61306115142,95737.177,0,-95,-99,55.807773070473814,54.91702827975496,0.8907447907188555,4.987443538651771,,,,,,72.88037679615066,,,,,,,,60,100,-60,,,,,54.91702827975496,,,,,,0,-95,-99,55.807773070473814,54.91702827975496,0.8907447907188555,4.987443538651771,,,,,,72.88037679615066,,,,,,,,60,100,-60,,,,,54.91702827975496,,,,,
1747612800,106428.1,107134.3,102000,105538,92792.5585000001,100549.48131364056,104051.36571422889,131323.009,0,-95,-99,55.23457617531765,54.27564959273877,0.9589265825788758,6.282594274931444,,,,,,,,,,,51.91286673100906,,,60,100,-60,,,,,,,,,,,0,-95,-99,55.23457617531765,54.27564959273877,0.9589265825788758,6.282594274931444,,,,,,,,,,,51.91286673100906,,,60,100,-60,,,,,,,,,,
1747699200,105538,107292.4,104125.4,106808.2,92979.1220000001,101118.45573967323,104663.99555551136,123586.87,0,-95,-99,57.99983972420243,56.34739632333131,1.652443400871121,7.457033928129841,,,,,,,,,,,,,,60,100,-60,,,,,,,,,,,0,-95,-99,57.99983972420243,56.34739632333131,1.652443400871121,7.457033928129841,,,,,,,,,,,,,,60,100,-60,,,,,,,,,,
1747785600,106808.2,110800,106001.8,109608.7,93180.3475000001,101890.29612697566,105762.81876539772,221771.177,0,-95,-99,66.19085864952793,59.80842484968267,6.382433799845252,9.619511960050215,,,,,,,,,,,,,,60,100,-60,,,,,,,,,,,0,-95,-99,66.19085864952793,59.80842484968267,6.382433799845252,9.619511960050215,,,,,,,,,,,,,,60,100,-60,,,,,,,,,,
1747872000,109608.7,111968,109150,111646.5,93394.86200000011,102777.22375179606,107070.30348419823,128882.059,0,-95,-99,73.45303211590142,65.88124349654393,7.571788619357491,9.037535145030684,,,,,,78.0043171890922,,,,73.08233553424591,,,,60,100,-60,,,,,,,,,,,0,-95,-99,73.45303211590142,65.88124349654393,7.571788619357491,9.037535145030684,,,,,,78.0043171890922,,,,73.08233553424591,,,,60,100,-60,,,,,,,,,,
1747958400,111646.5,111758.4,106755,107275.9,93592.04800000013,103186.1943198146,107115.99159882084,148189.685,0,-95,-99,69.81021219704803,69.81803432082579,-0.007822123777756929,5.760335344056868,69.81803432082579,,69.81803432082579,,,,,,,,,,,60,100,-60,,,,,69.81803432082579,,105,,106,,0,-95,-99,69.81021219704803,69.81803432082579,-0.007822123777756929,5.760335344056868,69.81803432082579,,69.81803432082579,,,,,,,,,,,60,100,-60,,,,,69.81803432082579,,105,,106,
1748044800,107275.9,109454.5,106832.3,107716,93783.8995000001,103597.9948361951,107249.32679908288,63242.395,0,-95,-99,63.9213954244845,69.06154657914466,-5.14015115466016,6.288791329299041,,,,,,,,,,,,,,60,100,-60,,,,,,,,,,,0,-95,-99,63.9213954244845,69.06154657914466,-5.14015115466016,6.288791329299041,,,,,,,,,,,,,,60,100,-60,,,,,,,,,,
1748131200,107716,109300,106538.4,108976.2,93950.7810000001,104086.92257835918,107633.07639928669,73175.919,0,-95,-99,59.485962242588215,64.40585662137359,-4.919894378785372,7.9344667312048,,,,,,,,,,,,,,60,100,-60,,,,,,,,,,,0,-95,-99,59.485962242588215,64.40585662137359,-4.919894378785372,7.9344667312048,,,,,,,,,,,,,,60,100,-60,,,,,,,,,,
1748217600,108976.2,110452.2,108640.7,109382.3,94118.31850000011,104568.32052578108,108021.79275500076,79437.632,0,-95,-99,59.63600333868037,61.014453668584366,-1.3784503299039983,8.100202927346794,,,,,,66.77647698739737,,,,,,,,60,100,-60,,,,,,,,,,,0,-95,-99,59.63600333868037,61.014453668584366,-1.3784503299039983,8.100202927346794,,,,,,66.77647698739737,,,,,,,,60,100,-60,,,,,,,,,,
1748304000,109382.3,110700,107421.7,108864,94280.0675000001,104958.83684161917,108208.94992055614,124854.197,0,-95,-99,56.47949901715465,58.53382153280776,-2.054322515653105,9.488388188057863,,,,,,,,,,,,,,60,100,-60,,,,,,,,,,,0,-95,-99,56.47949901715465,58.53382153280776,-2.054322515653105,9.488388188057863,,,,,,,,,,,,,,60,100,-60,,,,,,,,,,
1748390400,108864,109217.8,106718,107738.9,94435.25350000012,105211.56985601742,108104.49438265478,74593.391,0,-95,-99,47.71840851106869,54.61130362230123,-6.892895111232541,9.8535714604126,,,,,,,,,,,,,,60,100,-60,,,,,,,,,,,0,-95,-99,47.71840851106869,54.61130362230123,-6.892895111232541,9.8535714604126,,,,,,,,,,,,,,60,100,-60,,,,,,,,,,
1748476800,107738.9,108850,105250,105550,94560.86100000012,105242.33623274311,107536.82896428705,109918.17,0,-95,-99,32.4955791227737,45.564495550332346,-13.068916427558648,8.655628047778103,,,,,,,,,,,,,,60,100,-60,,,,,,,,,,,0,-95,-99,32.4955791227737,45.564495550332346,-13.068916427558648,8.655628047778103,,,,,,,,,,,,,,60,100,-60,,,,,,,,,,
1748563200,105550,106278.3,103569,103976.6,94636.91700000012,105127.26930249373,106745.66697222326,118183.427,0,-95,-99,12.0847857494456,30.766257794429333,-18.68147204498373,7.0579731851856025,,,,,,,,,,,,,,60,100,-60,,,,,,,,,,,0,-95,-99,12.0847857494456,30.766257794429333,-18.68147204498373,7.0579731851856025,,,,,,,,,,,,,,60,100,-60,,,,,,,,,,
1748649600,103976.6,104898.5,103036.8,104566.1,94719.90750000013,105076.25391135794,106261.31875617366,51672.885,0,-95,-99,-3.2180989157886906,13.787421985476868,-17.00552090126556,5.784654740325859,,,,,,,,,,,1.9117705811615058,,,60,100,-60,,,,,,,,,,,0,-95,-99,-3.2180989157886906,13.787421985476868,-17.00552090126556,5.784654740325859,,,,,,,,,,,1.9117705811615058,,,60,100,-60,,,,,,,,,,
1748736000,104566.1,105843.6,103696.7,105614.4,94795.92350000012,105125.17628305267,106117.5590325795,44070.285,0,-95,-99,-9.827138867877679,-0.3201506780735883,-9.50698818980409,8.065544811063823,,,,,,,,,,,,,,60,100,-60,,,,,,,,,,,0,-95,-99,-9.827138867877679,-0.3201506780735883,-9.50698818980409,8.065544811063823,,,,,,,,,,,,,,60,100,-60,,,,,,,,,,
1748822400,105614.4,105919.7,103606.4,105827.2,94888.22300000011,105188.99662095697,106053.03480311739,79887.576,0,-95,-99,-14.229512394991392,-9.091583392885921,-5.137929002105471,7.650825652106606,,,,,,,,,,,,,,60,100,-60,,,,,,,,,,,0,-95,-99,-14.229512394991392,-9.091583392885921,-5.137929002105471,7.650825652106606,,,,,,,,,,,,,,60,100,-60,,,,,,,,,,
1748908800,105827.2,106773.7,104813.9,105324.7,94959.22050000011,105201.33329177907,105891.18262464686,81511.688,0,-95,-99,-14.221351432529707,-12.759334231799594,-1.4620172007301129,6.461349421976156,,,,,,,,,,13.149129409111698,,,,60,100,-60,,,,,,,,,,,0,-95,-99,-14.221351432529707,-12.759334231799594,-1.4620172007301129,6.461349421976156,,,,,,,,,,13.149129409111698,,,,60,100,-60,,,,,,,,,,
1748995200,105324.7,105952.9,104135.3,104630,95029.24350000013,105149.39390161734,105610.91981916978,69118.278,0,-95,-99,-19.18175152575565,-15.87753845109225,-3.3042130746634015,5.986367715836513,,,,,,,,,,,,,,60,100,-60,,,,,,,,,,,0,-95,-99,-19.18175152575565,-15.87753845109225,-3.3042130746634015,5.986367715836513,,,,,,,,,,,,,,60,100,-60,,,,,,,,,,
1749081600,104630,105866.7,100350,101455.2,95087.01950000013,104813.5580923794,104687.42652602094,145057.893,0,-95,-99,-34.47082816498921,-22.624643707758185,-11.846184457231022,6.460944149332146,,,,,,,,,,,,,,60,100,-60,,,,,,,,,,,0,-95,-99,-34.47082816498921,-22.624643707758185,-11.846184457231022,6.460944149332146,,,,,,,,,,,,,,60,100,-60,,,,,,,,,,
1749168000,101455.2,105320.4,101046,104227.5,95155.48200000012,104760.28008398127,104585.22063134961,89854.657,0,-95,-99,-38.341581173929335,-30.66472028822473,-7.676860885704606,7.798401330554402,,,,,,,,,,,10.539678006443253,,,60,100,-60,,,,,,,,,,,0,-95,-99,-38.341581173929335,-30.66472028822473,-7.676860885704606,7.798401330554402,,,,,,,,,,,10.539678006443253,,,60,100,-60,,,,,,,,,,
1749254400,104227.5,105865.9,103811,105499.9,95221.27450000012,104827.5182581648,104788.48271327192,46624.784,0,-95,-99,-30.33043732053796,-34.3809488864855,4.050511565947538,10.888273967694962,,,,,,,,,,,,,,60,100,-60,,-108,,,-34.3809488864855,,,,,,0,-95,-99,-30.33043732053796,-34.3809488864855,4.050511565947538,10.888273967694962,,,,,,,,,,,,,,60,100,-60,,-108,,,-34.3809488864855,,,,,
1749340800,105499.9,106441.8,104924.7,105670.8,95278.05200000013,104904.18023469528,104984.55322143371,35392.623,0,-95,-99,-19.00875595877055,-29.22692481774595,10.2181688589754,9.41680310597624,,,,,,,,,,,,,,60,100,-60,,,,,,,,,,,0,-95,-99,-19.00875595877055,-29.22692481774595,10.2181688589754,9.41680310597624,,,,,,,,,,,,,,60,100,-60,,,,,,,,,,
1749427200,105670.8,110660.8,105252.6,110219.9,95337.23700000012,105387.42748608661,106147.96361667066,104403.417,0,-95,-99,5.099834772458152,-14.746452835616786,19.846287608074938,13.286173787080171,,,,,,,,,,,,,,60,100,-60,,,,,,,,,,,0,-95,-99,5.099834772458152,-14.746452835616786,19.846287608074938,13.286173787080171,,,,,,,,,,,,,,60,100,-60,,,,,,,,,,
1749513600,110219.9,110351,108279.2,110227.5,95393.63950000012,105827.43407826056,107054.52725741052,73253.028,0,-95,-99,22.28067027129797,2.790583028328522,19.490087242969448,11.51108954694418,,,,,,63.58919646769379,,,,,,,,60,100,-60,,,,,,,,,,,0,-95,-99,22.28067027129797,2.790583028328522,19.490087242969448,11.51108954694418,,,,,,63.58919646769379,,,,,,,,60,100,-60,,,,,,,,,,
1749600000,110227.5,110375.5,108006.6,108611.1,95447.99400000012,106080.49461660051,107400.4323113193,74641.255,0,-95,-99,30.07769722165912,19.152734088471746,10.924963133187372,8.325348076227325,,,,,,,,,,83.42307333203986,,,,60,100,-60,,,,,,,,,,,0,-95,-99,30.07769722165912,19.152734088471746,10.924963133187372,8.325348076227325,,,,,,,,,,83.42307333203986,,,,60,100,-60,,,,,,,,,,
1749686400,108611.1,108782.5,105579.8,105600.9,95485.86000000012,106036.89510600046,107000.53624213723,95883.564,0,-95,-99,23.515552412812916,25.291306635256664,-1.775754222443748,7.18480483387839,,,25.291306635256664,,,,,,,,,,,60,100,-60,,,,,25.291306635256664,,,,,,0,-95,-99,23.515552412812916,25.291306635256664,-1.775754222443748,7.18480483387839,,,25.291306635256664,,,,,,,,,,,60,100,-60,,,,,25.291306635256664,,,,,
1749772800,105600.9,106140,102626.9,106023.1,95550.95500000013,106035.64100545496,106783.32818832896,132649.754,0,-95,-99,9.117240928116022,20.903496854196018,-11.786255926079996,6.512014012343837,,,,,,,,,,,,,,60,100,-60,,,,,,,,,,,0,-95,-99,9.117240928116022,20.903496854196018,-11.786255926079996,6.512014012343837,,,,,,,,,,,,,,60,100,-60,,,,,,,,,,
1749859200,106023.1,106168.8,104250,105356.7,95617.61050000013,105973.91909586814,106466.29970203363,41393.56,0,-95,-99,0.36635266575640557,10.99971533556178,-10.633362669805374,6.450206365159904,,,,,,,,,,,,,,60,100,-60,,,,,,,,,,,0,-95,-99,0.36635266575640557,10.99971533556178,-10.633362669805374,6.450206365159904,,,,,,,,,,,,,,60,100,-60,,,,,,,,,,
1749945600,105356.7,106080,104433,105547.8,95665.80600000013,105935.18099624377,106262.18865713727,39425.368,0,-95,-99,-5.588553386892573,1.2983467356599503,-6.8869001225525235,6.352975257647939,,,,,,,,,,,,,,60,100,-60,,,,,,,,,,,0,-95,-99,-5.588553386892573,1.2983467356599503,-6.8869001225525235,6.352975257647939,,,,,,,,,,,,,,60,100,-60,,,,,,,,,,
1750032000,105547.8,108955.5,104921.2,106749.3,95721.03850000013,106009.19181476707,106370.43562221788,93111.651,0,-95,-99,0.7963094061753297,-1.4752971049869459,2.2716065111622754,5.803527991108542,,,,,,,,,,,,,,60,100,-60,,-108,,-108,-1.4752971049869459,,,,,,0,-95,-99,0.7963094061753297,-1.4752971049869459,2.2716065111622754,5.803527991108542,,,,,,,,,,,,,,60,100,-60,,-108,,-108,-1.4752971049869459,,,,,
1750118400,106749.3,107724.9,103303.4,104512.7,95755.96850000013,105873.1471043337,105957.60548394723,119378.022,0,-95,-99,-7.338189893189287,-4.043477957968844,-3.294711935220443,5.963095834776787,,,,,,,,,,,,,,60,100,-60,,,,,-4.043477957968844,,,,,,0,-95,-99,-7.338189893189287,-4.043477957968844,-3.294711935220443,5.963095834776787,,,,,,,,,,,,,,60,100,-60,,,,,-4.043477957968844,,,,,
1750204800,104512.7,105500,103422.3,104847.3,95797.78500000013,105779.888276667,105710.87093195895,84981.906,0,-95,-99,-16.915246087687766,-7.819042191567242,-9.096203896120524,5.175057006562293,,,,,,,,,,,,,,60,100,-60,,,,,,,,,,,0,-95,-99,-16.915246087687766,-7.819042191567242,-9.096203896120524,5.175057006562293,,,,,,,,,,,,,,60,100,-60,,,,,,,,,,
1750291200,104847.3,105191.9,103864,104604.2,95834.47900000014,105673.00752424273,105464.9440581903,44669.24,0,-95,-99,-23.399540651058942,-15.884325543978667,-7.515215107080275,4.545063688609358,,,,,,,,,,,,,,60,100,-60,,,,,,,,,,,0,-95,-99,-23.399540651058942,-15.884325543978667,-7.515215107080275,4.545063688609358,,,,,,,,,,,,,,60,100,-60,,,,,,,,,,
1750377600,104604.2,106499.9,102260,103243.9,95871.26550000013,105452.17956749338,104971.37871192579,99708.258,0,-95,-99,-31.003422935310613,-23.77273655801911,-7.230686377291505,2.0005931757549256,,,,,,,,,,,,,,60,100,-60,,,,,,,,,,,0,-95,-99,-31.003422935310613,-23.77273655801911,-7.230686377291505,2.0005931757549256,,,,,,,,,,,,,,60,100,-60,,,,,,,,,,
1750464000,103243.9,103949.9,100800,102083.9,95902.08700000012,105145.97233408489,104329.71677594227,63941.583,0,-95,-99,-44.011197377849555,-32.80472032140637,-11.206477056443184,-1.041657196978332,,,,,,,,,,,,,,60,100,-60,,,,,,,,,,,0,-95,-99,-44.011197377849555,-32.80472032140637,-11.206477056443184,-1.041657196978332,,,,,,,,,,,,,,60,100,-60,,,,,,,,,,
1750550400,102083.9,103347,98125,100904.3,95913.24950000012,104760.365758259,103568.5130479551,163064.954,0,-95,-99,-55.7842841939444,-43.59963483570152,-12.18464935824288,-1.8155541427745778,,,,,,,,,,,1.745108427594917,,,60,100,-60,,,,,,,,,,,0,-95,-99,-55.7842841939444,-43.59963483570152,-12.18464935824288,-1.8155541427745778,,,,,,,,,,,1.745108427594917,,,60,100,-60,,,,,,,,,,
1750636800,100904.3,106024.8,99581,105283.5,95954.77750000013,104807.9234165991,103949.62125952063,159898.312,0,-95,-99,-48.534157145328265,-49.44321290570741,0.9090557603791467,-0.4460601185699291,,,,-49.44321290570741,,,,,,,,,,60,100,-60,,,,-108,-49.44321290570741,,,,,,0,-95,-99,-48.534157145328265,-49.44321290570741,0.9090557603791467,-0.4460601185699291,,,,-49.44321290570741,,,,,,,,,,60,100,-60,,,,-108,-49.44321290570741,,,,,
1750723200,105283.5,106269.9,104567,106048.5,95986.07050000012,104920.70310599917,104416.03875740494,73028.424,0,-95,-99,-30.44477528762343,-44.92107220896537,14.476296921341941,0.1253776553817474,,,,,,,,,,,,,,60,100,-60,,,,,,,,,,,0,-95,-99,-30.44477528762343,-44.92107220896537,14.476296921341941,0.1253776553817474,,,,,,,,,,,,,,60,100,-60,,,,,,,,,,
1750809600,106048.5,108090,105750,107264,96022.82550000014,105133.73009636288,105048.91903353717,80775.072,0,-95,-99,-10.915794076427762,-29.964908836459816,19.049114760032055,1.4581438573186762,,,,,,,,,,,,,,60,100,-60,,,,,,,,,,,0,-95,-99,-10.915794076427762,-29.964908836459816,19.049114760032055,1.4581438573186762,,,,,,,,,,,,,,60,100,-60,,,,,,,,,,
1750896000,107264,108239.6,106457.7,106905.3,96051.41800000012,105294.78190578443,105461.44813719558,60839.642,0,-95,-99,2.9140771059552666,-12.815497419365308,15.729574525320574,2.2160893642460104,,,,,,,,,,,,,,60,100,-60,,,,,,,,,,,0,-95,-99,2.9140771059552666,-12.815497419365308,15.729574525320574,2.2160893642460104,,,,,,,,,,,,,,60,100,-60,,,,,,,,,,
1750982400,106905.3,107738.1,106280,106999.6,96099.77100000012,105449.76536889494,105803.25966226323,61754.119,0,-95,-99,11.485092313145039,1.1611251142241816,10.323967198920856,1.2500723621745014,,,,,,,,,,,,,,60,100,-60,,,,,,,,,,,0,-95,-99,11.485092313145039,1.1611251142241816,10.323967198920856,1.2500723621745014,,,,,,,,,,,,,,60,100,-60,,,,,,,,,,
1751068800,106999.6,107499.9,106761,107241,96153.21200000012,105612.60488081358,106122.75751509362,16398.134,0,-95,-99,18.120020180348902,10.839729866483069,7.280290313865834,3.15872395028884,,,,,,,,,,,,,,60,100,-60,,,,,,,,,,,0,-95,-99,18.120020180348902,10.839729866483069,7.280290313865834,3.15872395028884,,,,,,,,,,,,,,60,100,-60,,,,,,,,,,
1751155200,107241,108507,107113.8,108314.8,96189.14450000013,105858.2589825578,106609.87806729504,42872.787,0,-95,-99,26.21019380837413,18.60510210062269,7.605091707751438,5.173373652637382,,,,,,,,,,97.54378656356863,,,,60,100,-60,,,,,,,,,,,0,-95,-99,26.21019380837413,18.60510210062269,7.605091707751438,5.173373652637382,,,,,,,,,,97.54378656356863,,,,60,100,-60,,,,,,,,,,
1751241600,108314.8,108766.4,106677,107081.2,96224.63800000012,105969.43543868892,106714.61627456281,62330.173,0,-95,-99,28.94197769656033,24.424063895094452,4.517913801465877,1.951714224036083,,,,,,,,,,,,,,60,100,-60,,,,,,,,,,,0,-95,-99,28.94197769656033,24.424063895094452,4.517913801465877,1.951714224036083,,,,,,,,,,,,,,60,100,-60,,,,,,,,,,
1751328000,107081.2,107484.8,105180.3,105634.8,96245.73300000012,105939.01403517174,106474.65710243775,69734.196,0,-95,-99,21.422225479329263,25.524798994754576,-4.102573515425313,-0.26212738802879976,,,,,,,,,,,,,,60,100,-60,108,,,,25.524798994754576,,,,,,0,-95,-99,21.422225479329263,25.524798994754576,-4.102573515425313,-0.26212738802879976,,,,,,,,,,,,,,60,100,-60,108,,,,25.524798994754576,,,,,
1751414400,105634.8,109740.9,105058.6,108803,96282.64850000013,106199.37639561067,106992.06663522936,93107.743,0,-95,-99,27.668053287780584,26.010752154556727,1.6573011332238572,3.6141926955500976,,,,,,,,,,,80.09450154822329,,,60,100,-60,,,,,26.010752154556727,,,,,,0,-95,-99,27.668053287780584,26.010752154556727,1.6573011332238572,3.6141926955500976,,,,,,,,,,,80.09450154822329,,,60,100,-60,,,,,26.010752154556727,,,,,
1751500800,108803,110485.7,108455.1,109540,96307.77050000012,106503.06945055515,107558.27404962284,76294.252,0,-95,-99,39.472482309692666,29.520920358934166,9.9515619507585,6.366019874163301,,,,,,60.0196847699758,,,,,,,,60,100,-60,,,,,,,,,,,0,-95,-99,39.472482309692666,29.520920358934166,9.9515619507585,6.366019874163301,,,,,,60.0196847699758,,,,,,,,60,100,-60,,,,,,,,,,
1751587200,109540,109725.3,107220.3,107947.4,96317.03650000012,106634.3722277774,107644.74648303998,63635.972,0,-95,-99,39.80564875252601,35.64872811666641,4.156920635859599,4.0740288443801465,,,,,,,,,,87.73637540912486,,,,60,100,-60,,,,,,,,,,,0,-95,-99,39.80564875252601,35.64872811666641,4.156920635859599,4.0740288443801465,,,,,,,,,,87.73637540912486,,,,60,100,-60,,,,,,,,,,
1751673600,107947.4,108429.2,107685.9,108144.4,96327.33550000012,106771.64747979764,107755.78059791999,17786.216,0,-95,-99,38.00190382161949,39.093344961279385,-1.0914411396598922,3.2563208494573823,,,,,,,,,,,,,,60,100,-60,,,,,39.093344961279385,,,,,,0,-95,-99,38.00190382161949,39.093344961279385,-1.0914411396598922,3.2563208494573823,,,,,,,,,,,,,,60,100,-60,,,,,39.093344961279385,,,,,
1751760000,108144.4,109685,107762.6,109160.5,96372.39500000014,106988.81589072513,108067.94046504889,39472.291,0,-95,-99,41.53871157114565,39.78208804843038,1.756623522715266,4.3384458114980795,,,,,,,,,,,,,,60,100,-60,,,,,39.78208804843038,,,,,,0,-95,-99,41.53871157114565,39.78208804843038,1.756623522715266,4.3384458114980795,,,,,,,,,,,,,,60,100,-60,,,,,39.78208804843038,,,,,
1751846400,109160.5,109681.4,107449.6,108200,96426.39800000013,107098.92353702286,108097.28702837136,54985.477,0,-95,-99,40.037397745782044,39.85933771284906,0.1780600329329829,1.156567735332514,,,,,,,,,,,,,,60,100,-60,,,,,,,,,,,0,-95,-99,40.037397745782044,39.85933771284906,0.1780600329329829,1.156567735332514,,,,,,,,,,,,,,60,100,-60,,,,,,,,,,
1751932800,108200,109188,107369.7,108881.9,96482.02100000012,107261.01230638441,108271.64546651105,58542.806,0,-95,-99,38.65822134697168,40.07811022129979,-1.4198888743281088,2.4677882199409895,,,,,,,,,,,68.03776560090617,,,60,100,-60,,,,,40.07811022129979,,,,,,0,-95,-99,38.65822134697168,40.07811022129979,-1.4198888743281088,2.4677882199409895,,,,,,,,,,,68.03776560090617,,,60,100,-60,,,,,40.07811022129979,,,,,
1752019200,108881.9,111999,108263.4,111209.7,96551.82100000013,107619.98391489491,108924.54647395304,82700.733,0,-95,-99,51.18199930359019,43.292539465447966,7.889459838142223,1.936076363179276,,,,,,,,,,,,,,60,100,-60,,,,,43.292539465447966,,,,,,0,-95,-99,51.18199930359019,43.292539465447966,7.889459838142223,1.936076363179276,,,,,,,,,,,,,,60,100,-60,,,,,43.292539465447966,,,,,
1752105600,111209.7,117896.7,110450.9,115990.1,96656.04800000014,108380.90355899537,110494.66947974126,110167.059,0,-95,-99,70.86372061702018,53.56798042252734,17.295740194492836,4.582080232523536,,,,,,,,,,,,,,60,100,-60,,,,,,,,,,,0,-95,-99,70.86372061702018,53.56798042252734,17.295740194492836,4.582080232523536,,,,,,,,,,,,,,60,100,-60,,,,,,,,,,
1752192000,115990.1,118849.9,115200,117508.8,96769.40700000012,109210.71232635943,112053.36515090987,92888.869,0,-95,-99,82.71260487024863,68.25277493028632,14.459829939962304,6.26937189377022,,,,,,,,,,,,,,60,100,-60,,,,,,,,,,,0,-95,-99,82.71260487024863,68.25277493028632,14.459829939962304,6.26937189377022,,,,,,,,,,,,,,60,100,-60,,,,,,,,,,
1752278400,117508.8,118195.1,116868.1,117369.9,96863.11500000014,109952.45666032674,113234.81733959657,35256.029,0,-95,-99,86.27785995371889,79.95139514699589,6.326464806722996,5.08007439139472,,,,,,,,,,,,,,60,100,-60,,,,,,,,,,,0,-95,-99,86.27785995371889,79.95139514699589,6.326464806722996,5.08007439139472,,,,,,,,,,,,,,60,100,-60,,,,,,,,,,
1752364800,117369.9,119474.9,117173.3,119050.2,96961.34000000013,110779.52423666068,114527.124597464,47572.067,0,-95,-99,87.32417425437741,85.43821302611497,1.8859612282624454,7.786046785458073,,,,,,,,,,99.41384315145024,,,,60,100,-60,,,,,,,,,,,0,-95,-99,87.32417425437741,85.43821302611497,1.8859612282624454,7.786046785458073,,,,,,,,,,99.41384315145024,,,,60,100,-60,,,,,,,,,,
1752451200,119050.2,123250,118859.2,119841.6,97081.83200000014,111603.34930605517,115708.11913136089,118965.787,0,-95,-99,88.53068639682488,87.37757353497373,1.1531128618511417,8.005884170675639,87.37757353497373,,87.37757353497373,,,75.9171860846915,,,,,,,,60,100,-60,,,,,,,,,,,0,-95,-99,88.53068639682488,87.37757353497373,1.1531128618511417,8.005884170675639,87.37757353497373,,87.37757353497373,,,75.9171860846915,,,,,,,,60,100,-60,,,,,,,,,,
1752537600,119841.6,119946.6,115750,117745.7,97199.30550000013,112161.74482368652,116160.91487994736,144316.061,0,-95,-99,81.17818671233157,85.67768245451128,-4.499495742179718,7.25275282070945,,,,,,,,,,,,,,60,100,-60,,,108,,85.67768245451128,,105,,,,0,-95,-99,81.17818671233157,85.67768245451128,-4.499495742179718,7.25275282070945,,,,,,,,,,,,,,60,100,-60,,,108,,85.67768245451128,,105,,,
1752624000,117745.7,120114.6,117031,118626.3,97316.15800000014,112749.43165789683,116708.77823995907,86278.939,0,-95,-99,75.99609045271487,81.90165452062377,-5.905564067908898,8.694760473653774,,,,,,,,,,,,,,60,100,-60,,,,,,,,,,,0,-95,-99,75.99609045271487,81.90165452062377,-5.905564067908898,8.694760473653774,,,,,,,,,,,,,,60,100,-60,,,,,,,,,,
1752710400,118626.3,121044,117449.9,119218.7,97443.75650000013,113337.5469617244,117266.53863107927,94471.66,0,-95,-99,72.19033786523673,76.45487167676106,-4.2645338115243305,6.782588578897235,,,,,,70.37367504343906,,,,,,,,60,100,-60,,,,,,,,,,,0,-95,-99,72.19033786523673,76.45487167676106,-4.2645338115243305,6.782588578897235,,,,,,70.37367504343906,,,,,,,,60,100,-60,,,,,,,,,,
1752796800,119218.7,120896.9,116822.1,117930.1,97569.71050000013,113755.05178338582,117413.99671306166,90803.176,0,-95,-99,66.15140470165777,71.4459443398698,-5.294539638212029,6.425406273475009,,,,,,,,,,,,,,60,100,-60,,,,,,,,,,,0,-95,-99,66.15140470165777,71.4459443398698,-5.294539638212029,6.425406273475009,,,,,,,,,,,,,,60,100,-60,,,,,,,,,,
1752883200,117930.1,118523.7,117237.7,117842.1,97691.27100000014,114126.60162125983,117509.13077682574,30379.068,0,-95,-99,58.394457696705786,65.57873342120008,-7.184275724494299,5.251649250599625,,,,,,,,,,,,,,60,100,-60,,,,,,,,,,,0,-95,-99,58.394457696705786,65.57873342120008,-7.184275724494299,5.251649250599625,,,,,,,,,,,,,,60,100,-60,,,,,,,,,,
1752969600,117842.1,118931,116455.6,117290.4,97804.90000000013,114414.21965569076,117460.52393753114,46146.275,0,-95,-99,50.44628008326659,58.33071416054338,-7.8844340772767865,3.2353256452046057,,,,,,,,,,,,,,60,100,-60,,,,,,,,,,,0,-95,-99,50.44628008326659,58.33071416054338,-7.8844340772767865,3.2353256452046057,,,,,,,,,,,,,,60,100,-60,,,,,,,,,,
1753056000,117290.4,119750,116550,117393,97907.06250000015,114685.01786880978,117445.51861807978,80482.629,0,-95,-99,45.400106170974475,51.413614650315616,-6.013508479341141,1.5076394537567728,,,,,,,,,,,,,,60,100,-60,,,,,,,,,,,0,-95,-99,45.400106170974475,51.413614650315616,-6.013508479341141,1.5076394537567728,,,,,,,,,,,,,,60,100,-60,,,,,,,,,,
1753142400,117393,120321,116123,120043.6,98016.58050000014,115172.16169891799,118022.87003628426,89928.602,0,-95,-99,45.836631183264224,47.227672479168426,-1.391041295904202,5.269944216579997,,,,,,68.94117914575725,,,,,,,,60,100,-60,,,,,,,,,,,0,-95,-99,45.836631183264224,47.227672479168426,-1.391041295904202,5.269944216579997,,,,,,68.94117914575725,,,,,,,,60,100,-60,,,,,,,,,,
1753228800,120043.6,120194.7,117300,118743.4,98119.41150000013,115496.81972628908,118182.98780599887,74281.008,0,-95,-99,44.82929501156351,45.35534412193406,-0.5260491103705505,3.7274395046857425,,,,,,,,,,,,,,60,100,-60,,,,,,,,,,,0,-95,-99,44.82929501156351,45.35534412193406,-0.5260491103705505,3.7274395046857425,,,,,,,,,,,,,,60,100,-60,,,,,,,,,,
1753315200,118743.4,119492.9,117050.1,118328,98219.34900000013,115754.19975117188,118215.21273799911,68946.07,0,-95,-99,40.412626165389085,43.69285078673892,-3.280224621349838,2.161488441225152,,,,,,,,,,,,,,60,100,-60,,,,,,,,,,,0,-95,-99,40.412626165389085,43.69285078673892,-3.280224621349838,2.161488441225152,,,,,,,,,,,,,,60,100,-60,,,,,,,,,,
1753401600,118328,118440.3,114710,117616.3,98296.50100000015,115923.48159197444,118082.12101844375,121212.765,0,-95,-99,25.968276097398697,37.07006575811708,-11.101789660718385,1.12406893650143,,,,,,,,,,,,,,60,100,-60,,,,,,,,,,,0,-95,-99,25.968276097398697,37.07006575811708,-11.101789660718385,1.12406893650143,,,,,,,,,,,,,,60,100,-60,,,,,,,,,,
1753488000,117616.3,118333.4,117150,117898.8,98401.45450000014,116103.05599270404,118041.38301434513,26231.01,0,-95,-99,21.958352284220624,29.44641818233612,-7.488065898115497,2.116116887224833,,,,,,,,,,,4.495797579774743,,,60,100,-60,,,,,,,,,,,0,-95,-99,21.958352284220624,29.44641818233612,-7.488065898115497,2.116116887224833,,,,,,,,,,,4.495797579774743,,,60,100,-60,,,,,,,,,,
1753574400,117898.8,119784,117807.6,119429.9,98523.49300000013,116405.49635700368,118349.94234449066,35559.539,0,-95,-99,29.740032698362242,25.888887026660512,3.8511456717017296,5.178035297487777,,,,,,64.0316675880875,,,,,,,,60,100,-60,,,,,25.888887026660512,,,,,,0,-95,-99,29.740032698362242,25.888887026660512,3.8511456717017296,5.178035297487777,,,,,,64.0316675880875,,,,,,,,60,100,-60,,,,,25.888887026660512,,,,,
1753660800,119429.9,119844.9,117401.5,118068.9,98651.29900000013,116556.71487000334,118287.4884901594,55237.02,0,-95,-99,29.39696515976895,27.03178338078393,2.3651817789850185,5.305577935023808,,,,,,,,,,,,,,60,100,-60,,,,,,,,,,,0,-95,-99,29.39696515976895,27.03178338078393,2.3651817789850185,5.305577935023808,,,,,,,,,,,,,,60,100,-60,,,,,,,,,,
1753747200,118068.9,119300,116912.6,117923.3,98767.49450000015,116680.94988182122,118206.55771456842,61582.533,0,-95,-99,23.93425628938617,27.690418049172447,-3.756161759786277,6.604961847613961,,,27.690418049172447,,,,,,,10.170453385695216,,,,60,100,-60,,,,,27.690418049172447,,,,,,0,-95,-99,23.93425628938617,27.690418049172447,-3.756161759786277,6.604961847613961,,,27.690418049172447,,,,,,,10.170453385695216,,,,60,100,-60,,,,,27.690418049172447,,,,,
1753833600,117923.3,118769,115738.1,117781.6,98883.55550000013,116781.00898347383,118112.12266688656,68324.83,0,-95,-99,11.252788813665651,21.528003420940248,-10.275214607274597,5.6964671824531266,,,,,,,,,,,,,,60,100,-60,,,,,,,,,,,0,-95,-99,11.252788813665651,21.528003420940248,-10.275214607274597,5.6964671824531266,,,,,,,,,,,,,,60,100,-60,,,,,,,,,,
1753920000,117781.6,118900,115368.6,115680.1,98989.40600000013,116680.92634861257,117571.67318535621,71369.061,0,-95,-99,-5.884576489962731,9.767489537696354,-15.652066027659085,2.988029180174599,,,,,,,,,,,,,,60,100,-60,,,,,,,,,,,0,-95,-99,-5.884576489962731,9.767489537696354,-15.652066027659085,2.988029180174599,,,,,,,,,,,,,,60,100,-60,,,,,,,,,,
1754006400,115680.1,115999.9,112692.8,113248.9,99083.10950000014,116368.92395328416,116611.05692194372,122881.108,0,-95,-99,-31.370719111512216,-8.667502262603099,-22.703216848909115,0.9201906952667143,,,,,,,,,,,,,,60,100,-60,,,,,,,,,,,0,-95,-99,-31.370719111512216,-8.667502262603099,-22.703216848909115,0.9201906952667143,,,,,,,,,,,,,,60,100,-60,,,,,,,,,,
1754092800,113248.9,114011.4,111950,112518,99163.08300000014,116018.83995753106,115701.48871706733,53096.153,0,-95,-99,-47.90657855906666,-28.3872913868472,-19.51928717221946,0.6747878348441172,,,,,,,,,,,,,,60,100,-60,,,,,,,,,,,0,-95,-99,-47.90657855906666,-28.3872913868472,-19.51928717221946,0.6747878348441172,,,,,,,,,,,,,,60,100,-60,,,,,,,,,,
1754179200,112518,114792.7,111870,114147.1,99231.49350000014,115848.68177957369,115356.06900216348,36201.245,0,-95,-99,-52.930229300842946,-44.06917565714061,-8.861053643702334,3.0237949979417342,,,,,,,,,,,,,,60,100,-60,,,,,,,,,,,0,-95,-99,-52.930229300842946,-44.06917565714061,-8.861053643702334,3.0237949979417342,,,,,,,,,,,,,,60,100,-60,,,,,,,,,,
1754265600,114147.1,115682.8,114061.7,115006,99306.79450000013,115772.07434506698,115278.27589057159,55001.687,0,-95,-99,-48.79716405344478,-49.8779906377848,1.0808265843400164,5.787080990527331,,,,,,,,,,,,,,60,100,-60,,-108,,-108,-49.8779906377848,,,,,,0,-95,-99,-48.79716405344478,-49.8779906377848,1.0808265843400164,5.787080990527331,,,,,,,,,,,,,,60,100,-60,,-108,,-108,-49.8779906377848,,,,,
1754352000,115006,115084.2,112577.7,114079.6,99356.94850000014,115618.21304096999,115011.90347044457,66934.383,0,-95,-99,-50.40609740798402,-50.71116358742392,0.30506617943989767,3.2416277414062655,,,,-50.71116358742392,,,,,,,,,,60,100,-60,,,,,,,,,,,0,-95,-99,-50.40609740798402,-50.71116358742392,0.30506617943989767,3.2416277414062655,,,,-50.71116358742392,,,,,,,,,,60,100,-60,,,,,,,,,,
1754438400,114079.6,115666.3,113300.2,114943,99409.06350000015,115556.83003724544,114996.59158812356,51553.133,0,-95,-99,-46.25444480080607,-48.485902087411624,2.231457286605554,2.605881221244471,,,,,,,,,,,,,,60,100,-60,,,,,,,,,,,0,-95,-99,-46.25444480080607,-48.485902087411624,2.231457286605554,2.605881221244471,,,,,,,,,,,,,,60,100,-60,,,,,,,,,,
1754524800,114943,117560,114218,117399.9,99489.50950000015,115724.3818520413,115530.6601240961,69455.06,0,-95,-99,-29.947561173802043,-42.20270112753071,12.255139953728666,4.162154857387871,,,,,,,,,,,,,,60,100,-60,,,,,,,,,,,0,-95,-99,-29.947561173802043,-42.20270112753071,12.255139953728666,4.162154857387871,,,,,,,,,,,,,,60,100,-60,,,,,,,,,,
1754611200,117399.9,117569.1,115854.2,116625.1,99561.34150000014,115806.26532003755,115773.86898540809,44173.42,0,-95,-99,-15.813800926810705,-30.671935633806275,14.85813470699557,0.9297713670936281,,,,,,,,,,,,,,60,100,-60,,,,,,,,,,,0,-95,-99,-15.813800926810705,-30.671935633806275,14.85813470699557,0.9297713670936281,,,,,,,,,,,,,,60,100,-60,,,,,,,,,,
1754697600,116625.1,117900,116288.2,116406.2,99612.70600000015,115860.80483639777,115914.38698865073,40916.287,0,-95,-99,-4.236951280239765,-16.666104460284178,12.429153180044413,0.5810733610844698,,,,,,,,,,,,,,60,100,-60,,,,,,,,,,,0,-95,-99,-4.236951280239765,-16.666104460284178,12.429153180044413,0.5810733610844698,,,,,,,,,,,,,,60,100,-60,,,,,,,,,,
1754784000,116406.2,119433.6,116400,119271.8,99690.71300000013,116170.89530581616,116660.47876895058,68471.849,0,-95,-99,12.167257377270857,-2.6278316099265453,14.795088987197403,4.648479032199247,,,,,,,,,,,,,,60,100,-60,,,,,,,,,,,0,-95,-99,12.167257377270857,-2.6278316099265453,14.795088987197403,4.648479032199247,,,,,,,,,,,,,,60,100,-60,,,,,,,,,,
1754870400,119271.8,122421,117855.3,118679.2,99764.79700000014,116398.92300528742,117109.08348696156,122225.839,0,-95,-99,27.459551365150652,11.796619154060577,15.662932211090075,6.673730447368147,,,,,,,,,,,,,,60,100,-60,,,,,,,,,,,0,-95,-99,27.459551365150652,11.796619154060577,15.662932211090075,6.673730447368147,,,,,,,,,,,,,,60,100,-60,,,,,,,,,,
1754956800,118679.2,120280,118150,120090.5,99841.24900000013,116734.52091389765,117771.620489859,79229.258,0,-95,-99,35.55761929462967,25.061476012350386,10.49614328227928,8.029738947678785,,,,,,,,,,,,,,60,100,-60,,,,,,,,,,,0,-95,-99,35.55761929462967,25.061476012350386,10.49614328227928,8.029738947678785,,,,,,,,,,,,,,60,100,-60,,,,,,,,,,
1755043200,120090.5,123742.2,118900.5,123348,99934.44200000014,117335.7462853615,119010.81593655699,113952.074,0,-95,-99,48.079813935090954,37.03232819829042,11.047485736800532,10.579992127194677,,,,,,68.60800155924206,,,,94.0418134930002,,,,60,100,-60,,,,,,,,,,,0,-95,-99,48.079813935090954,37.03232819829042,11.047485736800532,10.579992127194677,,,,,,68.60800155924206,,,,94.0418134930002,,,,60,100,-60,,,,,,,,,,
1755129600,123348,124571.2,117117,118250.1,100012.92400000013,117418.86935032863,118841.76795065544,143284.437,0,-95,-99,47.50709175952128,43.71484166308063,3.792250096440654,8.58017845019229,,,43.71484166308063,,,,,,,,,,,60,100,-60,,,,,,,,,,,0,-95,-99,47.50709175952128,43.71484166308063,3.792250096440654,8.58017845019229,,,43.71484166308063,,,,,,,,,,,60,100,-60,,,,,,,,,,
1755216000,118250.1,119208,116719.3,117280.8,100089.20700000014,117406.31759120784,118494.88618384312,65940.355,0,-95,-99,35.335902028725016,43.640935907779074,-8.305033879054058,6.861924362706866,,,,,,,,,,,,,,60,100,-60,,,,,43.640935907779074,,,,,,0,-95,-99,35.335902028725016,43.640935907779074,-8.305033879054058,6.861924362706866,,,,,,,,,,,,,,60,100,-60,,,,,43.640935907779074,,,,,
1755302400,117280.8,117857.2,117069.7,117327.7,100169.45550000014,117399.17053746167,118235.51147632243,20031.882,0,-95,-99,23.882136130216523,35.57504330615427,-11.692907175937748,8.2754293321114,,,,,,,,,,,,,,60,100,-60,,,,,,,,,,,0,-95,-99,23.882136130216523,35.57504330615427,-11.692907175937748,8.2754293321114,,,,,,,,,,,,,,60,100,-60,,,,,,,,,,
1755388800,117327.7,118585.7,117101,117355.6,100237.73350000013,117395.20957951061,118039.97559269522,26594.528,0,-95,-99,16.295576740384874,25.171204966442133,-8.875628226057259,7.9197998660262225,,,,,,,,,,,,,,60,100,-60,,,,,,,,,,,0,-95,-99,16.295576740384874,25.171204966442133,-8.875628226057259,7.9197998660262225,,,,,,,,,,,,,,60,100,-60,,,,,,,,,,
1755475200,117355.6,117509.6,114577.7,116168,100295.15050000013,117283.64507228238,117623.98101654073,75509.463,0,-95,-99,1.3531149112871415,13.843609260629513,-12.490494349342372,7.364823491551748,,,,,,,,,,,,,,60,100,-60,,,,,,,,,,,0,-95,-99,1.3531149112871415,13.843609260629513,-12.490494349342372,7.364823491551748,,,,,,,,,,,,,,60,100,-60,,,,,,,,,,
1755561600,116168,116681.9,112673,112825.7,100347.39100000015,116878.37733843853,116557.69634619834,78511.182,0,-95,-99,-16.738857424230318,0.30327807581389915,-17.042135500044218,6.08260615518954,,,,,,,,,,,,,,60,100,-60,,,,,,,,,,,0,-95,-99,-16.738857424230318,0.30327807581389915,-17.042135500044218,6.08260615518954,,,,,,,,,,,,,,60,100,-60,,,,,,,,,,
1755648000,112825.7,114567,112286.8,114217.4,100415.59550000014,116636.47030767139,116037.6304914876,65974.754,0,-95,-99,-28.612879473947835,-14.66620732896367,-13.946672144984165,8.529123298609017,,,,,,,,,,,,,,60,100,-60,,,,,,,,,,,0,-95,-99,-28.612879473947835,-14.66620732896367,-13.946672144984165,8.529123298609017,,,,,,,,,,,,,,60,100,-60,,,,,,,,,,
1755734400,114217.4,114783.7,111945.2,112462.7,100489.68050000013,116257.03664333763,115243.20149337924,56416.961,0,-95,-99,-37.450341205176684,-27.600692701118277,-9.849648504058408,7.548402918504166,,,,,,,,,,,6.418369253456921,,,60,100,-60,,,,,,,,,,,0,-95,-99,-37.450341205176684,-27.600692701118277,-9.849648504058408,7.548402918504166,,,,,,,,,,,6.418369253456921,,,60,100,-60,,,,,,,,,,
1755820800,112462.7,117374.5,111618.8,116899.8,100567.70550000014,116315.46967576149,115611.33449485053,110849.704,0,-95,-99,-33.61922649404266,-33.22748239105572,-0.39174410298693374,7.77666884099596,,,,,,,,,,,,,,60,100,-60,,,,,,,,,,,0,-95,-99,-33.61922649404266,-33.22748239105572,-0.39174410298693374,7.77666884099596,,,,,,,,,,,,,,60,100,-60,,,,,,,,,,
1755907200,116899.8,116998,114504.7,115404.8,100656.19950000015,116232.68152341954,115565.4379404393,40974.686,0,-95,-99,-28.33228719719614,-33.1339516321385,4.8016644349423565,5.154567323886942,,,,,,,,,,,,,,60,100,-60,,-108,,-108,-33.1339516321385,,,,,,0,-95,-99,-28.33228719719614,-33.1339516321385,4.8016644349423565,5.154567323886942,,,,,,,,,,,,,,60,100,-60,,-108,,-108,-33.1339516321385,,,,,
1755993600,115404.8,115656.7,110551,113474.8,100740.73100000015,115981.9650212905,115100.85173145279,77200.189,0,-95,-99,-37.32734295651157,-33.09295221591679,-4.234390740594783,2.9109339827192278,,,,,,,,,,26.091080312081736,,,,60,100,-60,,,,,-33.09295221591679,,,,,,0,-95,-99,-37.32734295651157,-33.09295221591679,-4.234390740594783,2.9109339827192278,,,,,,,,,,26.091080312081736,,,,60,100,-60,,,,,-33.09295221591679,,,,,
1756080000,113474.8,113649.9,109222.6,110069.7,100808.57950000014,115444.48638299137,113982.81801335217,115780.293,0,-95,-99,-50.11944619548988,-38.59302544973253,-11.526420745757349,1.4914030387018018,,,,,,,,,,,,,,60,100,-60,,,,,,,,,,,0,-95,-99,-50.11944619548988,-38.59302544973253,-11.526420745757349,1.4914030387018018,,,,,,,,,,,,,,60,100,-60,,,,,,,,,,
1756166400,110069.7,112342.4,108669,111723.1,100884.99200000014,115106.17852999215,113480.65845482946,77734.568,0,-95,-99,-56.22980181754724,-47.89219698984956,-8.337604827697682,2.4549718368746927,,,,,,,,,,,,,,60,100,-60,,,,,,,,,,,0,-95,-99,-56.22980181754724,-47.89219698984956,-8.337604827697682,2.4549718368746927,,,,,,,,,,,,,,60,100,-60,,,,,,,,,,
1756252800,111723.1,112589.9,110312.1,111184.3,100958.87950000014,114749.64411817468,112970.35657597847,63118.555,0,-95,-99,-56.992735942868144,-54.44732798530175,-2.545407957566397,1.0468571173141963,,,,,,,,,,,11.88100709853725,,,60,100,-60,,,,,,,,,,,0,-95,-99,-56.992735942868144,-54.44732798530175,-2.545407957566397,1.0468571173141963,,,,,,,,,,,11.88100709853725,,,60,100,-60,,,,,,,,,,
1756339200,111184.3,113433,110781.5,112511.4,101039.29350000015,114546.1673801588,112868.36622576103,53956.782,0,-95,-99,-52.654434335493036,-55.292324031969464,2.637889696476428,0.37127095215833883,,,,,,,,,,22.273846661779096,,,,60,100,-60,,-108,,,-55.292324031969464,-107,,,,,0,-95,-99,-52.654434335493036,-55.292324031969464,2.637889696476428,0.37127095215833883,,,,,,,,,,22.273846661779096,,,,60,100,-60,,-108,,,-55.292324031969464,-107,,,,
1756425600,112511.4,112616.4,107432.6,108355.3,101094.14900000014,113983.36125468982,111865.46262003636,95552.618,0,-95,-99,-59.3848129986775,-56.34399442567956,-3.0408185729979422,-0.15707660492922182,,,,,,,,,,,,,,60,100,-60,,,,,-56.34399442567956,,,,,,0,-95,-99,-59.3848129986775,-56.34399442567956,-3.0408185729979422,-0.15707660492922182,,,,,,,,,,,,,,60,100,-60,,,,,-56.34399442567956,,,,,
1756512000,108355.3,108902.3,107300,108780.7,101159.30950000015,113510.39204971802,111179.95981558383,29253.799,0,-95,-99,-65.06427024295262,-59.03450585904105,-6.029764383911569,2.0757607054314766,,,,,,,,,,,,,,60,100,-60,,,,,,,,,,,0,-95,-99,-65.06427024295262,-59.03450585904105,-6.029764383911569,2.0757607054314766,,,,,,,,,,,,,,60,100,-60,,,,,,,,,,
1756598400,108780.7,109444,108008.4,108200,101211.16900000014,113027.6291361073,110517.74652323186,36717.604,0,-95,-99,-65.91049191788467,-63.45319171983826,-2.4573001980464113,-0.627072142574506,,,,,,,,,,,9.06079258638352,,,60,100,-60,,,,,,,,,,,0,-95,-99,-65.91049191788467,-63.45319171983826,-2.4573001980464113,-0.627072142574506,,,,,,,,,,,9.06079258638352,,,60,100,-60,,,,,,,,,,
1756684800,108200,109872.8,107202,109191.8,101274.27450000015,112678.91739646118,110223.09174029145,80073.654,0,-95,-99,-64.07695839105928,-65.01724018396551,0.9402817929062337,-0.606065902138841,,-65.01724018396551,,-65.01724018396551,,,,,,,,,,60,100,-60,,,,,-65.01724018396551,-107,,,,,0,-95,-99,-64.07695839105928,-65.01724018396551,0.9402817929062337,-0.606065902138841,,-65.01724018396551,,-65.01724018396551,,,,,,,,,,60,100,-60,,,,,-65.01724018396551,-107,,,,
1756771200,109191.8,111730,108320.7,111217.7,101343.11250000015,112546.07945132835,110444.11579800447,88135.331,0,-95,-99,-54.47104398731876,-61.4861647654209,7.015120778102144,2.4689241406541695,,,,,,,,,,,,,,60,100,-60,,,,,,,,,,,0,-95,-99,-54.47104398731876,-61.4861647654209,7.015120778102144,2.4689241406541695,,,,,,,,,,,,,,60,100,-60,,,,,,,,,,
1756857600,111217.7,112557,110476.8,111661.8,101413.75200000014,112465.6904102985,110714.7122873368,56594.776,0,-95,-99,-40.23439988129609,-52.92746741989138,12.693067538595287,2.3400610934456543,,,,,,,,,,,,,,60,100,-60,,,,,,,,,,,0,-95,-99,-40.23439988129609,-52.92746741989138,12.693067538595287,2.3400610934456543,,,,,,,,,,,,,,60,100,-60,,,,,,,,,,
1756944000,111661.8,112138.3,109276.7,110685.5,101486.87900000013,112303.85491845319,110708.22066792863,69781.744,0,-95,-99,-33.94277138589615,-42.882738418170334,8.939967032274183,0.165734036164364,,,,,,,,,,,,,,60,100,-60,,,,,,,,,,,0,-95,-99,-33.94277138589615,-42.882738418170334,8.939967032274183,0.165734036164364,,,,,,,,,,,,,,60,100,-60,,,,,,,,,,
1757030400,110685.5,113369.4,110155,110623.1,101561.31950000014,112151.05901677563,110689.3049639445,113076.839,0,-95,-99,-23.538867163087225,-32.572012810093156,9.03314564700593,1.193127690519579,,,,,,,,,,,,,,60,100,-60,,,,,,,,,,,0,-95,-99,-23.538867163087225,-32.572012810093156,9.03314564700593,1.193127690519579,,,,,,,,,,,,,,60,100,-60,,,,,,,,,,
1757116800,110623.1,111258,109888,110131.5,101633.88300000013,111967.4627425233,110565.34830529016,22349.372,0,-95,-99,-23.40283885788636,-26.96149246895658,3.55865361107022,-0.6415041605998817,,,,,,,,,,,,,,60,100,-60,,,,,,,,,,,0,-95,-99,-23.40283885788636,-26.96149246895658,3.55865361107022,-0.6415041605998817,,,,,,,,,,,,,,60,100,-60,,,,,,,,,,
1757203200,110131.5,111558,110119.4,111086.7,101706.23450000014,111887.3934022939,110681.2042374479,26731.491,0,-95,-99,-17.971707241653025,-21.637804420875536,3.666097179222511,-0.5394057958213556,,,,,,,,,,,,,,60,100,-60,,,,,,,,,,,0,-95,-99,-17.971707241653025,-21.637804420875536,3.666097179222511,-0.5394057958213556,,,,,,,,,,,,,,60,100,-60,,,,,,,,,,
1757289600,111086.7,112871.4,110555.3,112011.3,101775.05750000013,111898.657638449,110976.7810735706,56300.974,0,-95,-99,-4.518120550624515,-15.297555550054634,10.77943499943012,-1.1464578363564262,,,,,,,,,,,,,,60,100,-60,,,,,,,,,,,0,-95,-99,-4.518120550624515,-15.297555550054634,10.77943499943012,-1.1464578363564262,,,,,,,,,,,,,,60,100,-60,,,,,,,,,,
1757376000,112011.3,113238.1,110706.4,111500,101851.56550000014,111862.41603495364,111093.05194611047,75941.704,0,-95,-99,5.041313731201798,-5.816171353691916,10.857485084893714,-2.691589710064814,,,,,,,,,,,,,,60,100,-60,,,,,,,,,,,0,-95,-99,5.041313731201798,-5.816171353691916,10.857485084893714,-2.691589710064814,,,,,,,,,,,,,,60,100,-60,,,,,,,,,,
1757462400,111500,114250,110865,113890,101938.24350000013,112046.74184995785,111714.59595808592,80341.441,0,-95,-99,20.965997554098777,7.163063578225352,13.802933975873426,-0.6647689028108439,,,,,,,,,,,,,,60,100,-60,,,,,,,,,,,0,-95,-99,20.965997554098777,7.163063578225352,13.802933975873426,-0.6647689028108439,,,,,,,,,,,,,,60,100,-60,,,,,,,,,,
1757548800,113890,115446.1,113242,115440.1,102034.13100000014,112355.22895450714,112542.48574517794,73519.99,0,-95,-99,38.88731046494225,21.631540583414278,17.255769881527975,-0.7317116552242493,,,,,,,,,,,,,,60,100,-60,,,,,,,,,,,0,-95,-99,38.88731046494225,21.631540583414278,17.255769881527975,-0.7317116552242493,,,,,,,,,,,,,,60,100,-60,,,,,,,,,,
1757635200,115440.1,116600,114700.8,115972,102156.60000000015,112684.02632227921,113304.60002402728,67336.242,0,-95,-99,51.76914324198435,37.20748375367513,14.561659488309225,-0.482149685776617,,,,,,,,,,,,,,60,100,-60,,,,,,,,,,,0,-95,-99,51.76914324198435,37.20748375367513,14.561659488309225,-0.482149685776617,,,,,,,,,,,,,,60,100,-60,,,,,,,,,,
1757721600,115972,116222,114978.2,115849.6,102292.52150000013,112971.80574752655,113870.15557424344,35073.515,0,-95,-99,57.33369311701392,49.330048941313514,8.003644175700408,0.5204003249032589,,,,,,,,,,98.8734179302675,,,,60,100,-60,,,,,,,,,,,0,-95,-99,57.33369311701392,49.330048941313514,8.003644175700408,0.5204003249032589,,,,,,,,,,98.8734179302675,,,,60,100,-60,,,,,,,,,,
1757808000,115849.6,116117.8,115060.1,115214.4,102447.55050000014,113175.67795229687,114168.8765577449,34689.23,0,-95,-99,58.373103898641936,55.82531341921341,2.547790479428528,-1.6949088282063547,,,,,,,,,,,,,,60,100,-60,,,,,,,,,,,0,-95,-99,58.373103898641936,55.82531341921341,2.547790479428528,-1.6949088282063547,,,,,,,,,,,,,,60,100,-60,,,,,,,,,,
1757894400,115214.4,116761.3,114316.3,115315.6,102600.69850000014,113370.21632026989,114423.70398935713,71614.932,0,-95,-99,57.66383570717947,57.79021090761177,-0.12637520043229955,-2.003496561943332,,,,,,,,,,,,,,60,100,-60,108,,108,,57.79021090761177,,105,,,,0,-95,-99,57.66383570717947,57.79021090761177,-0.12637520043229955,-2.003496561943332,,,,,,,,,,,,,,60,100,-60,108,,108,,57.79021090761177,,105,,,
1757980800,115315.6,116947.3,114688,116748.9,102762.90500000014,113677.36938206354,114940.41421394443,58734.634,0,-95,-99,58.84836723466962,58.29510228016368,0.5532649545059343,0.3730944758286867,,,,,,,,,,,90.88880718821969,,,60,100,-60,,,,,58.29510228016368,,,,,,0,-95,-99,58.84836723466962,58.29510228016368,0.5532649545059343,0.3730944758286867,,,,,,,,,,,90.88880718821969,,,60,100,-60,,,,,58.29510228016368,,,,,
1758067200,116748.9,117239.5,114710,116400.2,102914.78400000013,113924.89943823958,115264.8110552901,90856.98,0,-95,-99,58.1504377421715,58.22088022800687,-0.07044248583537183,0.1995342439520802,,,,,,,,,,,,,,60,100,-60,,,,,58.22088022800687,,105,,,,0,-95,-99,58.1504377421715,58.22088022800687,-0.07044248583537183,0.1995342439520802,,,,,,,,,,,,,,60,100,-60,,,,,58.22088022800687,,105,,,
1758153600,116400.2,117884,115980.1,117023.5,103028.60300000013,114206.59039839961,115655.6308207812,63019.994,0,-95,-99,60.22347518998736,59.07409338894283,1.1493818010445338,1.5751685208478685,59.07409338894283,,59.07409338894283,,,61.14420052887725,,,,95.31690757602838,,,,60,100,-60,,,,,59.07409338894283,,,,,,0,-95,-99,60.22347518998736,59.07409338894283,1.1493818010445338,1.5751685208478685,59.07409338894283,,59.07409338894283,,,61.14420052887725,,,,95.31690757602838,,,,60,100,-60,,,,,59.07409338894283,,,,,
1758240000,117023.5,117417.6,115035,115572.9,103175.64100000015,114330.80036218146,115637.24619394093,47422.389,0,-95,-99,55.29180249925801,57.88857181047229,-2.596769311214281,-0.027064452059886612,,,,,,,,,,,,,,60,100,-60,108,,,,57.88857181047229,,105,,,,0,-95,-99,55.29180249925801,57.88857181047229,-2.596769311214281,-0.027064452059886612,,,,,,,,,,,,,,60,100,-60,108,,,,57.88857181047229,,105,,,
1758326400,115572.9,116093.6,115360,115628.9,103317.48500000015,114448.80942016497,115635.39148417627,16833.046,0,-95,-99,48.676416165325385,54.73056461819025,-6.054148452864865,-1.4147145144305584,,,,,,,,,,,,,,60,100,-60,,,,,,,,,,,0,-95,-99,48.676416165325385,54.73056461819025,-6.054148452864865,-1.4147145144305584,,,,,,,,,,,,,,60,100,-60,,,,,,,,,,
1758412800,115628.9,115779.6,115117.3,115173.4,103440.51300000015,114514.68129105905,115532.72670991487,19906.337,0,-95,-99,40.04227661525927,48.00349842661422,-7.961221811354953,-2.0111872075442108,,,,,,,,,,,,,,60,100,-60,,,,,,,,,,,0,-95,-99,40.04227661525927,48.00349842661422,-7.961221811354953,-2.0111872075442108,,,,,,,,,,,,,,60,100,-60,,,,,,,,,,
1758499200,115173.4,115340.2,111500,112600.7,103554.01850000015,114340.68299187187,114881.16521882267,95970.115,0,-95,-99,16.77986717000812,35.166186650197595,-18.386319480189474,-3.2609079681750712,,,,,,,,,,,,,,60,100,-60,,,,,,,,,,,0,-95,-99,16.77986717000812,35.166186650197595,-18.386319480189474,-3.2609079681750712,,,,,,,,,,,,,,60,100,-60,,,,,,,,,,
1758585600,112600.7,113247.1,111350.7,111937.5,103679.91350000014,114122.2118107926,114227.01739241763,58055.901,0,-95,-99,-3.077953025554521,17.914730253237625,-20.992683278792146,-3.6582237315709696,,,,,,,,,,,,,,60,100,-60,,,,,,,,,,,0,-95,-99,-3.077953025554521,17.914730253237625,-20.992683278792146,-3.6582237315709696,,,,,,,,,,,,,,60,100,-60,,,,,,,,,,
1758672000,111937.5,113900,110904.2,113255.5,103815.25500000015,114043.41982799328,114011.12463854704,58452.381,0,-95,-99,-13.218096134959847,0.16127266983125685,-13.379368804791104,-3.1551479393484034,,,,,,,,,,,,,,60,100,-60,,,,,,,,,,,0,-95,-99,-13.218096134959847,0.16127266983125685,-13.379368804791104,-3.1551479393484034,,,,,,,,,,,,,,60,100,-60,,,,,,,,,,
1758758400,113255.5,113457.3,108560,108931.3,103956.45000000014,113578.68166181206,112882.27471886993,106454.852,0,-95,-99,-29.550807973165437,-15.282285711226598,-14.26852226193884,-7.2993171691558,,,,,,,,,,,,,,60,100,-60,,,,,,,,,,,0,-95,-99,-29.550807973165437,-15.282285711226598,-14.26852226193884,-7.2993171691558,,,,,,,,,,,,,,60,100,-60,,,,,,,,,,
1758844800,108931.3,110255.6,108550,109592.1,104111.59450000014,113216.26514710188,112151.12478134329,61072.185,0,-95,-99,-41.14182436978709,-27.97024282597079,-13.171581543816298,-4.938216253429378,,,,,,,,,,,,,,60,100,-60,,,,,,,,,,,0,-95,-99,-41.14182436978709,-27.97024282597079,-13.171581543816298,-4.938216253429378,,,,,,,,,,,,,,60,100,-60,,,,,,,,,,
1758931200,109592.1,109710.9,108988,109585.6,104245.07650000016,112886.20467918353,111581.008163267,19515.907,0,-95,-99,-47.20064981510455,-39.29776071935236,-7.902889095752187,-4.808228038800532,,,,,,,,,,,8.033495093305106,,,60,100,-60,,,,,,,,,,,0,-95,-99,-47.20064981510455,-39.29776071935236,-7.902889095752187,-4.808228038800532,,,,,,,,,,,8.033495093305106,,,60,100,-60,,,,,,,,,,
1759017600,109585.6,112345.9,109133.8,112133.5,104387.49450000015,112817.77698107593,111703.78412698545,38896.534,0,-95,-99,-43.30213226295344,-43.88153548261503,0.5794032196615859,-2.7083000910954462,,,,-43.88153548261503,,,,,,,,,,60,100,-60,,,,-108,-43.88153548261503,,,,,,0,-95,-99,-43.30213226295344,-43.88153548261503,0.5794032196615859,-2.7083000910954462,,,,-43.88153548261503,,,,,,,,,,60,100,-60,,,,-108,-43.88153548261503,,,,,
1759104000,112133.5,114377.1,111487.2,114251.4,104553.39000000014,112948.10634643267,112269.92098765535,61563.487,0,-95,-99,-28.865420879843256,-39.789400985967085,10.923980106123828,0.6115811461859888,,,,,,,,,,,,,,60,100,-60,,,,,,,,,,,0,-95,-99,-28.865420879843256,-39.789400985967085,10.923980106123828,0.6115811461859888,,,,,,,,,,,,,,60,100,-60,,,,,,,,,,
1759190400,114251.4,114825.7,112603.9,114013.8,104703.71750000014,113044.98758766607,112657.44965706527,65002.37,0,-95,-99,-15.717742640523,-29.295098594439896,13.577355953916896,2.182094339132786,,,,,,,,,,,,,,60,100,-60,,,,,,,,,,,0,-95,-99,-15.717742640523,-29.295098594439896,13.577355953916896,2.182094339132786,,,,,,,,,,,,,,60,100,-60,,,,,,,,,,
1759276800,114013.8,118644,113913.8,118555.4,104874.95250000014,113545.93417060551,113968.10528882855,90724.436,0,-95,-99,5.3099388810351975,-13.09107487977702,18.40101376081222,5.46882782569553,,,,,,,,,,,,,,60,100,-60,,,,,,,,,,,0,-95,-99,5.3099388810351975,-13.09107487977702,18.40101376081222,5.46882782569553,,,,,,,,,,,,,,60,100,-60,,,,,,,,,,
1759363200,118555.4,120994.2,118202.7,120484,105064.73000000016,114176.6674278232,115416.0818913111,92986.891,0,-95,-99,24.60042854246854,4.7308749276602455,19.869553614808293,5.8025465229262405,,,,,,,,,,,,,,60,100,-60,,,,,,,,,,,0,-95,-99,24.60042854246854,4.7308749276602455,19.869553614808293,5.8025465229262405,,,,,,,,,,,,,,60,100,-60,,,,,,,,,,
1759449600,120484,123858.6,119160,122180.2,105255.85550000014,114904.26129802108,116919.21924879753,102149.043,0,-95,-99,38.58349636193738,22.831287928480368,15.75220843345701,5.380485828174833,,,,,,,,,,,,,,60,100,-60,,,,,,,,,,,0,-95,-99,38.58349636193738,22.831287928480368,15.75220843345701,5.380485828174833,,,,,,,,,,,,,,60,100,-60,,,,,,,,,,
1759536000,122180.2,122767.7,121472.9,122359.3,105454.27350000014,115581.99208911008,118128.12608239807,33690.204,0,-95,-99,46.6365379306288,36.60682094501157,10.029716985617227,6.65028973653026,,,,,,,,,,,,,,60,100,-60,,,,,,,,,,,0,-95,-99,46.6365379306288,36.60682094501157,10.029716985617227,6.65028973653026,,,,,,,,,,,,,,60,100,-60,,,,,,,,,,
1759622400,122359.3,125849.7,122082.6,123447.9,105637.55150000013,116297.07462646371,119310.29806408739,103289.951,0,-95,-99,53.080708383430164,46.100247558665444,6.9804608247647195,6.460468065836267,,,,,,,,,,,,,,60,100,-60,,,,,,,,,,,0,-95,-99,53.080708383430164,46.100247558665444,6.9804608247647195,6.460468065836267,,,,,,,,,,,,,,60,100,-60,,,,,,,,,,
1759708800,123447.9,126150,122989.1,124606.1,105839.73750000015,117052.44056951247,120487.14293873463,89136.383,0,-95,-99,56.927307391931336,52.214851235330094,4.712456156601242,5.538608168518595,,,,,,72.81726314755983,,,,,,,,60,100,-60,,,,,,,,,,,0,-95,-99,56.927307391931336,52.214851235330094,4.712456156601242,5.538608168518595,,,,,,72.81726314755983,,,,,,,,60,100,-60,,,,,,,,,,
1759795200,124606.1,125114.2,120545,121299.4,106025.96150000014,117438.52779046589,120667.64450790471,111549.498,0,-95,-99,53.80430029098523,54.604105355448915,-0.7998050644636834,4.858886529549762,54.604105355448915,,54.604105355448915,,,,,,,,,,,60,100,-60,,,108,,54.604105355448915,,105,,106,,0,-95,-99,53.80430029098523,54.604105355448915,-0.7998050644636834,4.858886529549762,54.604105355448915,,54.604105355448915,,,,,,,,,,,60,100,-60,,,108,,54.604105355448915,,105,,106,
1759881600,121299.4,124162.5,121000,123245.3,106223.15850000012,117966.4161731508,121240.45683948144,80807.834,0,-95,-99,51.67442693424957,54.135344872388714,-2.460917938139147,6.736674635744855,,,,,,,,,,,,,,60,100,-60,,,,,,,,,,,0,-95,-99,51.67442693424957,54.135344872388714,-2.460917938139147,6.736674635744855,,,,,,,,,,,,,,60,100,-60,,,,,,,,,,
1759968000,123245.3,123733.9,119574,121603,106400.98450000014,118297.01470286437,121321.02198626334,101478.669,0,-95,-99,46.16625911849086,50.548328781241885,-4.382069662751022,3.38814114266855,,,,,,,,,,,,,,60,100,-60,,,,,,,,,,,0,-95,-99,46.16625911849086,50.548328781241885,-4.382069662751022,3.38814114266855,,,,,,,,,,,,,,60,100,-60,,,,,,,,,,
1760054400,121603,122490,101045.9,112732.5,106527.34750000015,117791.1497298767,119412.46154487149,269200.998,0,-95,-99,19.169026768186974,39.0032376069758,-19.834210838788827,2.678483629371038,,,,,,,,,,,,,,60,100,-60,,,,,,,,,,,0,-95,-99,19.169026768186974,39.0032376069758,-19.834210838788827,2.678483629371038,,,,,,,,,,,,,,60,100,-60,,,,,,,,,,
1760140800,112732.5,113279.8,109453.4,110599.9,106643.53500000015,117137.39975443337,117454.11453490004,88160.921,0,-95,-99,0.5164148802892008,21.95056692232235,-21.434152042033148,-0.37131799590785386,,,,,,,,,,,,,,60,100,-60,,,,,,,,,,,0,-95,-99,0.5164148802892008,21.95056692232235,-21.434152042033148,-0.37131799590785386,,,,,,,,,,,,,,60,100,-60,,,,,,,,,,
1760227200,110599.9,115749,109503.2,114908.5,106783.77350000014,116934.77250403033,116888.42241603337,98366.647,0,-95,-99,-8.054454874224675,3.8769955914171654,-11.93145046564184,-0.3287212547402416,,,,,,,,,,,,,,60,100,-60,,,,,,,,,,,0,-95,-99,-8.054454874224675,3.8769955914171654,-11.93145046564184,-0.3287212547402416,,,,,,,,,,,,,,60,100,-60,,,,,,,,,,
1760313600,114908.5,115950.6,113526.4,115116.7,106923.44850000014,116769.49318548212,116494.70632358151,80650.448,0,-95,-99,-11.161332338630139,-6.233124110855203,-4.9282082277749355,1.5957295699422689,,,,,,,,,,,,,,60,100,-60,,,,,,,,,,,0,-95,-99,-11.161332338630139,-6.233124110855203,-4.9282082277749355,1.5957295699422689,,,,,,,,,,,,,,60,100,-60,,,,,,,,,,
1760400000,115116.7,115370.5,109800,112972.1,107066.43400000014,116424.27562316557,115711.90491834118,140407.469,0,-95,-99,-18.213166666448537,-12.476317959767783,-5.736848706680753,1.6069497727375932,,,,,,,,,,,,,,60,100,-60,,,,,,,,,,,0,-95,-99,-18.213166666448537,-12.476317959767783,-5.736848706680753,1.6069497727375932,,,,,,,,,,,,,,60,100,-60,,,,,,,,,,
1760486400,112972.1,113590,110072.8,110705.3,107206.94100000012,115904.36874833233,114599.3260475987,78436.584,0,-95,-99,-25.491926918464205,-18.28880864118096,-7.203118277283245,-0.15316395409055117,,,,,,,,,,,,,,60,100,-60,,,,,,,,,,,0,-95,-99,-25.491926918464205,-18.28880864118096,-7.203118277283245,-0.15316395409055117,,,,,,,,,,,,,,60,100,-60,,,,,,,,,,
1760572800,110705.3,111962.3,107362.1,108137.8,107335.89050000013,115198.31704393848,113163.43137035455,111060.154,0,-95,-99,-34.350753889033214,-26.018615824648652,-8.332138064384562,-1.5954629105109657,,,,,,,,,,,,,,60,100,-60,,,,,,,,,,,0,-95,-99,-34.350753889033214,-26.018615824648652,-8.332138064384562,-1.5954629105109657,,,,,,,,,,,,,,60,100,-60,,,,,,,,,,
1760659200,108137.8,109199.3,103437.4,106364.6,107455.19150000013,114395.25185812589,111652.5799547202,131510.936,0,-95,-99,-43.84524090723878,-34.56264057157873,-9.28260033566005,-1.3521732722793316,,,,,,,,,,,,,,60,100,-60,,,,,,,,,,,0,-95,-99,-43.84524090723878,-34.56264057157873,-9.28260033566005,-1.3521732722793316,,,,,,,,,,,,,,60,100,-60,,,,,,,,,,
1760745600,106364.6,107476.5,106259.7,107122.2,107565.15000000013,113734.065325569,110645.82885367126,31438.438,0,-95,-99,-47.61051393324754,-41.93550290983985,-5.675011023407691,2.288668409219947,,,,,,,,,,,2.6975372116393146,,,60,100,-60,,,,,,,,,,,0,-95,-99,-47.61051393324754,-41.93550290983985,-5.675011023407691,2.288668409219947,,,,,,,,,,,2.6975372116393146,,,60,100,-60,,,,,,,,,,
1760832000,107122.2,109434.5,106060.3,108597.3,107695.79600000013,113267.08665960818,110190.6002195221,54161.509,0,-95,-99,-47.065894749597454,-46.17388319669459,-0.8920115529028649,1.855741144412205,,,,-46.17388319669459,,,,,,,,,,60,100,-60,,,,,,,,,,,0,-95,-99,-47.065894749597454,-46.17388319669459,-0.8920115529028649,1.855741144412205,,,,-46.17388319669459,,,,,,,,,,60,100,-60,,,,,,,,,,
1760918400,108597.3,111692.3,107373.7,110490,107832.37000000013,113014.62423600744,110257.13350407274,83190.472,0,-95,-99,-41.597245173660895,-45.42455128550196,3.827306111841068,4.4968552605326435,,,,,,,,,,,,,,60,100,-60,,-108,,,-45.42455128550196,,,,,,0,-95,-99,-41.597245173660895,-45.42455128550196,3.827306111841068,4.4968552605326435,,,,,,,,,,,,,,60,100,-60,,-108,,,-45.42455128550196,,,,,
1761004800,110490,114000,107412.1,108240.1,107954.26000000013,112580.57657818859,109808.90383650102,152354.306,0,-95,-99,-36.81237575925699,-41.82517189417178,5.012796134914794,1.7157917033277927,,,,,,,,,,,,,,60,100,-60,,,,,,,,,,,0,-95,-99,-36.81237575925699,-41.82517189417178,5.012796134914794,1.7157917033277927,,,,,,,,,,,,,,60,100,-60,,,,,,,,,,
1761091200,108240.1,109273.7,106588,107522.8,108074.39050000014,112120.77870744417,109300.88076172302,110963.34,0,-95,-99,-39.447804599155084,-39.28580851069099,-0.1619960884640932,2.547106050173208,,,,,,,,,,,,,,60,100,-60,,,,,-39.28580851069099,,,,,,0,-95,-99,-39.447804599155084,-39.28580851069099,-0.1619960884640932,2.547106050173208,,,,,,,,,,,,,,60,100,-60,,,,,-39.28580851069099,,,,,
1761177600,107522.8,111272.4,107456.7,110015,108232.58500000014,111929.3442794947,109459.57392578457,83304.981,0,-95,-99,-34.23914393422982,-36.8331080975473,2.59396416331748,5.124987257612729,,,,,,,,,,,,,,60,100,-60,,-108,,-108,-36.8331080975473,,,,,,0,-95,-99,-34.23914393422982,-36.8331080975473,2.59396416331748,5.124987257612729,,,,,,,,,,,,,,60,100,-60,,-108,,-108,-36.8331080975473,,,,,
1761264000,110015,112162.2,109603.4,110964.7,108391.68800000013,111841.64934499518,109794.04638672133,72850.415,0,-95,-99,-23.659477771514034,-32.44880876829965,8.789330996785615,7.975649502497113,,,,,,,,,,,,,,60,100,-60,,,,,,,,,,,0,-95,-99,-23.659477771514034,-32.44880876829965,8.789330996785615,7.975649502497113,,,,,,,,,,,,,,60,100,-60,,,,,,,,,,
1761350400,110964.7,111935.8,110618.8,111587.5,108568.19100000012,111818.54485908653,110192.59163411659,25005.408,0,-95,-99,-13.095220691366931,-23.664614132370264,10.569393441003333,8.032630038426596,,,,,,,,,,,,,,60,100,-60,,,,,,,,,,,0,-95,-99,-13.095220691366931,-23.664614132370264,10.569393441003333,8.032630038426596,,,,,,,,,,,,,,60,100,-60,,,,,,,,,,
1761436800,111587.5,115583,111187.8,114498.3,108727.71300000012,112062.15896280593,111149.41571542401,51419.599,0,-95,-99,4.129702865473815,-10.87499853246905,15.004701397942865,10.279659944342056,,,,,,,,,,,,,,60,100,-60,,,,,,,,,,,0,-95,-99,4.129702865473815,-10.87499853246905,15.004701397942865,10.279659944342056,,,,,,,,,,,,,,60,100,-60,,,,,,,,,,
1761523200,114498.3,116373.3,113777.3,114061.3,108900.23200000012,112243.8990570963,111796.50111199645,64691.2,0,-95,-99,18.163789755555058,3.066090643220648,15.09769911233441,8.607547326458823,,,,,,,,,,97.5139736377829,,,,60,100,-60,,,,,,,,,,,0,-95,-99,18.163789755555058,3.066090643220648,15.09769911233441,8.607547326458823,,,,,,,,,,97.5139736377829,,,,60,100,-60,,,,,,,,,,
1761609600,114061.3,116060.5,112112,112836,109047.49800000012,112297.7264155421,112027.50086488613,90044.271,0,-95,-99,23.373891697623222,15.222461439550699,8.151430258072523,9.836115770928895,,,,,,,,,,,,,,60,100,-60,,,,,,,,,,,0,-95,-99,23.373891697623222,15.222461439550699,8.151430258072523,9.836115770928895,,,,,,,,,,,,,,60,100,-60,,,,,,,,,,
1761696000,112836,113598,109056.2,109948.8,109171.05000000013,112084.18765049282,111565.56733935588,108084.214,0,-95,-99,14.131013376179444,18.556231609785907,-4.425218233606463,7.58314464051864,,,18.556231609785907,,,,,,,,,,,60,100,-60,,,108,,18.556231609785907,,,,,,0,-95,-99,14.131013376179444,18.556231609785907,-4.425218233606463,7.58314464051864,,,18.556231609785907,,,,,,,,,,,60,100,-60,,,108,,18.556231609785907,,,,,
1761782400,109948.8,111571.9,106225,108261.7,109293.77450000012,111736.6887731753,110831.3745972768,127594.01,0,-95,-99,-1.4075415226616474,12.032454517047007,-13.439996039708655,7.805572732075843,,,,,,,,,,,,,,60,100,-60,,,,,,,,,,,0,-95,-99,-1.4075415226616474,12.032454517047007,-13.439996039708655,7.805572732075843,,,,,,,,,,,,,,60,100,-60,,,,,,,,,,
1761868800,108261.7,111147,108223,109546.7,109418.77100000011,111537.59888470481,110545.8913534375,79875.841,0,-95,-99,-8.370356239494742,1.4510385380076862,-9.821394777502428,7.975865421703771,,,,,,,,,,,,,,60,100,-60,,,,,,,,,,,0,-95,-99,-8.370356239494742,1.4510385380076862,-9.821394777502428,7.975865421703771,,,,,,,,,,,,,,60,100,-60,,,,,,,,,,
1761955200,109546.7,110537.2,109333,110046,109550.98250000011,111401.99898609529,110434.80438600694,23460.006,0,-95,-99,-11.880803364210548,-7.2195670421223115,-4.661236322088237,7.526876838870775,,,,,,,,,,,,,,60,100,-60,,,,,,,,,,,0,-95,-99,-11.880803364210548,-7.2195670421223115,-4.661236322088237,7.526876838870775,,,,,,,,,,,,,,60,100,-60,,,,,,,,,,
1762041600,110046,111200,109433,110493.5,109683.52000000014,111319.40816917754,110447.84785578318,29980.136,0,-95,-99,-12.17236838079918,-10.807842661501489,-1.3645257192976903,7.626289377400022,,,,,,,,,,,,,,60,100,-60,,,,,,,,,,,0,-95,-99,-12.17236838079918,-10.807842661501489,-1.3645257192976903,7.626289377400022,,,,,,,,,,,,,,60,100,-60,,,,,,,,,,
1762128000,110493.5,110721.3,105178.2,106536.4,109791.66950000012,110884.58924470685,109578.6372211647,100347.587,0,-95,-99,-26.825592497750655,-16.959588080920128,-9.866004416830528,6.694525014515044,,,,,,,,,,,,,,60,100,-60,,,,,,,,,,,0,-95,-99,-26.825592497750655,-16.959588080920128,-9.866004416830528,6.694525014515044,,,,,,,,,,,,,,60,100,-60,,,,,,,,,,
1762214400,106536.4,107266.7,98888.1,101441.9,109876.78100000013,110026.1629497335,107770.4733942392,142943.049,0,-95,-99,-47.68597868408851,-28.894646520879448,-18.791332163209063,5.222963766671759,,,,,,,,,,,,,,60,100,-60,,,,,,,,,,,0,-95,-99,-47.68597868408851,-28.894646520879448,-18.791332163209063,5.222963766671759,,,,,,,,,,,,,,60,100,-60,,,,,,,,,,
1762300800,101441.9,104500,98894.6,103835.2,109970.71450000012,109463.34813612136,106895.96819551938,83725.95,0,-95,-99,-57.37990861703497,-43.96382659962472,-13.416082017410254,7.187452272150978,,,,,,,,,,,,,,60,100,-60,,,,,,,,,,,0,-95,-99,-57.37990861703497,-43.96382659962472,-13.416082017410254,7.187452272150978,,,,,,,,,,,,,,60,100,-60,,,,,,,,,,
1762387200,103835.2,104167,100234.5,101296.2,110051.46800000012,108720.8801237467,105651.57526318174,83573.988,0,-95,-99,-62.31413239180466,-55.79333989764272,-6.520792494161945,3.9133919417227254,,,,,,,,,,,13.035854975586117,,,60,100,-60,,,,,,,,,,,0,-95,-99,-62.31413239180466,-55.79333989764272,-6.520792494161945,3.9133919417227254,,,,,,,,,,,13.035854975586117,,,60,100,-60,,,,,,,,,,
1762473600,101296.2,104047.6,99201.8,103300.5,110130.61500000014,108228.11829431518,105129.1140935858,87394.757,0,-95,-99,-63.00692581049014,-60.90032227310993,-2.1066035373802094,3.949417826073554,,,,,,,,,,,,,,60,100,-60,,,,,,,,,,,0,-95,-99,-63.00692581049014,-60.90032227310993,-2.1066035373802094,3.949417826073554,,,,,,,,,,,,,,60,100,-60,,,,,,,,,,
1762560000,103300.5,103378.7,101408.7,102268.6,110174.95800000012,107686.3439039229,104493.44429501118,33173.151,0,-95,-99,-61.50055656073322,-62.27387158767601,0.7733150269427895,3.144797954271363,,,,-62.27387158767601,,,,,,,,,,60,100,-60,,-108,,,-62.27387158767601,-107,,,,,0,-95,-99,-61.50055656073322,-62.27387158767601,0.7733150269427895,3.144797954271363,,,,-62.27387158767601,,,,,,,,,,60,100,-60,,-108,,,-62.27387158767601,-107,,,,
1762646400,102268.6,105442.9,101237.3,104665,110230.1070000001,107411.67627629354,104531.5677850087,56192.634,0,-95,-99,-55.23117594384096,-59.91288610502144,4.681710161180483,2.8041868284713107,,,,,,,,,,,,,,60,100,-60,,,,,,,,,,,0,-95,-99,-55.23117594384096,-59.91288610502144,4.681710161180483,2.8041868284713107,,,,,,,,,,,,,,60,100,-60,,,,,,,,,,
1762732800,104665,106634.8,104211.6,105969.5,110290.22700000013,107280.56934208503,104851.10827722898,65671.48,0,-95,-99,-43.059229279617554,-53.26365392806392,10.204424648446363,2.391830540430785,,,,,,,,,,,,,,60,100,-60,,,,,,,,,,,0,-95,-99,-43.059229279617554,-53.26365392806392,10.204424648446363,2.391830540430785,,,,,,,,,,,,,,60,100,-60,,,,,,,,,,
1762819200,105969.5,107481,102420.5,103009.7,110332.29450000012,106892.30849280457,104441.90643784477,73652.259,0,-95,-99,-38.5881215072969,-45.62617557691848,7.03805406962158,0.22946002203946625,,,,,,,,,,,,,,60,100,-60,,,,,,,,,,,0,-95,-99,-38.5881215072969,-45.62617557691848,7.03805406962158,0.22946002203946625,,,,,,,,,,,,,,60,100,-60,,,,,,,,,,
1762905600,103009.7,105316.9,100741.8,101595.6,110367.38100000012,106410.78953891325,103809.39389610148,81501.003,0,-95,-99,-42.179266244285344,-41.27553901039994,-0.9037272338854052,-0.2972350679526441,,,,,,,,,,59.39915412116479,,,,60,100,-60,,,,,-41.27553901039994,,,,,,0,-95,-99,-42.179266244285344,-41.27553901039994,-0.9037272338854052,-0.2972350679526441,,,,,,,,,,59.39915412116479,,,,60,100,-60,,,,,-41.27553901039994,,,,,
1762992000,101595.6,104031.9,97931,99629,110397.02600000013,105794.26321719386,102880.4174747456,123060.242,0,-95,-99,-50.455141665872766,-43.74084313915167,-6.714298526721095,0.3982711226824849,,,,,,,,,,,,,,60,100,-60,,,,,,,,,,,0,-95,-99,-50.455141665872766,-43.74084313915167,-6.714298526721095,0.3982711226824849,,,,,,,,,,,,,,60,100,-60,,,,,,,,,,
1763078400,99629,99901.5,93905.9,94533.3,110394.84400000011,104770.53928835805,101025.50248035768,137799.663,0,-95,-99,-64.03972906264127,-52.224712324266456,-11.815016738374815,-1.8299718553650925,,,,,,,,,,,,,,60,100,-60,,,,,,,,,,,0,-95,-99,-64.03972906264127,-52.224712324266456,-11.815016738374815,-1.8299718553650925,,,,,,,,,,,,,,60,100,-60,,,,,,,,,,
1763164800,94533.3,96777,94511.7,95559.1,110401.6395000001,103933.13571668914,99810.74637361153,42212.279,0,-95,-99,-70.13225941515844,-61.54237671455749,-8.589882700600953,-2.2838923076368003,,,,,,,,,,,,,,60,100,-60,,,,,,,,,,,0,-95,-99,-70.13225941515844,-61.54237671455749,-8.589882700600953,-2.2838923076368003,,,,,,,,,,,,,,60,100,-60,,,,,,,,,,
1763251200,95559.1,96594.9,92920.1,94215.9,110402.1290000001,103049.75065153558,98567.44717947564,65390.354,0,-95,-99,-73.29558308263955,-69.1558571868131,-4.139725895826459,-2.853050207625826,,,,,,,,,,,,,,60,100,-60,,,,,,,,,,,0,-95,-99,-73.29558308263955,-69.1558571868131,-4.139725895826459,-2.853050207625826,,,,,,,,,,,,,,60,100,-60,,,,,,,,,,
1763337600,94215.9,96046.2,91227.7,92171.4,110380.8315000001,102060.80968321416,97146.10336181438,106744.646,0,-95,-99,-75.33493029688395,-72.92092426489398,-2.4140060319899703,-4.732257228786304,,,,,,,28.88538129947085,,,,,,,60,100,-60,,,,,,,,,,,0,-95,-99,-75.33493029688395,-72.92092426489398,-2.4140060319899703,-4.732257228786304,,,,,,,28.88538129947085,,,,,,,60,100,-60,,,,,,,,,,
1763424000,92171.4,93800,89243.1,92925,110361.28900000012,101230.2815301947,96208.0803925223,125238.423,0,-95,-99,-76.138679395171,-74.92306425823149,-1.2156151369395047,-2.7967415451815856,,,,,,,,,,,,,,60,100,-60,,,,,,,,,,,0,-95,-99,-76.138679395171,-74.92306425823149,-1.2156151369395047,-2.7967415451815856,,,,,,,,,,,,,,60,100,-60,,,,,,,,,,
1763510400,92925,92950,88571.6,91509,110339.75650000012,100346.52866381335,95163.84030529512,118198.838,0,-95,-99,-75.92152382271176,-75.79837783825558,-0.12314598445618685,-3.796095765692267,,,,,,,,,,,,,,60,100,-60,,,,,,,,,,,0,-95,-99,-75.92152382271176,-75.79837783825558,-0.12314598445618685,-3.796095765692267,,,,,,,,,,,,,,60,100,-60,,,,,,,,,,
1763596800,91509,93150,86050.2,86583,110301.55100000012,99095.29878528487,93256.98690411843,142756.739,0,-95,-99,-77.17625483950951,-76.41215268579742,-0.7641021537120878,-3.811264683925343,,,,,,,,,,,,,,60,100,-60,,,,,,,,,,,0,-95,-99,-77.17625483950951,-76.41215268579742,-0.7641021537120878,-3.811264683925343,,,,,,,,,,,,,,60,100,-60,,,,,,,,,,
1763683200,86583,87460,80607.9,85097.1,110253.54300000012,97822.73525934988,91443.67870320323,222074.874,0,-95,-99,-80.88177694208507,-77.99318520143545,-2.888591740649616,-2.6785500884354527,,,,,,,,,,,,,,60,100,-60,,,,,,,,,,,0,-95,-99,-80.88177694208507,-77.99318520143545,-2.888591740649616,-2.6785500884354527,,,,,,,,,,,,,,60,100,-60,,,,,,,,,,
1763769600,85097.1,85592.2,83457.5,84701.5,110193.05550000012,96629.89569031807,89945.41676915807,45817.411,0,-95,-99,-80.1614625412329,-79.40649810760915,-0.7549644336237407,-2.2675589139584527,,-79.40649810760915,,-79.40649810760915,,,22.859135961691678,,,,0.9414821310721254,,,60,100,-60,,,,,,,,,,,0,-95,-99,-80.1614625412329,-79.40649810760915,-0.7549644336237407,-2.2675589139584527,,-79.40649810760915,,-79.40649810760915,,,22.859135961691678,,,,0.9414821310721254,,,60,100,-60,,,,,,,,,,
1763856000,84701.5,88082.9,84633,86802.8,110142.1290000001,95736.5233548346,89247.05748712295,69171.284,0,-95,-99,-74.8252901047776,-78.62284319603185,3.797553091254258,-1.8447067733244298,,,,,,,,,,,,,,60,100,-60,,,,-108,-78.62284319603185,-107,,,,,0,-95,-99,-74.8252901047776,-78.62284319603185,3.797553091254258,-1.8447067733244298,,,,,,,,,,,,,,60,100,-60,,,,-108,-78.62284319603185,-107,,,,
1763942400,86802.8,89172.2,85211.1,88240.1,110067.1295000001,95055.03032257692,89023.28915665118,113846.574,0,-95,-99,-67.77970684847693,-74.25548649816248,6.475779649685549,1.2698684432848717,,,,,,,,,,,,,,60,100,-60,,,,,,,,,,,0,-95,-99,-67.77970684847693,-74.25548649816248,6.475779649685549,1.2698684432848717,,,,,,,,,,,,,,60,100,-60,,,,,,,,,,
1764028800,88240.1,88496,86050,87315.5,109989.05100000011,94351.43665688811,88643.78045517314,85998.202,0,-95,-99,-61.953728107158184,-68.18624168680424,6.232513579646053,-0.6437179304554685,,,,,,,,,,,,,,60,100,-60,,,,,,,,,,,0,-95,-99,-61.953728107158184,-68.18624168680424,6.232513579646053,-0.6437179304554685,,,,,,,,,,,,,,60,100,-60,,,,,,,,,,
1764115200,87315.5,90649.9,86252.6,90427,109917.2745000001,93994.6696880801,89040.05146513466,79837.957,0,-95,-99,-52.21274670917572,-60.64872722160362,8.435980512427903,1.147744213672595,,,,,,,,,,,,,,60,100,-60,,,,,,,,,,,0,-95,-99,-52.21274670917572,-60.64872722160362,8.435980512427903,1.147744213672595,,,,,,,,,,,,,,60,100,-60,,,,,,,,,,
1764201600,90427,91902.7,90025,91284.2,109853.2955000001,93748.26335280009,89538.75113954917,56827.705,0,-95,-99,-38.29002531807016,-50.818833378134684,12.528808060064527,0.30598561662299817,,,,,,,,,,,,,,60,100,-60,,,,,,,,,,,0,-95,-99,-38.29002531807016,-50.818833378134684,12.528808060064527,0.30598561662299817,,,,,,,,,,,,,,60,100,-60,,,,,,,,,,
1764288000,91284.2,93081,90151.9,90845.7,109793.7940000001,93484.39395709099,89829.18421964935,74905.564,0,-95,-99,-26.28603501227667,-38.929602346507515,12.643567334230845,-1.9004329240289948,,,,,,,,,,,,,,60,100,-60,,,,,,,,,,,0,-95,-99,-26.28603501227667,-38.929602346507515,12.643567334230845,-1.9004329240289948,,,,,,,,,,,,,,60,100,-60,,,,,,,,,,
1764374400,90845.7,91128.9,90071.3,90766.9,109727.27550000008,93237.34905190089,90037.56550417171,28853.08,0,-95,-99,-19.14577587651124,-27.907278735619354,8.761502859108113,-1.819352929193081,,,,,,,,,,95.4853774141734,,,,60,100,-60,,,,,,,,,,,0,-95,-99,-19.14577587651124,-27.907278735619354,8.761502859108113,-1.819352929193081,,,,,,,,,,95.4853774141734,,,,60,100,-60,,,,,,,,,,
1764460800,90766.9,91963.7,90285.5,90308.6,109661.59350000009,92971.09913809173,90097.79539213356,33467.119,0,-95,-99,-12.470607910319837,-19.300806266369243,6.830198356049406,-4.90239980793957,,,,,,,,,,,,,,60,100,-60,,,,,,,,,,,0,-95,-99,-12.470607910319837,-19.300806266369243,6.830198356049406,-4.90239980793957,,,,,,,,,,,,,,60,100,-60,,,,,,,,,,
1764547200,90308.6,90374.4,83755.3,86244.1,109574.2640000001,92359.55376190157,89241.4186383261,141902.373,0,-95,-99,-24.09746882620543,-18.571284204345503,-5.526184621859926,-8.164748131524973,,,,,,,,,,,,,,60,100,-60,,,,,-18.571284204345503,,,,,,0,-95,-99,-24.09746882620543,-18.571284204345503,-5.526184621859926,-8.164748131524973,,,,,,,,,,,,,,60,100,-60,,,,,-18.571284204345503,,,,,
1764633600,86244.1,92298.9,86148.4,91241.7,109513.42150000008,92257.93069263779,89685.92560758696,108532.27,0,-95,-99,-18.444358248582084,-18.33747832836912,-0.10687992021296466,-7.035871442084061,,,,,,,,,,,84.03260978678537,,,60,100,-60,,,,,,,,,,,0,-95,-99,-18.444358248582084,-18.33747832836912,-0.10687992021296466,-7.035871442084061,,,,,,,,,,,84.03260978678537,,,60,100,-60,,,,,,,,,,
1764720000,91241.7,94189.4,90945,93390.1,109464.96600000007,92360.85517512527,90509.07547256764,103084.143,0,-95,-99,-1.3724832690531308,-14.638103447946884,13.265620178893753,-5.726209861093979,,,,,,,,,,,,,,60,100,-60,,,,,-14.638103447946884,,,,,,0,-95,-99,-1.3724832690531308,-14.638103447946884,13.265620178893753,-5.726209861093979,,,,,,,,,,,,,,60,100,-60,,,,,-14.638103447946884,,,,,
1764806400,93390.1,94058.1,90800,92031.8,109392.98450000008,92330.9410682957,90847.45870088594,74715.023,0,-95,-99,8.076550209559944,-3.9134304360250938,11.989980645585037,-7.490897422303407,,,,,,,,,,92.63856266820525,,,,60,100,-60,,,,,,,,,,,0,-95,-99,8.076550209559944,-3.9134304360250938,11.989980645585037,-7.490897422303407,,,,,,,,,,92.63856266820525,,,,60,100,-60,,,,,,,,,,
1764892800,92031.8,92658.3,88002.1,89273.7,109311.66300000009,92053.01006208699,90497.73454513351,92767.001,0,-95,-99,3.383217894917326,3.362428278474711,0.020789616442615344,-9.88780895658157,,,,,,,,,,,,,,60,100,-60,,,,,,,,,,,0,-95,-99,3.383217894917326,3.362428278474711,0.020789616442615344,-9.88780895658157,,,,,,,,,,,,,,60,100,-60,,,,,,,,,,
1764979200,89273.7,90234.6,88860,89185.4,109223.5490000001,91792.31823826091,90206.10464621495,28467.679,0,-95,-99,-3.325737632632781,2.7113434906148277,-6.037081123247608,-8.239167564987481,,,,,,,,,,,,,,60,100,-60,108,,,,2.7113434906148277,,,,,,0,-95,-99,-3.325737632632781,2.7113434906148277,-6.037081123247608,-8.239167564987481,,,,,,,,,,,,,,60,100,-60,108,,,,2.7113434906148277,,,,,
1765065600,89185.4,91726.2,87680,90335.4,109127.1825000001,91659.87112569173,90234.83694705607,66491.321,0,-95,-99,-5.383255500148692,-1.7752584126213844,-3.607997087527308,-9.066885208810032,,,,,,,,,,,,,,60,100,-60,,,,,,,,,,,0,-95,-99,-5.383255500148692,-1.7752584126213844,-3.607997087527308,-9.066885208810032,,,,,,,,,,,,,,60,100,-60,,,,,,,,,,
1765152000,90335.4,92261.9,89567.7,90598,109021.94000000009,91563.33738699248,90315.53984771027,68987.689,0,-95,-99,0.027841484194756738,-2.8937172161955744,2.921558700390331,-7.836230757820382,,,,,,,,,,,73.18408641822614,,,60,100,-60,,,,-108,-2.8937172161955744,,,,,,0,-95,-99,0.027841484194756738,-2.8937172161955744,2.921558700390331,-7.836230757820382,,,,,,,,,,,73.18408641822614,,,60,100,-60,,,,-108,-2.8937172161955744,,,,,
1765238400,90598,94550,89406.7,92636.1,108948.7410000001,91660.86126090225,90831.21988155243,87332.829,0,-95,-99,13.347746170914299,2.6641107183201207,10.683635452594178,-5.811430750660787,,,,,,,,,,,,,,60,100,-60,,,,,,,,,,,0,-95,-99,13.347746170914299,2.6641107183201207,10.683635452594178,-5.811430750660787,,,,,,,,,,,,,,60,100,-60,,,,,,,,,,
1765324800,92636.1,94457.8,91484.6,91971.7,108870.01950000007,91689.11932809296,91084.65990787411,77498.127,0,-95,-99,24.209314182904404,12.528300612671153,11.681013570233251,-4.976741863337061,,,,,,,,,,,,,,60,100,-60,,,,,,,,,,,0,-95,-99,24.209314182904404,12.528300612671153,11.681013570233251,-4.976741863337061,,,,,,,,,,,,,,60,100,-60,,,,,,,,,,
1765411200,91971.7,93544.9,89198.9,92483.7,108787.55700000007,91761.35393462997,91395.55770612431,92013.209,0,-95,-99,25.39177785826306,20.982946070693924,4.408831787569138,-6.4068170938643645,,,,,,,,,,93.50827423248052,,,,60,100,-60,,,,,,,,,,,0,-95,-99,25.39177785826306,20.982946070693924,4.408831787569138,-6.4068170938643645,,,,,,,,,,93.50827423248052,,,,60,100,-60,,,,,,,,,,
1765497600,92483.7,92730,89416.7,90230.9,108691.80000000009,91622.22175875452,91136.74488254113,69090.943,0,-95,-99,17.712076523853632,22.437722855007035,-4.725646331153403,-8.321342994809545,,,22.437722855007035,,,,,,,,,,,60,100,-60,108,,,,22.437722855007035,,,,,,0,-95,-99,17.712076523853632,22.437722855007035,-4.725646331153403,-8.321342994809545,,,22.437722855007035,,,,,,,,,,,60,100,-60,108,,,,22.437722855007035,,,,,
1765584000,90230.9,90589.8,89712.7,90186.4,108598.41200000008,91491.69250795865,90925.55713086532,18512.335,0,-95,-99,6.158296198846623,16.420716860321104,-10.262420661474481,-7.485700513376474,,,,,,,,,,,,,,60,100,-60,,,,,,,,,,,0,-95,-99,6.158296198846623,16.420716860321104,-10.262420661474481,-7.485700513376474,,,,,,,,,,,,,,60,100,-60,,,,,,,,,,
1765670400,90186.4,90440.7,87521.9,88116,108500.29750000007,91184.8113708715,90301.21110178414,44559.06,0,-95,-99,-11.812131390369997,4.019413777443419,-15.831545167813417,-7.647807181535593,,,,,,,,,,,,,,60,100,-60,,,,,,,,,,,0,-95,-99,-11.812131390369997,4.019413777443419,-15.831545167813417,-7.647807181535593,,,,,,,,,,,,,,60,100,-60,,,,,,,,,,
1765756800,88116,89986,85080,86391.7,108404.50600000007,90749.07397351954,89432.43085694322,99477.322,0,-95,-99,-29.544286121771464,-11.732707104431613,-17.811579017339852,-7.131156389593032,,,,,,,,,,,,,,60,100,-60,,,,,,,,,,,0,-95,-99,-29.544286121771464,-11.732707104431613,-17.811579017339852,-7.131156389593032,,,,,,,,,,,,,,60,100,-60,,,,,,,,,,
1765843200,86391.7,88149.6,85222,87821.3,108323.72950000007,90482.91270319957,89074.40177762251,80200.563,0,-95,-99,-39.48826352075449,-26.948227010965315,-12.540036509789172,-5.140996926791345,,,,,,,,,,,,,,60,100,-60,,,,,,,,,,,0,-95,-99,-39.48826352075449,-26.948227010965315,-12.540036509789172,-5.140996926791345,,,,,,,,,,,,,,60,100,-60,,,,,,,,,,
1765929600,87821.3,90341,85259.2,86197.3,108231.88550000006,90093.31154836324,88435.04582703974,114670.925,0,-95,-99,-43.8900211514607,-37.640856931328884,-6.249164220131817,-7.496468188805392,,,,,,,,,,,,,,60,100,-60,,,,,,,,,,,0,-95,-99,-43.8900211514607,-37.640856931328884,-6.249164220131817,-7.496468188805392,,,,,,,,,,,,,,60,100,-60,,,,,,,,,,
1766016000,86197.3,89483.5,84408.1,85470.1,108131.16400000008,89673.01958942114,87776.16897658646,118511.78,0,-95,-99,-49.20221430377123,-44.19349965866214,-5.008714645109087,-8.947592287950423,,,,,,,,,,,15.753348529563137,,,60,100,-60,,,,,,,,,,,0,-95,-99,-49.20221430377123,-44.19349965866214,-5.008714645109087,-8.947592287950423,,,,,,,,,,,15.753348529563137,,,60,100,-60,,,,,,,,,,
1766102400,85470.1,89381,85063,88101.1,108042.53350000008,89530.11780856467,87848.37587067836,93073.656,0,-95,-99,-46.55442619875329,-46.54888721799508,-0.0055389807582102435,-8.519985201209689,,,,-46.54888721799508,,,,,,,,,,60,100,-60,,,,,,,,,,,0,-95,-99,-46.55442619875329,-46.54888721799508,-0.0055389807582102435,-8.519985201209689,,,,-46.54888721799508,,,,,,,,,,60,100,-60,,,,,,,,,,
1766188800,88101.1,88539.9,87739.9,88314.8,107957.48400000005,89419.63437142242,87952.02567719428,17022.345,0,-95,-99,-39.497416060901166,-45.08468552114189,5.5872694602407265,-6.998372552452128,,,,,,,,,,,,,,60,100,-60,,,,,-45.08468552114189,,,,,,0,-95,-99,-39.497416060901166,-45.08468552114189,5.5872694602407265,-6.998372552452128,,,,,,,,,,,,,,60,100,-60,,,,,-45.08468552114189,,,,,
1766275200,88314.8,89046.3,87533.7,88629,107877.47900000006,89347.75851947493,88102.46441559555,35879.108,0,-95,-99,-31.779278435306217,-39.27704023165356,7.497761796347341,-5.811365023962411,,,,,,,,,,,,,,60,100,-60,,,,,,,,,,,0,-95,-99,-31.779278435306217,-39.27704023165356,7.497761796347341,-5.811365023962411,,,,,,,,,,,,,,60,100,-60,,,,,,,,,,
1766361600,88629,90588.8,87844.9,88578.3,107813.09450000006,89277.80774497721,88208.20565657431,75115.67,0,-95,-99,-19.942095109560185,-30.406263201922524,10.464168092362339,-7.490417375739437,,,,,,,,,,,,,,60,100,-60,,,,,,,,,,,0,-95,-99,-19.942095109560185,-30.406263201922524,10.464168092362339,-7.490417375739437,,,,,,,,,,,,,,60,100,-60,,,,,,,,,,
1766448000,88578.3,88896,86542.2,87444,107729.17700000007,89111.09794997929,88038.38217733557,72824.578,0,-95,-99,-24.44475271959338,-25.38870875481993,0.9439560352265488,-9.6230477388123,,,,,,,,,,62.625358404906294,,,,60,100,-60,,,,,,,,,,,0,-95,-99,-24.44475271959338,-25.38870875481993,0.9439560352265488,-9.6230477388123,,,,,,,,,,62.625358404906294,,,,60,100,-60,,,,,,,,,,
1766534400,87444,88032.9,86363.3,87636.3,107639.85900000005,88977.02540907208,87949.03058237211,44548.378,0,-95,-99,-29.76894284664467,-24.718596891932744,-5.050345954711926,-10.517336865120837,,,,,,,,,,,,,,60,100,-60,,,,,-24.718596891932744,,,,,,0,-95,-99,-29.76894284664467,-24.718596891932744,-5.050345954711926,-10.517336865120837,,,,,,,,,,,,,,60,100,-60,,,,,-24.718596891932744,,,,,
1766620800,87636.3,88565.5,86902.2,87178.1,107547.39550000006,88813.48673552008,87777.7126751783,32901.382,0,-95,-99,-30.9647283411829,-28.392807969140318,-2.571920372042584,-12.861697842879817,,,,,,,,,,,,,,60,100,-60,,,,,,,,,,,0,-95,-99,-30.9647283411829,-28.392807969140318,-2.571920372042584,-12.861697842879817,,,,,,,,,,,,,,60,100,-60,,,,,,,,,,
1766707200,87178.1,89539,86618.6,87328.8,107432.94000000006,88678.51521410917,87677.95430291646,70216.451,0,-95,-99,-27.99478876735981,-29.576153318395793,1.581364551035982,-12.31185178890617,,,,,,,,,,,57.91245095551873,,,60,100,-60,,,,,-29.576153318395793,,,,,,0,-95,-99,-27.99478876735981,-29.576153318395793,1.581364551035982,-12.31185178890617,,,,,,,,,,,57.91245095551873,,,60,100,-60,,,,,-29.576153318395793,,,,,
1766793600,87328.8,87958,87200.1,87835.6,107320.98050000006,88601.88655828107,87712.98668004615,12512.888,0,-95,-99,-27.878166762338115,-28.94589462362694,1.0677278612888266,-9.864326349928252,,,,,,,,,,,,,,60,100,-60,,,,,,,,,,,0,-95,-99,-27.878166762338115,-28.94589462362694,1.0677278612888266,-9.864326349928252,,,,,,,,,,,,,,60,100,-60,,,,,,,,,,
1766880000,87835.6,88064,87365.8,87909.9,107217.47450000007,88538.97868934642,87756.74519559144,17141.958,0,-95,-99,-25.475208038515834,-27.116054522737915,1.640846484222081,-8.009047353853777,,,,,,,,,,,,,,60,100,-60,,,,,,,,,,,0,-95,-99,-25.475208038515834,-27.116054522737915,1.640846484222081,-8.009047353853777,,,,,,,,,,,,,,60,100,-60,,,,,,,,,,
1766966400,87909.9,90422,86753,87184.6,107125.39300000007,88415.85335395129,87629.60181879335,80499.669,0,-95,-99,-16.155129469307397,-23.169501423387114,7.014371954079717,-7.7144340248230625,,,,,,,,,,,,,,60,100,-60,,,,,,,,,,,0,-95,-99,-16.155129469307397,-23.169501423387114,7.014371954079717,-7.7144340248230625,,,,,,,,,,,,,,60,100,-60,,,,,,,,,,
1767052800,87184.6,89373,86779.2,88458,107037.56750000008,88419.68486722844,87813.69030350594,60503.934,0,-95,-99,-7.067464923258212,-16.23260081036048,9.165135887102268,-7.58575040127332,,,,,,,,,,,,,,60,100,-60,,,,,,,,,,,0,-95,-99,-7.067464923258212,-16.23260081036048,9.165135887102268,-7.58575040127332,,,,,,,,,,,,,,60,100,-60,,,,,,,,,,
1767139200,88458,89194.3,87177.8,87594.9,106948.75850000007,88344.70442475313,87765.07023606017,45406.525,0,-95,-99,-5.4684584229004445,-9.563684271822016,4.095225848921571,-9.69237781488022,,,,,,,,,,,,,,60,100,-60,,,,,,,,,,,0,-95,-99,-5.4684584229004445,-9.563684271822016,4.095225848921571,-9.69237781488022,,,,,,,,,,,,,,60,100,-60,,,,,,,,,,
1767225600,87594.9,88891.9,87515,88810.1,106865.07000000008,88387.01311341194,87997.29907249125,24082.533,0,-95,-99,7.066184146224521,-1.823246399978042,8.889430546202563,-8.119107378428598,,,,,,,,,,,,,,60,100,-60,,,,,,,,,,,0,-95,-99,7.066184146224521,-1.823246399978042,8.889430546202563,-8.119107378428598,,,,,,,,,,,,,,60,100,-60,,,,,,,,,,
1767312000,88810.1,90958.5,88325.9,89953.8,106781.09250000007,88529.44828491996,88432.07705638208,80011.551,0,-95,-99,33.00236327435523,11.53336299922644,21.469000275128792,-5.248317493663611,,,,,,,,,,,,,,60,100,-60,,,,,,,,,,,0,-95,-99,33.00236327435523,11.53336299922644,21.469000275128792,-5.248317493663611,,,,,,,,,,,,,,60,100,-60,,,,,,,,,,
1767398400,89953.8,90706.4,89255.1,90599.9,106711.52850000007,88717.67116810905,88913.81548829717,25358.895,0,-95,-99,49.02939564520277,29.69931435526085,19.33008128994192,-2.615256953910031,,,,,,,,,,,,,,60,100,-60,,,,,,,,,,,0,-95,-99,49.02939564520277,29.69931435526085,19.33008128994192,-2.615256953910031,,,,,,,,,,,,,,60,100,-60,,,,,,,,,,
1767484800,90599.9,91775.6,90599.9,91490.7,106644.74550000006,88969.76469828095,89486.4564908978,34173.339,0,-95,-99,63.09524699561268,48.37566863839023,14.719578357222453,-1.7884744725132848,,,,,,,,,,,,,,60,100,-60,,,,,,,,,,,0,-95,-99,63.09524699561268,48.37566863839023,14.719578357222453,-1.7884744725132848,,,,,,,,,,,,,,60,100,-60,,,,,,,,,,
1767571200,91490.7,94749.9,91469,93825.5,106590.85200000007,89411.19518025541,90450.6883818094,83570.041,0,-95,-99,76.94415702251831,63.02293322111126,13.921223801407052,1.6047236942170944,,,,,,65.37629398227004,,,,99.99999999999999,,,,60,100,-60,,,,,,,,,,,0,-95,-99,76.94415702251831,63.02293322111126,13.921223801407052,1.6047236942170944,,,,,,65.37629398227004,,,,99.99999999999999,,,,60,100,-60,,,,,,,,,,
1767657600,93825.5,94405,91217.2,93714.6,106543.20550000007,89802.41380023219,91176.00207474065,81468.954,0,-95,-99,80.4313692442393,73.49025775412343,6.941111490115873,0.4837117006476048,,,,,,,,,,,,,,60,100,-60,,,,,,,,,,,0,-95,-99,80.4313692442393,73.49025775412343,6.941111490115873,0.4837117006476048,,,,,,,,,,,,,,60,100,-60,,,,,,,,,,
1767744000,93714.6,93714.6,90624.3,91332,106489.44600000007,89941.46709112017,91210.66828035384,74646.651,0,-95,-99,74.68137927188924,77.35230184621562,-2.670922574326383,-0.13425330151817993,77.35230184621562,,77.35230184621562,,,,,,,,,,,60,100,-60,108,,,,77.35230184621562,,105,,,,0,-95,-99,74.68137927188924,77.35230184621562,-2.670922574326383,-0.13425330151817993,77.35230184621562,,77.35230184621562,,,,,,,,,,,60,100,-60,108,,,,77.35230184621562,,105,,,
1767830400,91332,91641.4,89262,91061.9,106440.23400000008,90043.32462829105,91177.60866249743,76107.62,0,-95,-99,61.389179333097694,72.16730928307543,-10.778129949977732,-1.842572531781484,,,,,,,,,,,,,,60,100,-60,,,,,,,,,,,0,-95,-99,61.389179333097694,72.16730928307543,-10.778129949977732,-1.842572531781484,,,,,,,,,,,,,,60,100,-60,,,,,,,,,,
1767916800,91061.9,92001.6,89650.1,90608.4,106366.85850000007,90094.69511662824,91051.11784860911,69261.141,0,-95,-99,50.97544623909168,62.34866828135953,-11.373222042267848,-3.6705559300212105,,,,,,,,,,,,,,60,100,-60,,,,,,,,,,,0,-95,-99,50.97544623909168,62.34866828135953,-11.373222042267848,-3.6705559300212105,,,,,,,,,,,,,,60,100,-60,,,,,,,,,,
1768003200,90608.4,90812.1,90332.8,90479.6,106289.01400000008,90129.68646966203,90924.11388225153,11557.854,0,-95,-99,40.18865110733202,50.85109222650713,-10.662441119175107,-2.8801616989650984,,,,,,,,,,,,,,60,100,-60,,,,,,,,,,,0,-95,-99,40.18865110733202,50.85109222650713,-10.662441119175107,-2.8801616989650984,,,,,,,,,,,,,,60,100,-60,,,,,,,,,,
1768089600,90479.6,91254.5,90176.4,90962.6,106207.50700000009,90205.40588151095,90932.6663528623,20231.225,0,-95,-99,34.132369088153844,41.76548881152584,-7.633119723371998,-0.9874203768642318,,,,,,,,,,,44.00172849620377,,,60,100,-60,,,,,,,,,,,0,-95,-99,34.132369088153844,41.76548881152584,-7.633119723371998,-0.9874203768642318,,,,,,,,,,,44.00172849620377,,,60,100,-60,,,,,,,,,,
1768176000,90962.6,92500,90068,91248.7,106129.2240000001,90300.2508013736,91002.89605222624,77609.952,0,-95,-99,35.20574149360722,36.50892056303102,-1.3031790694237984,0.11254383820034342,,,,,,,,,,,,,,60,100,-60,,,,,,,,,,,0,-95,-99,35.20574149360722,36.50892056303102,-1.3031790694237984,0.11254383820034342,,,,,,,,,,,,,,60,100,-60,,,,,,,,,,
1768262400,91248.7,96654,91003,95389.5,106071.17350000009,90762.90981943054,91977.6969295093,96658.133,0,-95,-99,56.715861045035425,42.01799054226549,14.697870502769938,4.069198495017688,,,,,,,,,,,,,,60,100,-60,,,,,42.01799054226549,,,,,,0,-95,-99,56.715861045035425,42.01799054226549,14.697870502769938,4.069198495017688,,,,,,,,,,,,,,60,100,-60,,,,,42.01799054226549,,,,,
1768348800,95389.5,97963.2,94509,96900,106019.46850000009,91320.82710857321,93071.542056285,85925.616,0,-95,-99,72.62829663672646,54.8499663917897,17.77833024493676,4.030353182198762,,,,,,69.99568976894663,,,,,,,,60,100,-60,,,,,,,,,,,0,-95,-99,72.62829663672646,54.8499663917897,17.77833024493676,4.030353182198762,,,,,,69.99568976894663,,,,,,,,60,100,-60,,,,,,,,,,
1768435200,96900,97174.5,95071.8,95559.9,105955.69400000008,91706.19737143019,93624.51048822167,67571.964,0,-95,-99,76.52538838612448,68.62318202262878,7.902206363495694,3.3508358057077645,,,,,,,,,,84.29337896709198,,,,60,100,-60,,,,,,,,,,,0,-95,-99,76.52538838612448,68.62318202262878,7.902206363495694,3.3508358057077645,,,,,,,,,,84.29337896709198,,,,60,100,-60,,,,,,,,,,
1768521600,95559.9,95819,94241.3,95504.9,105897.81250000007,92051.53397402744,94042.37482417241,46895.123,0,-95,-99,73.74745747534341,74.30038083273145,-0.552923357388039,4.3244390439611875,74.30038083273145,,74.30038083273145,,,,,,,,,,,60,100,-60,,,,,74.30038083273145,,105,,106,,0,-95,-99,73.74745747534341,74.30038083273145,-0.552923357388039,4.3244390439611875,74.30038083273145,,74.30038083273145,,,,,,,,,,,60,100,-60,,,,,74.30038083273145,,105,,106,
1768608000,95504.9,95653.3,94967.9,95103,105845.15350000007,92328.93997638857,94278.06930768966,14622.327,0,-95,-99,70.27374404931531,73.51552997026106,-3.2417859209457447,2.445067780959035,,,,,,,,,,,,,,60,100,-60,,,,,,,,,,,0,-95,-99,70.27374404931531,73.51552997026106,-3.2417859209457447,2.445067780959035,,,,,,,,,,,,,,60,100,-60,,,,,,,,,,
1768694400,95103,95490.5,93545,93624.6,105769.26150000007,92446.72725126235,94132.85390598084,26713.016,0,-95,-99,61.07551638183949,68.3655726354994,-7.2900562536599125,1.3538136098201758,,,,,,,,,,,,,,60,100,-60,,,,,,,,,,,0,-95,-99,61.07551638183949,68.3655726354994,-7.2900562536599125,1.3538136098201758,,,,,,,,,,,,,,60,100,-60,,,,,,,,,,
1768780800,93624.6,93624.6,91800.2,92584.3,105684.48300000007,92459.23386478395,93788.73081576287,56043.348,0,-95,-99,43.45681212562003,58.26869085225828,-14.811878726638248,1.662832349900488,,,,,,,,,,,,,,60,100,-60,,,,,,,,,,,0,-95,-99,43.45681212562003,58.26869085225828,-14.811878726638248,1.662832349900488,,,,,,,,,,,,,,60,100,-60,,,,,,,,,,
1768867200,92584.3,92847.1,87773.1,88379.9,105586.64550000006,92088.38533162177,92586.76841226,93982.491,0,-95,-99,17.29175681558213,40.60802844101389,-23.316271625431764,0.13342422821240918,,,,,,,,,,,,,,60,100,-60,,,,,,,,,,,0,-95,-99,17.29175681558213,40.60802844101389,-23.316271625431764,0.13342422821240918,,,,,,,,,,,,,,60,100,-60,,,,,,,,,,
1768953600,88379.9,90542.2,87212,89410.1,105492.97400000006,91844.90484692888,91880.84209842444,98984.074,0,-95,-99,-1.3146924981917394,19.81129214767015,-21.12598464586189,1.3700981529594762,,,,,,,,,,,,,,60,100,-60,,,,,,,,,,,0,-95,-99,-1.3146924981917394,19.81129214767015,-21.12598464586189,1.3700981529594762,,,,,,,,,,,,,,60,100,-60,,,,,,,,,,
1769040000,89410.1,90337.9,88462.3,89511.7,105394.73000000007,91632.7953153899,91354.36607655234,56015.193,0,-95,-99,-12.094015587453768,1.2943495766455513,-13.38836516409932,-0.017203812225259796,,,,,,,,,,,7.8618097427339215,,,60,100,-60,,,,,,,,,,,0,-95,-99,-12.094015587453768,1.2943495766455513,-13.38836516409932,-0.017203812225259796,,,,,,,,,,,7.8618097427339215,,,60,100,-60,,,,,,,,,,
1769126400,89511.7,91180,88500,89551.7,105301.48850000006,91443.60483217264,90953.77361509626,57180.322,0,-95,-99,-18.197851609175828,-10.535519898273767,-7.662331710902061,-0.887024761253066,,,,,,,,,,,,,,60,100,-60,,,,,,,,,,,0,-95,-99,-18.197851609175828,-10.535519898273767,-7.662331710902061,-0.887024761253066,,,,,,,,,,,,,,60,100,-60,,,,,,,,,,
1769212800,89551.7,89883.4,89105.7,89177.1,105202.96450000009,91237.55893833877,90558.95725618598,12523.344,0,-95,-99,-23.67070837896136,-17.987525191863643,-5.683183187097718,-1.1462043440869147,,,,,,,,,,11.859417527023169,,,,60,100,-60,,,,,,,,,,,0,-95,-99,-23.67070837896136,-17.987525191863643,-5.683183187097718,-1.1462043440869147,,,,,,,,,,11.859417527023169,,,,60,100,-60,,,,,,,,,,
1769299200,89177.1,89271.8,86031.4,86625.6,105080.04400000008,90818.28994394434,89684.87786592243,58830.616,0,-95,-99,-34.38032757796855,-25.41629585536857,-8.96403172259998,-4.883694558249793,,,,,,,,,,,,,,60,100,-60,,,,,,,,,,,0,-95,-99,-34.38032757796855,-25.41629585536857,-8.96403172259998,-4.883694558249793,,,,,,,,,,,,,,60,100,-60,,,,,,,,,,
1769385600,86625.6,88843.9,86446.8,88305.1,104941.61900000008,90589.81813085849,89378.26056238412,60327.106,0,-95,-99,-38.51596719769423,-32.18900105154137,-6.326966146152863,-4.273388756050754,,,,,,,,,,,,,,60,100,-60,,,,,,,,,,,0,-95,-99,-38.51596719769423,-32.18900105154137,-6.326966146152863,-4.273388756050754,,,,,,,,,,,,,,60,100,-60,,,,,,,,,,
1769472000,88305.1,89499.8,87234,89202.3,104800.08650000006,90463.68011896226,89339.15821518765,59432.496,0,-95,-99,-37.4828534901864,-36.79304942194972,-0.6898040682366826,-2.909189708455392,,,,,,,,,,,,,,60,100,-60,,,,,,,,,,,0,-95,-99,-37.4828534901864,-36.79304942194972,-0.6898040682366826,-2.909189708455392,,,,,,,,,,,,,,60,100,-60,,,,,,,,,,
1769558400,89202.3,90597,88800,89261.7,104659.54550000008,90354.40919905661,89321.94527847928,67780.863,0,-95,-99,-31.328056149949788,-35.77562561261013,4.44756946266034,-2.640281177090712,,,,,,,,,,23.236308867559593,,,,60,100,-60,,,,-108,-35.77562561261013,,,,,,0,-95,-99,-31.328056149949788,-35.77562561261013,4.44756946266034,-2.640281177090712,,,,,,,,,,23.236308867559593,,,,60,100,-60,,,,-108,-35.77562561261013,,,,,
1769644800,89261.7,89312.7,83311,84599.8,104487.29350000007,89831.26290823329,88272.57966103945,103238.144,0,-95,-99,-44.25640919997752,-37.68910628003789,-6.567302919939628,-3.8994637638534213,,,,,,,,,,,,,,60,100,-60,,,,,-37.68910628003789,,,,,,0,-95,-99,-44.25640919997752,-37.68910628003789,-6.567302919939628,-3.8994637638534213,,,,,,,,,,,,,,60,100,-60,,,,,-37.68910628003789,,,,,
1769731200,84599.8,84692.3,81000,84222.5,104309.19800000006,89321.37537112118,87372.56195858623,117119.557,0,-95,-99,-57.20146930805623,-44.26197821932784,-12.939491088728396,-2.6197871086347644,,,,,,,,,,,,,,60,100,-60,,,,,,,,,,,0,-95,-99,-57.20146930805623,-44.26197821932784,-12.939491088728396,-2.6197871086347644,,,,,,,,,,,,,,60,100,-60,,,,,,,,,,
1769817600,84222.5,84254.3,75689.6,78704.4,104113.99150000008,88356.19579192834,85446.30374556707,140584.161,0,-95,-99,-69.82369377894838,-57.09385742899405,-12.729836349954333,-6.261876912144366,,,,,,,,,,,,,,60,100,-60,,,,,,,,,,,0,-95,-99,-69.82369377894838,-57.09385742899405,-12.729836349954333,-6.261876912144366,,,,,,,,,,,,,,60,100,-60,,,,,,,,,,
1769904000,78704.4,79388.5,75663.2,76938.5,103905.55250000008,87318.22344720758,83555.68069099661,85903.568,0,-95,-99,-77.50404181243947,-68.17640163314803,-9.327640179291436,-9.10241713843305,,,,,,,23.195656091932733,,,,1.9879390936354813,,,60,100,-60,,,,,,,,,,,0,-95,-99,-77.50404181243947,-68.17640163314803,-9.327640179291436,-9.10241713843305,,,,,,,23.195656091932733,,,,1.9879390936354813,,,60,100,-60,,,,,,,,,,
1769990400,76938.5,79388,74567.3,78693.9,103702.92850000007,86534.19404291599,82475.28498188625,112456.306,0,-95,-99,-78.81676192446965,-75.38149917195251,-3.435262752517133,-7.149823618017367,,,,,,,,,,,,,,60,100,-60,,,,,,,,,,,0,-95,-99,-78.81676192446965,-75.38149917195251,-3.435262752517133,-7.149823618017367,,,,,,,,,,,,,,60,100,-60,,,,,,,,,,
1770076800,78693.9,79177.7,72889.7,75723.2,103491.89400000007,85551.3764026509,80974.82165257819,135937.152,0,-95,-99,-79.57594922996257,-78.63225098895724,-0.9436982410053361,-6.850047574176722,,,,,,,,,,,,,,60,100,-60,,,,,,,,,,,0,-95,-99,-79.57594922996257,-78.63225098895724,-0.9436982410053361,-6.850047574176722,,,,,,,,,,,,,,60,100,-60,,,,,,,,,,
1770163200,75723.2,76991.2,71805.2,73130.3,103268.33500000008,84422.18763877355,79231.59461867192,128922.745,0,-95,-99,-80.30959391851475,-79.56743502431566,-0.7421588941990933,-7.9394071951980445,,,,,,,,,,,,,,60,100,-60,,,,,,,,,,,0,-95,-99,-80.30959391851475,-79.56743502431566,-0.7421588941990933,-7.9394071951980445,,,,,,,,,,,,,,60,100,-60,,,,,,,,,,
1770249600,73130.3,73312.1,62250,62872.7,102996.24650000008,82463.14330797596,75596.2847034115,286006.015,0,-95,-99,-86.78582937679698,-82.2237908417581,-4.56203853503888,-10.968135937253171,,,,,,,15.803900263415827,,,,7.060380383976994,,,60,100,-60,,,,,,,,,,,0,-95,-99,-86.78582937679698,-82.2237908417581,-4.56203853503888,-10.968135937253171,,,,,,,15.803900263415827,,,,7.060380383976994,,,60,100,-60,,,,,,,,,,
1770336000,62872.7,71719.9,59888,70532.3,102761.94300000009,81378.52118906906,74470.95476932006,231100.223,0,-95,-99,-86.05313192847058,-84.38285174126077,-1.670280187209812,-9.59338614182549,,,,,,,,,,,,,,60,100,-60,,,,,,,,,,,0,-95,-99,-86.05313192847058,-84.38285174126077,-1.670280187209812,-9.59338614182549,,,,,,,,,,,,,,60,100,-60,,,,,,,,,,
1770422400,70532.3,71653.2,67307.3,69248.2,102507.96600000009,80275.7647173355,73310.34259836005,111608.391,0,-95,-99,-80.7488335251374,-84.52926494346832,3.7804314183309202,-11.322728628080203,,-84.52926494346832,,-84.52926494346832,,,,,,,,,,60,100,-60,,,,,-84.52926494346832,-107,,,,,0,-95,-99,-80.7488335251374,-84.52926494346832,3.7804314183309202,-11.322728628080203,,-84.52926494346832,,-84.52926494346832,,,,,,,,,,60,100,-60,,,,,-84.52926494346832,-107,,,,
1770508800,69248.2,72254.1,68839,70289.8,102265.69800000008,79367.94974303228,72639.1109098356,63712.92,0,-95,-99,-73.81617096345128,-80.20604547235308,6.389874508901798,-10.001575315422492,,,,,,,,,,,,,,60,100,-60,,,,,,,,,,,0,-95,-99,-73.81617096345128,-80.20604547235308,6.389874508901798,-10.001575315422492,,,,,,,,,,,,,,60,100,-60,,,,,,,,,,
1770595200,70289.8,71418.4,68207.2,70110.8,102024.61200000008,78526.3906754839,72077.26404098324,86642.442,0,-95,-99,-68.24783204954595,-74.27094551271153,6.023113463165586,-10.435455019362522,,,,,,,,,,,,,,60,100,-60,,,,,,,,,,,0,-95,-99,-68.24783204954595,-74.27094551271153,6.023113463165586,-10.435455019362522,,,,,,,,,,,,,,60,100,-60,,,,,,,,,,
1770681600,70110.8,70508.8,67869,68804.3,101780.55200000008,77642.5642504399,71349.93869854252,75569.798,0,-95,-99,-64.34221211113574,-68.80207170804432,4.459859596908586,-9.972948770512515,,,,,,,,,,,,,,60,100,-60,,,,,,,,,,,0,-95,-99,-64.34221211113574,-68.80207170804432,4.459859596908586,-9.972948770512515,,,,,,,,,,,,,,60,100,-60,,,,,,,,,,
1770768000,68804.3,69265.8,65705,67044.5,101526.28050000008,76679.10386403627,70393.17454331084,121594.457,0,-95,-99,-63.16851169726739,-65.25285195264969,2.084340255382301,-11.08164728362433,,,,,,,,,,,,,,60,100,-60,,,,,,,,,,,0,-95,-99,-63.16851169726739,-65.25285195264969,2.084340255382301,-11.08164728362433,,,,,,,,,,,,,,60,100,-60,,,,,,,,,,
1770854400,67044.5,68396,65065,66244.8,101260.3550000001,75730.53078548751,69471.31353368622,98006.529,0,-95,-99,-62.195143154883795,-63.23528898776232,1.0401458328785225,-9.908510914121553,,,,,,,29.328700820333268,,,,,,,60,100,-60,,,,,,,,,,,0,-95,-99,-62.195143154883795,-63.23528898776232,1.0401458328785225,-9.908510914121553,,,,,,,29.328700820333268,,,,,,,60,100,-60,,,,,,,,,,
1770940800,66244.8,69450,65824.7,68819.2,101014.1065000001,75102.22798680683,69326.39941508928,84429.056,0,-95,-99,-57.31843555846638,-60.89403013687252,3.5755945784061396,-7.2545405829877385,,,,,,,,,,,,,,60,100,-60,,,,,,,,,,,0,-95,-99,-57.31843555846638,-60.89403013687252,3.5755945784061396,-7.2545405829877385,,,,,,,,,,,,,,60,100,-60,,,,,,,,,,
1771027200,68819.2,70550,68691.1,69790.1,100773.4405000001,74619.30726073348,69429.4439895139,45153.823,0,-95,-99,-48.61652465169758,-56.04336778834926,7.4268431366516765,-7.169590440325928,,,,,,,,,,,,,,60,100,-60,,,,,,,,,,,0,-95,-99,-48.61652465169758,-56.04336778834926,7.4268431366516765,-7.169590440325928,,,,,,,,,,,,,,60,100,-60,,,,,,,,,,
1771113600,69790.1,70937,68051.7,68800,100528.53250000009,74090.27932793953,69289.5675473997,60548.124,0,-95,-99,-42.6437195095581,-49.526226573240685,6.882507063682581,-7.228543989581158,,,,,,,,,,,,,,60,100,-60,,,,,,,,,,,0,-95,-99,-42.6437195095581,-49.526226573240685,6.882507063682581,-7.228543989581158,,,,,,,,,,,,,,60,100,-60,,,,,,,,,,
1771200000,68800,70099.1,67243.6,68863.8,100294.4510000001,73615.1448435814,69194.95253686643,63330.007,0,-95,-99,-39.55606081023172,-43.6054349904958,4.049374180264081,-6.814488503136908,,,,,,,,,,95.93712929465366,,,,60,100,-60,,,,,,,,,,,0,-95,-99,-39.55606081023172,-43.6054349904958,4.049374180264081,-6.814488503136908,,,,,,,,,,95.93712929465366,,,,60,100,-60,,,,,,,,,,
1771286400,68863.8,69228.5,66556.6,67474.9,100065.58100000011,73056.94076689218,68812.718639785,73367.421,0,-95,-99,-40.6050871780233,-40.93495583260437,0.3298686545810767,-9.637306563418491,,,,,,,,,,,,,,60,100,-60,,,,,,,,,,,0,-95,-99,-40.6050871780233,-40.93495583260437,0.3298686545810767,-9.637306563418491,,,,,,,,,,,,,,60,100,-60,,,,,,,,,,
1771372800,67474.9,68440,65814.6,66426,99835.1210000001,72454.12796990198,68282.33671983278,69348.243,0,-95,-99,-43.86484904815137,-41.34199901213546,-2.5228500360159103,-11.303919246247764,,,,,,,,,,,,,,60,100,-60,,,,,-41.34199901213546,,,,,,0,-95,-99,-43.86484904815137,-41.34199901213546,-2.5228500360159103,-11.303919246247764,,,,,,,,,,,,,,60,100,-60,,,,,-41.34199901213546,,,,,
1771459200,66426,67307.9,65573.5,66982.1,99599.2960000001,71956.67088172908,67993.39522653661,64941.821,0,-95,-99,-46.1530954059448,-43.54101054403983,-2.6120848619049752,-11.021649723675237,,,,,,,,,,,,,,60,100,-60,,,,,,,,,,,0,-95,-99,-46.1530954059448,-43.54101054403983,-2.6120848619049752,-11.021649723675237,,,,,,,,,,,,,,60,100,-60,,,,,,,,,,
1771545600,66982.1,68299.9,66427.5,67989.2,99364.21200000012,71595.9917106628,67992.46295397292,92495.864,0,-95,-99,-42.569935064493386,-44.19595983952985,1.6260247750364627,-9.630791747700279,,,,-44.19595983952985,,,,,,,79.90882874065923,,,60,100,-60,,,,-108,-44.19595983952985,,,-106,,,0,-95,-99,-42.569935064493386,-44.19595983952985,1.6260247750364627,-9.630791747700279,,,,-44.19595983952985,,,,,,,79.90882874065923,,,60,100,-60,,,,-108,-44.19595983952985,,,-106,,
1771632000,67989.2,68687.1,67511,67934.5,99133.48650000012,71263.12882787528,67979.58229753449,32305.152,0,-95,-99,-36.49403998854345,-41.73902348632721,5.244983497783764,-8.542311859265467,,,,,,,,,,,,,,60,100,-60,,,,,,,,,,,0,-95,-99,-36.49403998854345,-41.73902348632721,5.244983497783764,-8.542311859265467,,,,,,,,,,,,,,60,100,-60,,,,,,,,,,
1771718400,67934.5,68224.4,67143.5,67610.5,98896.82400000011,70931.0716617048,67897.56400919349,31224.35,0,-95,-99,-34.192510601989724,-37.75216188500885,3.5596512830191287,-9.579630599598062,,,,,,,,,,89.58736175161226,,,,60,100,-60,,,,,,,,,,,0,-95,-99,-34.192510601989724,-37.75216188500885,3.5596512830191287,-9.579630599598062,,,,,,,,,,89.58736175161226,,,,60,100,-60,,,,,,,,,,
1771804800,67610.5,67652.2,63833,64615.3,98632.90100000011,70356.91060154983,67168.1720071505,119734.752,0,-95,-99,-45.59923797758671,-38.76192952270663,-6.83730845488008,-10.851559468598829,,,,,,,,,,,,,,60,100,-60,,,,,-38.76192952270663,,,,,,0,-95,-99,-45.59923797758671,-38.76192952270663,-6.83730845488008,-10.851559468598829,,,,,,,,,,,,,,60,100,-60,,,,,-38.76192952270663,,,,,
1771891200,64615.3,64979.7,62422.3,64032.5,98369.93800000013,69781.96418322712,66471.3560055615,107197.219,0,-95,-99,-57.069435316674934,-45.620394632083794,-11.44904068459114,-11.550285015214941,,,,,,,,,,,,,,60,100,-60,,,,,,,,,,,0,-95,-99,-57.069435316674934,-45.620394632083794,-11.44904068459114,-11.550285015214941,,,,,,,,,,,,,,60,100,-60,,,,,,,,,,
1771977600,64032.5,69989.8,63869.5,67958.3,98127.69850000012,69616.17653020647,66801.7880043256,148559.208,0,-95,-99,-45.203148372134685,-49.29060722213211,4.087458849997425,-11.618411654278283,,,,-49.29060722213211,,,,,,,48.9085946275122,,,60,100,-60,,,,,-49.29060722213211,,,,,,0,-95,-99,-45.203148372134685,-49.29060722213211,4.087458849997425,-11.618411654278283,,,,-49.29060722213211,,,,,,,48.9085946275122,,,60,100,-60,,,,,-49.29060722213211,,,,,
1772064000,67958.3,68841.7,66451.1,67447.5,97868.5770000001,69419.02411836952,66945.27955891991,90292.374,0,-95,-99,-33.39682360962638,-45.22313576614533,11.826312156518952,-12.418628423993818,,,,,,,,,,,,,,60,100,-60,,,,,,,,,,,0,-95,-99,-33.39682360962638,-45.22313576614533,11.826312156518952,-12.418628423993818,,,,,,,,,,,,,,60,100,-60,,,,,,,,,,
1772150400,67447.5,68185.6,64888,65833.4,97604.34800000011,69093.05828942683,66698.19521249326,82996.047,0,-95,-99,-33.49646392870926,-37.36547863682345,3.869014708114186,-13.148113181708547,,,,,,,,,,,,,,60,100,-60,,,,,,,,,,,0,-95,-99,-33.49646392870926,-37.36547863682345,3.869014708114186,-13.148113181708547,,,,,,,,,,,,,,60,100,-60,,,,,,,,,,
1772236800,65833.4,67739.5,62972.3,66939.6,97338.59350000013,68897.2893540244,66751.84072082808,119624.753,0,-95,-99,-36.119128731999695,-34.33747209011178,-1.7816566418879134,-13.79535309815716,,,,,,,,,,,,,,60,100,-60,,,,,-34.33747209011178,,,,,,0,-95,-99,-36.119128731999695,-34.33747209011178,-1.7816566418879134,-13.79535309815716,,,,,,,,,,,,,,60,100,-60,,,,,-34.33747209011178,,,,,
1772323200,66939.6,68183.2,65001,65746.9,97050.58800000012,68610.89032184036,66528.52056064406,90228.941,0,-95,-99,-33.86529489453296,-34.49362918508064,0.6283342905476843,-13.662314974318576,,,,,,,,,,,,,,60,100,-60,,,,,-34.49362918508064,,,,,,0,-95,-99,-33.86529489453296,-34.49362918508064,0.6283342905476843,-13.662314974318576,,,,,,,,,,,,,,60,100,-60,,,,,-34.49362918508064,,,,,
1772409600,65746.9,70066,65238.5,68799.9,96803.33700000012,68628.07301985487,67033.2715471676,116572.4,0,-95,-99,-16.018201879760944,-28.667541835431205,12.64933995567026,-14.287674578160033,,,,,,,,,,,,,,60,100,-60,,,,,,,,,,,0,-95,-99,-16.018201879760944,-28.667541835431205,12.64933995567026,-14.287674578160033,,,,,,,,,,,,,,60,100,-60,,,,,,,,,,
1772496000,68799.9,69222,66054.3,68299.5,96558.43050000012,68598.2027453226,67314.65564779703,112639.401,0,-95,-99,-4.697521625557519,-18.193672799950477,13.496151174392958,-15.768691935564759,,,,,,,,,,,,,,60,100,-60,,,,,,,,,,,0,-95,-99,-4.697521625557519,-18.193672799950477,13.496151174392958,-15.768691935564759,,,,,,,,,,,,,,60,100,-60,,,,,,,,,,
1772582400,68299.5,74021.8,67348.4,72640.4,96334.99400000014,68965.67522302055,68498.15439273103,143556.262,0,-95,-99,20.897144183849,0.06047355951017863,20.836670624338822,-15.25546457670344,,,,,,,,,,94.62341291589215,,,,60,100,-60,,,,,,,,,,,0,-95,-99,20.897144183849,0.06047355951017863,20.836670624338822,-15.25546457670344,,,,,,,,,,94.62341291589215,,,,60,100,-60,,,,,,,,,,
1772668800,72640.4,73537.9,70610,70847.6,96102.45400000013,69136.75929365504,69020.25341656858,104007.762,0,-95,-99,35.48447199271107,17.228031517000847,18.256440475710225,-18.680445257605374,,,,,,,,,,,,,,60,100,-60,,,,,,,,,,,0,-95,-99,35.48447199271107,17.228031517000847,18.256440475710225,-18.680445257605374,,,,,,,,,,,,,,60,100,-60,,,,,,,,,,
1772755200,70847.6,71384.5,67720,68075.5,95861.99150000013,69040.28117605003,68810.30821288667,97741.594,0,-95,-99,32.21201912740288,29.531211767987646,2.680807359415237,-22.35071596540934,,,29.531211767987646,,,,,,,,,,,60,100,-60,,,,,,,,,,,0,-95,-99,32.21201912740288,29.531211767987646,2.680807359415237,-22.35071596540934,,,29.531211767987646,,,,,,,,,,,60,100,-60,,,,,,,,,,
1772841600,68075.5,68536.8,66885.4,67227.1,95633.99850000015,68875.44652368185,68458.48416557851,39363.204,0,-95,-99,19.90696619397306,29.201152438029002,-9.294186244055943,-23.548108540269507,,,,,,,,,,,,,,60,100,-60,108,,108,,29.201152438029002,,,,,,0,-95,-99,19.90696619397306,29.201152438029002,-9.294186244055943,-23.548108540269507,,,,,,,,,,,,,,60,100,-60,108,,108,,29.201152438029002,,,,,
1772928000,67227.1,68167.7,65580,65943.8,95392.63050000014,68608.93320334714,67899.66546211662,67710.732,0,-95,-99,5.313628170254226,19.14420449721005,-13.830576326955825,-22.860433322713433,,,,,,,,,,,,,,60,100,-60,,,,,,,,,,,0,-95,-99,5.313628170254226,19.14420449721005,-13.830576326955825,-22.860433322713433,,,,,,,,,,,,,,60,100,-60,,,,,,,,,,
1773014400,65943.8,69500,65782.7,68390.7,95172.27050000014,68589.09382122467,68008.78424831294,100098.267,0,-95,-99,2.838033116650992,9.352875826959421,-6.514842710308429,-20.931026849571886,,,,,,,,,,,57.87914297319925,,,60,100,-60,,,,,,,,,,,0,-95,-99,2.838033116650992,9.352875826959421,-6.514842710308429,-20.931026849571886,,,,,,,,,,,57.87914297319925,,,60,100,-60,,,,,,,,,,
1773100800,68390.7,71762.8,68355,69907.5,94937.30900000015,68708.94892838606,68430.72108202118,123676.836,0,-95,-99,15.328709711086198,7.826790332663801,7.5019193784223965,-19.33614643133661,,,,,,,,,,,,,,60,100,-60,,,,,7.826790332663801,,,,,,0,-95,-99,15.328709711086198,7.826790332663801,7.5019193784223965,-19.33614643133661,,,,,,,,,,,,,,60,100,-60,,,,,7.826790332663801,,,,,
1773187200,69907.5,71300,68921.8,70150.8,94711.03900000014,68840.02629853279,68812.96084157203,93561.073,0,-95,-99,23.90355097436558,14.023431267367584,9.880119706997995,-18.408572711300955,,,,,,,,,,,,,,60,100,-60,,,,,,,,,,,0,-95,-99,23.90355097436558,14.023431267367584,9.880119706997995,-18.408572711300955,,,,,,,,,,,,,,60,100,-60,,,,,,,,,,
1773273600,70150.8,70772.4,69150,70482,94496.07500000013,68989.29663502981,69183.8584323338,83619.103,0,-95,-99,29.297065776584464,22.843108820678747,6.453956955905717,-19.018243653331883,,,,,,,,,,,,,,60,100,-60,,,,,,,,,,,0,-95,-99,29.297065776584464,22.843108820678747,6.453956955905717,-19.018243653331883,,,,,,,,,,,,,,60,100,-60,,,,,,,,,,
1773360000,70482,73869.8,70345.6,70884,94300.14650000013,69161.54239548165,69561.66766959295,125439.679,0,-95,-99,40.33970846417285,31.180108405040965,9.159600059131886,-19.027172057249224,,,,,,,,,,,,,,60,100,-60,,,,,,,,,,,0,-95,-99,40.33970846417285,31.180108405040965,9.159600059131886,-19.027172057249224,,,,,,,,,,,,,,60,100,-60,,,,,,,,,,
1773446400,70884,71263.8,70262,71178,94097.42100000013,69344.85672316514,69920.85263190563,31476.919,0,-95,-99,42.26471568573572,37.30049664216434,4.964219043571383,-20.125380841515415,,,,,,,,,,,,,,60,100,-60,,,,,,,,,,,0,-95,-99,42.26471568573572,37.30049664216434,4.964219043571383,-20.125380841515415,,,,,,,,,,,,,,60,100,-60,,,,,,,,,,
1773532800,71178,73217.2,70811.9,72777.5,93905.38700000012,69656.9152028774,70555.66315814882,54845.915,0,-95,-99,49.48437640126263,44.02960018372372,5.454776217538907,-19.556140629546768,,,,,,,,,,,,,,60,100,-60,,,,,,,,,,,0,-95,-99,49.48437640126263,44.02960018372372,5.454776217538907,-19.556140629546768,,,,,,,,,,,,,,60,100,-60,,,,,,,,,,
1773619200,72777.5,74900,72226.3,74854.7,93717.10350000011,70129.4410935249,71511.00467856019,103174.742,0,-95,-99,59.109110145747024,50.286067410915116,8.823042734831908,-16.02057971678873,,,,,,62.03278837441997,,,,,,,,60,100,-60,,,,,,,,,,,0,-95,-99,59.109110145747024,50.286067410915116,8.823042734831908,-16.02057971678873,,,,,,62.03278837441997,,,,,,,,60,100,-60,,,,,,,,,,
1773705600,74854.7,76053.9,73323.9,73861.6,93544.63500000011,70468.72826684082,72033.3591944357,90809.701,0,-95,-99,64.25248432915782,57.61532362538916,6.637160703768664,-16.842859767662613,,,,,,,,,,94.44959973127195,,,,60,100,-60,,,,,,,,,,,0,-95,-99,64.25248432915782,57.61532362538916,6.637160703768664,-16.842859767662613,,,,,,,,,,94.44959973127195,,,,60,100,-60,,,,,,,,,,
1773792000,73861.6,74640.2,70452,71213.7,93356.8000000001,70536.45296985528,71851.21270678332,99262.624,0,-95,-99,56.24020275781504,59.867265744239965,-3.6270629864249244,-16.957499071297935,59.867265744239965,,59.867265744239965,,,,,,,,,,,60,100,-60,108,,108,,59.867265744239965,,105,,,,0,-95,-99,56.24020275781504,59.867265744239965,-3.6270629864249244,-16.957499071297935,59.867265744239965,,59.867265744239965,,,,,,,,,,,60,100,-60,108,,108,,59.867265744239965,,105,,,
1773878400,71213.7,71588.2,68750,69881.8,93165.20900000012,70476.9390635048,71413.56543860925,95150.56,0,-95,-99,38.44746854595415,52.980051877642346,-14.532583331688194,-16.23092112900856,,,,,,,,,,,,,,60,100,-60,,,,,,,,,,,0,-95,-99,38.44746854595415,52.980051877642346,-14.532583331688194,-16.23092112900856,,,,,,,,,,,,,,60,100,-60,,,,,,,,,,
1773964800,69881.8,71343.9,69338,70476.1,92971.63050000012,70476.86278500437,71205.23978558497,84011.07,0,-95,-99,26.309095311424258,40.332255538397824,-14.023160226973566,-14.06469400150127,,,,,,,,,,,,,,60,100,-60,,,,,,,,,,,0,-95,-99,26.309095311424258,40.332255538397824,-14.023160226973566,-14.06469400150127,,,,,,,,,,,,,,60,100,-60,,,,,,,,,,
1774051200,70476.1,71068,68500,68870.5,92759.89450000011,70330.82980454943,70686.40872212165,35315.525,0,-95,-99,12.034356521611263,25.59697345966323,-13.562616938051965,-13.556236923268463,,,,,,,,,,,,,,60,100,-60,,,,,,,,,,,0,-95,-99,12.034356521611263,25.59697345966323,-13.562616938051965,-13.556236923268463,,,,,,,,,,,,,,60,100,-60,,,,,,,,,,
1774137600,68870.5,69557.3,67300.1,67828.1,92540.72600000011,70103.30891322675,70051.22900609461,63156.342,0,-95,-99,-3.8264339042828848,11.505672642917547,-15.332106547200432,-15.484141631099465,,,,,,,,,,,,,,60,100,-60,,,,,,,,,,,0,-95,-99,-3.8264339042828848,11.505672642917547,-15.332106547200432,-15.484141631099465,,,,,,,,,,,,,,60,100,-60,,,,,,,,,,
1774224000,67828.1,71788,67412.7,70865,92341.6235000001,70172.55355747887,70232.06700474025,134039.109,0,-95,-99,-5.370492384583098,0.9458100775817625,-6.3163024621648605,-13.884312522467443,,,,,,,,,,,22.04213778147983,,,60,100,-60,,,,,,,,,,,0,-95,-99,-5.370492384583098,0.9458100775817625,-6.3163024621648605,-13.884312522467443,,,,,,,,,,,22.04213778147983,,,60,100,-60,,,,,,,,,,
1774310400,70865,71393.8,68849.2,70518.3,92141.09950000008,70203.98505225351,70295.6743370202,98333.013,0,-95,-99,-4.849937485193322,-4.682287924686432,-0.16764956050688973,-14.262249235976059,,,,,,,,,,,,,,60,100,-60,,,,,,,,,,,0,-95,-99,-4.849937485193322,-4.682287924686432,-0.16764956050688973,-14.262249235976059,,,,,,,,,,,,,,60,100,-60,,,,,,,,,,
1774396800,70518.3,71984.8,70379.2,71304.3,91946.96350000009,70304.01368386683,70519.81337323794,81186.79,0,-95,-99,3.676888591918096,-2.1811804259527725,5.858069017870868,-11.834215833660837,,,,,,,,,,37.683478400387514,,,,60,100,-60,,,,-108,-2.1811804259527725,,,,,,0,-95,-99,3.676888591918096,-2.1811804259527725,5.858069017870868,-11.834215833660837,,,,,,,,,,37.683478400387514,,,,60,100,-60,,,,-108,-2.1811804259527725,,,,,
1774483200,71304.3,71420.9,68100.6,68793.4,91735.4970000001,70166.68516715166,70136.16595696284,84657.806,0,-95,-99,-5.760041822920052,-2.311030238731757,-3.449011584188295,-11.756275976642405,,,,,,,,,,,,,,60,100,-60,,,,,-2.311030238731757,,,,,,0,-95,-99,-5.760041822920052,-2.311030238731757,-3.449011584188295,-11.756275976642405,,,,,,,,,,,,,,60,100,-60,,,,,-2.311030238731757,,,,,
1774569600,68793.4,69150,65504.7,66374.7,91507.3140000001,69821.95924286515,69300.28463319333,98563.726,0,-95,-99,-25.64401329271634,-9.24238884123943,-16.401624451476913,-15.166651453398288,,,,,,,,,,,,,,60,100,-60,,,,,,,,,,,0,-95,-99,-25.64401329271634,-9.24238884123943,-16.401624451476913,-15.166651453398288,,,,,,,,,,,,,,60,100,-60,,,,,,,,,,
1774656000,66374.7,67287.8,65880.7,66345.4,91281.54100000011,69505.90840260468,68643.64360359481,39155.579,0,-95,-99,-38.41411848120577,-23.27272453228072,-15.14139394892505,-16.20864620544574,,,,,,,,,,,,,,60,100,-60,,,,,,,,,,,0,-95,-99,-38.41411848120577,-23.27272453228072,-15.14139394892505,-16.20864620544574,,,,,,,,,,,,,,60,100,-60,,,,,,,,,,
1774742400,66345.4,67113.3,64935.7,65990.7,91042.0445000001,69186.34400236788,68054.10058057374,47878.851,0,-95,-99,-46.90146749761239,-36.9865330905115,-9.914934407100887,-16.698498299432885,,,,,,,,,,,,,,60,100,-60,,,,,,,,,,,0,-95,-99,-46.90146749761239,-36.9865330905115,-9.914934407100887,-16.698498299432885,,,,,,,,,,,,,,60,100,-60,,,,,,,,,,
1774828800,65990.7,68199.9,65747.8,66767.3,90798.6805000001,68966.43091124353,67768.1448960018,84903.544,0,-95,-99,-47.349780805485686,-44.22178892810128,-3.127991877384403,-13.964819854083787,,,,,,,,,,,3.939192728034876,,,60,100,-60,,,,,,,,,,,0,-95,-99,-47.349780805485686,-44.22178892810128,-3.127991877384403,-13.964819854083787,,,,,,,,,,,3.939192728034876,,,60,100,-60,,,,,,,,,,
1774915200,66767.3,68599.9,65950,68244.6,90560.0435000001,68900.8099193123,67874.02380800141,104772.332,0,-95,-99,-43.088120522198714,-45.77978960843226,2.6916690862335457,-12.315623941262972,,,,-45.77978960843226,,,,,,,,,,60,100,-60,,,,-108,-45.77978960843226,,,,,,0,-95,-99,-43.088120522198714,-45.77978960843226,2.6916690862335457,-12.315623941262972,,,,-45.77978960843226,,,,,,,,,,60,100,-60,,,,-108,-45.77978960843226,,,,,
1775001600,68244.6,69301,67543.8,68086,90321.22550000012,68826.73629028391,67921.12962844555,75433.394,0,-95,-99,-34.20606287387869,-41.547988067187696,7.341925193309002,-10.930556768908657,,,,,,,,,,,,,,60,100,-60,,,,,,,,,,,0,-95,-99,-34.20606287387869,-41.547988067187696,7.341925193309002,-10.930556768908657,,,,,,,,,,,,,,60,100,-60,,,,,,,,,,
1775088000,68086,68645.7,65666,66870.9,90079.50800000012,68648.9329911672,67687.74526656876,87701.119,0,-95,-99,-36.619294897317424,-37.9711594311316,1.3518645338141795,-10.764966252771242,,,,,,,,,,42.189797797082704,,,,60,100,-60,,,,,,,,,,,0,-95,-99,-36.619294897317424,-37.9711594311316,1.3518645338141795,-10.764966252771242,,,,,,,,,,42.189797797082704,,,,60,100,-60,,,,,,,,,,
1775174400,66870.9,67344.9,66240,66932.7,89837.5935000001,68492.911810152,67519.95742955348,42291.336,0,-95,-99,-39.2152604120958,-36.6802060610973,-2.5350543509985,-11.535479564444985,,,,,,,,,,,,,,60,100,-60,,,,,-36.6802060610973,,,,,,0,-95,-99,-39.2152604120958,-36.6802060610973,-2.5350543509985,-11.535479564444985,,,,,,,,,,,,,,60,100,-60,,,,,-36.6802060610973,,,,,
1775260800,66932.7,67543,66737,67266.7,89590.18250000011,68381.4380092291,67463.67800076382,21356.323,0,-95,-99,-37.550631602034535,-37.79506230381591,0.2444307017813756,-9.318400496986548,,,,,,,,,,,,,,60,100,-60,,,,,-37.79506230381591,,,,,,0,-95,-99,-37.550631602034535,-37.79506230381591,0.2444307017813756,-9.318400496986548,,,,,,,,,,,,,,60,100,-60,,,,,-37.79506230381591,,,,,
1775347200,67266.7,69115.9,66567,69002.4,89353.1935000001,68437.88909929918,67805.6162228163,48149.117,0,-95,-99,-25.09468260906831,-33.95352487439954,8.85884226533123,-6.366047667956018,,,,,,,,,,,,,,60,100,-60,,,,,,,,,,,0,-95,-99,-25.09468260906831,-33.95352487439954,8.85884226533123,-6.366047667956018,,,,,,,,,,,,,,60,100,-60,,,,,,,,,,
1775433600,69002.4,70351.7,68272,68807.5,89112.1135000001,68471.49009027198,68028.25706219046,80498.136,0,-95,-99,-7.8349370736773665,-23.493417094926727,15.65848002124936,-4.282150750960766,,,,,,,,,,,,,,60,100,-60,,,,,,,,,,,0,-95,-99,-7.8349370736773665,-23.493417094926727,15.65848002124936,-4.282150750960766,,,,,,,,,,,,,,60,100,-60,,,,,,,,,,
1775520000,68807.5,72766.4,67679,71894.6,88893.72200000008,68782.68190024726,68887.4443817037,116939.398,0,-95,-99,13.193985552186621,-6.578544710186339,19.77253026237296,-4.3835398613944925,,,,,,,,,,,,,,60,100,-60,,,,,,,,,,,0,-95,-99,13.193985552186621,-6.578544710186339,19.77253026237296,-4.3835398613944925,,,,,,,,,,,,,,60,100,-60,,,,,,,,,,
1775606400,71894.6,72850,70666.4,71033.2,88670.74350000007,68987.27445477023,69364.27896354732,90153.872,0,-95,-99,28.571563556409387,11.310204011639561,17.261359544769824,-4.631070548126197,,,,,,,,,,,,,,60,100,-60,,,,,,,,,,,0,-95,-99,28.571563556409387,11.310204011639561,17.261359544769824,-4.631070548126197,,,,,,,,,,,,,,60,100,-60,,,,,,,,,,
1775692800,71033.2,73141.6,70417.2,71755,88453.65150000008,69238.88586797293,69895.55030498124,103014.613,0,-95,-99,38.18372379223412,26.649757633610054,11.533966158624064,-4.731218849007677,,,,,,,,,,,,,,60,100,-60,,,,,,,,,,,0,-95,-99,38.18372379223412,26.649757633610054,11.533966158624064,-4.731218849007677,,,,,,,,,,,,,,60,100,-60,,,,,,,,,,
1775779200,71755,73454.9,71377.6,72920,88255.24800000008,69573.53260724813,70567.65023720764,71298.187,0,-95,-99,46.39186405394022,37.715717134194584,8.676146919745634,-3.189802478199302,,,,,,,,,,,,,,60,100,-60,,,,,,,,,,,0,-95,-99,46.39186405394022,37.715717134194584,8.676146919745634,-3.189802478199302,,,,,,,,,,,,,,60,100,-60,,,,,,,,,,
1775865600,72920,73800,72481.3,73011.6,88060.61850000008,69886.08418840739,71110.75018449483,36805.013,0,-95,-99,52.122787035152264,45.56612496044221,6.556662074710054,-1.7788369603207785,,,,,,,,,,96.41124709037794,,,,60,100,-60,,,,,,,,,,,0,-95,-99,52.122787035152264,45.56612496044221,6.556662074710054,-1.7788369603207785,,,,,,,,,,96.41124709037794,,,,60,100,-60,,,,,,,,,,
1775952000,73011.6,73104,70450,70715,87847.91600000008,69961.44017127945,71022.80569905153,62235.842,0,-95,-99,47.30382873346191,48.60615994085148,-1.3023312073895639,-2.7066383595304977,,,,,,,,,,,,,,60,100,-60,108,,108,,48.60615994085148,,,,,,0,-95,-99,47.30382873346191,48.60615994085148,-1.3023312073895639,-2.7066383595304977,,,,,,,,,,,,,,60,100,-60,108,,108,,48.60615994085148,,,,,
1776038400,70715,74868.2,70523.4,74383.7,87675.17800000009,70363.46379207223,71769.6710992623,94467.85,0,-95,-99,51.837508464293734,50.42137474430265,1.4161337199910804,0.004528513393598832,,,,,,,,,,,,,,60,100,-60,,,,,50.42137474430265,,,,,,0,-95,-99,51.837508464293734,50.42137474430265,1.4161337199910804,0.004528513393598832,,,,,,,,,,,,,,60,100,-60,,,,,50.42137474430265,,,,,
1776124800,74383.7,76010.3,73754.5,74092.2,87497.67850000007,70702.43981097476,72285.78863275956,86387.613,0,-95,-99,58.49433214460427,52.545223114119985,5.949109030484287,-2.0938289629736992,,,,,,,,,,,83.81136222962233,,,60,100,-60,,,,,,,,,,,0,-95,-99,58.49433214460427,52.545223114119985,5.949109030484287,-2.0938289629736992,,,,,,,,,,,83.81136222962233,,,60,100,-60,,,,,,,,,,
1776211200,74092.2,75396,73455.5,74778.3,87323.64200000008,71072.9725554316,72839.68004770188,69596.302,0,-95,-99,60.61655522124884,56.98279861004897,3.633756611199871,-2.515652626562549,,,,,,,,,,,,,,60,100,-60,,,,,,,,,,,0,-95,-99,60.61655522124884,56.98279861004897,3.633756611199871,-2.515652626562549,,,,,,,,,,,,,,60,100,-60,,,,,,,,,,
1776297600,74778.3,75506.2,73235.8,75105.6,87138.50250000008,71439.57505039236,73343.21781487924,77865.318,0,-95,-99,60.70148455210961,59.937457305987586,0.7640272461220263,-1.2973705155168958,,,,,,,,,,,,,,60,100,-60,,,,,,,,,,,0,-95,-99,60.70148455210961,59.937457305987586,0.7640272461220263,-1.2973705155168958,,,,,,,,,,,,,,60,100,-60,,,,,,,,,,
1776384000,75105.6,78332.6,74480.2,77018.5,86952.33800000008,71946.75004581123,74159.94718935053,101472.558,0,-95,-99,66.13263282274868,62.483557532035725,3.6490752907129504,-0.11185861664281216,,,,,,67.35879871132252,,,,99.41427250521242,,,,60,100,-60,,,,,,,,,,,0,-95,-99,66.13263282274868,62.483557532035725,3.6490752907129504,-0.11185861664281216,,,,,,67.35879871132252,,,,99.41427250521242,,,,60,100,-60,,,,,,,,,,
1776470400,77018.5,77379.9,75380,75650,86760.51900000007,72283.40913255567,74491.07003616152,43537.095,0,-95,-99,65.92682953099673,64.25364896861835,1.673180562378377,-0.5230257560843996,64.25364896861835,,64.25364896861835,,,,,,,,,,,60,100,-60,,,,,,,,,,,0,-95,-99,65.92682953099673,64.25364896861835,1.673180562378377,-0.5230257560843996,64.25364896861835,,64.25364896861835,,,,,,,,,,,60,100,-60,,,,,,,,,,
1776556800,75650,76211.8,73700.1,73765.8,86536.57100000008,72418.17193868697,74329.8989170145,57389.925,0,-95,-99,57.649003947507644,63.23615543375104,-5.587151486243393,-1.399648593520278,,,,,,,,,,,,,,60,100,-60,108,,108,,63.23615543375104,,105,,,,0,-95,-99,57.649003947507644,63.23615543375104,-5.587151486243393,-1.399648593520278,,,,,,,,,,,,,,60,100,-60,108,,108,,63.23615543375104,,105,,,
1776643200,73765.8,76528.2,73653.6,75789.1,86313.0965000001,72724.61994426088,74654.16582434461,72543.977,0,-95,-99,54.59118400440248,59.38900582763563,-4.79782182323315,-0.4415865015988767,,,,,,,,,,,,,,60,100,-60,,,,,,,,,,,0,-95,-99,54.59118400440248,59.38900582763563,-4.79782182323315,-0.4415865015988767,,,,,,,,,,,,,,60,100,-60,,,,,,,,,,
1776729600,75789.1,76934.1,74769.6,76294.8,86083.66950000009,73049.18176750989,75018.75119671247,72980.952,0,-95,-99,54.84357090730136,55.69458628640385,-0.8510153791024848,-1.202167019095647,,,,,,,,,,,51.836777478008486,,,60,100,-60,,,,,,,,,,,0,-95,-99,54.84357090730136,55.69458628640385,-0.8510153791024848,-1.202167019095647,,,,,,,,,,,51.836777478008486,,,60,100,-60,,,,,,,,,,
1776816000,76294.8,79423.5,76100,78139.5,85862.57050000009,73511.93797046354,75712.25093077637,84574.276,0,-95,-99,61.79721679368908,57.077323901797655,4.719892891891426,0.30172558175391906,,,,,,,,,,,,,,60,100,-60,,,,,57.077323901797655,,,,,,0,-95,-99,61.79721679368908,57.077323901797655,4.719892891891426,0.30172558175391906,,,,,,,,,,,,,,60,100,-60,,,,,57.077323901797655,,,,,
1776902400,78139.5,78633,76900,78214.3,85636.40250000007,73939.42542769412,76268.26183504828,87842.196,0,-95,-99,64.23060430296206,60.2904640013175,3.9401403016445613,1.1590064685702126,,,,,,65.46158318963043,,,,,,,,60,100,-60,,,,,,,,,,,0,-95,-99,64.23060430296206,60.2904640013175,3.9401403016445613,1.1590064685702126,,,,,,65.46158318963043,,,,,,,,60,100,-60,,,,,,,,,,
1776988800,78214.3,78537,77200,77404.9,85400.39650000008,74254.46857063101,76520.84809392644,62806.443,0,-95,-99,63.23229767189033,63.08670625618049,0.1455914157098377,1.6061635168925879,63.08670625618049,,63.08670625618049,,,,,,,77.4764287537312,,,,60,100,-60,,,,,,,,,106,,0,-95,-99,63.23229767189033,63.08670625618049,0.1455914157098377,1.6061635168925879,63.08670625618049,,63.08670625618049,,,,,,,77.4764287537312,,,,60,100,-60,,,,,,,,,106,
1777075200,77404.9,77847.6,77090.2,77591.4,85181.85650000008,74557.82597330092,76758.74851749834,19077.118,0,-95,-99,60.14778116402779,62.53689437962672,-2.3891132155989325,2.7914755805355833,,,,,,,,,,,,,,60,100,-60,,,108,,62.53689437962672,,105,,,,0,-95,-99,60.14778116402779,62.53689437962672,-2.3891132155989325,2.7914755805355833,,,,,,,,,,,,,,60,100,-60,,,108,,62.53689437962672,,105,,,
1777161600,77591.4,78942.3,77284.7,78622.1,84958.74050000009,74927.30543027357,77172.82662472094,44467.367,0,-95,-99,60.48538618332695,61.28848833974835,-0.8031021564213958,2.7423842331297505,,,,,,65.1989226415955,,,,,,,,60,100,-60,,,,,,,,,,,0,-95,-99,60.48538618332695,61.28848833974835,-0.8031021564213958,2.7423842331297505,,,,,,65.1989226415955,,,,,,,,60,100,-60,,,,,,,,,,
1777248000,78622.1,79457.4,76415.8,77328.7,84737.3690000001,75145.61402752143,77207.46515256073,75736.776,0,-95,-99,56.44884521723698,59.02733752153057,-2.57849230429359,2.2134679601267644,,,,,,,,,,,,,,60,100,-60,,,,,,,,,,,0,-95,-99,56.44884521723698,59.02733752153057,-2.57849230429359,2.2134679601267644,,,,,,,,,,,,,,60,100,-60,,,,,,,,,,
1777334400,77328.7,77448.2,75620.9,76300,84555.2065000001,75250.55820683767,77005.80622976946,49496.592,0,-95,-99,43.68126965903758,53.538500353200504,-9.857230694162922,2.029756581868143,,,,,,,,,,,,,,60,100,-60,,,,,,,,,,,0,-95,-99,43.68126965903758,53.538500353200504,-9.857230694162922,2.029756581868143,,,,,,,,,,,,,,60,100,-60,,,,,,,,,,
1777420800,76300,77860,74900,75750,84380.95700000008,75295.96200621607,76726.73817870958,77544.024,0,-95,-99,31.124744984861195,43.751619953711916,-12.626874968850721,0.9851196370696709,,,,,,,,,,,,,,60,100,-60,,,,,,,,,,,0,-95,-99,31.124744984861195,43.751619953711916,-12.626874968850721,0.9851196370696709,,,,,,,,,,,,,,60,100,-60,,,,,,,,,,
1777507200,75750,76644.3,75272.9,76301,84187.91950000009,75387.32909656006,76632.1296945519,44570.227,0,-95,-99,20.349608134031193,31.718540925976654,-11.368932791945461,2.926576633896131,,,,,,,,,,,13.18092473542206,,,60,100,-60,,,,,,,,,,,0,-95,-99,20.349608134031193,31.718540925976654,-11.368932791945461,2.926576633896131,,,,,,,,,,,13.18092473542206,,,60,100,-60,,,,,,,,,,
1777593600,76301,78900,76269.5,78189.3,84003.28250000007,75642.05372414552,76978.16754020704,61650.32,0,-95,-99,27.15813982394209,26.210830980944824,0.9473088429972663,3.140151338313137,,,,,,,,,,,,,,60,100,-60,,,,,26.210830980944824,,,,,,0,-95,-99,27.15813982394209,26.210830980944824,0.9473088429972663,3.140151338313137,,,,,,,,,,,,,,60,100,-60,,,,,26.210830980944824,,,,,
1777680000,78189.3,79182.5,77992.6,78655.1,83831.69750000007,75915.96702195048,77350.8191979388,21369.823,0,-95,-99,36.74351589532938,28.083754617767557,8.659761277561824,4.513728768408497,,,,,,,,,,,,,,60,100,-60,,,,,,,,,,,0,-95,-99,36.74351589532938,28.083754617767557,8.659761277561824,4.513728768408497,,,,,,,,,,,,,,60,100,-60,,,,,,,,,,
1777766400,78655.1,79421,78025,78529.9,83670.82050000006,76153.59729268226,77612.83715395241,34169.149,0,-95,-99,42.23706799037965,35.379574569883715,6.857493420495935,2.6633216910179636,,,,,,,,,,,,,,60,100,-60,,,,,,,,,,,0,-95,-99,42.23706799037965,35.379574569883715,6.857493420495935,2.6633216910179636,,,,,,,,,,,,,,60,100,-60,,,,,,,,,,
1777852800,78529.9,80742.2,78170.4,79818.9,83529.22600000007,76486.80662971114,78103.07334196298,104936.722,0,-95,-99,50.12659487639519,43.03572625403475,7.090868622360439,5.447125130627002,,,,,,,,,,,,,,60,100,-60,,,,,,,,,,,0,-95,-99,50.12659487639519,43.03572625403475,7.090868622360439,5.447125130627002,,,,,,,,,,,,,,60,100,-60,,,,,,,,,,
1777939200,79818.9,81787,79752.5,80851.6,83401.66100000007,76883.60602701013,78713.85704374898,65141.767,0,-95,-99,59.2031969087195,50.52228659183145,8.680910316888045,8.607295839869929,,,,,,,,,,,,,,60,100,-60,,,,,,,,,,,0,-95,-99,59.2031969087195,50.52228659183145,8.680910316888045,8.607295839869929,,,,,,,,,,,,,,60,100,-60,,,,,,,,,,
1778025600,80851.6,82811,80638,81394.2,83273.02100000008,77293.66002455466,79309.48881180477,67227.593,0,-95,-99,65.85117557827587,58.39365578779685,7.457519790479019,10.515912807185591,,,,,,69.01718641717473,,,,94.39231941516319,,,,60,100,-60,,,,,,,,,,,0,-95,-99,65.85117557827587,58.39365578779685,7.457519790479019,10.515912807185591,,,,,,69.01718641717473,,,,94.39231941516319,,,,60,100,-60,,,,,,,,,,
1778112000,81394.2,81671,79461.7,79975.4,83129.91150000007,77537.45456777696,79457.46907584814,59754.979,0,-95,-99,62.5658839920931,62.54008549302949,0.025798499063611757,10.150234457781282,62.54008549302949,,62.54008549302949,,,,,,,,,,,60,100,-60,,,,,,,,,106,,0,-95,-99,62.5658839920931,62.54008549302949,0.025798499063611757,10.150234457781282,62.54008549302949,,62.54008549302949,,,,,,,,,,,60,100,-60,,,,,,,,,106,
1778198400,79975.4,80477.6,79120,80158.1,82978.25200000008,77775.69506161542,79613.16483677078,47323.076,0,-95,-99,56.447615570807116,61.621558380392024,-5.173942809584908,8.841057320395313,,,,,,,,,,,,,,60,100,-60,,,,,61.621558380392024,,105,,,,0,-95,-99,56.447615570807116,61.621558380392024,-5.173942809584908,8.841057320395313,,,,,,,,,,,,,,60,100,-60,,,,,61.621558380392024,,105,,,
1778284800,80158.1,81049.9,80083,80628,82840.19150000007,78034.99551055947,79838.68376193283,21430.024,0,-95,-99,55.29400820171623,58.10250258820548,-2.808494386489251,8.943281315524995,,,,,,,,,,,66.27131485198686,,,60,100,-60,,,,,,,,,,,0,-95,-99,55.29400820171623,58.10250258820548,-2.808494386489251,8.943281315524995,,,,,,,,,,,66.27131485198686,,,60,100,-60,,,,,,,,,,
1778371200,80628,82450,80206.3,82181.9,82713.48700000008,78411.98682778134,80359.3984815033,44667.358,0,-95,-99,59.119447276593114,56.95369034970548,2.1657569268876316,10.418924141517246,,,,,,68.1380955701702,,,,,,,,60,100,-60,,,,,56.95369034970548,,,,,,0,-95,-99,59.119447276593114,56.95369034970548,2.1657569268876316,10.418924141517246,,,,,,68.1380955701702,,,,,,,,60,100,-60,,,,,56.95369034970548,,,,,
1778457600,82181.9,82350,80410,81699.8,82571.91100000008,78710.87893434666,80657.26548561368,50803.921,0,-95,-99,59.294409119778386,57.90262153269591,1.3917875870824759,9.287306225333525,,,,,,,,,,75.78246924863765,,,,60,100,-60,,,,,,,,,,,0,-95,-99,59.294409119778386,57.90262153269591,1.3917875870824759,9.287306225333525,,,,,,,,,,75.78246924863765,,,,60,100,-60,,,,,,,,,,
1778544000,81699.8,81768.1,79800.1,80459.8,82419.38650000008,78869.87175849697,80613.38426658841,53087.862,0,-95,-99,52.62989566306933,57.014584019813604,-4.384688356744277,7.426931870639406,,,,,,,,,,,,,,60,100,-60,,,108,,57.014584019813604,,105,,,,0,-95,-99,52.62989566306933,57.014584019813604,-4.384688356744277,7.426931870639406,,,,,,,,,,,,,,60,100,-60,,,108,,57.014584019813604,,105,,,
1778630400,80459.8,81305.9,78724.9,79285.8,82257.87800000007,78907.68341681543,80318.36554067988,58111.701,0,-95,-99,38.828945394506974,50.25108339245156,-11.422137997944589,5.556096352487618,,,,,,,,,,,,,,60,100,-60,,,,,,,,,,,0,-95,-99,38.828945394506974,50.25108339245156,-11.422137997944589,5.556096352487618,,,,,,,,,,,,,,60,100,-60,,,,,,,,,,
1778716800,79285.8,81999,78863.2,81052.6,82090.64950000007,79102.67583346857,80481.52875386213,71424.838,0,-95,-99,36.34517731503162,42.60133945753597,-6.256162142504351,5.302193792340153,,,,,,,,,,,,,,60,100,-60,,,,,,,,,,,0,-95,-99,36.34517731503162,42.60133945753597,-6.256162142504351,5.302193792340153,,,,,,,,,,,,,,60,100,-60,,,,,,,,,,
1778803200,81052.6,81639.1,78610,79069.5,81915.69050000007,79099.6598486078,80167.74458633721,71934.59,0,-95,-99,24.203812324572873,33.125978344703825,-8.922166020130952,1.7232342100192515,,,,,,,,,,,,,,60,100,-60,,,,,,,,,,,0,-95,-99,24.203812324572873,33.125978344703825,-8.922166020130952,1.7232342100192515,,,,,,,,,,,,,,60,100,-60,,,,,,,,,,
1778889600,79069.5,79192.8,77601,78106.5,81742.04300000006,79009.37258964345,79709.69023381783,33994.96,0,-95,-99,2.810235804233926,21.119741814612812,-18.309506010378886,1.1202276958649753,,,,,,,,,,,,,,60,100,-60,,,,,,,,,,,0,-95,-99,2.810235804233926,21.119741814612812,-18.309506010378886,1.1202276958649753,,,,,,,,,,,,,,60,100,-60,,,,,,,,,,
1778976000,78106.5,78569.9,76671.5,77416.4,81579.38100000007,78864.55689967587,79200.07018185832,40227.787,0,-95,-99,-14.943792469551184,4.023418553085212,-18.967211022636395,1.792007687814741,,,,,,,,,,,,,,60,100,-60,,,,,,,,,,,0,-95,-99,-14.943792469551184,4.023418553085212,-18.967211022636395,1.792007687814741,,,,,,,,,,,,,,60,100,-60,,,,,,,,,,
1779062400,77416.4,77766.4,75999.9,76963.9,81422.89200000007,78691.76990879624,78703.14347477868,82500.503,0,-95,-99,-28.69418814285691,-13.60924826939138,-15.08493987346553,2.324807839631358,,,,,,,,,,,,,,60,100,-60,,,,,,,,,,,0,-95,-99,-28.69418814285691,-13.60924826939138,-15.08493987346553,2.324807839631358,,,,,,,,,,,,,,60,100,-60,,,,,,,,,,
1779148800,76963.9,77377.6,76105,76806.1,81259.18900000007,78520.34537163294,78281.5782581612,41064.782,0,-95,-99,-37.180613371318,-26.939531327908686,-10.241082043409317,1.2741225897841484,,,,,,,,,,,,,,60,100,-60,,,,,,,,,,,0,-95,-99,-37.180613371318,-26.939531327908686,-10.241082043409317,1.2741225897841484,,,,,,,,,,,,,,60,100,-60,,,,,,,,,,
1779235200,76806.1,77838.9,76465.9,77518.9,81096.55350000007,78429.30488330267,78112.09420079204,44655.662,0,-95,-99,-39.143846275251185,-35.00621592980869,-4.137630345442496,4.13509453878727,,,,,,,,,,,,,,60,100,-60,,,,,,,,,,,0,-95,-99,-39.143846275251185,-35.00621592980869,-4.137630345442496,4.13509453878727,,,,,,,,,,,,,,60,100,-60,,,,,,,,,,
1779321600,77518.9,78173,76680.1,77588.4,80932.02800000008,78352.8589848206,77995.71771172713,54827.313,0,-95,-99,-38.517925518618064,-38.280795055062406,-0.23713046355565837,5.406006490897241,,,,,,,,,,,,,,60,100,-60,,,,,,,,,,,0,-95,-99,-38.517925518618064,-38.280795055062406,-0.23713046355565837,5.406006490897241,,,,,,,,,,,,,,60,100,-60,,,,,,,,,,
1779408000,77588.4,77865,75311,75509.6,80776.89400000007,78094.38089529146,77443.2471091211,59270.781,0,-95,-99,-45.1514292278744,-40.93773367391454,-4.213695553959859,1.6359067527090376,,,,,,,,,,,,,,60,100,-60,,,,,,,,,,,0,-95,-99,-45.1514292278744,-40.93773367391454,-4.213695553959859,1.6359067527090376,,,,,,,,,,,,,,60,100,-60,,,,,,,,,,
1779494400,75509.6,77371.9,74221.4,76709,80653.22950000007,77968.4371775377,77280.08108487197,67236.629,0,-95,-99,-48.98037626741836,-44.21657700463694,-4.7637992627814185,2.9282837232723207,,,,,,,,,,,,,,60,100,-60,,,,,,,,,,,0,-95,-99,-48.98037626741836,-44.21657700463694,-4.7637992627814185,2.9282837232723207,,,,,,,,,,,,,,60,100,-60,,,,,,,,,,
1779580800,76709,77490,76062.2,77032.5,80519.21600000007,77883.35197957972,77225.06306601153,42693.506,0,-95,-99,-45.507270268394166,-46.54635858789563,1.0390883195014666,2.270873041384524,,,,-46.54635858789563,,,,,,,,,,60,100,-60,,-108,,-108,-46.54635858789563,,,,,,0,-95,-99,-45.507270268394166,-46.54635858789563,1.0390883195014666,2.270873041384524,,,,-46.54635858789563,,,,,,,,,,60,100,-60,,-108,,-108,-46.54635858789563,,,,,
1779667200,77032.5,77885,76859.9,77280.5,80399.13750000007,77828.54725416338,77237.38238467563,36779.062,0,-95,-99,-37.951323648078926,-44.14632339463048,6.194999746551552,4.76625920085836,,,,,,,,,,,,,,60,100,-60,,,,,,,,,,,0,-95,-99,-37.951323648078926,-44.14632339463048,6.194999746551552,4.76625920085836,,,,,,,,,,,,,,60,100,-60,,,,,,,,,,
1779753600,77280.5,78049,75627.9,75897.4,80262.12200000008,77652.9884128758,76939.60852141438,79398.113,0,-95,-99,-39.89225374130763,-41.11694921926023,1.2246954779526007,4.996865855064708,,,,,,,,,,24.99069822722945,,,,60,100,-60,,,,,,,,,,,0,-95,-99,-39.89225374130763,-41.11694921926023,1.2246954779526007,4.996865855064708,,,,,,,,,,24.99069822722945,,,,60,100,-60,,,,,,,,,,
1779840000,75897.4,76136.8,74201.2,74412.4,80122.84100000007,77358.38946625072,76378.00662776674,70074.484,0,-95,-99,-51.89791863722651,-43.24716534220434,-8.65075329502217,3.1309133587286038,,,,,,,,,,,,,,60,100,-60,,,,,-43.24716534220434,,,,,,0,-95,-99,-51.89791863722651,-43.24716534220434,-8.65075329502217,3.1309133587286038,,,,,,,,,,,,,,60,100,-60,,,,,-43.24716534220434,,,,,
1779926400,74412.4,74557.7,72552,73597.6,79967.50400000007,77016.49951477339,75760.13848826302,86542.849,0,-95,-99,-63.573964080335685,-51.788045486289924,-11.78591859404576,2.5225221989106545,,,,,,,,,,,,,,60,100,-60,,,,,,,,,,,0,-95,-99,-63.573964080335685,-51.788045486289924,-11.78591859404576,2.5225221989106545,,,,,,,,,,,,,,60,100,-60,,,,,,,,,,
1780012800,73597.6,74310,72460.7,73437.3,79804.84300000007,76691.11774070308,75243.9521575379,78364.439,0,-95,-99,-68.67629012328867,-61.38272428028361,-7.293565843005055,1.514048262007476,,,,,,,,,,,3.624449510607468,,,60,100,-60,,,,,,,,,,,0,-95,-99,-68.67629012328867,-61.38272428028361,-7.293565843005055,1.514048262007476,,,,,,,,,,,3.624449510607468,,,60,100,-60,,,,,,,,,,
1780099200,73437.3,74117.7,73160.3,73854.1,79659.06500000009,76433.2070370028,74935.09612252949,21219.414,0,-95,-99,-68.31242709290682,-66.85422709884371,-1.4581999940631079,1.20868074310359,,,,,,,,,,,,,,60,100,-60,,,,,,,,,,,0,-95,-99,-68.31242709290682,-66.85422709884371,-1.4581999940631079,1.20868074310359,,,,,,,,,,,,,,60,100,-60,,,,,,,,,,
1780185600,73854.1,74246.1,73351,73649.6,79519.33500000008,76180.15185182072,74649.43031752294,29979.236,0,-95,-99,-66.12546887146108,-67.70472869588552,1.5792598244244402,0.8631585786868317,,,,,,,,,,,,,,60,100,-60,,-108,,-108,-67.70472869588552,-107,,,,,0,-95,-99,-66.12546887146108,-67.70472869588552,1.5792598244244402,0.8631585786868317,,,,,,,,,,,,,,60,100,-60,,-108,,-108,-67.70472869588552,-107,,,,
1780272000,73649.6,74057.6,70650.4,71391.3,79378.14650000008,75744.80168347337,73925.4013580734,98729.422,0,-95,-99,-70.78398186620927,-68.40729261019239,-2.3766892560168884,0.22563465319234144,,,,,,,,,,9.4753748924687,,,,60,100,-60,,,,,-68.40729261019239,,,,,,0,-95,-99,-70.78398186620927,-68.40729261019239,-2.3766892560168884,0.22563465319234144,,,,,,,,,,9.4753748924687,,,,60,100,-60,,,,,-68.40729261019239,,,,,
1780358400,71391.3,71398.4,66160,66725.2,79239.10600000007,74924.8378940667,72325.35661183487,158332.094,0,-95,-99,-82.49639664175523,-73.13528245980852,-9.361114181946704,-2.141069715005525,,,,,,,,,,,,,,60,100,-60,,,,,,,,,,,0,-95,-99,-82.49639664175523,-73.13528245980852,-9.361114181946704,-2.141069715005525,,,,,,,,,,,,,,60,100,-60,,,,,,,,,,
1780444800,66725.2,67497.5,64035.3,64115.2,79081.88650000008,73942.14354006064,70500.87736476045,126951.178,0,-95,-99,-90.84301106055672,-81.37446318950707,-9.468547871049651,-5.061689688278017,,,,,,,,,,,,,,60,100,-60,,,,,,,,,,,0,-95,-99,-90.84301106055672,-81.37446318950707,-9.468547871049651,-5.061689688278017,,,,,,,,,,,,,,60,100,-60,,,,,,,,,,
1780531200,64115.2,64734.4,61333,63849.1,78930.05250000008,73024.59412732786,69022.70461703591,163465.147,0,-95,-99,-94.7397838112952,-89.35973050453572,-5.3800533067594785,-6.959671955276643,,,,,,,,,,,,,,60,100,-60,,,,,,,,,,,0,-95,-99,-94.7397838112952,-89.35973050453572,-5.3800533067594785,-6.959671955276643,,,,,,,,,,,,,,60,100,-60,,,,,,,,,,
1780617600,63849.1,63954.5,59081.4,61026.6,78774.32850000008,71933.86738847988,67245.79247991682,208616.655,0,-95,-99,-96.13420627625149,-93.9056670493678,-2.228539226883683,-8.173383602209261,,,,,,,,,,,,,,60,100,-60,,,,,,,,,,,0,-95,-99,-96.13420627625149,-93.9056670493678,-2.228539226883683,-8.173383602209261,,,,,,,,,,,,,,60,100,-60,,,,,,,,,,
1780704000,61026.6,61496.4,59428.7,60855.6,78613.98150000008,70926.75217134535,65825.74970660197,84151.294,0,-95,-99,-94.53277568896064,-95.1355885921691,0.6028129032084593,-9.897167341006142,,-95.1355885921691,,-95.1355885921691,,,15.426302909192842,,,,,,,60,100,-60,,,,,-95.1355885921691,-107,,,,,0,-95,-99,-94.53277568896064,-95.1355885921691,0.6028129032084593,-9.897167341006142,,-95.1355885921691,,-95.1355885921691,,,15.426302909192842,,,,,,,60,100,-60,,,,,-95.1355885921691,-107,,,,
1780790400,60855.6,64250,60711.1,63306.5,78472.96900000008,70234.00197395032,65265.9164384682,108294.48,0,-95,-99,-87.26411047281013,-92.64369747934074,5.379587006530613,-7.179552329493365,,,,,,,,,,,,,,60,100,-60,,,,,,,,,,,0,-95,-99,-87.26411047281013,-92.64369747934074,5.379587006530613,-7.179552329493365,,,,,,,,,,,,,,60,100,-60,,,,,,,,,,
1780876800,63306.5,64220.9,62374,63056.4,78355.3360000001,69581.4927035912,64774.912785475266,84262.562,0,-95,-99,-79.36767935808014,-87.05485517328361,7.687175815203474,-8.180440259021738,,,,,,,,,,,,,,60,100,-60,,,,,,,,,,,0,-95,-99,-79.36767935808014,-87.05485517328361,7.687175815203474,-8.180440259021738,,,,,,,,,,,,,,60,100,-60,,,,,,,,,,
1780963200,63056.4,63501,60705,61699.9,78238.35000000008,68864.984275992,64091.57661092521,102673.859,0,-95,-99,-74.6557964859071,-80.42919543893244,5.773398953025335,-10.795394045014309,,,,,,,,,,,,,,60,100,-60,,,,,,,,,,,0,-95,-99,-74.6557964859071,-80.42919543893244,5.773398953025335,-10.795394045014309,,,,,,,,,,,,,,60,100,-60,,,,,,,,,,
1781049600,61699.9,62846.8,60614.5,61476.4,78122.2245000001,68193.29479635636,63510.42625294183,90916.266,0,-95,-99,-70.38524074351147,-74.80290552916622,4.41766478565475,-11.21935229693532,,,,,,,23.84235705398939,,,,,,,60,100,-60,,,,,,,,,,,0,-95,-99,-70.38524074351147,-74.80290552916622,4.41766478565475,-11.21935229693532,,,,,,,23.84235705398939,,,,,,,60,100,-60,,,,,,,,,,
1781136000,61476.4,63900,61476.4,63600,78006.2105000001,67775.72254214215,63530.331530065865,80618.308,0,-95,-99,-62.56233851833266,-69.2011252492504,6.638786730917737,-6.8654709458452485,,,,,,,,,,,,,,60,100,-60,,,,,,,,,,,0,-95,-99,-62.56233851833266,-69.2011252492504,6.638786730917737,-6.8654709458452485,,,,,,,,,,,,,,60,100,-60,,,,,,,,,,
1781222400,63600,64371.8,62810,63547.1,77882.7455000001,67391.30231103831,63534.057856717896,63194.373,0,-95,-99,-53.87179135708416,-62.27312353964275,8.401332182558583,-9.061120617888934,,,,,,,,,,,,,,60,100,-60,,,,,,,,,,,0,-95,-99,-53.87179135708416,-62.27312353964275,8.401332182558583,-9.061120617888934,,,,,,,,,,,,,,60,100,-60,,,,,,,,,,
1781308800,63547.1,64746.9,63372.8,64416.6,77768.2510000001,67120.87482821665,63730.178333002805,34769.04,0,-95,-99,-43.97115008092338,-53.468426652113386,9.497276571190007,-7.156119950371596,,,,,,,,,,,,,,60,100,-60,,,,,,,,,,,0,-95,-99,-43.97115008092338,-53.468426652113386,9.497276571190007,-7.156119950371596,,,,,,,,,,,,,,60,100,-60,,,,,,,,,,
1781395200,64416.6,65770,63643.7,65710,77644.66600000011,66992.61348019696,64170.138703446624,52469.377,0,-95,-99,-31.740447960137672,-43.19446313271505,11.454015172577378,-6.51932488204879,,,,,,,,,,,,,,60,100,-60,,,,,,,,,,,0,-95,-99,-31.740447960137672,-43.19446313271505,11.454015172577378,-6.51932488204879,,,,,,,,,,,,,,60,100,-60,,,,,,,,,,
1781481600,65710,67276,65317,66287.2,77519.68100000011,66928.48498199723,64640.59676934737,69019.982,0,-95,-99,-16.6327827724913,-30.781460271184102,14.148677498692802,-6.1431236243958764,,,,,,,,,,,,,,60,100,-60,,,,,,,,,,,0,-95,-99,-16.6327827724913,-30.781460271184102,14.148677498692802,-6.1431236243958764,,,,,,,,,,,,,,60,100,-60,,,,,,,,,,
1781568000,66287.2,66970,65327.4,65640,77393.6525000001,66811.34998363385,64862.686376159065,60153.517,0,-95,-99,-6.86373097949053,-18.412320570706484,11.548589591215954,-8.369516383959425,,,,,,,,,,97.65654017412211,,,,60,100,-60,,,,,,,,,,,0,-95,-99,-6.86373097949053,-18.412320570706484,11.548589591215954,-8.369516383959425,,,,,,,,,,97.65654017412211,,,,60,100,-60,,,,,,,,,,
1781654400,65640,66444.7,63869.6,64476.6,77262.2010000001,66599.09998512168,64776.88940367927,89269.004,0,-95,-99,-5.183356621497702,-9.55995679115983,4.376600169662129,-7.788276548599629,,,,,,,,,,,,,,60,100,-60,,,,,,,,,,,0,-95,-99,-5.183356621497702,-9.55995679115983,4.376600169662129,-7.788276548599629,,,,,,,,,,,,,,60,100,-60,,,,,,,,,,
1781740800,64476.6,64781.8,62216.4,62920.1,77125.25850000011,66264.6454410197,64364.26953619499,89421.713,0,-95,-99,-14.080041391874289,-8.70904299762084,-5.37099839425345,-7.429673517419993,,,,,,,,,,,,,,60,100,-60,,,,,-8.70904299762084,,,,,,0,-95,-99,-14.080041391874289,-8.70904299762084,-5.37099839425345,-7.429673517419993,,,,,,,,,,,,,,60,100,-60,,,,,-8.70904299762084,,,,,
1781827200,62920.1,63641.1,62271.6,63508.9,77011.5825000001,66014.12312819973,64174.18741704055,53203.235,0,-95,-99,-20.966963469289542,-13.410120494220513,-7.55684297506903,-8.114464806825735,,,,,,,,,,,,,,60,100,-60,,,,,,,,,,,0,-95,-99,-20.966963469289542,-13.410120494220513,-7.55684297506903,-8.114464806825735,,,,,,,,,,,,,,60,100,-60,,,,,,,,,,
1781913600,63508.9,64356.6,63154.5,64265.4,76876.7010000001,65855.14829836339,64194.45687992043,42233.187,0,-95,-99,-20.315280210933274,-18.45409502403237,-1.8611851869009044,-7.125260478964052,,,,,,,,,,,,,,60,100,-60,,,,,,,,,,,0,-95,-99,-20.315280210933274,-18.45409502403237,-1.8611851869009044,-7.125260478964052,,,,,,,,,,,,,,60,100,-60,,,,,,,,,,
1782000000,64265.4,64589.1,63209.3,63283.4,76726.16750000011,65621.35299851217,63991.99979549367,36109.155,0,-95,-99,-21.57536109293583,-20.952534924386214,-0.622826168549615,-10.292122322067975,,,,,,,,,,,,,,60,100,-60,,,,,,,,,,,0,-95,-99,-21.57536109293583,-20.952534924386214,-0.622826168549615,-10.292122322067975,,,,,,,,,,,,,,60,100,-60,,,,,,,,,,
1782086400,63283.4,65596,63279.8,63989.3,76585.95500000012,65472.98454410197,63991.39984093952,84517.437,0,-95,-99,-16.207795463975646,-19.366145589281583,3.1583501253059367,-9.638111619060538,,,,,,,,,,78.53695989794059,,,,60,100,-60,,,,,-19.366145589281583,,,,,,0,-95,-99,-16.207795463975646,-19.366145589281583,3.1583501253059367,-9.638111619060538,,,,,,,,,,78.53695989794059,,,,60,100,-60,,,,,-19.366145589281583,,,,,
1782172800,63989.3,64252.8,61878.4,62693.7,76453.05500000011,65220.322312819975,63703.02209850852,80963.493,0,-95,-99,-25.72024513059945,-21.16780056250364,-4.552444568095812,-9.488782739281806,,,,,,,,,,,,,,60,100,-60,,,,,-21.16780056250364,,,,,,0,-95,-99,-25.72024513059945,-21.16780056250364,-4.552444568095812,-9.488782739281806,,,,,,,,,,,,,,60,100,-60,,,,,-21.16780056250364,,,,,
1782259200,62693.7,63232.7,59065.8,61054.7,76312.40150000011,64841.62937529089,63114.506076617734,123288.725,0,-95,-99,-42.5608807698006,-28.162973788125232,-14.397906981675366,-11.087720489499238,,,,,,,,,,,,,,60,100,-60,,,,,,,,,,,0,-95,-99,-42.5608807698006,-28.162973788125232,-14.397906981675366,-11.087720489499238,,,,,,,,,,,,,,60,100,-60,,,,,,,,,,
1782345600,61054.7,61942.3,58042.6,59767.3,76159.56100000012,64380.3267048099,62370.68250403601,141268.103,0,-95,-99,-55.7309242958164,-41.33735006540548,-14.39357423041092,-13.467546901345548,,,,,,,,,,,,,,60,100,-60,,,,,,,,,,,0,-95,-99,-55.7309242958164,-41.33735006540548,-14.39357423041092,-13.467546901345548,,,,,,,,,,,,,,60,100,-60,,,,,,,,,,
1782432000,59767.3,60731.3,58289.5,60073.4,76006.93800000013,63988.787913463544,61860.1752809169,121158.15,0,-95,-99,-62.20509701290493,-53.49896735950731,-8.706129653397618,-12.091059252036379,,,,,,,,,,,,,,60,100,-60,,,,,,,,,,,0,-95,-99,-62.20509701290493,-53.49896735950731,-8.706129653397618,-12.091059252036379,,,,,,,,,,,,,,60,100,-60,,,,,,,,,,
1782518400,60073.4,60918.3,59807.5,59995.3,75843.73400000011,63625.74355769413,61445.758551824256,37343.082,0,-95,-99,-62.09397465234111,-60.00999865368748,-2.083975998653628,-10.85942910171808,,,,,,,,,,,,,,60,100,-60,,,,,,,,,,,0,-95,-99,-62.09397465234111,-60.00999865368748,-2.083975998653628,-10.85942910171808,,,,,,,,,,,,,,60,100,-60,,,,,,,,,,
1782604800,59995.3,60522.5,58860,59550.4,75681.62750000012,63255.257779721935,61024.56776252998,45106.813,0,-95,-99,-63.117607836510395,-62.472226500585485,-0.6453813359249096,-11.063924631082035,,,,-62.472226500585485,,,,,,,6.65485843083822,,,60,100,-60,,,,,,,,-106,,,0,-95,-99,-63.117607836510395,-62.472226500585485,-0.6453813359249096,-11.063924631082035,,,,-62.472226500585485,,,,,,,6.65485843083822,,,60,100,-60,,,,,,,,-106,,
1782691200,59550.4,60775,58850.6,60224,75520.3290000001,62979.6888906563,60846.66381530109,106823.016,0,-95,-99,-60.779643658829464,-61.997075382560325,1.2174317237308614,-11.193294694042661,,,,,,,,,,,,,,60,100,-60,,,,-108,-61.997075382560325,-107,,,,,0,-95,-99,-60.779643658829464,-61.997075382560325,1.2174317237308614,-11.193294694042661,,,,,,,,,,,,,,60,100,-60,,,,-108,-61.997075382560325,-107,,,,
1782777600,60224,60249,58156.7,58603.5,75362.1920000001,62581.853536960276,60348.18296745641,82689.682,0,-95,-99,-62.360594506805654,-62.08594866738184,-0.2746458394238118,-14.924181798371027,,,,,,,,,,,,,,60,100,-60,,,,,-62.08594866738184,,,,,,0,-95,-99,-62.360594506805654,-62.08594866738184,-0.2746458394238118,-14.924181798371027,,,,,,,,,,,,,,60,100,-60,,,,,-62.08594866738184,,,,,
1782864000,58603.5,61325.3,57755.8,60000,75211.2600000001,62347.1395790548,60270.80897468832,110530.621,0,-95,-99,-58.340398487329104,-60.493545550988074,2.1531470636589702,-14.92475730453894,,,,,,,,,,,,,,60,100,-60,,,,,-60.493545550988074,-107,,,,,0,-95,-99,-58.340398487329104,-60.493545550988074,2.1531470636589702,-14.92475730453894,,,,,,,,,,,,,,60,100,-60,,,,,-60.493545550988074,-107,,,,
1782950400,60000,62188.7,59556.1,61532.7,75078.3435000001,62273.09961732254,60551.22920253536,85493.955,0,-95,-99,-44.82322770876753,-55.174740234300764,10.35151252553323,-13.245045004258136,,,,,,,,,,,,,,60,100,-60,,,,,,,,,,,0,-95,-99,-44.82322770876753,-55.174740234300764,10.35151252553323,-13.245045004258136,,,,,,,,,,,,,,60,100,-60,,,,,,,,,,
1783036800,61532.7,62946.1,61210.4,62555.6,74959.16300000012,62298.78147029322,60996.64493530528,47781.523,0,-95,-99,-26.693137666202226,-43.28558795409962,16.592450287897393,-13.024733574538011,,,,,,,,,,,,,,60,100,-60,,,,,,,,,,,0,-95,-99,-26.693137666202226,-43.28558795409962,16.592450287897393,-13.024733574538011,,,,,,,,,,,,,,60,100,-60,,,,,,,,,,
1783123200,62555.6,63450,62311.8,63112.2,74835.61750000011,62372.72860935747,61466.76828301522,34154.471,0,-95,-99,-9.660119969377469,-27.058828448115737,17.398708478738268,-13.071174214838823,,,,,,,,,,,,,,60,100,-60,,,,,,,,,,,0,-95,-99,-9.660119969377469,-27.058828448115737,17.398708478738268,-13.071174214838823,,,,,,,,,,,,,,60,100,-60,,,,,,,,,,
1783209600,63112.2,63987.1,62389.4,63614.4,74722.70300000011,62485.60782668861,61944.019775678506,45211.111,0,-95,-99,3.93259173910657,-10.806888632157706,14.739480371264277,-12.909609288658249,,,,,,,,,,,,,,60,100,-60,,,,,,,,,,,0,-95,-99,3.93259173910657,-10.806888632157706,14.739480371264277,-12.909609288658249,,,,,,,,,,,,,,60,100,-60,,,,,,,,,,
1783296000,63614.4,64703.2,61272.5,64020,74615.45250000012,62625.09802426237,62405.348714416614,118320.45,0,-95,-99,13.12974356411886,2.467405111282656,10.662338452836204,-11.008556885683719,,,,,,,,,,100,,,,60,100,-60,,,,,,,,,,,0,-95,-99,13.12974356411886,2.467405111282656,10.662338452836204,-11.008556885683719,,,,,,,,,,100,,,,60,100,-60,,,,,,,,,,
1783382400,64020,64303,62635.5,63332.5,74491.60950000011,62689.407294783974,62611.38233343515,93282.726,0,-95,-99,19.823498981159116,12.29527809479485,7.528220886364265,-12.375730823022671,,,,,,,,,,,,,,60,100,-60,,,,,,,,,,,0,-95,-99,19.823498981159116,12.29527809479485,7.528220886364265,-12.375730823022671,,,,,,,,,,,,,,60,100,-60,,,,,,,,,,
1783468800,63332.5,63743.7,61500,62256,74361.3155000001,62650.00663162179,62532.40848156067,74661.662,0,-95,-99,18.18565403652161,17.04629886059986,1.1393551759217466,-14.790165802277365,,,,,,,,,,,,,,60,100,-60,,,,,,,,,,,0,-95,-99,18.18565403652161,17.04629886059986,1.1393551759217466,-14.790165802277365,,,,,,,,,,,,,,60,100,-60,,,,,,,,,,
1783555200,62256,63479.9,61667.6,63196.8,74234.1545000001,62699.715119656175,62680.051041213854,70001.64,0,-95,-99,19.18622548566937,19.065126167783365,0.12109931788600647,-15.223770909839766,,,,,,,,,,,84.52158991608931,,,60,100,-60,,,,,,,,,,,0,-95,-99,19.18622548566937,19.065126167783365,0.12109931788600647,-15.223770909839766,,,,,,,,,,,84.52158991608931,,,60,100,-60,,,,,,,,,,
1783641600,63196.8,64688.2,62890.6,64141.1,74111.9685000001,62830.75010877834,63004.72858761078,59390.668,0,-95,-99,28.570359408236257,21.98074631014241,6.589613098093846,-13.289229207042467,,,,,,,,,,,,,,60,100,-60,,,,,,,,,,,0,-95,-99,28.570359408236257,21.98074631014241,6.589613098093846,-13.289229207042467,,,,,,,,,,,,,,60,100,-60,,,,,,,,,,
1783728000,64141.1,64490.9,63762.6,63782.3,73993.6600000001,62917.25464434394,63177.522234808384,22920.141,0,-95,-99,34.82491930920579,27.52716806770381,7.297751241501981,-12.945661270127324,,,,,,,,,,,,,,60,100,-60,,,,,,,,,,,0,-95,-99,34.82491930920579,27.52716806770381,7.297751241501981,-12.945661270127324,,,,,,,,,,,,,,60,100,-60,,,,,,,,,,
1783814400,63782.3,64282.2,63594.3,63745,73874.20350000012,62992.504222130854,63303.62840485096,30613.351,0,-95,-99,37.27783219910779,33.55770363884995,3.720128560257841,-11.944062622918505,,,33.55770363884995,,,,,,,93.42235477707555,,,,60,100,-60,,,,,,,,,,,0,-95,-99,37.27783219910779,33.55770363884995,3.720128560257841,-11.944062622918505,,,33.55770363884995,,,,,,,93.42235477707555,,,,60,100,-60,,,,,,,,,,
1783900800,63745,64412,61777.6,62311.4,73749.87000000013,62930.585656482595,63083.13320377297,81143.057,0,-95,-99,28.134736185274654,33.41249589786275,-5.277759712588093,-14.713096183352715,,,,,,,,,,,,,,60,100,-60,108,,,,33.41249589786275,,,,,,0,-95,-99,28.134736185274654,33.41249589786275,-5.277759712588093,-14.713096183352715,,,,,,,,,,,,,,60,100,-60,108,,,,33.41249589786275,,,,,
1783987200,62311.4,65084.1,62235.4,65013.4,73638.29300000012,63119.93241498418,63512.08138071231,81690.459,0,-95,-99,34.18712486727743,33.1998977505533,0.9872271167241351,-10.705131845939443,,,,,,,,,,,,,,60,100,-60,,,,,33.1998977505533,,,,,,0,-95,-99,34.18712486727743,33.1998977505533,0.9872271167241351,-10.705131845939443,,,,,,,,,,,,,,60,100,-60,,,,,33.1998977505533,,,,,
1784073600,65013.4,65566.6,64449.1,64717.1,73522.70050000012,63265.12946816743,63779.86329610958,56788.186,0,-95,-99,43.642113055021035,35.32132470252438,8.320788352496656,-9.85555663202856,,,,,,,,,,,,,,60,100,-60,,,,,,,,,,,0,-95,-99,43.642113055021035,35.32132470252438,8.320788352496656,-9.85555663202856,,,,,,,,,,,,,,60,100,-60,,,,,,,,,,
1784160000,64717.1,64974.7,63701.8,63795.3,73402.12750000012,63313.326789243125,63783.2936747519,52811.057,0,-95,-99,42.38199317076838,40.07041036435562,2.3115828064127655,-10.757197887862628,,,40.07041036435562,,,,,,,,,,,60,100,-60,,,,,,,,,,,0,-95,-99,42.38199317076838,40.07041036435562,2.3115828064127655,-10.757197887862628,,,40.07041036435562,,,,,,,,,,,60,100,-60,,,,,,,,,,
1784246400,63795.3,64360,62502,63911.1,73285.76000000013,63367.66980840284,63811.69508036259,79236.771,0,-95,-99,34.14786994002266,40.057325388604035,-5.909455448581376,-9.960994583145645,,,,,,,,,,,,,,60,100,-60,108,,108,,40.057325388604035,,,,,,0,-95,-99,34.14786994002266,40.057325388604035,-5.909455448581376,-9.960994583145645,,,,,,,,,,,,,,60,100,-60,108,,108,,40.057325388604035,,,,,
1784332800,63911.1,64847.1,63858.7,64806,73167.50000000015,63498.42709854803,64032.6517291709,21479.779,0,-95,-99,38.85662404337104,38.4621623847207,0.3944616586503429,-7.387492620444339,,,,,,,,,,,67.91179605535763,,,60,100,-60,,,,,38.4621623847207,,,,,,0,-95,-99,38.85662404337104,38.4621623847207,0.3944616586503429,-7.387492620444339,,,,,,,,,,,67.91179605535763,,,60,100,-60,,,,,38.4621623847207,,,,,
1784419200,64806,64948,64224.3,64698.2,73053.01650000013,63607.49736231639,64180.5513449107,27318.106,0,-95,-99,42.484184208175925,38.49622606385655,3.9879581443193786,-9.057772332384296,,,,,,,,,,,,,,60,100,-60,,,,,,,,,,,0,-95,-99,42.484184208175925,38.49622606385655,3.9879581443193786,-9.057772332384296,,,,,,,,,,,,,,60,100,-60,,,,,,,,,,
1784505600,64698.2,65769.3,63678.8,65221.1,72935.07150000014,63754.18851119672,64411.78437937499,74048.77,0,-95,-99,46.82584103411515,42.72221642855405,4.103624605561102,-8.548827682327472,,,,,,,,,,,,,,60,100,-60,,,,,,,,,,,0,-95,-99,46.82584103411515,42.72221642855405,4.103624605561102,-8.548827682327472,,,,,,,,,,,,,,60,100,-60,,,,,,,,,,
1784592000,65221.1,66937.7,65114,66524,72817.92250000002,64005.98955563338,64881.16562840277,56520.694,0,-95,-99,58.98611755238032,49.43204759822381,9.55406995415651,-4.727913596671415,,,,,,61.50209427915561,,,,,,,,60,100,-60,,,,,,,,,,,0,-95,-99,58.98611755238032,49.43204759822381,9.55406995415651,-4.727913596671415,,,,,,61.50209427915561,,,,,,,,60,100,-60,,,,,,,,,,
1784678400,66524,66709.5,65509.8,66080.8,72695.32700000002,64194.608686939435,65147.75104431326,47157.489,0,-95,-99,63.37324860298579,56.395069063160435,6.978179539825355,-6.603231510951331,,,,,,,,,,94.26049616997453,,,,60,100,-60,,,,,,,,,,,0,-95,-99,63.37324860298579,56.395069063160435,6.978179539825355,-6.603231510951331,,,,,,,,,,94.26049616997453,,,,60,100,-60,,,,,,,,,,
1784764800,66080.8,66285.5,64581.8,65065.8,72563.20250000001,64273.807897217666,65129.53970113254,48759.452,0,-95,-99,57.902573091728506,60.087313082364886,-2.1847399906363805,-8.65906779537347,60.087313082364886,,60.087313082364886,,,,,,,,,,,60,100,-60,108,,,,60.087313082364886,,105,,,,0,-95,-99,57.902573091728506,60.087313082364886,-2.1847399906363805,-8.65906779537347,60.087313082364886,,60.087313082364886,,,,,,,,,,,60,100,-60,108,,,,60.087313082364886,,105,,,
1784851200,65065.8,65784.7,63700.7,64113,72414.64000000001,64259.18899747061,64903.641989769756,60808.873,0,-95,-99,43.8987529110846,55.05819153526631,-11.15943862418171,-10.40688107926076,,,,,,,,,,,,,,60,100,-60,,,,,,,,,,,0,-95,-99,43.8987529110846,55.05819153526631,-11.15943862418171,-10.40688107926076,,,,,,,,,,,,,,60,100,-60,,,,,,,,,,
1784937600,64113,64422.4,63750.1,64335.1,72267.74250000002,64266.089997700554,64777.29932537648,17527.913,0,-95,-99,28.552293418896056,43.45120647390306,-14.898913055007007,-8.152811757520485,,,,,,,,,,,,,,60,100,-60,,,,,,,,,,,0,-95,-99,28.552293418896056,43.45120647390306,-14.898913055007007,-8.152811757520485,,,,,,,,,,,,,,60,100,-60,,,,,,,,,,
1785024000,64335.1,65559.4,64256.8,65376,72137.96250000002,64366.9909070005,64910.343919737265,27685.466,0,-95,-99,28.54244520537877,33.66449717845316,-5.122051973074392,-4.237066539482138,,,,,,,,,,,,,,60,100,-60,,,,,,,,,,,0,-95,-99,28.54244520537877,33.66449717845316,-5.122051973074392,-4.237066539482138,,,,,,,,,,,,,,60,100,-60,,,,,,,,,,
1785110400,65376,65749.2,63565,63724.5,72001.27550000002,64308.58264272773,64646.82304868454,62432.819,0,-95,-99,17.31215423486107,24.802297619711982,-7.490143384850914,-5.1117412093477,,,,,,,,,,,,,,60,100,-60,,,,,,,,,,,0,-95,-99,17.31215423486107,24.802297619711982,-7.490143384850914,-5.1117412093477,,,,,,,,,,,,,,60,100,-60,,,,,,,,,,
1785196800,63724.5,64087.5,62707.4,63901.7,71867.74200000001,64271.593311570665,64481.24014897687,65354.25,0,-95,-99,-0.40077131470860294,15.151276041843767,-15.55204735655237,-4.574046359243287,,,,,,,,,,,,,,60,100,-60,,,,,,,,,,,0,-95,-99,-0.40077131470860294,15.151276041843767,-15.55204735655237,-4.574046359243287,,,,,,,,,,,,,,60,100,-60,,,,,,,,,,
1785283200,63901.7,64733,63176,63952.6,71735.10700000002,64242.593919609695,64363.76456031534,79714.827,0,-95,-99,-7.774764282614599,3.0455395458459775,-10.820303828460576,-5.580682997838059,,,,,,,,,,,,,,60,100,-60,,,,,,,,,,,0,-95,-99,-7.774764282614599,3.0455395458459775,-10.820303828460576,-5.580682997838059,,,,,,,,,,,,,,60,100,-60,,,,,,,,,,
1785369600,63952.6,65186.3,63580,64847.2,71604.53000000001,64297.558108736084,64471.19465802304,33046.781,0,-95,-99,-3.9465117845813125,-4.040682460634817,0.09417067605350438,-3.617187565065061,,,,,,,,,,,,,,60,100,-60,,,,,-4.040682460634817,,,,,,0,-95,-99,-3.9465117845813125,-4.040682460634817,0.09417067605350438,-3.617187565065061,,,,,,,,,,,,,,60,100,-60,,,,,-4.040682460634817,,,,,