time,open,high,low,close,MA,EMA,EMA,Volume,Plot,MFI Bar TOP Line,MFI Bar BOTTOM Line,WT Wave 1,WT Wave 2,VWAP,RSI+MFI Area,WT Bearish Divergence,WT Bullish Divergence,WT 2nd Bearish Divergence,WT 2nd Bullish Divergence,RSI,RSI Bearish Divergence,RSI Bullish Divergence,Stoch K,Stoch D,Stoch Bearish Divergence,Stoch Bullish Divergence,Schaff Trend Cycle 1,Schaff Trend Cycle 2,Over Bought Level 2,Over Bought Level 3,Over Sold Level 2,Sommi bearish flag,Sommi bullish flag,Sommi bearish diamond,Sommi bullish diamond,Buy and sell circle,Buy circle,Sell circle,Divergence buy circle,Divergence sell circle,Gold  buy gold circle,Plot,MFI Bar TOP Line,MFI Bar BOTTOM Line,WT Wave 1,WT Wave 2,VWAP,RSI+MFI Area,WT Bearish Divergence,WT Bullish Divergence,WT 2nd Bearish Divergence,WT 2nd Bullish Divergence,RSI,RSI Bearish Divergence,RSI Bullish Divergence,Stoch K,Stoch D,Stoch Bearish Divergence,Stoch Bullish Divergence,Schaff Trend Cycle 1,Schaff Trend Cycle 2,Over Bought Level 2,Over Bought Level 3,Over Sold Level 2,Sommi bearish flag,Sommi bullish flag,Sommi bearish diamond,Sommi bullish diamond,Buy and sell circle,Buy circle,Sell circle,Divergence buy circle,Divergence sell circle,Gold  buy gold circle
1584921600,6500,6838,5858,5873,,,,21418.028,0,-95,-99,,,,,,,,,,,,,,,,,,60,100,-60,,,,,,,,,,,0,-95,-99,,,,,,,,,,,,,,,,,,60,100,-60,,,,,,,,,,
1585526400,5873,7230.5,5841.5,6771,,,,114124.147,0,-95,-99,,,,,,,,,,,,,,,,,,60,100,-60,,,,,,,,,,,0,-95,-99,,,,,,,,,,,,,,,,,,60,100,-60,,,,,,,,,,
1586131200,6771,7458.5,6741.5,6901,,,,111617.019,0,-95,-99,,,,,,,,,,,,,,,,,,60,100,-60,,,,,,,,,,,0,-95,-99,,,,,,,,,,,,,,,,,,60,100,-60,,,,,,,,,,
1586736000,6901,7289,6465.5,7118.5,,,,114400.906,0,-95,-99,,,,,,,,,,,,,,,,,,60,100,-60,,,,,,,,,,,0,-95,-99,,,,,,,,,,,,,,,,,,60,100,-60,,,,,,,,,,
1587340800,7118.5,7743.5,6750,7691.5,,,,110797.864,0,-95,-99,,,,,,,,,,,,,,,,,,60,100,-60,,,,,,,,,,,0,-95,-99,,,,,,,,,,,,,,,,,,60,100,-60,,,,,,,,,,
1587945600,7691.5,9458,7624,8895,,,,159303.412,0,-95,-99,,,,,,,,,,,,,,,,,,60,100,-60,,,,,,,,,,,0,-95,-99,,,,,,,,,,,,,,,,,,60,100,-60,,,,,,,,,,
1588550400,8895,10059.5,8153,8725,,,,229416.236,0,-95,-99,,,,,,,,,,,,,,,,,,60,100,-60,,,,,,,,,,,0,-95,-99,,,,,,,,,,,,,,,,,,60,100,-60,,,,,,,,,,
1589155200,8725,9940,8182,9675,,,7706.25,148152.868,0,-95,-99,,,,,,,,,,,,,,,,,,60,100,-60,,,,,,,,,,,0,-95,-99,,,,,,,,,,,,,,,,,,60,100,-60,,,,,,,,,,
1589760000,9675,9957.5,8690,8710,,,7929.305555555556,102055.167,0,-95,-99,,,,,,,,,,,,,,,,,,60,100,-60,,,,,,,,,,,0,-95,-99,,,,,,,,,,,,,,,,,,60,100,-60,,,,,,,,,,
1590364800,8710,9735,8640.5,9449.5,,,8267.126543209877,76906.008,0,-95,-99,,,,,,,,,,,,,,,,,,60,100,-60,,,,,,,,,,,0,-95,-99,,,,,,,,,,,,,,,,,,60,100,-60,,,,,,,,,,
1590969600,9449.5,10352,9288,9741,,,8594.653978052127,71068.596,0,-95,-99,,,,,,,,,,,,,,,,,,60,100,-60,,,,,,,,,,,0,-95,-99,,,,,,,,,,,,,,,,,,60,100,-60,,,,,,,,,,
1591574400,9741,9995,9100.5,9340,,,8760.286427373876,49708.163,0,-95,-99,,,,,,,,,,,,,,,,,,60,100,-60,,,,,,,,,,,0,-95,-99,,,,,,,,,,,,,,,,,,60,100,-60,,,,,,,,,,
1592179200,9340,9584.5,8906.5,9295,,,8879.111665735238,48271.891,0,-95,-99,,,,,,,,,,,,,,,,,,60,100,-60,,,,,,,,,,,0,-95,-99,,,,,,,,,,,,,,,,,,60,100,-60,,,,,,,,,,
1592784000,9295,9782,8840,9120,,,8932.642406682962,58734.5361,0,-95,-99,,,,,,,,,,,,,,,,,,60,100,-60,,,,,,,,,,,0,-95,-99,,,,,,,,,,,,,,,,,,60,100,-60,,,,,,,,,,
1593388800,9120,9289,8910,9074,,,8964.05520519786,42870.0899,0,-95,-99,,,,,,,,,,,,,,,,,,60,100,-60,,,,,,,,,,,0,-95,-99,,,,,,,,,,,,,,,,,,60,100,-60,,,,,,,,,,
1593993600,9074,9466.5,9063,9295,,,9037.59849293167,46683.5678,0,-95,-99,,,,,,,,,,,,,,,,,,60,100,-60,,,,,,,,,,,0,-95,-99,,,,,,,,,,,,,,,,,,60,100,-60,,,,,,,,,,
1594598400,9295,9335.5,9045.5,9203,,,9074.354383391299,40079.821,0,-95,-99,,,,,,,,,,,,,,,,,,60,100,-60,,,,,,,,,,,0,-95,-99,,,,,,,,,,,,,,,,,,60,100,-60,,,,,,,,,,
1595203200,9203,10138,9134,9922.5,,,9262.831187082122,63032.871,0,-95,-99,,,,,,,,,,,,,,,,,,60,100,-60,,,,,,,,,,,0,-95,-99,,,,,,,,,,,,,,,,,,60,100,-60,,,,,,,,,,
1595808000,9922.5,12113.5,9922.5,11073,,,9665.090923286094,174962.678,0,-95,-99,,,,,,,,,,,,,,,,,,60,100,-60,,,,,,,,,,,0,-95,-99,,,,,,,,,,,,,,,,,,60,100,-60,,,,,,,,,,
1596412800,11073,11916.5,10943.5,11686.5,,,10114.29294033363,69537.722,0,-95,-99,,,,,,,,,,,,,,,,,,60,100,-60,,,,,,,,,,,0,-95,-99,,,,,,,,,,,,,,,,,,60,100,-60,,,,,,,,,,
1597017600,11686.5,12063,11144,11914.5,,9022.57142857143,10514.338953592824,105633.18,0,-95,-99,,,,,,,,,,82.3923244616397,,,,,,,,60,100,-60,,,,,,,,,,,0,-95,-99,,,,,,,,,,82.3923244616397,,,,,,,,60,100,-60,,,,,,,,,,
1597622400,11914.5,12499.5,11391,11660,,9262.337662337663,10768.930297238863,66939.422,0,-95,-99,,,,,,,,,,,,,,,,,,60,100,-60,,,,,,,,,,,0,-95,-99,,,,,,,,,,,,,,,,,,60,100,-60,,,,,,,,,,
1598227200,11660,11826,11125,11710,,9484.852420306966,10978.05689785245,38072.622,0,-95,-99,,,,,,,,,,,,,,,,,,60,100,-60,,,,,,,,,,,0,-95,-99,,,,,,,,,,,,,,,,,,60,100,-60,,,,,,,,,,
1598832000,11710,12066,9834,10255.5,,9554.911291188151,10817.488698329684,72626.878,0,-95,-99,,,,,,,,,,,,,,,,,,60,100,-60,,,,,,,,,,,0,-95,-99,,,,,,,,,,,,,,,,,,60,100,-60,,,,,,,,,,
1599436800,10255.5,10572.5,9838,10320,,9624.464810171046,10706.93565425642,36195.932,0,-95,-99,,,,,,,,,,,,,,,,,,60,100,-60,,,,,,,,,,,0,-95,-99,,,,,,,,,,,,,,,,,,60,100,-60,,,,,,,,,,
1600041600,10320,11168,10250,10912,,9741.51346379186,10752.505508866105,32279.929,0,-95,-99,,,,,,,,,,66.99596624921332,,,,,,,,60,100,-60,,,,,,,,,,,0,-95,-99,,,,,,,,,,66.99596624921332,,,,,,,,60,100,-60,,,,,,,,,,
1600646400,10912,10977,10140,10770,,9835.012239810781,10756.393173562526,36467.595,0,-95,-99,,,,,,,,,,,,,,,,,,60,100,-60,,,,,,,,,,,0,-95,-99,,,,,,,,,,,,,,,,,,60,100,-60,,,,,,,,,,
1601251200,10770,10951.5,10392,10666,,9910.556581646166,10736.305801659742,31581.914,0,-95,-99,39.3558514244711,,,,,,,,,,,,,,9.148013582021665,,,60,100,-60,,,,,,,,,,,0,-95,-99,39.3558514244711,,,,,,,,,,,,,,9.148013582021665,,,60,100,-60,,,,,,,,,,
1601856000,10666,11490,10531,11374,,10043.596892405605,10878.015623513133,37847.193,0,-95,-99,42.63381268404141,,,,,,,,,,,,,,,,,60,100,-60,,,,,,,,,,,0,-95,-99,42.63381268404141,,,,,,,,,,,,,,,,,60,100,-60,,,,,,,,,,
1602460800,11374,11729,11200,11492,,10175.269902186914,11014.45659606577,36542.195,0,-95,-99,49.461131389968585,43.81693183282703,5.644199557141555,,,,,,,,,,,,,,,60,100,-60,,,,,,,,,,,0,-95,-99,49.461131389968585,43.81693183282703,5.644199557141555,,,,,,,,,,,,,,,60,100,-60,,,,,,,,,,
1603065600,11492,13360,11406.5,13024.5,,10434.290820169921,11461.132908051153,77217.651,0,-95,-99,64.33370962541845,52.14288456647615,12.190825058942302,,,,,,,,,,,,,,,60,100,-60,,,,,,,,,,,0,-95,-99,64.33370962541845,52.14288456647615,12.190825058942302,,,,,,,,,,,,,,,60,100,-60,,,,,,,,,,
1603670400,13024.5,14120,12769,13750,,10735.7189274272,11969.770039595342,98332.258,0,-95,-99,76.35806640007297,63.38430247182001,12.973763928252964,,,,,,,,,,,,,,,60,100,-60,,,,,,,,,,,0,-95,-99,76.35806640007297,63.38430247182001,12.973763928252964,,,,,,,,,,,,,,,60,100,-60,,,,,,,,,,
1604275200,13750,15976,13207,15481.5,,11167.153570388364,12750.15447524082,150205.335,0,-95,-99,86.40819598576842,75.69999067041995,10.708205315348465,,,,,,,,,,,,,,,60,100,-60,,,,,,,,,,,0,-95,-99,86.40819598576842,75.69999067041995,10.708205315348465,,,,,,,,,,,,,,,60,100,-60,,,,,,,,,,
1604880000,15481.5,16464.5,14825,15939.5,,11601.003245807604,13458.897925187304,135225.512,0,-95,-99,91.68740445947968,84.81788894844034,6.869515511039339,,,,,,,,,,,,,,,60,100,-60,,,,,,,,,,,0,-95,-99,91.68740445947968,84.81788894844034,6.869515511039339,,,,,,,,,,,,,,,60,100,-60,,,,,,,,,,
1605484800,15939.5,18981.5,15866,18421.5,,12221.04840527964,14561.698386256792,221563.563,0,-95,-99,97.40710669677684,91.8342357140083,5.572870982768535,,,,,,,87.302458968282,,,,,,,,60,100,-60,,,,,,,,,,,0,-95,-99,97.40710669677684,91.8342357140083,5.572870982768535,,,,,,,87.302458968282,,,,,,,,60,100,-60,,,,,,,,,,
1606089600,18421.5,19531,16202,18179,,12762.680368436037,15365.543189310838,202541.418,0,-95,-99,97.29391672988544,95.46280929538064,1.8311074345048013,,,,,,,,,,,,,,,60,100,-60,,,,,,,,,,,0,-95,-99,97.29391672988544,95.46280929538064,1.8311074345048013,,,,,,,,,,,,,,,60,100,-60,,,,,,,,,,
1606694400,18179,19948,18090.5,19366,,13362.98215312367,16254.533591686208,155223.713,0,-95,-99,96.85941369705286,97.18681237457172,-0.32739867751885754,,97.18681237457172,,97.18681237457172,,,,,,,,,,,60,100,-60,,,,,97.18681237457172,,105,,,,0,-95,-99,96.85941369705286,97.18681237457172,-0.32739867751885754,,97.18681237457172,,97.18681237457172,,,,,,,,,,,60,100,-60,,,,,97.18681237457172,,105,,,
1607299200,19366,19431,17567,19177,,13891.529230112428,16903.970571311496,113649.856,0,-95,-99,92.2191895460176,95.45750665765196,-3.238317111634359,,,,,,,,,,,,,,,60,100,-60,,,,,,,,,,,0,-95,-99,92.2191895460176,95.45750665765196,-3.238317111634359,,,,,,,,,,,,,,,60,100,-60,,,,,,,,,,
1607904000,19177,24344,19017.5,23468.5,,14762.162936465844,18362.75488879783,189815.255,0,-95,-99,94.85722002457106,94.64527442254717,0.21194560202388857,,,,,,,,,,,,,,,60,100,-60,,,,,94.64527442254717,,,,,,0,-95,-99,94.85722002457106,94.64527442254717,0.21194560202388857,,,,,,,,,,,,,,,60,100,-60,,,,,94.64527442254717,,,,,
1608508800,23468.5,28468,21959,26266.5,,15808.011760423495,20119.1426912872,201292.826,0,-95,-99,98.5072760443139,95.19456187163418,3.312714172679719,,,,,,,,,,,,,,,60,100,-60,,,,,,,,,,,0,-95,-99,98.5072760443139,95.19456187163418,3.312714172679719,,,,,,,,,,,,,,,60,100,-60,,,,,,,,,,
1609113600,26266.5,34820,25930,32963,,17367.556145839542,22973.33320433449,205897.617,0,-95,-99,103.8737651572183,99.07942040870108,4.794344748517219,,,,,,,,,,,,,,,60,100,-60,,,,,,,,,,,0,-95,-99,103.8737651572183,99.07942040870108,4.794344748517219,,,,,,,,,,,,,,,60,100,-60,,,,,,,,,,
1609718400,32963,42100,27923,38169.5,,19258.64195076322,26350.259158926823,279042.08,0,-95,-99,107.09987871768301,103.16030663973841,3.9395720779446037,,,,,,,95.60694006575157,,,,99.61988648234143,,,,60,100,-60,,,,,,,,,,,0,-95,-99,107.09987871768301,103.16030663973841,3.9395720779446037,,,,,,,95.60694006575157,,,,99.61988648234143,,,,60,100,-60,,,,,,,,,,
1610323200,38169.5,40076,30427,35871.5,,20768.90177342111,28466.090456943086,276064.688,0,-95,-99,104.05938543797174,105.01100977095768,-0.9516243329859435,,105.01100977095768,,105.01100977095768,,,,,,,,,,,60,100,-60,,,108,,105.01100977095768,,105,,,,0,-95,-99,104.05938543797174,105.01100977095768,-0.9516243329859435,,105.01100977095768,,105.01100977095768,,,,,,,,,,,60,100,-60,,,108,,105.01100977095768,,105,,,
1610928000,35871.5,37920,28913.5,32224.5,,21810.31979401919,29301.2925776224,170505.564,0,-95,-99,96.22441043904561,102.46122486490013,-6.236814425854519,,,,,,,,,,,,,,,60,100,-60,,,,,,,,,,,0,-95,-99,96.22441043904561,102.46122486490013,-6.236814425854519,,,,,,,,,,,,,,,60,100,-60,,,,,,,,,,
1611532800,32224.5,38632,29273,33128,,22839.19981274472,30151.67200481742,267963.477,0,-95,-99,89.24070554054163,96.50816713918634,-7.267461598644715,,,,,,,,,,,,,,,60,100,-60,,,,,,,,,,,0,-95,-99,89.24070554054163,96.50816713918634,-7.267461598644715,,,,,,,,,,,,,,,60,100,-60,,,,,,,,,,
1612137600,33128,40950,32344.5,38825.5,,24292.499829767927,32079.189337080217,170654.471,0,-95,-99,86.55950171640532,90.67487256533086,-4.1153708489255365,,,,,,,,,,,,,,,60,100,-60,,,,,,,,,,,0,-95,-99,86.55950171640532,90.67487256533086,-4.1153708489255365,,,,,,,,,,,,,,,60,100,-60,,,,,,,,,,
1612742400,38825.5,49834,38061,48700.5,,26511.40893615266,35772.81392884017,216784.979,0,-95,-99,89.86992555187277,88.55671093627325,1.3132146155995201,,,,,,,,,,,,28.60671471549362,,,60,100,-60,,,,,88.55671093627325,,,,,,0,-95,-99,89.86992555187277,88.55671093627325,1.3132146155995201,,,,,,,,,,,,28.60671471549362,,,60,100,-60,,,,,88.55671093627325,,,,,
1613347200,48689.5,58399,45712.5,57459,,29324.826305593328,40591.96638909791,150438.862,0,-95,-99,94.28530915256874,90.23824547361562,4.047063678953123,,,,,,,88.55697617796133,,,,37.5123976783457,,,,60,100,-60,,,,,,,,,,,0,-95,-99,94.28530915256874,90.23824547361562,4.047063678953123,,,,,,,88.55697617796133,,,,37.5123976783457,,,,60,100,-60,,,,,,,,,,
1613952000,57459,57556,43080,45156,,30764.023914175752,41606.196080409485,259869.353,0,-95,-99,89.69781064132879,91.28434844859011,-1.5865378072613225,,91.28434844859011,,91.28434844859011,,,,,,,,,,,60,100,-60,,,108,,91.28434844859011,,105,,106,,0,-95,-99,89.69781064132879,91.28434844859011,-1.5865378072613225,,91.28434844859011,,91.28434844859011,,,,,,,,,,,60,100,-60,,,108,,91.28434844859011,,105,,106,
1614556800,45156,52622,44983,50979.5,,32601.7944674325,43689.152506985156,174375.228,0,-95,-99,84.9410407311895,89.64138684169569,-4.700346110506189,,,,,,,,,,,,,,,60,100,-60,,,,,,,,,,,0,-95,-99,84.9410407311895,89.64138684169569,-4.700346110506189,,,,,,,,,,,,,,,60,100,-60,,,,,,,,,,
1615161600,50979.5,61939.5,49385,59068,,35007.81315221136,47106.67417209956,185876.688,0,-95,-99,84.96143278310649,86.53342805187492,-1.5719952687684327,,,,,,,75.25511168808463,,,,,,,,60,100,-60,,,,,,,,,,,0,-95,-99,84.96143278310649,86.53342805187492,-1.5719952687684327,,,,,,,75.25511168808463,,,,,,,,60,100,-60,,,,,,,,,,
1615766400,59068,60704,53376,57351,,37039.01195655578,49383.191022744104,180819.017,0,-95,-99,82.5561133088483,84.15286227438143,-1.5967489655331377,,,,,,,,,,,,,,,60,100,-60,,,,,,,,,,,0,-95,-99,82.5561133088483,84.15286227438143,-1.5967489655331377,,,,,,,,,,,,,,,60,100,-60,,,,,,,,,,
1616371200,57351,58402.5,50504,55760,,38740.919960505256,50800.259684356526,159610.196,0,-95,-99,76.94471986394855,81.48742198530113,-4.542702121352576,,,,,,,,,,,,,,,60,100,-60,,,,,,,,,,,0,-95,-99,76.94471986394855,81.48742198530113,-4.542702121352576,,,,,,,,,,,,,,,60,100,-60,,,,,,,,,,
1616976000,55760,60300,55006,58208,,40510.65450955023,52446.42419894396,117538.113,0,-95,-99,73.84016068434926,77.78033128571538,-3.9401706013661197,,,,,,,,,,,,,,,60,100,-60,,,,,,,,,,,0,-95,-99,73.84016068434926,77.78033128571538,-3.9401706013661197,,,,,,,,,,,,,,,60,100,-60,,,,,,,,,,
1617580800,58208,61671.5,55535,60033.5,,42285.45864504566,54132.44104362308,86885.824,0,-95,-99,71.01146429095405,73.9321149464173,-2.9206506554632483,,,,,,,73.17955941123141,,,,,,,,60,100,-60,,,,,,,,,,,0,-95,-99,71.01146429095405,73.9321149464173,-2.9206506554632483,,,,,,,73.17955941123141,,,,,,,,60,100,-60,,,,,,,,,,
1618185600,60033.5,64943.5,50500,56100,,43541.326040950604,54569.6763672624,151996.512,0,-95,-99,65.57043007307574,70.14068501612637,-4.570254943050628,,,,,,,,,,,,,,,60,100,-60,,,,,,,,,,,0,-95,-99,65.57043007307574,70.14068501612637,-4.570254943050628,,,,,,,,,,,,,,,60,100,-60,,,,,,,,,,
1618790400,56100,57436,47019,49022.5,,44039.61458268237,53336.970507870756,160365.087,0,-95,-99,52.665580051008895,63.08249147167958,-10.416911420670687,,,,,,,,,,,,,,,60,100,-60,,,,,,,,,,,0,-95,-99,52.665580051008895,63.08249147167958,-10.416911420670687,,,,,,,,,,,,,,,60,100,-60,,,,,,,,,,
1619395200,49022.5,58438.5,48723,56599.5,,45181.422347893065,54061.97706167725,113066.662,0,-95,-99,47.285422528906786,55.17381088433049,-7.888388355423707,,,,,,,,,,,,5.834122549931433,,,60,100,-60,,,,,,,,,,,0,-95,-99,47.285422528906786,55.17381088433049,-7.888388355423707,,,,,,,,,,,,5.834122549931433,,,60,100,-60,,,,,,,,,,
1620000000,56599.5,59526,52930,58240.5,,46368.61122535733,54990.53771463786,116571.6,0,-95,-99,46.375033977830576,48.775345519248766,-2.4003115414181906,,,,,,,65.19326516877723,,,,,,,,60,100,-60,,,,,,,,,,,0,-95,-99,46.375033977830576,48.775345519248766,-2.4003115414181906,,,,,,,65.19326516877723,,,,,,,,60,100,-60,,,,,,,,,,
1620604800,58240.5,59586,43890,46414,,46372.73747759757,53084.64044471834,196150.612,0,-95,-99,31.904639671381894,41.855032059373094,-9.9503923879912,27.689364181039828,,,,,,,,,,10.919643686583026,,,,60,100,-60,,,,,,,,,,,0,-95,-99,31.904639671381894,41.855032059373094,-9.9503923879912,27.689364181039828,,,,,,,,,,10.919643686583026,,,,60,100,-60,,,,,,,,,,
1621209600,46414,46629,28801,34658,,45307.76134327052,48989.83145700315,566550.69,0,-95,-99,5.196633441374832,27.825435696862442,-22.62880225548761,27.64032357534276,,,,,,,,,,,,,,60,100,-60,,,,,,,,,,,0,-95,-99,5.196633441374832,27.825435696862442,-22.62880225548761,27.64032357534276,,,,,,,,,,,,,,60,100,-60,,,,,,,,,,
1621814400,34658,40871,33360,35661.5,,44430.82849388229,46027.98002211356,329536.667,0,-95,-99,-10.952899873834006,8.716124412974251,-19.66902428680826,26.3580629954915,,,,,,,,,,,,,,60,100,-60,,,,,,,,,,,0,-95,-99,-10.952899873834006,8.716124412974251,-19.66902428680826,26.3580629954915,,,,,,,,,,,,,,60,100,-60,,,,,,,,,,
1622419200,35661.5,39440,34176.5,35801,,43646.298630802085,43755.317794977214,317673.759,0,-95,-99,-21.217297457050158,-8.991187963169766,-12.226109493880392,25.97104364338119,,,,,,,,,,,2.7949564425796245,,,60,100,-60,,,,,,,,,,,0,-95,-99,-21.217297457050158,-8.991187963169766,-12.226109493880392,25.97104364338119,,,,,,,,,,,2.7949564425796245,,,60,100,-60,,,,,,,,,,
1623024000,35801,39372,30980,39026,,43226.27148254735,42704.35828498228,541479.754,0,-95,-99,-27.656397221450483,-19.942198184111536,-7.714199037338947,26.27148862003516,,,,,,,,,,,,,,60,100,-60,,,,,,,,,,,0,-95,-99,-27.656397221450483,-19.942198184111536,-7.714199037338947,26.27148862003516,,,,,,,,,,,,,,60,100,-60,,,,,,,,,,
1623628800,39026,41300,33338,35608.5,,42533.74680231578,41127.50088831955,505621.831,0,-95,-99,-31.270462030123852,-26.71471890287482,-4.5557431272490305,23.75655063832612,,,,,,,,,,6.106520442500098,,,,60,100,-60,,,,,,,,,,,0,-95,-99,-31.270462030123852,-26.71471890287482,-4.5557431272490305,23.75655063832612,,,,,,,,,,6.106520442500098,,,,60,100,-60,,,,,,,,,,
1624233600,35608.5,35737.5,28774,34690.5,,41820.72436574162,39697.05624647076,876029.386,0,-95,-99,-37.05897996954573,-31.99527974037336,-5.0637002291723725,21.7864351901867,,,,,,,,,,,,,,60,100,-60,,,,,,,,,,,0,-95,-99,-37.05897996954573,-31.99527974037336,-5.0637002291723725,21.7864351901867,,,,,,,,,,,,,,60,100,-60,,,,,,,,,,
1624838400,34690.5,36573,32695,35293,,41227.29487794692,38718.37708058837,533352.765,0,-95,-99,-38.245675336092205,-35.5250391119206,-2.7206362241716064,22.397765747939033,,,,,,,,,,,,,,60,100,-60,,,,,,,,,,,0,-95,-99,-38.245675336092205,-35.5250391119206,-2.7206362241716064,22.397765747939033,,,,,,,,,,,,,,60,100,-60,,,,,,,,,,
1625443200,35293,35293,32089,34234,,40591.54079813357,37721.84884045762,479124.473,0,-95,-99,-39.62334350997939,-38.309332938539114,-1.3140105714402779,20.220487878552216,,,,,,,,,,,,,,60,100,-60,,,,,,,,,,,0,-95,-99,-39.62334350997939,-38.309332938539114,-1.3140105714402779,20.220487878552216,,,,,,,,,,,,,,60,100,-60,,,,,,,,,,
1626048000,34234,34620,31056,31748,,39787.58254375779,36394.32687591148,413490.92,0,-95,-99,-41.65743322723756,-39.84215069110306,-1.8152825361345037,20.380013775257602,,,,,,,,,,,0.99604931903405,,,60,100,-60,,,,,,,,,,,0,-95,-99,-41.65743322723756,-39.84215069110306,-1.8152825361345037,20.380013775257602,,,,,,,,,,,0.99604931903405,,,60,100,-60,,,,,,,,,,
1626652800,31748,35366,29272.5,35348.5,,39384.029585234355,36161.92090348671,471923.437,0,-95,-99,-41.085441505118744,-40.78873941411191,-0.29670209100683564,20.168075127544448,,,,-40.78873941411191,,,,,,,,,,60,100,-60,,,,,,,,,,,0,-95,-99,-41.085441505118744,-40.78873941411191,-0.29670209100683564,20.168075127544448,,,,-40.78873941411191,,,,,,,,,,60,100,-60,,,,,,,,,,
1627257600,35348.5,42600,35174.5,39836.5,,39425.16325930396,36978.49403604522,660000.078,0,-95,-99,-29.457318970069544,-37.40006456747529,7.942745597405747,20.994169073649694,,,,,,,,,,,,,,60,100,-60,,,,,-37.40006456747529,,,,,,0,-95,-99,-29.457318970069544,-37.40006456747529,7.942745597405747,20.994169073649694,,,,,,,,,,,,,,60,100,-60,,,,,-37.40006456747529,,,,,
1627862400,39836.5,45319.5,37281,43806,,39823.42114482178,38495.717583590726,532617.451,0,-95,-99,-15.278263592637675,-28.607008022608657,13.328744429970982,23.34943450201214,,,,,,,,,,,,,,60,100,-60,,,,,,,,,,,0,-95,-99,-15.278263592637675,-28.607008022608657,13.328744429970982,23.34943450201214,,,,,,,,,,,,,,60,100,-60,,,,,,,,,,
1628467200,43806,48280.5,42800,46998,,40475.65558620162,40385.11367612612,399842.052,0,-95,-99,0.6689311884819595,-14.688883791408424,15.357814979890383,24.971435231872558,,,,,,,,,,,,,,60,100,-60,,,,,,,,,,,0,-95,-99,0.6689311884819595,-14.688883791408424,15.357814979890383,24.971435231872558,,,,,,,,,,,,,,60,100,-60,,,,,,,,,,
1629072000,46998,49800,44000,49248.5,,41273.186896546926,42354.75508143143,393674.242,0,-95,-99,13.367537390283497,-0.4139316712907431,13.78146906157424,26.405915702624444,,,,,,,,,,,,,,60,100,-60,,,,,,,,,,,0,-95,-99,13.367537390283497,-0.4139316712907431,13.78146906157424,26.405915702624444,,,,,,,,,,,,,,60,100,-60,,,,,,,,,,
1629676800,49248.5,50490,46300,48747.5,,41952.66990595175,43775.36506333556,415122.312,0,-95,-99,22.571323136050076,12.20259723827184,10.368725897778235,26.410419767460308,,,,,,,,,,,,,,60,100,-60,,,,,,,,,,,0,-95,-99,22.571323136050076,12.20259723827184,10.368725897778235,26.410419767460308,,,,,,,,,,,,,,60,100,-60,,,,,,,,,,
1630281600,48747.5,51859.5,46585,51641.5,,42833.472641774315,45523.39504926099,371427.441,0,-95,-99,30.195413483554503,22.04475800329602,8.150655480258482,26.412844869741594,,,,,,61.667207288560355,,,,96.49856931205531,,,,60,100,-60,,,,,,,,,,,0,-95,-99,30.195413483554503,22.04475800329602,8.150655480258482,26.412844869741594,,,,,,61.667207288560355,,,,96.49856931205531,,,,60,100,-60,,,,,,,,,,
1630886400,51641.5,52858,42330,46027.5,,43123.83876524938,45635.418371647436,414740.894,0,-95,-99,30.56287116895953,27.776535929521362,2.7863352394381664,25.8728366158898,,,,,,,,,,,,,,60,100,-60,,,,,,,,,,,0,-95,-99,30.56287116895953,27.776535929521362,2.7863352394381664,25.8728366158898,,,,,,,,,,,,,,60,100,-60,,,,,,,,,,
1631491200,46027.5,48800,43199.5,47274.5,,43501.171604772164,45999.65873350356,290860.725,0,-95,-99,29.26421235309012,30.007499001868045,-0.743286648777925,24.63789967852187,,,30.007499001868045,,,,,,,,,,,60,100,-60,,,108,,30.007499001868045,,,,,,0,-95,-99,29.26421235309012,30.007499001868045,-0.743286648777925,24.63789967852187,,,30.007499001868045,,,,,,,,,,,60,100,-60,,,108,,30.007499001868045,,,,,
1632096000,47274.5,47342,39520,43168.5,,43470.92873161106,45370.51234828054,516240.355,0,-95,-99,20.88349507788486,26.903526199978163,-6.020031122093304,22.012818732679992,,,,,,,,,,,,,,60,100,-60,,,,,,,,,,,0,-95,-99,20.88349507788486,26.903526199978163,-6.020031122093304,22.012818732679992,,,,,,,,,,,,,,60,100,-60,,,,,,,,,,
1632700800,43168.5,49357,40728.5,48175.5,,43898.617028737324,45993.84293755153,378225.033,0,-95,-99,21.329339101272563,23.825682177415842,-2.4963430761432797,21.88722400403241,,,,,,,,,,,65.20774648741357,,,60,100,-60,,,,,,,,,,,0,-95,-99,21.329339101272563,23.825682177415842,-2.4963430761432797,21.88722400403241,,,,,,,,,,,65.20774648741357,,,60,100,-60,,,,,,,,,,
1633305600,48175.5,56666,46902.5,54724.5,,44882.78820794302,47933.98895142897,332103.555,0,-95,-99,35.18923941914131,25.800691199432904,9.388548219708404,22.943893508766042,,,,,,,,,,,,,,60,100,-60,,,,,25.800691199432904,,,,,,0,-95,-99,35.18923941914131,25.800691199432904,9.388548219708404,22.943893508766042,,,,,,,,,,,,,,60,100,-60,,,,,25.800691199432904,,,,,
1633910400,54724.5,63801,53700,61544,,46397.44382540275,50958.43585111142,331089.521,0,-95,-99,50.990486442483814,35.836354987632554,15.15413145485126,25.205695285114498,,,,,,66.3244309559745,,,,,,,,60,100,-60,,,,,,,,,,,0,-95,-99,50.990486442483814,35.836354987632554,15.15413145485126,25.205695285114498,,,,,,66.3244309559745,,,,,,,,60,100,-60,,,,,,,,,,
1634515200,61544,67210,59456,60901.5,,47715.99438672977,53168.00566197555,341209.684,0,-95,-99,60.81034600935187,48.99669062365899,11.813655385692876,24.82022744687759,,,,,,,,,,,,,,60,100,-60,,,,,,,,,,,0,-95,-99,60.81034600935187,48.99669062365899,11.813655385692876,24.82022744687759,,,,,,,,,,,,,,60,100,-60,,,,,,,,,,
1635120000,60901.5,63750.5,57476,61338,,48954.3585333907,54983.55995931431,268493.336,0,-95,-99,63.0048765502152,58.268569667350285,4.736306882864916,26.623289952607816,,,,,,,,,,,,,,60,100,-60,,,,,,,,,,,0,-95,-99,63.0048765502152,58.268569667350285,4.736306882864916,26.623289952607816,,,,,,,,,,,,,,60,100,-60,,,,,,,,,,
1635724800,61338,64258.5,59444,63264,,50255.23503035519,56823.65774613335,222683.941,0,-95,-99,64.24724452529428,62.68748902828711,1.559755497007167,27.40385670548397,,,,,,,,,,,,,,60,100,-60,,,,,,,,,,,0,-95,-99,64.24724452529428,62.68748902828711,1.559755497007167,27.40385670548397,,,,,,,,,,,,,,60,100,-60,,,,,,,,,,
1636329600,63264,69138.5,62350,65529.5,,51643.80457305017,58758.28935810372,234796.354,0,-95,-99,66.68046071661594,64.64419393070847,2.036266785907472,26.62597165606922,64.64419393070847,,64.64419393070847,,,68.85556179202507,,,,98.61948277830433,,,,60,100,-60,,,,,,,,,106,,0,-95,-99,66.68046071661594,64.64419393070847,2.036266785907472,26.62597165606922,64.64419393070847,,64.64419393070847,,,68.85556179202507,,,,98.61948277830433,,,,60,100,-60,,,,,,,,,106,
1636934400,65529.5,66383,55665.5,58627,,52278.6405209547,58729.113945191784,259577.195,0,-95,-99,60.27888770609883,63.73553098266968,-3.4566432765708512,25.44000516405744,,,,,,,,,,,,,,60,100,-60,,,,,63.73553098266968,,105,,,,0,-95,-99,60.27888770609883,63.73553098266968,-3.4566432765708512,25.44000516405744,,,,,,,,,,,,,,60,100,-60,,,,,63.73553098266968,,105,,,
1637539200,58627,59692,53122,57299,,52735.03683723155,58411.310846260276,233432.475,0,-95,-99,48.8683210586749,58.609223160463216,-9.740902101788315,25.3993785445627,,,,,,,,,,,,,,60,100,-60,,,,,,,,,,,0,-95,-99,48.8683210586749,58.609223160463216,-9.740902101788315,25.3993785445627,,,,,,,,,,,,,,60,100,-60,,,,,,,,,,
1638144000,57299,59200,40829,49358,,52428.03348839232,56399.46399153577,344375.826,0,-95,-99,28.898581478088495,46.0152634142874,-17.11668193619891,22.473062563595967,,,,,,,,,,,,,,60,100,-60,,,,,,,,,,,0,-95,-99,28.898581478088495,46.0152634142874,-17.11668193619891,22.473062563595967,,,,,,,,,,,,,,60,100,-60,,,,,,,,,,
1638748800,49358,51923.5,46750,50079.5,,52214.53044399302,54995.02754897226,271257.578,0,-95,-99,14.16728725395599,30.644729930239794,-16.477442676283804,22.26405839209013,,,,,,,,,,,,,,60,100,-60,,,,,,,,,,,0,-95,-99,14.16728725395599,30.644729930239794,-16.477442676283804,22.26405839209013,,,,,,,,,,,,,,60,100,-60,,,,,,,,,,
1639353600,50079.5,50167,45280,46699.5,,51713.16403999365,53151.57698253398,332572.959,0,-95,-99,0.6238867420283327,14.563251824690939,-13.939365082662606,18.5737578035498,,,,,,,,,,,,,,60,100,-60,,,,,,,,,,,0,-95,-99,0.6238867420283327,14.563251824690939,-13.939365082662606,18.5737578035498,,,,,,,,,,,,,,60,100,-60,,,,,,,,,,
1639958400,46699.5,51980,45479.5,50763,,51626.78549090332,52620.78209752643,253671.871,0,-95,-99,-6.018057345979933,2.92437221666813,-8.942429562648064,18.793998150033424,,,,,,,,,,,,,,60,100,-60,,,,,,,,,,,0,-95,-99,-6.018057345979933,2.92437221666813,-8.942429562648064,18.793998150033424,,,,,,,,,,,,,,60,100,-60,,,,,,,,,,
1640563200,50763,52119,45634,47305,,51233.8959008212,51439.497186965,303523.908,0,-95,-99,-12.558201216094997,-5.984123940015532,-6.574077276079464,15.897631823652546,,,,,,,,,,,,,,60,100,-60,,,,,,,,,,,0,-95,-99,-12.558201216094997,-5.984123940015532,-6.574077276079464,15.897631823652546,,,,,,,,,,,,,,60,100,-60,,,,,,,,,,
1641168000,47305,47576.5,40517.5,41856,,50381.359909837454,49309.83114541722,435568.994,0,-95,-99,-24.299163678717996,-14.291807413597644,-10.007356265120352,13.269442248581004,,,,,,,,,,,,,,60,100,-60,,,,,,,,,,,0,-95,-99,-24.299163678717996,-14.291807413597644,-10.007356265120352,13.269442248581004,,,,,,,,,,,,,,60,100,-60,,,,,,,,,,
1641772800,41856,44450,39655,43051,,49714.963554397684,47918.97977976895,397690.796,0,-95,-99,-32.5033788265391,-23.120247907117363,-9.383130919421735,11.900832456878879,,,,,,,,,,,,,,60,100,-60,,,,,,,,,,,0,-95,-99,-32.5033788265391,-23.120247907117363,-9.383130919421735,11.900832456878879,,,,,,,,,,,,,,60,100,-60,,,,,,,,,,
1642377600,43051,43482,33960,36234.5,,48489.466867634255,45322.42871759807,616579.933,0,-95,-99,-42.254829855508376,-33.01912412025516,-9.23570573525322,10.293272914603095,,,,,,,,,,,3.383980874029174,,,60,100,-60,,,,,,,,,,,0,-95,-99,-42.254829855508376,-33.01912412025516,-9.23570573525322,10.293272914603095,,,,,,,,,,,3.383980874029174,,,60,100,-60,,,,,,,,,,
1642982400,36234.5,38888,32906,37875.5,,47524.56078875841,43667.555669242945,601146.452,0,-95,-99,-48.56246554080313,-41.10689140761687,-7.455574133186261,9.381502947906233,,,,,,,,,,,,,,60,100,-60,,,,,,,,,,,0,-95,-99,-48.56246554080313,-41.10689140761687,-7.455574133186261,9.381502947906233,,,,,,,,,,,,,,60,100,-60,,,,,,,,,,
1643587200,37875.5,42638.5,36200.5,42350,,47054.14617159856,43374.76552052229,453517.684,0,-95,-99,-46.901296784824645,-45.906197393712056,-0.9950993911125892,11.372525021111597,,,,-45.906197393712056,,,,,,,,,,60,100,-60,,,,,,,,,,,0,-95,-99,-46.901296784824645,-45.906197393712056,-0.9950993911125892,11.372525021111597,,,,-45.906197393712056,,,,,,,,,,60,100,-60,,,,,,,,,,
1644192000,42350,45924.5,41595,42059.5,,46600.08742872596,43082.48429373956,536482.885,0,-95,-99,-40.43428996693729,-45.299350764188354,4.865060797251061,9.190559131762111,,,,,,,,,,,,,,60,100,-60,,,,-108,-45.299350764188354,,,,,,0,-95,-99,-40.43428996693729,-45.299350764188354,4.865060797251061,9.190559131762111,,,,,,,,,,,,,,60,100,-60,,,,-108,-45.299350764188354,,,,,
1644796800,42059.5,44800,37917,38355,,45850.53402611451,42031.9322284641,476902.245,0,-95,-99,-40.4162573984585,-42.583948050073474,2.1676906516149756,6.770368077441923,,,,,,,,,,,,,,60,100,-60,,,,,,,,,,,0,-95,-99,-40.4162573984585,-42.583948050073474,2.1676906516149756,6.770368077441923,,,,,,,,,,,,,,60,100,-60,,,,,,,,,,
1645401600,38355,40300,34242.5,37665,,45106.39456919501,41061.50284436097,793535.981,0,-95,-99,-44.837804446291244,-41.896117270562335,-2.9416871757289087,4.602441901736376,,,,,,,,,,,,,,60,100,-60,,,,,-41.896117270562335,,,,,,0,-95,-99,-44.837804446291244,-41.896117270562335,-2.9416871757289087,4.602441901736376,,,,,,,,,,,,,,60,100,-60,,,,,-41.896117270562335,,,,,
1646006400,37665,45372,37435,38394,,44496.17688108637,40468.724434502976,650612.1,0,-95,-99,-41.11133495026947,-42.12179893167306,1.0104639814035892,3.9139382383604167,,,,,,,,,,,,,,60,100,-60,,,,,-42.12179893167306,,,,,,0,-95,-99,-41.11133495026947,-42.12179893167306,1.0104639814035892,3.9139382383604167,,,,,,,,,,,,,,60,100,-60,,,,,-42.12179893167306,,,,,
1646611200,38394,42698,37139,37756,,43883.433528260335,39865.8967823912,688949.897,0,-95,-99,-40.62340210280384,-42.190847166454844,1.5674450636510073,4.222414616957392,,,,,,,,,,,,,,60,100,-60,,,,,,,,,,,0,-95,-99,-40.62340210280384,-42.190847166454844,1.5674450636510073,4.222414616957392,,,,,,,,,,,,,,60,100,-60,,,,,,,,,,
1647216000,37756,42397,37527,41272,,43646.030480236666,40178.36416408205,554749.655,0,-95,-99,-36.353486824491,-39.36274129252143,3.009254468030427,7.039667180728644,,,,,,,,,,,,,,60,100,-60,,,,,,,,,,,0,-95,-99,-36.353486824491,-39.36274129252143,3.009254468030427,7.039667180728644,,,,,,,,,,,,,,60,100,-60,,,,,,,,,,
1647820800,41272,46989,40473.5,46793,,43932.11861839697,41648.28323873048,518985.254,0,-95,-99,-19.47225035624772,-32.149713094514176,12.677462738266456,8.916731897052035,,,,,,,,,,,,,,60,100,-60,,,,,,,,,,,0,-95,-99,-19.47225035624772,-32.149713094514176,12.677462738266456,8.916731897052035,,,,,,,,,,,,,,60,100,-60,,,,,,,,,,
1648425600,46793,48185,44202,46411.5,,44157.51692581543,42706.77585234593,534575.055,0,-95,-99,-3.7833362250151605,-19.869691135251283,16.086354910236125,7.0220852651875685,,,,,,,,,,,,,,60,100,-60,,,,,,,,,,,0,-95,-99,-3.7833362250151605,-19.869691135251283,16.086354910236125,7.0220852651875685,,,,,,,,,,,,,,60,100,-60,,,,,,,,,,
1649030400,46411.5,47190,41745,42137,,43973.83356892312,42580.158996269056,518661.618,0,-95,-99,0.3076589847558777,-7.649309198835659,7.9569681835915365,2.962545772439964,,,,,,,,,,83.44709872703585,,,,60,100,-60,,,,,,,,,,,0,-95,-99,0.3076589847558777,-7.649309198835659,7.9569681835915365,2.962545772439964,,,,,,,,,,83.44709872703585,,,,60,100,-60,,,,,,,,,,
1649635200,42137,42400,39171.5,39662,,43581.848699021015,41931.67921932038,569088.563,0,-95,-99,-7.9158639388107455,-3.7971803930233334,-4.1186835457874125,-0.6820954312272165,,,,,,,,,,,,,,60,100,-60,,,,,-3.7971803930233334,,,,,,0,-95,-99,-7.9158639388107455,-3.7971803930233334,-4.1186835457874125,-0.6820954312272165,,,,,,,,,,,,,,60,100,-60,,,,,-3.7971803930233334,,,,,
1650240000,39662,42950,38466.5,39439.5,,43205.27154456456,41377.86161502696,547375.798,0,-95,-99,-14.143324674977286,-7.250509876344051,-6.8928147986332355,1.318562229496965,,,,,,,,,,,,,,60,100,-60,,,,,,,,,,,0,-95,-99,-14.143324674977286,-7.250509876344051,-6.8928147986332355,1.318562229496965,,,,,,,,,,,,,,60,100,-60,,,,,,,,,,
1650844800,39439.5,40803,37351,38446.5,,42772.655949604145,40726.44792279875,739528.662,0,-95,-99,-22.886412079906236,-14.981866897898088,-7.904545182008148,-1.3064310962084624,,,,,,,,,,,,,,60,100,-60,,,,,,,,,,,0,-95,-99,-22.886412079906236,-14.981866897898088,-7.904545182008148,-1.3064310962084624,,,,,,,,,,,,,,60,100,-60,,,,,,,,,,
1651449600,38446.5,40058.5,33666,34032.5,,41978.096317821946,39238.90393995458,791388.193,0,-95,-99,-35.74222882003296,-24.2573218583055,-11.484906961727464,-4.643350232022304,,,,,,,,,,,,,,60,100,-60,,,,,,,,,,,0,-95,-99,-35.74222882003296,-24.2573218583055,-11.484906961727464,-4.643350232022304,,,,,,,,,,,,,,60,100,-60,,,,,,,,,,
1652054400,34032.5,34258,26536,31315.5,,41008.76937983813,37478.14750885356,1655605.561,0,-95,-99,-51.450199003346256,-36.69294663442849,-14.757252368917769,-4.937212940254555,,,,,,,,,,,,,,60,100,-60,,,,,,,,,,,0,-95,-99,-51.450199003346256,-36.69294663442849,-14.757252368917769,-4.937212940254555,,,,,,,,,,,,,,60,100,-60,,,,,,,,,,
1652659200,31315.5,31315.5,28633,30269.5,,40032.47216348921,35876.225840219435,826228.839,0,-95,-99,-59.39416160946277,-48.862196477614,-10.531965131848771,-5.4084732176521815,,,,,,,,,,,,,,60,100,-60,,,,,,,,,,,0,-95,-99,-59.39416160946277,-48.862196477614,-10.531965131848771,-5.4084732176521815,,,,,,,,,,,,,,60,100,-60,,,,,,,,,,
1653264000,30269.5,30654.5,27950,29452,,39070.61105771746,34448.62009794845,953554.548,0,-95,-99,-63.35362468632377,-58.06599509971093,-5.287629586612837,-7.320183876607234,,,,,,,,,,,,,,60,100,-60,,,,,,,,,,,0,-95,-99,-63.35362468632377,-58.06599509971093,-5.287629586612837,-7.320183876607234,,,,,,,,,,,,,,60,100,-60,,,,,,,,,,
1653868800,29452,32450,29250,29901.5,,38237.05550701587,33438.148965071014,768391.022,0,-95,-99,-62.292427952332396,-61.680071416039645,-0.6123565362927508,-7.712717697036227,,,,,,,,,,,1.283047984469612,,,60,100,-60,,,,,,,,,,,0,-95,-99,-62.292427952332396,-61.680071416039645,-0.6123565362927508,-7.712717697036227,,,,,,,,,,,1.283047984469612,,,60,100,-60,,,,,,,,,,
1654473600,29901.5,31750,26550,26567.5,,37176.18682455988,31911.338083944123,1186777.443,0,-95,-99,-63.64075918223478,-63.095603940296975,-0.5451552419378061,-8.634759718866647,,,,,,,,,,,,,,60,100,-60,,,,,,,,,,,0,-95,-99,-63.64075918223478,-63.095603940296975,-0.5451552419378061,-8.634759718866647,,,,,,,,,,,,,,60,100,-60,,,,,,,,,,
1655078400,26567.5,26885,17600,20567.5,,35666.306204145345,29390.485176400984,2733452.733,0,-95,-99,-71.1044527504479,-65.67921329500503,-5.425239455442878,-8.551722957626207,,,,,,,,,,1.9245719767044152,,,,60,100,-60,,,,,,,,,,,0,-95,-99,-71.1044527504479,-65.67921329500503,-5.425239455442878,-8.551722957626207,,,,,,,,,,1.9245719767044152,,,,60,100,-60,,,,,,,,,,
1655683200,20567.5,21880,19624,21032,,34335.91473104122,27533.044026089654,1547691.636,0,-95,-99,-73.94467186009972,-69.56329459759414,-4.3813772625055805,-9.986704002802973,,,,,,,,,,,,,,60,100,-60,,,,,,,,,,,0,-95,-99,-73.94467186009972,-69.56329459759414,-4.3813772625055805,-9.986704002802973,,,,,,,,,,,,,,60,100,-60,,,,,,,,,,
1656288000,21032,21580,18601,19306,,32969.55884640111,25704.812020291953,1495434.842,0,-95,-99,-74.49331141355297,-73.18081200803353,-1.3124994055194463,-12.05714450393776,,,,,,,25.713859242769317,,,,,,,60,100,-60,,,,,,,,,,,0,-95,-99,-74.49331141355297,-73.18081200803353,-1.3124994055194463,-12.05714450393776,,,,,,,25.713859242769317,,,,,,,60,100,-60,,,,,,,,,,
1656892800,19306,22600,19039,20849,,31867.689860364644,24625.742682449298,1559546.036,0,-95,-99,-71.58535159696522,-73.3411116235393,1.7557600265740803,-9.090200820047468,,-73.3411116235393,,-73.3411116235393,,,,,,,,,,60,100,-60,,,,,-73.3411116235393,-107,,,,,0,-95,-99,-71.58535159696522,-73.3411116235393,1.7557600265740803,-9.090200820047468,,-73.3411116235393,,-73.3411116235393,,,,,,,,,,60,100,-60,,,,,-73.3411116235393,-107,,,,
1657497600,20849,21669,18867.5,20799,,30861.445327604222,23775.355419682786,1441844.365,0,-95,-99,-68.38477913154466,-71.48781404735428,3.1030349158096158,-7.486289372563748,,,,,,,,,,,,,,60,100,-60,,,,,,,,,,,0,-95,-99,-68.38477913154466,-71.48781404735428,3.1030349158096158,-7.486289372563748,,,,,,,,,,,,,,60,100,-60,,,,,,,,,,
1658102400,20799,24277,20763,22573.5,,30107.995752367475,23508.276437531054,1655459.446,0,-95,-99,-61.55688204804646,-67.17567092551877,5.618788877472312,-6.557849291853439,,,,,,,,,,,,,,60,100,-60,,,,,,,,,,,0,-95,-99,-61.55688204804646,-67.17567092551877,5.618788877472312,-6.557849291853439,,,,,,,,,,,,,,60,100,-60,,,,,,,,,,
1658707200,22573.5,24695,20691,23290.5,,29488.223411243158,23459.881673635264,1255834.026,0,-95,-99,-54.86714920263364,-61.602936794074914,6.735787591441273,-6.176430162393558,,,,,,,,,,,,,,60,100,-60,,,,,,,,,,,0,-95,-99,-54.86714920263364,-61.602936794074914,6.735787591441273,-6.176430162393558,,,,,,,,,,,,,,60,100,-60,,,,,,,,,,
1659312000,23290.5,23655,22350,23167,,28913.56673749378,23394.79685727187,934990.223,0,-95,-99,-48.68739925078732,-55.03714350048913,6.349744249701807,-7.373756616341674,,,,,,,,,,,,,,60,100,-60,,,,,,,,,,,0,-95,-99,-48.68739925078732,-55.03714350048913,6.349744249701807,-7.373756616341674,,,,,,,,,,,,,,60,100,-60,,,,,,,,,,
1659916800,23167,25031,22521,24290.5,,28493.287943176165,23593.842000100343,1073002.143,0,-95,-99,-40.78982931736702,-48.11479259026265,7.32496327289563,-5.181666899349309,,,,,,,,,,,,,,60,100,-60,,,,,,,,,,,0,-95,-99,-40.78982931736702,-48.11479259026265,7.32496327289563,-5.181666899349309,,,,,,,,,,,,,,60,100,-60,,,,,,,,,,
1660521600,24290.5,25199,20730,21505.5,,27858.034493796513,23129.766000078045,1225510.154,0,-95,-99,-39.121471741166026,-42.86623343644012,3.744761695274093,-6.410046054649111,,,,,,,,,,82.7525886104295,,,,60,100,-60,,,,,,,,,,,0,-95,-99,-39.121471741166026,-42.86623343644012,3.744761695274093,-6.410046054649111,,,,,,,,,,82.7525886104295,,,,60,100,-60,,,,,,,,,,
1661126400,21505.5,21880,19511,19548,,27102.576812542284,22333.818000060703,1150389.01,0,-95,-99,-43.96147322563158,-41.290924761388204,-2.6705484642433746,-8.864200068448202,,,,,,,,,,,,,,60,100,-60,,,,,-41.290924761388204,,,,,,0,-95,-99,-43.96147322563158,-41.290924761388204,-2.6705484642433746,-8.864200068448202,,,,,,,,,,,,,,60,100,-60,,,,,-41.290924761388204,,,,,
1661731200,19548,20569,19530,19986.5,,26455.660738674804,21812.19177782499,1121376.12,0,-95,-99,-46.95266161306486,-43.345202193287484,-3.6074594197773777,-6.982788148314684,,,,,,,,,,,,,,60,100,-60,,,,,,,,,,,0,-95,-99,-46.95266161306486,-43.345202193287484,-3.6074594197773777,-6.982788148314684,,,,,,,,,,,,,,60,100,-60,,,,,,,,,,
1662336000,19986.5,21879.5,18451,21810,,26033.32794424982,21811.704716086104,1295714.429,0,-95,-99,-45.780885379231975,-45.56500673930947,-0.2158786399225079,-3.909297869839235,,,,,,,,,,,69.02727787924306,,,60,100,-60,,,,,,,,,,,0,-95,-99,-45.780885379231975,-45.56500673930947,-0.2158786399225079,-3.909297869839235,,,,,,,,,,,69.02727787924306,,,60,100,-60,,,,,,,,,,
1662940800,21810,22794,19315,19408.5,,25431.070858408926,21277.659223622526,1329473.854,0,-95,-99,-44.9113871479184,-45.88164471340508,0.9702575654866834,-7.112198088910287,,,,,,,,,,,,,,60,100,-60,,,,-108,-45.88164471340508,,,,,,0,-95,-99,-44.9113871479184,-45.88164471340508,0.9702575654866834,-7.112198088910287,,,,,,,,,,,,,,60,100,-60,,,,-108,-45.88164471340508,,,,,
1663545600,19408.5,20045,18100,18800,,24828.246234917206,20727.068285039742,1633837.069,0,-95,-99,-48.98539311056375,-46.55922187923804,-2.4261712313257107,-9.405341124641911,,,,,,,,,,76.2573633923327,,,,60,100,-60,,,,,-46.55922187923804,,,,,,0,-95,-99,-48.98539311056375,-46.55922187923804,-2.4261712313257107,-9.405341124641911,,,,,,,,,,76.2573633923327,,,,60,100,-60,,,,,-46.55922187923804,,,,,
1664150400,18800,20383.5,18453,19054,,24303.31475901564,20355.275332808687,1719930.866,0,-95,-99,-49.39198096034237,-47.76292040627484,-1.6290605540675358,-10.310938381703995,,,,,,,,,,,,,,60,100,-60,,,,,,,,,,,0,-95,-99,-49.39198096034237,-47.76292040627484,-1.6290605540675358,-10.310938381703995,,,,,,,,,,,,,,60,100,-60,,,,,,,,,,
1664755200,19054,20451,18947,19436.5,,23860.877053650584,20151.103036628978,1214599.272,0,-95,-99,-47.381010272636736,-48.58612811451428,1.205117841877545,-11.131205386747983,,,,-48.58612811451428,,,,,,,,,,60,100,-60,,,,,-48.58612811451428,,,-106,,,0,-95,-99,-47.381010272636736,-48.58612811451428,1.205117841877545,-11.131205386747983,,,,-48.58612811451428,,,,,,,,,,60,100,-60,,,,,-48.58612811451428,,,-106,,
1665360000,19436.5,19944,18071,19252.5,,23441.933685136893,19951.41347293365,1138533.679,0,-95,-99,-47.514038755495854,-48.09567666282498,0.5816379073291245,-12.346843791851354,,,,,,,,,,,,,,60,100,-60,,,,,,,,,,,0,-95,-99,-47.514038755495854,-48.09567666282498,0.5816379073291245,-12.346843791851354,,,,,,,,,,,,,,60,100,-60,,,,,,,,,,
1665964800,19252.5,19694,18621.5,19559,,23088.939713760814,19864.210478948396,910643.581,0,-95,-99,-45.689625659559205,-46.86155822923058,1.1719325696713767,-11.333465563079331,,,,,,,,,,,68.02311887523348,,,60,100,-60,,,,,,,,,,,0,-95,-99,-45.689625659559205,-46.86155822923058,1.1719325696713767,-11.333465563079331,,,,,,,,,,,68.02311887523348,,,60,100,-60,,,,,,,,,,
1666569600,19559,21100,19155,20613.5,,22863.89973978256,20030.71926140431,1127998.55,0,-95,-99,-37.14463664465038,-43.449433686568476,6.304797041918093,-11.34976110492701,,,,,,,,,,,,,,60,100,-60,,,,,,,,,,,0,-95,-99,-37.14463664465038,-43.449433686568476,6.304797041918093,-11.34976110492701,,,,,,,,,,,,,,60,100,-60,,,,,,,,,,
1667174400,20613.5,21470,20013.5,20904,,22685.72703616596,20224.781647758908,876344.428,0,-95,-99,-26.17660309347978,-36.33695513256311,10.160352039083332,-9.518022557622558,,,,,,,,,,84.09407048523748,,,,60,100,-60,,,,,,,,,,,0,-95,-99,-26.17660309347978,-36.33695513256311,10.160352039083332,-9.518022557622558,,,,,,,,,,84.09407048523748,,,,60,100,-60,,,,,,,,,,
1667779200,20904,21062.5,15460.5,16330.5,,22107.979123787238,19359.385726034707,2259763.136,0,-95,-99,-39.086312238913976,-34.135850659014714,-4.950461579899262,-12.115681424115227,,,,,,,,,,,,,,60,100,-60,,,,,-34.135850659014714,,,,,,0,-95,-99,-39.086312238913976,-34.135850659014714,-4.950461579899262,-12.115681424115227,,,,,,,,,,,,,,60,100,-60,,,,,-34.135850659014714,,,,,
1668384000,16330.5,17213,15802.5,16273.5,,21577.571930715672,18673.63334247144,942638.396,0,-95,-99,-50.54306510644533,-38.60199347961302,-11.941071626832311,-10.904385214612967,,,,,,,,,,,,,,60,100,-60,,,,,,,,,,,0,-95,-99,-50.54306510644533,-38.60199347961302,-11.941071626832311,-10.904385214612967,,,,,,,,,,,,,,60,100,-60,,,,,,,,,,
1668988800,16273.5,16810,15440,16426,,21109.24720974152,18174.159266366674,829331.644,0,-95,-99,-56.537338329477144,-48.72223855827881,-7.815099771198334,-12.076816194699752,,,,,,,,,,,,,,60,100,-60,,,,,,,,,,,0,-95,-99,-56.537338329477144,-48.72223855827881,-7.815099771198334,-12.076816194699752,,,,,,,,,,,,,,60,100,-60,,,,,,,,,,
1669593600,16426,17390,15985,17096,,20744.406554310473,17934.56831828519,800166.241,0,-95,-99,-56.30697520932026,-54.462459548414245,-1.844515660906012,-12.56155427157005,,,,,,,,,,,16.027397310919987,,,60,100,-60,,,,,,,,,,,0,-95,-99,-56.30697520932026,-54.462459548414245,-1.844515660906012,-12.56155427157005,,,,,,,,,,,16.027397310919987,,,60,100,-60,,,,,,,,,,
1670198400,17096,17425.5,16666.5,17078,,20411.096867554978,17744.219803110704,564980.675,0,-95,-99,-53.79851699262315,-55.54761017714018,1.7490931845170294,-14.308670746947394,,,,-55.54761017714018,,,,,,,,,,60,100,-60,,,,-108,-55.54761017714018,-107,,,,,0,-95,-99,-53.79851699262315,-55.54761017714018,1.7490931845170294,-14.308670746947394,,,,-55.54761017714018,,,,,,,,,,60,100,-60,,,,-108,-55.54761017714018,-107,,,,
1670803200,17078,18379,16532.5,16729.5,,20076.4062432318,17518.726513530546,941710.141,0,-95,-99,-50.128565366308216,-53.41135252275054,3.2827871564423248,-14.573358212745996,,,,,,,,,,,,,,60,100,-60,,,,,,,,,,,0,-95,-99,-50.128565366308216,-53.41135252275054,3.2827871564423248,-14.573358212745996,,,,,,,,,,,,,,60,100,-60,,,,,,,,,,
1671408000,16729.5,17054,16203,16825,,19780.823857483454,17364.565066079314,533279.156,0,-95,-99,-49.870503392716444,-51.26586191721592,1.3953585244994784,-14.46672416182139,,,,,,,,,,,,,,60,100,-60,,,,,,,,,,,0,-95,-99,-49.870503392716444,-51.26586191721592,1.3953585244994784,-14.46672416182139,,,,,,,,,,,,,,60,100,-60,,,,,,,,,,
1672012800,16825,16961,16353,16622.5,,19493.70350680314,17199.66171806169,426743.937,0,-95,-99,-49.016761548933204,-49.67194343598595,0.6551818870527484,-16.29947604108141,,,,,,,,,,,,,,60,100,-60,,,,,,,,,,,0,-95,-99,-49.016761548933204,-49.67194343598595,0.6551818870527484,-16.29947604108141,,,,,,,,,,,,,,60,100,-60,,,,,,,,,,
1672617600,16622.5,17190,16552,17119.5,,19277.86682436649,17181.84800293687,449511.743,0,-95,-99,-45.17918423222106,-48.02214972462357,2.842965492402506,-15.186299264387097,,,,,,,,,,,,,,60,100,-60,,,,,,,,,,,0,-95,-99,-45.17918423222106,-48.02214972462357,2.842965492402506,-15.186299264387097,,,,,,,,,,,,,,60,100,-60,,,,,,,,,,
1673222400,17119.5,21550,17094,20878,,19423.33347669681,18003.21511339534,1282445.961,0,-95,-99,-20.54461277270754,-38.246852851287265,17.702240078579724,-11.467525262760535,,,,,,,,,,,,,,60,100,-60,,,,,,,,,,,0,-95,-99,-20.54461277270754,-38.246852851287265,17.702240078579724,-11.467525262760535,,,,,,,,,,,,,,60,100,-60,,,,,,,,,,
1673827200,20878,23381,20385,22703.5,,19721.53043336074,19047.722865974156,1353529.539,0,-95,-99,4.392952984216208,-20.443614673570792,24.836567657787,-9.438916976318744,,,,,,,,,,,,,,60,100,-60,,,,,,,,,,,0,-95,-99,4.392952984216208,-20.443614673570792,24.836567657787,-9.438916976318744,,,,,,,,,,,,,,60,100,-60,,,,,,,,,,
1674432000,22703.5,23966,22319,23737.5,,20086.61857578249,20089.895562424343,1006401.299,0,-95,-99,22.320425976482507,2.0562553959970664,20.26417058048544,-6.788753230939445,,,,,,,,,,,,,,60,100,-60,,,,,,,,,,,0,-95,-99,22.320425976482507,2.0562553959970664,20.26417058048544,-6.788753230939445,,,,,,,,,,,,,,60,100,-60,,,,,,,,,,
1675036800,23737.5,24280,22480.5,22934,,20345.471432529535,20721.91877077449,909564.473,0,-95,-99,32.241682758490924,19.651687239729885,12.58999551876104,-8.253687314704056,,,,,,,,,,95.51535464042672,,,,60,100,-60,,,,,,,,,,,0,-95,-99,32.241682758490924,19.651687239729885,12.58999551876104,-8.253687314704056,,,,,,,,,,95.51535464042672,,,,60,100,-60,,,,,,,,,,
1675641600,22934,23462.5,21431.1,21776.9,,20475.60130229958,20956.359043935714,791092.947,0,-95,-99,34.72442500748305,29.762177914152165,4.962247093330884,-7.948628089939044,,,,,,,,,,,,,,60,100,-60,,,,,,,,,,,0,-95,-99,34.72442500748305,29.762177914152165,4.962247093330884,-7.948628089939044,,,,,,,,,,,,,,60,100,-60,,,,,,,,,,
1676246400,21776.9,25296.1,21327.5,24266.9,,20820.264820272347,21692.03481195,1369271.035,0,-95,-99,40.60983754881092,35.85864843826164,4.751189110549284,-7.942829271390191,,,,,,,,,,,,,,60,100,-60,,,,,,,,,,,0,-95,-99,40.60983754881092,35.85864843826164,4.751189110549284,-7.942829271390191,,,,,,,,,,,,,,60,100,-60,,,,,,,,,,
1676851200,24266.9,25295,22712.3,23548.3,,21068.268018429408,22104.538187072223,1182531.85,0,-95,-99,44.27899900931481,39.87108718853627,4.407911820778537,-7.305342827950735,,,,,,,,,,,,,,60,100,-60,,,,,,,,,,,0,-95,-99,44.27899900931481,39.87108718853627,4.407911820778537,-7.305342827950735,,,,,,,,,,,,,,60,100,-60,,,,,,,,,,
1677456000,23548.3,24028.4,21905,22419,,21191.061834935826,22174.418589945064,871130.657,0,-95,-99,41.80348306250878,42.230773206878176,-0.42729014436939394,-6.705126244286487,,,42.230773206878176,,,,,,,,,,,60,100,-60,,,,,42.230773206878176,,,,,,0,-95,-99,41.80348306250878,42.230773206878176,-0.42729014436939394,-6.705126244286487,,,42.230773206878176,,,,,,,,,,,60,100,-60,,,,,42.230773206878176,,,,,
1678060800,22419,22594.7,19535,21978.9,,21262.683486305297,22130.970014401715,1475909.166,0,-95,-99,32.08195854914588,39.388146873656495,-7.3061883245106145,-7.68776516051056,,,,,,,,,,,81.91289931436319,,,60,100,-60,,,,,,,,,,,0,-95,-99,32.08195854914588,39.388146873656495,-7.3061883245106145,-7.68776516051056,,,,,,,,,,,81.91289931436319,,,60,100,-60,,,,,,,,,,
1678665600,21978.9,28417.1,21804,27962.1,,21871.721351186632,23426.776677868,2220851.264,0,-95,-99,44.90850881574083,39.59798347579851,5.310525339942323,-3.6362197140994352,,,,,,,,,,,,,,60,100,-60,,,,,39.59798347579851,,,,,,0,-95,-99,44.90850881574083,39.59798347579851,5.310525339942323,-3.6362197140994352,,,,,,,,,,,,,,60,100,-60,,,,,39.59798347579851,,,,,
1679270400,27962.1,28897,26583.4,27951.6,,22424.437591987848,24432.292971675113,1403990.692,0,-95,-99,55.706236422641226,44.23223459584265,11.474001826798577,-4.333373090723082,,,,,,,,,,,,,,60,100,-60,,,,,,,,,,,0,-95,-99,55.706236422641226,44.23223459584265,11.474001826798577,-4.333373090723082,,,,,,,,,,,,,,60,100,-60,,,,,,,,,,
1679875200,27951.6,29197.2,26474.3,28155.9,,22945.479629079862,25259.761200191755,1129170.171,0,-95,-99,60.6117620532007,53.74216909719426,6.869592956006443,-5.883332293018123,,,,,,,,,,,,,,60,100,-60,,,,,,,,,,,0,-95,-99,60.6117620532007,53.74216909719426,6.869592956006443,-5.883332293018123,,,,,,,,,,,,,,60,100,-60,,,,,,,,,,
1680480000,28155.9,28797.1,27175,28309.7,,23433.136026436237,25937.525377926922,790196.379,0,-95,-99,62.334921649653175,59.55097337516503,2.7839482744881465,-5.478549342765058,,,,,,,,,,,,,,60,100,-60,,,,,,,,,,,0,-95,-99,62.334921649653175,59.55097337516503,2.7839482744881465,-5.478549342765058,,,,,,,,,,,,,,60,100,-60,,,,,,,,,,
1681084800,28309.7,31061.7,28136.6,30295.9,,24057.02366039658,26906.05307172094,950171.598,0,-95,-99,65.99486329087553,62.980515664576465,3.014347626299063,-2.435475333982876,,,,,,69.40079180773373,,,,99.98996271054172,,,,60,100,-60,,,,,,,,,,,0,-95,-99,65.99486329087553,62.980515664576465,3.014347626299063,-2.435475333982876,,,,,,69.40079180773373,,,,99.98996271054172,,,,60,100,-60,,,,,,,,,,
1681689600,30295.9,30500,27058,27572.8,,24376.63969126962,27054.219055782953,1131283.87,0,-95,-99,62.73145321980945,63.687079386779374,-0.9556261669699211,-4.128551570744515,63.687079386779374,,63.687079386779374,,,,,,,,,,,60,100,-60,,,108,,63.687079386779374,,105,,,,0,-95,-99,62.73145321980945,63.687079386779374,-0.9556261669699211,-4.128551570744515,63.687079386779374,,63.687079386779374,,,,,,,,,,,60,100,-60,,,108,,63.687079386779374,,105,,,
1682294400,27572.8,30062,26933,29217,,24816.672446608743,27534.837043386742,1363212.087,0,-95,-99,60.230380536011914,62.9855656822323,-2.7551851462203842,-3.044493842726336,,,,,,,,,,,,,,60,100,-60,,,,,,,,,,,0,-95,-99,60.230380536011914,62.9855656822323,-2.7551851462203842,-3.044493842726336,,,,,,,,,,,,,,60,100,-60,,,,,,,,,,
1682899200,29217,29833,27640.1,28413.9,,25143.693133280674,27730.18436707858,1086488.033,0,-95,-99,56.883075978342305,59.948303244721224,-3.065227266378919,-3.6731401598062696,,,,,,,,,,,,,,60,100,-60,,,,,,,,,,,0,-95,-99,56.883075978342305,59.948303244721224,-3.065227266378919,-3.6731401598062696,,,,,,,,,,,,,,60,100,-60,,,,,,,,,,
1683504000,28413.9,28615,25764,26903,,25303.63012116425,27546.365618838896,949977.193,0,-95,-99,46.894390563636605,54.669282359330275,-7.774891795693669,-6.802954296133667,,,,,,,,,,,,,,60,100,-60,,,,,,,,,,,0,-95,-99,46.894390563636605,54.669282359330275,-7.774891795693669,-6.802954296133667,,,,,,,,,,,,,,60,100,-60,,,,,,,,,,
1684108800,26903,27648,26341.3,26734.3,,25433.69101924023,27365.906592430252,713890.579,0,-95,-99,37.47812531189966,47.08519728462619,-9.60707197272653,-9.244123865127204,,,,,,,,,,,,,,60,100,-60,,,,,,,,,,,0,-95,-99,37.47812531189966,47.08519728462619,-9.60707197272653,-9.244123865127204,,,,,,,,,,,,,,60,100,-60,,,,,,,,,,
1684713600,26734.3,28280,25851,28049.9,,25671.528199309298,27517.905127445752,715421.011,0,-95,-99,32.805770627560825,39.0594288343657,-6.253658206804872,-7.650613513857646,,,,,,,,,,,,,,60,100,-60,,,,,,,,,,,0,-95,-99,32.805770627560825,39.0594288343657,-6.253658206804872,-7.650613513857646,,,,,,,,,,,,,,60,100,-60,,,,,,,,,,
1685318400,28049.9,28449,26480.7,27105.5,,25801.88927209936,27426.259543568918,644990.182,0,-95,-99,28.437188785654165,32.907028241704886,-4.469839456050721,-6.88754543438478,,,,,,,,,,,,,,60,100,-60,,,,,,,,,,,0,-95,-99,28.437188785654165,32.907028241704886,-4.469839456050721,-6.88754543438478,,,,,,,,,,,,,,60,100,-60,,,,,,,,,,
1685923200,27105.5,27397,25324.2,25915.1,,25812.181156453964,27090.446311664713,997545.527,0,-95,-99,15.003248250642816,25.415402554619263,-10.412154303976447,-6.40675982938464,,,,,,,,,,,,,,60,100,-60,,,,,,,,,,,0,-95,-99,15.003248250642816,25.415402554619263,-10.412154303976447,-6.40675982938464,,,,,,,,,,,,,,60,100,-60,,,,,,,,,,
1686528000,25915.1,26886.8,24779.5,26333.5,,25859.573778594513,26922.236020183667,791587.289,0,-95,-99,3.4284988469201796,15.62297862773905,-12.19447978081887,-5.786324047279058,,,,,,,,,,,15.15343002625578,,,60,100,-60,,,,,,,,,,,0,-95,-99,3.4284988469201796,15.62297862773905,-12.19447978081887,-5.786324047279058,,,,,,,,,,,15.15343002625578,,,60,100,-60,,,,,,,,,,
1687132800,26333.5,31444,26250,30460.1,,26277.80343508592,27708.428015698406,1277656.019,0,-95,-99,20.808562859640574,13.080103319067854,7.72845954057272,-3.080941611176433,,,,,,,,,,,,,,60,100,-60,,,,,13.080103319067854,,,,,,0,-95,-99,20.808562859640574,13.080103319067854,7.72845954057272,-3.080941611176433,,,,,,,,,,,,,,60,100,-60,,,,,13.080103319067854,,,,,
1687737600,30460.1,31291.9,29412.8,30601.9,,26670.903122805383,28351.42178998765,891882.718,0,-95,-99,35.37924208646806,19.872101264342934,15.507140822125127,-1.1660457787558007,,,,,,62.932839108393715,,,,,,,,60,100,-60,,,,,,,,,,,0,-95,-99,35.37924208646806,19.872101264342934,15.507140822125127,-1.1660457787558007,,,,,,62.932839108393715,,,,,,,,60,100,-60,,,,,,,,,,
1688342400,30601.9,31543.1,29675.1,30150,,26987.184657095804,28751.10583665706,688759.012,0,-95,-99,43.21601066693118,33.134605204346606,10.081405462584577,-0.8912073696829177,,,,,,,,,,,,,,60,100,-60,,,,,,,,,,,0,-95,-99,43.21601066693118,33.134605204346606,10.081405462584577,-0.8912073696829177,,,,,,,,,,,,,,60,100,-60,,,,,,,,,,
1688947200,30150,31843.9,29873,30221.4,,27281.20423372346,29077.837872955493,767257.448,0,-95,-99,47.90209613383234,42.165782962410525,5.736313171421813,0.17419729710987886,,,,,,,,,,,,,,60,100,-60,,,,,,,,,,,0,-95,-99,47.90209613383234,42.165782962410525,5.736313171421813,0.17419729710987886,,,,,,,,,,,,,,60,100,-60,,,,,,,,,,
1689552000,30221.4,30407,29362,30071.1,,27534.83112156678,29298.562790076496,540364.483,0,-95,-99,46.520454462909214,45.87952042122424,0.6409340416849716,0.5703128886147275,45.87952042122424,,45.87952042122424,,,,,,,62.17660531059123,,,,60,100,-60,,,,,,,,,,,0,-95,-99,46.520454462909214,45.87952042122424,0.6409340416849716,0.5703128886147275,45.87952042122424,,45.87952042122424,,,,,,,62.17660531059123,,,,60,100,-60,,,,,,,,,,
1690156800,30071.1,30084,28851,29273.1,,27692.855565060712,29292.904392281718,469791.628,0,-95,-99,41.35888237113295,45.26047765595817,-3.90159528482522,-1.398863852565322,,,,,,,,,,,,,,60,100,-60,108,,,,45.26047765595817,,,,,,0,-95,-99,41.35888237113295,45.26047765595817,-3.90159528482522,-1.398863852565322,,,,,,,,,,,,,,60,100,-60,108,,,,45.26047765595817,,,,,
1690761600,29273.1,30040,28555.6,29075.7,,27818.568695509737,29244.636749552446,578865.882,0,-95,-99,35.44176466767948,41.10703383390722,-5.665269166227738,-0.12843679579024192,,,,,,,,,,,,,,60,100,-60,,,,,,,,,,,0,-95,-99,35.44176466767948,41.10703383390722,-5.665269166227738,-0.12843679579024192,,,,,,,,,,,,,,60,100,-60,,,,,,,,,,
1691366400,29075.7,30265.8,28677.1,29301.3,,27953.3624504634,29257.228582985237,550753.604,0,-95,-99,32.36384169901006,36.3881629126075,-4.024321213597439,1.8420793281313994,,,,,,,,,,,,,,60,100,-60,,,,,,,,,,,0,-95,-99,32.36384169901006,36.3881629126075,-4.024321213597439,1.8420793281313994,,,,,,,,,,,,,,60,100,-60,,,,,,,,,,
1691971200,29301.3,29680,24200.9,26176.5,,27791.82950042127,28572.62223121074,905322.411,0,-95,-99,7.511119850342283,25.105575405677275,-17.594455555334992,-0.09844075351412185,,,,,,,,,,,,,,60,100,-60,,,,,,,,,,,0,-95,-99,7.511119850342283,25.105575405677275,-17.594455555334992,-0.09844075351412185,,,,,,,,,,,,,,60,100,-60,,,,,,,,,,
1692576000,26176.5,26823.8,25267.3,26085.4,,27636.69954583752,28019.906179830574,644994.728,0,-95,-99,-10.896713414307822,9.65941604501484,-20.556129459322662,1.2037100123081421,,,,,,,,,,,,,,60,100,-60,,,,,,,,,,,0,-95,-99,-10.896713414307822,9.65941604501484,-20.556129459322662,1.2037100123081421,,,,,,,,,,,,,,60,100,-60,,,,,,,,,,
1693180800,26085.4,28140.8,25305.4,25959.9,,27484.263223488655,27562.127028757113,938798.411,0,-95,-99,-20.17526964617017,-7.853621070045237,-12.321648576124936,0.009792302609222592,,,,,,,,,,,,,,60,100,-60,,,,,,,,,,,0,-95,-99,-20.17526964617017,-7.853621070045237,-12.321648576124936,0.009792302609222592,,,,,,,,,,,,,,60,100,-60,,,,,,,,,,
1693785600,25959.9,26450,25342.4,25826.4,,27333.54838498969,27176.409911255534,484768.996,0,-95,-99,-29.09176810502528,-20.054583721834423,-9.037184383190858,-0.24691593719189076,,,,,,,,,,,2.9872483467290487,,,60,100,-60,,,,,,,,,,,0,-95,-99,-29.09176810502528,-20.054583721834423,-9.037184383190858,-0.24691593719189076,,,,,,,,,,,2.9872483467290487,,,60,100,-60,,,,,,,,,,
1694390400,25826.4,26890.9,24853.4,26514.6,,27259.098531808806,27029.34104208764,815390.43,0,-95,-99,-33.25837823726752,-27.508471996154327,-5.7499062411131945,-0.6649489584809714,,,,,,,,,,,,,,60,100,-60,,,,,,,,,,,0,-95,-99,-33.25837823726752,-27.508471996154327,-5.7499062411131945,-0.6649489584809714,,,,,,,,,,,,,,60,100,-60,,,,,,,,,,
1694995200,26514.6,27484.9,26079,26232.9,,27165.807756189824,26852.354143845943,722494.66,0,-95,-99,-32.34679324128949,-31.565646527860764,-0.7811467134287255,-1.613550955743963,,,,,,,,,,,,,,60,100,-60,,,,,,,,,,,0,-95,-99,-32.34679324128949,-31.565646527860764,-0.7811467134287255,-1.613550955743963,,,,,,,,,,,,,,60,100,-60,,,,,,,,,,
1695600000,26232.9,28350,25971.3,27979,,27239.73432380893,27102.719889657958,697401.632,0,-95,-99,-24.197746573227775,-29.934306017261594,5.736559444033819,0.4581801259972935,,,,,,,,,,,,,,60,100,-60,,-108,,,-29.934306017261594,,,,,,0,-95,-99,-24.197746573227775,-29.934306017261594,5.736559444033819,0.4581801259972935,,,,,,,,,,,,,,60,100,-60,,-108,,,-29.934306017261594,,,,,
1696204800,27979,28591.7,27132,27899,,27299.667567099026,27279.67102528952,850712.914,0,-95,-99,-13.650469506409362,-23.398336440308878,9.747866933899516,-0.7978582334101818,,,,,,,,,,,,,,60,100,-60,,,,,,,,,,,0,-95,-99,-13.650469506409362,-23.398336440308878,9.747866933899516,-0.7978582334101818,,,,,,,,,,,,,,60,100,-60,,,,,,,,,,
1696809600,27899,27971.5,26523,27139.3,,27285.08869736275,27248.477464114072,650037.934,0,-95,-99,-12.371895031363268,-16.740037037000135,4.368142005636868,-0.5510874171098352,,,,,,,,,,,,,,60,100,-60,,,,,,,,,,,0,-95,-99,-12.371895031363268,-16.740037037000135,4.368142005636868,-0.5510874171098352,,,,,,,,,,,,,,60,100,-60,,,,,,,,,,
1697414400,27139.3,30625.8,27098,29978.7,,27529.962452147953,27855.193583199834,1116204.155,0,-95,-99,7.611047922152816,-6.137105538539942,13.748153460692757,3.526818176310824,,,,,,,,,,,,,,60,100,-60,,,,,,,,,,,0,-95,-99,7.611047922152816,-6.137105538539942,13.748153460692757,3.526818176310824,,,,,,,,,,,,,,60,100,-60,,,,,,,,,,
1698019200,29978.7,36743.5,29875,34535.8,,28166.856774679956,29339.772786933205,1244490.327,0,-95,-99,35.975120187266164,10.404757692685237,25.570362494580927,4.130412611522051,,,,,,,,,,,,,,60,100,-60,,,,,,,,,,,0,-95,-99,35.975120187266164,10.404757692685237,25.570362494580927,4.130412611522051,,,,,,,,,,,,,,60,100,-60,,,,,,,,,,
1698624000,34535.8,36084.2,34026.4,35035.8,,28791.306158799962,30605.55661205916,920732.753,0,-95,-99,52.15018214214693,31.91211675052197,20.23806539162496,3.4081943375485926,,,,,,,,,,,,,,60,100,-60,,,,,,,,,,,0,-95,-99,52.15018214214693,31.91211675052197,20.23806539162496,3.4081943375485926,,,,,,,,,,,,,,60,100,-60,,,,,,,,,,
1699228800,35035.8,38149,34526.6,37089.5,,29545.687417090874,32046.432920490457,957547.758,0,-95,-99,62.43589977734266,50.187067368918584,12.248832408424079,6.551267166718208,,,,,,,,,,,,,,60,100,-60,,,,,,,,,,,0,-95,-99,62.43589977734266,50.187067368918584,12.248832408424079,6.551267166718208,,,,,,,,,,,,,,60,100,-60,,,,,,,,,,
1699833600,37089.5,38016.9,34542.9,37386.9,,30258.52492462807,33233.203382603686,939239.124,0,-95,-99,66.43802988800381,60.3413706024978,6.096659285506014,7.5474192653784,,,,,,,,,,,,,,60,100,-60,,,,,,,,,,,0,-95,-99,66.43802988800381,60.3413706024978,6.096659285506014,7.5474192653784,,,,,,,,,,,,,,60,100,-60,,,,,,,,,,
1700438400,37386.9,38435.7,35613,37455.4,,30912.786295116428,34171.46929758065,874445.993,0,-95,-99,67.99585794942776,65.62326253825807,2.3725954111696836,7.2791577995932855,,,,,,,,,,,,,,60,100,-60,,,,,,,,,,,0,-95,-99,67.99585794942776,65.62326253825807,2.3725954111696836,7.2791577995932855,,,,,,,,,,,,,,60,100,-60,,,,,,,,,,
1701043200,37455.4,40439.9,36714.5,39999.9,,31738.887541014934,35466.676120340504,782978.013,0,-95,-99,70.67166358963203,68.36851714235452,2.3031464472775127,8.350888039684596,,,,,,,,,,,,,,60,100,-60,,,,,,,,,,,0,-95,-99,70.67166358963203,68.36851714235452,2.3031464472775127,8.350888039684596,,,,,,,,,,,,,,60,100,-60,,,,,,,,,,
1701648000,39999.9,44777,39996.6,43823.8,,32837.515946377214,37323.81476026484,1061811.871,0,-95,-99,76.2461645015558,71.63789534687186,4.6082691546839385,10.596263694448222,,,,,,83.22507574353419,,,,,,,,60,100,-60,,,,,,,,,,,0,-95,-99,76.2461645015558,71.63789534687186,4.6082691546839385,10.596263694448222,,,,,,83.22507574353419,,,,,,,,60,100,-60,,,,,,,,,,
1702252800,43823.8,43854.8,40167.7,41395.2,,33615.48722397928,38228.56703576154,1049638.175,0,-95,-99,75.41084175104763,74.10955661407849,1.3012851369691418,8.235124381734499,,,,,,,,,,,,,,60,100,-60,,,,,,,,,,,0,-95,-99,75.41084175104763,74.10955661407849,1.3012851369691418,8.235124381734499,,,,,,,,,,,,,,60,100,-60,,,,,,,,,,
1702857600,41395.2,44473.9,40566,43022.3,,34470.652021799346,39293.84102781453,812877.811,0,-95,-99,74.20201312902039,75.2863397938746,-1.084326664854217,7.920630246165336,75.2863397938746,,75.2863397938746,,,,,,,,,,,60,100,-60,,,108,,75.2863397938746,,105,,,,0,-95,-99,74.20201312902039,75.2863397938746,-1.084326664854217,7.920630246165336,75.2863397938746,,75.2863397938746,,,,,,,,,,,60,100,-60,,,108,,75.2863397938746,,105,,,
1703462400,43022.3,43874.5,41278,42324.8,,35184.66547436304,39967.38746607797,655249.811,0,-95,-99,71.09926640264631,73.5707070942381,-2.471440691591795,6.750426277938283,,,,,,,,,,,,,,60,100,-60,,,,,,,,,,,0,-95,-99,71.09926640264631,73.5707070942381,-2.471440691591795,6.750426277938283,,,,,,,,,,,,,,60,100,-60,,,,,,,,,,
1704067200,42324.8,45946.5,40210,43936.2,,35980.25952214822,40849.34580694953,1054888.636,0,-95,-99,68.89144089085819,71.39757347417496,-2.50613258331677,9.493695890529791,,,,,,,,,,,,,,60,100,-60,,,,,,,,,,,0,-95,-99,68.89144089085819,71.39757347417496,-2.50613258331677,9.493695890529791,,,,,,,,,,,,,,60,100,-60,,,,,,,,,,
1704672000,43936.2,49054.4,41323,41731,,36503.054111043835,41045.26896096075,1490282.941,0,-95,-99,67.00565510981976,68.99878746777473,-1.993132357954977,8.881657697199724,,,,,,,,,,,,,,60,100,-60,,,,,,,,,,,0,-95,-99,67.00565510981976,68.99878746777473,-1.993132357954977,8.881657697199724,,,,,,,,,,,,,,60,100,-60,,,,,,,,,,
1705276800,41731,43579.9,40269,41585.6,30326.9435,36965.10373731258,41165.34252519169,720254.942,0,-95,-99,59.21398314142233,65.03702638070008,-5.823043239277752,8.493584146510154,,,,,,,,,,,,,,60,100,-60,,,,,,,,,,,0,-95,-99,59.21398314142233,65.03702638070008,-5.823043239277752,8.493584146510154,,,,,,,,,,,,,,60,100,-60,,,,,,,,,,
1705881600,41585.6,42839.9,38531.5,42016.1,30507.659,37424.28521573871,41354.39974181576,944128.88,0,-95,-99,50.407644812777775,58.87576102133994,-8.468116208562165,7.551216038988009,,,,,,,,,,,,,,60,100,-60,,,,,,,,,,,0,-95,-99,50.407644812777775,58.87576102133994,-8.468116208562165,7.551216038988009,,,,,,,,,,,,,,60,100,-60,,,,,,,,,,
1706486400,42016.1,43890.8,41767.9,42559.6,30686.602000000003,37891.13201430792,41622.22202141226,687125.032,0,-95,-99,48.64784294415498,52.756490299451684,-4.1086473552967036,8.250548855589654,,,,,,,,,,,,,,60,100,-60,,,,,,,,,,,0,-95,-99,48.64784294415498,52.756490299451684,-4.1086473552967036,8.250548855589654,,,,,,,,,,,,,,60,100,-60,,,,,,,,,,
1707091200,42559.6,48603.5,42229.6,48328.5,30893.739500000003,38839.983649370835,43112.50601665398,796890.27,0,-95,-99,56.66276389548347,51.90608388413873,4.756680011344741,10.985091622056382,,,,,,,,,,,26.117940963130668,,,60,100,-60,,,,,51.90608388413873,,,,,,0,-95,-99,56.66276389548347,51.90608388413873,4.756680011344741,10.985091622056382,,,,,,,,,,,26.117940963130668,,,60,100,-60,,,,,51.90608388413873,,,,,
1707696000,48328.5,52879.5,47712.8,52174.9,31119.0215,40052.248772155304,45126.371346286425,987947.462,0,-95,-99,68.05607587193794,57.78889423719212,10.267181634745818,12.56568861354238,,,,,,,,,,,,,,60,100,-60,,,,,,,,,,,0,-95,-99,68.05607587193794,57.78889423719212,10.267181634745818,12.56568861354238,,,,,,,,,,,,,,60,100,-60,,,,,,,,,,
1708300800,52174.9,53120,50430,51747.5,31339.301499999998,41115.4534292321,46597.73326933388,707510.963,0,-95,-99,73.27063562216266,65.99649179652802,7.2741438256346385,13.001124743947388,,,,,,,,,,,,,,60,100,-60,,,,,,,,,,,0,-95,-99,73.27063562216266,65.99649179652802,7.2741438256346385,13.001124743947388,,,,,,,,,,,,,,60,100,-60,,,,,,,,,,
1708905600,51747.5,64496.7,50922,63179.1,31610.722,43121.23948112009,50282.48143170413,1361528.784,0,-95,-99,82.99019561060489,74.77230236823516,8.217893242369726,13.158946142195312,,,,,,,,,,,,,,60,100,-60,,,,,,,,,,,0,-95,-99,82.99019561060489,74.77230236823516,8.217893242369726,13.158946142195312,,,,,,,,,,,,,,60,100,-60,,,,,,,,,,
1709510400,63179.1,70320,59111,68999.6,31912.095,45473.81771010917,54441.841113547656,1365516.131,0,-95,-99,90.47459433883785,82.2451418572018,8.229452481636045,12.34844801701122,,,,,,88.32930187262663,,,,,,,,60,100,-60,,,,,,,,,,,0,-95,-99,90.47459433883785,82.2451418572018,8.229452481636045,12.34844801701122,,,,,,88.32930187262663,,,,,,,,60,100,-60,,,,,,,,,,
1710115200,68999.6,73949,64539.8,68432.2,32205.881,47560.94337282652,57550.80975498151,1286250.201,0,-95,-99,93.03936961788806,88.83471985577692,4.204649762111131,10.67441026942026,,,,,,,,,,95.73483596391489,,,,60,100,-60,,,,,,,,,,,0,-95,-99,93.03936961788806,88.83471985577692,4.204649762111131,10.67441026942026,,,,,,,,,,95.73483596391489,,,,60,100,-60,,,,,,,,,,
1710720000,68432.2,69040,60761.2,67248.1,32498.5715,49350.684884387745,59705.7631427634,1185170.395,0,-95,-99,88.77548642797285,90.76315012823291,-1.9876637002600575,8.747319991735994,90.76315012823291,,90.76315012823291,,,,,,,,,,,60,100,-60,,,108,,90.76315012823291,,105,,,,0,-95,-99,88.77548642797285,90.76315012823291,-1.9876637002600575,8.747319991735994,90.76315012823291,,90.76315012823291,,,,,,,,,,,60,100,-60,,,108,,90.76315012823291,,105,,,
1711324800,67248.1,71898,66374.5,71378,32808.214,51353.16807671613,62299.59355548264,752776.355,0,-95,-99,86.81971009003854,89.54485537863314,-2.7251452885946037,11.73284281016269,,,,,,,,,,,,,,60,100,-60,,,,,,,,,,,0,-95,-99,86.81971009003854,89.54485537863314,-2.7251452885946037,11.73284281016269,,,,,,,,,,,,,,60,100,-60,,,,,,,,,,
1711929600,71378,71394.6,64406,69355,33106.284,52989.69825156012,63867.461654264276,853560.36,0,-95,-99,81.79095294029966,85.79538315277034,-4.00443021247068,12.433182166609548,,,,,,,,,,,,,,60,100,-60,,,,,,,,,,,0,-95,-99,81.79095294029966,85.79538315277034,-4.00443021247068,12.433182166609548,,,,,,,,,,,,,,60,100,-60,,,,,,,,,,
1712534400,69355,72854.5,59765.9,65618.9,33387.6785,54137.80750141829,64256.67017553888,1136274.133,0,-95,-99,74.17014318377304,80.92693540470374,-6.756792220930706,10.151001751734128,,,,,,,,,,,,,,60,100,-60,,,,,,,,,,,0,-95,-99,74.17014318377304,80.92693540470374,-6.756792220930706,10.151001751734128,,,,,,,,,,,,,,60,100,-60,,,,,,,,,,
1713139200,65618.9,66834.9,59521.7,64910.9,33665.758,55117.1795467439,64402.05458097468,1090448.289,0,-95,-99,64.43940960845867,73.46683524417712,-9.027425635718444,10.60456352473886,,,,,,,,,,,,,,60,100,-60,,,,,,,,,,,0,-95,-99,64.43940960845867,73.46683524417712,-9.027425635718444,10.60456352473886,,,,,,,,,,,,,,60,100,-60,,,,,,,,,,
1713744000,64910.9,67198.9,62370,63092.8,33935.622,55842.23595158537,64111.10911853587,651228.037,0,-95,-99,56.87297109397396,65.1608412954019,-8.287870201427936,10.992892948327052,,,,,,,,,,,,,,60,100,-60,,,,,,,,,,,0,-95,-99,56.87297109397396,65.1608412954019,-8.287870201427936,10.992892948327052,,,,,,,,,,,,,,60,100,-60,,,,,,,,,,
1714348800,63092.8,64705.3,56505,63997.8,34210.241,56583.65086507761,64085.92931441679,1005624.232,0,-95,-99,45.6255015747576,55.64596075906342,-10.020459184305821,11.628391566255624,,,,,,,,,,,,,,60,100,-60,,,,,,,,,,,0,-95,-99,45.6255015747576,55.64596075906342,-10.020459184305821,11.628391566255624,,,,,,,,,,,,,,60,100,-60,,,,,,,,,,
1714953600,63997.8,65540,60111,61449.7,34471.014500000005,57026.01896825237,63500.100577879726,672331.596,0,-95,-99,37.62892868208441,46.70913378360533,-9.080205101520924,8.193142936952585,,,,,,,,,,,,,,60,100,-60,,,,,,,,,,,0,-95,-99,37.62892868208441,46.70913378360533,-9.080205101520924,8.193142936952585,,,,,,,,,,,,,,60,100,-60,,,,,,,,,,
1715558400,61449.7,67737.7,60707.8,66235.6,34756.1775,57863.253607502156,64107.9893383509,644636.478,0,-95,-99,37.527431120696185,40.260620459179414,-2.7331893384832284,9.906469004824565,,,,,,,,,,,9.682308670081248,,,60,100,-60,,,,,,,,,,,0,-95,-99,37.527431120696185,40.260620459179414,-2.7331893384832284,9.906469004824565,,,,,,,,,,,9.682308670081248,,,60,100,-60,,,,,,,,,,
1716163200,66235.6,72061.7,66034,68528.6,35049.208,58832.83055227469,65090.34726316181,641723.411,0,-95,-99,45.40333885674518,40.186566219841936,5.216772636903244,10.669919354567018,,,,,,,,,,,,,,60,100,-60,,,,,40.186566219841936,,,,,,0,-95,-99,45.40333885674518,40.186566219841936,5.216772636903244,10.669919354567018,,,,,,,,,,,,,,60,100,-60,,,,,40.186566219841936,,,,,
1716768000,68528.6,70737.9,66660,67776.3,35332.724500000004,59645.87322934063,65687.22564912586,480250.757,0,-95,-99,48.28094454826376,43.737238175235056,4.543706373028705,9.971675425113467,,,,,,,,,,,,,,60,100,-60,,,,,,,,,,,0,-95,-99,48.28094454826376,43.737238175235056,4.543706373028705,9.971675425113467,,,,,,,,,,,,,,60,100,-60,,,,,,,,,,
1717372800,67776.3,72169,67621.5,69642.3,35622.5035,60554.63929940057,66566.13106043123,500106.66,0,-95,-99,51.92876583233705,48.53768307911534,3.39108275322171,9.299964996095374,,,,,,70.00866598850926,,,,24.619345477269967,,,,60,100,-60,,,,,,,,,,,0,-95,-99,51.92876583233705,48.53768307911534,3.39108275322171,9.299964996095374,,,,,,70.00866598850926,,,,24.619345477269967,,,,60,100,-60,,,,,,,,,,
1717977600,69642.3,70180.6,65030,66638.2,35896.122,61107.690272182335,66582.1463803354,599582.775,0,-95,-99,47.333066892801114,49.18092575780065,-1.8478588649995373,9.819681086443062,49.18092575780065,,49.18092575780065,,,,,,,,,,,60,100,-60,,,,,49.18092575780065,,,,106,,0,-95,-99,47.333066892801114,49.18092575780065,-1.8478588649995373,9.819681086443062,49.18092575780065,,49.18092575780065,,,,,,,,,,,60,100,-60,,,,,49.18092575780065,,,,106,
1718582400,66638.2,67289.9,63123.1,63179.9,36153.7215,61296.07297471121,65826.09162914976,576538.722,0,-95,-99,34.62904126195367,44.63029132903063,-10.00125006707696,6.43108899214751,,,,,,,,,,,,,,60,100,-60,,,,,,,,,,,0,-95,-99,34.62904126195367,44.63029132903063,-10.00125006707696,6.43108899214751,,,,,,,,,,,,,,60,100,-60,,,,,,,,,,
1719187200,63179.9,63329.9,58320,62749.5,36408.919,61428.20270428292,65142.40460044981,704094.349,0,-95,-99,16.42525669324997,32.79578828266826,-16.37053158941829,7.131882671517387,,,,,,,,,,,,,,60,100,-60,,,,,,,,,,,0,-95,-99,16.42525669324997,32.79578828266826,-16.37053158941829,7.131882671517387,,,,,,,,,,,,,,60,100,-60,,,,,,,,,,
1719792000,62749.5,63845,53314.3,55840,36636.8415,60920.184276620836,63075.20357812763,902411.375,0,-95,-99,-3.5909308897405054,15.821122355154394,-19.4120532448949,6.81644562098054,,,,,,,,,,,1.8819077252208791,,,60,100,-60,,,,,,,,,,,0,-95,-99,-3.5909308897405054,15.821122355154394,-19.4120532448949,6.81644562098054,,,,,,,,,,,1.8819077252208791,,,60,100,-60,,,,,,,,,,
1720396800,55840,61387.9,54228.3,60755.8,36889.0205,60905.240251473486,62559.78056076593,840254.575,0,-95,-99,-14.134211639657158,-0.43329527871588347,-13.700916360941275,8.85571175320304,,,,,,,,,,,,,,60,100,-60,,,,,,,,,,,0,-95,-99,-14.134211639657158,-0.43329527871588347,-13.700916360941275,8.85571175320304,,,,,,,,,,,,,,60,100,-60,,,,,,,,,,
1721001600,60755.8,68371.7,60601.9,68150,37175.2105,61563.85477406681,63802.05154726239,851233.145,0,-95,-99,-4.3227599380951425,-7.34930082249759,3.026540884402448,9.880804054871058,,,,,,,,,,,,,,60,100,-60,,,,-108,-7.34930082249759,,,,,,0,-95,-99,-4.3227599380951425,-7.34930082249759,3.026540884402448,9.880804054871058,,,,,,,,,,,,,,60,100,-60,,,,-108,-7.34930082249759,,,,,
1721606400,68150,69400,63378.5,68240.9,37462.565,62170.85888551528,64788.46231453741,805145.154,0,-95,-99,5.832420994765991,-4.208183527662092,10.040604522428083,11.118056090181254,,,,,,60.73720502638918,,,,,,,,60,100,-60,,,,,,,,,,,0,-95,-99,5.832420994765991,-4.208183527662092,10.040604522428083,11.118056090181254,,,,,,60.73720502638918,,,,,,,,60,100,-60,,,,,,,,,,
1722211200,68240.9,70136.9,57150,58131.6,37699.893,61803.65353228662,63309.15957797354,1065059.937,0,-95,-99,-1.1160426340837848,0.13120614086236593,-1.2472487749461507,10.60773800635758,,,,,,,,,,38.97926618018967,,,,60,100,-60,,,,,0.13120614086236593,,,,,,0,-95,-99,-1.1160426340837848,0.13120614086236593,-1.2472487749461507,10.60773800635758,,,,,,,,,,38.97926618018967,,,,60,100,-60,,,,,0.13120614086236593,,,,,
1722816000,58131.6,62743.1,48914.1,58703.4,37936.54,61521.812302078746,62285.65744953498,1458971.564,0,-95,-99,-17.036303089679365,-4.1066415763323745,-12.92966151334699,10.214737974379515,,,,,,,,,,,,,,60,100,-60,,,,,,,,,,,0,-95,-99,-17.036303089679365,-4.1066415763323745,-12.92966151334699,10.214737974379515,,,,,,,,,,,,,,60,100,-60,,,,,,,,,,
1723420800,58703.4,61950.3,56052.1,58406.4,38171.111999999994,61238.59300188977,61423.60023852721,913506.88,0,-95,-99,-22.851588661731487,-13.6679781284982,-9.183610533233287,8.102617994607717,,,,,,,,,,,,,,60,100,-60,,,,,,,,,,,0,-95,-99,-22.851588661731487,-13.6679781284982,-9.183610533233287,8.102617994607717,,,,,,,,,,,,,,60,100,-60,,,,,,,,,,
1724025600,58406.4,65041.9,57753.1,64180.9,38426.894,61506.075456263425,62036.333518854495,805212.764,0,-95,-99,-16.95043748460979,-18.946109745340202,1.9956722607304123,9.894571084681978,,,,,,,,,,,,,,60,100,-60,,,,,-18.946109745340202,,,,,,0,-95,-99,-16.95043748460979,-18.946109745340202,1.9956722607304123,9.894571084681978,,,,,,,,,,,,,,60,100,-60,,,,,-18.946109745340202,,,,,
1724630400,64180.9,64447.6,56913.4,57266.1,38644.4745,61120.62314205766,60976.281625775715,854379.478,0,-95,-99,-21.198966726254397,-20.33366429086521,-0.8653024353891858,8.20489175760261,,,,,,,,,,,,,,60,100,-60,,,,,-20.33366429086521,,,,,,0,-95,-99,-21.198966726254397,-20.33366429086521,-0.8653024353891858,8.20489175760261,,,,,,,,,,,,,,60,100,-60,,,,,-20.33366429086521,,,,,
1725235200,57266.1,59805,52500.2,54850,38841.316999999995,60550.56649277969,59614.885708936665,919550.454,0,-95,-99,-33.42196636125661,-23.85712352404025,-9.564842837216357,7.287436196878334,,,,,,,,,,,,,,60,100,-60,,,,,,,,,,,0,-95,-99,-33.42196636125661,-23.85712352404025,-9.564842837216357,7.287436196878334,,,,,,,,,,,,,,60,100,-60,,,,,,,,,,
1725840000,54850,60624.2,54560.3,59101.2,39057.125499999995,60418.80590252699,59500.73332917296,831775.837,0,-95,-99,-34.57238485416065,-29.731105980557206,-4.841278873603446,9.399673000123146,,,,,,,,,,,9.666279140375693,,,60,100,-60,,,,,,,,,,,0,-95,-99,-34.57238485416065,-29.731105980557206,-4.841278873603446,9.399673000123146,,,,,,,,,,,9.666279140375693,,,60,100,-60,,,,,,,,,,
1726444800,59101.2,64131.7,57450,63549.9,39282.7675,60703.45082047908,60400.5481449123,834980.52,0,-95,-99,-22.65532315366427,-30.216558123027166,7.561234969362896,12.682186898435736,,,,,,,,,,,,,,60,100,-60,,,,,-30.216558123027166,,,,,,0,-95,-99,-22.65532315366427,-30.216558123027166,7.561234969362896,12.682186898435736,,,,,,,,,,,,,,60,100,-60,,,,,-30.216558123027166,,,,,
1727049600,63549.9,66520,62537.1,65571.7,39519.731,61146.01892770826,61549.693001598454,681984.976,0,-95,-99,-4.874012081200718,-20.700573363008534,15.826561281807816,14.283694646605639,,,,,,,,,,,,,,60,100,-60,,,,,,,,,,,0,-95,-99,-4.874012081200718,-20.700573363008534,15.826561281807816,14.283694646605639,,,,,,,,,,,,,,60,100,-60,,,,,,,,,,
1727654400,65571.7,65604.8,59840.2,62792.9,39736.8655,61295.73538882569,61825.96122346546,957142.326,0,-95,-99,1.465727516483688,-8.68786923946042,10.153596755944108,12.723573436501763,,,,,,,,,,,,,,60,100,-60,,,,,,,,,,,0,-95,-99,1.465727516483688,-8.68786923946042,10.153596755944108,12.723573436501763,,,,,,,,,,,,,,60,100,-60,,,,,,,,,,
1728259200,62792.9,64464,58900,62838.7,39955.174,61436.00489893245,62051.01428491758,799770.391,0,-95,-99,3.845437090540404,0.1457175086078036,3.6997195819326003,14.169933763315054,,,,,,,,,,,,,,60,100,-60,,,,,,,,,,,0,-95,-99,3.845437090540404,0.1457175086078036,3.6997195819326003,14.169933763315054,,,,,,,,,,,,,,60,100,-60,,,,,,,,,,
1728864000,62838.7,69428,62422.5,69034,40183.0015,62126.73172630223,63602.78888826923,878551.986,0,-95,-99,20.923594072162313,8.744919559728814,12.1786745124335,16.527125670009077,,,,,,,,,,,,,,60,100,-60,,,,,,,,,,,0,-95,-99,20.923594072162313,8.744919559728814,12.1786745124335,16.527125670009077,,,,,,,,,,,,,,60,100,-60,,,,,,,,,,
1729468800,69034,69555,65240.2,68001.1,40391.674499999994,62660.765205729294,64580.19135754273,788608.337,0,-95,-99,32.231219400297036,19.00008352099993,13.231135879297106,16.03931682317265,,,,,,,,,,,,,,60,100,-60,,,,,,,,,,,0,-95,-99,32.231219400297036,19.00008352099993,13.231135879297106,16.03931682317265,,,,,,,,,,,,,,60,100,-60,,,,,,,,,,
1730073600,68001.1,73681.8,67456.1,68743.6,40570.5775,63213.750187026635,65505.39327808879,949272.994,0,-95,-99,43.22396957781878,32.126261016759386,11.097708561059392,16.6388032602428,,,,,,,,,,,,,,60,100,-60,,,,,,,,,,,0,-95,-99,43.22396957781878,32.126261016759386,11.097708561059392,16.6388032602428,,,,,,,,,,,,,,60,100,-60,,,,,,,,,,
1730678400,68743.6,81700,66808,80428.5,40781.8725,64778.727442751486,68821.63921629128,1135714.367,0,-95,-99,57.70200346495478,44.38573081435688,13.316272650597895,17.755992985363882,,,,,,,,,,,,,,60,100,-60,,,,,,,,,,,0,-95,-99,57.70200346495478,44.38573081435688,13.316272650597895,17.755992985363882,,,,,,,,,,,,,,60,100,-60,,,,,,,,,,
1731283200,80428.5,93400,80267.8,89900,41052.015,67062.47949341044,73505.71939044878,1394912.572,0,-95,-99,73.56944971160604,58.165140918126546,15.404308793479494,20.06002376555257,,,,,,,,,,,,,,60,100,-60,,,,,,,,,,,0,-95,-99,73.56944971160604,58.165140918126546,15.404308793479494,20.06002376555257,,,,,,,,,,,,,,60,100,-60,,,,,,,,,,
1731888000,89900,99690,89424,98027.7,41381.030999999995,69877.49953946404,78955.04841479349,949799.962,0,-95,-99,83.57314755765427,71.61486691140504,11.958280646249221,20.204158973830147,,,,,,,,,,,,,,60,100,-60,,,,,,,,,,,0,-95,-99,83.57314755765427,71.61486691140504,11.958280646249221,20.204158973830147,,,,,,,,,,,,,,60,100,-60,,,,,,,,,,
1732492800,98027.7,98979.9,90835.5,97265.4,41701.718,72367.30867224003,83024.01543372827,744087.224,0,-95,-99,85.76497331277449,80.9691901940116,4.795783118762884,20.10717829109178,,,,,,,,,,,,,,60,100,-60,,,,,,,,,,,0,-95,-99,85.76497331277449,80.9691901940116,4.795783118762884,20.10717829109178,,,,,,,,,,,,,,60,100,-60,,,,,,,,,,
1733097600,97265.4,104698.8,90530,101186.8,42013.5245,74987.26242930912,87060.18978178866,891994.76,0,-95,-99,85.9215260729024,85.0865489811104,0.8349770917919983,22.110269846088613,,,,,,,,,,99.31489984286961,,,,60,100,-60,,,,,,,,,,,0,-95,-99,85.9215260729024,85.0865489811104,0.8349770917919983,22.110269846088613,,,,,,,,,,99.31489984286961,,,,60,100,-60,,,,,,,,,,
1733702400,101186.8,105338.2,93888,104515.6,42292.6,77671.65675391738,90939.16983028008,777956.13,0,-95,-99,84.62241282050564,85.43630406872751,-0.8138912482218643,20.824908824655168,85.43630406872751,,85.43630406872751,,,78.84845390906719,,,,,,,,60,100,-60,,,108,,85.43630406872751,,105,,,,0,-95,-99,84.62241282050564,85.43630406872751,-0.8138912482218643,20.824908824655168,85.43630406872751,,85.43630406872751,,,78.84845390906719,,,,,,,,60,100,-60,,,108,,85.43630406872751,,105,,,
1734307200,104515.6,108421.6,92230,95144.7,42481.02849999999,79260.11523083398,91873.73209021783,960397.551,0,-95,-99,79.72767219740774,83.42387036360526,-3.6961981661975187,17.719336555121593,,,,,,,,,,,,,,60,100,-60,,,,,,,,,,,0,-95,-99,79.72767219740774,83.42387036360526,-3.6961981661975187,17.719336555121593,,,,,,,,,,,,,,60,100,-60,,,,,,,,,,
1734912000,95144.7,99950,92465.8,93699,42723.7435,80572.74111893999,92279.34718128054,590416.623,0,-95,-99,72.19898403725396,78.8496896850558,-6.6507056478018285,16.62897436523812,,,,,,,,,,,,,,60,100,-60,,,,,,,,,,,0,-95,-99,72.19898403725396,78.8496896850558,-6.6507056478018285,16.62897436523812,,,,,,,,,,,,,,60,100,-60,,,,,,,,,,
1735516800,93699,98950,91463.7,98340.5,42960.5485,82187.99192630909,93626.27002988486,500701.194,0,-95,-99,66.16903459688227,72.69856361051465,-6.529529013632384,16.76161094373358,,,,,,67.9408963272696,,,,,,,,60,100,-60,,,,,,,,,,,0,-95,-99,66.16903459688227,72.69856361051465,-6.529529013632384,16.76161094373358,,,,,,67.9408963272696,,,,,,,,60,100,-60,,,,,,,,,,
1736121600,98340.5,102702.1,91151,94510,43137.758499999996,83308.17447846281,93822.65446768823,751619.532,0,-95,-99,60.48484565829587,66.28428809747736,-5.79944243918149,15.718558922634191,,,,,,,,,,,,,,60,100,-60,,,,,,,,,,,0,-95,-99,60.48484565829587,66.28428809747736,-5.79944243918149,15.718558922634191,,,,,,,,,,,,,,60,100,-60,,,,,,,,,,
1736726400,94510,106476.5,89100,101310.7,43357.557,84944.76770769346,95486.66458597974,817591.372,0,-95,-99,58.26578618000187,61.63988881172666,-3.3741026317247886,16.636323576019926,,,,,,,,,,,,,,60,100,-60,,,,,,,,,,,0,-95,-99,58.26578618000187,61.63988881172666,-3.3741026317247886,16.636323576019926,,,,,,,,,,,,,,60,100,-60,,,,,,,,,,
1737331200,101310.7,109951.7,99500.1,102553.7,43591.525499999996,86545.57973426678,97057.11690020647,931690.728,0,-95,-99,60.42678236974656,59.725804736014766,0.7009776337317959,15.22611171258152,,,,,,68.2485724829377,,,,,,,,60,100,-60,,,,,59.725804736014766,,,,,,0,-95,-99,60.42678236974656,59.725804736014766,0.7009776337317959,15.22611171258152,,,,,,68.2485724829377,,,,,,,,60,100,-60,,,,,59.725804736014766,,,,,
1737936000,102553.7,106421.1,95994.3,97645.7,43788.71399999999,87554.68157660616,97187.91314460503,672422.572,0,-95,-99,56.19389640249571,58.29548831741471,-2.1015919149189983,12.049556126419708,,,,,,,,,,,,,,60,100,-60,,,108,,58.29548831741471,,105,,,,0,-95,-99,56.19389640249571,58.29548831741471,-2.1015919149189983,12.049556126419708,,,,,,,,,,,,,,60,100,-60,,,108,,58.29548831741471,,105,,,
1738540800,97645.7,102457.8,91166.6,96428.6,43970.6895,88361.40143327833,97019.17689024836,764183.632,0,-95,-99,47.41456136706946,54.67841337977057,-7.263852012701108,13.426763452823486,,,,,,,,,,,,,,60,100,-60,,,,,,,,,,,0,-95,-99,47.41456136706946,54.67841337977057,-7.263852012701108,13.426763452823486,,,,,,,,,,,,,,60,100,-60,,,,,,,,,,
1739145600,96428.6,98821,94001.2,96060.1,44170.49,89061.28312116211,96806.0486924154,477856.444,0,-95,-99,39.243088645047436,47.61718213820419,-8.374093493156757,12.194720494351158,,,,,,,,,,,,,,60,100,-60,,,,,,,,,,,0,-95,-99,39.243088645047436,47.61718213820419,-8.374093493156757,12.194720494351158,,,,,,,,,,,,,,60,100,-60,,,,,,,,,,
1739750400,96060.1,99454.2,93318.1,96262.6,44406.6905,89715.94829196556,96685.2823163231,441921.384,0,-95,-99,32.46113862507332,39.706262879063395,-7.2451242539900775,12.94880116199815,,,,,,,,,,,,,,60,100,-60,,,,,,,,,,,0,-95,-99,32.46113862507332,39.706262879063395,-7.2451242539900775,12.94880116199815,,,,,,,,,,,,,,60,100,-60,,,,,,,,,,
1740355200,96262.6,96536.3,78210.5,94259.7,44594.9915,90129.0166290596,96146.26402380686,1069277.603,0,-95,-99,12.886659861694671,28.1969623772718,-15.310302515577128,11.973308685909581,,,,,,,,,,,,,,60,100,-60,,,,,,,,,,,0,-95,-99,12.886659861694671,28.1969623772718,-15.310302515577128,11.973308685909581,,,,,,,,,,,,,,60,100,-60,,,,,,,,,,
1740960000,94259.7,94414.2,79913.4,80692.3,44707.250499999995,89271.13329914509,92712.04979629422,1046074.335,0,-95,-99,-6.71588034880568,12.87730604598743,-19.593186394793108,10.347297039512435,,,,,,,,,,,0.32593993020119294,,,60,100,-60,,,,,,,,,,,0,-95,-99,-6.71588034880568,12.87730604598743,-19.593186394793108,10.347297039512435,,,,,,,,,,,0.32593993020119294,,,60,100,-60,,,,,,,,,,
1741564800,80692.3,85299.9,76545,82528.5,44887.823,88658.16663558644,90449.03873045105,860695.353,0,-95,-99,-22.61490330239525,-5.481374596502088,-17.13352870589316,10.981420862529172,,,,,,,,,,,,,,60,100,-60,,,,,,,,,,,0,-95,-99,-22.61490330239525,-5.481374596502088,-17.13352870589316,10.981420862529172,,,,,,,,,,,,,,60,100,-60,,,,,,,,,,
1742169600,82528.5,87400,81093.6,86037.8,45144.722,88419.95148689677,89468.76345701749,522684.489,0,-95,-99,-28.0664117082268,-19.132398453142578,-8.93401325508422,12.122784268506528,,,,,,,,,,,,,,60,100,-60,,,,,,,,,,,0,-95,-99,-28.0664117082268,-19.132398453142578,-8.93401325508422,12.122784268506528,,,,,,,,,,,,,,60,100,-60,,,,,,,,,,
1742774400,86037.8,88740,81510,82347.9,45378.153999999995,87867.94680626979,87886.34935545805,602122.105,0,-95,-99,-32.209583032130126,-27.63029934758406,-4.579283684546066,10.20684095764239,,,,,,,,,,,,,,60,100,-60,,,,,,,,,,,0,-95,-99,-32.209583032130126,-27.63029934758406,-4.579283684546066,10.20684095764239,,,,,,,,,,,,,,60,100,-60,,,,,,,,,,
1743379200,82347.9,88560.1,77083.5,78376.1,45591.029500000004,87005.05164206344,85772.9606098007,869912.375,0,-95,-99,-38.26929002884051,-32.84842825639915,-5.420861772441356,7.078941537878064,,,,,,,,,,,,,,60,100,-60,,,,,,,,,,,0,-95,-99,-38.26929002884051,-32.84842825639915,-5.420861772441356,7.078941537878064,,,,,,,,,,,,,,60,100,-60,,,,,,,,,,
1743984000,78376.1,86099,74456.2,83716.8,45814.483499999995,86706.11967460312,85316.036029845,1142993.485,0,-95,-99,-41.33993304456879,-37.272935368513146,-4.066997676055642,6.364573956966298,,,,,,,,,,,,,,60,100,-60,,,,,,,,,,,0,-95,-99,-41.33993304456879,-37.272935368513146,-4.066997676055642,6.364573956966298,,,,,,,,,,,,,,60,100,-60,,,,,,,,,,
1744588800,83716.8,86444,83055,85145.5,46062.1685,86564.2451587301,85278.13913432388,468280.728,0,-95,-99,-37.036116014791844,-38.88177969606705,1.8456636812752052,7.815710314370143,,,,,,,,,,,,,,60,100,-60,,,,-108,-38.88177969606705,,,,,,0,-95,-99,-37.036116014791844,-38.88177969606705,1.8456636812752052,7.815710314370143,,,,,,,,,,,,,,60,100,-60,,,,-108,-38.88177969606705,,,,,
1745193600,85145.5,95724.5,85106.1,93700,46357.21599999999,87212.95014430009,87149.6637711408,642868.874,0,-95,-99,-20.574119026016337,-32.98338936179233,12.40927033577599,7.7244713782917405,,,,,,,,,,,,,,60,100,-60,,,,,,,,,,,0,-95,-99,-20.574119026016337,-32.98338936179233,12.40927033577599,7.7244713782917405,,,,,,,,,,,,,,60,100,-60,,,,,,,,,,
1745798400,93700,97868,92750,94224.1,46651.871499999994,87850.32740390918,88721.76071088729,513397.624,0,-95,-99,-3.6553132225695606,-20.421849421125916,16.766536198556356,6.6823040114222305,,,,,,,,,,,,,,60,100,-60,,,,,,,,,,,0,-95,-99,-3.6553132225695606,-20.421849421125916,16.766536198556356,6.6823040114222305,,,,,,,,,,,,,,60,100,-60,,,,,,,,,,
1746403200,94224.1,104986.7,93333.5,104080,47001.1015,89325.75218537198,92134.70277513456,609949.004,0,-95,-99,14.274417973964784,-3.3183380915403746,17.59275606550516,8.947479932947504,,,,,,,,,,,,,,60,100,-60,,,,,,,,,,,0,-95,-99,14.274417973964784,-3.3183380915403746,17.59275606550516,8.947479932947504,,,,,,,,,,,,,,60,100,-60,,,,,,,,,,
1747008000,104080,106650,100688,106428.1,47374.502,90880.51107761089,95311.0132695491,565840.84,0,-95,-99,28.455175997279284,13.024760249558168,15.430415747721115,10.289660739455591,,,,,,,,,,,,,,60,100,-60,,,,,,,,,,,0,-95,-99,28.455175997279284,13.024760249558168,15.430415747721115,10.289660739455591,,,,,,,,,,,,,,60,100,-60,,,,,,,,,,
1747612800,106428.1,111968,102000,108976.2,47742.6405,92525.57370691899,98347.72143187153,890171.114,0,-95,-99,38.963911924420174,27.231168631888078,11.732743292532096,9.059490245745003,,,,,,67.5036464407041,,,,,,,,60,100,-60,,,,,,,,,,,0,-95,-99,38.963911924420174,27.231168631888078,11.732743292532096,9.059490245745003,,,,,,67.5036464407041,,,,,,,,60,100,-60,,,,,,,,,,
1748217600,108976.2,110700,103036.8,105614.4,48071.53,93715.46700629,99962.53889145562,602729.987,0,-95,-99,43.52380489768154,36.980964273127,6.542840624554543,8.68643376256308,,,,,,,,,,95.20630271230546,,,,60,100,-60,,,,,,,,,,,0,-95,-99,43.52380489768154,36.980964273127,6.542840624554543,8.68643376256308,,,,,,,,,,95.20630271230546,,,,60,100,-60,,,,,,,,,,
1748822400,105614.4,106773.7,100350,105670.8,48380.85399999999,94802.31546026364,101231.04136002104,547447.499,0,-95,-99,43.493245716596576,41.9936541795661,1.4995915370304758,9.422000922681594,,,,,,,,,,,,,,60,100,-60,,,,,,,,,,,0,-95,-99,43.493245716596576,41.9936541795661,1.4995915370304758,9.422000922681594,,,,,,,,,,,,,,60,100,-60,,,,,,,,,,
1749427200,105670.8,110660.8,102626.9,105547.8,48673.602999999996,95779.17769114875,102190.32105779415,561649.946,0,-95,-99,44.862917723951114,43.959989446076406,0.9029282778747074,9.625753727848958,,,43.959989446076406,,,,,,,,,,,60,100,-60,,,,,,,,,106,,0,-95,-99,44.862917723951114,43.959989446076406,0.9029282778747074,9.625753727848958,,,43.959989446076406,,,,,,,,,,,60,100,-60,,,,,,,,,106,
1750032000,105547.8,108955.5,98125,100904.3,48931.882000000005,96245.09790104433,101904.53860050657,668855.614,0,-95,-99,40.41308348154006,42.923082307362584,-2.509998825822521,9.49515638714077,,,,,,,,,,,,,,60,100,-60,,,,,42.923082307362584,,,,,,0,-95,-99,40.41308348154006,42.923082307362584,-2.509998825822521,9.49515638714077,,,,,,,,,,,,,,60,100,-60,,,,,42.923082307362584,,,,,
1750636800,100904.3,108507,99581,108314.8,49229.718499999995,97342.34354640394,103329.04113372733,495566.49,0,-95,-99,40.75207726305076,42.009359489513976,-1.257282226463218,11.29478960193637,,,,,,,,,,,,,,60,100,-60,,,,,,,,,,,0,-95,-99,40.75207726305076,42.009359489513976,-1.257282226463218,11.29478960193637,,,,,,,,,,,,,,60,100,-60,,,,,,,,,,
1751241600,108314.8,110485.7,105058.6,109160.5,49517.3135,98416.72140582177,104624.92088178793,422360.843,0,-95,-99,44.20862667612428,41.7912624735717,2.4173642025525837,12.85773677234159,,,,,,,,,,,77.5660968120917,,,60,100,-60,,,,,41.7912624735717,,,,,,0,-95,-99,44.20862667612428,41.7912624735717,2.4173642025525837,12.85773677234159,,,,,,,,,,,77.5660968120917,,,60,100,-60,,,,,41.7912624735717,,,,,
1751846400,109160.5,119474.9,107369.7,119050.2,49882.427,100292.49218711069,107830.53846361283,482113.04,0,-95,-99,53.665984448131816,46.20889612910228,7.457088319029538,13.198205358558804,,,,,,70.19293362630786,,,,,,,,60,100,-60,,,,,,,,,,,0,-95,-99,53.665984448131816,46.20889612910228,7.457088319029538,13.198205358558804,,,,,,70.19293362630786,,,,,,,,60,100,-60,,,,,,,,,,
1752451200,119050.2,123250,115750,117290.4,50232.506499999996,101837.75653373699,109932.7299161433,611360.966,0,-95,-99,60.8811423281668,52.91858448414097,7.962557844025831,11.660579262369543,,,,,,,,,,,,,,60,100,-60,,,,,,,,,,,0,-95,-99,60.8811423281668,52.91858448414097,7.962557844025831,11.660579262369543,,,,,,,,,,,,,,60,100,-60,,,,,,,,,,
1753056000,117290.4,120321,114710,119429.9,50613.8135,103437.04230339726,112043.21215700035,496641.623,0,-95,-99,62.858469897637214,59.135198891311944,3.7232710063252696,13.075046235541624,,,,,,,,,,93.46500398090683,,,,60,100,-60,,,,,,,,,,,0,-95,-99,62.858469897637214,59.135198891311944,3.7232710063252696,13.075046235541624,,,,,,,,,,93.46500398090683,,,,60,100,-60,,,,,,,,,,
1753660800,119429.9,119844.9,111870,114147.1,50943.6715,104410.68391217933,112510.74278877805,468691.95,0,-95,-99,59.500538106330914,61.080050110711646,-1.5795120043807316,10.393136940289951,61.080050110711646,,61.080050110711646,,,,,,,,,,,60,100,-60,,,,,61.080050110711646,,105,,106,,0,-95,-99,59.500538106330914,61.080050110711646,-1.5795120043807316,10.393136940289951,61.080050110711646,,61.080050110711646,,,,,,,,,,,60,100,-60,,,,,61.080050110711646,,105,,106,
1754265600,114147.1,119433.6,112577.7,119271.8,51266.407999999996,105761.69446561758,114013.19994682737,396505.819,0,-95,-99,58.13059531626166,60.16320110674326,-2.032605790481597,13.719986945449694,,,,,,,,,,,,,,60,100,-60,,,,,,,,,,,0,-95,-99,58.13059531626166,60.16320110674326,-2.032605790481597,13.719986945449694,,,,,,,,,,,,,,60,100,-60,,,,,,,,,,
1754870400,119271.8,124571.2,116719.3,117355.6,51545.46599999999,106815.68587783416,114755.95551419907,571258.373,0,-95,-99,58.851926009221486,58.82768647727136,0.024239531950129845,15.184793440380634,,,,,,,,,,,,,,60,100,-60,,,,,58.82768647727136,,,,,,0,-95,-99,58.851926009221486,58.82768647727136,0.024239531950129845,15.184793440380634,,,,,,,,,,,,,,60,100,-60,,,,,58.82768647727136,,,,,
1755475200,117355.6,117509.6,110551,113474.8,51808.3325,107421.05988894014,114471.2542888215,505436.939,0,-95,-99,49.73848255656806,55.573667960683736,-5.835185404115677,14.005322217366793,,,,,,,,,,,,,,60,100,-60,,,108,,55.573667960683736,,105,,,,0,-95,-99,49.73848255656806,55.573667960683736,-5.835185404115677,14.005322217366793,,,,,,,,,,,,,,60,100,-60,,,108,,55.573667960683736,,105,,,
1756080000,113474.8,113649.9,107300,108200,52042.6425,107491.87262630922,113077.64222463894,472114.219,0,-95,-99,34.54084551331793,47.71041802636916,-13.169572513051229,13.568919655087935,,,,,,,,,,,,,,60,100,-60,,,,,,,,,,,0,-95,-99,34.54084551331793,47.71041802636916,-13.169572513051229,13.568919655087935,,,,,,,,,,,,,,60,100,-60,,,,,,,,,,
1756684800,108200,113369.4,107202,111086.7,52281.755999999994,107818.67511482656,112635.21061916363,456743.207,0,-95,-99,24.138968151712838,36.13943207386628,-12.000463922153443,13.02255777779366,,,,,,,,,,,,,,60,100,-60,,,,,,,,,,,0,-95,-99,24.138968151712838,36.13943207386628,-12.000463922153443,13.02255777779366,,,,,,,,,,,,,,60,100,-60,,,,,,,,,,
1757289600,111086.7,116600,110555.3,115214.4,52530.180499999995,108491.01374075141,113208.36381490504,423203.096,0,-95,-99,24.16632258843634,27.615378751155706,-3.4490561627193657,12.350566992104138,,,,,,,,,,,16.75400551973484,,,60,100,-60,,,,,,,,,,,0,-95,-99,24.16632258843634,27.615378751155706,-3.4490561627193657,12.350566992104138,,,,,,,,,,,16.75400551973484,,,60,100,-60,,,,,,,,,,
1757894400,115214.4,117884,114316.3,115173.4,52812.9125,109098.5034006831,113645.03852270392,368388.312,0,-95,-99,27.871875125574054,25.39238862190774,2.479486503666312,12.284097232151206,,,,,,,,,,,,,,60,100,-60,,,,,25.39238862190774,,,,,,0,-95,-99,27.871875125574054,25.39238862190774,2.479486503666312,12.284097232151206,,,,,,,,,,,,,,60,100,-60,,,,,25.39238862190774,,,,,
1758499200,115173.4,115340.2,108550,112133.5,53087.085,109374.41218243918,113309.14107321417,438417.875,0,-95,-99,19.402646159199964,23.813614624403453,-4.410968465203489,13.110931120456705,,,,,,,,,,,,,,60,100,-60,,,108,,23.813614624403453,,,,,,0,-95,-99,19.402646159199964,23.813614624403453,-4.410968465203489,13.110931120456705,,,,,,,,,,,,,,60,100,-60,,,108,,23.813614624403453,,,,,
1759104000,112133.5,125849.7,111487.2,123447.9,53457.5345,110653.8201658538,115562.19861249991,549406.382,0,-95,-99,33.58840162584933,26.954307636874447,6.6340939889748824,14.9769956808673,,,26.954307636874447,,,64.27118710111483,,,,35.273064476360965,,,,60,100,-60,,,,,26.954307636874447,,,,106,,0,-95,-99,33.58840162584933,26.954307636874447,6.6340939889748824,14.9769956808673,,,26.954307636874447,,,64.27118710111483,,,,35.273064476360965,,,,60,100,-60,,,,,26.954307636874447,,,,106,
1759708800,123447.9,126150,101045.9,114908.5,53781.6795,111040.60924168528,115416.93225416659,838700.95,0,-95,-99,26.827452755254267,26.60616684676785,0.2212859084864185,14.252482605532318,,,,,,,,,,,,,,60,100,-60,,,,,,,,,,,0,-95,-99,26.827452755254267,26.60616684676785,0.2212859084864185,14.252482605532318,,,,,,,,,,,,,,60,100,-60,,,,,,,,,,
1760313600,114908.5,115950.6,103437.4,108597.3,54091.1685,110818.49021971389,113901.45841990734,627665.538,0,-95,-99,8.933996483518825,23.116616954874143,-14.182620471355317,11.010966891872844,,,,,,,,,,,,,,60,100,-60,,,,,23.116616954874143,,,,,,0,-95,-99,8.933996483518825,23.116616954874143,-14.182620471355317,11.010966891872844,,,,,,,,,,,,,,60,100,-60,,,,,23.116616954874143,,,,,
1760918400,108597.3,115583,106588,114498.3,54409.845,111153.01838155808,114034.08988215016,579088.521,0,-95,-99,3.781292616505726,13.180913951759605,-9.39962133525388,14.945515260520633,,,,,,,,,,,,,,60,100,-60,,,,,,,,,,,0,-95,-99,3.781292616505726,13.180913951759605,-9.39962133525388,14.945515260520633,,,,,,,,,,,,,,60,100,-60,,,,,,,,,,
1761523200,114498.3,116373.3,106225,110493.5,54725.7875,111093.0621650528,113247.29213056124,523729.678,0,-95,-99,-4.017656170674836,2.8992109764499054,-6.916867147124741,14.785833881249172,,,,,,,,,,,,,,60,100,-60,,,,,,,,,,,0,-95,-99,-4.017656170674836,2.8992109764499054,-6.916867147124741,14.785833881249172,,,,,,,,,,,,,,60,100,-60,,,,,,,,,,
1762128000,110493.5,110721.3,98888.1,104665,55039.8325,110508.69287732073,111340.11610154762,587351.116,0,-95,-99,-23.598231318969876,-7.944864957712995,-15.653366361256882,11.801779341773793,,,,,,,,,,,,,,60,100,-60,,,,,,,,,,,0,-95,-99,-23.598231318969876,-7.944864957712995,-15.653366361256882,11.801779341773793,,,,,,,,,,,,,,60,100,-60,,,,,,,,,,
1762732800,104665,107481,92920.1,94215.9,55295.657,109027.5298884734,107534.73474564815,589287.28,0,-95,-99,-42.70910696649513,-23.44166481871328,-19.267442147781846,8.343236287019018,,,,,,,,,,,,,,60,100,-60,,,,,,,,,,,0,-95,-99,-42.70910696649513,-23.44166481871328,-19.267442147781846,8.343236287019018,,,,,,,,,,,,,,60,100,-60,,,,,,,,,,
1763337600,94215.9,96046.2,80607.9,86802.8,55548.498499999994,107007.09989861217,102927.63813550412,830002.215,0,-95,-99,-60.255460804544434,-42.187599696669814,-18.06786110787462,5.873746282194018,,,,,,,,,,,2.152578850235604,,,60,100,-60,,,,,,,,,,,0,-95,-99,-60.255460804544434,-42.187599696669814,-18.06786110787462,5.873746282194018,,,,,,,,,,,2.152578850235604,,,60,100,-60,,,,,,,,,,
1763942400,86802.8,93081,85211.1,90308.6,55810.664,105489.0544532838,100123.40743872544,473736.201,0,-95,-99,-66.19683037757326,-56.38713271620427,-9.809697661368993,8.192533870874836,,,,,,,,,,,,,,60,100,-60,,,,,,,,,,,0,-95,-99,-66.19683037757326,-56.38713271620427,-9.809697661368993,8.192533870874836,,,,,,,,,,,,,,60,100,-60,,,,,,,,,,
1764547200,90308.6,94189.4,83755.3,90335.4,56050.59099999999,104111.44950298527,97948.29467456423,615959.81,0,-95,-99,-67.82530232363708,-64.75919783525158,-3.0661044883854913,8.178376403920087,,,,,,,,,,,,,,60,100,-60,,,,,,,,,,,0,-95,-99,-67.82530232363708,-64.75919783525158,-3.0661044883854913,8.178376403920087,,,,,,,,,,,,,,60,100,-60,,,,,,,,,,
1765152000,90335.4,94550,87521.9,88116,56280.873499999994,102657.31772998661,95763.34030243884,457994.192,0,-95,-99,-66.46900962153973,-66.83038077425002,0.36137115271029074,5.178032689019392,,-66.83038077425002,,-66.83038077425002,,,,,,,,,,60,100,-60,,,,-108,-66.83038077425002,-107,,,,,0,-95,-99,-66.46900962153973,-66.83038077425002,0.36137115271029074,5.178032689019392,,-66.83038077425002,,-66.83038077425002,,,,,,,,,,60,100,-60,,,,-108,-66.83038077425002,-107,,,,
1765756800,88116,90341,84408.1,88629,56532.2435,101382.01611816965,94177.93134634131,558835.699,0,-95,-99,-65.93305216267929,-66.7424547026187,0.8094025399394127,5.992663590125327,,,,,,,,,,,,,,60,100,-60,,,,,,,,,,,0,-95,-99,-65.93305216267929,-66.7424547026187,0.8094025399394127,5.992663590125327,,,,,,,,,,,,,,60,100,-60,,,,,,,,,,
1766361600,88629,90588.8,86363.3,87909.9,56783.468,100157.27828924514,92785.0354915988,325261.305,0,-95,-99,-63.48644497457359,-65.29616891959752,1.8097239450239329,5.269051737829324,,,,,,,,,,,9.117204109577777,,,60,100,-60,,,,,,,,,,,0,-95,-99,-63.48644497457359,-65.29616891959752,1.8097239450239329,5.269051737829324,,,,,,,,,,,9.117204109577777,,,60,100,-60,,,,,,,,,,
1766966400,87909.9,91775.6,86753,91490.7,57048.951499999996,99369.4075356774,92497.40538235463,350036.446,0,-95,-99,-58.56923546115495,-62.66291086613594,4.093675404980985,5.089788640791031,,,,,,,,,,,,,,60,100,-60,,,,,,,,,,,0,-95,-99,-58.56923546115495,-62.66291086613594,4.093675404980985,5.089788640791031,,,,,,,,,,,,,,60,100,-60,,,,,,,,,,
1767571200,91490.7,94749.9,89262,90962.6,57314.9845,98605.15230516127,92156.33751960915,416843.486,0,-95,-99,-51.76433810839018,-57.9400061813729,6.175668072982724,3.0461078162609176,,,,,,,,,,,,,,60,100,-60,,,,,,,,,,,0,-95,-99,-51.76433810839018,-57.9400061813729,6.175668072982724,3.0461078162609176,,,,,,,,,,,,,,60,100,-60,,,,,,,,,,
1768176000,90962.6,97963.2,90068,93624.6,57576.7475,98152.37482287388,92482.61807080712,415996.131,0,-95,-99,-41.96919122732112,-50.76758826562209,8.798397038300969,1.90974878007962,,,,,,,,,,,,,,60,100,-60,,,,,,,,,,,0,-95,-99,-41.96919122732112,-50.76758826562209,8.798397038300969,1.90974878007962,,,,,,,,,,,,,,60,100,-60,,,,,,,,,,
1768780800,93624.6,93624.6,86031.4,86625.6,57775.9105,97104.48620261262,91181.05849951664,433559.388,0,-95,-99,-43.56619132905171,-45.766573554920996,2.2003822258692836,-0.16062051349030293,,,,,,,,,,30.29102785128363,,,,60,100,-60,,,,,,,,,,,0,-95,-99,-43.56619132905171,-45.766573554920996,2.2003822258692836,-0.16062051349030293,,,,,,,,,,30.29102785128363,,,,60,100,-60,,,,,,,,,,
1769385600,86625.6,90597,75663.2,76938.5,57928.5455,95271.21472964784,88016.04549962406,634385.895,0,-95,-99,-54.1456093784205,-46.560330644931106,-7.585278733489396,-2.474201738111484,,,,,,,,,,,,,,60,100,-60,,,,,-46.560330644931106,,,,,,0,-95,-99,-54.1456093784205,-46.560330644931106,-7.585278733489396,-2.474201738111484,,,,,,,,,,,,,,60,100,-60,,,,,-46.560330644931106,,,,,
1769990400,76938.5,79388,59888,70289.8,58069.3095,93000.17702695257,84076.87983304093,1069743.752,0,-95,-99,-67.97876141825219,-55.230187375241464,-12.748574043010727,-4.053398705894827,,,,,,,,,,,,,,60,100,-60,,,,,,,,,,,0,-95,-99,-67.97876141825219,-55.230187375241464,-12.748574043010727,-4.053398705894827,,,,,,,,,,,,,,60,100,-60,,,,,,,,,,
1770595200,70289.8,71418.4,65065,68800,58214.999500000005,90800.16093359324,80682.01764792073,571944.229,0,-95,-99,-73.92898188698594,-65.35111756121954,-8.577864325766399,-3.1927434809485664,,,,,,,,,,,,,,60,100,-60,,,,,,,,,,,0,-95,-99,-73.92898188698594,-65.35111756121954,-8.577864325766399,-3.1927434809485664,,,,,,,,,,,,,,60,100,-60,,,,,,,,,,
1771200000,68800,70099.1,65573.5,67610.5,58355.8545,88692.00993963022,77777.23594838279,427012.858,0,-95,-99,-75.4291400047192,-72.44562776998576,-2.983512234733439,-3.3669213268710307,,,,,,,,,,,,,,60,100,-60,,,,,,,,,,,0,-95,-99,-75.4291400047192,-72.44562776998576,-2.983512234733439,-3.3669213268710307,,,,,,,,,,,,,,60,100,-60,,,,,,,,,,
1771804800,67610.5,69989.8,62422.3,65746.9,58492.356499999994,86606.0908542093,75103.82795985328,758633.294,0,-95,-99,-75.2772054810512,-74.87844245758544,-0.39876302346576153,-5.532578391595552,,-74.87844245758544,,-74.87844245758544,,,26.762671042471922,,,,,,,60,100,-60,,,,,,,,,,,0,-95,-99,-75.2772054810512,-74.87844245758544,-0.39876302346576153,-5.532578391595552,,-74.87844245758544,,-74.87844245758544,,,26.762671042471922,,,,,,,60,100,-60,,,,,,,,,,
1772409600,65746.9,74021.8,65238.5,65943.8,58651.913,84727.7007765539,73068.266190997,681591.355,0,-95,-99,-71.31917636781434,-74.00850728452824,2.6893309167138995,-4.647500937109898,,,,,,,,,,,,,,60,100,-60,,,,-108,-74.00850728452824,-107,,,,,0,-95,-99,-71.31917636781434,-74.00850728452824,2.6893309167138995,-4.647500937109898,,,,,,,,,,,,,,60,100,-60,,,,-108,-74.00850728452824,-107,,,,
1773014400,65943.8,73869.8,65782.7,72777.5,58859.223,83641.31888777627,73003.65148188655,612717.792,0,-95,-99,-64.81633240436514,-70.47090475107689,5.6545723467117455,-3.5134033856436657,,,,,,,,,,,,,,60,100,-60,,,,,,,,,,,0,-95,-99,-64.81633240436514,-70.47090475107689,5.6545723467117455,-3.5134033856436657,,,,,,,,,,,,,,60,100,-60,,,,,,,,,,
1773619200,72777.5,76053.9,67300.1,67828.1,59047.015999999996,82203.75353434206,71853.52893035622,570880.564,0,-95,-99,-59.40598041955338,-65.18049639724428,5.774515977690903,-5.224226706246753,,,,,,,,,,,,,,60,100,-60,,,,,,,,,,,0,-95,-99,-59.40598041955338,-65.18049639724428,5.774515977690903,-5.224226706246753,,,,,,,,,,,,,,60,100,-60,,,,,,,,,,
1774224000,67828.1,71984.8,64935.7,65990.7,59229.709500000004,80729.8395766746,70550.67805694373,583814.874,0,-95,-99,-57.644370607818324,-60.62222781057895,2.9778572027606245,-4.699094945409781,,,,,,,,,,,,,,60,100,-60,,,,,,,,,,,0,-95,-99,-57.644370607818324,-60.62222781057895,2.9778572027606245,-4.699094945409781,,,,,,,,,,,,,,60,100,-60,,,,,,,,,,
1774828800,65990.7,69301,65666,69002.4,59425.21399999999,79663.70870606782,70206.61626651179,464607.165,0,-95,-99,-54.79734861828053,-57.28256654855074,2.4852179302702098,-2.3582946783663603,,,,,,,,,,,,,,60,100,-60,,,,,,,,,,,0,-95,-99,-54.79734861828053,-57.28256654855074,2.4852179302702098,-2.3582946783663603,,,,,,,,,,,,,,60,100,-60,,,,,,,,,,
1775433600,69002.4,73800,67679,70715,59645.951499999996,78850.18973278893,70319.59042950918,560945.061,0,-95,-99,-47.59609448479973,-53.34593790363286,5.74984341883313,-1.4676788323021408,,,,,,,,,,,,,,60,100,-60,,,,,,,,,,,0,-95,-99,-47.59609448479973,-53.34593790363286,5.74984341883313,-1.4676788323021408,,,,,,,,,,,,,,60,100,-60,,,,,,,,,,
1776038400,70715,78332.6,70523.4,73765.8,59911.943,78387.97248435358,71085.41477850714,530716.661,0,-95,-99,-34.792433051398355,-45.72862538482621,10.936192333427854,-0.5735138321055515,,,,,,,,,,,,,,60,100,-60,,,,,,,,,,,0,-95,-99,-34.792433051398355,-45.72862538482621,10.936192333427854,-0.5735138321055515,,,,,,,,,,,,,,60,100,-60,,,,,,,,,,
1776643200,73765.8,79423.5,73653.6,78622.1,60199.8935,78409.2568039578,72760.23371661667,444292.329,0,-95,-99,-19.299275907849072,-33.89593448134905,14.59665857349998,1.803873754880275,,,,,,,,,,,,,,60,100,-60,,,,,,,,,,,0,-95,-99,-19.299275907849072,-33.89593448134905,14.59665857349998,1.803873754880275,,,,,,,,,,,,,,60,100,-60,,,,,,,,,,
1777248000,78622.1,79457.4,74900,78529.9,60496.013,78420.22436723436,74042.38177959074,364536.911,0,-95,-99,-7.218702111611041,-20.436803690286155,13.218101578675114,4.092374515436529,,,,,,,,,,,,,,60,100,-60,,,,,,,,,,,0,-95,-99,-7.218702111611041,-20.436803690286155,13.218101578675114,4.092374515436529,,,,,,,,,,,,,,60,100,-60,,,,,,,,,,
1777852800,78529.9,82811,78170.4,82181.9,60802.6775,78762.19487930396,75851.16360634835,410481.519,0,-95,-99,6.919987836781635,-6.53266339422616,13.452651231007795,5.535457577868808,,,,,,,,,,97.26197982495604,,,,60,100,-60,,,,,,,,,,,0,-95,-99,6.919987836781635,-6.53266339422616,13.452651231007795,5.535457577868808,,,,,,,,,,97.26197982495604,,,,60,100,-60,,,,,,,,,,
1778457600,82181.9,82350,76671.5,77416.4,61085.764500000005,78639.84989027632,76198.99391604871,379585.659,0,-95,-99,12.723515623220518,4.141600449463703,8.581915173756816,2.0462462024773336,,,,,,,,,,,,,,60,100,-60,,,,,,,,,,,0,-95,-99,12.723515623220518,4.141600449463703,8.581915173756816,2.0462462024773336,,,,,,,,,,,,,,60,100,-60,,,,,,,,,,
1779062400,77416.4,78173,74221.4,77032.5,61358.0595,78493.72717297847,76384.21749026011,392249.176,0,-95,-99,11.857182365548804,10.500228608516984,1.3569537570318193,3.0792689310196746,,,,,,,,,,,,,,60,100,-60,,,,,,,,,,,0,-95,-99,11.857182365548804,10.500228608516984,1.3569537570318193,3.0792689310196746,,,,,,,,,,,,,,60,100,-60,,,,,,,,,,
1779667200,77032.5,78049,72460.7,73649.6,61609.855,78053.35197543497,75776.52471464676,402357.597,0,-95,-99,6.153330671312182,10.244676220027168,-4.091345548714986,2.4310790897381374,,,,,,,,,,,,,,60,100,-60,,,,,10.244676220027168,,,,,,0,-95,-99,6.153330671312182,10.244676220027168,-4.091345548714986,2.4310790897381374,,,,,,,,,,,,,,60,100,-60,,,,,10.244676220027168,,,,,
1780272000,73649.6,74057.6,59081.4,63306.5,61810.5525,76712.72906857725,73005.40811139192,948540.27,0,-95,-99,-15.954291458680402,0.6854071927268617,-16.639698651407265,-0.4422921342995849,,,,,,,,,,,,,,60,100,-60,,,,,,,,,,,0,-95,-99,-15.954291458680402,0.6854071927268617,-16.639698651407265,-0.4422921342995849,,,,,,,,,,,,,,60,100,-60,,,,,,,,,,
1780876800,63306.5,65770,60614.5,65710,62017.65,75712.48097143386,71384.20630886039,508903.785,0,-95,-99,-30.246080195891764,-13.34901366108666,-16.897066534805106,-0.3307137347704394,,,,,,,,,,,,,,60,100,-60,,,,,,,,,,,0,-95,-99,-30.246080195891764,-13.34901366108666,-16.897066534805106,-0.3307137347704394,,,,,,,,,,,,,,60,100,-60,,,,,,,,,,
1781481600,65710,67276,62216.4,63283.4,62226.5395,74582.56451948533,69584.02712911363,439409.793,0,-95,-99,-37.937181305754294,-28.045850986775488,-9.891330318978806,-3.543796186655044,,,,,,,,,,,,,,60,100,-60,,,,,,,,,,,0,-95,-99,-37.937181305754294,-28.045850986775488,-9.891330318978806,-3.543796186655044,,,,,,,,,,,,,,60,100,-60,,,,,,,,,,
1782086400,63283.4,65596,58042.6,59550.4,62426.551499999994,73216.00410862302,67354.33221153282,633645.803,0,-95,-99,-45.89365477665798,-38.02563875943468,-7.8680160172233045,-5.0353407077578,,,,,,,,,,,,,,60,100,-60,,,,,,,,,,,0,-95,-99,-45.89365477665798,-38.02563875943468,-7.8680160172233045,-5.0353407077578,,,,,,,,,,,,,,60,100,-60,,,,,,,,,,
1782691200,59550.4,63987.1,57755.8,63614.4,62644.691,72343.13100783911,66523.23616452553,512684.379,0,-95,-99,-48.84758600524622,-44.226140695886166,-4.621445309360055,-5.519281531733718,,,,,,,,,,,19.551262946979904,,,60,100,-60,,,,,,,,,,,0,-95,-99,-48.84758600524622,-44.226140695886166,-4.621445309360055,-5.519281531733718,,,,,,,,,,,19.551262946979904,,,60,100,-60,,,,,,,,,,
1783296000,63614.4,64703.2,61272.5,63745,62854.365999999995,71561.4827343992,65905.85035018652,469190.638,0,-95,-99,-47.711696704422515,-47.484312495442246,-0.22738420898026845,-6.4087223186622015,,,,-47.484312495442246,,,,,,,,,,60,100,-60,,,,,,,,-106,,,0,-95,-99,-47.711696704422515,-47.484312495442246,-0.22738420898026845,-6.4087223186622015,,,,-47.484312495442246,,,,,,,,,,60,100,-60,,,,,,,,-106,,
1783900800,63745,65566.6,61777.6,64698.2,63080.8145,70937.5479403629,65637.48360570063,400467.415,0,-95,-99,-44.752046057770016,-47.10377625581291,2.351730198042894,-6.418866504787282,,,,,,,,,,,,,,60,100,-60,,,,,-47.10377625581291,,,,,,0,-95,-99,-44.752046057770016,-47.10377625581291,2.351730198042894,-6.418866504787282,,,,,,,,,,,,,,60,100,-60,,,,,-47.10377625581291,,,,,
1784505600,64698.2,66937.7,63678.8,65376,63313.694500000005,70431.95267305718,65579.37613776716,332300.65099999995,0,-95,-99,-39.12470602828426,-43.862816263492256,4.738110235207998,-4.802170736432116,,,,,,,,,,,,,,60,100,-60,,,,,,,,,,,0,-95,-99,-39.12470602828426,-43.862816263492256,4.738110235207998,-4.802170736432116,,,,,,,,,,,,,,60,100,-60,,,,,,,,,,
1785110400,65376,65749.2,62707.4,64861.2,63542.7305,69925.52061187016,65419.78144048557,240497.988,0,-95,-99,-36.65202998852898,-40.17626069152775,3.5242307029987714,-5.247225443576425,,,,,,,,,,,,,,60,100,-60,,,,,,,,,,,0,-95,-99,-36.65202998852898,-40.17626069152775,3.5242307029987714,-5.247225443576425,,,,,,,,,,,,,,60,100,-60,,,,,,,,,,