time,open,high,low,close,MA fast,MA slow,Cloud fast,Cloud medium,Cloud slow,Volume
1785756600,28469,28513.5,28450.5,28475,,,28482.63530897306,28510.01874995651,28510.01874995651,15344
1785757500,28474.5,28477.5,28403.5,28420,,,28451.317654486527,28492.01499996521,28492.01499996521,18285
1785758400,28419.5,28435.75,28382.75,28435.5,,,28443.408827243264,28480.71199997217,28480.71199997217,21284
1785759300,28435.75,28462,28421.5,28449.75,,,28446.579413621632,28474.519599977735,28474.519599977735,18523
1785760200,28450,28487.75,28437.25,28487.5,,,28467.039706810814,28477.115679982187,28477.115679982187,16699
1785761100,28487.5,28491.5,28441,28459.25,,,28463.144853405407,28473.54254398575,28473.54254398575,20367
1785762000,28459.75,28478.25,28439,28460.25,,,28461.697426702704,28470.8840351886,28470.8840351886,23969
1785762900,28460.75,28496.5,28396,28417,,,28439.34871335135,28460.10722815088,28460.10722815088,34556
1785763800,28417.5,28540.25,28313,28492.25,,,28465.799356675678,28466.535782520703,28466.535782520703,186016
1785764700,28494,28629.25,28443.75,28629.25,,,28547.52467833784,28499.078626016562,28499.078626016562,126328
1785765600,28624.25,28630,28525,28571,,,28559.26233916892,28513.46290081325,28513.46290081325,121947
1785766500,28570.5,28684.75,28555.5,28678.25,,,28618.75616958446,28546.4203206506,28546.4203206506,110723
1785767400,28677.75,28735.75,28661,28707.75,,,28663.25308479223,28578.68625652048,28578.68625652048,79311
1785768300,28707.5,28805,28699.5,28802,,,28732.626542396116,28623.349005216383,28623.349005216383,83789
1785769200,28801.25,28802.25,28747.25,28757.5,,,28745.063271198058,28650.179204173106,28650.179204173106,64859
1785770100,28757,28798.75,28723.25,28734.75,,,28739.90663559903,28667.093363338485,28667.093363338485,65428
1785771000,28734.25,28789.75,28731.5,28782,,,28760.953317799514,28690.074690670786,28690.074690670786,55081
1785771900,28782,28813,28776,28792,,,28776.47665889976,28710.45975253663,28710.45975253663,47252
1785772800,28792.25,28827.5,28790.25,28814.25,,,28795.36332944988,28731.217802029303,28731.217802029303,41163
1785773700,28813.75,28847.5,28812.25,28837,,,28816.18166472494,28752.37424162344,28752.37424162344,37242
1785774600,28837,28845,28810,28834,,,28825.090832362468,28768.699393298753,28768.699393298753,33398
1785775500,28834,28843,28819.5,28821.75,,,28823.420416181234,28779.309514639004,28779.309514639004,27439
1785776400,28823,28863.25,28812.75,28857.5,,,28840.46020809062,28794.947611711203,28794.947611711203,34561
1785777300,28857.25,28890.5,28855.5,28885.5,,,28862.98010404531,28813.058089368962,28813.058089368962,33486
1785778200,28885.5,28895,28874,28885.5,,,28874.240052022655,28827.54647149517,28827.54647149517,26390
1785779100,28885.5,28921.75,28884.75,28917.75,,,28895.995026011326,28845.587177196136,28845.587177196136,31827
1785780000,28917.5,28965,28917.25,28940.25,,,28918.122513005663,28864.519741756907,28864.519741756907,54645
1785780900,28940.5,28959.5,28890.25,28892.75,,,28905.43625650283,28870.165793405526,28870.165793405526,43619
1785781800,28891.75,28914.25,28882.25,28913.25,,,28909.343128251414,28878.78263472442,28878.78263472442,39286
1785782700,28913.25,28928.75,28892.5,28907.5,,,28908.421564125707,28884.526107779537,28884.526107779537,34755
1785783600,28907.5,28943.75,28894.25,28900,,,28904.21078206285,28887.62088622363,28887.62088622363,42567
1785784500,28899.75,28926.75,28898.75,28913.25,,,28908.730391031426,28892.746708978906,28892.746708978906,28878
1785785400,28912.75,28926,28898.5,28915,,,28911.86519551571,28897.197367183126,28897.197367183126,29459
1785786300,28915,28935.75,28865.75,28900.75,,,28906.307597757856,28897.907893746502,28897.907893746502,68315
1785787200,28901.5,28923,28877.75,28911.5,,,28908.903798878928,28900.6263149972,28900.6263149972,22567
1785788100,28910.75,28942.5,28910,28914.25,,,28911.576899439464,28903.35105199776,28903.35105199776,10756
1785789000,28913.25,28932.25,28909.5,28929.5,,,28920.53844971973,28908.58084159821,28908.58084159821,6811
1785789900,28929.25,28933.25,28914.5,28929.25,,,28924.894224859865,28912.71467327857,28912.71467327857,4882
1785794400,28930,28950.5,28918,28928,,,28926.44711242993,28915.771738622854,28915.771738622854,11690
1785795300,28928,28948.25,28928,28942.75,,,28934.598556214965,28921.167390898285,28921.167390898285,5255
1785796200,28942.75,28962.25,28932.25,28957.5,,,28946.049278107483,28928.43391271863,28928.43391271863,8726
1785797100,28956.75,28957.5,28940.5,28945.75,,,28945.899639053743,28931.897130174904,28931.897130174904,5949
1785798000,28945.25,28948.25,28929.5,28938.25,,,28942.07481952687,28933.167704139923,28933.167704139923,7751
1785798900,28937.5,28958.25,28936.5,28948.75,,,28945.412409763434,28936.28416331194,28936.28416331194,7825
1785799800,28948,28960,28932,28940.5,,,28942.956204881717,28937.12733064955,28937.12733064955,7415
1785800700,28940.5,28972.25,28939.5,28971.5,,,28957.22810244086,28944.00186451964,28944.00186451964,10133
1785801600,28971.25,28979,28925.75,28931.5,,,28944.36405122043,28941.501491615712,28941.501491615712,23025
1785802500,28931.25,28933.5,28900,28906.25,,,28925.307025610215,28934.45119329257,28934.45119329257,19772
1785803400,28905.5,28906.75,28864,28892,,,28908.653512805107,28925.960954634058,28925.960954634058,21502
1785804300,28891.75,28909,28868.5,28877.25,,,28892.951756402552,28916.218763707246,28916.218763707246,18636
1785805200,28876.75,28876.75,28831.5,28860,,,28876.475878201276,28904.975010965798,28904.975010965798,22988
1785806100,28859.25,28902.5,28851.25,28902,,,28889.23793910064,28904.380008772638,28904.380008772638,16455
1785807000,28902.75,28943.75,28899,28942.5,,,28915.86896955032,28912.00400701811,28912.00400701811,19276
1785807900,28942.25,29049.25,28941.5,29041,,,28978.43448477516,28937.803205614488,28937.803205614488,26629
1785808800,29041.25,29045,28967.5,28971,,,28974.71724238758,28944.44256449159,28944.44256449159,23079
1785809700,28970.25,28978,28942.75,28949.25,,,28961.98362119379,28945.404051593272,28945.404051593272,18123
1785810600,28948.75,28994.25,28948,28985.5,,,28973.741810596897,28953.423241274617,28953.423241274617,15441
1785811500,28987,28992.25,28958.5,28972.75,,,28973.24590529845,28957.288593019694,28957.288593019694,10839
1785812400,28972.5,28993,28932,28942.5,,,28957.872952649224,28954.330874415755,28954.330874415755,13576
1785813300,28943,28986.25,28930,28977,,,28967.436476324612,28958.864699532605,28958.864699532605,12704
1785814200,28977.5,29005,28957.5,28968,,,28967.718238162306,28960.691759626083,28960.691759626083,13273
1785815100,28967,29008,28958,28995.5,,,28981.609119081153,28967.653407700866,28967.653407700866,8619
1785816000,28995.75,29006.25,28968.5,28977.25,,,28979.42955954058,28969.57272616069,28969.57272616069,8230
1785816900,28977.5,29016.75,28974.25,29007,,,28993.21477977029,28977.058180928554,28977.058180928554,7634
1785817800,29007.75,29015,28995,28999,,,28996.107389885146,28981.446544742845,28981.446544742845,5394
1785818700,28999,29023.5,28994.25,29015.75,,,29005.928694942573,28988.307235794276,28988.307235794276,7036
1785819600,29016,29022.25,28978.5,28988,,,28996.964347471287,28988.24578863542,28988.24578863542,8505
1785820500,28987.5,29030.5,28982.75,29025.75,,,29011.357173735643,28995.746630908336,28995.746630908336,9254
1785821400,29026.5,29074.75,29024,29058.25,,,29034.80358686782,29008.24730472667,29008.24730472667,12565
1785822300,29058,29074.5,29043.5,29072.75,,,29053.77679343391,29021.147843781335,29021.147843781335,6623
1785823200,29073,29094,29067,29089,,,29071.388396716953,29034.71827502507,29034.71827502507,9363
1785824100,29089,29099,29076.25,29081.75,,,29076.569198358477,29044.124620020055,29044.124620020055,7756
1785825000,29081.75,29089.5,29042.25,29054.5,,,29065.53459917924,29046.199696016043,29046.199696016043,9818
1785825900,29055.5,29074.25,29051,29072.75,,,29069.14229958962,29051.509756812833,29051.509756812833,5539
1785826800,29072,29100.75,29037.25,29069.25,,,29069.19614979481,29055.057805450266,29055.057805450266,15626
1785827700,29069.75,29109,29062.5,29099,,,29084.098074897403,29063.84624436021,29063.84624436021,10160
1785828600,29099,29118.25,29074.25,29081.5,,,29082.7990374487,29067.376995488168,29067.376995488168,9431
1785829500,29081.5,29109.75,29065.75,29070.75,,,29076.77451872435,29068.051596390535,29068.051596390535,7922
1785830400,29072.25,29124.75,29067,29108.5,,,29092.637259362175,29076.141277112427,29076.141277112427,13009
1785831300,29108.75,29132.25,29096.75,29111.5,,,29102.06862968109,29083.213021689942,29083.213021689942,9650
1785832200,29110,29111,29060,29068.75,,,29085.409314840545,29080.320417351955,29080.320417351955,9767
1785833100,29068.75,29077.75,29037.75,29069.25,,,29077.329657420272,29078.106333881566,29078.106333881566,10707
1785834000,29069,29069.25,29012,29033.5,,,29055.414828710134,29069.185067105253,29069.185067105253,11575
1785834900,29033.25,29045.75,29007.5,29045.25,,,29050.332414355067,29064.398053684203,29064.398053684203,9170
1785835800,29046,29081,29042.25,29077,,,29063.666207177535,29066.91844294736,29066.91844294736,7558
1785836700,29076.75,29086,29058,29077.75,,,29070.708103588768,29069.08475435789,29069.08475435789,9234
1785837600,29077.5,29112,29066,29106,,,29088.354051794384,29076.46780348631,29076.46780348631,8962
1785838500,29106.25,29115.75,29086.5,29095.5,,,29091.927025897192,29080.274242789048,29080.274242789048,8722
1785839400,29096,29131.5,29073.5,29121.5,,,29106.713512948598,29088.51939423124,29088.51939423124,14142
1785840300,29120.5,29145.5,29103.75,29116.5,,,29111.6067564743,29094.11551538499,29094.11551538499,17396
1785841200,29116.75,29149.5,29114,29143.75,,,29127.67837823715,29104.042412307994,29104.042412307994,14168
1785842100,29144.5,29171.5,29139.5,29170.5,,,29149.089189118575,29117.333929846394,29117.333929846394,12694
1785843000,29170.75,29212.5,29151,29204.25,,,29176.669594559287,29134.717143877115,29134.717143877115,18698
1785843900,29204.75,29246,29189.75,29237.75,,,29207.209797279644,29155.32371510169,29155.32371510169,22607
1785844800,29237.25,29238.5,29199.75,29206,,,29206.604898639824,29165.458972081353,29165.458972081353,14544
1785845700,29205.75,29234.25,29204.5,29222,,,29214.302449319912,29176.767177665082,29176.767177665082,11535
1785846600,29222,29230.25,29197.75,29219.25,,,29216.776224659956,29185.263742132065,29185.263742132065,12545
1785847500,29219.5,29222.5,29186.5,29202.75,,,29209.76311232998,29188.76099370565,29188.76099370565,14959
1785848400,29203,29235.75,29185,29230.75,,,29220.25655616499,29197.15879496452,29197.15879496452,18541
1785849300,29230.5,29284,29218,29233.75,,,29227.003278082495,29204.477035971617,29204.477035971617,39541
1785850200,29234.25,29452.5,29208,29411.5,,,29319.25163904125,29245.881628777293,29245.881628777293,198822
1785851100,29411.25,29504.5,29410.25,29469,,,29394.125819520625,29290.505303021833,29290.505303021833,137394
1785852000,29466.75,29544,29432.5,29540.25,,,29467.187909760312,29340.454242417465,29340.454242417465,103650
1785852900,29540.5,29564.25,29482.25,29559,,,29513.093954880154,29384.163393933974,29384.163393933974,107421
1785853800,29558.75,29579.25,29515,29557,,,29535.046977440077,29418.73071514718,29418.73071514718,86223
1785854700,29557.5,29562.75,29523.25,29549.5,,,29542.27348872004,29444.884572117742,29444.884572117742,50382
1785855600,29549.5,29624.75,29544,29619,,,29580.636744360017,29479.707657694194,29479.707657694194,68324
1785856500,29619.25,29664.5,29613.25,29639.75,,,29610.19337218001,29511.716126155356,29511.716126155356,66060
1785857400,29639.5,29681.75,29621.75,29676.75,,,29643.471686090004,29544.722900924284,29544.722900924284,61040
1785858300,29676.5,29697,29667.25,29671.25,,,29657.360843045004,29570.028320739428,29570.028320739428,44288
1785859200,29671.25,29699.5,29660.75,29675.25,,,29666.305421522502,29591.072656591543,29591.072656591543,43185
1785860100,29674.5,29720,29673.75,29706.5,,,29686.40271076125,29614.158125273236,29614.158125273236,41379
1785861000,29706.5,29731.5,29695,29726.25,,,29706.326355380625,29636.576500218587,29636.576500218587,42516
1785861900,29726.25,29746.25,29726.25,29743,,,29724.663177690312,29657.86120017487,29657.86120017487,32518
1785862800,29742.75,29799.75,29739,29796.5,,,29760.581588845154,29685.588960139896,29685.588960139896,61454
1785863700,29797,29826,29780.25,29818.75,,,29789.665794422577,29712.221168111915,29712.221168111915,47991
1785864600,29819,29865.75,29800.25,29865.25,,,29827.457897211287,29742.82693448953,29742.82693448953,49292
1785865500,29865.5,29898.25,29832,29834.5,,,29830.978948605643,29761.161547591626,29761.161547591626,62920
1785866400,29835,29860.25,29809.5,29859.25,,,29845.11447430282,29780.7792380733,29780.7792380733,63847
1785867300,29859,29884.25,29855.25,29879.75,,,29862.43223715141,29800.57339045864,29800.57339045864,40952
1785868200,29879.75,29893,29840,29853.75,,,29858.091118575707,29811.20871236691,29811.20871236691,43136
1785869100,29854.75,29895.75,29854.25,29881,,,29869.545559287853,29825.16696989353,29825.16696989353,36602
1785870000,29881.5,29936.5,29878.25,29926.75,,,29898.14777964393,29845.483575914823,29845.483575914823,48164
1785870900,29926.25,29945.75,29888.5,29900.5,,,29899.323889821964,29856.486860731857,29856.486860731857,41957
1785871800,29900.5,29951.75,29889,29950,,,29924.661944910982,29875.189488585485,29875.189488585485,42073
1785872700,29950,29956.5,29847.5,29874.75,,,29899.705972455493,29875.101590868388,29875.101590868388,85930
1785873600,29875.25,29949.5,29851.25,29915.5,,,29907.602986227746,29883.18127269471,29883.18127269471,44778
1785874500,29877.5,29879.75,29757.75,29792.25,,,29849.926493113875,29864.99501815577,29864.99501815577,45418
1785875400,29792.5,29817.5,29764.5,29797.25,,,29823.588246556938,29851.446014524616,29851.446014524616,20838
1785876300,29797,29827,29785.25,29819,,,29821.29412327847,29844.956811619693,29844.956811619693,11487
1785880800,29781.25,29837.25,29775.5,29835.25,,,29828.272061639233,29843.015449295755,29843.015449295755,11693
1785881700,29835,29844.25,29810.25,29833.25,,,29830.761030819616,29841.062359436604,29841.062359436604,10084
1785882600,29833.25,29841.75,29794.25,29800,,,29815.380515409808,29832.849887549284,29832.849887549284,9638
1785883500,29800.5,29828.5,29793,29826,,,29820.690257704904,29831.479910039427,29831.479910039427,8740
1785884400,29826.25,29849.25,29809.25,29837.75,,,29829.220128852452,29832.733928031543,29832.733928031543,9504
1785885300,29838.5,29846,29816.25,29825,,,29827.110064426226,29831.187142425235,29831.187142425235,6518
1785886200,29825,29845,29802.75,29842.75,,,29834.930032213113,29833.49971394019,29833.49971394019,12047
1785887100,29843,29857.25,29825.25,29835.5,,,29835.21501610656,29833.89977115215,29833.89977115215,12794
1785888000,29835.25,29863.5,29818.75,29857,,,29846.10750805328,29838.519816921722,29838.519816921722,18331
1785888900,29857.25,29864,29834.25,29862.5,,,29854.303754026638,29843.315853537377,29843.315853537377,10428
1785889800,29862.5,29877.5,29837.75,29838.75,,,29846.52687701332,29842.402682829903,29842.402682829903,14025
1785890700,29838,29862.25,29812.5,29848.5,,,29847.51343850666,29843.622146263922,29843.622146263922,19227
1785891600,29848.75,29861,29816.5,29840.5,,,29844.00671925333,29842.997717011138,29842.997717011138,14510
1785892500,29840.25,29842.75,29796.75,29819.75,,,29831.878359626666,29838.34817360891,29838.34817360891,16386
1785893400,29819.5,29845,29810.75,29833.75,,,29832.814179813333,29837.42853888713,29837.42853888713,15232
1785894300,29833.75,29887,29833.5,29869.75,,,29851.282089906665,29843.892831109704,29843.892831109704,13452
1785895200,29869.5,29889,29862.5,29871.25,,,29861.266044953332,29849.364264887765,29849.364264887765,11181
1785896100,29871,29876.25,29850,29853.75,,,29857.508022476664,29850.24141191021,29850.24141191021,7404
1785897000,29854.25,29862.5,29842.25,29859,,,29858.254011238332,29851.993129528168,29851.993129528168,8240
1785897900,29859.25,29875,29855,29860.25,,,29859.252005619164,29853.644503622534,29853.644503622534,8178
1785898800,29860,29890.75,29853.5,29883.75,,,29871.501002809582,29859.66560289803,29859.66560289803,7725
1785899700,29883.75,29892.75,29863.5,29864,,,29867.750501404793,29860.532482318424,29860.532482318424,6844
1785900600,29864.75,29891.25,29858.5,29885.5,,,29876.625250702396,29865.52598585474,29865.52598585474,6830
1785901500,29885.5,29894.25,29867.75,29889.75,,,29883.1876253512,29870.37078868379,29870.37078868379,6409
1785902400,29889.25,29898.25,29882,29884,,,29883.5938126756,29873.09663094703,29873.09663094703,5631
1785903300,29883.25,29884.25,29859.25,29871,,,29877.2969063378,29872.677304757624,29872.677304757624,5805
1785904200,29870.75,29909.5,29869,29904.75,,,29891.0234531689,29879.091843806098,29879.091843806098,7303
1785905100,29905,29916.75,29883,29903.25,,,29897.13672658445,29883.923475044878,29883.923475044878,7614
1785906000,29902.5,29940.5,29894.5,29936.5,,,29916.818363292223,29894.438780035904,29894.438780035904,9511
1785906900,29937,29949,29934,29936.75,,,29926.78418164611,29902.901024028724,29902.901024028724,5926
1785907800,29937,29945,29920.25,29941.75,,,29934.267090823058,29910.670819222978,29910.670819222978,8746
1785908700,29941.5,29986.75,29940.75,29980.25,,,29957.25854541153,29924.58665537838,29924.58665537838,10102
1785909600,29980.25,29990.75,29961,29980.75,,,29969.004272705766,29935.819324302705,29935.819324302705,8455
1785910500,29980.5,29983.25,29925.25,29929.5,,,29949.252136352883,29934.555459442163,29934.555459442163,11797
1785911400,29929.25,29964.75,29925.25,29939.25,,,29944.25106817644,29935.49436755373,29935.49436755373,9813
1785912300,29939.75,29972,29936,29970,,,29957.12553408822,29942.395494042983,29942.395494042983,6799
1785913200,29969.75,29987.25,29936.5,29951,,,29954.06276704411,29944.116395234385,29944.116395234385,13521
1785914100,29951,29954.75,29901.25,29907.5,,,29930.781383522055,29936.79311618751,29936.79311618751,11332
1785915000,29907.5,29920,29884,29886.75,,,29908.76569176103,29926.784492950006,29926.784492950006,11535
1785915900,29886.5,29913.25,29885,29903.5,,,29906.132845880515,29922.127594360005,29922.127594360005,7534
1785916800,29903,29926,29853.75,29864.25,,,29885.191422940257,29910.552075488005,29910.552075488005,16660
1785917700,29864.75,29873.75,29820,29834.75,,,29859.97071147013,29895.391660390404,29895.391660390404,15276
1785918600,29835,29844,29798.25,29812.75,,,29836.360355735065,29878.863328312324,29878.863328312324,18196
1785919500,29813.25,29843.75,29796.75,29837.5,,,29836.930177867533,29870.590662649858,29870.590662649858,11860
1785920400,29837.25,29854.5,29820.25,29833.25,,,29835.090088933764,29863.122530119887,29863.122530119887,9682
1785921300,29833.75,29864,29814.5,29862,,,29848.545044466882,29862.89802409591,29862.89802409591,12607
1785922200,29862,29889,29860,29883.25,,,29865.89752223344,29866.968419276727,29866.968419276727,8783
1785923100,29882.75,29894.5,29852.5,29858.25,,,29862.07376111672,29865.224735421383,29865.224735421383,10472
1785924000,29857.5,29871.75,29833,29840,,,29851.03688055836,29860.179788337107,29860.179788337107,9111
1785924900,29840,29866.5,29836,29857.25,,,29854.14344027918,29859.593830669684,29859.593830669684,6360
1785925800,29858,29872,29849.25,29857.5,,,29855.82172013959,29859.175064535746,29859.175064535746,6220
1785926700,29857.5,29870.5,29833.75,29864.25,,,29860.035860069795,29860.190051628597,29860.190051628597,10621
1785927600,29863.75,29921.25,29863.75,29904.25,,,29882.142930034897,29869.002041302876,29869.002041302876,17491
1785928500,29904.25,29923.25,29896.75,29900.25,,,29891.19646501745,29875.251633042302,29875.251633042302,8591
1785929400,29901,29931.75,29890.5,29915.75,,,29903.473232508724,29883.35130643384,29883.35130643384,12424
1785930300,29915.5,29943.75,29903,29919.5,,,29911.486616254362,29890.58104514707,29890.58104514707,15333
1785931200,29920,29926,29892.25,29918.75,,,29915.11830812718,29896.21483611766,29896.21483611766,15467
1785932100,29919,29939.75,29900,29934.75,,,29924.93415406359,29903.921868894126,29903.921868894126,15381
1785933000,29935,29947,29888.5,29942.5,,,29933.717077031797,29911.6374951153,29911.6374951153,18819
1785933900,29942.5,29946.5,29908,29915.5,,,29924.6085385159,29912.40999609224,29912.40999609224,13878
1785934800,29915,29950,29915,29929.5,,,29927.054269257947,29915.82799687379,29915.82799687379,18290
1785935700,29929.75,29978.25,29895.75,29975.25,,,29951.152134628974,29927.71239749903,29927.71239749903,30414
1785936600,29974.75,30059,29909.5,30050.25,,,30000.701067314487,29952.219917999224,29952.219917999224,222324
1785937500,30052.25,30073.25,29966.75,30049.5,,,30025.10053365724,29971.67593439938,29971.67593439938,145897
1785938400,30048.25,30048.25,29918,29998.5,,,30011.80026682862,29977.040747519502,29977.040747519502,158194
1785939300,29998,30026.5,29901,29915.25,,,29963.52513341431,29964.682598015603,29964.682598015603,131775
1785940200,29915.25,29918.75,29824.75,29862.25,,,29912.887566707155,29944.196078412482,29944.196078412482,146360
1785941100,29862,29907.5,29787.75,29848,,,29880.443783353578,29924.956862729985,29924.956862729985,120631
1785942000,29848.75,29891,29825,29839,,,29859.72189167679,29907.76549018399,29907.76549018399,84898
1785942900,29839,29850.75,29762.25,29809.75,,,29834.735945838394,29888.16239214719,29888.16239214719,86560
1785943800,29808.75,29861.75,29805.25,29819.75,,,29827.242972919197,29874.479913717754,29874.479913717754,57876
1785944700,29819.5,29820,29712.75,29738,,,29782.621486459597,29847.183930974203,29847.183930974203,69410
1785945600,29737.75,29765.75,29701.75,29731.75,,,29757.1857432298,29824.097144779364,29824.097144779364,71269
1785946500,29731.25,29833.5,29719.5,29829.25,,,29793.2178716149,29825.12771582349,29825.12771582349,64894
1785947400,29829.25,29840,29769.75,29788.25,,,29790.73393580745,29817.752172658795,29817.752172658795,55722
1785948300,29789,29825.75,29778,29809,,,29799.866967903727,29816.001738127037,29816.001738127037,34648
1785949200,29809.25,29819.75,29743.75,29766.75,,,29783.308483951863,29806.15139050163,29806.15139050163,49457
1785950100,29766.25,29781.75,29740,29754.5,,,29768.90424197593,29795.821112401303,29795.821112401303,38515
1785951000,29754.5,29778.75,29735,29757.25,,,29763.077120987968,29788.106889921044,29788.106889921044,32369
1785951900,29756.25,29774.5,29734.25,29757,,,29760.038560493984,29781.885511936835,29781.885511936835,27922
1785952800,29756.25,29786.25,29752.5,29762,,,29761.01928024699,29777.90840954947,29777.90840954947,29379
1785953700,29762,29782,29755.5,29776.5,,,29768.759640123495,29777.626727639574,29777.626727639574,22413
1785954600,29776,29776.75,29727,29742.25,,,29755.504820061746,29770.55138211166,29770.55138211166,33181
1785955500,29742,29766.25,29722.75,29726.25,,,29740.877410030873,29761.691105689326,29761.691105689326,26702
1785956400,29727.25,29778.5,29718,29773.75,,,29757.313705015436,29764.10288455146,29764.10288455146,33474
1785957300,29774.25,29780,29753.5,29756.5,,,29756.906852507716,29762.58230764117,29762.58230764117,23661
1785958200,29756.25,29763.5,29706,29711.75,,,29734.32842625386,29752.415846112934,29752.415846112934,40427
1785959100,29710.75,29733,29593,29606.75,,,29670.53921312693,29723.282676890347,29723.282676890347,67692
1785960000,29607.25,29618.5,29530.75,29604.5,,,29637.519606563466,29699.526141512277,29699.526141512277,54267
1785960900,29605,29618,29560,29569.75,,,29603.634803281733,29673.57091320982,29673.57091320982,15686
1785961800,29571,29603.5,29566.25,29598.5,,,29601.067401640867,29658.556730567856,29658.556730567856,9070
1785962700,29598.75,29607,29576.25,29594.75,,,29597.908700820433,29645.795384454286,29645.795384454286,6022
1785967200,29576,29597,29560,29572.25,,,29585.07935041022,29631.08630756343,29631.08630756343,10307
1785968100,29571.25,29638.5,29570.75,29627.75,,,29606.41467520511,29630.419046050745,29630.419046050745,11520
1785969000,29627.25,29670.75,29623,29655,,,29630.707337602555,29635.335236840598,29635.335236840598,10944
1785969900,29654.5,29678.75,29617,29621.75,,,29626.228668801275,29632.61818947248,29632.61818947248,15317
1785970800,29622.5,29636.25,29611.75,29630.75,,,29628.489334400638,29632.244551577984,29632.244551577984,6725
1785971700,29630.75,29650.5,29616.5,29628.25,,,29628.36966720032,29631.445641262388,29631.445641262388,8382
1785972600,29628.25,29636.75,29575.75,29587.5,,,29607.93483360016,29622.65651300991,29622.65651300991,16816
1785973500,29587.5,29589.75,29566.5,29583.75,,,29595.84241680008,29614.87521040793,29614.87521040793,11703
1785974400,29584.25,29601.25,29546.25,29581.25,,,29588.54620840004,29608.15016832634,29608.15016832634,26781
1785975300,29580.75,29608.75,29553.5,29561,,,29574.77310420002,29598.720134661075,29598.720134661075,17528
1785976200,29561,29587.25,29548,29560,,,29567.38655210001,29590.97610772886,29590.97610772886,15828
1785977100,29560,29580.75,29535.25,29539,,,29553.193276050006,29580.58088618309,29580.58088618309,14125
1785978000,29538.5,29541.25,29501.75,29521.75,,,29537.471638025003,29568.81470894647,29568.81470894647,21523
1785978900,29522.5,29523,29454.25,29473.5,,,29505.4858190125,29549.751767157177,29549.751767157177,18838
1785979800,29473.5,29509.75,29469,29474.75,,,29490.11790950625,29534.751413725742,29534.751413725742,17769
1785980700,29475,29519,29472.75,29498,,,29494.058954753127,29527.401130980594,29527.401130980594,13610
1785981600,29497.75,29556.75,29487.75,29541.75,,,29517.904477376564,29530.270904784476,29530.270904784476,18442
1785982500,29542,29578.5,29535.5,29548.25,,,29533.07723868828,29533.86672382758,29533.86672382758,13688
1785983400,29548.5,29618.75,29529.25,29616.75,,,29574.91361934414,29550.443379062064,29550.443379062064,17010
1785984300,29617,29621,29585.25,29594,,,29584.45680967207,29559.154703249653,29559.154703249653,10091
1785985200,29593.75,29608.75,29571.25,29578.25,,,29581.353404836034,29562.973762599722,29562.973762599722,9284
1785986100,29579,29585.75,29535,29543.5,,,29562.426702418015,29559.07901007978,29559.07901007978,11014
1785987000,29543,29563.75,29522.75,29553,,,29557.713351209008,29557.863208063824,29557.863208063824,12179
1785987900,29552.25,29584.75,29539.75,29581.75,,,29569.731675604504,29562.64056645106,29562.64056645106,10509
1785988800,29581.75,29584,29535.25,29556.5,,,29563.115837802252,29561.412453160847,29561.412453160847,10270
1785989700,29556.25,29597.75,29556.25,29586,,,29574.557918901126,29566.329962528678,29566.329962528678,6960
1785990600,29585.5,29600.5,29544.75,29555.5,,,29565.028959450563,29564.163970022943,29564.163970022943,8445
1785991500,29556,29577.25,29543.5,29575,,,29570.01447972528,29566.331176018353,29566.331176018353,5699
1785992400,29575,29596,29557.75,29582,,,29576.00723986264,29569.464940814683,29569.464940814683,7459
1785993300,29581.25,29594,29565,29579.5,,,29577.753619931318,29571.471952651747,29571.471952651747,5789
1785994200,29578.5,29583.75,29548.75,29583.25,,,29580.50180996566,29573.827562121398,29573.827562121398,7387
1785995100,29583,29584.25,29544.25,29580.25,,,29580.37590498283,29575.11204969712,29575.11204969712,6846
1785996000,29580.25,29581.5,29499,29506,,,29543.187952491415,29561.289639757695,29561.289639757695,11048
1785996900,29506.5,29549,29484,29547,,,29545.093976245706,29558.431711806155,29558.431711806155,11749
1785997800,29546.5,29548.75,29494,29504.75,,,29524.921988122853,29547.695369444926,29547.695369444926,8802
1785998700,29504.25,29528.5,29486.25,29521.5,,,29523.210994061425,29542.45629555594,29542.45629555594,7146
1785999600,29520.75,29564,29506,29551.5,,,29537.355497030712,29544.265036444755,29544.265036444755,12005
1786000500,29552,29562.75,29525.25,29536.75,,,29537.052748515358,29542.762029155805,29542.762029155805,7871
1786001400,29537.75,29542.25,29501.75,29517.25,,,29527.15137425768,29537.659623324646,29537.659623324646,7526
1786002300,29517.5,29538,29500,29506.25,,,29516.70068712884,29531.377698659715,29531.377698659715,7450
1786003200,29506.75,29525.5,29444.25,29460,,,29488.35034356442,29517.102158927773,29517.102158927773,18211
1786004100,29460.25,29514,29446.75,29508,,,29498.17517178221,29515.281727142217,29515.281727142217,11754
1786005000,29509.25,29532.75,29500.5,29503.75,,,29500.962585891106,29512.975381713775,29512.975381713775,9651
1786005900,29503,29524.5,29489.75,29517.25,,,29509.10629294555,29513.83030537102,29513.83030537102,8934
1786006800,29518,29518.5,29437.75,29449.25,,,29479.178146472776,29500.914244296815,29500.914244296815,11946
1786007700,29448.5,29494,29446.5,29482.5,,,29480.839073236388,29497.23139543745,29497.23139543745,8911
1786008600,29483.25,29499,29475.25,29489,,,29484.919536618196,29495.58511634996,29495.58511634996,5204
1786009500,29489,29531,29489,29526.75,,,29505.834768309098,29501.818093079968,29501.818093079968,7090
1786010400,29526.25,29537.5,29495,29503.75,,,29504.79238415455,29502.204474463975,29502.204474463975,7653
1786011300,29503.75,29526.5,29492.75,29517.5,,,29511.146192077274,29505.26357957118,29505.26357957118,6791
1786012200,29517.5,29519.5,29474.75,29480,,,29495.573096038635,29500.210863656943,29500.210863656943,8008
1786013100,29480.5,29493.25,29466.25,29485.5,,,29490.536548019318,29497.268690925554,29497.268690925554,9267
1786014000,29484.5,29488.25,29364.75,29419.25,,,29454.893274009657,29481.664952740444,29481.664952740444,30367
1786014900,29419.5,29474.5,29417.5,29469,,,29461.94663700483,29479.131962192354,29479.131962192354,15408
1786015800,29469.25,29516,29468.5,29493.5,,,29477.723318502416,29482.005569753885,29482.005569753885,15198
1786016700,29494,29512,29439.25,29466.25,,,29471.986659251208,29478.854455803106,29478.854455803106,20667
1786017600,29465.75,29476.25,29409,29412,,,29441.993329625606,29465.483564642484,29465.483564642484,18251
1786018500,29413,29451.75,29388.25,29432,,,29436.996664812803,29458.786851713987,29458.786851713987,17477
1786019400,29432,29462.75,29413,29432,,,29434.4983324064,29453.42948137119,29453.42948137119,17949
1786020300,29432.25,29440,29389,29399,,,29416.7491662032,29442.54358509695,29442.54358509695,18520
1786021200,29399.5,29404,29350,29351.25,,,29383.9995831016,29424.28486807756,29424.28486807756,29692
1786022100,29352,29367.25,29327.5,29334.75,,,29359.3747915508,29406.37789446205,29406.37789446205,35207
1786023000,29335.25,29473.25,29241,29457.75,,,29408.5623957754,29416.65231556964,29416.65231556964,208554
1786023900,29457.75,29551,29447.25,29528,,,29468.2811978877,29438.921852455715,29438.921852455715,160058
1786024800,29528.25,29619.25,29487.75,29608.5,,,29538.39059894385,29472.837481964572,29472.837481964572,134720
1786025700,29608.25,29666.5,29563.5,29587,,,29562.695299471925,29495.669985571658,29495.669985571658,130366
1786026600,29587.5,29651.25,29545.5,29583.5,,,29573.097649735962,29513.235988457327,29513.235988457327,127999
1786027500,29583.5,29658.75,29532.75,29657.25,,,29615.173824867983,29542.038790765862,29542.038790765862,112466
1786028400,29656.5,29686.25,29598.75,29645.5,,,29630.33691243399,29562.73103261269,29562.73103261269,97866
1786029300,29646,29663.25,29564,29607.75,,,29619.043456216998,29571.734826090153,29571.734826090153,93729
1786030200,29607.5,29627.75,29533.25,29534.75,,,29576.8967281085,29564.33786087212,29564.33786087212,80305
1786031100,29534.5,29625.5,29505.75,29516.25,,,29546.57336405425,29554.720288697696,29554.720288697696,96246
1786032000,29516.5,29542.75,29478.5,29488,,,29517.286682027123,29541.376230958158,29541.376230958158,74872
1786032900,29488.75,29505,29448.75,29471.25,,,29494.26834101356,29527.350984766526,29527.350984766526,72190
1786033800,29471.75,29527.75,29461,29478.75,,,29486.509170506783,29517.63078781322,29517.63078781322,64620
1786034700,29478,29558.25,29468,29556.75,,,29521.62958525339,29525.454630250577,29525.454630250577,54697
1786035600,29556.75,29574.25,29515.5,29523.75,,,29522.689792626697,29525.113704200463,29525.113704200463,54273
1786036500,29524.25,29552.75,29512.25,29528,,,29525.34489631335,29525.690963360372,29525.690963360372,42239
1786037400,29527.75,29543,29493.25,29509.5,,,29517.422448156674,29522.4527706883,29522.4527706883,33995
1786038300,29509.75,29533.75,29494.5,29529.25,,,29523.33622407834,29523.81221655064,29523.81221655064,33873
1786039200,29528.75,29547.25,29505.75,29543.25,,,29533.29311203917,29527.69977324051,29527.69977324051,34334
1786040100,29543,29576,29498.5,29557.25,,,29545.271556019587,29533.60981859241,29533.60981859241,48532
1786041000,29557,29560.75,29500.75,29520.5,,,29532.885778009793,29530.98785487393,29530.98785487393,31801
1786041900,29521,29537,29506,29515.75,,,29524.317889004895,29527.940283899145,29527.940283899145,29572
1786042800,29515.75,29570.75,29510,29535.75,,,29530.033944502447,29529.502227119316,29529.502227119316,40036
1786043700,29536,29551.25,29496,29508.5,,,29519.266972251222,29525.301781695453,29525.301781695453,36113
1786044600,29507.75,29546,29488.75,29503.75,,,29511.50848612561,29520.991425356362,29520.991425356362,38973
1786045500,29503.75,29536.25,29475,29497.25,,,29504.379243062805,29516.24314028509,29516.24314028509,62478
1786046400,29496.75,29551.5,29496.25,29536,,,29520.189621531405,29520.19451222807,29520.19451222807,26099
1786047300,29536,29549,29482.75,29493.5,,,29506.844810765702,29514.855609782455,29514.855609782455,16376
1786048200,29493.5,29504.75,29480,29494,,,29500.42240538285,29510.684487825965,29510.684487825965,7670
1786049100,29494,29507,29487.25,29504.5,,,29502.461202691426,29509.447590260774,29509.447590260774,4318
1786053600,29515,29580,29494,29572,,,29537.230601345713,29521.958072208618,29521.958072208618,10668
1786054500,29572.75,29581,29542.5,29549.5,,,29543.365300672856,29527.466457766895,29527.466457766895,9801
1786055400,29549.5,29562.75,29529.25,29554,,,29548.68265033643,29532.773166213516,29532.773166213516,8682
1786056300,29554,29568,29546.75,29564.75,,,29556.716325168214,29539.168532970813,29539.168532970813,4290
1786057200,29564.75,29571,29553.75,29557.75,,,29557.233162584107,29542.88482637665,29542.88482637665,4955
1786058100,29558.5,29597.5,29558.5,29573.25,,,29565.24158129205,29548.95786110132,29548.95786110132,11411
1786059000,29574,29589,29562.25,29582.75,,,29573.995790646026,29555.716288881056,29555.716288881056,9633
1786059900,29582.5,29604,29574.5,29595.25,,,29584.622895323013,29563.623031104846,29563.623031104846,9840
1786060800,29594.5,29619.25,29562.5,29574.75,,,29579.68644766151,29565.848424883876,29565.848424883876,19816
1786061700,29575,29575.5,29496.25,29513.75,,,29546.718223830754,29555.4287399071,29555.4287399071,25658
1786062600,29514,29574.75,29500.5,29539.5,,,29543.10911191538,29552.24299192568,29552.24299192568,25371
1786063500,29539.75,29573.75,29503.25,29561.75,,,29552.42955595769,29554.144393540544,29554.144393540544,20078
1786064400,29562,29582.5,29515,29525,,,29538.714777978843,29548.315514832437,29548.315514832437,18316
1786065300,29525.75,29536,29482.75,29529.25,,,29533.98238898942,29544.50241186595,29544.50241186595,20235
1786066200,29529.25,29581.5,29493.75,29522.75,,,29528.36619449471,29540.15192949276,29540.15192949276,24767
1786067100,29521.75,29539.75,29501.75,29526.5,,,29527.433097247354,29537.42154359421,29537.42154359421,13840
1786068000,29526.75,29548.5,29489.25,29531.25,,,29529.341548623677,29536.187234875368,29536.187234875368,15398
1786068900,29531,29542.25,29514.75,29526,,,29527.67077431184,29534.149787900293,29534.149787900293,7945
1786069800,29525.5,29527.5,29476,29499,,,29513.33538715592,29527.119830320233,29527.119830320233,12762
1786070700,29498.75,29535.75,29493,29525.75,,,29519.54269357796,29526.845864256185,29526.845864256185,7791
1786071600,29526.25,29549.25,29525.25,29530.25,,,29524.89634678898,29527.52669140495,29527.52669140495,7408
1786072500,29530.25,29534,29490,29503.75,,,29514.323173394492,29522.77135312396,29522.77135312396,10469
1786073400,29504,29522.75,29496.5,29506,,,29510.161586697246,29519.417082499167,29519.417082499167,6653
1786074300,29506.5,29513,29485.5,29487.75,,,29498.95579334862,29513.083665999333,29513.083665999333,5934
1786075200,29488.75,29501.5,29463.75,29478.5,,,29488.72789667431,29506.166932799468,29506.166932799468,7969
1786076100,29478.75,29517.25,29455,29508,,,29498.363948337155,29506.533546239574,29506.533546239574,12627
1786077000,29508.75,29525.75,29492.25,29494.75,,,29496.556974168576,29504.17683699166,29504.17683699166,7016
1786077900,29494.25,29513.25,29488.75,29509.5,,,29503.028487084288,29505.24146959333,29505.24146959333,5202
1786078800,29508.75,29557,29505.5,29538.25,,,29520.639243542144,29511.843175674665,29511.843175674665,9868
1786079700,29538.25,29555,29536.5,29547.5,,,29534.069621771072,29518.974540539733,29518.974540539733,3687
1786080600,29547.25,29551,29519.25,29533.5,,,29533.784810885536,29521.87963243179,29521.87963243179,4859
1786081500,29533.75,29538.75,29522,29522.75,,,29528.26740544277,29522.05370594543,29522.05370594543,2920
1786082400,29523.25,29564.5,29520.5,29559.75,,,29544.008702721385,29529.592964756343,29529.592964756343,7291
1786083300,29559.25,29584.75,29543.75,29581,,,29562.504351360694,29539.874371805075,29539.874371805075,7622
1786084200,29580.5,29582.5,29539.25,29545.75,,,29554.127175680347,29541.04949744406,29541.04949744406,6214
1786085100,29545,29555,29536.75,29552.75,,,29553.438587840174,29543.389597955247,29543.389597955247,3893
1786086000,29552.25,29592.75,29531.75,29592.75,,,29573.094293920087,29553.261678364197,29553.261678364197,9729
1786086900,29592.25,29593,29574.5,29588,,,29580.547146960045,29560.209342691356,29560.209342691356,5032
1786087800,29588,29591.5,29570,29582.75,,,29581.648573480023,29564.717474153083,29564.717474153083,5154
1786088700,29583.25,29588.75,29562.25,29583.25,,,29582.44928674001,29568.423979322466,29568.423979322466,6087
1786089600,29584,29627.75,29583.25,29624.25,,,29603.349643370006,29579.589183457974,29579.589183457974,11735
1786090500,29624.75,29630,29599,29624,,,29613.674821685003,29588.47134676638,29588.47134676638,7462
1786091400,29624,29647.5,29609,29625.75,,,29619.7124108425,29595.927077413104,29595.927077413104,8799
1786092300,29626,29639.25,29615,29633.25,,,29626.481205421253,29603.391661930484,29603.391661930484,6590
1786093200,29633,29648.75,29625.75,29641.5,,,29633.990602710626,29611.01332954439,29611.01332954439,5856
1786094100,29641.5,29650.5,29623.75,29634.5,,,29634.245301355313,29615.71066363551,29615.71066363551,5610
1786095000,29634.25,29647.25,29621,29628.75,,,29631.49765067766,29618.318530908407,29618.318530908407,4710
1786095900,29628.75,29636.25,29615.75,29617.25,,,29624.37382533883,29618.104824726724,29618.104824726724,4813
1786096800,29618.25,29629.75,29608.75,29609,,,29616.686912669415,29616.28385978138,29616.28385978138,5500
1786097700,29609.5,29621.5,29592.25,29621.25,,,29618.968456334707,29617.277087825103,29617.277087825103,6866
1786098600,29621,29625.75,29609.75,29622.25,,,29620.609228167355,29618.27167026008,29618.27167026008,4166
1786099500,29621.25,29624.5,29600.5,29607.25,,,29613.929614083678,29616.067336208063,29616.067336208063,4418
1786100400,29606.75,29648.5,29606.25,29638,,,29625.96480704184,29620.45386896645,29620.45386896645,9291
1786101300,29637.25,29662,29635.75,29653,,,29639.48240352092,29626.96309517316,29626.96309517316,7742
1786102200,29653.25,29669.75,29646.75,29665.5,,,29652.49120176046,29634.670476138526,29634.670476138526,7182
1786103100,29666.25,29666.5,29612,29613.75,,,29633.12060088023,29630.48638091082,29630.48638091082,10015
1786104000,29614,29673,29604.75,29658.75,,,29645.935300440113,29636.139104728656,29636.139104728656,14124
1786104900,29658.5,29685.5,29596,29674.5,,,29660.217650220056,29643.811283782925,29643.811283782925,14822
1786105800,29667.25,29814,29647.5,29802,,,29731.10882511003,29675.44902702634,29675.44902702634,53747
1786106700,29802,29867.25,29801.75,29843.5,,,29787.304412555015,29709.05922162107,29709.05922162107,38253
1786107600,29843.75,29851.25,29734,29741,,,29764.152206277508,29715.447377296856,29715.447377296856,45850
1786108500,29742,29745.5,29686,29714.75,,,29739.451103138752,29715.307901837485,29715.307901837485,40848
1786109400,29714.5,29813,29683,29787.25,,,29763.350551569376,29729.696321469986,29729.696321469986,186944
1786110300,29787.5,29821.75,29644.25,29678.75,,,29721.050275784688,29719.50705717599,29719.50705717599,155633
1786111200,29679,29713,29564.25,29584.75,,,29652.900137892342,29692.55564574079,29692.55564574079,163702
1786112100,29585.5,29779,29568.25,29761,,,29706.95006894617,29706.244516592633,29706.244516592633,140782
1786113000,29760.75,29774.75,29660,29676,,,29691.475034473086,29700.195613274107,29700.195613274107,115387
1786113900,29676,29733.5,29666.25,29720.25,,,29705.862517236543,29704.206490619286,29704.206490619286,75335
1786114800,29721,29783,29708.75,29759.75,,,29732.80625861827,29715.31519249543,29715.31519249543,60470
1786115700,29760,29828.75,29746.75,29826.75,,,29779.778129309136,29737.602153996344,29737.602153996344,52496
1786116600,29826.25,29855,29793.75,29811.75,,,29795.76406465457,29752.431723197074,29752.431723197074,60905
1786117500,29812.25,29843.25,29796.25,29814.25,,,29805.007032327285,29764.79537855766,29764.79537855766,43023
1786118400,29814.5,29830.25,29794.25,29799.75,,,29802.37851616364,29771.78630284613,29771.78630284613,37097
1786119300,29800,29821.5,29689,29714.25,,,29758.31425808182,29760.279042276903,29760.279042276903,75583
1786120200,29714.25,29761.25,29669,29754.25,,,29756.282129040912,29759.073233821524,29759.073233821524,66446
1786121100,29754.75,29780.75,29738,29739.75,,,29748.016064520456,29755.20858705722,29755.20858705722,39070
1786122000,29740.25,29768.5,29726.25,29735.5,,,29741.75803226023,29751.266869645777,29751.266869645777,36413
1786122900,29735.5,29765,29725.5,29747.75,,,29744.754016130115,29750.563495716622,29750.563495716622,29333
1786123800,29747.75,29764.5,29727,29745.25,,,29745.002008065057,29749.5007965733,29749.5007965733,27572
1786124700,29745.5,29759.25,29735,29743.25,,,29744.12600403253,29748.25063725864,29748.25063725864,17587
1786125600,29743.5,29754.75,29712.75,29721,,,29732.563002016264,29742.80050980691,29742.80050980691,21862
1786126500,29721.25,29734.25,29702.75,29706,,,29719.281501008132,29735.44040784553,29735.44040784553,26044
1786127400,29706,29724.5,29678.75,29681,,,29700.140750504066,29724.552326276425,29724.552326276425,30034
1786128300,29681.5,29731,29676.75,29725.25,,,29712.695375252035,29724.69186102114,29724.69186102114,32764
1786129200,29724.75,29810,29722.75,29799.75,,,29756.222687626017,29739.70348881691,29739.70348881691,47358
1786130100,29800.5,29823.25,29791.75,29811,,,29783.61134381301,29753.962791053527,29753.962791053527,39036
1786131000,29811.25,29812,29772,29779.75,,,29781.680671906506,29759.120232842823,29759.120232842823,34849
1786131900,29779.5,29860.5,29778,29833.5,,,29807.590335953253,29773.996186274257,29773.996186274257,57154
1786132800,29833.5,29850.5,29805,29820,,,29813.795167976627,29783.196949019406,29783.196949019406,23046
1786133700,29820.75,29829.5,29803.75,29804.5,,,29809.147583988313,29787.457559215523,29787.457559215523,6295
1786134600,29805.5,29826,29802.5,29814.25,,,29811.698791994157,29792.81604737242,29792.81604737242,5125
1786135500,29814.25,29844,29812.75,29841,,,29826.34939599708,29802.452837897938,29802.452837897938,4681
1786312800,29851.5,29897,29820,29828,,,29827.17469799854,29807.56227031835,29807.56227031835,19216
1786313700,29828,29855,29805,29838.5,,,29832.83734899927,29813.74981625468,29813.74981625468,15433
1786314600,29838.5,29853.25,29814,29836,,,29834.418674499633,29818.199853003745,29818.199853003745,10143
1786315500,29837,29852.25,29830.5,29844.25,,,29839.334337249817,29823.409882402997,29823.409882402997,5658
1786316400,29845,29876.5,29833,29861.75,,,29850.54216862491,29831.077905922397,29831.077905922397,10103
1786317300,29861.75,29881.75,29855,29863.5,,,29857.021084312455,29837.56232473792,29837.56232473792,7819
1786318200,29864,29865.75,29834.25,29862.25,,,29859.635542156226,29842.499859790336,29842.499859790336,12328
1786319100,29863,29873.5,29827.75,29829.75,,,29844.692771078113,29839.94988783227,29839.94988783227,11450
1786320000,29829.25,29906.5,29797.75,29892.25,,,29868.47138553906,29850.409910265815,29850.409910265815,30519
1786320900,29892.25,29899.75,29839,29847,,,29857.73569276953,29849.72792821265,29849.72792821265,17342
1786321800,29846.25,29865.5,29800,29806.75,,,29832.242846384765,29841.13234257012,29841.13234257012,19652
1786322700,29806.75,29831.25,29788,29803,,,29817.62142319238,29833.505874056096,29833.505874056096,16646
1786323600,29802.5,29855,29791.5,29853,,,29835.31071159619,29837.40469924488,29837.40469924488,16980
1786324500,29852.5,29884.5,29846,29864.25,,,29849.780355798095,29842.773759395903,29842.773759395903,16774
1786325400,29864.5,29881.25,29841.25,29875.5,,,29862.640177899048,29849.319007516722,29849.319007516722,15445
1786326300,29875.25,29895,29871.5,29884.5,,,29873.570088949524,29856.355206013377,29856.355206013377,9122
1786327200,29885.75,29895.25,29869,29872.25,,,29872.91004447476,29859.534164810702,29859.534164810702,9853
1786328100,29873.5,29874,29852.25,29870,,,29871.45502223738,29861.627331848562,29861.627331848562,9175
1786329000,29869.75,29891.25,29848.5,29890,,,29880.72751111869,29867.30186547885,29867.30186547885,9566
1786329900,29889.5,29899.25,29880.5,29881,,,29880.863755559345,29870.04149238308,29870.04149238308,7016
1786330800,29881,29892,29868.5,29876.5,,,29878.681877779673,29871.333193906463,29871.333193906463,7050
1786331700,29876.75,29891.5,29871,29880.5,,,29879.590938889836,29873.16655512517,29873.16655512517,8047
1786332600,29880.5,29897.75,29873,29897.25,,,29888.420469444918,29877.983244100138,29877.983244100138,5867
1786333500,29897.25,29899,29870.5,29878.5,,,29883.460234722457,29878.08659528011,29878.08659528011,5994
1786334400,29878.25,29898,29872,29894.75,,,29889.10511736123,29881.41927622409,29881.41927622409,6107
1786335300,29895.25,29904,29890.25,29899.25,,,29894.177558680614,29884.985420979272,29884.985420979272,5203
1786336200,29899.5,29900,29863.75,29886.75,,,29890.46377934031,29885.338336783418,29885.338336783418,7354
1786337100,29887.5,29902,29872.25,29882.25,,,29886.356889670154,29884.720669426733,29884.720669426733,6479
1786338000,29881.75,29919.25,29880.75,29917.25,,,29901.803444835077,29891.226535541387,29891.226535541387,8626
1786338900,29917,29924.25,29909,29910.25,,,29906.02672241754,29895.03122843311,29895.03122843311,5603
1786339800,29910,29919.5,29903,29905.25,,,29905.63836120877,29897.074982746486,29897.074982746486,4474
1786340700,29905,29930.5,29899.25,29929.5,,,29917.569180604383,29903.55998619719,29903.55998619719,6170
1786341600,29929.75,29962,29926.5,29956.5,,,29937.03459030219,29914.147988957753,29914.147988957753,10149
1786342500,29956.5,29963.75,29907.75,29914.25,,,29925.642295151098,29914.168391166204,29914.168391166204,11331
1786343400,29913.75,29925,29907,29917.75,,,29921.69614757555,29914.884712932962,29914.884712932962,7083
1786344300,29918,29924,29904.25,29908.75,,,29915.223073787776,29913.65777034637,29913.65777034637,4393
1786345200,29908.5,29923.25,29886.75,29913.25,,,29914.236536893888,29913.576216277095,29913.576216277095,10709
1786346100,29913.75,29953.25,29911,29952,,,29933.118268446946,29921.260973021675,29921.260973021675,9722
1786347000,29951.5,29969.5,29947.5,29965.75,,,29949.434134223473,29930.15877841734,29930.15877841734,6750
1786347900,29966,29985,29935.75,29952.75,,,29951.092067111735,29934.67702273387,29934.67702273387,10540
1786348800,29953,29981.25,29946.5,29962.5,,,29956.796033555867,29940.241618187098,29940.241618187098,11278
1786349700,29962.5,29973.5,29939,29952.25,,,29954.523016777934,29942.643294549678,29942.643294549678,8033
1786350600,29953,29972.25,29943.75,29956,,,29955.26150838897,29945.31463563974,29945.31463563974,5547
1786351500,29955.25,29975.75,29949,29971.75,,,29963.505754194484,29950.601708511793,29950.601708511793,4954
1786352400,29972,29984.25,29965.5,29976,,,29969.752877097242,29955.681366809433,29955.681366809433,4962
1786353300,29976,29982.25,29963,29968.5,,,29969.12643854862,29958.245093447546,29958.245093447546,4425
1786354200,29968.25,29971.75,29936,29944.75,,,29956.93821927431,29955.546074758036,29955.546074758036,7432
1786355100,29944.75,29952.25,29936,29938.25,,,29947.594109637153,29952.08685980643,29952.08685980643,4494
1786356000,29939,29959.25,29916,29918,,,29932.797054818577,29945.269487845144,29945.269487845144,9522
1786356900,29918.25,29952,29915.25,29945.5,,,29939.14852740929,29945.315590276114,29945.315590276114,7176
1786357800,29945.25,29945.75,29909.25,29919.25,,,29929.199263704642,29940.10247222089,29940.10247222089,8196
1786358700,29918.5,29938.25,29909.25,29912.75,,,29920.97463185232,29934.631977776713,29934.631977776713,7460
1786359600,29912.5,29926.25,29851.75,29876.5,,,29898.737315926162,29923.00558222137,29923.00558222137,18751
1786360500,29876.5,29913,29864.25,29909.25,,,29903.99365796308,29920.254465777096,29920.254465777096,12744
1786361400,29909,29915,29872.5,29875,,,29889.49682898154,29911.203572621678,29911.203572621678,12424
1786362300,29874.5,29885.25,29845.25,29871,,,29880.248414490772,29903.16285809734,29903.16285809734,14067
1786363200,29871.5,29884.25,29843,29846,,,29863.124207245386,29891.730286477872,29891.730286477872,12908
1786364100,29846,29847.75,29810.25,29822.75,,,29842.937103622695,29877.934229182298,29877.934229182298,14154
1786365000,29822.25,29829.25,29780.25,29804,,,29823.468551811347,29863.147383345837,29863.147383345837,21088
1786365900,29804.25,29809.75,29771,29777.75,,,29800.609275905674,29846.067906676668,29846.067906676668,14288
1786366800,29777.75,29816.25,29771.75,29804.5,,,29802.55463795284,29837.754325341335,29837.754325341335,22991
1786367700,29804.75,29823.5,29789,29805.5,,,29804.02731897642,29831.30346027307,29831.30346027307,27872
1786368600,29805.5,29841.25,29719,29775.5,,,29789.76365948821,29820.142768218455,29820.142768218455,197684
1786369500,29775.25,29832.75,29754.25,29806.75,,,29798.256829744103,29817.464214574764,29817.464214574764,137921
1786370400,29806.5,29894,29788.25,29881.25,,,29839.75341487205,29830.221371659813,29830.221371659813,106966
1786371300,29881.75,29900,29801.25,29857.75,,,29848.751707436026,29835.72709732785,29835.72709732785,108869
1786372200,29857.75,29893,29838.75,29866.25,,,29857.50085371801,29841.83167786228,29841.83167786228,77973
1786373100,29866.5,29886.25,29776.75,29779.5,,,29818.500426859006,29829.365342289824,29829.365342289824,89395
1786374000,29779.75,29823.5,29764.75,29793,,,29805.750213429503,29822.09227383186,29822.09227383186,80535
1786374900,29793.5,29817.5,29753.5,29777.75,,,29791.750106714753,29813.223819065486,29813.223819065486,57489
1786375800,29777,29809,29741.25,29808,,,29799.875053357377,29812.17905525239,29812.17905525239,56054
1786376700,29808,29855,29786.5,29844,,,29821.93752667869,29818.543244201912,29818.543244201912,50900
1786377600,29844.25,29858.75,29811.5,29822,,,29821.968763339344,29819.23459536153,29819.23459536153,37811
1786378500,29822,29844,29803.75,29810,,,29815.984381669674,29817.387676289225,29817.387676289225,42119
1786379400,29809.5,29817.25,29730.25,29742.5,,,29779.242190834837,29802.41014103138,29802.41014103138,66861
1786380300,29742.25,29781,29732.5,29779.75,,,29779.496095417417,29797.878112825107,29797.878112825107,45895
1786381200,29780,29808.75,29760.25,29800.75,,,29790.12304770871,29798.452490260086,29798.452490260086,38575
1786382100,29800.5,29811.5,29776,29786.75,,,29788.436523854354,29796.11199220807,29796.11199220807,28829
1786383000,29786.5,29797.5,29756,29759.75,,,29774.093261927177,29788.839593766454,29788.839593766454,28176
1786383900,29759.5,29767.5,29744.25,29759.25,,,29766.67163096359,29782.921675013164,29782.921675013164,30542
1786384800,29759.5,29772.25,29748.25,29751.25,,,29758.960815481794,29776.58734001053,29776.58734001053,25582
1786385700,29751.5,29756.5,29742.25,29746.75,,,29752.8554077409,29770.619872008425,29770.619872008425,19072
1786386600,29747.75,29774.5,29742.25,29772,,,29762.42770387045,29770.89589760674,29770.89589760674,30406
1786387500,29772.5,29784.75,29759.5,29782,,,29772.213851935223,29773.11671808539,29773.11671808539,22238
1786388400,29782.75,29794.75,29775.5,29789.5,,,29780.85692596761,29776.393374468313,29776.393374468313,24747
1786389300,29789.75,29796.5,29779.25,29781.75,,,29781.303462983808,29777.46469957465,29777.46469957465,21757
1786390200,29782.25,29793.5,29770.25,29775.75,,,29778.526731491904,29777.12175965972,29777.12175965972,25465
1786391100,29776.25,29784.5,29722.75,29744,,,29761.263365745952,29770.497407727777,29770.497407727777,57857
1786392000,29744.25,29755,29739.5,29744.75,,,29753.006682872976,29765.34792618222,29765.34792618222,19183
1786392900,29745,29755,29737,29751.25,,,29752.128341436488,29762.528340945777,29762.528340945777,7205
1786393800,29751.5,29759.5,29743,29757.5,,,29754.814170718244,29761.522672756622,29761.522672756622,5282
1786394700,29757.75,29770,29755.75,29763.75,,,29759.282085359122,29761.9681382053,29761.9681382053,5495
1786399200,29764.25,29788.5,29752.25,29761,,,29760.141042679563,29761.77451056424,29761.77451056424,8528
1786400100,29761.5,29763.75,29732.75,29745.5,,,29752.82052133978,29758.519608451392,29758.519608451392,7376
1786401000,29746.75,29747.5,29720.25,29724.75,,,29738.78526066989,29751.765686761115,29751.765686761115,7045
1786401900,29725,29736.75,29724,29732.5,,,29735.642630334944,29747.91254940889,29747.91254940889,3845
1786402800,29732.5,29734.75,29719.25,29731,,,29733.32131516747,29744.53003952711,29744.53003952711,4061
1786403700,29731.25,29732,29702.5,29708.25,,,29720.785657583736,29737.274031621688,29737.274031621688,8070
1786404600,29708.75,29715.75,29701.75,29714.25,,,29717.517828791868,29732.66922529735,29732.66922529735,4860
1786405500,29713.75,29726.5,29677.75,29703.5,,,29710.508914395934,29726.83538023788,29726.83538023788,15090
1786406400,29703,29753.75,29666,29748.5,,,29729.504457197967,29731.168304190305,29731.168304190305,28351
1786407300,29748.5,29765,29724.75,29762.75,,,29746.127228598983,29737.484643352243,29737.484643352243,18133
1786408200,29762.75,29782.75,29755.75,29779,,,29762.56361429949,29745.787714681795,29745.787714681795,12501
1786409100,29780,29794.25,29777,29784.75,,,29773.656807149746,29753.580171745438,29753.580171745438,10559
1786410000,29784.75,29826.25,29764.25,29826,,,29799.828403574873,29768.06413739635,29768.06413739635,21212
1786410900,29826,29839.75,29809.75,29820,,,29809.914201787436,29778.45130991708,29778.45130991708,14572
1786411800,29819.75,29828,29810,29822.25,,,29816.08210089372,29787.211047933662,29787.211047933662,8947
1786412700,29822.25,29842.75,29817,29818.5,,,29817.29105044686,29793.46883834693,29793.46883834693,9380
1786413600,29818,29830.75,29812,29820.75,,,29819.02052522343,29798.925070677542,29798.925070677542,8214
1786414500,29820.75,29827.75,29812.75,29823.5,,,29821.260262611715,29803.840056542034,29803.840056542034,5693
1786415400,29824,29839.75,29823.5,29839.5,,,29830.380131305858,29810.972045233626,29810.972045233626,6929
1786416300,29839,29846.25,29815,29818.75,,,29824.56506565293,29812.5276361869,29812.5276361869,7929
1786417200,29818.5,29832.25,29814.75,29821.75,,,29823.157532826466,29814.37210894952,29814.37210894952,5926
1786418100,29822,29847.5,29817.75,29841.5,,,29832.328766413233,29819.797687159615,29819.797687159615,6375
1786419000,29841.5,29843.25,29826.25,29832.5,,,29832.41438320662,29822.338149727693,29822.338149727693,5568
1786419900,29832.75,29843.25,29828.25,29831.75,,,29832.08219160331,29824.220519782153,29824.220519782153,3217
1786420800,29832.25,29850.75,29832.25,29848,,,29840.041095801655,29828.976415825724,29828.976415825724,4573
1786421700,29848.5,29854.75,29838.5,29853.5,,,29846.77054790083,29833.88113266058,29833.88113266058,3901
1786422600,29852.75,29862,29834.75,29838.5,,,29842.635273950415,29834.804906128462,29834.804906128462,6563
1786423500,29838.75,29847.25,29833.75,29839.25,,,29840.942636975207,29835.69392490277,29835.69392490277,3488
1786424400,29839.25,29855,29830.25,29852,,,29846.471318487602,29838.95513992222,29838.95513992222,5455
1786425300,29851.75,29853.5,29813,29814.5,,,29830.4856592438,29834.064111937776,29834.064111937776,6966
1786426200,29814.75,29829.5,29798.75,29815,,,29822.7428296219,29830.251289550222,29830.251289550222,9149
1786427100,29815,29817.75,29788.25,29792.75,,,29807.74641481095,29822.75103164018,29822.75103164018,7352
1786428000,29793.25,29827.5,29787,29819.75,,,29813.748207405475,29822.150825312143,29822.150825312143,8211
1786428900,29820,29822,29765.75,29771,,,29792.374103702736,29811.920660249714,29811.920660249714,12162
1786429800,29771,29789.5,29732.25,29783.5,,,29787.937051851368,29806.23652819977,29806.23652819977,16234
1786430700,29784,29787,29738.25,29754.75,,,29771.343525925684,29795.939222559817,29795.939222559817,8460
1786431600,29755.25,29770.5,29733.5,29759,,,29765.17176296284,29788.551378047854,29788.551378047854,11119
1786432500,29758.25,29765,29726,29743.75,,,29754.46088148142,29779.591102438284,29779.591102438284,10409
1786433400,29744.25,29780,29742.5,29768.75,,,29761.60544074071,29777.422881950628,29777.422881950628,8127
1786434300,29768.5,29779.5,29752.75,29775.25,,,29768.427720370353,29776.988305560502,29776.988305560502,6724
1786435200,29774.75,29805.5,29730,29731.5,,,29749.963860185177,29767.890644448402,29767.890644448402,16552
1786436100,29732.25,29748.5,29718,29733,,,29741.48193009259,29760.91251555872,29760.91251555872,11599
1786437000,29733,29755,29717.5,29754,,,29747.740965046294,29759.530012446976,29759.530012446976,10731
1786437900,29753,29763.75,29742,29749,,,29748.370482523147,29757.42400995758,29757.42400995758,6615
1786438800,29748,29756.25,29718.5,29732.75,,,29740.560241261574,29752.489207966064,29752.489207966064,10333
1786439700,29732.5,29765.75,29731.25,29759.25,,,29749.905120630785,29753.84136637285,29753.84136637285,8820
1786440600,29759,29784.25,29755,29768,,,29758.952560315392,29756.67309309828,29756.67309309828,8577
1786441500,29768,29781.25,29764.25,29769.5,,,29764.226280157694,29759.238474478625,29759.238474478625,4028
1786442400,29769.5,29774.75,29751.25,29755.75,,,29759.988140078847,29758.5407795829,29758.5407795829,6010
1786443300,29756,29833.25,29749.5,29821.5,,,29790.74407003942,29771.132623666323,29771.132623666323,14533
1786444200,29822,29823.75,29801.75,29815,,,29802.87203501971,29779.906098933057,29779.906098933057,6414
1786445100,29814.25,29828,29811,29817.75,,,29810.311017509855,29787.474879146444,29787.474879146444,4904
1786446000,29817.25,29887,29817.25,29872.25,,,29841.280508754928,29804.429903317156,29804.429903317156,25870
1786446900,29871.25,29873.5,29828.5,29834.5,,,29837.890254377464,29810.443922653725,29810.443922653725,10510
1786447800,29834,29836.75,29810.5,29825,,,29831.44512718873,29813.35513812298,29813.35513812298,10859
1786448700,29824.75,29835.5,29812,29832.5,,,29831.972563594365,29817.184110498383,29817.184110498383,6531
1786449600,29832,29864.75,29819,29861.75,,,29846.86128179718,29826.097288398705,29826.097288398705,10211
1786450500,29862,29871.5,29820.5,29829,,,29837.93064089859,29826.677830718963,29826.677830718963,17008
1786451400,29829.25,29857.5,29819.75,29846.25,,,29842.090320449293,29830.59226457517,29830.59226457517,11355
1786452300,29846.25,29853.75,29827.75,29832.25,,,29837.170160224647,29830.923811660137,29830.923811660137,8869
1786453200,29833,29852,29820.25,29828,,,29832.585080112323,29830.33904932811,29830.33904932811,14173
1786454100,29828,29846,29813,29839.75,,,29836.16754005616,29832.221239462488,29832.221239462488,21161
1786455000,29839.25,29842.75,29678.75,29723.5,,,29779.833770028083,29810.47699156999,29810.47699156999,199796
1786455900,29723.25,29735,29636,29732.5,,,29756.16688501404,29794.881593255992,29794.881593255992,148449
1786456800,29733,29793,29718.25,29762.25,,,29759.20844250702,29788.355274604794,29788.355274604794,112485
1786457700,29762.25,29791,29736.75,29777.75,,,29768.47922125351,29786.234219683836,29786.234219683836,106925
1786458600,29777.25,29785,29723.25,29742.25,,,29755.364610626755,29777.437375747068,29777.437375747068,85002
1786459500,29742.25,29805,29739.75,29776.25,,,29765.807305313378,29777.199900597654,29777.199900597654,77769
1786460400,29777.25,29793,29703.25,29712,,,29738.90365265669,29764.159920478123,29764.159920478123,77708
1786461300,29711.75,29735.5,29697.25,29703,,,29720.951826328346,29751.927936382497,29751.927936382497,62043
1786462200,29702.75,29719.5,29664,29693.5,,,29707.225913164173,29740.242349105996,29740.242349105996,67657
1786463100,29693.25,29693.75,29658.25,29663,,,29685.11295658209,29724.793879284796,29724.793879284796,43143
1786464000,29663,29682,29647,29652.5,,,29668.806478291044,29710.33510342784,29710.33510342784,44402
1786464900,29652.5,29669.75,29622,29646,,,29657.403239145522,29697.46808274227,29697.46808274227,48228
1786465800,29646.25,29665.5,29631.5,29636.75,,,29647.076619572763,29685.324466193815,29685.324466193815,35851
1786466700,29636.75,29643.25,29616,29625.75,,,29636.41330978638,29673.409572955054,29673.409572955054,37661
1786467600,29626.5,29634.75,29577.25,29578.25,,,29607.33165489319,29654.377658364043,29654.377658364043,43492
1786468500,29578.25,29618.5,29573,29606.5,,,29606.915827446595,29644.802126691233,29644.802126691233,44431
1786469400,29606.5,29638.25,29599,29634.75,,,29620.832913723298,29642.791701352988,29642.791701352988,34161
1786470300,29634.25,29641,29622.5,29629,,,29624.916456861647,29640.03336108239,29640.03336108239,23462
1786471200,29629,29635.75,29601.25,29607.75,,,29616.333228430824,29633.576688865913,29633.576688865913,32386
1786472100,29607.75,29614.25,29533.5,29544.25,,,29580.291614215414,29615.71135109273,29615.71135109273,43998
1786473000,29544.75,29576.75,29540.75,29548.5,,,29564.395807107707,29602.269080874183,29602.269080874183,36610
1786473900,29548.5,29599.5,29548.25,29582.5,,,29573.447903553853,29598.315264699348,29598.315264699348,33312
1786474800,29582.5,29614.75,29571.5,29607.75,,,29590.598951776927,29600.20221175948,29600.20221175948,36503
1786475700,29607.75,29627.25,29601.75,29624.25,,,29607.424475888463,29605.01176940758,29605.01176940758,24315
1786476600,29624.5,29660.25,29620,29639.75,,,29623.58723794423,29611.959415526064,29611.959415526064,37932
1786477500,29640,29650,29606.75,29635.5,,,29629.543618972115,29616.66753242085,29616.66753242085,55658
1786478400,29635.75,29652,29615,29640.25,,,29634.896809486057,29621.38402593668,29621.38402593668,24716
1786479300,29640.5,29677,29639.25,29674.5,,,29654.69840474303,29632.007220749343,29632.007220749343,9879
1786480200,29674.25,29677.5,29665,29670.75,,,29662.724202371515,29639.755776599475,29639.755776599475,5527
1786481100,29670.5,29671.5,29643.5,29647.25,,,29654.987101185758,29641.25462127958,29641.25462127958,4719
1786485600,29663,29664,29628.5,29658.75,,,29656.86855059288,29644.75369702366,29644.75369702366,8338
1786486500,29659,29661.5,29650.25,29654.25,,,29655.55927529644,29646.652957618928,29646.652957618928,3428
1786487400,29654,29667.25,29636.75,29639,,,29647.279637648222,29645.122366095144,29645.122366095144,5785
1786488300,29639.25,29654,29633.75,29649.75,,,29648.51481882411,29646.047892876115,29646.047892876115,4526
1786489200,29649.75,29655,29638,29643,,,29645.757409412057,29645.438314300893,29645.438314300893,4090
1786490100,29642.75,29654.75,29640.5,29652.5,,,29649.12870470603,29646.850651440713,29646.850651440713,2648
1786491000,29652.25,29653,29636,29640.5,,,29644.814352353016,29645.58052115257,29645.58052115257,3756
1786491900,29641.25,29665.25,29634,29662.5,,,29653.657176176508,29648.964416922056,29648.964416922056,7393
1786492800,29662,29671.5,29625,29650,,,29651.828588088254,29649.171533537643,29649.171533537643,20385
1786493700,29649.75,29676,29638.25,29664.75,,,29658.289294044127,29652.287226830114,29652.287226830114,13308
1786494600,29665.25,29681.5,29652.5,29661.5,,,29659.89464702206,29654.129781464093,29654.129781464093,11156
1786495500,29661,29672,29655.5,29667.5,,,29663.69732351103,29656.803825171275,29656.803825171275,7064
1786496400,29666.25,29681,29659.75,29674,,,29668.848661755517,29660.24306013702,29660.24306013702,9928
1786497300,29674,29675.5,29639,29663,,,29665.92433087776,29660.794448109616,29660.794448109616,12103
1786498200,29663,29678.75,29645.25,29678.25,,,29672.08716543888,29664.285558487692,29664.285558487692,9504
1786499100,29677.25,29684.75,29646,29658.5,,,29665.293582719438,29663.128446790153,29663.128446790153,11097
1786500000,29658.5,29671,29649.5,29657.75,,,29661.52179135972,29662.052757432124,29662.052757432124,7015
1786500900,29657.75,29678.5,29654,29677,,,29669.260895679858,29665.042205945698,29665.042205945698,5265
1786501800,29677.25,29694.5,29675.25,29688,,,29678.63044783993,29669.63376475656,29669.63376475656,7145
1786502700,29688,29703.75,29687.75,29702.25,,,29690.440223919963,29676.157011805248,29676.157011805248,5383
1786503600,29702.25,29710.5,29695,29706,,,29698.22011195998,29682.1256094442,29682.1256094442,6243
1786504500,29705.5,29708.5,29694,29702.75,,,29700.48505597999,29686.25048755536,29686.25048755536,4016
1786505400,29702.5,29705,29688.5,29691.75,,,29696.117527989994,29687.35039004429,29687.35039004429,4909
1786506300,29692.25,29701.25,29684,29694.5,,,29695.308763994995,29688.78031203543,29688.78031203543,5490
1786507200,29694.5,29704,29689,29697,,,29696.154381997498,29690.424249628344,29690.424249628344,3767
1786508100,29697,29702.75,29689.75,29697.5,,,29696.82719099875,29691.839399702676,29691.839399702676,2537
1786509000,29697.5,29699.5,29683,29697.25,,,29697.038595499376,29692.92151976214,29692.92151976214,4608
1786509900,29696.75,29716.75,29691.5,29713.5,,,29705.269297749688,29697.037215809713,29697.037215809713,4919
1786510800,29714,29714.5,29684.75,29684.75,,,29695.009648874846,29694.57977264777,29694.57977264777,5302
1786511700,29684.5,29691.25,29668,29688.25,,,29691.629824437423,29693.313818118215,29693.313818118215,7345
1786512600,29688.75,29708.75,29686.5,29700,,,29695.81491221871,29694.65105449457,29694.65105449457,5180
1786513500,29699.5,29718.5,29697,29715.5,,,29705.657456109355,29698.820843595655,29698.820843595655,4203
1786514400,29715,29724.5,29707,29713.75,,,29709.70372805468,29701.806674876523,29701.806674876523,5715
1786515300,29713.25,29721,29697.75,29709.75,,,29709.72686402734,29703.395339901217,29703.395339901217,5669
1786516200,29709.5,29730.5,29705.25,29718.5,,,29714.11343201367,29706.416271920974,29706.416271920974,5805
1786517100,29718.5,29737.5,29717.75,29736.25,,,29725.181716006835,29712.38301753678,29712.38301753678,5162
1786518000,29736.5,29754.75,29735,29741,,,29733.090858003416,29718.106414029426,29718.106414029426,9610
1786518900,29741,29748.25,29728,29738.75,,,29735.920429001708,29722.23513122354,29722.23513122354,4441
1786519800,29738,29744.25,29729.75,29741,,,29738.460214500854,29725.98810497883,29725.98810497883,3754
1786520700,29741,29751,29730.25,29750.75,,,29744.605107250427,29730.940483983064,29730.940483983064,3533
1786521600,29751.25,29781.25,29748,29771,,,29757.802553625213,29738.95238718645,29738.95238718645,10037
1786522500,29771.5,29792.75,29763.5,29785.75,,,29771.776276812605,29748.31190974916,29748.31190974916,6534
1786523400,29785.5,29787,29762.5,29774,,,29772.888138406302,29753.44952779933,29753.44952779933,5137
1786524300,29773.5,29799.5,29771,29793.5,,,29783.19406920315,29761.459622239465,29761.459622239465,4920
1786525200,29794,29812,29793,29808,,,29795.597034601575,29770.767697791573,29770.767697791573,5772
1786526100,29808.25,29849,29804.25,29823.5,,,29809.548517300787,29781.314158233257,29781.314158233257,11679
1786527000,29823.5,29839,29822.75,29829,,,29819.274258650395,29790.851326586606,29790.851326586606,5149
1786527900,29830,29834.75,29802.5,29815.75,,,29817.512129325198,29795.831061269284,29795.831061269284,8150
1786528800,29815.75,29842.5,29814.5,29838.25,,,29827.8810646626,29804.314849015427,29804.314849015427,5389
1786529700,29838.25,29845.25,29833.5,29839,,,29833.4405323313,29811.25187921234,29811.25187921234,3865
1786530600,29839.25,29844,29832.25,29841.25,,,29837.34526616565,29817.251503369873,29817.251503369873,3643
1786531500,29840.75,29841.5,29782.25,29815.5,,,29826.422633082824,29816.9012026959,29816.9012026959,10820
1786532400,29815.25,29837.75,29813.75,29821.25,,,29823.836316541412,29817.77096215672,29817.77096215672,7279
1786533300,29821.25,29822,29805.5,29810.5,,,29817.168158270706,29816.316769725374,29816.316769725374,6072
1786534200,29810,29832,29806,29825.5,,,29821.334079135355,29818.1534157803,29818.1534157803,6361
1786535100,29825.5,29847.75,29819,29845.5,,,29833.417039567677,29823.62273262424,29823.62273262424,5687
1786536000,29846,29858,29829,29829.5,,,29831.45851978384,29824.798186099393,29824.798186099393,9266
1786536900,29829.5,29917.5,29820.75,29909.5,,,29870.47925989192,29841.738548879515,29841.738548879515,15913
1786537800,29904.25,29950,29745,29917.5,,,29893.989629945958,29856.890839103613,29856.890839103613,50987
1786538700,29917,29922.25,29900,29919.75,,,29906.86981497298,29869.46267128289,29869.46267128289,18874
1786539600,29919.25,29941.5,29916.25,29940,,,29923.434907486488,29883.570137026312,29883.570137026312,21069
1786540500,29939,29992.25,29935.75,29991.75,,,29957.592453743244,29905.20610962105,29905.20610962105,33005
1786541400,29991.25,30001.5,29853.25,29899.75,,,29928.671226871622,29904.11488769684,29904.11488769684,182647
1786542300,29900,29970,29860,29907.25,,,29917.96061343581,29904.74191015747,29904.74191015747,155311
1786543200,29907.5,29937,29848.25,29893.5,,,29905.730306717905,29902.493528125975,29902.493528125975,118708
1786544100,29893,29946.25,29864.25,29916.5,,,29911.11515335895,29905.29482250078,29905.29482250078,92939
1786545000,29916.25,29928.75,29835.75,29924.75,,,29917.932576679475,29909.185858000623,29909.185858000623,95804
1786545900,29924.5,29931.75,29848.5,29867.25,,,29892.59128833974,29900.7986864005,29900.7986864005,79022
1786546800,29867.5,29891.25,29838.75,29879.5,,,29886.04564416987,29896.5389491204,29896.5389491204,68771
1786547700,29880.25,29887.5,29843.5,29874.5,,,29880.272822084935,29892.13115929632,29892.13115929632,48800
1786548600,29874.5,29880,29818.75,29828.5,,,29854.38641104247,29879.404927437055,29879.404927437055,60713
1786549500,29828.5,29854,29819,29831.75,,,29843.068205521235,29869.873941949645,29869.873941949645,36268
1786550400,29832.25,29878.25,29829,29873.25,,,29858.15910276062,29870.549153559718,29870.549153559718,39180
1786551300,29873.5,29888,29858,29873.5,,,29865.82955138031,29871.139322847775,29871.139322847775,30343
1786552200,29873.5,29894.75,29850.75,29885,,,29875.414775690155,29873.91145827822,29873.91145827822,39184
1786553100,29885.25,29917.5,29879.25,29905.5,,,29890.457387845076,29880.229166622576,29880.229166622576,30483
1786554000,29905.75,29924.5,29896.75,29911.25,,,29900.853693922538,29886.43333329806,29886.43333329806,27589
1786554900,29911,29920,29888.25,29910,,,29905.42684696127,29891.146666638448,29891.146666638448,29154
1786555800,29909.75,29922.25,29900.75,29915.25,,,29910.338423480636,29895.967333310757,29895.967333310757,21214
1786556700,29915.5,29924,29901.5,29909.75,,,29910.044211740318,29898.723866648605,29898.723866648605,20302
1786557600,29910.25,29918.75,29891,29907.5,,,29908.772105870157,29900.479093318885,29900.479093318885,24373
1786558500,29907,29914,29889.75,29894.25,,,29901.51105293508,29899.233274655107,29899.233274655107,21923
1786559400,29894.25,29928.75,29893.5,29919,,,29910.25552646754,29903.186619724085,29903.186619724085,21815
1786560300,29919.5,29923.25,29884.75,29890.25,,,29900.25276323377,29900.59929577927,29900.59929577927,27908
1786561200,29890.25,29905,29877.5,29884.25,,,29892.251381616887,29897.329436623415,29897.329436623415,26489
1786562100,29884.25,29898.5,29856,29867.5,,,29879.875690808443,29891.36354929873,29891.36354929873,32703
1786563000,29867.25,29868.25,29831.75,29849.75,,,29864.812845404223,29883.040839438985,29883.040839438985,37583
1786563900,29849,29870,29825.5,29853,,,29858.90642270211,29877.032671551187,29877.032671551187,61947
1786564800,29853,29906,29831.25,29847,,,29852.953211351058,29871.02613724095,29871.02613724095,34913
1786565700,29846.75,29851.5,29814,29819.5,,,29836.22660567553,29860.720909792763,29860.720909792763,11625
1786566600,29819.75,29823.5,29809.5,29820.5,,,29828.363302837766,29852.67672783421,29852.67672783421,7642
1786567500,29820.75,29823,29802,29807.25,,,29817.806651418883,29843.59138226737,29843.59138226737,5028
1786572000,29820.25,29832.75,29800.5,29805.5,,,29811.65332570944,29835.973105813893,29835.973105813893,8812
1786572900,29805.25,29809,29784,29793.75,,,29802.70166285472,29827.528484651113,29827.528484651113,7799
1786573800,29793.75,29796,29780.5,29792.25,,,29797.47583142736,29820.47278772089,29820.47278772089,6539
1786574700,29792.25,29804,29788.25,29797.25,,,29797.362915713682,29815.82823017671,29815.82823017671,4320
1786575600,29797.75,29817.25,29796.25,29809.25,,,29803.30645785684,29814.51258414137,29814.51258414137,5978
1786576500,29809.25,29812.75,29801.75,29805.5,,,29804.403228928422,29812.710067313095,29812.710067313095,3808
1786577400,29805.25,29816.25,29792.5,29811,,,29807.70161446421,29812.368053850478,29812.368053850478,5814
1786578300,29810.75,29812.75,29793,29805.25,,,29806.475807232106,29810.94444308038,29810.94444308038,6500
1786579200,29805,29864.25,29796.5,29847,,,29826.737903616053,29818.155554464305,29818.155554464305,18972
1786580100,29847.75,29866.5,29838,29838.75,,,29832.74395180803,29822.274443571445,29822.274443571445,11628
1786581000,29839.75,29852.75,29826.75,29841.75,,,29837.246975904014,29826.169554857155,29826.169554857155,11539
1786581900,29841.5,29850,29829,29845.75,,,29841.498487952005,29830.085643885723,29830.085643885723,9025
1786582800,29845.25,29852.25,29821.25,29830.5,,,29835.999243976003,29830.168515108577,29830.168515108577,12473
1786583700,29830.75,29838.25,29808.25,29817.75,,,29826.874621988,29827.68481208686,29827.68481208686,8957
1786584600,29817.5,29843.75,29813.75,29836.75,,,29831.812310994,29829.49784966949,29829.49784966949,8849
1786585500,29837,29865.75,29828,29857.5,,,29844.656155497,29835.09827973559,29835.09827973559,9374
1786586400,29857.5,29872,29853.75,29862,,,29853.328077748498,29840.478623788473,29840.478623788473,6735
1786587300,29862,29869.5,29857,29861.75,,,29857.53903887425,29844.73289903078,29844.73289903078,4494
1786588200,29861.5,29877.75,29831,29873.75,,,29865.644519437126,29850.536319224622,29850.536319224622,12685
1786589100,29873.25,29875,29865,29868.75,,,29867.197259718563,29854.179055379696,29854.179055379696,4324
1786590000,29868.5,29876,29865.5,29874,,,29870.598629859283,29858.143244303756,29858.143244303756,3147
1786590900,29874,29879.5,29871.25,29874,,,29872.29931492964,29861.314595443004,29861.314595443004,2968
1786591800,29874.75,29880.25,29865.5,29875.75,,,29874.02465746482,29864.2016763544,29864.2016763544,3160
1786592700,29876.75,29881,29875,29878.25,,,29876.13732873241,29867.011341083522,29867.011341083522,2118
1786593600,29878.25,29892.25,29869,29870,,,29873.068664366205,29867.609072866817,29867.609072866817,5733
1786594500,29870,29884,29854,29876.75,,,29874.909332183102,29869.437258293452,29869.437258293452,8192
1786595400,29876.75,29895.75,29876,29879,,,29876.95466609155,29871.34980663476,29871.34980663476,5340
1786596300,29879,29895,29873,29878.5,,,29877.727333045776,29872.779845307807,29872.779845307807,4708
1786597200,29879.75,29916.75,29874,29915,,,29896.363666522888,29881.223876246244,29881.223876246244,7092
1786598100,29915.25,29922.5,29908,29920.75,,,29908.556833261442,29889.129100996994,29889.129100996994,6169
1786599000,29921,29924.25,29896.75,29903,,,29905.77841663072,29891.903280797596,29891.903280797596,8050
1786599900,29903,29908.5,29882.5,29883.75,,,29894.764208315362,29890.272624638077,29890.272624638077,5076
1786600800,29884.25,29896.5,29868.5,29893,,,29893.88210415768,29890.81809971046,29890.81809971046,8881
1786601700,29894,29905.75,29885.25,29897.5,,,29895.69105207884,29892.154479768367,29892.154479768367,4338
1786602600,29897.75,29905.5,29860.75,29862.75,,,29879.22052603942,29886.273583814695,29886.273583814695,8016
1786603500,29862.5,29890.5,29858.5,29888.25,,,29883.73526301971,29886.668867051754,29886.668867051754,5950
1786604400,29887.75,29893.5,29843.75,29853,,,29868.367631509856,29879.935093641405,29879.935093641405,10093
1786605300,29853.25,29873.5,29847.5,29871,,,29869.68381575493,29878.148074913122,29878.148074913122,6176
1786606200,29869.75,29882,29861,29879.5,,,29874.591907877464,29878.418459930497,29878.418459930497,4678
1786607100,29879.75,29881,29858,29860,,,29867.29595393873,29874.7347679444,29874.7347679444,4434
1786608000,29860,29872,29828.75,29838.25,,,29852.772976969365,29867.43781435552,29867.43781435552,14252
1786608900,29838.5,29864.75,29827.5,29858.5,,,29855.636488484684,29865.650251484414,29865.650251484414,7285
1786609800,29859,29865.75,29846,29862.75,,,29859.193244242342,29865.070201187533,29865.070201187533,4993
1786610700,29863,29875.25,29854.5,29861.5,,,29860.34662212117,29864.356160950025,29864.356160950025,5174
1786611600,29861.5,29868.5,29832.5,29832.5,,,29846.423311060586,29857.98492876002,29857.98492876002,5443
1786612500,29832.25,29849.75,29821.25,29837.5,,,29841.961655530293,29853.887943008016,29853.887943008016,5951
1786613400,29837,29861.75,29836.25,29860.75,,,29851.355827765146,29855.26035440641,29855.26035440641,4247
1786614300,29860.5,29879.75,29857.5,29877.5,,,29864.427913882573,29859.708283525128,29859.708283525128,4742
1786615200,29876.5,29878.25,29863,29875,,,29869.713956941287,29862.766626820103,29862.766626820103,4956
1786616100,29875.5,29884.5,29864,29872.5,,,29871.10697847064,29864.713301456082,29864.713301456082,4727
1786617000,29873.75,29881.25,29868.25,29877.75,,,29874.42848923532,29867.320641164864,29867.320641164864,3049
1786617900,29878,29886.25,29874.75,29880.5,,,29877.46424461766,29869.95651293189,29869.95651293189,3453
1786618800,29881,29892.25,29870,29872.5,,,29874.98212230883,29870.465210345512,29870.465210345512,5545
1786619700,29873,29876,29855.25,29862.25,,,29868.616061154415,29868.82216827641,29868.82216827641,5815
1786620600,29863,29888.75,29856.75,29888,,,29878.30803057721,29872.657734621127,29872.657734621127,6603
1786621500,29887.75,29895,29867,29869,,,29873.654015288605,29871.926187696903,29871.926187696903,7814
1786622400,29868.25,29872,29831.5,29841,,,29857.3270076443,29865.740950157524,29865.740950157524,13390
1786623300,29841,29868.25,29813,29836.75,,,29847.03850382215,29859.942760126018,29859.942760126018,13891
1786624200,29853.25,29894,29820,29846,,,29846.519251911075,29857.154208100816,29857.154208100816,25551
1786625100,29845.5,29881.5,29839.5,29880.75,,,29863.634625955536,29861.873366480653,29861.873366480653,13269
1786626000,29880.5,29921,29878.75,29908.5,,,29886.067312977768,29871.198693184524,29871.198693184524,23424
1786626900,29908.25,29920,29899.75,29910.25,,,29898.158656488886,29879.00895454762,29879.00895454762,15658
1786627800,29911.25,30053.75,29862.75,30013,,,29955.579328244443,29905.807163638096,29905.807163638096,187370
1786628700,30012.75,30181,30005.5,30175.75,,,30065.66466412222,29959.795730910475,29959.795730910475,128941
1786629600,30175.75,30214.5,30155.75,30205.5,,,30135.58233206111,30008.93658472838,30008.93658472838,81124
1786630500,30205.5,30237.75,30185,30233.5,,,30184.541166030554,30053.849267782705,30053.849267782705,66044
1786631400,30233,30267,30227.5,30236,,,30210.270583015277,30090.279414226163,30090.279414226163,69724
1786632300,30236,30241.5,30197.75,30199.5,,,30204.88529150764,30112.12353138093,30112.12353138093,72147
1786633200,30199.25,30233.5,30194,30217.5,,,30211.19264575382,30133.198825104744,30133.198825104744,68216
1786634100,30217.75,30240.25,30179.25,30188.5,,,30199.84632287691,30144.259060083794,30144.259060083794,70238
1786635000,30188.25,30198.25,30128.5,30156.75,,,30178.298161438455,30146.757248067035,30146.757248067035,89250
1786635900,30156.75,30156.75,30104,30115.25,,,30146.774080719228,30140.45579845363,30140.45579845363,61395
1786636800,30115.5,30173.25,30114,30141.5,,,30144.137040359616,30140.664638762904,30140.664638762904,49307
1786637700,30141,30189.25,30133.25,30187,,,30165.568520179808,30149.931711010322,30149.931711010322,37858
1786638600,30186.75,30199.75,30168,30183.5,,,30174.534260089902,30156.64536880826,30156.64536880826,32819
1786639500,30183.25,30203.5,30176.25,30193.5,,,30184.01713004495,30164.016295046607,30164.016295046607,26465
1786640400,30194,30233,30192.75,30226,,,30205.008565022476,30176.413036037287,30176.413036037287,31572
1786641300,30226.25,30250.25,30224.25,30237.5,,,30221.25428251124,30188.63042882983,30188.63042882983,28653
1786642200,30237.75,30244.5,30212.25,30214.5,,,30217.87714125562,30193.804343063865,30193.804343063865,24881
1786643100,30214.5,30228.25,30203.5,30204.25,,,30211.06357062781,30195.89347445109,30195.89347445109,25735
1786644000,30205,30215.5,30189.25,30201.25,,,30206.156785313906,30196.964779560873,30196.964779560873,27318
1786644900,30201.5,30208,30181,30192,,,30199.078392656953,30195.9718236487,30195.9718236487,26874
1786645800,30192.25,30236.75,30191.5,30228.5,,,30213.78919632848,30202.47745891896,30202.47745891896,33205
1786646700,30229,30246,30228.25,30244,,,30228.89459816424,30210.781967135168,30210.781967135168,22627
1786647600,30244.25,30273.25,30231.75,30238.75,,,30233.82229908212,30216.375573708134,30216.375573708134,40255
1786648500,30238.5,30245.75,30214.75,30222.75,,,30228.28614954106,30217.650458966506,30217.650458966506,37698
1786649400,30223,30227.75,30202.75,30204.75,,,30216.51807477053,30215.070367173204,30215.070367173204,32869
1786650300,30204.75,30207.5,30173.5,30194.75,,,30205.634037385265,30211.006293738563,30211.006293738563,54133
1786651200,30194.5,30219.5,30141,30208.75,,,30207.192018692633,30210.55503499085,30210.55503499085,31102
1786652100,30208.25,30214.25,30191.25,30198.5,,,30202.846009346315,30208.144027992683,30208.144027992683,7130
1786653000,30197.5,30215.5,30194.5,30209.75,,,30206.298004673157,30208.465222394145,30208.465222394145,4780
1786653900,30209.5,30219.5,30206.5,30216.25,,,30211.274002336577,30210.022177915314,30210.022177915314,4199
1786658400,30213,30218,30186.75,30196.5,,,30203.88700116829,30207.317742332252,30207.317742332252,8170
1786659300,30196.25,30206.5,30189.75,30198.25,,,30201.068500584144,30205.504193865803,30205.504193865803,4058
1786660200,30198.25,30210,30197.5,30207.25,,,30204.159250292072,30205.853355092644,30205.853355092644,3801
1786661100,30206.75,30207.5,30199.75,30204.5,,,30204.329625146034,30205.582684074114,30205.582684074114,2054
1786662000,30203,30225.75,30199.25,30224.75,,,30214.539812573017,30209.41614725929,30209.41614725929,5411
1786662900,30224.75,30227.25,30192.25,30199,,,30206.769906286507,30207.33291780743,30207.33291780743,8039
1786663800,30199,30204.25,30193,30196.5,,,30201.634953143253,30205.166334245943,30205.166334245943,4546
1786664700,30196.5,30205.25,30188.75,30203.25,,,30202.442476571625,30204.783067396755,30204.783067396755,5087
1786665600,30203.25,30232.5,30196,30200.5,,,30201.471238285812,30203.926453917404,30203.926453917404,18781
1786666500,30200.75,30204.5,30177,30185,,,30193.235619142906,30200.14116313392,30200.14116313392,11029
1786667400,30184.5,30191.75,30173.75,30178.5,,,30185.867809571453,30195.812930507138,30195.812930507138,7176
1786668300,30179.25,30186.75,30165.25,30169.75,,,30177.80890478573,30190.60034440571,30190.60034440571,8306
1786669200,30169.5,30169.75,30124.25,30128.75,,,30153.279452392864,30178.23027552457,30178.23027552457,19575
1786670100,30129,30154.75,30124.25,30152.5,,,30152.88972619643,30173.084220419656,30173.084220419656,12561
1786671000,30152.75,30164.75,30140.5,30160.25,,,30156.569863098215,30170.517376335723,30170.517376335723,8781
1786671900,30159.75,30168.5,30149.5,30151.75,,,30154.159931549108,30166.763901068578,30166.763901068578,7402
1786672800,30152,30173.25,30149,30167.5,,,30160.829965774552,30166.911120854864,30166.911120854864,8016
1786673700,30167.25,30170.25,30156.25,30168,,,30164.414982887276,30167.12889668389,30167.12889668389,4907
1786674600,30168,30181,30167,30174.5,,,30169.457491443638,30168.603117347113,30168.603117347113,7028
1786675500,30174.5,30179.5,30149,30154.25,,,30161.85374572182,30165.73249387769,30165.73249387769,6967
1786676400,30154.5,30165.25,30150.75,30162.5,,,30162.17687286091,30165.085995102152,30165.085995102152,5035
1786677300,30162.25,30180.75,30161,30180,,,30171.088436430455,30168.068796081723,30168.068796081723,4667
1786678200,30180.5,30188.25,30155.5,30158.25,,,30164.669218215226,30166.105036865378,30166.105036865378,6250
1786679100,30157.5,30162.75,30151.75,30152.25,,,30158.459609107613,30163.334029492304,30163.334029492304,3065
1786680000,30152.75,30161,30144.25,30155.5,,,30156.979804553805,30161.767223593844,30161.767223593844,6026
1786680900,30155,30165.5,30150.25,30157.75,,,30157.364902276902,30160.963778875077,30160.963778875077,4132
1786681800,30158,30164,30136.5,30154.5,,,30155.93245113845,30159.67102310006,30159.67102310006,5849
1786682700,30154.75,30155.25,30145,30147.25,,,30151.591225569224,30157.186818480048,30157.186818480048,2479
1786683600,30147.5,30152.25,30128,30143,,,30147.295612784612,30154.34945478404,30154.34945478404,6096
1786684500,30144,30153.75,30138,30149.75,,,30148.522806392306,30153.42956382723,30153.42956382723,4283
1786685400,30149.75,30168,30140,30166.75,,,30157.636403196153,30156.093651061783,30156.093651061783,5181
1786686300,30166.75,30184,30164.75,30174,,,30165.81820159808,30159.674920849426,30159.674920849426,5433
1786687200,30174.5,30178.5,30149.5,30152.5,,,30159.15910079904,30158.23993667954,30158.23993667954,5990
1786688100,30153,30164.75,30145.75,30162.5,,,30160.829550399518,30159.09194934363,30159.09194934363,3940
1786689000,30162.25,30165.5,30149.25,30160,,,30160.41477519976,30159.273559474903,30159.273559474903,3440
1786689900,30160,30177.5,30160,30172.5,,,30166.45738759988,30161.918847579924,30161.918847579924,4002
1786690800,30173,30194.5,30171,30175.25,,,30170.853693799938,30164.585078063938,30164.585078063938,9354
1786691700,30175.25,30181.75,30171,30176.75,,,30173.80184689997,30167.01806245115,30167.01806245115,3502
1786692600,30177.5,30203.75,30173,30203.25,,,30188.525923449983,30174.26444996092,30174.26444996092,5209
1786693500,30203,30203.25,30191,30194.5,,,30191.51296172499,30178.311559968737,30178.311559968737,4834
1786694400,30194.5,30235,30187,30214,,,30202.756480862496,30185.44924797499,30185.44924797499,14386
1786695300,30213.5,30231.75,30200.25,30225.25,,,30214.003240431248,30193.40939837999,30193.40939837999,7955
1786696200,30225.5,30241,30221.5,30228,,,30221.001620215626,30200.32751870399,30200.32751870399,7172
1786697100,30228.25,30244.5,30220.5,30221.75,,,30221.375810107813,30204.612014963193,30204.612014963193,4262
1786698000,30221.25,30222,30210.25,30218.75,,,30220.062905053906,30207.439611970556,30207.439611970556,4483
1786698900,30218.5,30232.75,30214.5,30226.5,,,30223.281452526953,30211.251689576446,30211.251689576446,4609
1786699800,30226,30226.75,30206,30210.5,,,30216.890726263475,30211.101351661157,30211.101351661157,4652
1786700700,30210.5,30236.5,30207.25,30235,,,30225.945363131737,30215.881081328924,30215.881081328924,4944
1786701600,30234.25,30250,30233.25,30240.75,,,30233.34768156587,30220.85486506314,30220.85486506314,6236
1786702500,30241,30241.5,30222.5,30229,,,30231.173840782933,30222.48389205051,30222.48389205051,5141
1786703400,30229,30238.5,30223.5,30236.75,,,30233.961920391466,30225.33711364041,30225.33711364041,4685
1786704300,30236.75,30252.5,30233,30251.75,,,30242.85596019573,30230.61969091233,30230.61969091233,6273
1786705200,30251.5,30262.25,30246.75,30254.25,,,30248.552980097866,30235.345752729863,30235.345752729863,7683
1786706100,30254,30254.75,30241.75,30247.5,,,30248.026490048935,30237.77660218389,30237.77660218389,4946
1786707000,30247.75,30259.25,30237.25,30251.25,,,30249.638245024467,30240.47128174711,30240.47128174711,6610
1786707900,30251.5,30268,30249.75,30264,,,30256.819122512235,30245.17702539769,30245.17702539769,6498
1786708800,30264.5,30280.25,30206.75,30237,,,30246.909561256118,30243.541620318152,30243.541620318152,17606
1786709700,30237,30257,30226.25,30248.75,,,30247.82978062806,30244.58329625452,30244.58329625452,10884
1786710600,30251,30279.5,30246.75,30266,,,30256.91489031403,30248.866637003615,30248.866637003615,14994
1786711500,30266.25,30279.5,30254,30268.5,,,30262.707445157015,30252.793309602894,30252.793309602894,11733
1786712400,30268.25,30287.25,30252.5,30253.5,,,30258.103722578508,30252.934647682316,30252.934647682316,13289
1786713300,30253.5,30262,30235.25,30241.5,,,30249.801861289256,30250.647718145854,30250.647718145854,20136
1786714200,30241.5,30269.5,30170,30260.5,,,30255.150930644628,30252.618174516683,30252.618174516683,179138
1786715100,30260.5,30280.75,30205,30226.5,,,30240.825465322312,30247.394539613346,30247.394539613346,143484
1786716000,30226.25,30272.25,30203,30221.25,,,30231.037732661156,30242.165631690677,30242.165631690677,97259
1786716900,30221.75,30229.5,30134.25,30159.5,,,30195.268866330578,30225.632505352543,30225.632505352543,120159
1786717800,30159.5,30176.25,30129,30155.5,,,30175.384433165287,30211.606004282035,30211.606004282035,87602
1786718700,30155.75,30166,30122.75,30122.75,,,30149.067216582644,30193.834803425627,30193.834803425627,53560
1786719600,30123,30145,30087.5,30090.25,,,30119.65860829132,30173.117842740503,30173.117842740503,72895
1786720500,30090.75,30111,30032.5,30072.75,,,30096.20430414566,30153.0442741924,30153.0442741924,86887
1786721400,30072.5,30074.5,30028.5,30049.25,,,30072.72715207283,30132.28541935392,30132.28541935392,58202
1786722300,30049.25,30073,30025,30066,,,30069.363576036416,30119.028335483137,30119.028335483137,56517
1786723200,30066.5,30084.5,30049.75,30080,,,30074.681788018206,30111.22266838651,30111.22266838651,47164
1786724100,30080.25,30107.5,30075.5,30101.5,,,30088.090894009103,30109.278134709206,30109.278134709206,34635
1786725000,30101,30102.25,30062.25,30067.25,,,30077.67044700455,30100.872507767366,30100.872507767366,47321
1786725900,30067,30076.75,30054.25,30059,,,30068.335223502276,30092.498006213893,30092.498006213893,31193
1786726800,30059.25,30079.75,30052.25,30069.25,,,30068.792611751138,30087.848404971115,30087.848404971115,29971
1786727700,30069.25,30076.5,30047,30059.75,,,30064.27130587557,30082.228723976892,30082.228723976892,30291
1786728600,30059.25,30072.25,30051,30058.25,,,30061.260652937784,30077.432979181514,30077.432979181514,26027
1786729500,30058.25,30084.5,30050,30081.25,,,30071.25532646889,30078.19638334521,30078.19638334521,24626
1786730400,30081.25,30091.75,30072.5,30079.25,,,30075.252663234445,30078.407106676168,30078.407106676168,22752
1786731300,30078.5,30093.5,30065,30067.25,,,30071.251331617223,30076.175685340935,30076.175685340935,23707
1786732200,30067.25,30090.25,30062.5,30087.25,,,30079.250665808613,30078.39054827275,30078.39054827275,22803
1786733100,30087.25,30104,30078,30088.25,,,30083.750332904307,30080.3624386182,30080.3624386182,23161
1786734000,30088.5,30094.75,30073,30083.25,,,30083.500166452155,30080.939950894557,30080.939950894557,23678
1786734900,30083,30103.75,30075,30096.25,,,30089.875083226078,30084.001960715646,30084.001960715646,20868
1786735800,30096.25,30115.5,30091.25,30108.75,,,30099.31254161304,30088.951568572516,30088.951568572516,25939
1786736700,30109,30148,30101,30144.5,,,30121.906270806518,30100.061254858014,30100.061254858014,48243
1786737600,30144.75,30153,30130,30133,,,30127.45313540326,30106.64900388641,30106.64900388641,23934
1786738500,30133.5,30135.25,30126.5,30131.25,,,30129.35156770163,30111.569203109128,30111.569203109128,4473
1786739400,30130.75,30144.5,30128.25,30142.25,,,30135.800783850813,30117.7053624873,30117.7053624873,5099
1786740300,30142.25,30154.75,30138.5,30154.75,,,30145.275391925406,30125.11428998984,30125.11428998984,4198
1786917600,30168.5,30203,30166.25,30197,,,30171.1376959627,30139.49143199187,30139.49143199187,13341
1786918500,30197.5,30201.25,30189.75,30193.5,,,30182.31884798135,30150.293145593496,30150.293145593496,4303
1786919400,30193.75,30196.5,30189,30191.25,,,30186.784423990677,30158.484516474797,30158.484516474797,2895
1786920300,30191.5,30212,30187.75,30206,,,30196.39221199534,30167.987613179837,30167.987613179837,7979
1786921200,30205.25,30207.25,30195,30196.5,,,30196.446105997667,30173.69009054387,30173.69009054387,4646
1786922100,30197,30204.5,30191.5,30197.75,,,30197.098052998834,30178.502072435098,30178.502072435098,5480
1786923000,30197.5,30206.5,30193,30205.5,,,30201.299026499415,30183.901657948078,30183.901657948078,3995
1786923900,30205.25,30228,30204.5,30215,,,30208.149513249708,30190.12132635846,30190.12132635846,10407
1786924800,30215.5,30227.25,30207.75,30218.75,,,30213.449756624854,30195.84706108677,30195.84706108677,12884
1786925700,30219,30219.25,30189.5,30195.5,,,30204.474878312427,30195.777648869414,30195.777648869414,12047
1786926600,30195.75,30198.25,30185.25,30190.25,,,30197.36243915621,30194.672119095532,30194.672119095532,7806
1786927500,30189.75,30203,30185.75,30201.25,,,30199.306219578106,30195.987695276424,30195.987695276424,5745
1786928400,30201.25,30237.25,30200,30213.75,,,30206.528109789055,30199.54015622114,30199.54015622114,18061
1786929300,30213.75,30245,30204,30229.5,,,30218.014054894527,30205.53212497691,30205.53212497691,13295
1786930200,30230.25,30232.75,30191,30199,,,30208.507027447264,30204.22569998153,30204.22569998153,16087
1786931100,30199,30203,30186.5,30192,,,30200.253513723634,30201.78055998522,30201.78055998522,7040
1786932000,30192.5,30201.5,30185.75,30200.75,,,30200.501756861817,30201.574447988176,30201.574447988176,6653
1786932900,30200.75,30222.25,30197.75,30216.5,,,30208.50087843091,30204.55955839054,30204.55955839054,8661
1786933800,30216,30225.75,30211.25,30221.5,,,30215.000439215455,30207.947646712433,30207.947646712433,5449
1786934700,30220.5,30231,30219.75,30221.75,,,30218.375219607726,30210.708117369948,30210.708117369948,5594
1786935600,30222.5,30235,30221.25,30226.5,,,30222.437609803863,30213.86649389596,30213.86649389596,5543
1786936500,30226.25,30235.75,30226,30234,,,30228.21880490193,30217.89319511677,30217.89319511677,3409
1786937400,30234,30249,30225,30241,,,30234.609402450966,30222.514556093414,30222.514556093414,6469
1786938300,30241,30246.5,30239.25,30246.5,,,30240.554701225483,30227.31164487473,30227.31164487473,2867
1786939200,30246.25,30254.75,30243.75,30251.5,,,30246.02735061274,30232.149315899784,30232.149315899784,4563
1786940100,30251.25,30251.25,30240,30240.25,,,30243.13867530637,30233.769452719825,30233.769452719825,4297
1786941000,30240.5,30244.75,30234,30244.75,,,30243.944337653185,30235.96556217586,30235.96556217586,4305
1786941900,30244.5,30248.75,30233,30235.25,,,30239.597168826593,30235.822449740688,30235.822449740688,4225
1786942800,30235.25,30247,30234.25,30242.25,,,30240.923584413296,30237.10795979255,30237.10795979255,3930
1786943700,30242.75,30246.5,30230.25,30244.25,,,30242.586792206646,30238.53636783404,30238.53636783404,3786
1786944600,30244.25,30262.75,30237.25,30262.75,,,30252.668396103323,30243.37909426723,30243.37909426723,7354
1786945500,30262.75,30275.25,30260.5,30272.75,,,30262.709198051663,30249.253275413786,30249.253275413786,5797
1786946400,30272.5,30295,30267.25,30287.5,,,30275.10459902583,30256.902620331028,30256.902620331028,9197
1786947300,30288,30299.75,30272.25,30296.75,,,30285.927299512914,30264.872096264822,30264.872096264822,7810
1786948200,30296.5,30327.5,30293.25,30313.75,,,30299.838649756457,30274.647677011857,30274.647677011857,10973
1786949100,30313.5,30325.5,30311.25,30324.75,,,30312.29432487823,30284.668141609487,30284.668141609487,4527
1786950000,30324.5,30331.75,30273.75,30275.5,,,30293.897162439112,30282.83451328759,30282.83451328759,12672
1786950900,30276,30280.5,30260,30280,,,30286.948581219556,30282.26761063007,30282.26761063007,11217
1786951800,30280,30324.25,30276.75,30318.25,,,30302.599290609778,30289.464088504057,30289.464088504057,9950
1786952700,30318,30322.75,30305.5,30312.25,,,30307.42464530489,30294.021270803245,30294.021270803245,5362
1786953600,30312.5,30328,30296.25,30307,,,30307.212322652445,30296.617016642595,30296.617016642595,9691
1786954500,30306.75,30320,30302.75,30315,,,30311.10616132622,30300.293613314076,30300.293613314076,4556
1786955400,30315.75,30319.5,30287.5,30288.25,,,30299.67808066311,30297.88489065126,30297.88489065126,5785
1786956300,30287.75,30306,30283.75,30298.25,,,30298.964040331557,30297.957912521008,30297.957912521008,5973
1786957200,30298,30303,30288,30297.5,,,30298.23202016578,30297.866330016805,30297.866330016805,4508
1786958100,30298,30298.25,30267,30274.5,,,30286.36601008289,30293.193064013445,30293.193064013445,6115
1786959000,30274.5,30283,30267.5,30281.75,,,30284.058005041443,30290.904451210758,30290.904451210758,4636
1786959900,30281.75,30291.5,30276.25,30281,,,30282.52900252072,30288.923560968607,30288.923560968607,5128
1786960800,30281.25,30304.5,30273.75,30295.25,,,30288.88950126036,30290.188848774887,30290.188848774887,5692
1786961700,30295.25,30339.75,30279,30337.5,,,30313.19475063018,30299.65107901991,30299.65107901991,11349
1786962600,30337.25,30338.25,30292,30310.5,,,30311.84737531509,30301.82086321593,30301.82086321593,11206
1786963500,30311,30317.25,30304.5,30315,,,30313.423687657545,30304.456690572744,30304.456690572744,3195
1786964400,30315,30325.25,30295.75,30299.75,,,30306.586843828773,30303.515352458195,30303.515352458195,8799
1786965300,30300.25,30307.25,30284,30299.25,,,30302.918421914386,30302.662281966557,30302.662281966557,6855
1786966200,30299.75,30306.75,30292.25,30304.5,,,30303.709210957193,30303.029825573245,30303.029825573245,4812
1786967100,30304.5,30311,30286,30286,,,30294.8546054786,30299.623860458596,30299.623860458596,6247
1786968000,30286.75,30288.75,30246.75,30278.75,,,30286.8023027393,30295.449088366877,30295.449088366877,16645
1786968900,30279,30280.75,30221.25,30236.5,,,30261.65115136965,30283.6592706935,30283.6592706935,18213
1786969800,30238,30250.25,30183,30190,,,30225.825575684823,30264.9274165548,30264.9274165548,23412
1786970700,30190,30213.5,30180,30202,,,30213.91278784241,30252.341933243843,30252.341933243843,18945
1786971600,30202.25,30227.5,30198.75,30218.75,,,30216.331393921206,30245.623546595074,30245.623546595074,14773
1786972500,30219,30238.25,30205.25,30218.75,,,30217.540696960605,30240.24883727606,30240.24883727606,22725
1786973400,30218.75,30265.75,30165.25,30196,,,30206.770348480302,30231.399069820847,30231.399069820847,191088
1786974300,30196.25,30254.75,30174.25,30234.5,,,30220.635174240153,30232.019255856678,30232.019255856678,109706
1786975200,30235,30244.25,30160.5,30224.75,,,30222.692587120076,30230.56540468534,30230.56540468534,104707
1786976100,30224.5,30225.75,30156.5,30197,,,30209.84629356004,30223.852323748273,30223.852323748273,79697
1786977000,30197.75,30217,30185.75,30203.5,,,30206.67314678002,30219.78185899862,30219.78185899862,51975
1786977900,30204.75,30246,30199.75,30243.5,,,30225.08657339001,30224.525487198895,30224.525487198895,56484
1786978800,30243.75,30286.75,30232.5,30257.5,,,30241.293286695007,30231.120389759115,30231.120389759115,74035
1786979700,30257.75,30279,30255,30269.25,,,30255.271643347503,30238.746311807292,30238.746311807292,40495
1786980600,30269.75,30273,30201.25,30227.75,,,30241.51082167375,30236.547049445835,30236.547049445835,68559
1786981500,30228,30250,30214.75,30239.25,,,30240.380410836875,30237.087639556667,30237.087639556667,36059
1786982400,30239.5,30243.75,30200,30203.75,,,30222.06520541844,30230.420111645333,30230.420111645333,43596
1786983300,30203.75,30218.5,30195,30207,,,30214.53260270922,30225.736089316266,30225.736089316266,26336
1786984200,30207.5,30213,30182.25,30183.75,,,30199.14130135461,30217.338871453012,30217.338871453012,25410
1786985100,30184,30193.25,30175.25,30183.5,,,30191.320650677306,30210.57109716241,30210.57109716241,25000
1786986000,30183.75,30188,30128,30129.25,,,30160.285325338653,30194.306877729927,30194.306877729927,42363
1786986900,30129.25,30142.25,30093.5,30097,,,30128.64266266933,30174.84550218394,30174.84550218394,65008
1786987800,30096.75,30128.5,30086.25,30123.25,,,30125.946331334664,30164.526401747153,30164.526401747153,51409
1786988700,30123.25,30127.75,30096.5,30102,,,30113.973165667332,30152.021121397724,30152.021121397724,28962
1786989600,30102.5,30114.5,30079,30100.25,,,30107.111582833666,30141.66689711818,30141.66689711818,40033
1786990500,30100,30114,30089.25,30103.5,,,30105.30579141683,30134.033517694545,30134.033517694545,27152
1786991400,30103.5,30120,30092.5,30117.5,,,30111.402895708416,30130.726814155634,30130.726814155634,20520
1786992300,30117.5,30136.5,30115.25,30122,,,30116.701447854208,30128.981451324507,30128.981451324507,22846
1786993200,30122.5,30124.25,30083.5,30084.5,,,30100.600723927106,30120.085161059607,30120.085161059607,30666
1786994100,30084.25,30114.25,30082,30093.25,,,30096.925361963553,30114.718128847686,30114.718128847686,35620
1786995000,30093.5,30111.75,30088.25,30102.5,,,30099.71268098178,30112.274503078148,30112.274503078148,27098
1786995900,30103,30123.5,30066.5,30091,,,30095.35634049089,30108.01960246252,30108.01960246252,56496
1786996800,30091.75,30097.75,30069.75,30078,,,30086.678170245446,30102.015681970013,30102.015681970013,20641
1786997700,30078,30082.25,30068.5,30078.25,,,30082.464085122723,30097.26254557601,30097.26254557601,5241
1786998600,30077.75,30080.25,30060,30064.5,,,30073.48204256136,30090.71003646081,30090.71003646081,6927
1786999500,30064,30080.25,30053.25,30080.25,,,30076.86602128068,30088.618029168647,30088.618029168647,6625
1787004000,30078.75,30091.5,30069.75,30073.5,,,30075.18301064034,30085.59442333492,30085.59442333492,8650
1787004900,30074.5,30087,30062,30076,,,30075.591505320168,30083.675538667936,30083.675538667936,6428
1787005800,30075,30077.25,30067,30071.25,,,30073.420752660084,30081.190430934348,30081.190430934348,3831
1787006700,30071,30083.75,30069.25,30078.25,,,30075.83537633004,30080.60234474748,30080.60234474748,3465
1787007600,30079.25,30087.5,30070,30081.5,,,30078.66768816502,30080.781875797984,30080.781875797984,4430
1787008500,30081.5,30089.75,30071.5,30084,,,30081.33384408251,30081.425500638386,30081.425500638386,4415
1787009400,30083.25,30101.25,30081.75,30094,,,30087.666922041255,30083.94040051071,30083.94040051071,4275