time,open,high,low,close,EMA,Volume,Volume MA,EMA Direction (debug),Order Sent Long,Order Sent Short,Cancelled (Long side),Cancelled (Short side)
1784805000,29040.5,29045.75,29040,29041.75,,410,790.05,-1,0,0,0,0
1784805060,29042,29051,29033.25,29048.75,,1080,830.6,-1,0,0,0,0
1784805120,29048.5,29057.25,29047.75,29051.5,,823,850.1,-1,0,0,0,0
1784805180,29051.25,29059,29046.75,29052,,868,876.1,-1,0,0,0,0
1784805240,29052.25,29058.5,29049.75,29058,29074.044332572295,466,884.15,-1,0,0,0,0
1784805300,29056.25,29072,29055.75,29062.25,,1265,919.55,-1,0,0,0,0
1784805360,29062.75,29069,29059,29065.5,,663,918.35,-1,0,0,0,0
1784805420,29065.75,29066,29051.75,29053.5,,868,931.45,-1,0,0,0,0
1784805480,29053.75,29057.75,29048.75,29053.5,,823,948.2,-1,0,0,0,0
1784805540,29053.75,29056.5,29048.5,29050.5,,655,953.6,-1,0,0,0,0
1784805600,29049.75,29050.75,29032,29037.5,,1413,935.35,-1,0,1,0,0
1784805660,29037.5,29039.25,29031,29033.25,,1082,932.75,-1,0,0,0,0
1784805720,29033.25,29035.5,29017.25,29018.25,,1453,920.3,-1,0,1,0,1
1784805780,29018.25,29023.5,29009.5,29011.75,,1313,947.45,-1,0,0,0,0
1784805840,29012,29016,29010,29012.5,,792,932.05,-1,0,0,0,0
1784805900,29012,29017.75,29009.75,29015.75,,862,917.35,-1,0,0,0,0
1784805960,29015,29020.5,29012.75,29015.25,,624,899.9,-1,0,0,0,0
1784806020,29015.5,29017.5,29005,29005.25,,833,911.2,-1,0,1,0,1
1784806080,29005.75,29013.75,29004.75,29006.25,,1064,909.35,-1,0,0,0,0
1784806140,29006.5,29006.5,28992.5,28994.5,29047.529555048197,1860,960.85,-1,0,0,0,0
1784806200,28994.75,29002,28987.5,28993,,2166,1048.65,-1,0,0,0,0
1784806260,28992.25,28999,28988.5,28995.25,,796,1034.45,-1,0,1,0,1
1784806320,28996,29001,28981.25,28982.75,,1133,1049.95,-1,0,0,0,0
1784806380,28982.75,28987.5,28969.25,28974.5,,1312,1072.15,-1,0,0,0,0
1784806440,28974.75,28982.5,28973.25,28980.5,,828,1090.25,-1,0,0,0,0
1784806500,28980,28980.5,28933.5,28933.5,,4281,1241.05,-1,0,0,0,0
1784806560,28934.25,28941.25,28931,28933,,1762,1296,-1,0,0,0,0
1784806620,28931.75,28934.75,28922.75,28931.5,,1757,1340.45,-1,0,0,0,0
1784806680,28931.75,28933.75,28917.75,28922.25,,2076,1403.1,-1,0,0,0,0
1784806740,28922.25,28936.25,28916,28928.5,,2036,1472.15,-1,0,0,0,0
1784806800,28928.5,28931,28914.75,28924.25,,1675,1485.25,-1,0,0,0,0
1784806860,28924.5,28926,28913.25,28924.5,,1253,1493.8,-1,0,0,0,0
1784806920,28925.25,28938.5,28921,28935,,1677,1505,-1,0,0,0,0
1784806980,28934.5,28935.75,28914.75,28921.5,,1780,1528.35,-1,0,0,0,0
1784807040,28921.5,28927.25,28915.75,28925.25,29006.769703365466,1002,1538.85,-1,0,0,0,0
1784807100,28925.25,28939,28922,28927.25,,1561,1573.8,-1,0,0,0,0
1784807160,28927.25,28928.5,28913.25,28918,,951,1590.15,-1,0,0,0,0
1784807220,28917.5,28928.5,28913.25,28927.5,,1360,1616.5,-1,0,0,0,0
1784807280,28927.5,28937.25,28925,28933.5,,1724,1649.5,-1,0,0,0,0
1784807340,28933,28940.25,28931.25,28939.25,,1107,1611.85,-1,0,0,0,0
1784807400,28938.5,28951,28937,28940.25,,2266,1616.85,-1,0,0,0,0
1784807460,28940.75,28944.75,28934.25,28938.5,,1004,1627.25,-1,0,0,0,0
1784807520,28938,28984.25,28937,28949.5,,3359,1738.55,-1,0,0,0,0
1784807580,28951,28961.25,28949.5,28956,,1635,1754.7,-1,0,0,0,0
1784807640,28956.25,28966.75,28951.25,28952.75,,1635,1795.05,-1,0,0,0,0
1784807700,28952.75,28957,28948.75,28950.25,,899,1625.95,-1,0,0,0,0
1784807760,28950,28952.75,28942.75,28947.25,,1124,1594.05,-1,0,0,0,0
1784807820,28948,28952.5,28942,28947.25,,729,1542.65,-1,0,0,0,0
1784807880,28948,28960.75,28947.25,28960.75,,1124,1495.05,-1,0,0,0,0
1784807940,28960,28973.25,28960,28964.75,28992.763135576977,1220,1454.25,-1,0,0,0,0
1784808000,28965.25,28967,28950,28953,,1568,1448.9,-1,0,0,0,0
1784808060,28953,28954.25,28949.75,28952.75,,981,1435.3,-1,0,0,0,0
1784808120,28953,28963.25,28946.5,28953.75,,1378,1420.35,-1,0,0,0,1
1784808180,28954,28958,28952.75,28955.75,,437,1353.2,-1,0,0,0,0
1784808240,28955.5,28967.25,28949,28949.75,,1259,1366.05,-1,0,0,0,0
1784808300,28949.75,28953.25,28927,28930,,2098,1392.9,-1,0,1,0,0
1784808360,28929.5,28942.5,28927.5,28934.5,,1133,1402,-1,0,0,0,0
1784808420,28934.75,28938.5,28927,28936.5,,960,1382,-1,0,1,0,1
1784808480,28936.75,28937,28915.75,28919.25,,1114,1351.5,-1,0,0,0,0
1784808540,28919.5,28928,28919.5,28924.75,,977,1345,-1,0,0,0,0
1784808600,28924.75,28939.75,28923.25,28936.5,,991,1281.25,-1,0,0,0,0
1784808660,28937,28942.5,28919.5,28928,,1334,1297.75,-1,0,0,0,0
1784808720,28927.75,28930.25,28915.75,28918.75,,731,1166.35,-1,0,0,0,0
1784808780,28920,28930.25,28919.75,28927.5,,591,1114.15,-1,0,0,0,0
1784808840,28928,28928,28916.25,28916.75,28967.425423717985,553,1060.05,-1,0,0,0,0
1784808900,28918.25,28938,28900,28929.5,,3095,1169.85,-1,0,0,0,0
1784808960,28929.75,28936.75,28880.5,28907.25,,3912,1309.25,-1,0,0,0,0
1784809020,28908.25,28920.5,28899.25,28911.75,,2095,1377.55,-1,0,0,0,0
1784809080,28910.75,28913.25,28900.75,28903,,1785,1410.6,-1,0,0,0,0
1784809140,28903,28913.5,28891,28892,,2086,1453.9,-1,0,0,0,0
1784809200,28892.75,28893.25,28879.25,28884.5,,2323,1491.65,-1,0,0,0,0
1784809260,28885.25,28899,28877.25,28894.75,,1838,1534.5,-1,0,0,0,0
1784809320,28895.25,28899,28890.25,28894.25,,1144,1522.8,-1,0,0,0,0
1784809380,28893.5,28894.5,28876,28877.75,,1490,1575.45,-1,0,0,0,0
1784809440,28878.5,28881.25,28862.25,28874.25,,2484,1636.7,-1,0,0,0,0
1784809500,28874,28875,28861,28867.75,,1718,1617.7,-1,0,0,0,0
1784809560,28868.5,28873.75,28860,28864,,1382,1630.15,-1,0,1,0,0
1784809620,28863.75,28879.25,28861.5,28874.5,,1310,1647.65,-1,0,0,0,0
1784809680,28875,28876,28852.75,28859.25,,1708,1677.35,-1,0,0,0,0
1784809740,28859.25,28870,28854.25,28865.75,28933.53361581199,1046,1680.8,-1,0,0,0,0
1784809800,28865.25,28875.5,28844.75,28860,,2759,1769.2,-1,0,0,0,0
1784809860,28861,28865.25,28849,28854,,1663,1785.65,-1,0,0,0,0
1784809920,28854,28856.25,28844.5,28848.5,,1610,1829.6,-1,0,0,0,0
1784809980,28849,28850.25,28832,28838.25,,3089,1954.5,-1,0,0,0,0
1784810040,28839,28840,28827.5,28837.5,,2139,2033.8,-1,0,0,0,0
1784810100,28837.25,28838.5,28826,28832.5,,1656,1961.85,-1,0,1,0,0
1784810160,28832.5,28832.75,28803,28805.5,,3701,1951.3,-1,0,0,0,0
1784810220,28804.75,28808.75,28794.5,28800,,3675,2030.3,-1,0,0,0,0
1784810280,28800.75,28814.75,28796.5,28804,,2718,2076.95,-1,0,0,0,0
1784810340,28804,28809,28790.5,28796,,2262,2085.75,-1,0,0,0,0
1784810400,28795.5,28795.75,28774.25,28779.25,,3690,2154.1,-1,0,0,0,0
1784810460,28780.25,28807.5,28776.5,28799.5,,3391,2231.75,-1,0,0,0,0
1784810520,28798.5,28800.5,28772,28777.5,,2617,2305.4,-1,0,0,0,0
1784810580,28776.75,28782.5,28769,28777.25,,2264,2344.1,-1,0,0,0,0
1784810640,28777.75,28792,28777.75,28788.5,28885.189077207993,1900,2314.9,-1,0,0,0,0
1784810700,28789.5,28794.5,28776,28789.75,,2092,2333.6,-1,0,0,0,0
1784810760,28789.25,28798.25,28781.5,28796.75,,1749,2351.95,-1,0,0,0,0
1784810820,28796.5,28796.5,28764.25,28768.5,,2772,2425.05,-1,0,0,0,0
1784810880,28768.75,28775,28753.25,28761.25,,3952,2537.25,-1,0,0,0,0
1784810940,28760.25,28788,28755.5,28786,,2799,2624.9,-1,0,0,0,0
1784811000,28785.75,28796,28782,28792.5,,2435,2608.7,-1,0,0,0,0
1784811060,28792.25,28800,28789.5,28794.25,,3109,2681,-1,0,0,0,0
1784811120,28794.25,28798.75,28785,28791.25,,2160,2708.5,-1,0,0,0,0
1784811180,28791.5,28805.5,28791.25,28797,,2066,2657.35,-1,0,0,0,0
1784811240,28796.5,28797,28776.75,28784,,2633,2682.05,-1,0,0,0,0
1784811300,28783.75,28790.25,28779.75,28781.5,,1774,2687.95,-1,0,0,0,0
1784811360,28781.75,28793,28781,28792.25,,1166,2561.2,-1,0,0,0,0
1784811420,28791.75,28796,28786.5,28791.75,,1641,2459.5,-1,0,0,0,0
1784811480,28792,28796.5,28772.75,28776.75,,2238,2435.5,-1,0,0,0,0
1784811540,28776.25,28787.75,28774.5,28787.25,28852.542718138662,1632,2404,-1,0,0,0,0
1784811600,28786.75,28795.75,28775.5,28794.5,,2586,2348.8,-1,0,0,0,0
1784811660,28794.5,28804.75,28786.25,28803.75,,2107,2284.6,-1,0,0,0,0
1784811720,28803.75,28804.75,28776.75,28780,,2975,2302.5,-1,0,0,0,0
1784811780,28780,28787.75,28769,28781.75,,2734,2326,-1,0,0,0,0
1784811840,28781,28784.75,28763.75,28769.75,,3157,2388.85,-1,0,0,0,0
1784811900,28770,28771.25,28744.5,28752,,3803,2474.4,-1,0,0,0,0
1784811960,28751.5,28753.5,28738,28741,,3832,2578.55,-1,0,0,0,1
1784812020,28740.75,28767.25,28740.5,28764.5,,3504,2615.15,-1,0,0,0,0
1784812080,28764.25,28774.25,28744.25,28745,,3418,2588.45,-1,0,0,0,0
1784812140,28745.75,28747,28725.5,28728,,3537,2625.35,-1,0,0,0,0
1784812200,28727.5,28733.75,28722.5,28730.5,,2939,2650.55,-1,0,0,0,0
1784812260,28730.25,28733.25,28717.5,28720,,3299,2660.05,-1,0,1,0,0
1784812320,28720,28739.25,28715.25,28733,,3549,2729.5,-1,0,0,0,0
1784812380,28733,28737,28718,28721.25,,2540,2753.2,-1,0,0,0,0
1784812440,28721.25,28728,28717.25,28726.75,28810.61181209244,1499,2696.5,-1,0,0,0,0
1784812500,28727,28731.5,28717.75,28721,,1925,2704.05,-1,0,0,0,0
1784812560,28721.75,28727.75,28716,28722.75,,2074,2749.45,-1,0,0,0,0
1784812620,28723,28725.75,28704.75,28720,,4763,2905.55,-1,0,0,0,0
1784812680,28720,28721.75,28706.25,28718.25,,2324,2909.85,-1,0,0,0,0
1784812740,28718.25,28719.25,28702.75,28715.75,,2319,2944.2,-1,0,0,0,0
1784812800,28716.25,28718.75,28703.25,28708.75,,2097,2919.75,-1,0,0,0,0
1784812860,28708.75,28721.5,28706.75,28715.5,,1945,2911.65,-1,0,0,0,0
1784812920,28715.75,28718.75,28703.5,28710.75,,1755,2850.65,-1,0,0,0,0
1784812980,28710.75,28717.25,28700.5,28717.25,,2135,2820.7,-1,0,0,0,0
1784813040,28717,28718.5,28695.75,28702.75,,2835,2804.6,-1,0,0,0,0
1784813100,28702.75,28722.5,28702.75,28716.5,,3321,2780.5,-1,0,0,0,0
1784813160,28716.5,28718,28698,28711,,2109,2694.35,-1,0,0,0,0
1784813220,28710.75,28721.25,28699,28703.25,,2364,2637.35,-1,0,0,0,0
1784813280,28702.75,28724.5,28696.75,28723.25,,2626,2597.75,-1,0,0,0,0
1784813340,28723.5,28724.75,28702.75,28718.75,28779.991208061627,3189,2580.35,-1,0,0,0,0
1784813400,28718,28727.75,28656,28687.25,,19942,3430.5,-1,0,0,0,0
1784813460,28686.75,28723.5,28681,28719.5,,15924,4061.75,-1,0,0,0,0
1784813520,28720,28748,28710,28739.5,,15063,4637.45,-1,0,0,0,0
1784813580,28740,28740.25,28693.25,28724.25,,15496,5285.25,-1,0,0,0,0
1784813640,28723.25,28764.75,28722.75,28759.5,,11562,5788.4,-1,0,0,0,0
1784813700,28759.75,28774.75,28749.25,28753,,13118,6348.05,-1,0,0,0,0
1784813760,28752,28790,28735.5,28788.25,,14387,6963.7,-1,0,0,0,0
1784813820,28788,28807.75,28777.25,28803.25,,12787,7364.9,-1,0,0,0,0
1784813880,28803.25,28817.5,28777,28794,,13202,7908.8,-1,0,0,0,0
1784813940,28794,28808.75,28779.25,28797.5,,9835,8284.6,-1,0,0,0,0
1784814000,28797.25,28824.25,28796.5,28813.5,,12435,8801.5,1,0,0,0,0
1784814060,28813.25,28832.25,28808.75,28828.75,,10582,9233.35,1,0,0,0,0
1784814120,28828.75,28867.25,28819.25,28865,,12353,9763.25,1,0,0,0,0
1784814180,28865.75,28883.75,28862.75,28872.5,,10534,10183.2,1,0,0,0,0
1784814240,28872.75,28878.5,28851.25,28856,28805.327472041085,9986,10540.75,1,0,0,0,0
1784814300,28856,28868.25,28823.25,28853.5,,14108,11080.1,1,0,0,0,0
1784814360,28853.5,28858,28820,28846.5,,10652,11507.25,1,0,0,0,0
1784814420,28846.75,28850,28824.25,28825.75,,7487,11763.4,1,0,0,0,0
1784814480,28825.75,28833.25,28792,28796,,13236,12293.9,1,0,0,0,0
1784814540,28796.25,28805.25,28748.5,28760.5,,14672,12868.05,-1,0,0,0,0
1784814600,28760,28787.5,28751.25,28776.25,,12874,12514.65,-1,0,0,0,0
1784814660,28776.25,28784.25,28725.5,28729.5,,12672,12352.05,-1,0,1,0,0
1784814720,28730,28748.5,28717.25,28745.5,,12692,12233.5,-1,0,0,0,0
1784814780,28745.5,28775.75,28733.25,28770.25,,12147,12066.05,-1,0,0,0,0
1784814840,28769.75,28819.75,28767.25,28816,,14950,12235.45,1,0,0,0,1
1784814900,28816,28835.75,28794.75,28796.75,,13200,12239.55,1,0,0,0,0
1784814960,28797,28800.75,28761,28762.25,,12275,12133.95,-1,0,0,0,0
1784815020,28762.25,28764.75,28726,28732.5,,11919,12090.55,-1,0,0,0,0
1784815080,28732.25,28732.5,28696,28725.75,,13228,12091.85,-1,0,0,0,0
1784815140,28726.25,28736.5,28705.25,28707.5,28772.718314694055,8419,12021.05,-1,0,0,0,0
1784815200,28708.5,28769.25,28707,28747.25,,14348,12116.7,-1,0,0,0,0
1784815260,28747.5,28750.5,28709.5,28713,,11351,12155.15,-1,0,0,0,0
1784815320,28713.5,28734.5,28708,28727.5,,9089,11991.95,-1,0,0,0,0
1784815380,28727.5,28741.75,28717,28727.25,,8218,11876.15,-1,0,0,0,0
1784815440,28727.75,28767,28723.5,28749,,10365,11895.1,-1,0,0,0,0
1784815500,28749,28794,28738.5,28791.25,,12343,11806.85,-1,0,0,0,0
1784815560,28791.5,28801.75,28773.25,28775.75,,11420,11845.25,-1,0,0,0,0
1784815620,28776.25,28792.75,28762.75,28778.5,,9853,11963.55,-1,0,0,0,0
1784815680,28778.5,28799.25,28708,28713.25,,15194,12061.45,-1,0,0,0,0
1784815740,28713.5,28719.5,28678,28717.25,,16131,12134.4,-1,0,0,0,0
1784815800,28716.5,28756,28714,28724.75,,14014,12191.4,-1,0,0,0,0
1784815860,28724.75,28741.25,28694.25,28737.5,,11220,12118.8,-1,0,1,0,0
1784815920,28737.5,28763.75,28727.25,28756,,11282,12048.3,-1,0,0,0,0
1784815980,28755.75,28771,28736.5,28744,,9116,11896.75,-1,0,0,0,0
1784816040,28744,28761.25,28695,28704.5,28749.978876462705,11511,11724.8,-1,0,0,0,0
1784816100,28703.75,28729,28688,28696.25,,9765,11553.05,-1,0,0,0,0
1784816160,28696.25,28722.25,28686.75,28715.75,,8472,11362.9,-1,0,1,0,0
1784816220,28715.25,28733,28698,28729.5,,8163,11175.1,-1,0,0,0,0
1784816280,28728.75,28743.25,28715.25,28717.25,,6846,10856,-1,0,0,0,0
1784816340,28718,28722.25,28698.25,28704,,6403,10755.2,-1,0,0,0,0
1784816400,28704.75,28728.75,28695.75,28707.75,,5796,10327.6,-1,0,0,0,0
1784816460,28707,28755.5,28701.25,28752.75,,7033,10111.7,-1,0,0,0,0
1784816520,28752.25,28780,28745.5,28762.5,,9510,10132.75,-1,0,0,0,0
1784816580,28762.25,28769,28730.5,28735,,7531,10098.4,-1,0,0,0,0
1784816640,28735.5,28739.75,28689,28708.5,,10287,10094.5,-1,0,0,0,0
1784816700,28708,28742.75,28695.75,28735.5,,7752,9864.95,-1,0,0,0,0
1784816760,28735.25,28737.5,28694.25,28714.75,,7408,9664.35,-1,0,0,0,0
1784816820,28715.5,28720,28695.75,28711.75,,5305,9436.95,-1,0,0,0,0
1784816880,28711.25,28738,28701.25,28702.5,,6944,9024.45,-1,0,0,0,0
1784816940,28702.25,28745.75,28700.25,28732.5,28744.15258430847,5612,8498.5,-1,0,0,0,0
1784817000,28732,28748,28717.25,28730.5,,8620,8228.8,-1,0,0,0,0
1784817060,28730.25,28752,28710.75,28717.25,,7284,8032,-1,0,0,0,0
1784817120,28716.75,28720.75,28675,28683,,10033,7969.55,-1,0,0,0,0
1784817180,28683,28694.75,28642.75,28649.25,,12905,8159,-1,0,0,0,0
1784817240,28649.5,28680,28640,28670.25,,9589,8062.9,-1,0,0,0,0
1784817300,28670.25,28678.5,28646.25,28654,,8787,8014,-1,0,0,0,0
1784817360,28654.25,28676.5,28651.25,28666.75,,6381,7909.45,-1,0,0,0,0
1784817420,28666.75,28760.75,28666.75,28758.25,,17985,8400.55,1,0,0,0,0
1784817480,28758.25,28762.25,28723.75,28735,,12170,8666.75,-1,0,0,0,0
1784817540,28734.5,28764.75,28730,28755,,9554,8824.3,1,1,0,0,0
1784817600,28755,28773.25,28727.25,28728.75,,10933,9081.15,-1,0,0,1,0
1784817660,28729.5,28738,28681,28688,,12666,9362.8,-1,0,0,0,0
1784817720,28688,28701.25,28652,28666,,11694,9472,-1,0,0,0,0
1784817780,28666,28673.25,28625,28643,,12626,9726.75,-1,0,0,0,0
1784817840,28643.5,28655.5,28627,28644.75,28711.018389538982,8075,9616.15,-1,0,0,0,0
1784817900,28644.25,28660,28630.75,28632,,9835,9720.3,-1,0,0,0,0
1784817960,28633,28661.75,28627,28653.5,,8213,9760.55,-1,0,0,0,0
1784818020,28653.5,28671,28647,28650.25,,9992,9994.9,-1,0,0,0,0
1784818080,28650.5,28650.5,28626.75,28634.5,,7922,10043.8,-1,0,0,0,0
1784818140,28634.75,28645.75,28617.25,28630.25,,8068,10166.6,-1,0,0,0,0
1784818200,28630.25,28646.5,28609.75,28613.5,,9052,10188.2,-1,0,1,0,0
1784818260,28614,28616.5,28587.5,28592.75,,9706,10309.3,-1,0,0,0,0
1784818320,28593,28619.75,28586.75,28612.75,,8422,10228.75,-1,0,0,0,0
1784818380,28612.25,28612.75,28586.25,28589.25,,5956,9881.3,-1,0,0,0,0
1784818440,28589,28595.75,28578.5,28582,,6198,9711.75,-1,0,0,0,0
1784818500,28582.25,28599,28577.5,28578,,7036,9624.2,-1,0,0,0,0
1784818560,28578.5,28608.25,28578,28606.75,,6394,9624.85,-1,0,0,0,0
1784818620,28606.75,28618.75,28599.75,28613.5,,7135,9082.35,-1,0,0,0,0
1784818680,28614,28615.25,28592.25,28595.25,,5893,8768.5,-1,0,0,0,0
1784818740,28595.25,28615,28589.25,28597,28673.012259692656,5133,8547.45,-1,0,0,0,0
1784818800,28597,28605,28583.75,28587.5,,7399,8370.75,-1,0,0,0,0
1784818860,28586.75,28590.25,28567,28577.25,,7705,8122.7,-1,0,0,0,0
1784818920,28577.75,28590.75,28570,28571.25,,5376,7806.8,-1,0,0,0,0
1784818980,28571.25,28588,28568.25,28573.25,,4973,7424.15,-1,0,0,0,0
1784819040,28573,28573,28558,28568.25,,5654,7303.1,-1,0,0,0,0
1784819100,28568,28573.25,28554.75,28555.25,,5272,7074.95,-1,0,0,0,0
1784819160,28555.25,28559,28534,28534.25,,9077,7118.15,-1,0,0,0,0
1784819220,28534.75,28553.5,28528.75,28542.5,,6663,6951.7,-1,0,0,0,0
1784819280,28542.5,28553.5,28538.5,28548,,4569,6784.05,-1,0,1,0,1
1784819340,28548,28560,28525.25,28528.75,,7311,6746.2,-1,0,0,0,0
1784819400,28528.5,28544.5,28521.75,28529.25,,6603,6623.75,-1,0,0,0,0
1784819460,28529,28530,28510.25,28510.75,,5818,6429.35,-1,0,0,0,0
1784819520,28510.75,28514.75,28486.25,28497,,9834,6499.95,-1,0,0,0,0
1784819580,28497.5,28509.75,28493,28503,,5890,6496.65,-1,0,0,0,0
1784819640,28503,28507.25,28482.75,28494.25,28613.424839795105,7446,6559.05,-1,0,1,0,0
1784819700,28493.5,28519,28492,28509.5,,7938,6604.15,-1,0,0,0,0
1784819760,28509.5,28518.25,28498.5,28510.5,,6280,6598.45,-1,0,0,0,0
1784819820,28511,28533.75,28507.5,28524.75,,6941,6588.75,-1,0,0,0,0
1784819880,28525,28533.25,28517.25,28523.75,,4796,6533.9,-1,0,0,0,0
1784819940,28523.75,28538.25,28518,28537.25,,4485,6501.5,-1,0,0,0,0
1784820000,28537.5,28569,28536.75,28555,,10611,6662.1,-1,0,0,0,0
1784820060,28555.75,28560.5,28518.25,28520,,6729,6613.3,-1,0,0,0,0
1784820120,28520.75,28534.5,28456.5,28483.75,,14591,7074.05,-1,0,0,0,0
1784820180,28483.5,28506.75,28483,28491,,9220,7286.4,-1,0,0,0,0
1784820240,28490.5,28510,28489.75,28503.25,,5695,7288.45,-1,0,1,0,0
1784820300,28503.25,28508.5,28478.25,28487.25,,5888,7319.25,-1,0,0,0,0
1784820360,28487.5,28487.5,28467.5,28475.5,,6268,7178.8,-1,0,0,0,0
1784820420,28475.5,28476,28459,28459,,4701,7080.7,-1,0,0,0,0
1784820480,28458.75,28480.5,28448.75,28450.5,,7455,7225,-1,0,0,0,0
1784820540,28450,28473.75,28448.25,28467.25,28564.699893196736,5101,7114.5,-1,0,0,0,0
1784820600,28467.25,28476,28446.25,28447.5,,6062,7087.45,-1,0,0,0,0
1784820660,28448,28471.75,28432.5,28465,,8075,7200.3,-1,0,0,0,0
1784820720,28465.75,28486.25,28464.75,28481.5,,5581,6987.65,-1,0,0,0,0
1784820780,28481,28489.25,28466.5,28481.25,,4788,6932.55,-1,0,0,0,0
1784820840,28481.25,28492.25,28470.25,28488.25,,4372,6778.85,-1,0,0,0,0
1784820900,28488.25,28518.25,28487.75,28505.25,,6391,6701.5,-1,0,0,0,0
1784820960,28505.5,28515,28491.5,28514.25,,4954,6635.2,-1,0,0,0,0
1784821020,28514.25,28536.75,28500.25,28514.25,,8281,6702.2,-1,0,0,0,0
1784821080,28514.25,28534.75,28512.25,28532.5,,3694,6647.1,-1,0,0,0,0
1784821140,28532.75,28533.75,28512.5,28527.25,,3552,6600.45,-1,0,0,0,0
1784821200,28526.75,28551.5,28525.75,28532.75,,5188,6329.3,-1,0,0,0,0
1784821260,28532.5,28538.5,28516,28537,,5931,6289.4,-1,0,0,0,0
1784821320,28537,28547.25,28506,28509.5,,6138,5866.75,-1,0,0,0,0
1784821380,28510.5,28521.75,28504,28506.25,,3840,5597.75,-1,0,0,0,0
1784821440,28507,28518,28493.75,28494.25,28541.21659546449,4100,5518,-1,0,0,0,0
1784821500,28494.5,28514.5,28478.5,28506.25,,7475,5597.35,-1,0,0,0,0
1784821560,28506.25,28512.75,28488,28497.25,,4510,5509.45,-1,0,0,0,0
1784821620,28497.25,28510.5,28491.5,28497,,3112,5430,-1,0,0,0,0
1784821680,28497.25,28513,28494.5,28501.25,,3001,5207.3,-1,0,0,0,0
1784821740,28501.25,28529,28497.75,28522,,4472,5175.85,-1,0,0,0,0
1784821800,28522.25,28534.5,28504,28531.5,,4410,5093.25,-1,0,0,0,0
1784821860,28531.5,28536,28512.5,28519.75,,3499,4864.45,-1,0,0,0,0
1784821920,28520.25,28543,28519.25,28537,,3912,4781,-1,0,0,0,0
1784821980,28537,28543,28529.75,28538.25,,3561,4719.65,-1,0,0,0,0
1784822040,28538,28557.25,28537.25,28556.25,,5498,4775.95,-1,0,0,0,0
1784822100,28556.5,28569.75,28552.5,28563,,5063,4709.55,-1,0,0,0,0
1784822160,28563.25,28583,28557.5,28571.25,,5846,4754.15,1,0,0,0,0
1784822220,28571,28573.75,28550.5,28572,,4179,4549.05,1,0,0,0,0
1784822280,28571.5,28587.25,28566.25,28581.25,,3731,4550.9,1,0,0,0,0
1784822340,28581.5,28590,28581.5,28588,28556.811063642996,3265,4536.55,1,0,0,0,0
1784822400,28588.25,28598.75,28577.75,28598.5,,5537,4554,1,0,0,0,0
1784822460,28598.75,28599.5,28573,28591.5,,4343,4474.6,1,0,0,0,0
1784822520,28592,28620,28585,28618.5,,5867,4461.05,1,0,0,0,0
1784822580,28618.5,28628,28607.75,28617.25,,4546,4496.35,1,0,0,0,0
1784822640,28617.25,28620,28603.75,28616,,4319,4507.3,1,1,0,0,0
1784822700,28616,28621.25,28579.25,28583.75,,6046,4435.85,1,0,0,0,0
1784822760,28583,28597.5,28577,28579.25,,5060,4463.35,1,0,0,0,0
1784822820,28579.5,28590.25,28576.5,28583.25,,3656,4490.55,1,0,0,0,0
1784822880,28583,28620,28581.75,28616.5,,4614,4571.2,1,0,0,0,0
1784822940,28616.75,28623.75,28609,28622.75,,3581,4526.65,1,0,0,0,0
1784823000,28622.75,28633.25,28621.5,28631,,3644,4488.35,1,0,0,0,0
1784823060,28630.25,28635.75,28617.5,28630.75,,3542,4490.5,1,0,0,0,0
1784823120,28630.75,28644,28622.25,28623.25,,4706,4530.2,1,0,0,0,0
1784823180,28623,28637.75,28622.25,28624,,3167,4510.5,1,0,0,0,0
1784823240,28623.75,28637.5,28622.75,28629.75,28581.124042428663,2264,4348.8,1,0,0,0,0
1784823300,28629.75,28644.5,28625.5,28640.5,,2900,4240.65,1,0,0,0,0
1784823360,28640.75,28643.25,28623,28624.5,,2710,4083.85,1,0,0,0,0
1784823420,28624.75,28640.5,28623.5,28636.5,,2461,3997.95,1,0,0,0,0
1784823480,28636.5,28639.75,28628.75,28636.25,,1756,3899.2,1,0,0,0,0
1784823540,28637,28637.25,28609.5,28630.25,,4296,3950.75,1,0,0,0,0
1784823600,28630,28656.5,28630,28655,,5310,3939.4,1,0,0,0,0
1784823660,28655.5,28659.25,28648.5,28653.25,,3037,3874.1,1,0,0,0,0
1784823720,28653.5,28678.75,28646,28670.75,,5794,3870.45,1,1,0,0,0
1784823780,28671.5,28696.25,28667.75,28690.25,,5549,3920.6,1,0,0,0,0
1784823840,28689.75,28695.5,28684.25,28687.25,,3391,3874.2,1,0,0,0,0
1784823900,28687,28698,28682.25,28691.25,,4082,3776,1,1,0,1,0
1784823960,28691.25,28692.75,28675,28676,,3376,3691.8,1,0,0,0,0
1784824020,28676.5,28699.5,28673.5,28696.5,,3464,3682.2,1,0,0,0,0
1784824080,28695.75,28704,28693.25,28700.75,,2514,3577.2,1,0,0,0,0
1784824140,28701,28715.5,28698.75,28707,28623.08269495244,4758,3636.05,1,0,0,0,0
1784824200,28707,28708.25,28685.5,28696.25,,4405,3674.1,1,0,0,0,0
1784824260,28697.25,28702.75,28690,28696.75,,2244,3609.2,1,0,0,0,0
1784824320,28695.75,28699.5,28688.25,28696.25,,1988,3473.3,1,0,0,0,0
1784824380,28695.75,28707.25,28691.25,28696.25,,2748,3452.35,1,0,0,0,0
1784824440,28697.25,28704.5,28687.25,28690.5,,2688,3473.55,1,0,0,0,0
1784824500,28690.25,28714,28682.25,28707.5,,4187,3537.9,1,0,0,0,0
1784824560,28707.75,28709,28694,28704.5,,2740,3539.4,1,0,0,0,0
1784824620,28704.25,28712,28695,28708.25,,2389,3535.8,1,0,0,0,0
1784824680,28708.25,28734.5,28700.75,28732,,4876,3691.8,1,0,0,0,0
1784824740,28732.25,28739,28724.5,28731.5,,5223,3738.15,1,0,0,0,0
1784824800,28731.25,28734.25,28708.25,28712.75,,4105,3677.9,1,0,0,0,0
1784824860,28712.75,28712.75,28696.75,28701,,3895,3720.8,1,0,0,0,0
1784824920,28701,28704.75,28691.5,28701.25,,3076,3584.9,1,0,0,0,0
1784824980,28702,28711,28698.75,28706.25,,2707,3442.8,1,0,0,0,0
1784825040,28706,28708,28686.25,28687.75,28644.638463301628,3222,3434.35,1,0,0,0,0
1784825100,28687.5,28687.75,28647.75,28648.25,,7963,3628.4,1,0,0,0,0
1784825160,28648.75,28653.75,28639.75,28646,,4716,3695.4,1,0,0,0,0
1784825220,28646.25,28655.75,28639.25,28654.25,,3969,3720.65,1,0,0,0,0
1784825280,28654,28658.25,28634.75,28639.75,,4115,3800.7,1,0,0,0,0
1784825340,28640,28653.5,28635.5,28637,,3073,3716.45,1,0,0,0,0
1784825400,28637.5,28641.75,28623.75,28626.75,,4809,3736.65,1,0,0,0,0
1784825460,28627,28636.75,28616.75,28621.75,,3660,3807.45,-1,0,0,0,0
1784825520,28622.5,28647.25,28620.75,28628.25,,4093,3912.7,1,0,0,0,0
1784825580,28628.75,28628.75,28609.5,28614.75,,3648,3957.7,-1,0,0,0,0
1784825640,28614.5,28621.5,28611.25,28611.75,,2944,3970.5,-1,0,0,0,0
1784825700,28611.5,28636.25,28610.75,28623.75,,4627,3992.5,1,0,0,0,0
1784825760,28623.5,28629.75,28613,28625.75,,2968,4003.9,1,0,0,0,0
1784825820,28626.75,28633,28618,28625,,2926,4030.75,1,0,0,0,0
1784825880,28624.5,28633.75,28618.5,28624.75,,2447,3909.3,1,0,0,0,0
1784825940,28625.75,28646.5,28624.25,28641.5,28643.592308867752,3376,3816.95,-1,0,0,0,0
1784826000,28641.25,28662.75,28615.5,28656.75,,7241,3973.75,1,0,0,0,0
1784826060,28656.25,28658.5,28642.25,28650.25,,3564,3957.2,1,0,0,0,0
1784826120,28650.25,28651,28626.25,28647.25,,3917,3999.25,1,0,0,0,0
1784826180,28647.25,28652,28638.25,28649.5,,2666,3997.2,1,0,0,0,0
1784826240,28649.25,28651.25,28614.5,28614.75,,3778,4025,-1,0,0,0,0
1784826300,28615.25,28615.5,28587.75,28603.25,,6665,3960.1,-1,0,0,0,0
1784826360,28602.75,28616.75,28590.25,28595.25,,4252,3936.9,-1,0,0,0,0
1784826420,28595,28617.75,28592.25,28606.5,,3469,3911.9,-1,0,0,0,0
1784826480,28607.5,28628.5,28597.75,28608.5,,4562,3934.25,-1,0,0,0,0
1784826540,28608.5,28630.75,28597.25,28626.5,,3758,3968.5,-1,0,0,0,0
1784826600,28626,28648.25,28624.25,28633.5,,4752,3965.65,-1,0,0,0,0
1784826660,28632.5,28640.25,28625.75,28638.5,,2883,3926.8,-1,0,0,0,0
1784826720,28638.75,28654.25,28634.75,28648.5,,3502,3897.25,1,0,0,0,0
1784826780,28649,28658.75,28635.75,28638.25,,3373,3883.5,-1,0,0,0,0
1784826840,28638.5,28647,28628,28642.5,28643.228205911833,2799,3876.25,-1,0,0,0,0
1784826900,28642.25,28649.75,28636,28642.5,,2604,3775.1,-1,0,0,0,0
1784826960,28643.5,28657.25,28638.25,28646.25,,2583,3755.85,1,0,0,0,0
1784827020,28646.75,28652,28621,28622,,4053,3812.2,-1,0,0,0,0
1784827080,28622.25,28641.5,28614.25,28635,,3706,3875.15,-1,0,0,0,0
1784827140,28635.75,28641,28627,28640.25,,2387,3825.7,-1,0,0,0,0
1784827200,28640.25,28674.25,28640.25,28661.5,,6170,3772.15,1,0,0,0,0
1784827260,28662.25,28666.5,28635.75,28636.75,,3385,3763.2,-1,0,0,0,0
1784827320,28637,28646.25,28628,28633.75,,3370,3735.85,-1,0,0,0,0
1784827380,28634.25,28660.25,28630,28659.75,,2513,3728.2,1,0,0,0,0
1784827440,28659.5,28668.5,28653,28664,,2909,3684.75,1,0,0,0,0
1784827500,28664.5,28673.25,28658.25,28669.25,,2560,3479.5,1,0,0,0,0
1784827560,28669.5,28677.5,28659.5,28669.5,,2780,3405.9,1,0,0,0,0
1784827620,28669.5,28670.25,28653.75,28661,,2543,3359.6,1,0,0,0,0
1784827680,28660.75,28667,28655.25,28664.25,,1489,3205.95,1,0,0,0,0
1784827740,28664,28665.75,28651,28653,28646.485470607888,2049,3120.5,1,0,0,0,0
1784827800,28652.75,28656.75,28636.5,28649,,4094,3087.6,1,0,0,0,0
1784827860,28648.5,28650,28616.75,28621.75,,3809,3133.9,-1,0,0,0,0
1784827920,28620.75,28621.5,28605.5,28611.25,,3710,3144.3,-1,0,0,0,0
1784827980,28611.5,28633.25,28606.5,28620.25,,3337,3142.5,-1,0,0,0,0
1784828040,28619.75,28630.5,28615.5,28620.75,,1906,3097.85,-1,0,0,0,0
1784828100,28620,28625,28596,28597.75,,3376,3136.45,-1,0,0,0,0
1784828160,28597.75,28608,28592,28594,,3127,3163.65,-1,0,0,0,0
1784828220,28594.5,28601,28587,28594.25,,3007,3111.35,-1,0,0,0,0
1784828280,28595,28602.75,28586,28589.25,,2541,3053.1,-1,0,0,0,0
1784828340,28589.25,28602.25,28587.5,28590,,2005,3034,-1,0,0,0,0
1784828400,28590.25,28598.75,28572.5,28578,,4138,2932.4,-1,0,0,0,0
1784828460,28578,28587.25,28571,28586.25,,3159,2921.1,-1,0,0,0,0
1784828520,28586,28593,28580,28589.25,,2511,2878.15,-1,0,0,0,0
1784828580,28588.75,28601.5,28585.25,28598.5,,2984,2901.7,-1,0,0,0,0
1784828640,28598.5,28604.75,28585.25,28594.5,28629.15698040526,2813,2896.9,-1,0,0,0,0
1784828700,28594.5,28626.25,28582,28618.25,,5258,3031.8,-1,0,0,0,0
1784828760,28618,28625.5,28603.5,28617.75,,3178,3051.7,-1,0,0,0,0
1784828820,28617.75,28629.25,28614.75,28619.75,,2530,3051.05,-1,0,0,0,0
1784828880,28619.75,28627.25,28609.25,28620.75,,2617,3107.45,-1,0,0,0,0
1784828940,28620.75,28629.75,28619.5,28621.5,,1590,3084.5,-1,0,0,0,0
1784829000,28621,28624.5,28609.25,28621.5,,2295,2994.55,-1,0,0,0,0
1784829060,28622.25,28625.25,28604.75,28608.25,,2193,2913.75,-1,0,0,0,0
1784829120,28608.5,28628.5,28605.25,28621,,2511,2853.8,-1,0,0,0,0
1784829180,28621.25,28624.5,28602,28607.25,,2718,2822.85,-1,0,0,0,0
1784829240,28606.75,28612.25,28596.25,28596.75,,2587,2856.9,-1,0,0,0,0
1784829300,28596.5,28597.5,28580.5,28590,,3577,2866.95,-1,0,0,0,0
1784829360,28589.75,28590.25,28570.5,28578.75,,2763,2848.75,-1,0,0,0,0
1784829420,28578.75,28583.75,28568.25,28571.25,,2591,2827.95,-1,0,0,0,0
1784829480,28571.5,28579.5,28565.5,28575,,2398,2820.8,-1,0,0,0,0
1784829540,28575.25,28578.25,28565.75,28567.25,28608.521320270174,1919,2816.5,-1,0,0,0,0
1784829600,28568,28579.25,28556.25,28571,,4231,2821.15,-1,0,0,0,0
1784829660,28571,28572.25,28551,28566,,3272,2826.8,-1,0,0,0,0
1784829720,28566.5,28572.5,28561,28572,,2118,2807.15,-1,0,0,0,0
1784829780,28572.25,28580.75,28567.25,28575.75,,2759,2795.9,-1,0,0,0,0
1784829840,28576,28583,28557.25,28561.25,,2901,2800.3,-1,0,0,0,0
1784829900,28561.5,28564.25,28555.5,28561.25,,1891,2631.95,-1,0,0,0,0
1784829960,28562,28571.25,28557.5,28565.5,,1928,2569.45,-1,0,0,0,0
1784830020,28565,28566.5,28543,28544.25,,3246,2605.25,-1,0,1,0,0
1784830080,28543.75,28558.5,28542.25,28552.75,,2173,2583.05,-1,0,0,0,0
1784830140,28553,28554.5,28544.75,28547.25,,1687,2587.9,-1,0,0,0,0
1784830200,28547.5,28557.25,28542.75,28554.25,,2060,2576.15,-1,0,0,0,0
1784830260,28554.25,28563.25,28547.5,28559,,2433,2588.15,-1,0,0,0,0
1784830320,28558.75,28577.75,28558,28575,,3242,2624.7,-1,0,0,0,0
1784830380,28575.25,28578.25,28567.5,28571,,2002,2588.9,-1,0,0,0,0
1784830440,28571.25,28575,28557.75,28559.75,28592.26421351345,2667,2592.9,-1,0,0,0,0
1784830500,28559.75,28572,28554.75,28569,,2198,2523.95,-1,0,0,0,0
1784830560,28568.5,28578.25,28563.25,28568.75,,2316,2501.6,-1,0,0,0,0
1784830620,28568.25,28573.25,28546.5,28550.75,,2663,2505.2,-1,0,0,0,0
1784830680,28550.5,28565.5,28547,28551,,2558,2513.2,-1,0,0,0,0
1784830740,28551.25,28557.25,28544.75,28555.75,,1918,2513.15,-1,0,0,0,0
1784830800,28556,28562.75,28554.25,28555.25,,1837,2393.45,-1,0,0,0,0
1784830860,28555.75,28569.75,28548.75,28569,,2050,2332.35,-1,0,0,0,0
1784830920,28569,28572,28560.75,28561.25,,1939,2323.4,-1,0,0,0,0
1784830980,28561.25,28571.25,28557,28570.25,,1888,2279.85,-1,0,0,0,0
1784831040,28570.5,28582.25,28568.5,28580,,2670,2268.3,-1,0,0,0,0
1784831100,28579.5,28584.5,28562.25,28569.5,,2970,2322.25,-1,0,0,0,0
1784831160,28570.25,28574,28560.5,28561.25,,1813,2316.5,-1,0,0,0,0
1784831220,28561.25,28571.75,28555,28556.25,,2025,2255.45,-1,0,0,0,0
1784831280,28556.25,28575.75,28556.25,28567,,2262,2259.9,-1,0,0,0,0
1784831340,28567.75,28579.75,28566.75,28574.75,28586.426142342298,1596,2255.35,-1,0,0,0,0
1784831400,28574.5,28588.25,28568,28579.25,,2956,2300.15,-1,0,0,0,0
1784831460,28579.25,28589,28579,28585.75,,2199,2288.45,-1,0,0,0,0
1784831520,28586,28593.25,28576.25,28580.5,,2358,2244.25,-1,0,0,0,0
1784831580,28580.75,28586.75,28574.5,28586.75,,2013,2244.8,-1,0,0,0,0
1784831640,28587,28597.5,28586.75,28597,,2296,2226.25,1,0,0,0,0
1784831700,28596.25,28603.25,28579,28580.25,,3347,2283.7,-1,0,0,0,0
1784831760,28580,28586.75,28567.25,28568,,3043,2320.05,-1,0,0,0,0
1784831820,28568.25,28570.5,28556.25,28569,,2757,2324.75,-1,0,0,0,0
1784831880,28569.5,28572,28554.25,28559.75,,1764,2285.05,-1,0,1,0,0
1784831940,28559.5,28569.25,28555.5,28568,,1994,2288.85,-1,0,0,0,0
1784832000,28568,28576,28560.75,28575.5,,2136,2303.8,-1,0,0,0,0
1784832060,28575.75,28576,28553.25,28557,,2039,2303.25,-1,0,0,0,0
1784832120,28557.5,28557.5,28545,28553.75,,2725,2342.55,-1,0,0,0,0
1784832180,28555,28555.75,28546,28550.75,,1350,2315.65,-1,0,1,0,0
1784832240,28550.5,28557.5,28545,28550.25,28574.367428228197,1571,2260.7,-1,0,0,0,0
1784832300,28550.5,28565.5,28549,28561.25,,2997,2262.05,-1,0,0,0,0
1784832360,28561.75,28569.5,28559,28563.75,,1823,2262.55,-1,0,0,0,0
1784832420,28563.5,28575.75,28563.5,28575.75,,1821,2252.35,-1,0,0,0,0
1784832480,28575.5,28579,28568.5,28573.5,,1805,2229.5,-1,0,0,0,0
1784832540,28573.75,28576.5,28559.5,28564.25,,2018,2250.6,-1,0,0,0,0
1784832600,28564.75,28569.5,28555.25,28562.25,,1752,2190.4,-1,0,0,0,0
1784832660,28561.75,28568.75,28557.25,28561.75,,1259,2143.4,-1,0,0,0,0
1784832720,28562.25,28568.25,28555.75,28562,,1668,2108.9,-1,0,0,0,0
1784832780,28561.75,28564.5,28551.25,28559.75,,1824,2099.45,-1,0,0,0,0
1784832840,28559.25,28560.75,28530.75,28532.25,,3834,2176.35,-1,0,0,0,0
1784832900,28532,28539.75,28526.5,28539.25,,3003,2159.15,-1,0,0,0,0
1784832960,28538.75,28542,28528.5,28537.25,,2030,2108.5,-1,0,1,0,0
1784833020,28537.25,28539.5,28531.5,28534.75,,1082,2024.75,-1,0,0,0,0
1784833080,28534.25,28539.5,28524.25,28536.25,,2182,2045.65,-1,0,0,0,0
1784833140,28536.25,28553,28534.25,28549.75,28566.161618818798,2833,2087.6,-1,0,0,0,0
1784833200,28549.75,28566.75,28549.75,28554.75,,3728,2167.2,-1,0,0,0,0
1784833260,28554,28554.5,28540.5,28540.75,,1874,2158.95,-1,0,0,0,0
1784833320,28540.75,28548,28539.25,28544.25,,1225,2083.95,-1,0,0,0,0
1784833380,28544.25,28544.25,28519.75,28520.75,,3062,2169.55,-1,0,1,0,0
1784833440,28520.5,28523,28514.75,28515.5,,2323,2207.15,-1,0,0,0,0
1784833500,28516,28527,28511.5,28524.75,,2356,2175.1,-1,0,0,0,0
1784833560,28525.25,28528.25,28519.25,28526.25,,1489,2158.4,-1,0,0,0,0
1784833620,28526,28527.75,28510,28510.5,,1671,2150.9,-1,0,0,0,0
1784833680,28511,28517,28506,28515.5,,2848,2203.05,-1,0,0,0,0
1784833740,28515.5,28516.5,28508.25,28509.25,,1166,2160.45,-1,0,0,0,0
1784833800,28508.5,28509.5,28501,28503.5,,1841,2164.9,-1,0,1,0,1
1784833860,28503.75,28513.25,28501.5,28510.25,,1733,2188.6,-1,0,0,0,0
1784833920,28510.25,28524,28510.25,28514,,2135,2211.95,-1,0,0,0,0
1784833980,28514.25,28518,28505.75,28508,,1408,2191.15,-1,0,0,0,0
1784834040,28508.25,28512.25,28505.25,28505.25,28545.8577458792,914,2045.15,-1,0,0,0,0
1784834100,28505.75,28523.25,28504.25,28516.5,,2096,1999.8,-1,0,0,0,0
1784834160,28516.75,28529.25,28515.5,28525.5,,1813,1988.95,-1,0,0,0,0
1784834220,28526,28541.5,28524.5,28529.25,,2859,2077.8,-1,0,0,0,0
1784834280,28529.75,28530.25,28513.75,28520.5,,2636,2100.5,-1,0,0,0,0
1784834340,28520.75,28526.75,28519.5,28525.25,,1485,2033.1,-1,0,0,0,0
1784834400,28524.75,28542,28524.25,28539.25,,2690,1981.2,-1,0,0,0,0
1784834460,28539,28559.25,28538.75,28554.75,,3340,2054.5,-1,0,0,0,0
1784834520,28555.25,28562,28545.25,28549.5,,2656,2126.05,-1,0,0,0,0
1784834580,28549.5,28564.25,28549.25,28561.25,,1710,2058.45,-1,0,0,0,0
1784834640,28561.5,28574.25,28560,28574.25,,2131,2048.85,1,0,0,0,0
1784834700,28573.5,28594.75,28573.25,28588.25,,3762,2119.15,1,0,0,0,0
1784834760,28587.75,28591.75,28578.25,28582,,2383,2163.85,1,0,0,0,0
1784834820,28582.25,28594.75,28575.25,28583.25,,2401,2200.35,1,1,0,0,0
1784834880,28583,28587,28561.5,28566.5,,3227,2219.3,1,0,0,0,0
1784834940,28566.5,28583,28563.75,28583,28558.238497252798,2481,2285.05,1,0,0,0,0
1784835000,28583.25,28595.5,28576.5,28589,,4524,2419.2,1,0,0,0,0
1784835060,28588.5,28589.75,28553.5,28555,,4386,2551.85,1,0,0,0,0
1784835120,28555.25,28561.75,28551,28552.25,,2824,2586.3,1,0,0,0,0
1784835180,28552.25,28557.25,28532.5,28551.5,,4450,2738.4,1,0,0,0,0
1784835240,28551.5,28570.25,28551.5,28560.25,,3213,2853.35,1,0,0,0,0
1784835300,28559.5,28565.75,28548.5,28553.5,,2663,2881.7,1,0,0,0,0
1784835360,28553,28559,28539.5,28554.25,,2943,2938.2,1,0,0,0,0
1784835420,28554.25,28564.5,28549,28556.25,,2293,2909.9,1,0,0,0,0
1784835480,28556.25,28562,28541.75,28545,,2064,2881.3,-1,0,0,0,0
1784835540,28545,28550,28538.5,28539.5,,1980,2906.05,-1,0,0,0,0
1784835600,28539.25,28544.5,28535,28538,,2072,2875.15,-1,0,0,0,0
1784835660,28538.5,28538.5,28527.75,28533.75,,2214,2818.85,-1,0,0,0,0
1784835720,28533.75,28534,28509.75,28510,,3365,2854.3,-1,0,0,0,0
1784835780,28510,28518,28504.5,28514.75,,2651,2901.35,-1,0,0,0,0
1784835840,28514.25,28514.5,28501.75,28502.75,28539.742331501864,2040,2896.8,-1,0,1,0,0
1784835900,28502.25,28510.5,28501.25,28503.75,,2938,2855.6,-1,0,0,0,0
1784835960,28504.25,28506.75,28490.25,28493.5,,3915,2932.2,-1,0,0,0,0
1784836020,28493.75,28511.5,28485.75,28507.75,,3633,2993.8,-1,0,0,0,0
1784836080,28507.5,28512,28499.5,28501.5,,2361,2950.5,-1,0,0,0,0
1784836140,28501.75,28502.25,28486,28499.25,,2955,2974.2,-1,0,0,0,0
1784836200,28498.5,28546.5,28498.25,28529,,8986,3197.3,-1,0,0,0,0
1784836260,28528.75,28537.75,28515.75,28535.5,,4347,3195.35,-1,0,0,0,0
1784836320,28536,28540.75,28510.5,28523.25,,4242,3266.25,-1,0,0,0,0
1784836380,28523.75,28524.25,28509,28516.75,,3427,3215.1,-1,0,0,0,0
1784836440,28517.25,28538.25,28505,28535.75,,6157,3362.3,-1,0,0,0,0
1784836500,28536.25,28579,28536.25,28577.75,,6305,3544.4,1,0,0,0,0
1784836560,28577.5,28588,28572,28583.5,,3156,3555.05,1,0,0,0,0
1784836620,28583.75,28607,28582.5,28605.25,,3925,3636.65,1,0,0,0,0
1784836680,28606,28631.25,28605.5,28624,,6062,3836.55,1,0,0,0,0
1784836740,28623.75,28633.25,28606.25,28614.25,28564.578221001244,9740,4224.55,1,0,0,0,0
1784836800,28614.75,28681.25,28613.25,28677.75,,9351,4588.5,1,0,0,0,0
1784836860,28677,28694.75,28652.25,28685,,6401,4797.85,1,0,0,0,0
1784836920,28686,28696.25,28664.75,28690.25,,4707,4864.95,1,0,0,0,0
1784836980,28690.25,28725.5,28688.25,28720.75,,5533,5009.05,1,0,0,0,0
1784837040,28721.25,28725.25,28706,28708.75,,3036,5058.85,1,0,0,0,0
1784837100,28709.25,28717,28699.75,28706.75,,2981,5061,1,1,0,0,0
1784837160,28707.75,28724,28705.25,28722.75,,2630,4996.75,1,0,0,0,0
1784837220,28723.5,28727,28700.5,28712.75,,2673,4948.75,1,0,0,0,0
1784837280,28712.5,28716.75,28709,28712.5,,1264,4893.9,1,0,0,0,0
1784837340,28713.75,28719,28704.25,28714,,1703,4831.3,1,0,0,0,0
1784837400,28713.75,28728.5,28713.5,28720.25,,2550,4509.5,1,0,0,0,0
1784837460,28720.5,28732.75,28718.5,28731,,1848,4384.55,1,0,0,0,0
1784837520,28730.75,28747,28727,28727.25,,3359,4340.4,1,0,0,0,0
1784837580,28728,28746,28720.5,28741.25,,1916,4264.85,1,0,0,0,0
1784837640,28740.25,28745,28723.25,28727.75,28618.96881400083,1912,4052.6,1,0,0,0,0
1784837700,28726.75,28735,28718,28734,,2040,3839.35,1,0,0,0,0
1784837760,28733.5,28752,28731.5,28740.25,,2331,3798.1,1,0,0,0,0
1784837820,28739.25,28748.5,28739,28744.25,,1284,3666.05,1,0,0,0,0
1784837880,28744.75,28756.5,28744.75,28750.5,,1769,3451.4,1,1,0,0,0
1784837940,28751,28754.5,28746.25,28754.5,,1147,3021.75,1,0,0,0,0
1784838000,28754,28767.75,28750,28750.5,,2339,2671.15,1,0,0,0,0
1784838060,28750.5,28758.5,28749,28756,,1066,2404.4,1,0,0,0,0
1784838120,28755.75,28770,28755.25,28766.75,,1403,2239.2,1,0,0,0,0
1784838180,28767.25,28768.5,28758.5,28762.75,,930,2009.05,1,0,0,0,0
1784838240,28763.5,28771,28763,28770,,1080,1911.25,1,0,0,0,0
1784838300,28770,28777.5,28768,28769.75,,1441,1834.25,1,0,0,0,0
1784838360,28769.25,28771,28757.75,28764.5,,1532,1779.35,1,0,0,0,0
1784838420,28764,28769.5,28758.5,28768.25,,812,1686.3,1,0,0,0,0
1784838480,28768,28773,28764.25,28770,,1315,1688.85,1,0,0,0,0
1784838540,28770,28770,28763.25,28769,28668.979209333887,699,1638.65,1,0,0,0,0
1784838600,28769.25,28772.25,28755.75,28758,,1433,1582.8,1,0,0,0,0
1784838660,28758.75,28767,28757.75,28764.25,,869,1533.85,1,0,0,0,0
1784838720,28764.25,28781.5,28763.5,28781.5,,1507,1441.25,1,0,0,0,0
1784838780,28780,28782,28761.75,28767.75,,1285,1409.7,1,0,0,0,0
1784838840,28767.75,28772.5,28764,28766.5,,696,1348.9,1,0,0,0,0
1784838900,28766.5,28773,28765.75,28767.75,,706,1282.2,1,0,0,0,0
1784838960,28767.5,28771.75,28763.25,28765.25,,498,1190.55,1,0,0,0,0
1784839020,28764.5,28771.5,28764.5,28767.25,,474,1150.05,1,0,0,0,0
1784839080,28767.25,28770.5,28766.25,28768.25,,619,1092.55,1,0,0,0,0
1784839140,28768.25,28769.25,28765.5,28767.25,,303,1050.35,1,0,0,0,0
1784839200,28767.25,28767.5,28747.75,28748.25,,1262,996.5,1,0,0,0,0
1784839260,28748.25,28753.25,28745.5,28750.75,,849,985.65,1,0,0,0,0
1784839320,28750.5,28750.75,28736.25,28737.75,,1413,986.15,1,0,0,0,0
1784839380,28738.25,28741.75,28731.75,28735.25,,1054,992.35,1,0,0,0,0
1784839440,28735.5,28737.25,28727.5,28736.25,28691.40280622259,929,984.8,1,0,0,0,0
1784839500,28736.25,28739.75,28733.25,28734.25,,672,946.35,1,0,0,0,0
1784839560,28734,28734.5,28730,28732,,541,896.8,1,0,0,0,0
1784839620,28732,28735.75,28728.25,28732,,714,891.9,1,0,0,0,0
1784839680,28731.75,28731.75,28725.25,28729.75,,522,852.25,1,0,0,0,0
1784839740,28730,28735.75,28728.25,28729.75,,519,843.25,1,0,0,0,0
1784839800,28729.25,28735.75,28726.5,28735.5,,700,806.6,1,0,0,0,0
1784839860,28735.75,28736.75,28728.5,28729,,423,784.3,1,0,0,0,0
1784839920,28729.5,28732.25,28726.75,28728,,267,722.3,1,0,0,0,0
1784839980,28727.75,28729.5,28726.5,28729,,338,674.95,1,0,0,0,0
1784840040,28728.5,28734.25,28728,28732.5,,533,666.8,1,0,0,0,0
1784840100,28732.75,28735.25,28728.5,28731,,434,653.2,1,0,0,0,0
1784840160,28731.25,28735,28729.25,28733.5,,213,638.95,1,0,0,0,0
1784840220,28733.75,28735,28730,28732.25,,204,625.45,1,0,0,0,0
1784840280,28733,28744,28731.75,28741.25,,507,619.85,1,0,0,0,0
1784840340,28742.25,28747,28738.5,28740.75,28707.851870815062,363,622.85,1,0,0,0,0
1784844000,28708,28709.5,28687,28690.5,,1737,646.6,-1,0,0,0,0
1784844060,28691.75,28693.75,28657.5,28661,,1772,692.75,-1,0,0,0,0
1784844120,28661.5,28679,28656.25,28670.75,,1197,681.95,-1,0,0,0,0
1784844180,28671.75,28682.75,28663.25,28668.25,,814,669.95,-1,0,1,0,0
1784844240,28669,28669.75,28657,28660,,821,664.55,-1,0,0,0,0
1784844300,28658.5,28663.25,28650.75,28658.25,,964,679.15,-1,0,0,0,0
1784844360,28657,28672.5,28655,28662.75,,802,692.2,-1,0,0,0,0
1784844420,28662.75,28664.5,28659.5,28660.75,,373,675.15,-1,0,0,0,0
1784844480,28660.75,28665.25,28655,28656,,476,672.85,-1,0,0,0,0
1784844540,28655,28663,28654.25,28661.75,,423,668.05,-1,0,0,0,0
1784844600,28661.25,28661.25,28641.5,28643.25,,959,681,-1,0,0,0,0
1784844660,28644.25,28649.25,28637.25,28642,,1145,717.1,-1,0,0,0,0
1784844720,28642,28644.5,28638.25,28638.5,,575,732.5,-1,0,1,0,1
1784844780,28638.5,28641,28633.25,28635.5,,662,748.7,-1,0,0,0,0
1784844840,28635.5,28644,28632.5,28642.25,28685.984580543376,701,757.1,-1,0,0,0,0
1784844900,28641.5,28644,28636.5,28639.75,,548,762.8,-1,0,0,0,0
1784844960,28641,28644,28635,28638.5,,535,778.9,-1,0,0,0,0
1784845020,28638.5,28640.25,28634.75,28635.5,,375,787.45,-1,0,0,0,0
1784845080,28636.25,28638,28630.5,28633.75,,438,784,-1,0,0,0,0
1784845140,28633,28634.5,28622,28631,,900,810.85,-1,0,0,0,0
1784845200,28630.75,28637.25,28627.25,28636,,565,752.25,-1,0,0,0,0
1784845260,28636.25,28650,28633,28648,,1146,720.95,-1,0,0,0,0
1784845320,28648,28663.5,28647.5,28661.25,,1215,721.85,-1,0,0,0,0
1784845380,28660.5,28670,28658.75,28669.5,,902,726.25,-1,0,0,0,0
1784845440,28669,28676.75,28667.5,28670.25,,946,732.5,-1,0,0,0,0
1784845500,28670.5,28670.5,28664.25,28664.25,,509,709.75,-1,0,0,0,0
1784845560,28664.25,28665,28652.5,28657.75,,933,716.3,-1,0,0,0,0
1784845620,28658,28673,28657,28672,,845,739.9,-1,0,0,0,0
1784845680,28671.75,28673.5,28668.75,28670.25,,572,744.7,-1,0,0,0,0
1784845740,28671,28671,28660,28662.75,28678.23972036225,489,748,-1,0,0,0,0
1784845800,28664,28688.25,28662.75,28685.5,,1519,776,-1,0,0,0,0
1784845860,28685.25,28692.25,28680.5,28689,,1205,779,1,0,0,0,0
1784845920,28688.5,28688.5,28678.25,28684.5,,581,779.3,-1,0,0,0,0
1784845980,28685.25,28686,28675.75,28680,,499,771.15,-1,0,0,0,0
1784846040,28679.75,28683.5,28676.75,28678.25,,271,749.65,-1,0,0,0,0
1784846100,28677.5,28686.5,28675,28677.75,,673,755.9,-1,0,0,0,0
1784846160,28678.25,28679.5,28676,28678.25,,264,742.35,-1,0,0,0,0
1784846220,28678.75,28678.75,28666.25,28671.5,,654,756.3,-1,0,0,0,0
1784846280,28671.75,28686.5,28671,28683.25,,529,760.85,-1,0,0,0,0
1784846340,28682.75,28688.5,28672.75,28672.75,,575,744.6,-1,0,0,0,0
1784846400,28673,28679,28668,28669,,426,737.65,-1,0,0,0,0
1784846460,28668.5,28676.75,28668,28672,,620,711.35,-1,0,0,0,0
1784846520,28673,28679,28668.5,28678.25,,355,668.35,-1,0,0,0,0
1784846580,28678.25,28684.25,28678.25,28683.25,,514,648.95,-1,0,0,0,0
1784846640,28682.5,28686,28681.5,28683.75,28680.0764802415,262,614.75,1,0,0,0,0
1784846700,28684,28686.25,28683.5,28684.75,,235,601.05,1,0,0,0,0
1784846760,28685.25,28707.75,28684.25,28695.25,,2026,655.7,1,1,0,0,0
1784846820,28695.5,28701,28693.75,28698,,474,637.15,1,0,0,0,0
1784846880,28698.5,28706.75,28695,28702.25,,707,643.9,1,1,0,1,0
1784846940,28702,28702.5,28696,28698,,283,633.6,1,0,0,0,0
1784847000,28696.75,28700.75,28694.25,28698.5,,481,581.7,1,0,0,0,0
1784847060,28698.75,28706.75,28696.75,28706,,477,545.3,1,0,0,0,0
1784847120,28705.75,28707.25,28701,28702.75,,511,541.8,1,0,0,0,0
1784847180,28702.75,28706.75,28701.75,28702.5,,208,527.25,1,0,0,0,0
1784847240,28702.75,28708.75,28702.75,28706.5,,408,534.1,1,0,0,0,0
1784847300,28706,28724.25,28706,28719,,1522,576.55,1,1,0,1,0
1784847360,28718.5,28721.5,28717,28719,,511,588.9,1,0,0,0,0
1784847420,28719,28721.75,28715.75,28720,,346,573.5,1,0,0,0,0
1784847480,28720.25,28729.75,28719,28727.5,,797,586.9,1,1,0,1,0
1784847540,28728,28732.75,28727,28730.25,28696.800986827668,599,588.1,1,0,0,0,0
1784847600,28729.75,28734.75,28727.25,28732.5,,824,608,1,0,0,0,0
1784847660,28732.25,28734,28721.5,28727.25,,832,618.6,1,0,0,0,0
1784847720,28727.75,28731,28724.25,28728,,589,630.3,1,0,0,0,0
1784847780,28728.75,28730.5,28707,28713.25,,1173,663.25,1,0,0,0,0
1784847840,28712.5,28715.25,28697.5,28703.5,,1255,712.9,1,0,0,0,0
1784847900,28702.75,28712.5,28698.25,28705.75,,1126,757.45,1,0,0,0,0
1784847960,28706,28707,28699,28699.75,,850,698.65,1,0,0,0,0
1784848020,28699.75,28703,28696.25,28697,,582,704.05,1,0,0,0,0
1784848080,28696.5,28700.5,28691,28693.5,,1065,721.95,1,0,0,0,0
1784848140,28694,28704.25,28692.75,28703,,601,737.85,1,0,0,0,0
1784848200,28703,28704,28699.75,28704,,455,736.55,1,0,0,0,0
1784848260,28704,28705,28699.25,28704.75,,362,730.8,1,0,0,0,0
1784848320,28704.75,28705,28687.5,28695.75,,988,754.65,1,0,0,0,0
1784848380,28695.75,28696.75,28692.25,28695.25,,330,760.75,1,0,0,0,0
1784848440,28695.5,28698.25,28694,28698,28697.20065788511,304,755.55,1,0,0,0,0
1784848500,28698.25,28702,28695.5,28697,,399,699.4,1,0,0,0,0
1784848560,28697.25,28708,28692.5,28694.5,,944,721.05,-1,0,0,0,0
1784848620,28694,28696.25,28690.25,28695.5,,505,729,-1,0,0,0,0
1784848680,28694.75,28695.25,28689.75,28692.25,,662,722.25,-1,0,0,0,0
1784848740,28692.25,28696.75,28688.25,28696,,398,712.2,-1,0,0,0,0
1784848800,28695.25,28703,28693.25,28695.75,,750,708.5,-1,0,0,0,0
1784848860,28695.25,28707.75,28692.75,28705,,715,702.65,1,0,0,0,0
1784848920,28705,28708.5,28698.25,28702.75,,699,708.15,1,0,0,0,0
1784848980,28703,28703.75,28697,28699.75,,223,660.65,1,0,0,0,0
1784849040,28700.5,28704.75,28699.25,28702,,224,609.1,1,0,0,0,0
1784849100,28702.75,28703.75,28697.75,28699.25,,439,574.75,1,0,0,0,0
1784849160,28699.25,28701.5,28695,28697.25,,274,545.95,1,0,0,0,0
1784849220,28697,28701.75,28695.75,28700.75,,230,528.35,1,0,0,0,0
1784849280,28699.5,28703.5,28697,28702.5,,281,489.15,1,0,0,0,0
1784849340,28701.75,28706.5,28696,28700.25,28698.21710525674,443,481.25,1,0,0,0,0
1784849400,28699.5,28702,28690,28695.25,,665,491.75,-1,0,0,0,0
1784849460,28695.25,28696.25,28679.5,28685.5,,1077,527.5,-1,0,0,0,0
1784849520,28685.5,28690.25,28685.5,28687.25,,381,497.15,-1,0,0,0,0
1784849580,28688.25,28695.25,28685.75,28695,,383,499.8,-1,0,0,0,0
1784849640,28694.25,28697,28691.5,28695.5,,348,502,-1,0,0,0,0
1784849700,28695.25,28696.5,28690.25,28692.5,,347,499.4,-1,0,0,0,0
1784849760,28692.5,28696.25,28686.5,28686.5,,398,472.1,-1,0,0,0,0
1784849820,28686.75,28689.75,28682.75,28687,,465,470.1,-1,0,0,0,0
1784849880,28687.5,28689.25,28684.5,28685,,297,451.85,-1,0,0,0,0
1784849940,28685,28685.75,28675,28676.25,,1246,494.25,-1,0,1,0,0
1784850000,28677.25,28677.5,28658.75,28670.5,,1856,549.55,-1,0,0,0,0
1784850060,28670.75,28688.5,28669.5,28685,,1193,573.45,-1,0,0,0,0
1784850120,28684.5,28697,28681.75,28688.25,,1490,613,-1,0,0,0,0
1784850180,28688,28690.5,28681.25,28683.25,,522,627.95,-1,0,0,0,0
1784850240,28683.5,28687.25,28680,28687.25,28694.561403504493,626,648.05,-1,0,0,0,0
1784850300,28687.5,28710.75,28678.25,28697.5,,2688,760.5,-1,0,0,0,0
1784850360,28698.25,28700.75,28687.75,28690.5,,1312,812.4,-1,0,0,0,0
1784850420,28690.75,28695.25,28678.25,28682.25,,1099,855.85,-1,0,0,0,0
1784850480,28681,28693.75,28674.75,28692.5,,1096,896.6,-1,0,0,0,0
1784850540,28693,28693.5,28678,28680.25,,528,900.85,-1,0,0,0,0
1784850600,28680.25,28687,28670.75,28676.5,,861,910.65,-1,0,0,0,0
1784850660,28677,28681,28667,28668,,902,901.9,-1,0,0,0,0
1784850720,28669,28673.75,28665,28669.25,,992,932.45,-1,0,0,0,0
1784850780,28671.5,28676.25,28664.25,28666.25,,543,940.45,-1,0,0,0,0
1784850840,28666.75,28669.25,28655.5,28664.75,,1253,985.7,-1,0,0,0,0
1784850900,28664.75,28672,28663.25,28670.25,,745,1005.6,-1,0,0,0,0
1784850960,28671,28678,28660.75,28668,,841,1027.75,-1,0,0,0,0
1784851020,28668.5,28683,28668.5,28682.25,,684,1038.7,-1,0,0,0,0
1784851080,28681.5,28694.5,28680.5,28688,,1076,1077.65,-1,0,0,0,0
1784851140,28688.25,28688.75,28673.25,28679.25,28689.45760233633,948,1062.75,-1,0,0,0,0
1784851200,28681,28700.5,28679.25,28693.25,,2260,1082.95,-1,0,0,0,0
1784851260,28693.5,28725,28692.25,28700.5,,3576,1202.1,1,0,0,0,0
1784851320,28700,28710.5,28691.5,28698.75,,2821,1268.65,1,1,0,0,0
1784851380,28698.25,28698.25,28679.25,28681.75,,1797,1332.4,-1,0,0,1,0
1784851440,28681.5,28687.25,28652.5,28656,,2718,1437,-1,0,0,0,0
1784851500,28655.5,28659.75,28642,28647.75,,2792,1442.2,-1,0,0,0,0
1784851560,28648.25,28671.75,28636.5,28663.75,,3450,1549.1,-1,0,0,0,0
1784851620,28663,28664.25,28634,28639.75,,1748,1581.55,-1,0,0,0,0
1784851680,28640,28641.25,28629,28635.75,,1521,1602.8,-1,0,0,0,0
1784851740,28636.75,28640.25,28628,28636.25,,1254,1639.1,-1,0,0,0,0
1784851800,28637,28650,28622.75,28630.25,,2208,1706.45,-1,0,0,0,0
1784851860,28631,28634.25,28619.25,28624.25,,1671,1744.9,-1,0,0,0,0
1784851920,28624.75,28643.5,28619.5,28643,,1659,1778.25,-1,0,0,0,0
1784851980,28643.75,28647.75,28628.5,28639.75,,1641,1833.15,-1,0,0,0,0
1784852040,28640,28645.75,28635,28643,28673.971734890885,952,1818.1,-1,0,0,0,0
1784852100,28643.25,28647.5,28616.75,28621.75,,2178,1889.75,-1,0,0,0,0
1784852160,28621.75,28642.25,28615.5,28640.5,,1881,1941.75,-1,0,0,0,0
1784852220,28641.25,28643.5,28626.25,28633,,1218,1968.45,-1,0,0,0,0
1784852280,28633.5,28660.25,28625,28650,,2122,2020.75,-1,0,0,0,0
1784852340,28649.75,28651.75,28627,28630.5,,1277,2037.2,-1,0,0,0,0
1784852400,28630,28643.75,28622,28641.5,,1250,1986.7,-1,0,0,0,0
1784852460,28642.25,28666,28639,28648.25,,2010,1908.4,-1,0,0,0,0
1784852520,28648,28660.25,28643.75,28658,,1425,1838.6,-1,0,0,0,0
1784852580,28657.25,28683.75,28649.75,28669.25,,2434,1870.45,-1,0,0,0,0
1784852640,28669.5,28675.5,28666,28667.25,,1078,1788.45,-1,0,0,0,0
1784852700,28667,28676,28655.5,28661.5,,1621,1729.9,-1,0,0,0,0
1784852760,28661.25,28672,28654.25,28655,,1196,1617.2,-1,0,0,0,0
1784852820,28656,28661.25,28646.75,28649.5,,1273,1593.45,-1,0,0,0,0
1784852880,28649.25,28650.75,28640,28643,,1147,1574.75,-1,0,0,0,0
1784852940,28643.75,28645.5,28636.75,28644.75,28664.231156593924,972,1560.65,-1,0,0,0,0
1784853000,28644.75,28648.5,28631.75,28633.5,,1083,1504.4,-1,0,1,0,0
1784853060,28633.5,28637.5,28622.75,28636.75,,1367,1489.2,-1,0,0,0,0
1784853120,28636.25,28638,28628,28631,,819,1447.2,-1,0,0,0,0
1784853180,28631.5,28636.75,28626,28634.75,,654,1397.85,-1,0,0,0,0
1784853240,28635,28637.5,28625.5,28629.75,,956,1398.05,-1,0,0,0,0
1784853300,28629.5,28633.25,28620.5,28631.5,,907,1334.5,-1,0,0,0,0
1784853360,28631,28650,28630.25,28639,,1663,1323.6,-1,0,0,0,0
1784853420,28639.75,28647,28635,28637,,688,1297.1,-1,0,0,0,0
1784853480,28638,28645.5,28632.5,28643,,627,1222.35,-1,0,0,0,0
1784853540,28643,28666,28642.75,28650.75,,1653,1241.15,-1,0,0,0,0
1784853600,28651.25,28661.5,28650,28660.75,,818,1219.55,-1,0,0,0,0
1784853660,28661,28664,28645.5,28649.25,,1086,1173.35,-1,0,0,0,0
1784853720,28649,28676.5,28643,28669.5,,2267,1215.45,-1,0,0,0,0
1784853780,28669.25,28673.75,28656.25,28661,,1203,1153.9,-1,0,0,0,0
1784853840,28661,28662.75,28650,28656,28661.487437729284,1206,1160.3,-1,0,0,0,0
1784853900,28655.75,28663,28651.25,28660.5,,852,1121.85,-1,0,0,0,0
1784853960,28661,28673.5,28651.75,28657,,1521,1138.1,-1,0,0,0,0
1784854020,28658,28675.25,28650,28673.75,,1193,1134.1,1,0,0,0,0
1784854080,28674.5,28680,28669,28671.5,,1224,1137.95,1,0,0,0,0
1784854140,28671.5,28676,28661.75,28668.25,,1088,1143.75,1,0,0,0,0
1784854200,28668.5,28674.75,28657.5,28674,,779,1128.55,1,0,0,0,0
1784854260,28674.25,28676,28660.25,28666.25,,965,1108.45,1,0,0,0,0
1784854320,28665.25,28668.25,28660.5,28663.75,,455,1090.25,-1,0,0,0,0
1784854380,28664,28668,28647.75,28648.25,,1066,1110.85,-1,0,0,0,0
1784854440,28648.5,28648.5,28635.25,28637.5,,1528,1139.45,-1,0,0,0,0
1784854500,28637.5,28646,28626.5,28644.75,,1383,1163.25,-1,0,0,0,0
1784854560,28645.25,28660.75,28637,28655.5,,1650,1162.6,-1,0,0,0,0
1784854620,28656,28666.75,28654.75,28663.25,,1166,1186.5,-1,0,0,0,0
1784854680,28663.25,28673.25,28662.5,28662.5,,1015,1205.9,-1,0,0,0,0
1784854740,28663,28675.25,28661,28671,28664.658291819524,865,1166.5,1,1,0,0,0
1784854800,28672,28681.75,28663.5,28671.75,,2182,1234.7,1,0,0,0,0
1784854860,28672,28688,28669.75,28687.25,,1723,1266.55,1,0,0,0,0
1784854920,28687,28689.25,28670,28670.5,,1468,1226.6,1,0,0,0,0
1784854980,28670.25,28673,28656,28663.75,,1741,1253.5,1,0,0,0,0
1784855040,28663.75,28691.5,28663,28690.25,,1577,1272.05,1,0,0,0,0
1784855100,28691,28700,28687.75,28694.75,,1748,1316.85,1,0,0,0,0
1784855160,28695,28695.5,28683,28685,,1227,1302.15,1,0,0,0,0
1784855220,28685,28693,28683.25,28688.5,,839,1284.45,1,0,0,0,0
1784855280,28688.5,28701.75,28686,28700.5,,1069,1276.7,1,0,0,0,0
1784855340,28700.5,28701.75,28686,28686,,1408,1292.7,1,0,0,0,0
1784855400,28686,28692.75,28672.75,28674,,1453,1326.4,1,0,0,0,0
1784855460,28674.75,28684.5,28670.75,28676,,1196,1337.95,1,0,0,0,0
1784855520,28675.75,28683.25,28665.25,28682.25,,1312,1380.8,1,0,0,0,0
1784855580,28682,28682.75,28674.5,28675.75,,593,1357.15,1,0,0,0,0
1784855640,28675.75,28678.25,28657.5,28662.5,28663.938861213017,1267,1344.1,-1,0,0,0,0
1784855700,28663.5,28664.25,28654.25,28662,,1162,1333.05,-1,0,0,0,0
1784855760,28661.25,28683.75,28658.25,28661.25,,1887,1344.9,-1,0,0,0,0
1784855820,28660,28678,28658.25,28674.25,,900,1331.6,1,0,0,0,0
1784855880,28674,28676.5,28648.5,28654.5,,1395,1350.6,-1,0,0,0,0
1784855940,28653.75,28672.75,28653,28666.25,,1073,1361,1,0,0,0,0
1784856000,28665.5,28672,28652.75,28664.75,,1156,1309.7,1,0,0,0,0
1784856060,28666.25,28668.5,28651.25,28653.75,,1062,1276.65,-1,0,0,0,0
1784856120,28653.5,28658.75,28650.25,28655.25,,708,1238.65,-1,0,0,0,0
1784856180,28655,28656.25,28641,28646.75,,1407,1221.95,-1,0,0,0,0
1784856240,28647.25,28659.75,28642.5,28655.25,,1050,1195.6,-1,0,0,0,0
1784856300,28654.5,28680.25,28651.75,28674.5,,1593,1187.85,1,0,0,0,0
1784856360,28674.75,28690,28673.75,28682.75,,1568,1204.9,1,0,0,0,0
1784856420,28683.25,28693.25,28676.75,28684.5,,1137,1219.8,1,0,0,0,0
1784856480,28684,28685.5,28665.5,28666,,1404,1236.55,1,0,0,0,0
1784856540,28666.25,28671,28653.25,28656,28661.29257414201,1514,1241.85,-1,0,0,0,0
1784856600,28656.5,28666.5,28650,28662.75,,1369,1237.65,-1,0,0,0,0
1784856660,28662.25,28669,28647.75,28652.75,,1200,1237.85,-1,0,0,0,0
1784856720,28652.25,28654.5,28646.5,28652.5,,725,1208.5,-1,0,0,0,0
1784856780,28651.75,28681.25,28650.25,28680.5,,1609,1259.3,1,0,0,0,0
1784856840,28680,28685,28676.75,28680,,980,1244.95,1,0,0,0,0
1784856900,28680.25,28683,28669.75,28675.75,,1359,1254.8,1,0,0,0,0
1784856960,28675.75,28680.5,28669.75,28676,,678,1194.35,1,0,0,0,0
1784857020,28676,28683.75,28668.25,28675.5,,1147,1206.7,1,0,0,0,0
1784857080,28675.5,28685.25,28669.5,28681.5,,700,1171.95,1,0,0,0,0
1784857140,28682.75,28683.25,28655,28656.75,,1095,1173.05,-1,0,0,0,0
1784857200,28656.5,28663.25,28645.25,28651.75,,1269,1178.7,-1,0,0,0,0
1784857260,28652,28666.5,28649.25,28666.25,,967,1173.95,1,0,0,0,0
1784857320,28665.75,28678.75,28661.5,28666.5,,1113,1194.2,1,0,0,0,0
1784857380,28665.75,28677.75,28663.75,28674.75,,646,1156.15,1,0,0,0,0
1784857440,28675.75,28684.5,28659.25,28664.25,28662.278382761342,1227,1165,1,0,0,0,0
1784857500,28663.75,28664.5,28656.25,28660,,710,1120.85,-1,0,0,0,0
1784857560,28660,28668.25,28656.5,28662.75,,630,1073.95,1,0,0,0,0
1784857620,28663,28673.25,28660.75,28664.25,,625,1048.35,1,0,0,0,0
1784857680,28663.25,28665.75,28657,28658.25,,402,998.25,-1,0,0,0,0
1784857740,28658.25,28660.75,28642.75,28643.75,,1042,974.65,-1,0,0,0,0
1784857800,28643.5,28644.25,28634.25,28635.75,,1455,978.95,-1,0,0,0,0
1784857860,28635.75,28645,28634,28641.75,,984,968.15,-1,0,0,0,0
1784857920,28641.5,28641.5,28629,28633.75,,1008,982.3,-1,0,0,0,0
1784857980,28634,28642,28628.5,28641,,588,931.25,-1,0,0,0,0
1784858040,28641,28649.75,28638.25,28645.75,,1241,944.3,-1,0,0,0,0
1784858100,28645.5,28652,28637.25,28639.5,,938,923.25,-1,0,0,0,0
1784858160,28638.5,28640.25,28624.5,28626,,1224,950.55,-1,0,0,0,0
1784858220,28626.5,28628.5,28622.25,28623.25,,784,932.4,-1,0,0,0,0
1784858280,28622.75,28623,28608.5,28617.25,,2198,1007.3,-1,0,0,0,0
1784858340,28616.5,28620.75,28612,28614,28646.18558850756,845,994.8,-1,0,0,0,0
1784858400,28613.75,28623.5,28612.5,28615.25,,1178,990.25,-1,0,0,0,0
1784858460,28614.5,28619.5,28605.75,28619,,1095,996.65,-1,0,1,0,0
1784858520,28618.25,28619,28606.25,28618,,854,983.7,-1,0,0,0,0
1784858580,28618.25,28622.75,28608.5,28619.25,,723,987.55,-1,0,0,0,0
1784858640,28618.5,28620.75,28602.75,28603.5,,1073,979.85,-1,0,0,0,0
1784858700,28603.75,28604.25,28596.25,28601.25,,1646,1026.65,-1,0,0,0,0
1784858760,28601.25,28606.75,28595.75,28599.5,,893,1039.8,-1,0,0,0,0
1784858820,28598.5,28606.5,28595.5,28605.75,,742,1045.65,-1,0,0,0,0
1784858880,28605.5,28609.75,28593.75,28600.5,,909,1071,-1,0,0,0,0
1784858940,28599.75,28616.75,28598,28616.75,,873,1062.55,-1,0,0,0,0
1784859000,28617,28625.25,28613,28615,,1956,1087.6,-1,0,0,0,0
1784859060,28615,28632,28608.5,28627,,1309,1103.85,-1,0,0,0,0
1784859120,28627,28632,28616.25,28622.5,,1102,1108.55,-1,0,0,0,0
1784859180,28623.5,28629.75,28618.25,28618.25,,594,1108.85,-1,0,0,0,0
1784859240,28618.5,28624.25,28615,28618.25,28636.873725671707,655,1079.55,-1,0,0,0,0
1784859300,28617.5,28625,28603,28614.5,,1510,1108.15,-1,0,0,0,0
1784859360,28614,28616.75,28603.25,28605.25,,619,1077.9,-1,0,0,0,0
1784859420,28606.25,28616.5,28605.5,28613.25,,898,1083.6,-1,0,0,0,0
1784859480,28613,28615.25,28599.5,28606.5,,852,1016.3,-1,0,0,0,0
1784859540,28607,28614.5,28605,28606,,546,1001.35,-1,0,0,0,0
1784859600,28605.75,28605.75,28595,28599,,893,987.1,-1,0,0,0,0
1784859660,28599.25,28604,28590.5,28591.5,,1219,993.3,-1,0,0,0,0
1784859720,28592,28596,28586.25,28588.75,,1406,1020.9,-1,0,0,0,0
1784859780,28589.25,28601.25,28588,28600,,725,1021,-1,0,0,0,0
1784859840,28600,28612.25,28598.25,28608.25,,1107,1022.7,-1,0,0,0,0
1784859900,28608,28621.25,28606.5,28619.25,,1022,991.5,-1,0,0,0,0
1784859960,28619.25,28623.5,28611.5,28622,,958,994.75,-1,0,0,0,0
1784860020,28622.25,28623.75,28610.75,28617.75,,1032,1009.25,-1,0,0,0,0
1784860080,28618.5,28622.75,28603.5,28604.5,,673,997.45,-1,0,0,0,0
1784860140,28605,28605.75,28591.75,28594.25,28622.66581711447,1414,1024.5,-1,0,0,0,0
1784860200,28594.25,28598.75,28582,28596.25,,1864,1019.9,-1,0,0,0,0
1784860260,28596,28597.5,28589.5,28594,,723,990.6,-1,0,0,0,0
1784860320,28594.25,28594.75,28578.25,28583.5,,1124,991.7,-1,0,1,0,0
1784860380,28583.25,28585,28570.5,28572.75,,1260,1025,-1,0,0,0,0
1784860440,28572.75,28575.25,28570,28572.25,,761,1030.3,-1,0,0,0,0
1784860500,28572.25,28572.5,28560.25,28565.75,,1251,1017.35,-1,0,1,0,1
1784860560,28566.25,28571,28553.5,28559.75,,1814,1077.1,-1,0,0,0,0
1784860620,28560.25,28566.25,28553.5,28565,,1008,1082.6,-1,0,0,0,0
1784860680,28565,28566,28554.25,28557,,693,1074.65,-1,0,0,0,0
1784860740,28557.25,28560,28552,28553.75,,1015,1098.1,-1,0,0,0,0
1784860800,28554.25,28562,28553.25,28555.75,,778,1092.35,-1,0,0,0,0
1784860860,28555.25,28560.75,28551.25,28558,,743,1068.55,-1,0,0,0,0
1784860920,28557.25,28558.75,28553,28554.25,,568,1026.65,-1,0,0,0,0
1784860980,28555,28556.75,28547.5,28556.5,,1066,1043.7,-1,0,0,0,0
1784861040,28556.25,28558.75,28548,28548,28597.777211409648,675,1022.1,-1,0,0,0,0
1784861100,28547.5,28552.75,28542.75,28547.5,,1107,1026.35,-1,0,0,0,0
1784861160,28546.5,28550.75,28537,28537.75,,1179,1037.4,-1,0,0,0,0
1784861220,28538,28553.25,28537,28547.75,,1121,1041.85,-1,0,0,0,0
1784861280,28548.5,28548.5,28530.75,28537.25,,1544,1085.4,-1,0,0,0,0
1784861340,28537,28543.75,28535,28538,,738,1051.6,-1,0,0,0,0
1784861400,28538.5,28547,28532,28543.25,,798,998.3,-1,0,0,0,0
1784861460,28544.5,28549.25,28540.75,28548,,745,999.4,-1,0,0,0,0
1784861520,28546.75,28547.5,28535,28538.5,,590,972.7,-1,0,0,0,0
1784861580,28538.25,28541.25,28530.25,28532.5,,603,939.85,-1,0,0,0,0
1784861640,28533,28535,28529.25,28532,,659,934.75,-1,0,0,0,0
1784861700,28531.75,28543.25,28530,28539,,899,917.15,-1,0,0,0,0
1784861760,28538.25,28545.25,28536.25,28538,,851,869,-1,0,0,0,0
1784861820,28539,28540.75,28528,28529.5,,868,862,-1,0,0,0,0
1784861880,28530,28536,28516.25,28524.75,,1885,921.6,-1,0,0,0,0
1784861940,28524.25,28525.75,28517,28519.75,28571.768140939766,898,915.75,-1,0,0,0,0
1784862000,28520.25,28538,28518.25,28535.25,,1336,943.65,-1,0,0,0,0
1784862060,28534.75,28539.5,28523.75,28525,,1082,960.6,-1,0,0,0,0
1784862120,28526,28529.75,28523,28529.75,,481,956.25,-1,0,0,0,0
1784862180,28530,28534,28521.25,28531.25,,726,939.25,-1,0,0,0,0
1784862240,28531.25,28542.25,28530,28535.5,,1236,967.3,-1,0,0,0,0
1784862300,28536.25,28545.25,28534.75,28542,,800,951.95,-1,0,0,0,0
1784862360,28541,28543.5,28530.75,28538,,863,936.15,-1,0,0,0,1
1784862420,28538.25,28541,28531,28537.25,,513,905.75,-1,0,0,0,0
1784862480,28537.25,28540.5,28531.75,28533.5,,454,851.25,-1,0,0,0,0
1784862540,28532.5,28533.75,28523.25,28526.25,,787,853.7,-1,0,0,0,0
1784862600,28526,28533.75,28522,28530.75,,671,847.35,-1,0,0,0,0
1784862660,28530.5,28540,28520.5,28538.75,,1084,864.3,-1,0,0,0,0
1784862720,28538.25,28546.5,28534,28545.25,,1076,888.6,-1,0,0,0,0
1784862780,28544.5,28546,28530.25,28537.75,,670,891.95,-1,0,0,0,0
1784862840,28538.75,28543.25,28536,28538.75,28560.762093959846,415,879.75,-1,0,0,0,0
1784862900,28538.5,28547.25,28536.25,28546.25,,561,862.85,-1,0,0,0,0
1784862960,28545.5,28554.75,28541.75,28549.5,,1370,888.8,-1,0,0,0,0
1784863020,28550.25,28558.5,28546.25,28555.5,,999,895.35,-1,0,0,0,0
1784863080,28555.25,28561.5,28543.25,28544,,1380,870.1,-1,0,0,0,0
1784863140,28543.25,28547.25,28530.25,28532.5,,1719,911.15,-1,0,0,0,0
1784863200,28531.75,28533.25,28526,28529.25,,880,888.35,-1,0,0,0,0
1784863260,28529,28534.25,28521.5,28533.5,,1039,886.2,-1,0,0,0,0
1784863320,28534,28542,28529.5,28530.5,,989,911.6,-1,0,0,0,0
1784863380,28530,28536,28521.5,28535,,1021,926.35,-1,0,0,0,0
1784863440,28534.25,28537.5,28527.25,28529.5,,644,896.75,-1,0,0,0,0
1784863500,28529,28545.5,28527.5,28544.75,,775,895.5,-1,0,0,0,0
1784863560,28545.25,28546.5,28537.5,28543.5,,888,896.75,-1,0,0,0,0
1784863620,28543.25,28557.25,28540.75,28553.25,,964,919.3,-1,0,0,0,0
1784863680,28553,28554.75,28542.5,28546,,654,929.3,-1,0,0,0,0
1784863740,28546.25,28550,28542.25,28544.75,28555.424729306564,516,915.75,-1,0,0,0,0
1784863800,28545.25,28550,28537.75,28544.5,,1007,932.55,-1,0,0,0,0
1784863860,28544.75,28556,28544.75,28547.25,,889,922.8,-1,0,0,0,0
1784863920,28545.75,28548,28525.75,28529.75,,1016,919.8,-1,0,0,0,0
1784863980,28530.25,28537,28520,28522,,1115,942.05,-1,0,0,0,0
1784864040,28521.75,28523.25,28510,28521.25,,1892,1015.9,-1,0,0,0,0
1784864100,28521.25,28535.25,28518.25,28528.75,,1499,1062.8,-1,0,0,0,0
1784864160,28529,28529.25,28508.5,28518.25,,1244,1056.5,-1,0,0,0,0
1784864220,28518,28525.5,28514.5,28525.5,,719,1042.5,-1,0,0,0,0
1784864280,28525.25,28526.75,28513,28526.25,,663,1006.65,-1,0,0,0,0
1784864340,28526.75,28537.5,28518.75,28522.75,,1108,976.1,-1,0,0,0,0
1784864400,28523.5,28529.25,28517.25,28524.75,,641,964.15,-1,0,0,0,0
1784864460,28525.5,28525.5,28515.25,28518.25,,519,938.15,-1,0,0,0,0
1784864520,28518.25,28518.5,28511,28511.5,,621,919.75,-1,0,0,0,0
1784864580,28511.25,28512.75,28505,28508,,1041,920.75,-1,0,0,0,0
1784864640,28508,28508.25,28499.5,28504,28538.28315287104,1528,964.95,-1,0,0,0,0
1784864700,28504.5,28505,28493.75,28498.75,,1651,1008.75,-1,0,0,0,0
1784864760,28499.25,28513.25,28497.5,28512,,1294,1029.05,-1,0,0,0,0
1784864820,28512.75,28520,28503.75,28505.25,,980,1029.85,-1,0,0,0,0
1784864880,28504.5,28510.25,28502.25,28508.5,,533,1023.8,-1,0,0,0,0
1784864940,28508,28514.5,28507.5,28510.75,,448,1020.4,-1,0,0,0,0
1784865000,28511.25,28511.75,28502.25,28507.5,,490,994.55,-1,0,0,0,0
1784865060,28507.25,28507.5,28498.25,28505.75,,892,994.7,-1,0,0,0,0
1784865120,28505.5,28507.75,28497,28505.25,,560,971.9,-1,0,0,0,0
1784865180,28505.25,28510.5,28500.75,28508,,480,940.15,-1,0,0,0,0
1784865240,28508.75,28510,28493.75,28498.5,,892,890.15,-1,0,0,0,0
1784865300,28497.5,28500,28486,28490.5,,1267,878.55,-1,0,0,0,0
1784865360,28491,28493.75,28487.5,28488.75,,704,851.55,-1,0,0,0,0
1784865420,28488,28489.75,28482,28485.25,,830,857.1,-1,0,0,0,0
1784865480,28485.75,28487.25,28482.25,28485.75,,419,844.9,-1,0,0,0,0
1784865540,28485.5,28486.5,28481,28485.5,28520.688768580694,570,818,-1,0,0,0,0
1784865600,28486.25,28492.5,28473.25,28476,,1418,856.85,-1,0,1,0,0
1784865660,28476.5,28478.25,28471.5,28472.5,,766,869.2,-1,0,0,0,0
1784865720,28472.5,28476.5,28470,28473.5,,765,876.4,-1,0,0,0,0
1784865780,28473.5,28482.5,28470.75,28476.5,,699,859.3,-1,0,0,0,0
1784865840,28476.5,28478.25,28466.25,28476,,1443,855.05,-1,0,0,0,0
1784865900,28476.25,28503.5,28476.25,28499.75,,1625,853.75,-1,0,0,0,0
1784865960,28499.5,28503,28488,28492.75,,962,837.15,-1,0,0,0,0
1784866020,28492,28514,28488.75,28513,,1115,843.9,-1,0,0,0,0
1784866080,28512.75,28515,28505.75,28512.75,,857,860.1,-1,0,0,0,0
1784866140,28512.25,28515,28507.75,28515,,521,863.75,-1,0,0,0,0
1784866200,28515,28516.25,28496.25,28498.75,,1061,892.3,-1,0,0,0,0
1784866260,28498,28504.25,28492,28500.75,,783,886.85,-1,0,0,0,0
1784866320,28500.75,28502.5,28484.25,28488.5,,827,900.2,-1,0,1,0,0
1784866380,28488.5,28493.5,28485.75,28486.5,,587,905.55,-1,0,0,0,0
1784866440,28486.5,28488.75,28481.75,28485.5,28508.959179053796,557,888.8,-1,0,0,0,0
1784866500,28485.75,28491.25,28482,28486.75,,501,850.5,-1,0,0,0,0
1784866560,28487.5,28499.5,28485.25,28499,,634,847,-1,0,0,0,0
1784866620,28499,28509.5,28493.25,28507.75,,824,846.7,-1,0,0,0,0
1784866680,28507.5,28511,28503.5,28507.25,,464,848.95,-1,0,0,0,0
1784866740,28507.25,28514,28502.5,28511.5,,685,854.7,-1,0,0,0,0
1784866800,28512,28512.75,28495.25,28498.5,,644,816,-1,0,0,0,0
1784866860,28499,28507.25,28494,28504.75,,608,808.1,-1,0,0,0,0
1784866920,28505.5,28521,28504.25,28515.75,,997,819.7,-1,0,0,0,0
1784866980,28515.5,28530.25,28515.25,28529.5,,947,832.1,1,0,0,0,0
1784867040,28529.25,28534.75,28528,28532.5,,928,806.35,1,0,0,0,0
1784867100,28533.25,28537,28526,28528.25,,743,762.25,1,0,0,0,0
1784867160,28529,28535.75,28522,28535.75,,678,748.05,1,0,0,0,0
1784867220,28535.75,28554.5,28534.5,28550.25,,1816,783.1,1,0,0,0,0
1784867280,28550.25,28556.75,28548,28553.5,,1078,794.15,1,0,0,0,0
1784867340,28554.25,28556.25,28549.75,28551.25,28523.056119369197,683,802.25,1,0,0,0,0
1784867400,28550.5,28555.5,28546.25,28548,,774,787.9,1,0,0,0,0
1784867460,28548.75,28555.5,28547,28554,,541,775.8,1,0,0,0,0
1784867520,28553.5,28558,28543.5,28543.75,,792,774.05,1,1,0,0,0
1784867580,28544,28549.25,28538,28541.25,,757,782.55,1,0,0,0,0
1784867640,28542,28548.25,28539.75,28546,,567,783.05,1,0,0,0,0
1784867700,28545.5,28550.75,28542,28546.75,,389,777.45,1,0,0,0,0
1784867760,28546.5,28552.75,28538.5,28542.5,,659,778.7,1,0,0,0,0
1784867820,28542.75,28545.25,28536,28536.25,,451,760.05,1,0,0,0,0
1784867880,28536.5,28538.75,28532.75,28536.5,,732,773.45,1,0,0,0,0
1784867940,28537.5,28538.75,28527,28529.5,,666,772.5,1,0,0,0,0
1784868000,28530,28535.5,28516,28518.5,,1012,790.9,1,0,0,0,0
1784868060,28519.25,28520,28511.75,28514.75,,794,800.2,1,0,0,0,0
1784868120,28515,28522.5,28512.5,28521.75,,631,781.9,1,0,0,0,0
1784868180,28522,28534.25,28521.75,28527,,1030,786.05,1,0,0,0,0
1784868240,28527,28528.75,28520.5,28528.75,28524.954079579464,665,772.9,1,0,0,0,0
1784868300,28528.5,28536.25,28524.5,28535.75,,664,768.95,1,0,0,0,0
1784868360,28536,28538,28522.25,28532,,814,775.75,1,0,0,0,0
1784868420,28531.5,28535.25,28523.75,28525,,653,717.6,1,0,0,0,0
1784868480,28523.75,28526.75,28519.5,28521.75,,412,684.3,-1,0,0,0,0
1784868540,28521.5,28529.75,28519.25,28529.25,,529,676.6,1,0,0,0,0
1784868600,28527.75,28547.75,28526.75,28534.25,,1384,707.1,1,0,0,0,0
1784868660,28533.75,28534.5,28529,28532.75,,475,703.8,1,0,0,0,0
1784868720,28533.25,28540.25,28530.25,28540.25,,396,684,1,0,0,0,0
1784868780,28540.5,28546.5,28538.25,28542,,669,679.6,1,0,0,0,0
1784868840,28542.25,28554.5,28542,28545,,754,688.95,1,0,0,0,0
1784868900,28545,28554.5,28541.25,28548.5,,647,701.85,1,1,0,0,0
1784868960,28548.5,28549,28543.25,28546.75,,378,687.8,1,0,0,0,0
1784869020,28546.5,28571.5,28543,28569,,1858,758.15,1,0,0,0,0
1784869080,28569,28569.25,28554.25,28556.75,,832,763.15,1,0,0,0,0
1784869140,28557.5,28567.5,28556.75,28565,28538.302719719642,424,751.05,1,1,0,1,0
1784869200,28564.75,28575.75,28559.5,28559.75,,1431,772,1,0,0,0,0
1784869260,28559.5,28560,28548.75,28550.25,,775,771.05,1,0,0,0,0
1784869320,28551,28557,28547.75,28556.75,,525,765.75,1,0,0,0,0
1784869380,28556.5,28572,28553,28560.25,,906,759.55,1,0,0,0,0
1784869440,28559.5,28568.5,28555.75,28563,,504,751.5,1,0,0,0,0
1784869500,28562.25,28574.5,28562,28573.5,,572,746.9,1,0,0,0,0
1784869560,28572.5,28577.25,28567.5,28576.25,,919,752.15,1,0,0,0,0
1784869620,28575.75,28590.75,28573.5,28586,,1845,811.75,1,0,0,0,0
1784869680,28585.75,28597.75,28584.5,28593.5,,1171,849.7,1,0,0,0,0
1784869740,28593.75,28600.25,28584.5,28586.25,,1159,881.2,1,0,0,0,0
1784869800,28585.75,28591.75,28579.75,28580.5,,735,848.75,1,0,0,0,0
1784869860,28580.5,28595.75,28579,28593,,634,856.7,1,0,0,0,0
1784869920,28592.5,28596,28589.5,28593.75,,420,857.9,1,0,0,0,0
1784869980,28593.25,28594.25,28588.75,28593,,383,843.6,1,0,0,0,0
1784870040,28592.25,28593.5,28577.75,28592.75,28556.45181314643,670,839.4,1,0,0,0,0
1784870100,28592.75,28593,28584,28586.25,,607,837.4,1,0,0,0,0
1784870160,28586.75,28594.25,28578.75,28592.25,,1079,872.45,1,0,0,0,0
1784870220,28592,28596,28586.5,28588.5,,783,818.7,1,0,0,0,0
1784870280,28589.75,28593,28576.25,28578.25,,692,811.7,1,0,0,0,0
1784870340,28578.5,28588,28570.25,28585.25,,1152,848.1,1,0,0,0,0
1784870400,28585.5,28594,28578.25,28593.5,,656,809.35,1,0,0,0,0
1784870460,28593.5,28600,28585,28587.5,,1136,827.4,1,0,0,0,0
1784870520,28588.5,28596,28584.25,28591,,446,823.45,1,0,0,0,0
1784870580,28591.5,28596.75,28590.25,28593,,353,795.8,1,0,0,0,0
1784870640,28593.25,28595.25,28585.75,28591.5,,541,797.65,1,0,0,0,0
1784870700,28592.75,28595.25,28584.75,28594.5,,872,812.65,1,0,0,0,0
1784870760,28593.5,28603.25,28593,28594.25,,907,812.05,1,0,0,0,0
1784870820,28594.25,28599,28585.25,28585.5,,604,750,1,0,0,0,0
1784870880,28586,28591.75,28582,28584.25,,535,718.2,1,0,0,0,0
1784870940,28584,28586.5,28579.5,28582.75,28565.217875430953,514,685.95,1,0,0,0,0
1784871000,28583,28590.25,28577,28579.25,,995,698.95,1,0,0,0,0
1784871060,28579.75,28585.25,28578.25,28584,,427,688.6,1,0,0,0,0
1784871120,28584,28590,28578.5,28580,,544,694.8,1,0,0,0,0
1784871180,28580.25,28581.5,28570.75,28577.25,,798,715.55,1,0,0,0,0
1784871240,28577.75,28584.75,28570,28583.5,,587,711.4,1,0,0,0,0
1784871300,28584.25,28584.75,28567,28570,,851,723.6,1,0,0,0,0
1784871360,28570.25,28572.5,28566,28571.25,,570,698.15,1,0,0,0,0
1784871420,28570.75,28579.25,28566.75,28575,,677,692.85,1,0,0,0,0
1784871480,28575.25,28588,28568,28586.5,,617,689.1,1,0,0,0,0
1784871540,28586.5,28588.75,28576.75,28581.5,,683,665.65,1,0,0,0,0
1784871600,28580.75,28583,28574,28575.75,,529,659.3,1,0,0,0,0
1784871660,28576,28577,28567.75,28573.5,,840,644.5,1,0,0,0,0
1784871720,28572.75,28578.5,28567.25,28578.5,,515,647.95,1,0,0,0,0
1784871780,28579,28584,28573,28583.25,,538,657.2,1,0,0,0,0
1784871840,28583.25,28595,28580.25,28591,28573.811916953968,780,669.15,1,0,0,0,0
1784871900,28590.5,28598,28586,28591.25,,868,668.95,1,0,0,0,0
1784871960,28591,28593.5,28585.25,28589.5,,404,643.8,1,0,0,0,0
1784872020,28589.5,28606.75,28588.75,28604.25,,1578,692.5,1,1,0,0,0
1784872080,28605,28607.25,28599.75,28600.25,,706,701.05,1,0,0,0,0
1784872140,28601.25,28601.25,28587.75,28588.75,,512,700.95,1,0,0,0,0
1784872200,28588.5,28593.5,28579.75,28580.5,,824,692.4,1,0,0,0,0
1784872260,28581,28583.75,28572.25,28575.75,,734,707.75,1,0,0,0,0
1784872320,28575.5,28575.5,28567.75,28571.25,,870,724.05,1,0,0,0,0
1784872380,28570.75,28572.5,28567.75,28571.25,,273,697.8,1,0,0,0,0
1784872440,28570.25,28572.5,28553.75,28556.25,,1155,726.2,-1,0,0,0,0
1784872500,28556,28557.75,28543.5,28549.5,,1370,752.15,-1,0,0,0,0
1784872560,28548.75,28556.5,28545,28550.5,,651,756.2,-1,0,0,0,0
1784872620,28550,28553.75,28545.25,28546.5,,526,748.65,-1,0,0,0,0
1784872680,28547,28551.5,28545,28546.75,,331,734.35,-1,0,0,0,0
1784872740,28546.75,28547.25,28544,28545.25,28564.29127796931,319,716.15,-1,0,0,0,0
1784872800,28546,28549.5,28536.25,28541.25,,1096,744.5,-1,0,0,0,0
1784872860,28541.25,28544,28534,28534.5,,680,736.5,-1,0,0,0,0
1784872920,28535,28541.25,28533.25,28541,,644,742.95,-1,0,0,0,0
1784872980,28541.25,28543.5,28528.75,28530,,771,754.6,-1,0,0,0,0
1784873040,28530,28531,28521,28523.75,,804,755.8,-1,0,0,0,0
1784873100,28524,28524,28513.75,28521.5,,897,757.25,-1,0,0,0,0
1784873160,28521.5,28524.5,28513.5,28523,,736,773.85,-1,0,1,0,0
1784873220,28523.5,28529.25,28519.5,28525.5,,792,734.55,-1,0,0,0,0
1784873280,28524.75,28525.25,28518.5,28519.75,,590,728.75,-1,0,0,0,0
1784873340,28519.75,28523.5,28516.25,28517.25,,536,729.95,-1,0,0,0,0
1784873400,28517.75,28527.5,28517.75,28522.5,,768,727.15,-1,0,0,0,0
1784873460,28522,28524,28510.5,28512,,714,726.15,-1,0,0,0,0
1784873520,28512.25,28520,28507.75,28517.25,,684,716.85,-1,0,0,0,0
1784873580,28517.25,28519.75,28502.75,28507,,811,743.75,-1,0,0,0,0
1784873640,28507,28512.25,28504,28509.25,28545.944185312874,546,713.3,-1,0,0,0,0
1784873700,28509.75,28517.75,28509,28513.5,,707,680.15,-1,0,0,0,0
1784873760,28513,28528,28508.5,28526.5,,1128,704,-1,0,0,0,0
1784873820,28526,28529,28522,28525.25,,673,711.35,-1,0,0,0,0
1784873880,28526,28531.5,28521,28526.5,,686,729.1,-1,0,0,0,0
1784873940,28526.5,28549.25,28526.25,28548,,1197,773,-1,0,0,0,0
1784874000,28548.25,28558.25,28546.75,28555.25,,1405,788.45,-1,0,0,0,0
1784874060,28556,28566,28556,28559.25,,843,796.6,-1,0,0,0,0
1784874120,28559,28563.5,28554.25,28560.75,,645,796.65,-1,0,0,0,0
1784874180,28561.75,28564.75,28547.25,28552.25,,849,800.55,-1,0,0,0,0
1784874240,28552.75,28559.75,28547.25,28557.5,,616,791.15,-1,0,0,0,0
1784874300,28557.75,28576.25,28557,28567.75,,1371,814.85,1,0,0,0,0
1784874360,28568.75,28571.25,28557.5,28564,,680,812.05,-1,0,0,0,0
1784874420,28563.75,28564,28545.5,28549,,935,819.2,-1,0,0,0,0
1784874480,28548.75,28549.25,28527.25,28528,,1482,863.8,-1,0,0,0,0
1784874540,28528,28539.75,28521.75,28536.25,28542.71279020858,1134,893.7,-1,0,0,0,0
1784874600,28535.5,28537.5,28525.5,28528,,857,898.15,-1,0,1,0,0
1784874660,28527.5,28540.5,28527.25,28539.75,,833,904.1,-1,0,0,0,0
1784874720,28540,28543.25,28529,28529.5,,786,909.2,-1,0,0,0,0
1784874780,28529.75,28536.75,28528.75,28532.25,,392,888.25,-1,0,0,0,0
1784874840,28532.5,28542.75,28526,28542,,796,900.75,-1,0,0,0,0
1784874900,28542.25,28549.25,28536.5,28547.25,,839,907.35,1,0,0,0,0
1784874960,28547,28561,28544.75,28557.75,,1038,902.85,1,0,0,0,0
1784875020,28557.5,28557.5,28545.75,28547.5,,790,908.7,1,0,0,0,0
1784875080,28547.25,28549.5,28537.75,28542.5,,780,913.4,-1,0,0,0,0
1784875140,28542.75,28545.25,28539.75,28542.75,,301,868.6,-1,0,0,0,0
1784875200,28542.5,28546.25,28533.5,28535.5,,558,826.25,-1,0,1,0,0
1784875260,28536,28536.5,28529.5,28532.25,,478,808,-1,0,0,0,0
1784875320,28533.25,28533.75,28523.25,28524.75,,468,799.15,-1,0,0,0,0
1784875380,28525,28525.25,28515,28516.5,,724,792.9,-1,0,0,0,0
1784875440,28516.75,28517.5,28505,28507.75,28531.058526805722,744,799.3,-1,0,0,0,0
1784875500,28507,28508,28495.25,28499.75,,1504,805.95,-1,0,0,0,0
1784875560,28500.5,28506.75,28499,28501,,1041,824,-1,0,0,0,0
1784875620,28500.5,28506.75,28500.25,28506,,390,796.75,-1,0,0,0,0
1784875680,28506.25,28506.5,28495.5,28497.75,,587,752,-1,0,0,0,0
1784875740,28498,28499.25,28481.5,28485,,1073,748.95,-1,0,0,0,0
1784875800,28485.75,28496,28484.75,28492.75,,944,753.3,-1,0,0,0,0
1784875860,28492.25,28495.25,28485.25,28487,,702,746.75,-1,0,0,0,0
1784875920,28488,28507.75,28487.25,28507.25,,700,742.45,-1,0,0,0,0
1784875980,28507.25,28513,28504.5,28508.25,,715,758.6,-1,0,0,0,0
1784876040,28508,28517.5,28506.25,28514,,536,745.6,-1,0,0,0,0
1784876100,28513.5,28516.75,28507.25,28510,,500,728.65,-1,0,0,0,0
1784876160,28509.5,28523.5,28506.75,28520.75,,787,716.1,-1,0,0,0,0
1784876220,28520.75,28523.75,28515.75,28521.5,,460,699.6,-1,0,0,0,0
1784876280,28521.75,28536.25,28521.5,28536.25,,917,706.45,-1,0,0,0,0
1784876340,28535.75,28547.25,28535.75,28544.75,28535.622351203816,1218,752.3,1,0,0,0,1
1784876400,28544.25,28558.5,28540,28554.5,,1969,822.85,1,0,0,0,0
1784876460,28555.75,28569,28552.5,28563.5,,1457,871.8,1,0,0,0,0
1784876520,28563.5,28579.75,28560.5,28575.75,,1462,921.5,1,0,0,0,0
1784876580,28575.5,28583.5,28572.25,28582,,947,932.65,1,0,0,0,0
1784876640,28581.75,28587.25,28571.75,28572.5,,1128,951.85,1,0,0,0,0
1784876700,28573,28573.5,28562.75,28569,,1028,928.05,1,0,0,0,0
1784876760,28569.25,28575,28557,28570.25,,948,923.4,1,0,0,0,0
1784876820,28570.5,28574.75,28566.25,28574.25,,461,926.95,1,0,0,0,0
1784876880,28574,28581,28567.75,28575.5,,592,927.2,1,0,0,0,0
1784876940,28574.75,28598.25,28574.25,28597.75,,1298,938.45,1,0,0,0,0
1784877000,28598,28612.5,28597.25,28611.5,,1644,973.45,1,0,0,0,0
1784877060,28612.25,28620.75,28608.5,28618.25,,1514,1014.05,1,0,0,0,0
1784877120,28617.75,28630.75,28617.25,28625.25,,1651,1061.6,1,0,0,0,0
1784877180,28625.75,28630.75,28620.25,28628,,980,1074.85,1,0,0,0,0
1784877240,28628,28638,28625.5,28635.5,28568.914900802545,1215,1108.8,1,0,0,0,0
1784877300,28636.5,28639,28622,28636,,1189,1143.25,1,0,0,0,0
1784877360,28635.5,28644.25,28626.5,28641.25,,1268,1167.3,1,0,0,0,0
1784877420,28641.25,28656.5,28637.75,28651.25,,1661,1227.35,1,0,0,0,0
1784877480,28652,28655.25,28638.25,28643.25,,1060,1234.5,1,0,0,0,0
1784877540,28643.25,28648.25,28640.5,28646.25,,538,1200.5,1,0,0,0,0
1784877600,28646.75,28654.5,28641.75,28645.25,,700,1137.05,1,0,0,0,0
1784877660,28645.5,28647.5,28637,28644.75,,729,1100.65,1,0,0,0,0
1784877720,28645,28652.75,28641.5,28645,,542,1054.65,1,0,0,0,0
1784877780,28644,28644,28633.25,28636.5,,634,1039,1,0,0,0,0
1784877840,28635.5,28642.25,28632,28637.25,,576,1011.4,1,0,0,0,0
1784877900,28638.5,28659.25,28635,28659,,1141,1017.05,1,0,0,0,0
1784877960,28657.5,28663.5,28647.5,28648.25,,1172,1028.25,1,0,0,0,0
1784878020,28648.75,28650.75,28643.75,28646.25,,448,1027.6,1,0,0,0,0
1784878080,28646.25,28648.75,28638.5,28648,,594,1027.7,1,0,0,0,0
1784878140,28648.5,28654.75,28645,28652.25,28596.693267201696,372,981.4,1,0,0,0,0
1784878200,28653.25,28658.5,28644,28654.75,,907,944.55,1,1,0,0,0
1784878260,28653.75,28658,28637.75,28641.75,,771,907.4,1,0,0,0,0
1784878320,28641.5,28645,28637.25,28644.5,,571,853.4,1,0,0,0,0
1784878380,28644.75,28647.5,28637,28642,,596,834.2,1,0,0,0,0
1784878440,28642.25,28645.75,28634.5,28643.25,,636,805.25,1,0,0,0,0
1784878500,28644,28648,28637,28639.5,,455,768.55,1,0,0,0,0
1784878560,28639.25,28645.25,28637.75,28640.5,,393,724.8,1,0,0,0,0
1784878620,28640,28644.25,28637,28642,,443,663.9,1,0,0,0,0
1784878680,28642.25,28644.25,28631.75,28634.25,,425,632.15,1,0,0,0,0
1784878740,28634,28637.5,28630,28632,,558,633.15,1,0,0,0,0
1784878800,28632.5,28634,28623,28623.75,,675,631.9,1,0,0,0,0
1784878860,28624.5,28626.75,28614,28619.75,,1207,655.8,1,0,0,0,0
1784878920,28619.5,28622,28613.5,28615.25,,578,657.6,1,0,0,0,0
1784878980,28615.5,28618.25,28610,28618.25,,653,658.55,1,0,0,0,0
1784879040,28617.75,28632.25,28616,28625.75,28606.37884480113,1070,683.25,1,0,0,0,0
1784879100,28626.5,28629.25,28623,28623.75,,495,650.95,1,0,0,0,0
1784879160,28624.25,28626.75,28617.25,28621,,509,617.8,1,0,0,0,0
1784879220,28621,28624.5,28616.25,28623,,417,616.25,1,0,0,0,0
1784879280,28623.25,28627.25,28615.75,28621.25,,625,617.8,1,0,0,0,0
1784879340,28621.75,28632.25,28616.75,28628.75,,936,646,1,0,0,0,0
1784879400,28629.75,28633.75,28618.25,28620.25,,767,639,1,1,0,0,0
1784879460,28620.25,28625.5,28618.25,28622,,310,615.95,1,0,0,0,0
1784879520,28621.75,28624.5,28619,28619.5,,409,607.85,1,0,0,0,0
1784879580,28618.75,28628,28614.25,28627.75,,552,605.65,1,0,0,0,0
1784879640,28627,28628.75,28622.5,28624.75,,422,594.95,1,0,0,0,0
1784879700,28625,28632,28622,28623.5,,434,593.9,1,0,0,0,0
1784879760,28623,28627.5,28619.5,28623,,420,595.25,1,0,0,0,0
1784879820,28623.5,28625,28618,28621,,332,589.7,1,0,0,0,0
1784879880,28620,28625,28620,28622.75,,225,579.7,1,0,0,0,0
1784879940,28621.75,28622.75,28612.5,28615.75,28609.502563200753,503,576.95,1,0,0,0,0
1784880000,28616.75,28619.5,28609,28610.75,,1024,594.4,1,0,0,0,0
1784880060,28610.5,28616,28604.25,28607.75,,1221,595.1,1,0,0,0,0
1784880120,28607.75,28607.75,28593.25,28601,,1323,632.35,-1,0,0,0,0
1784880180,28601.25,28604.25,28591.5,28604,,1191,659.25,-1,0,0,0,0
1784880240,28603.25,28605.5,28589.75,28592.25,,891,650.3,-1,0,0,0,0
1784880300,28592,28593.5,28574.75,28581.75,,1765,713.8,-1,0,0,0,0
1784880360,28581.75,28588.75,28577.25,28582.75,,826,729.65,-1,0,0,0,0
1784880420,28582.75,28588.25,28577,28583,,735,745.55,-1,0,1,0,0
1784880480,28583.25,28590.25,28579.25,28584,,822,755.4,-1,0,0,0,0
1784880540,28583.25,28597.75,28577.25,28579.5,,910,754.1,-1,0,0,0,0
1784880600,28578.75,28585,28576.25,28576.75,,631,747.3,-1,0,0,0,0
1784880660,28576.75,28578.25,28565.5,28570.75,,1270,795.3,-1,0,0,0,0
1784880720,28570.25,28571,28557,28561.25,,1318,840.75,-1,0,0,0,0
1784880780,28561.25,28570.25,28559.75,28566.25,,870,856.65,-1,0,0,0,0
1784880840,28566.25,28580.75,28566.25,28574.25,28597.7517088005,959,883.5,-1,0,0,0,0
1784880900,28573.5,28582,28571.5,28579.5,,900,906.8,-1,0,0,0,0
1784880960,28579.75,28596.25,28578.75,28595.25,,1327,952.15,-1,0,0,0,0
1784881020,28595.75,28601.75,28590.75,28591.75,,961,983.6,-1,0,0,0,0
1784881080,28592.5,28595.75,28574.75,28575.25,,1062,1025.45,-1,0,0,0,0
1784881140,28575.5,28594.5,28575,28594.25,,788,1039.7,-1,0,0,0,0
1784881200,28594.25,28599.25,28588.75,28596.75,,723,1024.65,-1,0,0,0,0
1784881260,28597.25,28602.25,28588.5,28593,,975,1012.35,-1,0,0,0,0
1784881320,28592,28603,28592,28598,,604,976.4,-1,0,0,0,0
1784881380,28597.5,28601,28591,28597.75,,630,948.35,-1,0,0,0,0
1784881440,28597.75,28601.5,28585.25,28588.5,,954,951.5,-1,0,0,0,0
1784881500,28587.25,28591.75,28581,28588.25,,997,913.1,-1,0,0,0,0
1784881560,28588,28608.75,28587.75,28602.25,,1357,939.65,-1,0,0,0,0
1784881620,28602.5,28604,28594.75,28599.25,,658,935.8,-1,0,0,0,0
1784881680,28599.75,28603.75,28595,28598.25,,565,922.95,-1,0,0,0,0
1784881740,28599,28623,28599,28622.5,28606.001139200333,1651,960,1,0,0,0,0
1784881800,28622,28631.5,28614,28621.5,,1449,1000.9,1,0,0,0,0
1784881860,28621,28635,28615.75,28631.25,,1152,995,1,1,0,0,0
1784881920,28631,28636.75,28626,28633.25,,826,970.4,1,0,0,0,0
1784881980,28633.5,28641.5,28632.5,28635.25,,907,972.25,1,0,0,0,0
1784882040,28635,28638.5,28631.25,28635,,632,955.9,1,0,0,0,0
1784882100,28635.75,28639,28628,28630.25,,719,946.85,1,0,0,0,0
1784882160,28631,28640,28629.25,28640,,748,917.9,1,0,0,0,0
1784882220,28639.5,28649.5,28638,28643.25,,893,914.5,1,0,0,0,0
1784882280,28643.75,28644.75,28633.25,28635.75,,544,888.6,1,0,0,0,0
1784882340,28635.5,28638.25,28632.5,28632.5,,452,871.8,1,0,0,0,0
1784882400,28633,28637.5,28627.25,28630.25,,684,869.85,1,0,0,0,0
1784882460,28630.25,28632.5,28623.5,28631.5,,614,851.8,1,0,0,0,0
1784882520,28631,28634,28625,28625.25,,536,848.4,1,0,0,0,0
1784882580,28625.5,28628,28619.25,28624.25,,977,865.75,1,0,0,0,0
1784882640,28624.25,28631.5,28621.5,28629.75,28613.917426133554,534,844.75,1,0,0,0,0
1784882700,28629.5,28631.5,28625,28629.25,,341,811.95,1,0,0,0,0
1784882760,28628.75,28634.25,28624.5,28625,,566,772.4,1,0,0,0,0
1784882820,28625.5,28631.25,28616.25,28620,,844,781.7,1,0,0,0,0
1784882880,28620.5,28621,28608.75,28611.75,,999,803.4,1,0,0,0,0
1784882940,28611.75,28621.75,28611.75,28619.75,,655,753.6,1,0,0,0,0
1784883000,28620,28626.75,28617,28617,,623,712.3,1,0,0,0,0
1784883060,28617.25,28621.75,28614.75,28619.25,,404,674.9,1,0,0,0,0
1784883120,28619.25,28620.25,28614,28619.25,,333,650.25,1,0,0,0,0
1784883180,28619.75,28624.75,28613,28614.5,,525,631.15,1,0,0,0,0
1784883240,28613.25,28626.5,28613.25,28624,,530,626.05,1,0,0,0,0
1784883300,28624,28633.75,28620.5,28629,,775,628.85,1,0,0,0,0
1784883360,28628.5,28629.5,28619.5,28622.25,,551,619,1,0,0,0,0
1784883420,28621.75,28626.25,28617,28617.5,,580,603.35,1,0,0,0,0
1784883480,28618.25,28618.75,28612.5,28614.25,,348,593.55,1,0,0,0,0
1784883540,28613.75,28625,28612.25,28620.5,28616.111617422368,569,599.4,1,0,0,0,0
1784883600,28621.75,28625.25,28610.75,28616,,764,603.4,1,0,0,0,0
1784883660,28616.25,28632,28614.5,28627.75,,748,610.1,1,0,0,0,0
1784883720,28628,28635.75,28620.25,28635.25,,878,627.2,1,0,0,0,0
1784883780,28634.25,28637.25,28625.75,28636.25,,719,614.3,1,0,0,0,0
1784883840,28637.25,28637.25,28619.5,28621.25,,561,615.65,1,0,0,0,0
1784883900,28621.25,28625.75,28614.75,28619,,489,623.05,1,0,0,0,0
1784883960,28618.25,28629.5,28617.25,28629,,586,624.05,1,0,0,0,0
1784884020,28628.75,28650,28627.5,28649,,1186,641.15,1,0,0,0,0
1784884080,28648.75,28652.5,28645.75,28652,,992,640.8,1,0,0,0,0
1784884140,28651.5,28681.25,28650,28677.25,,2321,724.1,1,0,0,0,0
1784884200,28677,28681.5,28672,28672.5,,921,739,1,0,0,0,0
1784884260,28671.5,28675.25,28658.5,28659.75,,903,763.95,1,0,0,0,0
1784884320,28659.5,28660.75,28640.5,28643.5,,1125,803.55,1,0,0,0,0
1784884380,28643.5,28649.5,28642.75,28645.5,,631,808.85,1,0,0,0,0
1784884440,28645,28645.5,28638.25,28642.5,28624.907744948247,533,809,1,0,0,0,0
1784884500,28642,28649,28632,28632.75,,787,809.6,1,0,0,0,0
1784884560,28633,28650,28632.5,28647,,642,814.15,1,0,0,0,0
1784884620,28646.75,28653,28643.75,28643.75,,821,826.2,1,0,0,0,0
1784884680,28644,28644.25,28635.5,28637.5,,462,831.9,1,0,0,0,0
1784884740,28637.5,28651,28633.25,28648.25,,850,845.95,1,0,0,0,0
1784884800,28648,28651.75,28643,28648.5,,892,852.35,1,0,0,0,0
1784884860,28648.25,28661.25,28646.75,28660,,689,849.4,1,0,0,0,0
1784884920,28660,28661.75,28648.75,28650,,638,837.4,1,0,0,0,0
1784884980,28650.25,28659.25,28649.25,28659,,411,822,1,0,0,0,0
1784885040,28659,28663.25,28654,28661.25,,601,824,1,0,0,0,0
1784885100,28661.5,28676.5,28659.5,28672.5,,1006,849.85,1,0,0,0,0
1784885160,28672.5,28677,28665.25,28666.5,,576,849.35,1,0,0,0,0
1784885220,28666.5,28669.75,28660.75,28667,,792,829.65,1,0,0,0,0
1784885280,28667,28672.75,28666.75,28671.25,,466,803.35,1,0,0,0,0
1784885340,28672.25,28676.75,28669,28672.75,28640.85516329883,623,718.45,1,1,0,0,0
1784885400,28673.5,28676.75,28662.75,28672.5,,990,721.9,1,0,0,0,0
1784885460,28673,28679.75,28671,28677.25,,843,718.9,1,0,0,0,0
1784885520,28676.25,28686.5,28675.25,28686,,877,706.5,1,0,0,0,0
1784885580,28685.75,28690.5,28677.75,28681.75,,933,721.6,1,0,0,0,0
1784885640,28682,28684.25,28681,28682.5,,379,713.9,1,0,0,0,0
1784885700,28682.5,28685.5,28672.25,28676.25,,676,708.35,1,0,0,0,0
1784885760,28676.25,28685.25,28675,28682,,600,706.25,1,0,0,0,0
1784885820,28682,28686.5,28676,28684.5,,494,689.9,1,0,0,0,0
1784885880,28684.5,28688,28679.5,28683.25,,370,685.3,1,0,0,0,0
1784885940,28683,28693.25,28681.25,28691,,608,673.2,1,0,0,0,0
1784886000,28692,28696,28686.5,28687.25,,811,669.15,1,0,0,0,0
1784886060,28687,28693.75,28684.5,28686.5,,485,658.95,1,0,0,0,0
1784886120,28686,28700,28685.5,28698.25,,1001,677.1,1,0,0,0,0
1784886180,28698.75,28701.5,28696.25,28698.75,,514,682.25,1,0,0,0,0
1784886240,28698.5,28700.75,28694,28696,28659.236775532554,424,673.4,1,0,0,0,0
1784886300,28695.75,28702.75,28693.75,28698.75,,460,646.1,1,0,0,0,0
1784886360,28698.75,28700.5,28695,28696,,360,635.3,1,0,0,0,0
1784886420,28696,28700,28689.75,28691,,706,631,1,0,0,0,0
1784886480,28691.25,28694,28685.5,28688,,593,637.35,1,0,0,0,0
1784886540,28688.25,28693.5,28683,28684.75,,551,633.75,1,0,0,0,0
1784886600,28684,28688,28683.75,28684.5,,313,599.9,1,0,0,0,0
1784886660,28684.5,28694.5,28681.75,28685.25,,686,592.05,1,0,0,0,0
1784886720,28685.5,28690.75,28685.25,28687.25,,316,564,1,0,0,0,0
1784886780,28687,28688,28681.75,28683,,449,539.8,1,0,0,0,0
1784886840,28682.5,28684.5,28680.75,28682.5,,393,540.5,1,0,0,0,0
1784886900,28683,28690,28682.5,28689.5,,321,522.75,1,0,0,0,0
1784886960,28688.5,28694.5,28688.25,28692,,633,524.4,1,0,0,0,0
1784887020,28691.5,28698.75,28688.75,28695.75,,729,536.15,1,0,0,0,0
1784887080,28695.25,28699.75,28695.25,28699,,288,532.05,1,0,0,0,0
1784887140,28699,28704.25,28690.5,28699.75,28672.74118368837,782,540.75,1,0,0,0,0
1784887200,28699.75,28705.75,28695,28703.25,,807,540.55,1,0,0,0,0
1784887260,28704,28704.75,28689.25,28692.25,,982,565.4,1,0,0,0,0
1784887320,28692,28694.75,28687,28691,,572,543.95,1,0,0,0,0
1784887380,28691.25,28693.25,28682.25,28685.25,,470,541.75,1,0,0,0,0
1784887440,28685.25,28686,28677.25,28679.75,,807,560.9,1,0,0,0,0
1784887500,28679.75,28680.25,28674.5,28677.75,,643,570.05,1,0,0,0,0
1784887560,28678.25,28684.75,28677.75,28679.5,,575,580.8,1,0,0,0,0
1784887620,28679.25,28679.75,28666,28667.5,,988,594.9,1,0,0,0,0
1784887680,28667,28670.25,28663.25,28665.75,,729,601.7,1,0,0,0,0
1784887740,28665.5,28670.75,28664.25,28670.25,,550,601.65,1,0,0,0,0
1784887800,28670.25,28675.25,28666.25,28670,,584,615.2,1,0,0,0,0
1784887860,28669.75,28674.5,28669.75,28671.25,,334,597.6,1,0,0,0,0
1784887920,28670.75,28670.75,28661.25,28663.5,,656,614.6,1,0,0,0,0
1784887980,28663.25,28665.25,28661.25,28662.5,,452,614.75,1,0,0,0,0
1784888040,28662.25,28666.5,28658.75,28663.5,28669.66078912558,529,621.55,-1,0,0,0,0
1784888100,28663.5,28668.5,28661.75,28667.5,,416,626.3,-1,0,0,0,0
1784888160,28668,28670,28656.5,28659.25,,746,631.95,-1,0,0,0,0
1784888220,28659,28664.5,28657.75,28661.5,,401,615.55,-1,0,0,0,0
1784888280,28661.75,28662.75,28657.25,28658.5,,378,620.05,-1,0,0,0,0
1784888340,28658,28662,28655.25,28660.75,,324,597.15,-1,0,1,0,0
1784888400,28661,28661.5,28654,28661,,629,588.25,-1,0,0,0,0
1784888460,28661.25,28669.5,28659.25,28662.5,,658,572.05,-1,0,0,0,0
1784888520,28663,28672,28661.25,28670.75,,397,563.3,-1,0,0,0,0
1784888580,28670.25,28672.25,28664.75,28669.75,,352,557.4,-1,0,0,0,0
1784888640,28670,28671.5,28663.75,28668,,403,537.2,-1,0,0,0,0
1784888700,28668.25,28671,28654.75,28657.75,,706,540.35,-1,0,0,0,0
1784888760,28658.5,28669.75,28653.75,28668,,660,544.6,-1,0,0,0,0
1784888820,28668,28678,28668,28676.5,,564,523.4,1,0,0,0,0
1784888880,28677.25,28679.25,28675.25,28677,,367,505.3,1,0,0,0,0
1784888940,28677,28677,28667.25,28667.25,28668.857192750387,620,508.8,-1,0,0,0,0
1784889000,28668.25,28672.5,28665.25,28670.5,,365,497.85,1,0,0,0,0
1784889060,28669.75,28685.75,28669.25,28680,,899,526.1,1,0,0,0,0
1784889120,28679.75,28682.5,28669.75,28674.5,,607,523.65,1,0,0,0,0
1784889180,28674,28684.5,28673.75,28679,,626,532.35,1,0,0,0,0
1784889240,28678.75,28679.75,28663.5,28665,,756,543.7,-1,0,0,0,0
1784889300,28665.25,28666,28652.25,28655,,993,572.55,-1,0,0,0,0
1784889360,28655.25,28660,28653.75,28656.5,,662,568.35,-1,0,0,0,0
1784889420,28656.75,28658.75,28646.25,28652,,841,590.35,-1,0,1,0,0
1784889480,28652.5,28653.75,28643.75,28652.25,,785,610.7,-1,0,0,0,0
1784889540,28651.5,28651.5,28645.25,28646.5,,325,610.75,-1,0,0,0,0
1784889600,28646.25,28648.5,28637.5,28640.25,,832,620.9,-1,0,0,0,0
1784889660,28640.25,28652.5,28640.25,28649,,749,625.45,-1,0,0,0,0
1784889720,28649,28650.75,28645.5,28647.5,,284,619.8,-1,0,0,0,0
1784889780,28647,28647.25,28639.5,28641.75,,442,624.3,-1,0,0,0,0
1784889840,28641.5,28647.25,28640.5,28647.25,28661.654795166924,321,620.2,-1,0,0,0,0
1784889900,28647,28651.75,28645,28648,,499,609.85,-1,0,0,0,0
1784889960,28648.5,28652.25,28642.25,28649,,631,608.4,-1,0,0,0,0
1784890020,28649.25,28650.75,28644.75,28647.75,,452,602.8,-1,0,0,0,0
1784890080,28646.5,28657,28645.75,28655,,483,608.6,-1,0,0,0,0
1784890140,28654.75,28655.75,28647,28651.5,,514,603.3,-1,0,0,0,0
1784890200,28651.5,28651.5,28639.75,28640,,533,611.7,-1,0,0,0,0
1784890260,28640.5,28645.75,28633.75,28636.5,,947,614.1,-1,0,0,0,0
1784890320,28635.75,28639.25,28633,28637,,673,617.4,-1,0,0,0,0
1784890380,28637,28641.25,28634,28641.25,,553,613.75,-1,0,0,0,0
1784890440,28640.25,28642.75,28634.25,28638.5,,473,599.6,-1,0,0,0,0
1784890500,28638.25,28645.5,28635.75,28639.5,,477,573.8,-1,0,0,0,0
1784890560,28639.25,28647.75,28637.25,28645.5,,472,564.3,-1,0,0,0,0
1784890620,28645.25,28645.25,28635.5,28639.25,,430,543.75,-1,0,0,0,0
1784890680,28639,28650,28638.75,28646.25,,584,533.7,-1,0,0,0,0
1784890740,28647,28647,28636.25,28639.25,28654.18653011128,714,553.15,-1,0,0,0,0
1784890800,28639.5,28645.75,28631.75,28638.25,,1458,584.45,-1,0,0,0,0
1784890860,28638.5,28655.25,28637.75,28650.75,,1340,614,-1,0,0,0,0
1784890920,28650.75,28656.75,28645.25,28650.5,,899,644.75,-1,0,0,0,0
1784890980,28649.75,28660.75,28647.25,28656.25,,821,663.7,-1,0,0,0,0
1784891040,28656.5,28659.5,28649.5,28653.25,,642,679.75,-1,0,0,0,0
1784891100,28653,28664,28653,28659,,756,692.6,-1,0,0,0,0
1784891160,28659,28665,28654.75,28663,,817,701.9,1,0,0,0,0
1784891220,28663,28667,28658.25,28661.75,,950,726.8,1,0,0,0,0
1784891280,28661,28662.25,28645.75,28648,,881,746.7,-1,0,0,0,0
1784891340,28647.75,28651,28640.5,28641.5,,909,766.45,-1,0,0,0,0
1784891400,28642.75,28645,28638,28643.75,,708,775.2,-1,0,0,0,0
1784891460,28644,28651.25,28642.5,28649,,369,746.3,-1,0,0,0,0
1784891520,28649,28651.75,28647,28649.25,,300,727.65,-1,0,0,0,0
1784891580,28650,28651.75,28647.5,28648,,334,716.7,-1,0,0,0,0
1784891640,28648,28657,28647.75,28656.5,28654.957686740854,676,726.85,1,0,0,0,0
1784891700,28655.75,28659,28647.75,28652.75,,804,743.2,-1,0,0,0,0
1784891760,28653,28654.25,28647.5,28653,,430,741.1,-1,0,0,0,0
1784891820,28653.25,28659.75,28650.75,28651.75,,458,742.5,-1,0,0,0,0
1784891880,28652.75,28661.5,28651.5,28659.25,,491,737.85,1,0,0,0,0
1784891940,28659,28659.75,28651,28653.5,,410,722.65,-1,0,0,0,0
1784892000,28654.25,28661.25,28652,28658.5,,450,672.25,1,0,0,0,0
1784892060,28658,28659,28644.5,28645.5,,787,644.6,-1,0,0,0,0
1784892120,28645,28647.5,28641.25,28641.75,,445,621.9,-1,0,0,0,0
1784892180,28641.75,28652.25,28640.5,28650.75,,296,595.65,-1,0,0,0,0
1784892240,28650.5,28663.75,28649.75,28654.75,,814,604.25,1,0,0,0,0
1784892300,28654.75,28655.5,28644.5,28651.75,,543,593.6,-1,0,0,0,0
1784892360,28651.5,28652.5,28640.5,28641.75,,461,575.8,-1,0,0,0,0
1784892420,28640.75,28647.75,28636.25,28641.75,,801,568.35,-1,0,0,0,0
1784892480,28641,28644.5,28639,28640.5,,297,539.15,-1,0,0,0,0
1784892540,28639.75,28644.25,28636.75,28643.5,28651.138457827237,527,520.05,-1,0,0,0,0
1784892600,28642.25,28645,28634,28637.25,,616,515.45,-1,0,0,0,0
1784892660,28637.75,28649,28628.75,28629.5,,1257,559.85,-1,0,0,0,0
1784892720,28629,28632.25,28622,28630,,1092,599.45,-1,0,0,0,0
1784892780,28630.75,28631.25,28624.75,28626.75,,414,603.45,-1,0,0,0,0
1784892840,28626.75,28629.75,28623,28625.25,,479,593.6,-1,0,0,0,0
1784892900,28625.25,28626.5,28618.25,28620.25,,781,592.45,-1,0,1,0,0
1784892960,28620.25,28647.5,28620.25,28647.25,,1306,636.25,-1,0,0,0,0
1784893020,28646.5,28647,28629,28630,,1086,667.65,-1,0,0,0,0
1784893080,28629.5,28631.75,28623.25,28624.75,,1003,693.25,-1,0,0,0,0
1784893140,28624.25,28628.25,28619,28622.5,,703,707.9,-1,0,0,0,0
1784893200,28622.75,28625.75,28617.25,28623.25,,1027,736.75,-1,0,0,0,0
1784893260,28623.5,28628.75,28621.75,28626.75,,505,722.65,-1,0,0,0,0
1784893320,28626.5,28627.75,28622.25,28624.75,,386,719.7,-1,0,0,0,0
1784893380,28625,28632,28623.75,28628,,681,738.95,-1,0,0,0,0
1784893440,28628,28634.5,28615.75,28616.25,28639.508971884825,1072,751.85,-1,0,0,0,0
1784893500,28616,28628.5,28615.75,28624.25,,732,761.3,-1,0,0,0,0
1784893560,28624,28624,28613.75,28616,,736,775.05,-1,0,0,0,0
1784893620,28616.25,28616.75,28608.25,28610,,1060,788,-1,0,0,0,0
1784893680,28609.75,28612.25,28603.5,28606.25,,962,821.25,-1,0,0,0,0
1784893740,28606,28615.75,28602.25,28615.25,,1157,852.75,-1,0,0,0,0
1784893800,28615.75,28619,28611.5,28617,,691,856.5,-1,0,0,0,0
1784893860,28616.5,28627.25,28614,28625.75,,879,837.6,-1,0,0,0,0
1784893920,28626.5,28629,28623.5,28625.5,,726,819.3,-1,0,0,0,0
1784893980,28626.5,28627,28614.75,28617,,662,831.7,-1,0,0,0,0
1784894040,28616.5,28621.25,28615.5,28617.75,,375,826.5,-1,0,0,0,0
1784894100,28618,28618.25,28609,28612.75,,712,823.05,-1,0,1,0,0
1784894160,28612,28612,28601,28602,,679,791.7,-1,0,0,0,0
1784894220,28602,28616,28602,28609.75,,984,786.6,-1,0,0,0,0
1784894280,28610.5,28677.25,28607.5,28674.5,,4543,963.6,1,0,0,0,1
1784894340,28674,28699,28664.25,28678.5,28652.50598125655,5005,1178.7,1,0,0,0,0
1784894400,28677.75,28684.25,28658.5,28666.25,,3438,1299.25,1,0,0,0,0
1784894460,28666.5,28667,28642,28649.5,,2197,1383.85,1,0,0,0,0
1784894520,28649,28651,28630.5,28637,,2166,1472.85,-1,0,0,0,0
1784894580,28637.25,28646.75,28636,28641.25,,1278,1502.7,1,0,0,0,0
1784894640,28641.25,28653.5,28638.75,28652.5,,1520,1525.1,1,0,0,0,0
1784894700,28652.5,28654,28625,28632.5,,1909,1583.95,-1,0,0,0,0
1784894760,28632.5,28653.75,28631.75,28648.75,,1433,1618.8,1,0,0,0,0
1784894820,28649,28662,28645.5,28659.5,,1466,1639.1,1,0,0,0,0
1784894880,28659.75,28660.75,28651,28658.5,,1109,1646.45,1,0,0,0,0
1784894940,28659,28677.75,28658,28674.75,,2264,1701.8,1,0,0,0,0
1784895000,28674.25,28675.75,28667,28668,,938,1714.15,1,0,0,0,0
1784895060,28667.75,28675.5,28667,28672,,620,1701.2,1,0,0,0,0
1784895120,28672,28674.75,28665.25,28667.25,,1088,1719.3,1,0,0,0,0
1784895180,28667.25,28673.75,28663.5,28668.25,,676,1720,1,0,0,0,0
1784895240,28668.25,28695.25,28668.25,28689.75,28664.920654171034,2325,1817.5,1,1,0,0,0
1784895300,28690,28690,28678,28681.5,,1283,1846.05,1,0,0,0,0
1784895360,28682.5,28690,28679.25,28684.75,,1076,1865.9,1,1,0,1,0
1784895420,28684.5,28695,28682.75,28687.75,,1040,1868.7,1,0,0,0,0
1784895480,28688.25,28694.25,28680.25,28693.5,,1358,1709.45,1,0,0,0,0
1784895540,28693.75,28695,28677,28683.5,,1391,1528.75,1,0,0,0,0
1784895600,28683,28683,28670,28673,,1252,1419.45,1,0,0,0,0
1784895660,28672.5,28678.25,28666.75,28670.5,,886,1353.9,1,0,0,0,0
1784895720,28671.25,28678.75,28669.5,28673.75,,569,1274.05,1,0,0,0,0
1784895780,28673.25,28677.75,28669.5,28672.75,,696,1244.95,1,0,0,0,0
1784895840,28672,28689.5,28670.75,28685.75,,1510,1244.45,1,0,0,0,0
1784895900,28686.5,28688.25,28651.5,28679.75,,3804,1339.2,1,0,0,0,0
1784895960,28679.75,28691.25,28677,28681.25,,1315,1333.3,1,0,0,0,0
1784896020,28681.5,28688.5,28676,28683.75,,1068,1313.4,1,0,0,0,0
1784896080,28683.5,28689.75,28681,28688.75,,546,1285.25,1,0,0,0,0
1784896140,28688,28688.5,28684.5,28686.75,28672.19710278069,458,1194.95,1,0,0,0,0
1784896200,28686.25,28689,28666,28679.5,,1881,1242.1,1,0,0,0,0
1784896260,28679.25,28680.75,28672,28675,,775,1249.85,1,0,0,0,0
1784896320,28675.25,28680.75,28671.5,28676.75,,660,1228.45,1,0,0,0,0
1784896380,28677,28679,28663.5,28665.25,,822,1235.75,1,0,0,0,0
1784896440,28665.5,28670,28641,28642.5,,2198,1229.4,-1,0,0,0,0
1784896500,28643,28652,28640.75,28651.75,,1447,1237.6,-1,0,0,0,0
1784896560,28651.5,28652.5,28641.25,28648.5,,1130,1240.3,-1,0,1,0,0
1784896620,28648.25,28664.5,28647.75,28662.75,,1820,1279.3,-1,0,0,0,0
1784896680,28662.75,28663.25,28654.25,28655.25,,1201,1271.45,-1,0,0,0,0
1784896740,28655,28661,28648,28650.25,,1067,1255.25,-1,0,0,0,0
1784896800,28650.5,28652.25,28645.5,28645.5,,828,1234.05,-1,0,0,0,0
1784896860,28646,28649,28633,28636,,1621,1270.8,-1,0,0,0,0
1784896920,28636,28640.75,28631,28635.25,,1021,1293.4,-1,0,0,0,0
1784896980,28634.5,28637.25,28629.5,28631.25,,806,1298.9,-1,0,1,0,0
1784897040,28631.75,28632.25,28623.25,28628.75,28657.714735187128,1190,1282.9,-1,0,0,0,0
1784897100,28629,28635.75,28626.5,28631.5,,803,1132.85,-1,0,0,0,0
1784897160,28631,28633.5,28624,28627.5,,1093,1121.75,-1,0,0,0,0
1784897220,28627.5,28628,28616.5,28626.5,,1529,1144.8,-1,0,0,0,0
1784897280,28626.5,28631.5,28623,28631,,821,1158.55,-1,0,0,0,0
1784897340,28630.75,28631.25,28621.5,28623.75,,726,1171.95,-1,0,0,0,0
1784897400,28624.25,28628.5,28618.25,28619,,807,1118.25,-1,0,0,0,0
1784897460,28619.75,28629.75,28619.5,28622.5,,956,1127.3,-1,0,0,0,0
1784897520,28622.75,28624,28611.5,28614.25,,1240,1156.3,-1,0,0,0,0
1784897580,28613.75,28615.5,28606.75,28608,,1505,1190.45,-1,0,0,0,0
1784897640,28608.25,28610.5,28607,28610.5,,644,1112.75,-1,0,0,0,0
1784897700,28610.75,28613.75,28602.75,28604.25,,1389,1109.85,-1,0,0,0,0
1784897760,28604,28607.25,28592.5,28593.5,,1889,1147.8,-1,0,1,0,1
1784897820,28593.5,28595.75,28588.5,28591.25,,1572,1135.4,-1,0,0,0,0
1784897880,28592,28601,28588,28591.75,,1711,1160.9,-1,0,0,0,0
1784897940,28591.75,28598.5,28588.25,28591.75,28635.72649012475,1182,1166.65,-1,0,0,0,0
1784898000,28591.5,28600,28584.75,28587,,2416,1246.05,-1,0,0,0,0
1784898060,28586.75,28589.25,28581.5,28582.5,,1654,1247.7,-1,0,0,0,0
1784898120,28583,28598,28583,28596,,2012,1297.25,-1,0,0,0,0
1784898180,28596.5,28599.75,28591.25,28595.75,,1350,1324.45,-1,0,0,0,0
1784898240,28595,28601.5,28595,28597,,1212,1325.55,-1,0,0,0,0
1784898300,28596.75,28602.5,28588.5,28593.25,,1438,1357.3,-1,0,0,0,0
1784898360,28593,28593,28584.25,28587.25,,1320,1368.65,-1,0,0,0,0
1784898420,28587.25,28587.25,28573.75,28575,,2302,1407.3,-1,0,0,0,0
1784898480,28575.5,28578.5,28571.75,28578,,1293,1430.9,-1,0,0,0,0
1784898540,28577.75,28584.75,28576.5,28584.5,,1369,1463.05,-1,0,0,0,0
1784898600,28584,28588,28576.75,28586.25,,1256,1485.5,-1,0,0,0,0
1784898660,28586,28594.25,28580.75,28592.5,,1801,1527.75,-1,0,0,0,0
1784898720,28592.25,28597,28590.5,28590.75,,1427,1537.1,-1,0,0,0,0
1784898780,28590.75,28593.5,28584.25,28585.25,,873,1505.5,-1,0,0,0,0
1784898840,28584.75,28593.5,28584.5,28591.75,28621.06766008317,1182,1532.4,-1,0,0,0,0
1784898900,28591.5,28598,28587,28594.25,,1473,1536.6,-1,0,0,0,0
1784898960,28594,28595.5,28584.5,28586.25,,1201,1502.2,-1,0,0,0,0
1784899020,28586,28607.75,28585.25,28605,,2304,1538.8,-1,0,0,0,0
1784899080,28605,28609.75,28601.5,28603.25,,1414,1523.95,-1,0,0,0,0
1784899140,28603.75,28606,28597,28604.25,,1139,1521.8,-1,0,0,0,0
1784899200,28604.25,28609,28594.75,28596,,1345,1468.25,-1,0,0,0,0
1784899260,28596.5,28602.25,28589,28590.25,,1583,1464.7,-1,0,0,0,0
1784899320,28590.5,28591.75,28578.75,28586,,2429,1485.55,-1,0,0,0,0
1784899380,28586.25,28601,28585.5,28601,,1245,1480.3,-1,0,0,0,0
1784899440,28601.25,28602,28595.5,28602,,787,1459.05,-1,0,0,0,0
1784899500,28600.75,28616,28590.25,28595,,3034,1538.85,-1,0,0,0,0
1784899560,28595,28600.25,28583.5,28594.75,,1888,1567.25,-1,0,0,0,0
1784899620,28594.75,28594.75,28556,28557.75,,3827,1643.5,-1,0,0,0,0
1784899680,28557.5,28567,28551,28559.25,,3219,1739.8,-1,0,0,0,0
1784899740,28558.25,28559.75,28538,28539.25,28593.79510672211,3831,1862.9,-1,0,1,0,0
1784899800,28540,28542,28504.75,28530.5,,16736,2636.9,-1,0,0,0,0
1784899860,28530.75,28543.75,28499.25,28531.5,,15861,3339.9,-1,0,0,0,0
1784899920,28531.25,28560.25,28517.5,28560.25,,15012,4019.15,-1,0,0,0,0
1784899980,28560,28586,28550.75,28558.5,,14954,4723.2,-1,0,0,0,0
1784900040,28558,28606.5,28554,28603.25,,12602,5294.2,-1,0,0,0,0
1784900100,28603.25,28622.25,28570.25,28579,,18694,6155.25,-1,0,0,0,0
1784900160,28579,28580.25,28523,28526.75,,16626,6926.5,-1,0,0,0,0
1784900220,28526.5,28554,28518.25,28544.75,,13430,7482.8,-1,0,0,0,0
1784900280,28545,28564.5,28515.75,28519,,14249,8124.55,-1,0,1,0,0
1784900340,28519,28529.75,28501.25,28528.5,,13021,8718.65,-1,0,0,0,0
1784900400,28528.5,28531.75,28488,28492.25,,15255,9414.15,-1,0,0,0,0
1784900460,28492.5,28505.5,28475.25,28482,,14209,10045.45,-1,0,0,0,0
1784900520,28482,28491.25,28458,28479.75,,11339,10490.95,-1,0,0,0,0
1784900580,28479,28487,28469.25,28479.75,,5173,10687.35,-1,0,0,0,0
1784900640,28480.5,28498,28471.25,28485,28557.530071148074,6333,10964.65,-1,0,0,0,0
1784900700,28484.75,28498.25,28463.5,28470.75,,8254,11225.65,-1,0,0,0,0
1784900760,28470.5,28477.5,28445.5,28460,,11164,11689.45,-1,0,0,0,0
1784900820,28460.75,28478.25,28452.25,28466,,7773,11886.75,-1,0,0,0,0
1784900880,28466.5,28474.75,28450,28458.75,,7928,12122.2,-1,0,0,0,0
1784900940,28458.25,28510.25,28458.25,28500,,13983,12629.8,-1,0,0,0,0
1784901000,28500,28501.75,28411,28434,,20335,12809.75,-1,0,0,0,0
1784901060,28434.75,28437.25,28383.25,28396.75,,16206,12827,-1,0,0,0,0
1784901120,28396.75,28397,28355.5,28369.25,,13369,12744.85,-1,0,0,0,0
1784901180,28368,28371.75,28341.5,28352,,10339,12514.1,-1,0,0,0,0
1784901240,28352,28357.75,28336,28344.5,,9297,12348.85,-1,0,0,0,0
1784901300,28344,28350,28313.25,28325.25,,12618,12045.05,-1,0,0,0,0
1784901360,28325.75,28355.75,28316.75,28324.25,,12059,11816.7,-1,0,0,0,0
1784901420,28324.75,28341,28317.5,28326.75,,6594,11474.9,-1,0,0,0,0
1784901480,28327.5,28368,28326.75,28346.5,,9299,11227.4,-1,0,0,0,0
1784901540,28346.25,28352.75,28320.5,28323,28479.353380765384,5955,10874.1,-1,0,0,0,0
1784901600,28323.25,28377,28305.25,28373.5,,15879,10905.3,-1,0,0,0,0
1784901660,28374,28387,28357.25,28367.5,,12770,10833.35,-1,0,0,0,0
1784901720,28367.75,28395,28365.25,28368.75,,12002,10866.5,-1,0,0,0,0
1784901780,28368.75,28369.25,28333,28364,,12915,11253.6,-1,0,0,0,0
1784901840,28364.25,28377.5,28328,28339,,10917,11482.8,-1,0,0,0,0
1784901900,28339,28378.75,28333.5,28373.25,,11968,11668.5,-1,0,0,0,0
1784901960,28373,28383.25,28350,28364,,10684,11644.5,-1,0,0,0,0
1784902020,28364,28397.75,28346.75,28389.25,,10979,11804.8,-1,0,0,0,0
1784902080,28389.5,28426.5,28381.75,28422.5,,13391,12077.95,-1,0,0,0,0
1784902140,28423,28439.75,28405.75,28427.5,,12025,11980.05,-1,0,0,0,1
1784902200,28427.75,28436,28406.5,28421.5,,11916,11559.1,-1,0,0,0,0
1784902260,28421.5,28438,28409,28419.75,,9197,11208.65,-1,0,0,0,0
1784902320,28419.25,28430.25,28392,28394.5,,11090,11094.7,-1,0,0,0,0
1784902380,28394.75,28426.75,28386,28419.25,,9852,11070.35,-1,0,0,0,0
1784902440,28419.5,28451.75,28413.25,28421.25,28459.98558717692,13223,11266.65,-1,0,0,0,0
1784902500,28421,28432.25,28378.25,28381.75,,11485,11210,-1,0,0,0,0
1784902560,28382.25,28387,28357.25,28372.5,,10946,11154.35,-1,0,0,0,0
1784902620,28373,28375.5,28327,28345.75,,11477,11398.5,-1,0,0,0,0
1784902680,28345.75,28364,28314.75,28316,,11582,11512.65,-1,0,0,0,0
1784902740,28316,28337,28299,28333,,12788,11854.3,-1,0,0,0,0
1784902800,28333,28350,28306,28340.5,,10537,11587.2,-1,0,0,0,0
1784902860,28341,28382.75,28334,28375.5,,10118,11454.6,-1,0,0,0,0
1784902920,28375.5,28397,28370.75,28386.25,,8813,11295.15,-1,0,0,0,0
1784902980,28386.25,28424,28385.5,28419.75,,9325,11115.65,-1,0,0,0,0
1784903040,28420,28422.25,28382.25,28393,,8774,11008.5,-1,0,0,0,0
1784903100,28393.5,28401.25,28365.25,28382.75,,9473,10883.75,-1,0,0,0,0
1784903160,28382.5,28403,28370.5,28390.25,,8864,10792.75,-1,0,0,0,0
1784903220,28390,28406.5,28362.5,28374,,8843,10685.95,-1,0,0,0,0
1784903280,28373.5,28399.75,28365,28392.25,,6717,10352.25,-1,0,0,0,0
1784903340,28392,28408,28389.5,28391.75,28437.24039145128,6877,10094.85,-1,0,0,0,0
1784903400,28391.5,28396.25,28333,28347.25,,13695,10183.8,-1,0,0,0,0
1784903460,28347.5,28369.5,28342.75,28364.75,,8513,10149.6,-1,0,0,0,0
1784903520,28364.75,28366.25,28329.5,28331,,8737,10031.95,-1,0,1,0,0
1784903580,28331,28351,28324,28329,,7789,9928.8,-1,0,0,0,0
1784903640,28329,28339.25,28304.25,28306.25,,7754,9655.35,-1,0,0,0,0
1784903700,28306,28340,28302,28337,,8848,9523.5,-1,0,0,0,0
1784903760,28336.75,28344.5,28320.25,28324.5,,7725,9362.45,-1,0,0,0,0
1784903820,28324.5,28333.75,28307,28309,,6301,9103.65,-1,0,0,0,0
1784903880,28308.75,28322.5,28306.25,28308,,5738,8811.45,-1,0,0,0,0
1784903940,28308.5,28319.75,28272.75,28283.75,,12745,8809.3,-1,0,0,0,0
1784904000,28283.75,28293.25,28267.25,28285.5,,9695,8767.2,-1,0,0,0,0
1784904060,28284.25,28297,28266,28283.25,,9175,8720.05,-1,0,1,0,1
1784904120,28283,28296.75,28262.75,28270.25,,8062,8682.5,-1,0,0,0,0
1784904180,28270.75,28290,28267.5,28284.75,,5501,8491.3,-1,0,0,0,0
1784904240,28285.75,28306.75,28283.25,28287.5,28387.326927634185,8087,8456.95,-1,0,0,0,0
1784904300,28287.75,28290.25,28260.75,28262.75,,7457,8356.15,-1,0,0,0,0
1784904360,28262.25,28295.25,28254.25,28292.75,,8663,8346.1,-1,0,0,0,0
1784904420,28292.25,28310,28261.75,28272.5,,8906,8349.25,-1,0,0,0,0
1784904480,28273,28286.25,28272.5,28280.5,,3620,8194.4,-1,0,0,0,0
1784904540,28280,28325.5,28277,28321,,7527,8226.9,-1,0,0,0,0
1784904600,28321,28361.5,28319.5,28358.75,,8902,7987.25,-1,0,0,0,0
1784904660,28359.25,28364,28338.25,28347,,5680,7845.6,-1,0,0,0,0
1784904720,28346.75,28361.75,28316.25,28319.25,,7420,7779.75,-1,0,0,0,0
1784904780,28319.25,28365,28311.25,28357.75,,7305,7755.55,-1,0,0,0,0
1784904840,28358,28365.5,28325.5,28350,,5899,7662.8,-1,0,0,0,0
1784904900,28349.75,28381.25,28349.75,28377,,7018,7571.3,-1,0,0,0,0
1784904960,28377,28385.5,28366.5,28383.25,,6582,7514.15,-1,0,0,0,0
1784905020,28383.25,28422,28383,28416,,9852,7691.7,-1,0,0,0,0
1784905080,28415.5,28440,28400.75,28438.5,,8605,7835.05,1,0,0,0,0
1784905140,28438.25,28461.75,28437.75,28449,28407.88461842279,9754,7685.5,1,0,0,0,0
1784905200,28448.75,28468.75,28431.5,28467.75,,10702,7735.85,1,0,0,0,0
1784905260,28468.5,28478.5,28430.5,28432.75,,9220,7738.1,1,0,0,0,0
1784905320,28432.5,28437,28415.75,28432.5,,7916,7730.8,1,0,0,0,0
1784905380,28432,28438.75,28413,28417,,6099,7760.7,1,0,0,0,0
1784905440,28417.25,28425.75,28404,28405,,5296,7621.15,1,0,0,0,0
1784905500,28405.5,28421,28402.25,28409.25,,5044,7500.5,1,0,0,0,0
1784905560,28409.25,28419.25,28385.75,28387.25,,6938,7414.25,-1,0,0,0,0
1784905620,28387.5,28399.75,28372.75,28398.25,,8217,7379.8,1,0,0,0,0
1784905680,28398.25,28424,28393.25,28402.75,,7173,7557.45,1,0,0,0,0
1784905740,28402.25,28413.5,28361.5,28364.25,,7520,7557.1,-1,0,0,0,0
1784905800,28364,28435.25,28355,28420.75,,11598,7691.9,1,0,0,0,0
1784905860,28420.75,28488,28415.5,28433.25,,18634,8339.6,1,0,0,0,0
1784905920,28433.25,28458.25,28423.25,28430,,8985,8417.85,1,1,0,0,0
1784905980,28429.5,28446.75,28424.5,28432.75,,5204,8312.8,1,0,0,0,0
1784906040,28432.25,28510,28430.25,28493.5,28436.423078948526,12175,8626.6,1,0,0,0,0
1784906100,28493.75,28556.5,28482.25,28543.25,,16358,9093.6,1,0,0,0,0
1784906160,28543,28556.75,28512,28513.75,,9431,9236.05,1,0,0,0,0
1784906220,28514,28527.75,28487.5,28491.5,,8775,9182.2,1,0,0,0,0
1784906280,28490,28510.25,28472,28485,,8554,9179.65,1,0,0,0,0
1784906340,28485.5,28496,28456.5,28466,,8463,9115.1,1,0,0,0,0
1784906400,28465.5,28511.75,28458.75,28499.75,,9126,9036.3,1,0,0,0,0
1784906460,28500,28516,28495.25,28502.75,,6682,8909.4,1,0,0,0,0
1784906520,28503.25,28512.75,28493.5,28498,,6164,8821.8,1,0,0,0,0
1784906580,28497.75,28525,28496,28513.25,,5284,8781.05,1,0,0,0,0
1784906640,28513.5,28517.25,28496.5,28501,,6155,8824,1,0,0,0,0
1784906700,28502,28530.75,28499.25,28529.25,,5872,8865.4,1,0,0,0,0
1784906760,28529.25,28538,28509.5,28511,,5557,8796.35,1,0,0,0,0
1784906820,28510.75,28539.5,28510.5,28534.25,,4882,8629.6,1,0,0,0,0
1784906880,28534.25,28551.75,28519,28520,,6672,8604.55,1,0,0,0,0
1784906940,28520,28525.25,28492.25,28500.25,28457.698719299016,7518,8604.45,1,0,0,0,0
1784907000,28500.5,28512.75,28483.75,28509.5,,7591,8404.1,1,0,0,0,0
1784907060,28509.25,28538.75,28509.25,28534,,5815,7763.15,1,0,0,0,0
1784907120,28534.25,28542.5,28505.25,28505.75,,6955,7661.65,1,0,0,0,0
1784907180,28505.75,28514.75,28492.75,28501.25,,5145,7658.7,1,0,0,0,0
1784907240,28501,28513.75,28487,28487.5,,4973,7298.6,1,0,0,0,0
1784907300,28488.5,28518.5,28485.75,28517,,5328,6747.1,1,0,0,0,0
1784907360,28516.75,28524.75,28504,28522.75,,4840,6517.55,1,0,0,0,0
1784907420,28522.75,28534,28497.75,28533.25,,5813,6369.45,1,0,0,0,0
1784907480,28534,28556,28530.5,28553.25,,6076,6245.55,1,0,0,0,0
1784907540,28553.5,28566.5,28550.5,28562.25,,5202,6082.5,1,0,0,0,0
1784907600,28561.75,28577,28556.5,28557.75,,5291,5890.75,1,0,0,0,0
1784907660,28558.25,28559.25,28525.25,28533.5,,8616,5987.45,1,0,0,0,0
1784907720,28533.25,28543,28514.5,28517,,5445,5951.5,1,0,0,0,0
1784907780,28517.25,28524.5,28489.5,28498.75,,6260,6000.3,1,0,0,1,0
1784907840,28499.25,28520.5,28498.25,28506,28473.799146199344,4167,5900.9,1,0,0,0,0
1784907900,28505.75,28531,28502.5,28517.5,,4990,5856.8,1,0,0,0,0
1784907960,28517,28526.25,28508.75,28509,,3262,5742.05,1,0,0,0,0
1784908020,28509.25,28519.5,28495.25,28501.25,,4719,5733.9,1,0,0,0,0
1784908080,28501,28517,28491.75,28512.5,,5098,5655.2,1,0,0,0,0
1784908140,28512.75,28513.25,28494.25,28503.25,,3436,5451.1,1,0,0,0,0
1784908200,28503.5,28542.25,28503,28538.75,,6695,5406.3,1,0,0,0,0
1784908260,28538.75,28548.5,28526.75,28532.25,,4596,5345.35,1,0,0,0,0
1784908320,28532.5,28544.25,28524.5,28528.25,,3805,5187.85,1,1,0,0,0
1784908380,28527.75,28548.25,28516,28546.5,,4324,5146.8,1,0,0,0,0
1784908440,28546.5,28550.5,28532.5,28536.5,,3135,5054.9,1,0,0,0,0
1784908500,28536.25,28560.75,28533.5,28553.75,,3701,4973.55,1,0,0,0,0
1784908560,28554,28575.75,28551,28571.25,,4276,4945.35,1,0,0,0,0
1784908620,28571.25,28580,28562,28562.5,,3545,4831.95,1,0,0,0,0
1784908680,28562.5,28577.75,28555.75,28575,,3580,4707.15,1,1,0,0,0
1784908740,28575.5,28583.75,28573.25,28576.5,28508.032764132895,2965,4595.3,1,0,0,0,0
1784908800,28576.75,28580,28555.75,28558.25,,4573,4559.4,1,0,0,0,0
1784908860,28558,28564,28548.75,28563,,3189,4288.05,1,0,0,0,0
1784908920,28563,28568.75,28552.75,28564.25,,2222,4126.9,1,0,0,0,0
1784908980,28564,28583.25,28560.75,28580,,3298,3978.8,1,0,0,0,0
1784909040,28579.75,28594.5,28578.5,28591,,3788,3959.85,1,0,0,0,0
1784909100,28590.75,28599.25,28585,28590.75,,3659,3893.3,1,0,0,0,0
1784909160,28590.75,28598.5,28581.75,28582.25,,3336,3897,1,0,0,0,0
1784909220,28582.5,28615.75,28579.75,28615,,5881,3955.1,1,0,0,0,0
1784909280,28615.25,28618.25,28600.25,28604.25,,4155,3907.95,1,0,0,0,0
1784909340,28605,28613,28601,28604.25,,3050,3888.65,1,1,0,0,0
1784909400,28604,28631.25,28600.5,28629.75,,6012,3854.5,1,0,0,0,0
1784909460,28629.75,28630.5,28603.25,28608.75,,5180,3883.7,1,0,0,0,0
1784909520,28608.5,28618.75,28595,28596,,4628,3924.85,1,0,0,0,0
1784909580,28596.25,28598.5,28576.25,28577.25,,6150,4016.15,1,0,0,0,0
1784909640,28577.25,28587.5,28572,28573.75,28529.93850942193,3629,4040.85,1,0,0,0,0
1784909700,28574.25,28576.75,28562,28567,,4881,4099.85,1,0,0,0,0
1784909760,28567,28571.5,28558.25,28562.75,,3119,4042,1,0,0,0,0
1784909820,28562.5,28566.5,28552.5,28558,,3852,4057.35,1,0,0,0,0
1784909880,28558.5,28575,28554.75,28565.25,,3869,4071.8,1,0,0,0,0
1784909940,28565,28576.75,28562.75,28566.5,,3175,4082.3,1,0,0,0,0
1784910000,28566.75,28585.75,28565.75,28585,,2990,4003.15,1,0,0,0,0
1784910060,28585.25,28588.5,28563,28575.75,,3935,4040.45,1,0,0,0,0
1784910120,28575.5,28592.5,28569.75,28591,,3245,4091.6,1,0,0,0,0
1784910180,28590.5,28592.5,28581,28585.75,,2521,4052.75,1,0,0,0,0
1784910240,28585.75,28589,28575.75,28585.25,,2335,3980.1,1,0,0,0,0
1784910300,28585.5,28590.5,28572.5,28590,,2565,3925.4,1,0,0,0,0
1784910360,28590,28594,28581.25,28586.5,,1939,3855.55,1,0,0,0,0
1784910420,28586.75,28589,28572.75,28574.75,,2240,3673.5,1,0,0,0,0
1784910480,28575.25,28581.25,28570.75,28577.5,,2702,3600.85,1,0,0,0,0
1784910540,28577.5,28581,28565.25,28566,28541.959006281286,2786,3587.65,1,0,0,0,0
1784910600,28565.75,28569.25,28527.75,28539,,9927,3783.4,1,0,0,0,0
1784910660,28539.5,28548.75,28527.25,28540.5,,4139,3731.35,1,0,0,0,0
1784910720,28540.5,28550.75,28529.5,28541.5,,3501,3675,1,0,0,0,0
1784910780,28540.75,28548.25,28532.25,28536.25,,2605,3497.75,1,0,0,0,0
1784910840,28535.75,28552,28533.75,28542,,2781,3455.35,1,0,0,0,0
1784910900,28542,28549.75,28534.25,28543.75,,2148,3318.7,1,0,0,0,0
1784910960,28543.75,28555.75,28536.5,28540,,3026,3314.05,1,0,0,0,0
1784911020,28540.25,28542.25,28530,28541,,2500,3246.45,1,0,0,0,0
1784911080,28540.75,28546,28516.25,28517,,3722,3239.1,-1,0,0,0,0
1784911140,28517,28530.25,28516.25,28524.25,,2570,3208.85,-1,0,0,0,0
1784911200,28524.75,28524.75,28508.25,28509.75,,4155,3267.1,-1,0,0,0,0
1784911260,28510.5,28516.25,28504.75,28514.75,,3091,3224.9,-1,0,0,0,0
1784911320,28514.5,28517,28502,28510.5,,2615,3193.4,-1,0,0,0,0
1784911380,28510.75,28514.75,28495.25,28506,,3761,3255.4,-1,0,0,0,0
1784911440,28506.25,28508.5,28497.75,28499.25,28527.72267085419,2443,3260.8,-1,0,0,0,0
1784911500,28499.25,28511,28491.25,28506.75,,3803,3322.7,-1,0,0,0,0
1784911560,28507.25,28509.25,28491.75,28492,,2599,3355.7,-1,0,0,0,0
1784911620,28491.75,28500,28478,28482.5,,3861,3436.75,-1,0,0,0,0
1784911680,28482.5,28484,28468.25,28475.25,,3624,3482.85,-1,0,0,0,0
1784911740,28475.5,28485.25,28465.5,28482,,3017,3494.4,-1,0,0,0,0
1784911800,28482,28483.75,28470.75,28479,,2350,3115.55,-1,0,0,0,0
1784911860,28479.25,28488.25,28470.25,28478,,3035,3060.35,-1,0,0,0,0
1784911920,28478.25,28481.75,28470,28471.5,,1635,2967.05,-1,0,0,0,0
1784911980,28471.5,28478.25,28460.5,28469,,2878,2980.7,-1,0,0,0,0
1784912040,28469.75,28486.25,28467.5,28474.5,,3451,3014.2,-1,0,0,0,0
1784912100,28473.75,28493.75,28462.5,28485.5,,3906,3102.1,-1,0,0,0,0
1784912160,28486,28494.75,28480,28488.5,,2136,3057.6,-1,0,0,0,0
1784912220,28488.75,28503.5,28488.5,28502.25,,3015,3083.35,-1,0,0,0,0
1784912280,28502.25,28511,28497.5,28501.5,,2981,3046.3,-1,0,0,0,0
1784912340,28502,28509.75,28492.25,28494.75,28516.73178056946,2352,3035.4,-1,0,0,0,0
1784912400,28494.5,28502.5,28483,28488.75,,3356,2995.45,-1,0,0,0,0
1784912460,28489.25,28489.75,28467.75,28483,,4674,3074.6,-1,0,0,0,0
1784912520,28484.5,28487.25,28472.5,28478.5,,3403,3114,-1,0,1,0,0
1784912580,28478.75,28485,28469.75,28476.75,,2459,3048.9,-1,0,0,0,0
1784912640,28476.75,28484.5,28472.5,28477.75,,2272,3040.35,-1,0,0,0,0
1784912700,28477.5,28488,28471.75,28481,,2401,2970.25,-1,0,0,0,0
1784912760,28481.25,28485.25,28442.5,28462.25,,11006,3390.6,-1,0,0,0,0
1784912820,28461.5,28466.5,28445,28449.75,,3888,3391.95,-1,0,0,0,0
1784912880,28450,28453.25,28435,28443.5,,4824,3451.95,-1,0,1,0,1
1784912940,28443.75,28453.5,28433.25,28435.75,,3521,3477.15,-1,0,0,0,0
1784913000,28436,28448,28427,28439,,4829,3601.1,-1,0,0,0,0
1784913060,28439.5,28457.75,28435.25,28450.75,,3773,3638,-1,0,0,0,0
1784913120,28450.5,28466.75,28450.25,28457.25,,3450,3728.75,-1,0,0,0,0
1784913180,28457.5,28464.25,28451,28456.75,,2277,3698.7,-1,0,0,0,0
1784913240,28456.25,28471.25,28455,28458.75,28497.404520379638,3134,3682.85,-1,0,0,0,0
1784913300,28458.75,28465.25,28448.75,28451.5,,2872,3631.15,-1,0,0,0,0
1784913360,28451.5,28454.75,28440.75,28445.75,,2898,3669.25,-1,0,0,0,0
1784913420,28446.5,28473.25,28445,28471,,3845,3710.75,-1,0,0,0,0
1784913480,28471.25,28488.5,28461.5,28478.5,,4758,3799.6,-1,0,0,0,0
1784913540,28478.75,28490.75,28474.5,28487.25,,3109,3837.45,-1,0,0,0,0
1784913600,28487,28494.5,28479.5,28482.25,,3122,3825.75,-1,0,0,0,0
1784913660,28482.5,28489.5,28476.25,28479,,2480,3716.05,-1,0,0,0,0
1784913720,28479.5,28483.75,28461.75,28468.5,,3831,3737.45,-1,0,0,0,0
1784913780,28468,28476.5,28461.75,28467.5,,2068,3717.9,-1,0,0,0,0
1784913840,28468,28491.5,28463.75,28490.25,,3214,3765,-1,0,0,0,0
1784913900,28490.75,28494.75,28472.25,28492.25,,3109,3800.4,-1,0,0,0,0
1784913960,28492.5,28507.75,28490.75,28504.25,,3352,3417.7,-1,0,0,0,0
1784914020,28504.75,28518,28502.75,28516,,4015,3424.05,-1,0,0,0,0
1784914080,28515.5,28522.5,28510.5,28517,,3149,3340.3,1,0,0,0,0
1784914140,28516.5,28518.75,28506.75,28514.75,28503.18634691976,2790,3303.75,1,0,0,0,0
1784914200,28514.75,28525.25,28504.25,28510.5,,4093,3266.95,1,1,0,0,0
1784914260,28509.75,28521,28506.5,28517,,1988,3177.7,1,0,0,0,0
1784914320,28517.75,28522.75,28507.75,28515,,1910,3100.7,1,0,0,0,0
1784914380,28515.25,28536.75,28509.75,28533,,3496,3161.65,1,0,0,0,0
1784914440,28533,28544.25,28528.75,28541.25,,2680,3138.95,1,0,0,0,0
1784914500,28541.25,28542.75,28531.5,28536.5,,2543,3122.5,1,0,0,0,0
1784914560,28536.75,28540.5,28521.25,28524.25,,2926,3123.9,1,0,0,0,0
1784914620,28524.25,28524.5,28503.75,28505.5,,3618,3112.55,1,0,0,0,0
1784914680,28506,28510.5,28497.75,28503,,2947,3022,1,0,0,0,0
1784914740,28503.5,28506,28485.5,28488,,3808,3056.95,-1,0,0,0,0
1784914800,28488.25,28489.75,28475,28480.75,,4062,3103.95,-1,0,0,0,0
1784914860,28481.25,28482.25,28466.5,28470.5,,3327,3146.3,-1,0,0,0,0
1784914920,28470.5,28474.75,28463,28471.25,,2866,3098.05,-1,0,0,0,0
1784914980,28471.5,28476.25,28468.25,28473.25,,1946,3091.95,-1,0,0,0,0
1784915040,28473.5,28483,28463.5,28464,28490.12423127984,2543,3058.4,-1,0,1,0,0
1784915100,28464.5,28465,28452,28459,,4134,3109.65,-1,0,0,0,0
1784915160,28459.25,28479.75,28458.25,28475.75,,2877,3085.9,-1,0,0,0,0
1784915220,28475.75,28483.75,28464,28468,,2313,3000.8,-1,0,0,0,0
1784915280,28467.75,28472.75,28458.5,28468.25,,1871,2936.9,-1,0,0,0,0
1784915340,28468,28485.25,28466,28484.25,,2267,2910.75,-1,0,0,0,0
1784915400,28484.5,28494.75,28477,28493.75,,3249,2868.55,-1,0,0,0,0
1784915460,28494,28501.5,28470.75,28472.75,,3735,2955.9,-1,0,0,0,0
1784915520,28473.25,28478.25,28467.25,28476.25,,2447,2982.75,-1,0,0,0,0
1784915580,28476.5,28483.75,28473.5,28477,,1361,2876,-1,0,0,0,0
1784915640,28477.5,28486.5,28472.25,28484,,1471,2815.55,-1,0,0,0,0
1784915700,28484.25,28492,28473.5,28475.75,,2521,2814.45,-1,0,0,0,0
1784915760,28476.25,28490.5,28474.5,28485.25,,1902,2763.25,-1,0,0,0,0
1784915820,28484.75,28487.25,28471.75,28473.75,,1699,2667.3,-1,0,0,0,0
1784915880,28473.25,28481.25,28467,28473.75,,1973,2618.6,-1,0,0,0,0
1784915940,28473.75,28477.25,28464.75,28466.5,28482.249487519894,1291,2492.75,-1,0,0,0,0
1784916000,28467,28480.25,28460,28479.25,,2960,2437.65,-1,0,0,0,0
1784916060,28479,28487,28458,28459.25,,2870,2414.8,-1,0,0,0,0
1784916120,28459.25,28469.75,28452.25,28466.25,,2326,2387.8,-1,0,0,0,0
1784916180,28467,28470.75,28453.5,28455,,1662,2373.6,-1,0,0,0,0
1784916240,28455,28462,28451.25,28455.75,,1798,2336.35,-1,0,0,0,0
1784916300,28455,28458,28448.25,28454.5,,2437,2251.5,-1,0,0,0,0
1784916360,28454.25,28461.75,28443.25,28447,,2008,2208.05,-1,0,0,0,0
1784916420,28447.25,28464.25,28445.75,28462.5,,2456,2215.2,-1,0,0,0,0
1784916480,28462.75,28468,28455,28456.5,,2127,2228,-1,0,0,0,0
1784916540,28457,28465,28447,28450,,2053,2217.3,-1,0,0,0,0
1784916600,28450,28455.5,28439.25,28442.75,,2405,2175.1,-1,0,0,0,0
1784916660,28443,28445.5,28433,28435.25,,1811,2078.9,-1,0,0,0,0
1784916720,28434.5,28437,28424.25,28435,,2775,2095.3,-1,0,0,0,0
1784916780,28435.25,28440.5,28424.25,28426.75,,1938,2124.15,-1,0,1,0,0
1784916840,28427.25,28434.75,28419.75,28428.5,28464.33299167993,2340,2167.6,-1,0,0,0,0
1784916900,28428.75,28430,28419,28425,,2113,2147.2,-1,0,0,0,0
1784916960,28425.5,28430.25,28418,28422,,2069,2155.55,-1,0,0,0,0
1784917020,28421.75,28429.25,28417.25,28419.75,,1752,2158.2,-1,0,0,0,0
1784917080,28419.75,28422.75,28404.75,28414.5,,3656,2242.35,-1,0,0,0,0
1784917140,28414.75,28418.5,28396,28399,,3424,2349,-1,0,0,0,0
1784917200,28399.5,28399.75,28384.5,28388.25,,3298,2365.9,-1,0,0,0,0
1784917260,28388,28391.5,28381.25,28383.75,,2684,2356.6,-1,0,0,0,0
1784917320,28383.25,28391.5,28380,28383.75,,2189,2349.75,-1,0,0,0,0
1784917380,28383.5,28389.25,28374.75,28385.5,,3027,2418,-1,0,0,0,0
1784917440,28385.5,28390.25,28373.75,28376.5,,2379,2447.05,-1,0,0,0,0
1784917500,28376.5,28380.25,28357,28367.5,,4473,2548.85,-1,0,0,0,0
1784917560,28367.5,28368.75,28352.25,28354.5,,3198,2608.35,-1,0,0,0,0
1784917620,28354.75,28362,28347,28350.25,,3092,2640.15,-1,0,0,0,0
1784917680,28350.5,28352.5,28339,28343.5,,3803,2723.95,-1,0,0,0,0
1784917740,28343.25,28355,28333.25,28337,28421.888661119952,3747,2808.65,-1,0,0,0,0
1784917800,28337.5,28346.25,28331.5,28332.5,,3828,2879.8,-1,0,0,0,0
1784917860,28333.25,28334.75,28311.5,28316,,5190,3048.75,-1,0,0,0,0
1784917920,28316.25,28326,28313.25,28318,,3332,3076.6,-1,0,0,0,0
1784917980,28318.5,28327.75,28300.75,28305.5,,4738,3216.6,-1,0,1,0,1
1784918040,28305,28311,28291.25,28298,,4408,3320,-1,0,0,0,0
1784918100,28298.5,28300.75,28278.75,28293.25,,5958,3512.25,-1,0,0,0,0
1784918160,28293.25,28321.25,28293.25,28301.25,,7195,3768.55,-1,0,0,0,0
1784918220,28300.5,28310.5,28293.25,28296.75,,2908,3826.35,-1,0,0,0,0
1784918280,28296.5,28314.5,28290.5,28308.75,,3470,3817.05,-1,0,0,0,0
1784918340,28308.75,28310.75,28281,28295.25,,6197,3955.7,-1,0,0,0,0
1784918400,28294.75,28295.5,28274.25,28275.5,,4164,3999,-1,0,0,0,0
1784918460,28275.5,28284.5,28266.75,28268.75,,4282,4078.9,-1,0,0,0,0
1784918520,28268.75,28278,28259,28276.5,,5585,4248.7,-1,0,0,0,0
1784918580,28276.5,28291.25,28273.75,28281.5,,3497,4272.2,-1,0,0,0,0
1784918640,28281.75,28289,28274.75,28275.75,28373.17577407997,2261,4266.3,-1,0,0,0,0
1784918700,28276,28306.5,28269.5,28305.25,,5185,4301.9,-1,0,0,0,0
1784918760,28305,28325.25,28304.75,28309,,5247,4404.35,-1,0,0,0,0
1784918820,28309,28323.75,28306.5,28321,,2575,4378.5,-1,0,0,0,0
1784918880,28320.75,28324,28300.25,28302.75,,3779,4377.3,-1,0,0,0,0
1784918940,28303.25,28310.25,28300.5,28304.75,,2081,4294,-1,0,0,0,0
1784919000,28304.75,28315.75,28287,28296,,3736,4289.4,-1,0,0,0,0
1784919060,28295.5,28320,28295,28309.25,,3210,4190.4,-1,0,0,0,0
1784919120,28309.5,28319,28305.25,28315.75,,2568,4152.2,-1,0,0,0,0
1784919180,28315.75,28319.5,28303.5,28311.25,,2247,4027.65,-1,0,0,0,0
1784919240,28311.25,28311.5,28290,28296.75,,3401,3977.3,-1,0,0,0,0
1784919300,28296.75,28310.25,28292.5,28309.5,,2557,3807.25,-1,0,0,0,0
1784919360,28309.25,28326.5,28301.25,28319,,3548,3624.9,-1,0,0,0,0
1784919420,28319.25,28328,28312.75,28314,,3325,3645.75,-1,0,0,0,0
1784919480,28314,28318,28300.75,28301.75,,3035,3624,-1,0,0,0,0
1784919540,28302,28311.75,28299,28301.5,28349.283849386647,1802,3404.25,-1,0,0,0,0
1784919600,28301.5,28316.5,28290.5,28305,,3914,3391.75,-1,0,1,0,0
1784919660,28305.5,28329.75,28300,28307,,4424,3398.85,-1,0,0,0,0
1784919720,28307.5,28311,28286.25,28287,,3606,3299.9,-1,0,0,0,0
1784919780,28287,28292.25,28281.75,28287.75,,2961,3273.1,-1,0,0,0,0
1784919840,28288.25,28294.5,28280,28284,,2560,3288.05,-1,0,1,0,0
1784919900,28283.5,28305,28276.5,28300,,3624,3210,-1,0,0,0,0
1784919960,28300.5,28311.25,28274.25,28277.25,,4287,3162,-1,0,0,0,0
1784920020,28277,28278.5,28237.75,28242,,8188,3442.65,-1,0,0,0,0
1784920080,28241.5,28251,28236.5,28242.25,,4519,3479.65,-1,0,0,0,0
1784920140,28242,28244,28226,28231.25,,5046,3627.9,-1,0,1,0,0
1784920200,28230.5,28238,28222.5,28225.75,,4786,3680.4,-1,0,0,0,0
1784920260,28225.75,28232.75,28221.5,28230,,2992,3669.5,-1,0,0,0,0
1784920320,28230.25,28259.75,28229.75,28238.5,,6164,3849.3,-1,0,0,0,0
1784920380,28238.25,28241.5,28229.25,28235.25,,2869,3880.4,-1,0,0,0,0
1784920440,28235.5,28235.5,28218.5,28221.25,28306.605899591097,3180,3869.35,-1,0,0,0,0
1784920500,28221,28228.75,28213.75,28219.5,,4472,3965.1,-1,0,0,0,0
1784920560,28219.75,28227.25,28212.5,28225.75,,3428,3959.1,-1,0,1,0,0
1784920620,28226,28241.25,28224,28232,,3891,3987.4,-1,0,0,0,0
1784920680,28231.5,28236.75,28225,28229.5,,2985,3984.9,-1,0,0,0,0
1784920740,28230.75,28244,28227.5,28242.25,,2719,4030.75,-1,0,0,0,0
1784920800,28242.25,28244.75,28227.5,28240.75,,3182,3994.15,-1,0,0,0,0
1784920860,28240.5,28254.5,28235.5,28248.75,,3221,3934,-1,0,0,0,0
1784920920,28248.25,28257.25,28245.75,28251.5,,2613,3884.35,-1,0,0,0,0
1784920980,28250.75,28251.75,28239.25,28246.25,,2111,3841.85,-1,0,0,0,0
1784921040,28245.5,28247.5,28219.25,28229.75,,4210,3924.35,-1,0,0,0,0
1784921100,28230,28233.25,28220.5,28226,,2598,3873.05,-1,0,0,0,0
1784921160,28225.5,28234.25,28223.5,28231.75,,2471,3782.25,-1,0,0,0,0
1784921220,28232,28253,28232,28246.5,,3531,3549.4,-1,0,0,0,0
1784921280,28245.25,28256.75,28240.25,28256.5,,2661,3456.5,-1,0,0,0,0
1784921340,28256.5,28266.5,28249,28253.25,28288.820599727398,4308,3419.6,-1,0,0,0,0
1784921400,28253.5,28271.75,28252.25,28257.75,,4038,3382.2,-1,0,0,0,0
1784921460,28258.5,28275.75,28253.25,28271,,5563,3510.75,-1,0,0,0,0
1784921520,28271,28284.25,28269,28282.5,,3998,3402.45,-1,0,0,0,0
1784921580,28281.75,28293.5,28278.25,28286.5,,5380,3528,-1,0,0,0,0
1784921640,28286.75,28298,28281.5,28281.5,,3668,3552.4,-1,0,0,0,0
1784921700,28282,28302.5,28274.75,28294.5,,7139,3685.75,-1,0,0,0,0
1784921760,28294.5,28301.5,28277.75,28278.25,,3924,3710.55,-1,0,0,0,0
1784921820,28278.25,28302.5,28278.25,28295.5,,4085,3720.25,-1,0,0,0,0
1784921880,28295.5,28301,28286.75,28298.25,,2474,3694.7,-1,0,0,0,0
1784921940,28298.5,28303,28268.75,28273.75,,4424,3779.95,-1,0,0,0,0
1784922000,28273.75,28283.75,28264.75,28270.5,,3871,3814.4,-1,0,0,0,0
1784922060,28269.75,28269.75,28251,28257.75,,4508,3878.75,-1,0,1,0,0
1784922120,28257.25,28262,28246.5,28253.25,,3445,3920.35,-1,0,0,0,0
1784922180,28253.5,28261.25,28238.25,28260.25,,4521,4040.85,-1,0,1,0,1
1784922240,28260.75,28276.5,28256.5,28274.5,28284.04706648493,3839,4022.3,-1,0,0,0,0
1784922300,28274.25,28283.5,28253.5,28255.75,,4490,4116.9,-1,0,0,0,0
1784922360,28255.25,28258,28249,28255.5,,2681,4127.4,-1,0,0,0,0
1784922420,28255,28269.25,28250,28258.5,,3143,4108,-1,0,0,0,0
1784922480,28258.25,28265,28249.25,28251.5,,2261,4088,-1,0,0,0,0
1784922540,28251.75,28277.75,28242.25,28276.25,,3717,4058.45,-1,0,0,0,0
1784922600,28276.25,28291,28235.5,28236,,7296,4221.35,-1,0,0,0,0
1784922660,28236.25,28243.25,28225.5,28238.75,,4353,4160.85,-1,0,0,0,0
1784922720,28238,28238.75,28228.25,28234,,3094,4115.65,-1,0,0,0,0
1784922780,28233.75,28242.75,28223.25,28240.75,,3884,4040.85,-1,0,0,0,0
1784922840,28240.75,28280,28236.5,28271.25,,6811,4198,-1,0,0,0,0
1784922900,28271,28279.5,28248.5,28249.5,,5837,4132.9,-1,0,0,0,0
1784922960,28249.5,28263.75,28246.5,28259.5,,2521,4062.75,-1,0,0,0,0
1784923020,28259.5,28275.25,28257.25,28272,,3511,4034.05,-1,0,0,0,0
1784923080,28272,28276.25,28267.75,28269.5,,3169,4068.8,-1,0,0,0,0
1784923140,28268.75,28294.75,28250,28283.25,28283.78137765662,11467,4420.95,-1,0,0,0,0
1784923200,28283.5,28290.75,28266.75,28286.75,,5875,4521.15,1,0,0,0,0
1784923260,28287.5,28303.5,28286,28296.25,,3314,4461.45,1,0,0,0,0
1784923320,28296.25,28298.75,28273.25,28279,,2854,4431.9,-1,0,0,0,0
1784923380,28279.25,28284.25,28267.75,28272,,2179,4314.8,-1,0,0,0,0
1784923440,28271,28277,28263.75,28275.25,,1649,4205.3,-1,0,0,0,0
1784923500,28274.5,28277.75,28260,28261.25,,1378,4049.7,-1,0,0,0,0
1784923560,28262,28278.5,28260.25,28269.75,,1791,4005.2,-1,0,0,0,0
1784923620,28269.75,28274.25,28264.25,28265.5,,1303,3913.2,-1,0,0,0,0
1784923680,28265.75,28273,28265.75,28266.5,,747,3837.5,-1,0,0,0,0
1784923740,28267,28276.75,28265.25,28274.5,,752,3689.25,-1,0,0,0,0
1784923800,28274.5,28276,28267.25,28268.5,,974,3373.15,-1,0,0,0,0
1784923860,28268,28290.25,28267,28288.75,,1504,3230.7,1,0,0,0,0
1784923920,28289.25,28291.25,28278,28289.25,,1053,3128.65,1,0,0,0,0
1784923980,28289.5,28294.25,28287.25,28290.75,,964,2982.65,1,1,0,0,0
1784924040,28291,28295.25,28286.25,28291.25,28286.27091843775,1073,2695.75,1,0,0,0,0
1784924100,28291.5,28304.5,28291.5,28302,,1435,2475.65,1,0,0,0,0
1784924160,28301.5,28310.25,28301,28305.25,,934,2396.3,1,0,0,0,0
1784924220,28304.75,28308.75,28301.75,28306.75,,744,2257.95,1,0,0,0,0
1784924280,28306.75,28320.75,28305.75,28315.25,,1459,2172.45,1,0,0,0,0
1784924340,28315.5,28316.25,28305,28305.5,,816,1639.9,1,0,0,0,0
1784924400,28305.75,28313.75,28305,28313.25,,567,1374.5,1,0,0,0,0
1784924460,28312.75,28322.25,28312.5,28316.25,,770,1247.3,1,0,0,0,0
1784924520,28316.25,28322.25,28316.25,28321.25,,540,1131.6,1,0,0,0,0
1784924580,28320.75,28329.25,28318.5,28319.25,,931,1069.2,1,1,0,1,0
1784924640,28319,28320.75,28309.5,28312.25,,1077,1040.6,1,0,0,0,0
1784924700,28311.75,28320.25,28311.25,28319,,888,1016.1,1,0,0,0,0
1784924760,28318.5,28321,28315,28317,,532,953.15,1,0,0,0,0
1784924820,28316.5,28316.5,28306,28312,,863,931.15,1,0,0,0,0
1784924880,28311.75,28315.25,28311,28315.25,,454,916.5,1,0,0,0,0
1784924940,28315.25,28315.75,28303.5,28304.75,28292.43061229183,861,921.95,1,0,0,0,0
1784925000,28304.75,28307.75,28290.75,28293,,1103,928.4,1,0,0,0,0
1784925060,28292.75,28293.25,28286.5,28289.75,,1066,906.5,1,0,0,0,0
1784925120,28290.25,28293.75,28286,28287,,586,883.15,1,0,0,0,0
1784925180,28287,28296,28285.5,28292,,742,872.05,1,0,0,0,0
1784925240,28291.75,28292.5,28288,28291.5,,588,847.8,1,0,0,0,0
1784925300,28292,28303.25,28291.5,28299,,823,817.2,1,0,0,0,0
1784925360,28299.5,28302.25,28296.25,28297.5,,540,797.5,1,0,0,0,0
1784925420,28298,28301.25,28290.75,28295.5,,452,782.9,1,0,0,0,0
1784925480,28295.25,28295.5,28290.75,28291.75,,291,724.5,1,0,0,0,0
1784925540,28290.75,28293.5,28286.75,28289.75,,510,709.2,1,0,0,0,0
1784925600,28291.5,28295.5,28287,28287.5,,493,705.5,1,0,0,0,0
1784925660,28287.75,28288.5,28284.75,28287.75,,370,685.5,1,0,0,0,0
1784925720,28287.75,28293,28287.5,28292,,340,675.5,1,0,0,0,0
1784925780,28291.75,28296.75,28290,28296.5,,443,651.1,1,0,0,0,0
1784925840,28296.75,28305.5,28296.75,28305.25,28296.703741527886,927,643.6,1,0,0,0,0
1784925900,28305.5,28312.75,28304.25,28306.25,,935,645.95,1,0,0,0,0
1784925960,28306.25,28307.75,28304.25,28304.25,,410,639.85,1,0,0,0,0
1784926020,28304.5,28304.5,28294.75,28294.75,,380,615.7,1,0,0,0,0
1784926080,28294.5,28301,28293.75,28299.75,,497,617.85,1,0,0,0,0
1784926140,28299.5,28300.5,28295.75,28296,,346,592.1,1,0,0,0,0
1784926200,28297,28298,28290,28290.75,,363,555.1,-1,0,0,0,0
1784926260,28290.75,28297.75,28290.5,28294.5,,305,517.05,1,0,0,0,0
1784926320,28294.5,28300.75,28290.5,28291.75,,468,511.15,-1,0,0,0,0
1784926380,28291.75,28295,28289.5,28293.25,,299,489,1,0,0,0,0
1784926440,28293.5,28312,28293.5,28309.75,,717,495.45,1,0,0,0,0
1784926500,28309.75,28311.25,28297.25,28301.75,,575,483.05,1,0,0,0,0
1784926560,28301.75,28304,28299.25,28304,,190,465.55,1,0,0,0,0
1784926620,28303.75,28309,28302.25,28306.5,,264,456.15,1,1,0,0,0
1784926680,28307,28313,28303.25,28304.25,,410,462.1,1,0,0,0,0
1784926740,28304.5,28308,28301.25,28306.75,28300.052494351923,496,461.4,1,0,0,0,0
1785103200,28501.5,28683,28501.5,28643.5,,7528,813.15,1,0,0,0,0
1785103260,28640.75,28652.75,28607.5,28611.5,,3203,954.8,1,0,0,0,0
1785103320,28611.5,28636.5,28607.5,28631.75,,2308,1053.2,1,1,0,1,0
1785103380,28631,28647,28625.75,28635.25,,1803,1121.2,1,0,0,0,0
1785103440,28637,28638,28604.5,28614,,2051,1177.4,1,0,0,0,0
1785103500,28615.5,28635,28613.25,28626.75,,1529,1207.1,1,0,0,0,0
1785103560,28626.5,28638,28617.75,28622,,1271,1250.15,1,0,0,0,0
1785103620,28620.5,28630.75,28610.5,28614.25,,932,1277.75,1,0,0,0,0
1785103680,28613.25,28620,28603.75,28608,,1295,1317.65,1,0,0,0,0
1785103740,28608.5,28609.75,28579,28592.5,,2611,1430.9,1,0,0,0,0
1785103800,28594.75,28604.75,28589,28596.75,,1380,1481.75,1,0,0,0,0
1785103860,28596.75,28596.75,28583.75,28588.25,,784,1505.7,1,0,0,0,0
1785103920,28589.5,28598.5,28588.25,28595,,778,1521.2,1,0,0,0,0
1785103980,28595.25,28610,28588,28603,,1479,1580.2,1,0,0,0,0
1785104040,28601.25,28623.5,28593.75,28614.25,28404.784996234615,1447,1616.7,1,0,0,0,0
1785104100,28613,28618.5,28596.5,28598,,1332,1654.55,1,0,0,0,0
1785104160,28599,28630,28595.5,28629.25,,2026,1746.35,1,0,0,0,0
1785104220,28629.25,28630,28620.25,28622.75,,1038,1785.05,1,0,0,0,0
1785104280,28622.75,28635,28621,28632,,1102,1819.65,1,1,0,0,0
1785104340,28630.75,28639.5,28620,28638,,1198,1854.75,1,0,0,0,0
1785104400,28637.75,28646.75,28636.75,28639,,1451,1550.9,1,0,0,0,0
1785104460,28638.75,28639.75,28624.75,28631.25,,1196,1450.55,1,0,0,0,0
1785104520,28631.25,28634,28627.25,28632.25,,545,1362.4,1,0,0,0,0
1785104580,28631,28635.5,28626.5,28631.5,,665,1305.5,1,0,0,0,0
1785104640,28631.5,28633,28625,28626.5,,440,1224.95,1,0,0,0,0
1785104700,28626.5,28628.75,28618.75,28620.5,,1154,1206.2,1,0,0,0,0
1785104760,28620.75,28633.75,28618.75,28629.25,,885,1186.9,1,0,0,0,0
1785104820,28629,28631,28616.25,28617,,780,1179.3,1,0,0,0,0
1785104880,28617,28619.75,28612.25,28615.5,,818,1155.45,1,0,0,0,0
1785104940,28615.75,28626,28609,28623.25,28477.60666415641,935,1071.65,1,0,0,0,0
1785105000,28623.25,28630,28618.75,28627.75,,1092,1057.25,1,0,0,0,0
1785105060,28626.25,28636.5,28620,28631.5,,854,1060.75,1,0,0,0,0
1785105120,28632.5,28637.25,28625,28635.5,,775,1060.6,1,0,0,0,0
1785105180,28636.75,28636.75,28626.5,28629.5,,472,1010.25,1,0,0,0,0
1785105240,28630.25,28631.5,28625.5,28631,,396,957.7,1,0,0,0,0
1785105300,28631.5,28640.5,28628,28628.75,,1025,942.35,1,0,0,0,0
1785105360,28629.25,28638.75,28625,28636.25,,660,874.05,1,0,0,0,0
1785105420,28637,28638.5,28632.25,28636.25,,417,843,1,0,0,0,0
1785105480,28634.75,28642.25,28633.25,28635.5,,775,826.65,1,0,0,0,0
1785105540,28635.75,28639.75,28629.25,28631.5,,544,793.95,1,0,0,0,0
1785105600,28633.25,28635.5,28628,28629,,430,742.9,1,0,0,0,0
1785105660,28629.5,28632.75,28625,28629.5,,491,707.65,1,0,0,0,0
1785105720,28630,28633.5,28627,28628.5,,352,698,1,0,0,0,0
1785105780,28627.5,28629.5,28625.25,28629.25,,277,678.6,1,0,0,0,0
1785105840,28629.25,28632.5,28625.5,28625.75,28526.987776104274,358,674.5,1,0,0,0,0
1785105900,28627.25,28627.25,28619.75,28623.5,,715,652.55,1,0,0,0,0
1785105960,28623.5,28625.75,28619,28621.5,,387,627.65,1,0,0,0,0
1785106020,28621.25,28623.25,28619.75,28622,,191,598.2,1,0,0,0,0
1785106080,28622.75,28625.5,28621.75,28624.25,,208,567.7,1,0,0,0,0
1785106140,28624,28624.5,28615,28620.25,,546,548.25,1,0,0,0,0
1785106200,28620.75,28633.5,28618,28633.5,,877,537.5,1,0,0,0,0
1785106260,28633.5,28636,28629,28631.5,,489,519.25,1,0,0,0,0
1785106320,28630.5,28632.75,28625.5,28626,,454,503.2,1,0,0,0,0
1785106380,28626,28629.25,28619.25,28620.75,,505,504.85,1,0,0,0,0
1785106440,28621.25,28624.25,28614,28617,,645,517.3,1,0,0,0,0
1785106500,28616.75,28620.75,28612,28612.25,,666,499.35,1,0,0,0,0
1785106560,28613,28616.25,28609.75,28616,,769,504.8,1,0,0,0,0
1785106620,28616,28622.25,28611.5,28617.25,,610,514.45,1,0,0,0,0
1785106680,28617.25,28618.25,28604.5,28605.75,,955,523.45,1,0,0,0,0
1785106740,28604.75,28611,28604,28609.75,28554.575184069516,583,525.4,1,0,0,0,0
1785106800,28610.25,28620,28602,28602,,1302,569,1,0,0,0,0
1785106860,28602.75,28610,28602.25,28606.5,,596,574.25,1,0,0,0,0
1785106920,28606.25,28609,28598,28606.25,,1241,618.7,1,0,0,0,0
1785106980,28606.75,28610.25,28601.25,28603.5,,639,636.8,1,0,0,0,0
1785107040,28603.25,28605.25,28596.75,28605.25,,821,659.95,1,0,0,0,0
1785107100,28605.25,28625.75,28601.75,28617.75,,1816,715,1,0,0,0,0
1785107160,28617.5,28625.25,28613.25,28614.5,,1060,748.65,1,0,0,0,0
1785107220,28614.25,28616,28608.25,28614.5,,645,771.35,1,0,0,0,0
1785107280,28614.75,28622.25,28612.25,28621.25,,440,782.95,1,0,0,0,0
1785107340,28621,28640.25,28621,28634.5,,1910,851.15,1,1,0,0,0
1785107400,28635.25,28638,28632.75,28634.5,,623,838.45,1,0,0,0,0
1785107460,28634.5,28634.75,28632.25,28633.5,,306,829.3,1,0,0,0,0
1785107520,28632.75,28636.5,28629.5,28629.75,,279,820.55,1,0,0,0,0
1785107580,28629.5,28632,28622.75,28628.5,,831,836.85,1,0,0,0,0
1785107640,28628.5,28634,28626.75,28630.75,28579.966789379676,575,833.35,1,0,0,0,0
1785107700,28631.25,28637.5,28629.5,28634,,643,832.2,1,0,0,0,0
1785107760,28633.75,28635,28627.5,28630.25,,395,813.5,1,0,0,0,0
1785107820,28629.5,28630,28622,28626.5,,455,805.75,1,0,0,0,0
1785107880,28626.5,28626.5,28616,28622,,980,807,1,0,0,0,0
1785107940,28622.25,28626,28610.25,28612.75,,903,823,1,0,0,0,0
1785108000,28613,28618.75,28612.25,28616.75,,433,779.55,1,0,0,0,0
1785108060,28616.5,28617.25,28611.75,28613,,331,766.3,1,0,0,0,0
1785108120,28613,28620.75,28610.25,28619.25,,521,730.3,1,0,0,0,0
1785108180,28619.75,28620,28611.5,28614.25,,315,714.1,1,0,0,0,0
1785108240,28614.75,28617.75,28612.25,28613.75,,395,692.8,1,0,0,0,0
1785108300,28613.75,28629.75,28613.75,28621.5,,1036,653.8,1,0,0,0,0
1785108360,28622,28622,28616.5,28619.5,,332,617.4,1,0,0,0,0
1785108420,28620.25,28623.5,28618,28618,,228,596.55,1,0,0,0,0
1785108480,28618.75,28621,28617.25,28618.5,,206,584.85,1,0,0,0,0
1785108540,28618.5,28619.5,28616.75,28617.5,28592.47785958645,160,497.35,1,0,0,0,0
1785108600,28617.25,28626.75,28616,28625.5,,749,503.65,1,0,0,0,0
1785108660,28625.25,28626.25,28614,28616.75,,766,526.65,1,0,0,0,0
1785108720,28617.5,28617.75,28610,28613.75,,550,540.2,1,0,0,0,0
1785108780,28613.75,28624,28613,28623.25,,427,520,1,0,0,0,0
1785108840,28624,28637,28622.25,28630.25,,1249,553.7,1,0,0,0,0
1785108900,28631,28632.5,28628.25,28630,,273,535.2,1,0,0,0,0
1785108960,28629.5,28632.5,28625.25,28626,,418,536.35,1,0,0,0,0
1785109020,28625.75,28632,28625.5,28630.75,,323,529.75,1,0,0,0,0
1785109080,28630.75,28631.25,28625,28629.75,,226,492.05,1,0,0,0,0
1785109140,28629.25,28630.5,28626.25,28626.5,,271,460.45,1,0,0,0,0
1785109200,28627.5,28631.5,28626.75,28630.25,,254,451.5,1,0,0,0,0
1785109260,28630.5,28664.5,28630.5,28661.75,,3721,621,1,1,0,0,0
1785109320,28661.75,28669.75,28659.5,28663.75,,1782,684.05,1,0,0,0,0
1785109380,28663.75,28664,28654.25,28658.75,,1005,718.55,1,0,0,0,0
1785109440,28658.75,28661.75,28652.5,28654.5,28613.15190639097,622,729.9,1,0,0,0,0
1785109500,28654,28655.25,28637.5,28646,,2518,804,1,0,0,0,0
1785109560,28645.5,28669.75,28645,28666.75,,1828,878.8,1,1,0,1,0
1785109620,28667.5,28679.25,28663.25,28675.25,,1878,961.3,1,0,0,0,0
1785109680,28675.25,28690,28672.5,28687.75,,1655,1033.75,1,0,0,0,0
1785109740,28687.5,28694.75,28683,28690.75,,1961,1123.8,1,0,0,0,0
1785109800,28691,28694.75,28684.25,28693.5,,1307,1151.7,1,0,0,0,0
1785109860,28693.25,28714.5,28691.75,28709.25,,3084,1267.6,1,0,0,0,0
1785109920,28709.25,28719.5,28700,28710.5,,2081,1344.15,1,0,0,0,0
1785109980,28710,28713.25,28699.25,28700.5,,1136,1379.6,1,1,0,1,0
1785110040,28700.75,28703.5,28696.25,28700.75,,1070,1370.65,1,0,0,0,0
1785110100,28700.5,28701.25,28688.25,28690.25,,1468,1430.4,1,0,0,0,0
1785110160,28690.25,28693.25,28685.25,28692,,1103,1464.65,1,0,0,0,0
1785110220,28692,28696.25,28685,28696.25,,1266,1511.8,1,0,0,0,0
1785110280,28695.75,28727.25,28695,28715.5,,3760,1688.5,1,0,0,0,0
1785110340,28715.25,28733.5,28714.5,28728.25,28651.51793759398,1801,1765,1,0,0,0,0
1785110400,28729,28732.5,28704.75,28709.25,,3602,1932.4,1,0,0,0,0
1785110460,28709.25,28713,28680,28681.75,,3507,1921.7,1,0,0,0,0
1785110520,28681.75,28689,28660,28663,,3694,2017.3,1,0,0,0,0
1785110580,28663.75,28664.75,28644,28646.25,,3502,2142.15,1,0,0,0,0
1785110640,28646.75,28648,28623,28623.5,,3593,2290.7,1,0,0,0,0
1785110700,28623.5,28654.25,28617,28645,,4022,2365.9,1,0,0,0,0
1785110760,28644.25,28655.75,28640.25,28641.5,,1913,2370.15,1,0,0,0,0
1785110820,28641.25,28647.75,28619.25,28624.75,,2628,2407.65,1,0,0,0,0
1785110880,28624.5,28636.5,28616,28622.25,,2499,2449.85,1,0,0,0,0
1785110940,28622.5,28632.75,28619.25,28631.5,,1392,2421.4,1,0,0,0,0
1785111000,28631.75,28640.5,28621,28622.75,,1903,2451.2,1,0,0,0,0
1785111060,28623,28646.25,28620,28636.25,,2792,2436.6,1,0,0,0,0
1785111120,28637.5,28650.5,28637.25,28643.25,,2016,2433.35,1,0,0,0,0
1785111180,28643.5,28667.25,28638.75,28659,,2668,2509.95,1,0,0,0,0
1785111240,28658.25,28664.75,28651,28661.75,28654.928625062654,1600,2536.45,1,0,0,0,0
1785111300,28662.75,28664,28643.75,28648,,2677,2596.9,-1,0,0,0,0
1785111360,28647.75,28657,28631.75,28633,,1968,2640.15,-1,0,0,0,0
1785111420,28633.75,28636,28620.5,28625,,2112,2682.45,-1,0,0,0,0
1785111480,28624.25,28624.75,28601.5,28603.25,,3340,2661.45,-1,0,0,0,0
1785111540,28603,28604,28581.25,28595.5,,3431,2742.95,-1,0,0,0,0
1785111600,28595.5,28602.75,28584.25,28602,,2444,2685.05,-1,0,0,0,0
1785111660,28602,28606.25,28590.5,28593,,2120,2615.7,-1,0,0,0,0
1785111720,28592.75,28610.5,28589.25,28607.25,,2004,2531.2,-1,0,0,0,0
1785111780,28607.75,28616,28601.25,28601.25,,1391,2425.65,-1,0,0,0,0
1785111840,28601.25,28606,28591.75,28604.5,,1633,2327.65,-1,0,0,0,0
1785111900,28604.25,28622.25,28596.25,28618,,1970,2225.05,-1,0,0,0,0
1785111960,28618.75,28630,28616.75,28627.5,,1934,2226.1,-1,0,0,0,0
1785112020,28627.75,28644.5,28610.75,28617.5,,3186,2254,-1,0,0,0,0
1785112080,28617.5,28627.25,28614.5,28620,,1277,2192.9,-1,0,0,0,0
1785112140,28620.75,28627.25,28608.75,28617,28642.28575004177,1385,2192.55,-1,0,0,0,0
1785112200,28618,28635.75,28616.25,28627.5,,1720,2183.4,-1,0,0,0,0
1785112260,28627.75,28635,28619.25,28627.75,,1254,2106.5,-1,0,0,0,0
1785112320,28628.25,28641,28622.75,28638.25,,1252,2068.3,-1,0,0,0,0
1785112380,28638.75,28656.75,28631.5,28643.5,,2405,2055.15,-1,0,0,0,0
1785112440,28644,28645.25,28632.5,28638.75,,1330,2041.65,-1,0,0,0,0
1785112500,28639.5,28643.5,28625,28633,,1500,1982.8,-1,0,0,0,0
1785112560,28634.25,28636.75,28618.25,28628.5,,1680,1968.4,-1,0,0,0,0
1785112620,28628.5,28629,28608,28609.25,,1538,1939.7,-1,0,0,0,0
1785112680,28609,28620.75,28602.5,28613,,1704,1857.9,-1,0,0,0,0
1785112740,28613.5,28616.25,28603.5,28606.25,,1036,1738.15,-1,0,0,0,0
1785112800,28605.75,28607.75,28599.25,28601.5,,1303,1681.1,-1,0,0,0,0
1785112860,28602.75,28615.5,28601.25,28613.75,,1183,1634.25,-1,0,0,0,0
1785112920,28613.75,28616,28604.25,28607.5,,1151,1591.6,-1,0,0,0,0
1785112980,28608.25,28617,28603.25,28616.75,,906,1567.35,-1,0,0,0,0
1785113040,28616.5,28620,28597.5,28598.75,28627.77383336118,1489,1560.15,-1,0,0,0,0
1785113100,28599.5,28622,28598.75,28612.25,,1824,1552.85,-1,0,0,0,0
1785113160,28612.75,28625.75,28604.75,28624.5,,1154,1513.85,-1,0,0,0,0
1785113220,28624.5,28628.5,28612.25,28613,,1202,1414.65,-1,0,0,0,0
1785113280,28613,28627.5,28609,28626,,1170,1409.3,-1,0,0,0,0
1785113340,28626,28626.5,28619.75,28622.5,,573,1368.7,-1,0,0,0,0
1785113400,28621.5,28638,28619,28637,,1535,1359.45,-1,0,0,0,0
1785113460,28637.75,28650,28637.25,28649.25,,1608,1377.15,1,0,0,0,0
1785113520,28648.75,28656,28633.5,28634.25,,1736,1401.35,-1,0,0,0,0
1785113580,28633.25,28637.25,28626.5,28627.5,,1335,1347.85,-1,0,0,0,0
1785113640,28627.5,28629.25,28613.5,28626.75,,1831,1372.9,-1,0,0,0,0
1785113700,28626.5,28629.75,28607,28609.5,,1423,1369.05,-1,0,1,0,0
1785113760,28609.75,28614,28596,28605,,1534,1361.75,-1,0,0,0,0
1785113820,28605.5,28622.5,28603.5,28619.25,,1536,1361.65,-1,0,0,0,0
1785113880,28619.25,28622.5,28608.25,28608.25,,799,1316.4,-1,0,0,0,0
1785113940,28608.5,28611.25,28595,28597.75,28617.765888907456,1566,1342.9,-1,0,0,0,0
1785114000,28598.75,28609.75,28595.5,28608.25,,1935,1374.5,-1,0,0,0,0
1785114060,28608.75,28635,28606.75,28631.5,,2310,1430.85,1,0,0,0,1
1785114120,28632.25,28632.75,28619.75,28628,,1298,1438.2,1,0,0,0,0
1785114180,28627.5,28627.75,28598.5,28601.5,,1787,1482.25,-1,0,0,0,0
1785114240,28600.75,28609,28593.5,28594.75,,1336,1474.6,-1,0,0,0,0
1785114300,28595,28602.5,28590,28601.25,,1481,1457.45,-1,0,0,0,0
1785114360,28601.75,28612.5,28594.5,28604.75,,1649,1482.2,-1,0,0,0,0
1785114420,28605.25,28625,28603,28617.75,,1469,1495.55,-1,0,0,0,0
1785114480,28617.75,28627.75,28596.25,28598.75,,1665,1520.3,-1,0,0,0,0
1785114540,28598,28609,28596.75,28608.25,,765,1529.9,-1,0,0,0,0
1785114600,28608.25,28608.75,28586.5,28588,,1392,1522.75,-1,0,0,0,0
1785114660,28588,28595.5,28585,28590.75,,1327,1508.7,-1,0,0,0,0
1785114720,28590.5,28590.5,28578.5,28584.5,,1566,1500.2,-1,0,1,0,0
1785114780,28584.25,28584.5,28567.5,28573.75,,2380,1552.45,-1,0,0,0,0
1785114840,28574,28577.75,28566,28573.25,28602.927259271637,1577,1539.75,-1,0,0,0,0
1785114900,28574.25,28575.25,28564.5,28568.5,,1205,1528.85,-1,0,1,0,1
1785114960,28568.5,28581.75,28554.25,28557.25,,2622,1583.25,-1,0,0,0,0
1785115020,28557.25,28563.75,28548.25,28558,,2281,1620.5,-1,0,0,0,0
1785115080,28557.75,28571.75,28552.25,28571,,1984,1679.75,-1,0,0,0,0
1785115140,28570.5,28575.25,28547,28549.75,,2047,1703.8,-1,0,0,0,0
1785115200,28549,28553.75,28545.25,28550,,1532,1683.65,-1,0,0,0,0
1785115260,28549.75,28551.75,28539,28551,,1495,1642.9,-1,0,0,0,0
1785115320,28551.25,28563.5,28542.5,28562,,1567,1656.35,-1,0,0,0,0
1785115380,28562.75,28566.75,28553.25,28558,,1269,1630.45,-1,0,0,0,0
1785115440,28557.5,28564,28550.5,28555.75,,793,1603.3,-1,0,0,0,0
1785115500,28556.25,28556.5,28539.25,28546.25,,1438,1601.15,-1,0,0,0,0
1785115560,28545.75,28556,28537.75,28538,,1339,1585.65,-1,0,0,0,0
1785115620,28538.25,28550.5,28538.25,28546,,932,1558.8,-1,0,0,0,0
1785115680,28546.25,28547,28535,28542.75,,1053,1528.2,-1,0,0,0,0
1785115740,28542,28544.75,28525.25,28538.75,28581.534839514425,1779,1578.9,-1,0,0,0,0
1785115800,28538.75,28551,28535.25,28549.5,,1532,1585.9,-1,0,0,0,0
1785115860,28549,28575.5,28547.5,28573,,2357,1637.4,-1,0,0,0,0
1785115920,28573,28589.75,28569.25,28586,,2095,1663.85,-1,0,0,0,0
1785115980,28586,28592,28575,28580.5,,1520,1620.85,-1,0,0,0,0
1785116040,28581,28593.5,28575.25,28576,,1123,1598.15,-1,0,0,0,0
1785116100,28576,28576.5,28552,28558.5,,2307,1653.25,-1,0,0,0,0
1785116160,28557.5,28574.5,28552.5,28571.5,,1395,1591.9,-1,0,0,0,0
1785116220,28571.5,28585.75,28571.5,28583.75,,1266,1541.15,-1,0,0,0,0
1785116280,28584,28614,28581,28607.5,,2830,1583.45,1,0,0,0,0
1785116340,28607.75,28612.5,28604,28607.5,,1399,1551.05,1,0,0,0,0
1785116400,28606.75,28618,28604.5,28617,,1333,1541.1,1,1,0,0,0
1785116460,28617,28621.5,28594.25,28595.25,,1894,1561.05,-1,0,0,1,0
1785116520,28594,28609.75,28586.25,28608,,1881,1576.75,1,0,0,0,0
1785116580,28608,28610,28579.25,28579.5,,1524,1589.5,-1,0,0,0,0
1785116640,28579.75,28592.25,28577,28589.75,28584.27322634295,1405,1620.1,1,0,0,0,0
1785116700,28589.25,28593.25,28572,28582.25,,1388,1617.6,1,0,0,0,0
1785116760,28581.5,28597.5,28581.25,28587,,1402,1620.75,1,0,0,0,0
1785116820,28588.5,28604.25,28586.5,28598.5,,1065,1627.4,1,0,0,0,0
1785116880,28597.75,28610,28587.25,28607.5,,1208,1635.15,1,0,0,0,0
1785116940,28607,28612.25,28598.5,28601.25,,1014,1596.9,1,0,0,0,0
1785117000,28603,28605.75,28579.25,28580.25,,1514,1596,-1,0,0,0,0
1785117060,28580.25,28604,28575,28603.25,,1547,1555.5,1,0,0,0,0
1785117120,28602.5,28603.25,28584,28596.75,,1074,1504.45,1,0,0,0,0
1785117180,28596.25,28597.25,28589.75,28592.75,,486,1452.75,1,0,0,0,0
1785117240,28593.5,28596.25,28587.25,28592,,517,1422.45,1,0,0,0,0
1785117300,28594.5,28596.75,28586.25,28589,,470,1330.6,1,0,0,0,0
1785117360,28590.5,28602,28589.5,28597.25,,760,1298.85,1,0,0,0,0
1785117420,28597,28604.5,28590.25,28601.75,,759,1273.5,1,0,0,0,0
1785117480,28601.5,28608.25,28594,28606.75,,1038,1183.9,1,0,0,0,0
1785117540,28606,28614.5,28603,28614.25,28594.265484228632,848,1156.35,1,0,0,0,0
1785117600,28614.5,28627,28608.5,28610.75,,2221,1200.75,1,0,0,0,0
1785117660,28611.5,28628.25,28608,28625.75,,1218,1166.95,1,1,0,0,0
1785117720,28625.75,28626,28602,28603.5,,1280,1136.9,1,0,0,0,0
1785117780,28603.75,28610.75,28595.25,28608.25,,1307,1126.05,1,0,0,0,0
1785117840,28608.25,28609,28590.5,28595,,1057,1108.65,1,0,0,0,0
1785117900,28594.75,28602,28590.75,28593.25,,805,1079.5,1,0,0,0,0
1785117960,28594,28601.25,28587,28600.75,,822,1050.5,1,0,0,0,0
1785118020,28600.75,28605.5,28595.5,28600.25,,738,1034.15,1,0,0,0,0
1785118080,28600,28612,28596.5,28607.25,,934,1020.45,1,0,0,0,0
1785118140,28608.75,28620,28606,28615,,1048,1022.15,1,0,0,0,0
1785118200,28615.5,28616.75,28603.25,28608.75,,668,979.85,1,0,0,0,0
1785118260,28608.25,28615.25,28603.5,28608.5,,660,935.5,1,0,0,0,0
1785118320,28607,28608,28596.75,28602.25,,788,921.2,1,0,0,0,0
1785118380,28602.5,28619.5,28598.25,28612,,725,933.15,1,0,0,0,0
1785118440,28611.75,28613.25,28608,28608.75,28599.09365615242,344,924.5,1,0,0,0,0
1785118500,28609,28623,28606.25,28612.5,,1025,952.25,1,0,0,0,0
1785118560,28612.75,28624.75,28610.25,28610.75,,1023,965.4,1,0,0,0,0
1785118620,28610.5,28620.25,28608,28613,,830,968.95,1,0,0,0,0
1785118680,28613.75,28625,28609.25,28612.5,,826,958.35,1,0,0,0,0
1785118740,28612.75,28631,28610,28625.25,,1491,990.5,1,0,0,0,0
1785118800,28625,28634.25,28616,28618,,1284,943.65,1,0,0,0,0
1785118860,28617.25,28617.25,28606.75,28609.25,,990,932.25,1,0,0,0,0
1785118920,28608.25,28633.25,28605.25,28627,,1381,937.3,1,0,0,0,0
1785118980,28626.5,28635,28612.5,28614.5,,1107,927.3,1,0,0,0,0
1785119040,28614.75,28634.5,28614,28626.75,,936,921.25,1,0,0,0,0
1785119100,28626.75,28641.25,28624,28640,,1704,966.2,1,0,0,0,0
1785119160,28640,28650,28636.25,28636.75,,1978,1024,1,0,0,0,0
1785119220,28636.75,28641.75,28632.5,28635,,652,1019.7,1,0,0,0,0
1785119280,28635.5,28653,28634.25,28651.75,,996,1022.8,1,1,0,0,0
1785119340,28652.25,28652.5,28636.25,28639,28612.395770768282,701,1005.45,1,0,0,0,0
1785119400,28639.5,28639.5,28617.25,28617.5,,1743,1059.2,1,0,0,0,0
1785119460,28617.5,28621.75,28613.25,28618.25,,963,1074.35,1,0,0,0,0
1785119520,28618.5,28619,28607.75,28611.25,,1003,1085.1,1,0,0,0,0
1785119580,28611,28614,28606,28610,,639,1080.8,1,0,0,0,0
1785119640,28610,28616.75,28610,28616,,611,1094.15,1,0,0,0,0
1785119700,28615.75,28624.75,28608.25,28619.5,,1293,1107.55,1,0,0,0,0
1785119760,28619.5,28646.25,28619.5,28645.75,,1662,1139.5,1,0,0,0,0
1785119820,28644.75,28648.5,28636.75,28644.25,,921,1144.05,1,0,0,0,0
1785119880,28644.25,28649.25,28643.25,28648.5,,451,1125.3,1,1,0,0,0
1785119940,28648.5,28651.25,28645,28651,,606,1081.05,1,0,0,0,0
1785120000,28650.5,28654.75,28646.25,28649,,728,1053.25,1,0,0,0,0
1785120060,28649.75,28655.25,28648.5,28650.75,,807,1044.1,1,0,0,0,0
1785120120,28651.25,28656,28643.25,28654.5,,1317,1040.9,1,0,0,0,0
1785120180,28655,28655.25,28646.5,28647.75,,475,1009.3,1,0,0,0,0
1785120240,28648.25,28649.5,28643.5,28647.25,28624.013847178856,545,989.75,1,0,0,0,0
1785120300,28647.5,28651.5,28643.5,28645.75,,392,924.15,1,0,0,0,0
1785120360,28645.5,28658.25,28645.5,28649,,950,872.75,1,0,0,0,0
1785120420,28648,28650.75,28639.75,28641,,728,876.55,1,0,0,0,0
1785120480,28640.25,28641.5,28622.5,28624.75,,1257,889.6,1,0,0,0,0
1785120540,28624.5,28625.75,28619.5,28622.5,,789,894,1,0,0,0,0
1785120600,28622,28625.75,28615.75,28616.5,,709,842.3,1,0,0,0,0
1785120660,28617.25,28621.25,28615.25,28621,,543,821.3,1,0,0,0,0
1785120720,28621,28624.25,28612,28616.25,,777,810,1,0,0,0,0
1785120780,28615.75,28622.5,28615.25,28622.5,,398,797.95,1,0,0,0,0
1785120840,28622.25,28627,28613,28616.5,,912,813,1,0,0,0,0
1785120900,28616,28621.25,28613,28620.5,,470,771.85,1,0,0,0,0
1785120960,28620.25,28623.75,28611,28613,,632,720.35,1,0,0,0,0
1785121020,28613,28619.5,28611.25,28618,,390,693.8,1,0,0,0,0
1785121080,28618.75,28622.25,28618.25,28619.5,,373,689.9,1,0,0,0,0
1785121140,28618.5,28622,28613.25,28614.75,28620.925898119236,324,675.8,-1,0,0,0,0
1785121200,28614.75,28640.5,28610,28635.75,,1957,737.25,1,0,0,0,0
1785121260,28635.75,28642,28633.25,28634.75,,837,738.75,1,0,0,0,0
1785121320,28635.75,28642.5,28627.25,28629.25,,768,711.3,1,0,0,0,0
1785121380,28629.25,28632.5,28609.5,28610.25,,1585,766.8,-1,0,0,0,0
1785121440,28610.5,28614.25,28607,28611.5,,979,788.5,-1,0,0,0,0
1785121500,28612.25,28620.5,28612.25,28617.25,,723,805.05,-1,0,0,0,0
1785121560,28615.5,28625.5,28615,28621.25,,655,790.3,-1,0,0,0,0
1785121620,28621.5,28623.5,28613,28618.75,,670,787.4,-1,0,0,0,0
1785121680,28619.25,28627.5,28609.25,28613.25,,805,764.8,-1,0,0,0,0
1785121740,28612.5,28614.5,28603.75,28611.5,,652,757.95,-1,0,1,0,0
1785121800,28611.75,28612.25,28605,28611,,727,758.85,-1,0,0,0,0
1785121860,28610.75,28620.5,28609.75,28618,,596,761.5,-1,0,0,0,0
1785121920,28618.25,28629,28616,28626.5,,896,767.45,1,0,0,0,0
1785121980,28626.25,28629.75,28624,28628,,511,773.1,1,0,0,0,0
1785122040,28628,28646,28627.25,28643.25,28628.367265412824,1213,788.15,1,1,0,0,0
1785122100,28643.75,28647.25,28636.75,28642,,1059,817.6,1,0,0,0,0
1785122160,28641.75,28647.25,28641,28643.25,,557,813.85,1,1,0,1,0
1785122220,28643.25,28646.75,28642,28645,,270,807.85,1,0,0,0,0
1785122280,28645,28648.75,28639.25,28645.75,,457,812.05,1,0,0,0,0
1785122340,28645.5,28648,28639.75,28648,,447,818.2,1,0,0,0,0
1785122400,28648.25,28650.75,28634.75,28641.5,,930,766.85,1,0,0,0,0
1785122460,28640.75,28646.75,28640.5,28646.25,,365,743.25,1,0,0,0,0
1785122520,28645.25,28645.25,28633.75,28638.25,,585,734.1,1,0,0,0,0
1785122580,28637.5,28639.25,28633.5,28633.75,,366,673.15,1,0,0,0,0
1785122640,28634.5,28638.25,28625.25,28627.5,,725,660.45,1,0,0,0,0
1785122700,28626.5,28641.25,28625,28641,,768,662.7,1,0,0,0,0
1785122760,28640.5,28641.25,28630,28630,,438,651.85,1,0,0,0,0
1785122820,28630,28633.5,28628.25,28631,,223,629.5,1,0,0,0,0
1785122880,28631.75,28631.75,28622.75,28624.25,,569,617.7,1,0,0,0,0
1785122940,28624.5,28625.25,28617.75,28619.25,28625.328176941883,605,615.35,-1,0,0,0,0
1785123000,28619.5,28620.5,28600,28601,,1810,669.5,-1,0,0,0,0
1785123060,28601.5,28620.75,28599.75,28618.75,,1320,705.7,-1,0,0,0,0
1785123120,28619,28622,28607.5,28614.75,,942,708,-1,0,0,0,0
1785123180,28614.25,28614.25,28605,28607.75,,542,709.55,-1,0,0,0,0
1785123240,28607.5,28614.25,28607,28614,,423,670.05,-1,0,0,0,0
1785123300,28612.75,28614,28605,28611,,361,635.15,-1,0,0,0,0
1785123360,28611.5,28614.75,28608.75,28609.75,,354,625,-1,0,0,0,0
1785123420,28609.5,28616.5,28605.5,28612.5,,422,632.6,-1,0,0,0,0
1785123480,28614.25,28617.25,28610.5,28614.25,,410,630.25,-1,0,0,0,0
1785123540,28613.75,28616.25,28608.75,28609.5,,279,621.85,-1,0,0,0,0
1785123600,28610,28619.25,28606.75,28616.25,,597,605.2,-1,0,0,0,0
1785123660,28615.75,28629.5,28613.75,28628,,1137,643.8,-1,0,0,0,0
1785123720,28628,28634.25,28619.75,28630.5,,899,659.5,1,0,0,0,0
1785123780,28630.5,28636.75,28629,28632.25,,470,664.7,1,0,0,0,0
1785123840,28633.5,28636.5,28618.5,28618.75,28623.135451294587,639,660.4,-1,0,0,0,0
1785123900,28618.75,28627,28613,28614,,718,657.9,-1,0,0,0,0
1785123960,28613.5,28620,28608.25,28614.25,,773,674.65,-1,0,0,0,0
1785124020,28614.75,28616,28609,28609.75,,349,680.95,-1,0,0,0,0
1785124080,28610,28612,28600.5,28605.75,,888,696.9,-1,0,0,0,0
1785124140,28605.5,28606.5,28600.25,28604.75,,413,687.3,-1,0,0,0,0
1785124200,28604.75,28608,28600,28605.75,,595,626.55,-1,0,0,0,0
1785124260,28605,28612.75,28602.75,28606,,473,584.2,-1,0,0,0,0
1785124320,28605.25,28611,28604.25,28607,,332,553.7,-1,0,0,0,0
1785124380,28607,28610.75,28606.75,28609,,229,538.05,-1,0,0,0,0
1785124440,28609.25,28610,28602,28610,,350,534.4,-1,0,0,0,0
1785124500,28609.75,28611.5,28595.25,28598.25,,903,561.5,-1,0,0,0,0
1785124560,28597.75,28616,28593.25,28610.25,,1173,602.45,-1,0,0,0,0
1785124620,28610.25,28617.75,28606.25,28616.75,,658,614.25,-1,0,0,0,0
1785124680,28617.25,28625.25,28612.25,28612.75,,1028,645.15,-1,0,0,0,0
1785124740,28613.75,28615,28606.75,28613.25,28619.84030086306,570,659.7,-1,0,0,0,0
1785124800,28614.5,28624,28612.5,28620.75,,810,670.35,-1,0,0,0,0
1785124860,28621,28624.25,28610.25,28616.75,,693,648.15,-1,0,0,0,0
1785124920,28616.75,28625,28608.25,28613,,760,641.2,-1,0,0,0,0
1785124980,28612.75,28622.5,28610.75,28612,,448,640.1,-1,0,0,0,0
1785125040,28611.25,28614.25,28608.25,28612,,369,626.6,-1,0,0,0,0
1785125100,28611.75,28618.25,28603.25,28607,,613,621.35,-1,0,0,0,0
1785125160,28608,28623,28604.75,28619.25,,530,609.2,-1,0,0,0,0
1785125220,28619.5,28621.5,28613,28613.25,,336,608.55,-1,0,0,0,0
1785125280,28614.25,28618.75,28611.25,28611.25,,296,578.95,-1,0,0,0,0
1785125340,28611,28611,28597.5,28606.5,,771,596.85,-1,0,0,0,0
1785125400,28607,28610,28603.75,28608.5,,309,582.55,-1,0,0,0,0
1785125460,28609,28611.75,28603.75,28604.75,,365,577.15,-1,0,0,0,0
1785125520,28604.75,28612.75,28602,28604.5,,280,574.55,-1,0,0,0,0
1785125580,28604.75,28616.75,28604.25,28614.25,,415,583.85,-1,0,0,0,0
1785125640,28614.5,28622.5,28613.5,28621,28620.22686724204,565,594.6,1,0,0,0,0
1785125700,28620.5,28625.5,28611,28612.5,,636,581.25,-1,0,0,0,0
1785125760,28613.5,28633.75,28612,28631,,1021,573.65,1,0,0,0,0
1785125820,28631.25,28632.25,28622.75,28627.75,,384,559.95,1,0,0,0,0
1785125880,28627.75,28639,28625.5,28637.25,,764,546.75,1,0,0,0,0
1785125940,28638.25,28641.5,28634,28639.25,,514,543.95,1,0,0,0,0
1785126000,28639,28643.5,28637.5,28643.25,,519,529.4,1,0,0,0,0
1785126060,28643,28644.75,28639.75,28641.75,,438,516.65,1,0,0,0,0
1785126120,28642.5,28647.25,28639.25,28645.25,,515,504.4,1,0,0,0,0
1785126180,28645.25,28645.25,28634.5,28637.5,,688,516.4,1,0,0,0,0
1785126240,28637.5,28637.5,28625,28625.5,,796,537.75,1,0,0,0,0
1785126300,28626.25,28635.5,28624,28626.75,,655,539.85,1,0,0,0,0
1785126360,28627.25,28631.25,28617.75,28619.75,,686,547.65,-1,0,0,0,0
1785126420,28619.5,28620.25,28607.25,28613.25,,842,572.95,-1,0,0,0,0
1785126480,28613,28615.75,28608.5,28615.25,,441,580.2,-1,0,0,0,0
1785126540,28615.5,28626.5,28614.5,28620.5,28620.317911494694,566,569.95,1,0,0,0,0
1785126600,28620,28626.5,28609.25,28613.75,,642,586.6,-1,0,0,0,0
1785126660,28613.75,28617.5,28609.75,28616.5,,350,585.85,-1,0,0,0,0
1785126720,28616.5,28621.75,28616,28617.25,,292,586.45,-1,0,0,0,0
1785126780,28616.5,28639,28615.75,28636.25,,668,599.1,1,0,0,0,0
1785126840,28636,28644.5,28635.75,28640.75,,676,604.65,1,0,0,0,0
1785126900,28641.25,28643.25,28635.75,28641.75,,442,594.95,1,0,0,0,0
1785126960,28642.75,28644.25,28634.5,28634.5,,443,566.05,1,0,0,0,0
1785127020,28634.5,28643,28633.5,28642,,309,562.3,1,0,0,0,0
1785127080,28642.25,28645.5,28638,28638,,410,544.6,1,0,0,0,0
1785127140,28638,28642.25,28634,28640.25,,362,537,1,0,0,0,0
1785127200,28640.25,28643.75,28636.75,28640.5,,309,526.5,1,0,0,0,0
1785127260,28641.5,28653.75,28641,28644.25,,917,550.45,1,0,0,0,0
1785127320,28645,28654,28645,28652,,649,557.15,1,0,0,0,0
1785127380,28651.5,28651.5,28639.5,28640.5,,578,551.65,1,0,0,0,0
1785127440,28640.25,28648.25,28638,28648.25,28629.62860766313,428,533.25,1,0,0,0,0
1785127500,28648,28649,28642.75,28645.75,,272,514.1,1,0,0,0,0
1785127560,28645,28651,28643,28648.5,,290,494.3,1,0,0,0,0
1785127620,28648.5,28649,28638,28642.75,,438,474.1,1,0,0,0,0
1785127680,28641.5,28646,28637.5,28645.25,,342,469.15,1,0,0,0,0
1785127740,28646,28650.75,28642.75,28643.75,,374,459.55,1,0,0,0,0
1785127800,28643.25,28652.75,28641.5,28647,,601,457.5,1,0,0,0,0
1785127860,28648,28655,28645.75,28653.75,,556,467.8,1,0,0,0,0
1785127920,28653.5,28656.75,28652.25,28654.75,,476,477,1,0,0,0,0
1785127980,28655,28656,28650.25,28651,,328,460,1,0,0,0,0
1785128040,28652.25,28662.25,28652,28660,,803,466.35,1,0,0,0,0
1785128100,28659.25,28659.5,28651.75,28652.75,,579,473.2,1,0,0,0,0
1785128160,28652,28663.5,28649,28658.25,,632,482.65,1,0,0,0,0
1785128220,28659,28659,28652,28654,,333,483.85,1,0,0,0,0
1785128280,28654,28656.25,28646.75,28646.75,,497,488.2,1,0,0,0,0
1785128340,28646.75,28648,28642,28644.75,28634.66907177542,432,491.7,1,0,0,0,0
1785128400,28644,28648.75,28636.75,28647.75,,688,510.65,1,0,0,0,0
1785128460,28648,28656.5,28644.25,28647.25,,637,496.65,1,0,0,0,0
1785128520,28647.25,28653.75,28643.75,28644.5,,265,477.45,1,0,0,0,0
1785128580,28644.5,28649.25,28639.75,28648.75,,368,466.95,1,0,0,0,0
1785128640,28648.5,28650,28638,28643,,319,461.5,1,0,0,0,0
1785128700,28643.75,28645.5,28640.75,28642.75,,232,459.5,1,0,0,0,0
1785128760,28641.5,28653,28641.5,28652.25,,401,465.05,1,0,0,0,0
1785128820,28652.5,28660,28651.75,28658.25,,614,473.85,1,0,0,0,0
1785128880,28658,28659,28650.5,28653.75,,305,472,1,0,0,0,0
1785128940,28654.5,28661,28652,28658,,296,468.1,1,0,0,0,0
1785129000,28658.25,28669.75,28658.25,28664.5,,959,486,1,0,0,0,0
1785129060,28664,28672.25,28662,28663,,766,496.5,1,0,0,0,0
1785129120,28663.75,28666.75,28659.75,28666,,415,493.45,1,0,0,0,0
1785129180,28665.75,28668.5,28662,28667,,327,493.4,1,0,0,0,0
1785129240,28667.25,28675,28666.75,28670.25,28646.529381183613,693,487.9,1,1,0,0,0
1785129300,28669,28672,28664.5,28671.25,,503,484.1,1,0,0,0,0
1785129360,28671.25,28671.5,28666.25,28668.25,,252,465.1,1,0,0,0,0
1785129420,28668.75,28676.25,28665,28673.75,,422,469.55,1,0,0,0,0
1785129480,28673,28682,28670.25,28678,,962,492.8,1,0,0,0,0
1785129540,28678,28680.5,28672.5,28675.25,,325,487.45,1,0,0,0,0
1785129600,28675,28684.5,28674.75,28683.75,,478,476.95,1,0,0,0,0
1785129660,28683.75,28684,28676.5,28679.5,,421,466.15,1,0,0,0,0
1785129720,28679.75,28682,28676.5,28679.5,,434,474.6,1,0,0,0,0
1785129780,28679.25,28683.5,28678,28678.75,,340,473.2,1,0,0,0,0
1785129840,28679,28680.5,28675.75,28676.75,,267,470.6,1,0,0,0,0
1785129900,28677.5,28678.25,28674,28677.25,,326,475.3,1,0,0,0,0
1785129960,28677.25,28679.5,28672,28673.5,,367,473.6,1,0,0,0,0
1785130020,28674.25,28678.75,28672,28678,,299,457.85,1,0,0,0,0
1785130080,28677.5,28679.5,28673.75,28679,,218,453.5,1,0,0,0,0
1785130140,28677.75,28679.75,28675.25,28679.25,28657.436254122407,128,445.1,1,0,0,0,0
1785130200,28679.75,28688.25,28674.5,28676,,1184,456.35,1,0,0,0,0
1785130260,28676.5,28686,28673.75,28679,,497,442.9,1,0,0,0,0
1785130320,28679,28687.75,28677.25,28684.5,,431,443.7,1,0,0,0,0
1785130380,28685.25,28686.5,28677,28677.75,,453,450,1,0,0,0,0
1785130440,28678,28687,28674.25,28687,,423,436.5,1,0,0,0,0
1785130500,28687.25,28692,28686,28691.5,,953,459,1,0,0,0,0
1785130560,28691.5,28693,28686.5,28688.75,,501,471.45,1,0,0,0,0
1785130620,28688.75,28689.5,28685,28688,,200,460.35,1,0,0,0,0
1785130680,28688,28694.25,28687.25,28693.25,,335,429,1,0,0,0,0
1785130740,28693,28705.5,28690,28698.5,,1522,488.85,1,0,0,0,0
1785130800,28699,28700.75,28690.75,28694.25,,568,493.35,1,0,0,0,0
1785130860,28694.25,28699.5,28686,28687.5,,616,503.1,1,0,0,0,0
1785130920,28688,28692.75,28687.25,28688.5,,314,497.1,1,0,0,0,0
1785130980,28689,28695.75,28688.25,28688.25,,335,496.85,1,0,0,0,0
1785131040,28688.25,28690,28683.25,28686.5,28667.12416941494,491,508.05,1,0,0,0,0
1785131100,28686.5,28693,28683.75,28683.75,,314,507.45,1,0,0,1,0
1785131160,28683.75,28688.75,28681.75,28684.25,,503,514.25,1,0,0,0,0
1785131220,28684.25,28690,28682,28688.75,,199,509.25,1,0,0,0,0
1785131280,28689.25,28694.25,28687,28691.25,,350,515.85,1,0,0,0,0
1785131340,28690.25,28691.25,28687.25,28691,,210,519.95,1,0,0,0,0
1785131400,28690,28692.5,28688.25,28688.75,,269,474.2,1,0,0,0,0
1785131460,28689.5,28694.75,28686,28694.25,,378,468.25,1,0,0,0,0
1785131520,28694,28694.75,28689.5,28692.5,,208,457.1,1,0,0,0,0
1785131580,28692.25,28696,28691.75,28695.25,,265,447.7,1,0,0,0,0
1785131640,28694.75,28699.5,28693,28697.5,,316,442.35,1,0,0,0,0
1785131700,28697.75,28698.75,28695,28695,,308,410.1,1,0,0,0,0
1785131760,28695.25,28701.75,28694.5,28694.5,,435,406.8,1,0,0,0,0
1785131820,28694.75,28702.5,28694,28701,,266,410.1,1,0,0,0,0
1785131880,28701,28704,28695,28697,,457,416.2,1,0,0,0,0
1785131940,28696,28696,28692.5,28694.75,28676.33277960996,325,356.35,1,0,0,0,0
1785132000,28694.75,28703.25,28693.75,28702.5,,835,369.7,1,0,0,0,0
1785132060,28701.5,28712.5,28699.5,28706.5,,1300,403.9,1,0,0,0,0
1785132120,28705.5,28711,28704.75,28706.75,,513,413.85,1,0,0,0,0
1785132180,28706.25,28717.25,28706,28710.5,,974,445.8,1,1,0,0,0
1785132240,28710.25,28711.75,28706.5,28706.5,,435,443,1,0,0,0,0
1785132300,28707,28709,28701.25,28704.75,,669,460.75,1,0,0,0,0
1785132360,28704.75,28710,28703,28707.75,,409,456.05,1,0,0,0,0
1785132420,28708,28717,28701.75,28715.25,,628,477.5,1,0,0,0,0
1785132480,28714.5,28716,28711.25,28713.75,,281,474.05,1,0,0,0,0
1785132540,28714,28724.75,28713.75,28723,,1087,517.9,1,1,0,0,0
1785132600,28723.25,28728.5,28721.5,28725.5,,930,550.95,1,0,0,0,0
1785132660,28725.5,28727.5,28716.25,28717.25,,645,564.3,1,0,0,0,0
1785132720,28717,28723.75,28715.5,28722,,424,575.1,1,0,0,0,0
1785132780,28722,28722,28714.25,28714.25,,331,578.4,1,0,0,0,0
1785132840,28715.25,28719.5,28712,28717.5,28690.05518640664,411,583.15,1,0,0,0,0
1785132900,28717,28718,28713.25,28715.75,,303,582.9,1,0,0,0,0
1785132960,28715.5,28720.75,28715,28718.75,,399,581.1,1,0,0,0,0
1785133020,28719.5,28723.25,28716,28716.5,,451,590.35,1,0,0,0,0
1785133080,28716.5,28721.25,28714,28719.75,,314,583.2,1,0,0,0,0
1785133140,28720.5,28722,28717.75,28721.5,,221,578,1,0,0,0,0
1785133200,28722,28722.25,28710,28713.25,,522,562.35,1,0,0,0,0
1785133260,28713.25,28715.5,28708,28708.75,,375,516.1,1,0,0,0,0
1785133320,28709,28710.5,28706.25,28709.5,,622,521.55,1,0,0,0,0
1785133380,28708.5,28708.75,28701.25,28702.75,,875,516.6,1,0,0,0,0
1785133440,28702.75,28704.25,28698.25,28701.75,,452,517.45,1,0,0,0,0
1785133500,28702,28704.75,28698.75,28701.75,,402,504.1,1,0,0,0,0
1785133560,28702.25,28702.5,28695.75,28697,,521,509.7,1,0,0,0,0
1785133620,28697,28699.75,28693.75,28695.25,,443,500.45,1,0,0,0,0
1785133680,28696,28698.75,28694.25,28697.75,,308,501.8,1,0,0,0,0
1785133740,28698,28699.5,28695,28697.5,28692.53679093776,247,459.8,1,0,0,0,0
1785133800,28697.25,28704.25,28694.5,28696.75,,678,447.2,1,0,0,0,0
1785133860,28697.5,28705,28697.25,28703.25,,389,434.4,1,0,0,0,0
1785133920,28703.25,28707,28701.75,28706,,338,430.1,1,0,0,0,0
1785133980,28705.5,28713.25,28705.5,28710.75,,788,452.95,1,0,0,0,0
1785134040,28711,28711,28702,28709.25,,678,466.3,1,0,0,0,0
1785134100,28708.75,28712,28705.75,28707.25,,455,473.9,1,0,0,0,0
1785134160,28706.75,28708.75,28702.25,28707.25,,386,473.25,1,0,0,0,0
1785134220,28707.5,28713.25,28705.75,28712.75,,354,468.4,1,0,0,0,0
1785134280,28712.5,28715,28703.5,28704,,494,477.4,1,0,0,0,0
1785134340,28704.75,28706.5,28702.5,28703.75,,699,501.3,1,0,0,0,0
1785134400,28703.25,28706.75,28700.5,28701,,510,500.7,1,0,0,0,0
1785134460,28701,28705,28700,28702.75,,340,498.95,1,0,0,0,0
1785134520,28702,28703.25,28698,28699,,438,489.75,1,0,0,0,0
1785134580,28699.25,28701.5,28695.25,28698.75,,332,462.6,1,0,0,0,0
1785134640,28700.75,28701.25,28694.25,28696.75,28693.941193958508,421,461.05,1,0,0,0,0
1785134700,28696.25,28698,28688.5,28689.5,,1015,491.7,-1,0,0,0,0
1785134760,28690.25,28696.75,28689.75,28696.5,,301,480.7,1,0,0,0,0
1785134820,28696,28699.75,28694.5,28696.5,,263,471.7,1,0,0,0,0
1785134880,28695.75,28697,28693.75,28696.25,,159,464.25,1,0,0,0,0
1785134940,28696.5,28699,28694.25,28694.5,,210,462.4,1,0,0,0,0
1785135000,28694.75,28695.5,28683.25,28684.75,,648,460.9,-1,0,0,0,0
1785135060,28685.5,28692.75,28680.25,28692.75,,685,475.7,1,0,0,0,0
1785135120,28692.25,28700.5,28690,28698,,630,490.3,1,0,0,0,0
1785135180,28697.75,28698,28694,28694.75,,256,463.7,1,0,0,0,0
1785135240,28694.75,28694.75,28687.5,28688.75,,391,449.35,-1,0,0,0,0
1785135300,28688.5,28693.75,28687.5,28692.75,,305,441.85,1,0,0,0,0
1785135360,28693,28697.5,28692.5,28696,,259,435.5,1,0,0,0,0
1785135420,28696.5,28702,28694.25,28699.75,,545,445.05,1,0,0,0,0
1785135480,28700,28703,28696.75,28697.75,,328,436.75,1,0,0,0,0
1785135540,28696.75,28700,28693.5,28693.5,28693.794129305672,376,420.6,-1,0,0,0,0
1785135600,28693.25,28714.75,28689,28714.75,,1492,469.7,1,0,0,0,0
1785135660,28714.25,28724.5,28713.5,28716,,1415,523.45,1,0,0,0,0
1785135720,28716.5,28721.25,28708.75,28718,,837,543.4,1,0,0,0,0
1785135780,28718.75,28725.25,28714.75,28718.5,,851,569.35,1,0,0,0,0
1785135840,28718,28723.5,28715.5,28722.75,,507,573.65,1,0,0,0,0
1785135900,28722.5,28724,28715.5,28719.25,,527,549.25,1,0,0,0,0
1785135960,28719.5,28721,28710.75,28714.75,,561,562.25,1,0,0,0,0
1785136020,28713.5,28714.25,28700.25,28700.75,,720,585.1,1,0,0,0,0
1785136080,28701.25,28704.5,28695.25,28698.75,,608,607.55,1,0,0,0,0
1785136140,28699,28714,28698.75,28705.5,,743,634.2,1,0,0,0,0
1785136200,28705.75,28710,28704.75,28705,,371,620.35,1,0,0,0,0
1785136260,28705.25,28716.5,28703.5,28713.25,,548,613.5,1,1,0,0,0
1785136320,28713.5,28715.75,28708.5,28709.75,,417,602.85,1,0,0,0,0
1785136380,28709.25,28719.25,28707,28717.75,,571,618.6,1,0,0,0,0
1785136440,28718.75,28729.25,28718,28727.5,28705.029419537113,1047,651.4,1,0,0,0,0
1785136500,28727.5,28728.25,28715.75,28720.25,,726,672.45,1,0,0,0,0
1785136560,28720.5,28728,28716.25,28721.25,,658,692.4,1,0,0,0,0
1785136620,28720.75,28726.5,28718.5,28719.5,,407,685.5,1,0,0,0,0
1785136680,28718.75,28732,28717.5,28722,,839,711.05,1,0,0,0,0
1785136740,28722.5,28724.25,28717,28718.25,,474,715.95,1,0,0,0,0
1785136800,28719,28719.75,28712.25,28715.75,,572,669.95,1,0,0,0,0
1785136860,28717.25,28723.5,28715.5,28721.75,,353,616.85,1,0,0,0,0
1785136920,28721.25,28722,28717.5,28719.5,,235,586.75,1,0,0,0,0
1785136980,28719.5,28722,28713,28715.25,,325,560.45,1,0,0,0,0
1785137040,28715.75,28718.25,28714.25,28715.75,,251,547.65,1,0,0,0,0
1785137100,28715.25,28717.75,28705.5,28706.75,,777,560.15,1,0,0,0,0
1785137160,28707.25,28708.75,28702.75,28706.25,,702,567.2,1,0,0,0,0
1785137220,28706.75,28707.75,28702,28704.5,,526,557.5,1,0,0,0,0
1785137280,28704.25,28713.25,28703.75,28709.75,,569,555.55,1,0,0,0,0
1785137340,28710.75,28714,28703.75,28704.75,28704.93627969141,420,539.4,-1,0,0,0,0
1785137400,28705.75,28705.75,28689.75,28693.5,,1042,572.95,-1,0,0,0,0
1785137460,28693.25,28699,28691.75,28698.5,,671,579.1,-1,0,0,0,0
1785137520,28698.75,28704,28696,28698,,580,587.25,-1,0,0,0,0
1785137580,28698,28702.5,28695.5,28701,,418,579.6,-1,0,0,0,0
1785137640,28700.75,28701.25,28695.5,28696,,337,544.1,-1,0,0,0,0
1785137700,28695.75,28698.25,28693,28694.5,,704,543,-1,0,0,0,0
1785137760,28694,28697,28690.5,28692,,375,528.85,-1,0,0,0,0
1785137820,28691.75,28694.75,28686.25,28690.75,,758,546.4,-1,0,1,0,0
1785137880,28690.25,28690.75,28672,28676,,1171,563,-1,0,0,0,0
1785137940,28676.25,28682.75,28673.5,28679,,767,577.65,-1,0,0,0,0
1785138000,28678.5,28687.25,28675.5,28685,,734,585.75,-1,0,0,0,0
1785138060,28684.75,28692,28683.75,28691.5,,515,593.85,-1,0,0,0,0
1785138120,28691.75,28692.75,28683,28684.25,,583,611.25,-1,0,0,0,0
1785138180,28684.25,28686,28677.75,28679,,528,621.4,-1,0,0,0,0
1785138240,28679.25,28698,28679.25,28696,28701.957519794272,1041,660.9,-1,0,0,0,0
1785138300,28695.75,28700.25,28693,28698.25,,641,654.1,-1,0,0,0,0
1785138360,28697.75,28701.25,28685,28700.25,,1032,670.6,-1,0,0,0,0
1785138420,28700.5,28702,28695.25,28696.25,,376,663.1,-1,0,0,0,0
1785138480,28696,28698.25,28688,28688.5,,653,667.3,-1,0,0,0,0
1785138540,28689.25,28699.75,28688.5,28699,,423,667.45,-1,0,0,0,0
1785138600,28698.75,28699,28688,28690,,506,640.65,-1,0,0,0,0
1785138660,28690,28696.5,28690,28694.25,,424,628.3,-1,0,0,0,0
1785138720,28694.25,28694.75,28682.75,28684.75,,636,631.1,-1,0,0,0,0
1785138780,28685,28691,28683.25,28685,,430,631.7,-1,0,0,0,0
1785138840,28685.75,28686.25,28674.25,28679.5,,884,659.05,-1,0,0,0,0
1785138900,28679.75,28685.5,28677.75,28678,,723,660,-1,0,0,0,0
1785138960,28678.75,28683.5,28676.75,28682,,360,659.25,-1,0,0,0,0
1785139020,28682,28686.25,28673.25,28675.5,,490,645.85,-1,0,0,0,0
1785139080,28673.75,28675.5,28666.75,28670,,916,633.1,-1,0,0,0,0
1785139140,28670.5,28671.25,28661.25,28662,28688.638346529515,1004,644.95,-1,0,0,0,0
1785139200,28662.25,28684,28658.75,28679,,2123,714.4,-1,0,0,0,0
1785139260,28679.5,28692,28679.25,28683.25,,1289,753.1,-1,0,0,0,0
1785139320,28683.75,28697,28681,28696,,916,769.75,-1,0,0,0,0
1785139380,28695.75,28701,28690.5,28691,,919,789.3,-1,0,0,0,0
1785139440,28692.25,28696,28679.25,28680.75,,936,784.05,-1,0,0,0,0
1785139500,28681,28687.25,28678,28682.25,,702,787.1,-1,0,0,0,0
1785139560,28682.5,28687.5,28674.75,28686.75,,791,775.05,-1,0,1,0,0
1785139620,28686,28697.75,28684.5,28689.25,,1080,810.25,-1,0,0,0,0
1785139680,28690,28694.25,28687,28687,,495,802.35,-1,0,0,0,0
1785139740,28688.25,28691.25,28683.5,28687.5,,440,803.2,-1,0,0,0,0
1785139800,28688.25,28688.25,28679.25,28684,,491,802.45,-1,0,0,0,0
1785139860,28683.25,28689.5,28676,28678,,444,803.45,-1,0,0,0,0
1785139920,28678,28686,28672.5,28681.5,,798,811.55,-1,0,0,0,0
1785139980,28681.5,28687.25,28673.25,28685.75,,714,825.75,-1,0,0,0,0
1785140040,28685.5,28695,28684,28693.5,28690.258897686344,677,815.4,1,0,0,0,0
1785140100,28693.25,28695.5,28688,28689.75,,447,801.6,1,0,0,0,0
1785140160,28689,28689.5,28677,28683.5,,678,817.5,-1,0,0,0,0
1785140220,28684.5,28696,28684.5,28694.25,,462,816.1,1,0,0,0,0
1785140280,28693.75,28701.5,28689.25,28699.25,,608,800.7,1,0,0,0,0
1785140340,28699.75,28706.25,28696.5,28696.75,,983,799.65,1,0,0,0,0
1785140400,28697.5,28705,28693.5,28694.25,,802,733.6,1,0,0,0,0
1785140460,28695,28699.75,28694,28697,,429,690.6,1,0,0,0,0
1785140520,28696.75,28698.75,28693.5,28695,,295,659.55,1,0,0,0,0
1785140580,28695,28703.5,28694,28703.25,,404,633.8,1,0,0,0,0
1785140640,28703,28706,28697,28699,,446,609.3,1,0,0,0,0
1785140700,28699.25,28709.25,28699.25,28704.75,,773,612.85,1,0,0,0,0
1785140760,28705.75,28708.5,28702,28708.25,,293,587.95,1,0,0,0,0
1785140820,28708,28712.25,28705.25,28706.75,,467,557.3,1,0,0,0,0
1785140880,28706.5,28710.75,28703.5,28710.75,,422,553.65,1,0,0,0,0
1785140940,28710.25,28724.5,28710.25,28720.5,28700.33926512423,1474,605.35,1,0,0,0,0
1785141000,28720.5,28724.75,28716,28718,,823,621.95,1,0,0,0,0
1785141060,28718.25,28720.25,28712,28715.75,,650,632.25,1,0,0,0,0
1785141120,28716.25,28721.25,28714,28718.25,,400,612.35,1,0,0,0,0
1785141180,28717.5,28718,28710.25,28713.25,,647,609,1,0,0,0,0
1785141240,28713.5,28718.25,28707,28707.25,,367,593.5,1,0,0,0,0
1785141300,28706.75,28711.5,28702.75,28710.75,,650,603.65,1,0,0,0,0
1785141360,28711,28721.75,28710.5,28717.25,,611,600.3,1,0,0,0,0
1785141420,28717.25,28719.75,28714,28716.5,,378,596.1,1,0,0,0,0
1785141480,28718,28721,28711.5,28721,,544,592.9,1,0,0,0,0
1785141540,28720.75,28722.5,28716.75,28721.25,,390,563.25,1,0,0,0,0
1785141600,28720.75,28724,28718.25,28721.25,,511,548.7,1,1,0,0,0
1785141660,28720.75,28726.75,28718.5,28724.5,,545,554.5,1,0,0,0,0
1785141720,28723.5,28744,28723.5,28736,,2184,648.95,1,0,0,0,0
1785141780,28735.5,28737,28732.5,28734.75,,471,652.3,1,0,0,0,0
1785141840,28735,28739.5,28732.25,28736.25,28712.309510082818,448,652.4,1,0,0,0,0
1785141900,28737,28740.25,28730,28732,,664,646.95,1,0,0,0,0
1785141960,28731.25,28733.5,28727.75,28731,,632,663.9,1,0,0,0,0
1785142020,28730.75,28732.25,28727.5,28728.5,,372,659.15,1,0,0,0,0
1785142080,28729,28734.25,28727.5,28729.5,,479,662,1,0,0,0,0
1785142140,28730,28732.25,28726.75,28727,,190,597.8,1,0,0,0,0
1785142200,28727.25,28732.5,28726.75,28730.5,,458,579.55,1,0,0,0,0
1785142260,28730,28733,28728.25,28730.5,,253,559.7,1,0,0,0,0
1785142320,28730.25,28730.5,28725.25,28727.75,,346,557,1,0,0,0,0
1785142380,28728,28730,28724.25,28729,,362,542.75,1,0,0,0,0
1785142440,28728.25,28746.5,28728.25,28744,,1168,582.8,1,1,0,1,0
1785142500,28743.25,28744,28740.5,28743,,467,573.65,1,0,0,0,0
1785142560,28744,28746.25,28738.5,28740,,434,564.8,1,0,0,0,0
1785142620,28740,28748.75,28739,28748,,622,577,1,0,0,0,0
1785142680,28748,28749,28741,28741.75,,441,571.85,1,0,0,0,0
1785142740,28741.25,28741.25,28735.5,28736.5,28720.37300672188,470,575.85,1,0,0,0,0
1785142800,28736.75,28738.75,28720.25,28721,,1541,627.35,1,0,0,0,0
1785142860,28721.25,28725.25,28721.25,28724.25,,394,619.8,1,0,0,0,0
1785142920,28724.75,28726.75,28721.5,28723,,448,533,1,0,0,0,0
1785142980,28723.25,28728.25,28719.75,28724.5,,537,536.3,1,0,0,0,0
1785143040,28724.25,28730.75,28722,28729.5,,560,541.9,1,0,0,0,0
1785143100,28729,28731,28725,28726.75,,431,530.25,1,0,0,0,0
1785143160,28726.25,28729.75,28722.5,28727,,473,522.3,1,0,0,0,0
1785143220,28726.5,28728,28721,28727.75,,359,521.65,1,0,0,0,0
1785143280,28728,28728.25,28721.75,28722.75,,286,512,1,0,0,0,0
1785143340,28723.5,28728.5,28722.5,28723.75,,314,518.2,1,0,0,0,0
1785143400,28724,28728.75,28721.75,28728,,411,515.85,1,0,0,0,0
1785143460,28728.25,28733,28727.75,28729.5,,380,522.2,1,0,0,0,0
1785143520,28729.5,28734.25,28727,28729.5,,315,520.65,1,0,0,0,0
1785143580,28729.75,28731.25,28726.25,28727.75,,245,514.8,1,0,0,0,0
1785143640,28727.25,28728.25,28721.75,28725.5,28722.082004481254,434,478.1,1,0,0,0,0
1785143700,28725.25,28729.25,28723.25,28729.25,,331,471.3,1,0,0,0,0
1785143760,28729.25,28731,28724.75,28730.5,,339,466.55,1,0,0,0,0
1785143820,28730,28730.5,28727,28728,,250,447.95,1,0,0,0,0
1785143880,28728.5,28733.25,28724.75,28726.5,,389,445.35,1,0,0,0,0
1785143940,28726,28729.5,28726,28728,,191,431.4,1,0,0,0,0
1785144000,28727.25,28731.75,28726,28731.75,,197,364.2,1,0,0,0,0
1785144060,28730.75,28736.5,28727.75,28735.25,,375,363.25,1,0,0,0,0
1785144120,28734.75,28739.25,28727.5,28728.25,,455,363.6,1,0,0,0,0
1785144180,28728,28731.75,28726.75,28731.75,,269,350.2,1,0,0,0,0
1785144240,28731,28733.75,28729.5,28731.5,,199,332.15,1,0,0,0,0
1785144300,28731.75,28736.25,28728.5,28731.5,,409,331.05,1,0,0,0,0
1785144360,28732.5,28737.75,28731,28731.75,,585,336.65,1,0,0,0,0
1785144420,28732.5,28735,28726,28729,,404,338.9,1,0,0,0,0
1785144480,28729,28729,28724,28726.5,,515,350.35,1,0,0,0,0
1785144540,28725.75,28727.75,28723.25,28726,28723.388002987504,418,355.55,1,0,0,0,0
1785144600,28726,28726.75,28718,28719.25,,685,369.25,-1,0,0,0,0
1785144660,28718.5,28729.5,28718.5,28725,,517,376.1,1,0,0,0,0
1785144720,28725.25,28731.75,28723.75,28730.5,,574,389.05,1,0,0,0,0
1785144780,28730.5,28731,28720,28724,,445,399.05,1,0,0,0,0
1785144840,28723.25,28734.25,28723,28734.25,,518,403.25,1,0,0,0,0
1785144900,28733.25,28742.5,28730.25,28740.25,,1018,437.6,1,0,0,0,0
1785144960,28740.75,28741.5,28735,28737.25,,405,440.9,1,0,0,0,0
1785145020,28738,28745.5,28737,28744,,530,454.9,1,1,0,0,0
1785145080,28744,28744.75,28728.25,28730.5,,768,473.85,1,0,0,0,0
1785145140,28730.75,28738,28730.75,28737.25,,472,487.9,1,0,0,0,0
1785145200,28737.5,28739.75,28735.5,28737.75,,363,496.2,1,0,0,0,0
1785145260,28738.25,28739.25,28733.75,28735.5,,244,489.65,1,0,0,0,0
1785145320,28735.75,28740.5,28734.5,28738,,286,481.2,1,0,0,0,0
1785145380,28738.5,28746.5,28737.25,28746.5,,263,480.9,1,0,0,0,0
1785145440,28746.25,28748,28743.25,28746.25,28731.008668658334,517,496.8,1,0,0,0,0
1785145500,28746.25,28746.25,28742.25,28744,,285,490.6,1,0,0,0,0
1785145560,28744,28754,28742.5,28751.75,,787,500.7,1,1,0,0,0
1785145620,28751.5,28756.25,28750.25,28753.75,,850,523,1,0,0,0,0
1785145680,28754.25,28762.75,28750.75,28751.25,,891,541.8,1,1,0,1,0
1785145740,28751.75,28761,28751.5,28758.5,,503,546.05,1,0,0,0,0
1785145800,28758.5,28759.5,28755.25,28758.25,,212,522.4,1,0,0,0,0
1785145860,28758.75,28763.75,28757.25,28758.75,,529,523,1,0,0,0,0
1785145920,28759,28761.75,28755.75,28758.75,,298,509.2,1,0,0,0,0
1785145980,28759.5,28761,28758.25,28759.5,,223,498.1,1,0,0,0,0
1785146040,28759,28759.75,28755.5,28757.5,,370,490.7,1,0,0,0,0
1785146100,28757,28758,28752,28753.25,,338,456.7,1,0,0,0,0
1785146160,28753,28759.5,28751.75,28754.75,,348,453.85,1,0,0,0,0
1785146220,28754.75,28755.75,28748,28748.5,,389,446.8,1,0,0,0,0
1785146280,28749,28752,28747.25,28747.75,,358,426.3,1,0,0,0,0
1785146340,28748,28751,28744.5,28744.5,28735.505779105555,397,422.55,1,0,0,0,0
1785146400,28744.25,28750.75,28743.75,28746,,670,437.9,1,0,0,0,0
1785146460,28746.25,28749.5,28744.5,28747.75,,320,441.7,1,0,0,0,0
1785146520,28747.75,28751.5,28747.75,28749.25,,254,440.1,1,0,0,0,0
1785146580,28750,28753,28749.5,28751,,223,438.1,1,0,0,0,0
1785146640,28750.25,28754,28745.75,28746.25,,333,428.9,1,0,0,0,0
1785146700,28746,28749.5,28745,28749.5,,179,423.6,1,0,0,0,0
1785146760,28749.25,28749.5,28743.5,28744.25,,308,399.65,1,0,0,0,0
1785146820,28743.75,28747.5,28743.75,28746.5,,163,365.3,1,0,0,0,0
1785146880,28746.75,28749.25,28745,28746.75,,192,330.35,1,0,0,0,0
1785146940,28746.5,28748,28741.5,28743.25,,418,326.1,1,0,0,0,0
1785147000,28743,28744,28731.5,28733,,1219,376.45,1,0,0,0,0
1785147060,28732.75,28739.5,28727.75,28728.25,,1043,402.15,-1,0,0,0,0
1785147120,28728.25,28731.75,28726.75,28730,,596,417.05,-1,0,0,0,0
1785147180,28729.5,28736.5,28729,28732.75,,363,424.05,1,0,0,0,0
1785147240,28733.25,28742,28731.5,28738.5,28736.503852737038,469,429,1,0,0,0,0
1785147300,28738.5,28744,28738.25,28741.5,,352,429.7,1,0,0,0,0
1785147360,28740.75,28748,28740.5,28742.5,,498,437.2,1,0,0,0,0
1785147420,28743.25,28746,28739,28739.25,,562,445.85,1,0,0,0,0
1785147480,28739.5,28740.5,28730.5,28733,,576,456.75,-1,0,0,0,0
1785147540,28733,28738.5,28732,28736.5,,357,454.75,1,0,0,0,0
1785147600,28736.75,28744.75,28736.25,28738,,425,442.5,1,0,0,0,0
1785147660,28739,28742,28738,28739,,283,440.65,1,0,0,0,0
1785147720,28739,28743,28738.25,28738.75,,219,438.9,1,0,0,0,0
1785147780,28739.75,28740,28735.75,28739,,211,438.3,1,0,0,0,0
1785147840,28739,28741.25,28734.25,28734.5,,253,434.3,-1,0,0,0,0
1785147900,28734.75,28738.75,28733.75,28735.25,,223,436.5,-1,0,0,0,0
1785147960,28735,28738.5,28734.5,28735.5,,263,434.25,-1,0,0,0,0
1785148020,28736,28742,28735.25,28741.25,,357,443.95,1,0,0,0,0
1785148080,28741,28745,28739.5,28741,,294,449.05,1,0,0,0,0
1785148140,28740.5,28743.75,28737,28738,28737.00256849136,229,439.6,1,0,0,0,0
1785148200,28737.75,28746.75,28737,28740,,601,408.7,1,0,0,0,0
1785148260,28740.25,28742.25,28736,28741.75,,247,368.9,1,0,0,0,0
1785148320,28742,28743.5,28739.75,28742.5,,166,347.4,1,0,0,0,0
1785148380,28742.25,28742.25,28739.25,28740.25,,165,337.5,1,0,0,0,0
1785148440,28740,28741.5,28738,28738.5,,163,322.2,1,0,0,0,0
1785148500,28738.5,28740.5,28735.25,28737.5,,409,325.05,1,0,0,0,0
1785148560,28737.5,28742.25,28737,28740,,318,316.05,1,0,0,0,0
1785148620,28740,28740.5,28737,28737.5,,130,294.45,1,0,0,0,0
1785148680,28737.5,28738.5,28733.75,28734.75,,228,277.05,-1,0,0,0,0
1785148740,28734.25,28742.5,28734.25,28741.5,,319,275.15,1,0,0,0,0
1785148800,28741.75,28741.75,28733.25,28738.5,,376,272.7,1,0,0,0,0
1785148860,28738,28741.5,28735,28738.5,,358,276.45,1,0,0,0,0
1785148920,28738.5,28745,28738.25,28745,,268,278.9,1,0,0,0,0
1785148980,28744.5,28751.75,28742.25,28748.5,,596,298.15,1,0,0,0,0
1785149040,28748.5,28748.75,28744.25,28746.5,28740.16837899424,284,299.7,1,0,0,0,0
1785149100,28746.5,28749.75,28743.75,28744,,263,301.7,1,0,0,0,0
1785149160,28743.75,28748.75,28740.5,28747.75,,441,310.6,1,0,0,0,0
1785149220,28748,28748.5,28745.75,28746,,189,302.2,1,0,0,0,0
1785149280,28746.75,28750.5,28742.75,28750.5,,386,306.8,1,0,0,0,0
1785149340,28750.25,28750.75,28746.5,28749.25,,205,305.6,1,0,0,0,0
1785149400,28749.25,28751,28745.5,28748,,250,288.05,1,0,0,0,0
1785149460,28748.25,28750,28744.5,28745.5,,257,288.55,1,0,0,0,0
1785149520,28745.75,28748,28742.25,28744.25,,272,293.85,1,0,0,0,0
1785149580,28743.75,28746.25,28743.75,28744.5,,188,295,1,0,0,0,0
1785149640,28744.5,28746.75,28743.5,28745.5,,180,295.85,1,0,0,0,0
1785149700,28745.75,28758.75,28743.75,28751,,874,319.1,1,0,0,0,0
1785149760,28751.75,28756,28745.5,28746.5,,448,325.6,1,0,0,0,0
1785149820,28745.75,28746,28741.25,28741.75,,414,339.8,1,0,0,0,0
1785149880,28742.25,28745.75,28739.25,28744.5,,546,355.7,1,0,0,0,0
1785149940,28745.25,28745.75,28741,28741,28740.44558599616,387,359.1,1,0,0,0,0
1785150000,28741,28744.5,28726.75,28728.75,,1758,428.2,-1,0,0,0,0
1785150060,28728.75,28730.75,28723.5,28724.75,,921,456.35,-1,0,0,0,0
1785150120,28724.25,28729.5,28721.5,28722.25,,814,483.65,-1,0,0,0,0
1785150180,28721.75,28722.75,28713,28718.75,,1247,516.2,-1,0,0,0,0
1785150240,28718.25,28726,28718.25,28721.25,,669,535.45,-1,0,0,0,0
1785150300,28721.25,28723.5,28717.5,28720.75,,610,552.8,-1,0,0,0,0
1785150360,28720.25,28724.5,28716.75,28722.75,,560,558.75,-1,0,0,0,0
1785150420,28722.75,28723.75,28716.25,28717.5,,442,571.4,-1,0,0,0,0
1785150480,28717.75,28723.5,28715.25,28720.75,,663,585.25,-1,0,0,0,0
1785150540,28720.25,28720.25,28712,28713.5,,513,600.65,-1,0,0,0,0
1785150600,28714,28718.75,28710,28718,,974,636.85,-1,0,0,0,0
1785150660,28717.5,28723.75,28715.75,28716.75,,592,653.6,-1,0,0,0,0
1785150720,28716.5,28718.75,28713,28716,,404,660.2,-1,0,0,0,0
1785150780,28715,28717,28708.5,28712,,523,676.95,-1,0,0,0,0
1785150840,28711.75,28716,28708.75,28711.5,28730.797057330772,614,698.65,-1,0,0,0,0
1785150900,28712.25,28715.25,28708,28713.5,,504,680.15,-1,0,0,0,0
1785150960,28712.5,28720.75,28712.5,28718.75,,543,684.9,-1,0,0,0,0
1785151020,28718.25,28720,28713.25,28718.25,,461,687.25,-1,0,0,0,0
1785151080,28717.75,28719.5,28706,28710,,910,705.45,-1,0,0,0,0
1785151140,28709.5,28712,28700.75,28701.5,,936,732.9,-1,0,0,0,0
1785151200,28701.25,28703.75,28698.75,28701.75,,961,693.05,-1,0,0,0,0
1785151260,28701,28702.75,28697.5,28699.25,,512,672.6,-1,0,0,0,0
1785151320,28699.25,28706.75,28697,28703,,689,666.35,-1,0,0,0,0
1785151380,28703,28703.5,28695.25,28696,,625,635.25,-1,0,0,0,0
1785151440,28695.75,28698.75,28693,28693.5,,547,629.15,-1,0,1,0,0
1785151500,28693.5,28700,28693.25,28699,,463,621.8,-1,0,0,0,0
1785151560,28699.75,28700.75,28677.75,28679,,1831,685.35,-1,0,0,0,0
1785151620,28678.5,28682.5,28675.75,28676.5,,1014,713.95,-1,0,0,0,0
1785151680,28676.5,28680.25,28674.75,28676.75,,606,711.1,-1,0,0,0,0
1785151740,28676.5,28681.25,28649,28652.5,28704.698038220515,2944,832.65,-1,0,0,0,0
1785151800,28653.25,28677.25,28645.75,28672.75,,3730,970.45,-1,0,0,0,0
1785151860,28673.25,28684.5,28670.5,28684.25,,1230,1002.35,-1,0,0,0,0
1785151920,28684,28685.5,28663,28664.5,,1416,1052.95,-1,0,0,0,0
1785151980,28664,28666.75,28657,28663.25,,1403,1096.95,-1,0,0,0,0
1785152040,28663.25,28664.75,28658,28662,,703,1101.4,-1,0,0,0,0
1785152100,28662.5,28668.5,28660.75,28661,,729,1112.65,-1,0,0,0,0
1785152160,28661.5,28678.25,28661.5,28676.75,,1057,1138.35,-1,0,0,0,0
1785152220,28676.75,28679.25,28674.25,28676.25,,390,1134.8,-1,0,0,0,0
1785152280,28676,28680.25,28672.25,28675,,601,1119.35,-1,0,0,0,0
1785152340,28675,28681,28672.5,28678.75,,584,1101.75,-1,0,0,0,0
1785152400,28679,28681,28674.5,28679.25,,680,1087.7,-1,0,0,0,0
1785152460,28679.5,28681,28671.75,28676.25,,713,1097.75,-1,0,0,0,0
1785152520,28675.5,28682.25,28675.25,28681.25,,338,1080.2,-1,0,0,0,0
1785152580,28681.25,28682.25,28653.75,28670.75,,2997,1198.8,-1,0,0,0,0
1785152640,28670.75,28672.75,28666.75,28667,28692.132025480343,393,1191.1,-1,0,0,0,0
1785152700,28667,28669.25,28666,28667.5,,362,1186.05,-1,0,0,0,0
1785152760,28666.5,28671,28665.25,28670.75,,334,1111.2,-1,0,0,0,0
1785152820,28670,28672.75,28667.75,28668.5,,318,1076.4,-1,0,0,0,0
1785152880,28668.5,28671.75,28664.5,28671.5,,381,1065.15,-1,0,0,0,0
1785152940,28671.25,28677,28670.25,28673.5,,743,955.1,-1,0,0,0,0
1785153000,28673.5,28676.25,28668.5,28674.25,,536,795.4,-1,0,0,0,0
1785153060,28674,28677.25,28671.75,28675.25,,425,755.15,-1,0,0,0,0
1785153120,28675.25,28675.5,28669,28671,,505,709.6,-1,0,0,0,0
1785153180,28671.5,28671.5,28661.5,28662.75,,635,671.2,-1,0,1,0,1
1785153240,28662.5,28666.25,28659,28659.25,,603,666.2,-1,0,0,0,0
1785153300,28659.75,28669.5,28659.5,28663.75,,800,669.75,-1,0,0,0,0
1785153360,28663.5,28668.75,28663,28667,,410,637.4,-1,0,0,0,0
1785153420,28667.75,28671.75,28666.5,28670.5,,467,641.25,-1,0,0,0,0
1785153480,28670.5,28674.75,28666.75,28674.25,,546,638.5,-1,0,0,0,0
1785153540,28673.5,28675,28667.25,28672.75,28685.67135032023,738,646.2,-1,0,0,0,0
1785153600,28672.5,28689,28671.75,28682.5,,2009,712.65,-1,0,0,0,0
1785153660,28683,28689.75,28681.25,28688.75,,1025,728.25,-1,0,0,0,0
1785153720,28688,28693.5,28686.75,28692.5,,732,747.95,1,1,0,0,0
1785153780,28692,28696,28688.75,28691.25,,852,640.7,-1,0,0,1,0
1785153840,28690.75,28697.5,28689.25,28690.75,,947,668.4,-1,0,0,0,0
1785153900,28690.75,28692,28681,28685.5,,1316,716.1,-1,0,0,0,0
1785153960,28685.5,28697.25,28685,28695.5,,828,740.8,1,0,0,0,0
1785154020,28696,28697.75,28693,28694.5,,502,750,1,0,0,0,0
1785154080,28694.25,28695.5,28688.5,28689.25,,637,762.8,-1,0,0,0,0
1785154140,28688.75,28690.75,28681.5,28684.25,,860,768.65,-1,0,0,0,0
1785154200,28683.75,28684.25,28666.5,28667.5,,1541,818.9,-1,0,0,0,0
1785154260,28667.5,28670,28655,28659.75,,2098,902.55,-1,0,0,0,0
1785154320,28659,28659.75,28652.25,28655,,1338,944.2,-1,0,0,0,0
1785154380,28655.25,28655.75,28636.75,28642.25,,2583,1041.6,-1,0,1,0,0
1785154440,28641.75,28645.25,28632.5,28635.75,28669.030900213485,2115,1117.2,-1,0,0,0,0
1785154500,28636.75,28644,28635,28640.5,,1033,1128.85,-1,0,0,0,0
1785154560,28640.25,28651.25,28639,28651.25,,1118,1164.25,-1,0,0,0,0
1785154620,28650.5,28651.75,28644.75,28645.5,,782,1180,-1,0,0,0,0
1785154680,28645,28647,28641.75,28645,,708,1188.1,-1,0,0,0,0
1785154740,28646.25,28649.25,28637.25,28641,,1102,1206.3,-1,0,0,0,0
1785154800,28641,28643.5,28637,28642,,826,1147.15,-1,0,0,0,0
1785154860,28642,28646.5,28635.25,28637.5,,776,1134.7,-1,0,0,0,0
1785154920,28637.25,28637.25,28628.75,28634.5,,1237,1159.95,-1,0,0,0,0
1785154980,28635,28644.75,28633.25,28638.75,,1094,1172.05,-1,0,0,0,0
1785155040,28638.75,28641.5,28635.75,28636.5,,489,1149.15,-1,0,0,0,0
1785155100,28637.25,28645.5,28633.5,28644.5,,694,1118.05,-1,0,0,0,0
1785155160,28643.5,28649,28638.5,28641.75,,817,1117.5,-1,0,0,0,0
1785155220,28642.25,28651.25,28640.5,28649.5,,758,1130.3,-1,0,0,0,0
1785155280,28649.75,28653,28648.25,28652,,442,1120.55,-1,0,0,0,0
1785155340,28652.25,28652.25,28649,28650,28662.68726680899,365,1095.8,-1,0,0,0,0
1785155400,28649,28659.5,28640.5,28655.25,,1476,1092.55,-1,0,0,0,0
1785155460,28655.25,28656.5,28635.5,28640.25,,1704,1072.85,-1,0,0,0,0
1785155520,28641,28644.5,28631.25,28634,,1159,1063.9,-1,0,0,0,0
1785155580,28634.5,28640,28632.75,28636.5,,655,967.5,-1,0,0,0,0
1785155640,28637,28652.5,28637,28650.75,,957,909.6,-1,0,0,0,0
1785155700,28651.5,28664.5,28651.5,28658,,1734,944.65,-1,0,0,0,0
1785155760,28657.75,28663.25,28655.5,28660.5,,838,930.65,-1,0,0,0,0
1785155820,28659.75,28663.5,28657.75,28657.75,,524,917.75,-1,0,0,0,0
1785155880,28657.5,28669,28657.5,28667.5,,779,921.3,-1,0,0,0,0
1785155940,28667.25,28669.5,28662.75,28664,,516,892,-1,0,0,0,0
1785156000,28664.25,28670.75,28660.25,28661.25,,868,894.1,-1,0,0,0,0
1785156060,28661.25,28666,28659.75,28665.75,,506,880.6,-1,0,0,0,0
1785156120,28665.75,28668.75,28660.5,28662.5,,723,854.9,-1,0,0,0,0
1785156180,28662,28669,28656.25,28667,,905,845.45,-1,0,0,0,0
1785156240,28666.75,28671.75,28664.75,28670.5,28665.291511205993,789,860.45,1,0,0,0,0
1785156300,28669.5,28675.5,28666,28672.25,,1008,876.15,1,0,0,0,0
1785156360,28673,28681.75,28672,28679,,1144,892.5,1,0,0,0,0
1785156420,28678.5,28688.5,28677.5,28685,,1119,910.55,1,0,0,0,0
1785156480,28685.25,28691.75,28685.25,28689.5,,808,928.85,1,0,0,0,0
1785156540,28689.75,28691.5,28682,28684,,1104,965.8,1,0,0,0,0
1785156600,28684,28688,28682,28683,,873,935.65,1,0,0,0,0
1785156660,28682.75,28683.75,28666.25,28673.75,,2565,978.7,1,0,0,0,0
1785156720,28673.5,28682,28671.75,28680.5,,1265,984,1,0,0,0,0
1785156780,28679.5,28687.5,28679.25,28687.25,,867,994.6,1,0,0,0,0
1785156840,28687.25,28691.25,28685.5,28691.25,,865,990,1,0,0,0,0
1785156900,28690.25,28693,28686.25,28688,,826,944.6,1,0,0,0,0
1785156960,28688.25,28692,28681,28683.75,,1150,960.2,1,0,0,0,0
1785157020,28683.5,28685,28677,28679.75,,816,974.8,1,0,0,0,0
1785157080,28679.5,28683.5,28674.5,28681.25,,886,980.15,1,0,0,0,0
1785157140,28681,28691.75,28678.75,28691,28673.861007470663,838,996.25,1,0,0,0,0
1785157200,28691,28702.75,28682.75,28683.25,,3932,1149.45,1,0,0,0,0
1785157260,28683.75,28683.75,28663,28668.25,,2432,1245.75,1,0,0,0,0
1785157320,28668,28682,28667.25,28680.5,,1641,1291.65,1,0,0,0,0
1785157380,28680.5,28687.75,28678.5,28683.25,,993,1296.05,1,0,0,0,0
1785157440,28683,28688.25,28678.5,28680,,821,1297.65,1,0,0,0,0
1785157500,28678.5,28679.25,28664,28666.25,,1629,1328.7,1,0,0,0,0
1785157560,28666.75,28667,28654,28655.75,,1769,1359.95,-1,0,0,0,0
1785157620,28656.25,28659.5,28653,28654.75,,1234,1365.7,-1,0,0,0,0
1785157680,28654.75,28658.75,28649,28652.25,,1374,1394,-1,0,1,0,0
1785157740,28651.5,28657.75,28648,28657,,1361,1406.85,-1,0,0,0,0
1785157800,28656.5,28666.25,28655.25,28666,,1804,1453.4,1,0,0,0,1
1785157860,28665.5,28673,28665,28672.75,,1459,1398.1,1,0,0,0,0
1785157920,28672.75,28676.5,28668.25,28673.25,,970,1383.35,1,0,0,0,0
1785157980,28673.5,28675.25,28667,28668,,769,1378.45,1,0,0,0,0
1785158040,28668.75,28671.25,28660.25,28662.75,28670.157338313777,808,1375.6,-1,0,0,0,0
1785158100,28663,28675.5,28661.5,28667.75,,1208,1394.7,-1,0,0,0,0
1785158160,28667.75,28667.75,28656.25,28659.75,,1281,1401.25,-1,0,0,0,0
1785158220,28659.75,28667.75,28651.5,28664,,1548,1437.85,-1,0,0,0,0
1785158280,28664.25,28664.25,28645.75,28646.75,,1331,1460.1,-1,0,0,0,0
1785158340,28645.75,28648.25,28637,28640.25,,1453,1490.85,-1,0,0,0,0
1785158400,28640.75,28642,28634,28636.75,,1279,1358.2,-1,0,0,0,0
1785158460,28637,28640.5,28633.25,28637.25,,932,1283.2,-1,0,0,0,0
1785158520,28637.5,28642,28633.25,28641.25,,732,1237.75,-1,0,0,0,0
1785158580,28640.75,28642.25,28634.75,28637,,800,1228.1,-1,0,0,0,0
1785158640,28637.25,28643.25,28635.25,28636.25,,744,1224.25,-1,0,0,0,0
1785158700,28636.75,28645.75,28624,28625.5,,2792,1282.4,-1,0,0,0,0
1785158760,28625,28628.25,28619,28622.5,,1667,1277.3,-1,0,0,0,0
1785158820,28621.75,28629.5,28613.5,28614,,2724,1351.8,-1,0,0,0,0
1785158880,28613.75,28614.25,28594.5,28596,,3785,1472.35,-1,0,0,0,0
1785158940,28596.25,28609,28588,28590,28643.43822554252,3342,1571.4,-1,0,0,0,0
1785159000,28591.25,28617,28568.75,28580.5,,14380,2200.2,-1,0,0,0,0
1785159060,28580.5,28595.5,28552,28566.25,,15627,2908.6,-1,0,0,0,0
1785159120,28566,28597.25,28519.75,28521.5,,18454,3782.8,-1,0,0,0,0
1785159180,28522,28530.25,28486.75,28506.25,,16628,4575.75,-1,0,0,0,0
1785159240,28506,28538.5,28491.25,28537,,13042,5187.45,-1,0,0,0,0
1785159300,28538,28604,28532.75,28603.5,,18628,6058.45,-1,0,0,0,0
1785159360,28603,28614,28580,28590.75,,16018,6795.3,-1,0,0,0,0
1785159420,28590.5,28608.5,28575.75,28594.5,,10733,7254.55,-1,0,0,0,0
1785159480,28594.5,28602.5,28546.5,28547.25,,12404,7808.2,-1,0,0,0,0
1785159540,28547,28558.25,28525.75,28545.5,,14345,8452.8,-1,0,0,0,0
1785159600,28545,28554.25,28503,28504.75,,14513,9114.5,-1,0,0,0,0
1785159660,28504.75,28526,28493.75,28505.25,,14007,9768.25,-1,0,0,0,0
1785159720,28504.5,28517.75,28453,28459,,17192,10591.25,-1,0,0,0,0
1785159780,28458.75,28463.25,28427.5,28444,,15376,11320.05,-1,0,0,0,0
1785159840,28444.5,28459.75,28441,28455.25,28580.708817028346,11840,11874.85,-1,0,0,0,0
1785159900,28455.25,28474,28436.75,28472.25,,15747,12522.6,-1,0,0,0,0
1785159960,28472.75,28485,28425,28435.5,,15227,13200.6,-1,0,0,0,0
1785160020,28436,28458.5,28429.25,28434.5,,10696,13599.2,-1,0,0,0,0
1785160080,28435.5,28469.5,28422,28464.75,,10486,13934.25,-1,0,0,0,0
1785160140,28465,28490,28454.5,28461.25,,11367,14335.5,-1,0,0,0,0
1785160200,28460.5,28491.5,28441.25,28485.75,,11086,14170.8,-1,0,0,0,0
1785160260,28484.5,28496,28466,28495.5,,9140,13846.45,-1,0,0,0,0
1785160320,28495.75,28503.75,28464.25,28477,,9805,13414,-1,0,0,0,0
1785160380,28477,28481.25,28449.5,28477.75,,9169,13041.05,-1,0,0,0,0
1785160440,28476.75,28494.25,28454.5,28459.5,,8821,12830,-1,0,0,0,0
1785160500,28459,28464.25,28432.5,28440,,10055,12401.35,-1,0,0,0,0
1785160560,28439.5,28442.25,28402,28406.5,,13666,12283.75,-1,0,0,0,0
1785160620,28406.5,28419.75,28383.5,28386,,11468,12320.5,-1,0,0,0,0
1785160680,28386.25,28387.75,28345,28347.25,,12827,12341.65,-1,0,0,0,0
1785160740,28347.5,28365.75,28341.5,28347,28502.8058780189,10259,12137.35,-1,0,0,0,0
1785160800,28347.5,28370.25,28326.75,28368.5,,15231,12173.25,-1,0,1,0,0
1785160860,28368.5,28372.5,28311.5,28315.5,,12146,12080.2,-1,0,0,0,0
1785160920,28315.25,28330,28303.75,28325,,9089,11675.05,-1,0,0,0,0
1785160980,28325,28333.5,28291.5,28296.75,,11268,11469.65,-1,0,0,0,0
1785161040,28296.5,28320,28286.25,28319.25,,8719,11313.6,-1,0,0,0,0
1785161100,28319,28342,28294.75,28297.5,,11079,11080.2,-1,0,0,0,0
1785161160,28297,28307,28276.5,28301.25,,11290,10883.35,-1,0,0,0,0
1785161220,28301.75,28326.5,28299.25,28315.5,,8804,10788.75,-1,0,0,0,0
1785161280,28316.5,28338.5,28311.5,28333.25,,9236,10726.25,-1,0,0,0,0
1785161340,28333.5,28347.75,28321.25,28321.5,,8248,10570.3,-1,0,0,0,0
1785161400,28321.5,28324.5,28267,28270,,13164,10674.2,-1,0,0,0,0
1785161460,28270,28273,28230.75,28251.5,,14131,10923.75,-1,0,0,0,0
1785161520,28251.25,28276.75,28242,28273.5,,9957,10931.35,-1,0,0,0,0
1785161580,28274.25,28288,28233.5,28244,,10622,11004,-1,0,0,0,0
1785161640,28244.5,28270,28239.75,28251.75,28419.120585345932,8302,10978.05,-1,0,0,0,0
1785161700,28253,28298.75,28246.5,28266.75,,12175,11084.05,-1,0,0,0,0
1785161760,28267.25,28286,28255,28268.5,,9342,10867.85,-1,0,0,0,0
1785161820,28268,28270.75,28235,28242.25,,8316,10710.25,-1,0,0,0,0
1785161880,28242,28255.5,28224.5,28249.5,,10833,10610.55,-1,0,0,0,0
1785161940,28249.25,28281.75,28248.5,28258.25,,9457,10570.45,-1,0,0,0,0
1785162000,28258.5,28261,28217.75,28219,,9510,10284.4,-1,0,0,0,0
1785162060,28219,28249.75,28211,28247.25,,10521,10203.15,-1,0,0,0,0
1785162120,28247,28249.25,28208.25,28215,,10038,10250.6,-1,0,0,0,0
1785162180,28214.5,28241,28179,28185.5,,13548,10364.6,-1,0,0,0,0
1785162240,28186,28201,28167,28182,,12168,10537.05,-1,0,0,0,0
1785162300,28182.75,28185,28155.75,28171,,10231,10494.65,-1,0,1,0,0
1785162360,28171,28178,28150,28162.5,,10712,10465.75,-1,0,0,0,0
1785162420,28162.5,28167.25,28134.5,28138.75,,10383,10544.7,-1,0,0,0,0
1785162480,28138.5,28145.5,28114,28119.5,,10907,10628.25,-1,0,0,0,0
1785162540,28119.25,28124,28075.5,28086.25,28308.163723563954,13157,10873.7,-1,0,0,0,0
1785162600,28086,28105.5,28051.5,28074.75,,17493,11090.15,-1,0,0,0,0
1785162660,28074.25,28093.75,28061,28075.75,,10236,10895.4,-1,0,0,0,0
1785162720,28076,28085,28055.5,28078.5,,8940,10844.55,-1,0,0,0,0
1785162780,28078.75,28089.25,28059,28062,,9378,10782.35,-1,0,0,0,0
1785162840,28061,28078.5,28040.75,28050.25,,12816,11008.05,-1,0,0,0,0
1785162900,28050,28066.5,28017.5,28056.25,,15346,11166.6,-1,0,0,0,0
1785162960,28055.75,28062.25,28007.5,28010.5,,12555,11327.25,-1,0,0,0,0
1785163020,28010.75,28029.5,27994.75,28015.5,,12622,11542.55,-1,0,0,0,0
1785163080,28015.5,28057.75,28014.75,28039,,12783,11640.05,-1,0,0,0,0
1785163140,28039.25,28050.75,28017,28031.25,,10753,11704.85,-1,0,0,0,0
1785163200,28031.75,28045.25,27986,28003.75,,14646,11961.65,-1,0,0,0,0
1785163260,28004.25,28014.25,27943,27961.75,,16695,12270.35,-1,0,0,0,0
1785163320,27962,27981.75,27955,27961,,11315,12334.2,-1,0,0,0,0
1785163380,27961,27979,27938.5,27977.5,,12654,12289.5,-1,0,1,0,1
1785163440,27977.5,27997.75,27946,27959.25,28191.859149042637,12982,12330.2,-1,0,0,0,0
1785163500,27959.5,28015.5,27957.5,27996.25,,15026,12569.95,-1,0,0,0,0
1785163560,27996,28029,27985.25,28024.75,,15111,12789.9,-1,0,0,0,0
1785163620,28024.25,28045.25,28016,28030,,14236,12982.55,-1,0,0,0,0
1785163680,28030.75,28047.5,28022.75,28030.25,,11111,12992.75,-1,0,0,0,0
1785163740,28029.5,28071.5,28025.75,28064,,11686,12919.2,-1,0,0,0,0
1785163800,28063.5,28111.25,28062,28099.75,,14116,12750.35,-1,0,0,0,0
1785163860,28100,28116,28083,28085,,11842,12830.65,-1,0,0,0,0
1785163920,28085.25,28124.25,28063.5,28121.5,,14956,13131.45,-1,0,0,0,0
1785163980,28121.5,28128.25,28095,28101.5,,11572,13241.15,-1,0,0,0,0
1785164040,28101.75,28125.75,28096.75,28102.5,,9403,13070.5,-1,0,0,0,0
1785164100,28102.5,28134.75,28087.25,28129.25,,10582,12832.3,-1,0,0,0,0
1785164160,28128.75,28146.25,28115,28141.75,,11049,12757,-1,0,0,0,0
1785164220,28142,28157.25,28136.75,28137.5,,9161,12583.95,-1,0,0,0,0
1785164280,28138.25,28160.5,28130,28155.75,,7879,12338.75,-1,0,0,0,0
1785164340,28156,28180.5,28150.25,28170.5,28184.739432695093,8179,12210.05,-1,0,0,0,0
1785164400,28170,28187,28145.25,28175.75,,13266,12141.05,-1,0,0,0,0
1785164460,28175.75,28176.25,28152.5,28154.25,,7127,11662.65,-1,0,0,0,0
1785164520,28154.25,28171.75,28137.5,28149,,9251,11559.45,-1,0,0,0,0
1785164580,28149,28178,28146.5,28154.5,,7861,11319.8,-1,0,0,0,0
1785164640,28153.75,28170,28148.25,28160.25,,6006,10971,-1,0,0,0,0
1785164700,28160.75,28194.75,28155.25,28191,,8334,10636.4,-1,0,0,0,0
1785164760,28191.5,28198.75,28153.75,28157,,7449,10253.3,-1,0,0,0,0
1785164820,28158,28188.25,28140,28178.5,,7602,9921.6,-1,0,0,0,0
1785164880,28178,28190.25,28158.5,28166,,5653,9648.7,-1,0,0,0,0
1785164940,28166,28167.25,28138,28151,,6364,9382.6,-1,0,0,0,0
1785165000,28150.75,28181,28140.5,28150.5,,8848,9119.2,-1,0,0,0,0
1785165060,28151.25,28174.75,28139,28147.75,,7946,8924.4,-1,0,0,0,0
1785165120,28147.25,28173.5,28141.75,28148.25,,5989,8476.05,-1,0,0,0,0
1785165180,28147.5,28157.5,28121.5,28142.5,,8261,8310.5,-1,0,0,0,0
1785165240,28142,28165,28124.5,28125.25,28164.909621796727,7793,8230,-1,0,0,0,0
1785165300,28125.5,28134.25,28094.25,28098,,10188,8210.3,-1,0,0,0,0
1785165360,28097.75,28107.25,28082.25,28093.5,,8032,8059.45,-1,0,0,0,0
1785165420,28093.75,28095.5,28073.25,28078.25,,5872,7895,-1,0,0,0,0
1785165480,28078,28083.5,28048,28078,,9233,7962.7,-1,0,0,0,0
1785165540,28077.5,28107.75,28071.5,28105.5,,8826,7995.05,-1,0,0,0,0
1785165600,28105.5,28143.75,28102.5,28139.5,,10457,7854.6,-1,0,0,0,0
1785165660,28139,28151.75,28111.75,28112.75,,8477,7922.1,-1,0,0,0,0
1785165720,28112.75,28143.25,28101,28127.75,,7101,7814.6,-1,0,0,0,0
1785165780,28127.75,28128.75,28071.5,28080.25,,8808,7861.95,-1,0,0,0,0
1785165840,28080,28084.25,28061.25,28077,,6643,7893.8,-1,0,0,0,0
1785165900,28076.5,28090.25,28062.25,28072.75,,7301,7842.15,-1,0,1,0,0
1785165960,28072.5,28090.75,28067,28080.5,,5762,7757.8,-1,0,0,0,0
1785166020,28080.25,28094.25,28062.75,28065.25,,7030,7729.2,-1,0,0,0,0
1785166080,28065.25,28069.5,28044.5,28059.75,,6557,7774.4,-1,0,0,0,0
1785166140,28059,28081.5,28056.5,28072.5,28134.10641453115,6352,7773.8,-1,0,0,0,0
1785166200,28072.75,28077,28053,28064,,5484,7605.6,-1,0,0,0,0
1785166260,28064,28085.5,28041,28043,,6783,7547.45,-1,0,0,0,0
1785166320,28043,28054,28022.25,28024.5,,7296,7612.8,-1,0,0,0,0
1785166380,28023.75,28033.75,28011.75,28031.75,,6241,7511.8,-1,0,0,0,0
1785166440,28031,28040.5,28019.75,28028,,5973,7420.8,-1,0,1,0,0
1785166500,28028,28033.75,28005.75,28011.5,,7325,7277.65,-1,0,0,0,0
1785166560,28012,28029.25,28005.75,28007.5,,5767,7164.4,-1,0,0,0,0
1785166620,28007.25,28014,27987.5,27990.5,,6672,7204.4,-1,0,0,0,0
1785166680,27990,28009.75,27980.25,28005.75,,6303,7057.9,-1,0,0,0,0
1785166740,28006.25,28023.5,28006.25,28015.75,,6143,6923.75,-1,0,0,0,0
1785166800,28015.75,28031.5,27994,28012,,7220,6761.9,-1,0,0,0,0
1785166860,28013.25,28028.5,28003.5,28021.5,,6289,6652.5,-1,0,0,0,0
1785166920,28021.5,28042.5,28020.25,28033.5,,6804,6637.65,-1,0,0,0,0
1785166980,28033.25,28043.75,28009.75,28019,,6758,6535.15,-1,0,0,0,0
1785167040,28018.25,28047.25,28016,28039.75,28102.6542763541,6307,6518.35,-1,0,0,0,0
1785167100,28039.75,28049.75,28018.25,28020.5,,5574,6432,-1,0,0,0,0
1785167160,28020.25,28039.75,28014,28024.75,,5047,6396.25,-1,0,0,0,0
1785167220,28025.25,28033.25,27996.5,28008.5,,6082,6348.85,-1,0,0,0,0
1785167280,28008.75,28031,28008.5,28008.5,,5097,6275.85,-1,0,0,0,0
1785167340,28008,28014.5,27995,28013.25,,5138,6215.15,-1,0,0,0,0
1785167400,28013.25,28023.25,27996.25,28015.75,,5017,6191.8,-1,0,0,0,0
1785167460,28016,28037,28014.75,28026.75,,5597,6132.5,-1,0,0,0,0
1785167520,28026.75,28035.25,28006.25,28009.25,,4138,5974.6,-1,0,0,0,0
1785167580,28009,28021.75,27996.75,28017,,4276,5876.35,-1,0,0,0,0
1785167640,28018,28032.25,28010.75,28020.5,,3894,5772.4,-1,0,0,0,0
1785167700,28020,28045.25,28014.25,28041.75,,5213,5666.8,-1,0,0,0,0
1785167760,28041.5,28059,28034.75,28046,,5743,5665.6,-1,0,0,0,0
1785167820,28045.75,28068.5,28037.75,28060.25,,5858,5624.9,-1,0,0,0,0
1785167880,28060.5,28062,28033.75,28055,,5266,5573.05,-1,0,0,0,0
1785167940,28055.25,28073.75,28053.5,28062.5,28089.2695175694,4898,5510.8,-1,0,0,0,0
1785168000,28062.5,28087.75,28057.25,28067.5,,7189,5509.25,-1,0,0,0,0
1785168060,28067.75,28079,28059.75,28070.5,,4523,5420.95,-1,0,0,0,0
1785168120,28070.75,28081,28062.75,28071.25,,3144,5237.95,-1,0,0,0,0
1785168180,28071.25,28092.75,28070.5,28089.75,,4065,5103.3,-1,0,0,0,0
1785168240,28089.75,28120.25,28088.75,28119.25,,6358,5105.85,1,0,0,0,0
1785168300,28119,28133.75,28117.5,28118.5,,5386,5096.45,1,0,0,0,0
1785168360,28118.5,28123.5,28090.75,28111.5,,6999,5194.05,1,0,0,0,0
1785168420,28111.5,28114.5,28094,28104.25,,4417,5110.8,1,0,0,0,0
1785168480,28104,28122.75,28096.5,28115,,3948,5053.35,1,0,0,0,0
1785168540,28114.5,28127,28104.75,28124.25,,3665,4979.7,1,0,0,0,0
1785168600,28124.25,28151,28123.75,28148,,5870,5022.35,1,1,0,0,0
1785168660,28148,28154,28133.25,28136.75,,4324,4958.7,1,0,0,0,0
1785168720,28136,28148.75,28129.25,28133.75,,3827,4943.15,1,1,0,1,0
1785168780,28133.75,28135.75,28095.25,28099.5,,5853,5022,-1,0,0,1,0
1785168840,28099,28104.75,28072.5,28078.25,28085.596345046266,6381,5146.35,-1,0,0,0,0
1785168900,28078.25,28083.25,28068,28082,,4595,5115.45,-1,0,0,0,0
1785168960,28082,28086,28044.5,28051.75,,6805,5168.55,-1,0,1,0,0
1785169020,28051.75,28064.5,28048,28059,,3749,5063.1,-1,0,0,0,0
1785169080,28059,28070,28055,28066.75,,3821,4990.85,-1,0,0,0,0
1785169140,28066.5,28075,28050.75,28063.75,,4132,4952.55,-1,0,1,0,1
1785169200,28063.75,28073.25,28046,28066.75,,4528,4819.5,-1,0,0,0,0
1785169260,28066.75,28089.5,28056,28058.5,,5632,4874.95,-1,0,0,0,0
1785169320,28058.75,28075.5,28048.75,28072.5,,3947,4915.1,-1,0,0,0,0
1785169380,28072.5,28076.75,28055.25,28075.75,,3422,4882.95,-1,0,0,0,0
1785169440,28076.25,28097,28072.5,28095.5,,4447,4787.4,1,0,0,0,0
1785169500,28094.75,28197.75,28092.25,28191.25,,20006,5518.4,1,0,0,0,0
1785169560,28191.25,28204.5,28152.5,28159.5,,11795,5758.2,1,0,0,0,0
1785169620,28159,28182.75,28156.75,28179.75,,4925,5783.6,1,1,0,0,0
1785169680,28179.5,28199.5,28164.5,28171.75,,5905,5881.45,1,0,0,0,0
1785169740,28172,28174.5,28144.5,28154.5,28108.564230030843,4329,5914.65,1,0,0,0,0
1785169800,28154.25,28188,28148.25,28174.75,,4920,5867.15,1,0,0,0,0
1785169860,28175.25,28196.25,28170.5,28188,,4070,5854.45,1,0,0,0,0
1785169920,28187.5,28187.75,28153,28160.75,,4279,5877.05,1,0,0,0,0
1785169980,28161,28163.5,28132.5,28145.25,,4751,5821.95,1,0,0,0,0
1785170040,28145.5,28150.5,28137.75,28149.75,,3052,5655.5,1,0,0,0,0
1785170100,28150.25,28156.25,28127.25,28130.75,,3758,5613.65,1,0,0,0,0
1785170160,28130.25,28158.75,28112.5,28158.5,,4888,5517.8,1,0,0,0,0
1785170220,28157.75,28180.5,28144.25,28146.5,,5429,5601.8,1,0,0,0,0
1785170280,28146.5,28174.5,28142.25,28166.25,,4074,5614.45,1,0,0,0,0
1785170340,28167.25,28170.5,28155.5,28170.5,,2886,5552.15,1,0,0,0,0
1785170400,28170,28179.25,28164.5,28177.5,,3157,5483.6,1,0,0,0,0
1785170460,28178,28179,28152.25,28154.25,,2989,5351.45,1,0,0,0,0
1785170520,28154.5,28160.25,28143,28148.5,,2727,5290.45,1,0,0,0,0
1785170580,28148.75,28150,28134,28135,,2528,5245.75,1,0,0,0,0
1785170640,28135,28140.5,28118,28133.25,28116.79282002056,4036,5225.2,1,0,0,0,0
1785170700,28134,28141.25,28121,28127.25,,2753,4362.55,1,0,0,0,0
1785170760,28127,28147,28126.25,28137.75,,3467,3946.15,1,0,0,0,0
1785170820,28139.25,28156.5,28137.75,28142,,3126,3856.2,1,0,0,0,0
1785170880,28141.75,28151.25,28122.75,28130.75,,2854,3703.65,1,0,0,0,0
1785170940,28130,28134.25,28114.75,28117,,2542,3614.3,1,0,0,0,0
1785171000,28117.25,28117.25,28084.25,28085.75,,6099,3673.25,-1,0,0,0,0
1785171060,28085.25,28090.5,28070.25,28079.75,,4584,3698.95,-1,0,0,0,0
1785171120,28079.5,28084.5,28062,28070.25,,3997,3684.85,-1,0,0,0,0
1785171180,28070.5,28071.5,28056,28061.5,,3314,3613,-1,0,0,0,0
1785171240,28061,28066.25,28049.5,28058.5,,3415,3631.15,-1,0,0,0,0
1785171300,28058.75,28060,28025,28036,,5222,3704.35,-1,0,0,0,0
1785171360,28036.75,28054.75,28033.25,28047.25,,4184,3669.15,-1,0,0,0,0
1785171420,28048,28053.25,28032.5,28040,,3115,3553.45,-1,0,0,0,0
1785171480,28040.25,28052.75,28039.25,28047.75,,2407,3470.1,-1,0,0,0,0
1785171540,28047.5,28052.5,28031.75,28047.25,28093.61188001371,2635,3457.55,-1,0,0,0,0
1785171600,28048,28056.25,28033,28049.5,,3169,3458.15,-1,0,0,0,0
1785171660,28048.75,28054,28016.75,28024,,4239,3520.65,-1,0,0,0,0
1785171720,28022.5,28025.75,27998.25,28005.25,,5233,3645.95,-1,0,0,0,0
1785171780,28005,28016,27999.25,28015,,3201,3679.6,-1,0,0,0,0
1785171840,28015.25,28021.5,28000,28006.75,,3107,3633.15,-1,0,1,0,0
1785171900,28006.25,28012,27998,28004.25,,2665,3628.75,-1,0,0,0,0
1785171960,28003.75,28014.5,27993.75,28011,,4067,3658.75,-1,0,0,0,0
1785172020,28010.75,28026.25,28009.5,28025.75,,3558,3680.35,-1,0,0,0,0
1785172080,28026.5,28029.5,28013.25,28017.25,,3027,3689,-1,0,0,0,0
1785172140,28018.25,28030.75,28011,28015.25,,2605,3692.15,-1,0,0,0,0
1785172200,28015.25,28023.25,28007.5,28022.75,,2688,3521.6,-1,0,0,0,0
1785172260,28022.75,28024.75,28007,28009.5,,2116,3398.2,-1,0,0,0,0
1785172320,28009.5,28038.5,28001,28033.75,,4065,3401.6,-1,0,0,0,0
1785172380,28034.75,28040.25,28025.5,28032.25,,2587,3365.25,-1,0,0,0,0
1785172440,28031.75,28044.25,28031,28034.75,28073.991253342472,2457,3317.35,-1,0,0,0,0
1785172500,28035.25,28041,28021.75,28038.25,,2686,3190.55,-1,0,0,0,0
1785172560,28038.25,28043,28014.5,28016.5,,3319,3147.3,-1,0,0,0,0
1785172620,28016.75,28017.25,27986.75,27997.75,,5468,3264.95,-1,0,0,0,0
1785172680,27996.75,27999,27986.75,27992.75,,2699,3279.55,-1,0,0,0,0
1785172740,27993,28005,27987,28001.75,,2778,3286.7,-1,0,1,0,0
1785172800,28001.75,28030.75,27995,28026.75,,4201,3338.3,-1,0,0,0,0
1785172860,28027.25,28032.25,28016.25,28018.25,,2782,3265.45,-1,0,0,0,0
1785172920,28018.5,28035.25,28008.5,28025.75,,3322,3169.9,-1,0,0,0,0
1785172980,28026,28032.75,28006,28007.25,,2541,3136.9,-1,0,0,0,0
1785173040,28007,28013.25,28001,28012,,1991,3081.1,-1,0,0,0,0
1785173100,28011.75,28017,28000.25,28001,,1720,3033.85,-1,0,0,0,0
1785173160,28001.5,28011,27993.5,28010,,3111,2986.05,-1,0,0,0,0
1785173220,28009.75,28021.5,28007.75,28008.75,,2498,2933.05,-1,0,0,0,0
1785173280,28008.5,28019.25,28008.5,28015.25,,1490,2856.2,-1,0,0,0,0
1785173340,28015.25,28022.5,27996,27998.25,28048.74416889498,2811,2866.5,-1,0,0,0,0
1785173400,27998.5,28010.75,27997.25,28009.5,,2025,2833.35,-1,0,0,0,0
1785173460,28009,28021,28006.75,28013.5,,2383,2846.7,-1,0,0,0,0
1785173520,28014.5,28040.75,28006.5,28039.25,,3548,2820.85,-1,0,0,0,0
1785173580,28039,28053,28036.5,28052.25,,4155,2899.25,-1,0,0,0,0
1785173640,28052,28061.25,28046.5,28059.5,,3369,2944.85,-1,0,0,0,0
1785173700,28058.25,28065,28047.25,28053.5,,3047,2962.9,-1,0,0,0,0
1785173760,28053.25,28062.5,28042.5,28045.25,,3319,2962.9,-1,0,0,0,0
1785173820,28045.75,28054,28031,28031.5,,2875,2833.25,-1,0,0,0,0
1785173880,28031.5,28058.75,28026.75,28052.5,,3883,2892.45,-1,0,0,0,0
1785173940,28052.75,28052.75,28030.5,28030.5,,2680,2887.55,-1,0,0,0,0
1785174000,28030.75,28033.5,28015,28017.25,,3635,2859.25,-1,0,0,0,0
1785174060,28017.25,28043,28016.75,28038.5,,3259,2883.1,-1,0,0,0,0
1785174120,28038,28043.25,28021.5,28024,,2234,2828.7,-1,0,0,0,0
1785174180,28024.25,28037,28016.5,28033.5,,2631,2833.2,-1,0,0,0,0
1785174240,28034,28038.25,28021.5,28035.25,28044.246112596655,1978,2832.55,-1,0,0,0,0
1785174300,28036.5,28040.5,28013.5,28021.5,,2994,2896.25,-1,0,0,0,0
1785174360,28022,28058.75,28021.5,28045.25,,4520,2966.7,-1,0,0,0,0
1785174420,28044.75,28053.75,28039.75,28043.5,,2286,2956.1,-1,0,0,0,0
1785174480,28042.75,28056.75,28032.75,28035.5,,2386,3000.9,-1,0,0,0,0
1785174540,28036,28045.5,28031.25,28032.75,,1801,2950.4,-1,0,0,0,0
1785174600,28033,28048.75,28026,28042.5,,2531,2975.7,-1,0,0,0,0
1785174660,28042.5,28046,28034.25,28041.75,,1704,2941.75,-1,0,0,0,0
1785174720,28042.25,28064.25,28042.25,28062.5,,2589,2893.8,1,0,0,0,0
1785174780,28062.75,28067.5,28053,28063.25,,2838,2827.95,1,0,0,0,0
1785174840,28062.75,28087,28061.75,28084.5,,4420,2880.5,1,1,0,0,0
1785174900,28084.5,28098,28070.75,28082.25,,4364,2946.35,1,0,0,0,0
1785174960,28082.5,28100.5,28077,28098,,2994,2930.1,1,1,0,1,0
1785175020,28098.5,28102,28087,28088.25,,2606,2916.65,1,0,0,0,0
1785175080,28088.25,28100.25,28087.75,28091,,2246,2834.8,1,0,0,0,0
1785175140,28090.75,28106.25,28089.25,28104.5,28064.330741731104,2665,2834.05,1,0,0,0,0
1785175200,28104.5,28112,28095.5,28097,,3552,2829.9,1,0,0,0,0
1785175260,28097.25,28121.5,28095.5,28104.75,,3754,2854.65,1,0,0,0,0
1785175320,28104.75,28108.25,28093.75,28096.5,,2892,2887.55,1,0,0,0,0
1785175380,28096.5,28109,28089.5,28106.5,,2567,2884.35,1,0,0,0,0
1785175440,28107.25,28113.75,28092.25,28093,,2353,2903.1,1,0,0,0,0
1785175500,28092.75,28108,28085.25,28106,,3403,2923.55,1,0,0,0,0
1785175560,28105.5,28116.25,28090,28091.5,,2865,2840.8,1,0,0,0,0
1785175620,28091,28108.25,28091,28100.5,,1878,2820.4,1,0,0,0,0
1785175680,28099.75,28104.25,28089,28092.5,,1747,2788.45,1,0,0,0,0
1785175740,28092.75,28102.25,28092,28097.5,,1543,2775.55,1,0,0,0,0
1785175800,28097.5,28103.25,28092.25,28097,,1863,2742.15,1,0,0,0,0
1785175860,28097,28106,28093.25,28094.75,,1905,2752.2,1,0,0,0,0
1785175920,28095,28107.25,28092.75,28101.5,,1809,2713.2,1,0,0,0,0
1785175980,28101.25,28108.75,28098,28105.75,,1673,2654.95,1,0,0,0,0
1785176040,28105.25,28112.75,28100.25,28100.25,28076.303827820735,1781,2523,1,0,0,0,0
1785176100,28100.5,28105.25,28068,28072.5,,5094,2559.5,1,0,0,0,0
1785176160,28072,28078.5,28055.25,28060,,3790,2599.3,-1,0,0,0,0
1785176220,28060.25,28068.25,28049.25,28062.25,,3446,2641.3,-1,0,0,0,0
1785176280,28062.25,28075,28058.25,28073.25,,2539,2655.95,1,0,0,0,0
1785176340,28073,28083,28061,28062.5,,3162,2680.8,-1,0,0,0,0
1785176400,28062.5,28069.5,28053.75,28061,,2798,2643.1,-1,0,0,0,0
1785176460,28061.25,28070.25,28055.75,28064.5,,1949,2552.85,1,0,0,0,0
1785176520,28064.5,28069,28055.5,28056.5,,1695,2493,-1,0,0,0,0
1785176580,28056.25,28074.75,28053,28062.25,,2821,2505.7,-1,0,0,0,0
1785176640,28063,28087,28062.75,28079.75,,3328,2554.45,1,0,0,0,0
1785176700,28079.25,28092,28078,28079.5,,2776,2523.1,1,0,0,0,0
1785176760,28079,28091.25,28077,28080.75,,2016,2480.65,1,1,0,0,0
1785176820,28081,28084.75,28072.5,28074.25,,1952,2484.35,1,0,0,0,0
1785176880,28074.5,28080.75,28070,28074,,2466,2520.3,1,0,0,0,0
1785176940,28073,28087.5,28068.75,28082,28078.20255188049,1856,2535.95,1,0,0,0,0
1785177000,28081.75,28082.75,28050.5,28060.75,,4235,2654.55,-1,0,0,0,0
1785177060,28060.75,28066.5,28043.25,28044.75,,3607,2739.65,-1,0,0,0,0
1785177120,28044.75,28058.5,28037.5,28055,,3149,2806.65,-1,0,0,0,0
1785177180,28055.25,28057.75,28047.5,28051,,1790,2812.5,-1,0,0,0,0
1785177240,28050.75,28054,28035.75,28041,,2153,2831.1,-1,0,0,0,0
1785177300,28040.75,28048,28032,28045.5,,2882,2720.5,-1,0,0,0,0
1785177360,28045.75,28053,28036.5,28049,,2566,2659.3,-1,0,0,0,0
1785177420,28048.75,28055,28037.75,28046.25,,2238,2598.9,-1,0,0,0,0
1785177480,28045.5,28048.5,28031.75,28033,,1795,2561.7,-1,0,0,0,0
1785177540,28032.75,28035.75,28027.25,28032.75,,2063,2506.75,-1,0,0,0,0
1785177600,28032.25,28032.75,28018.75,28022.5,,2868,2510.25,-1,0,1,0,0
1785177660,28023.75,28080,28021.25,28062,,11546,2990.1,-1,0,0,0,0
1785177720,28062,28075,28056.75,28057.5,,3180,3064.35,-1,0,0,0,0
1785177780,28057.75,28080.75,28044.75,28078.5,,3843,3115.45,1,1,0,0,0
1785177840,28078,28087.75,28074,28083,28079.801701253662,2761,3087.1,1,0,0,0,0
1785177900,28083.25,28100.25,28080,28088.25,,3301,3113.35,1,0,0,0,0
1785177960,28088,28095,28079.5,28082,,2285,3126.8,1,0,0,0,0
1785178020,28081.5,28087,28069,28084,,2744,3166.4,1,0,0,0,0
1785178080,28083.75,28096.75,28075.75,28092.75,,2160,3151.1,1,0,0,0,0
1785178140,28092.5,28098.75,28073,28073.25,,2577,3187.15,-1,0,0,1,0
1785178200,28073,28086.5,28069.75,28085.25,,2040,3077.4,1,0,0,0,0
1785178260,28085,28108,28083,28105,,3256,3059.85,1,0,0,0,0
1785178320,28105,28143,28102.5,28139.25,,5918,3198.3,1,0,0,0,0
1785178380,28138.25,28160.75,28136.75,28158.25,,4584,3338,1,0,0,0,0
1785178440,28157.75,28159.25,28146.25,28151,,3487,3404.7,1,0,0,0,0
1785178500,28151,28189.25,28150.75,28179.75,,5967,3558.95,1,1,0,0,0
1785178560,28179.5,28185.5,28167.5,28169.25,,4034,3632.35,1,0,0,0,0
1785178620,28169.25,28176.75,28158.5,28168,,3775,3709.2,1,0,0,0,0
1785178680,28167.75,28178.75,28153.25,28176.75,,4085,3823.7,1,1,0,1,0
1785178740,28176.5,28191,28174.5,28188.25,28115.951134169107,3139,3877.5,1,0,0,0,0
1785178800,28188,28193.75,28172.5,28173,,4371,3952.65,1,0,0,0,0
1785178860,28172.75,28188,28170,28183.25,,2568,3503.75,1,0,0,0,0
1785178920,28183.75,28196.75,28182,28184.5,,3115,3500.5,1,0,0,0,0
1785178980,28184.75,28194,28178,28185,,2222,3419.45,1,0,0,0,0
1785179040,28185.25,28194.25,28171,28173,,2784,3420.6,1,0,0,0,0
1785179100,28172.75,28182.5,28164.75,28173,,2890,3400.05,1,0,0,0,0
1785179160,28172.5,28200.5,28166.25,28199.75,,3920,3481.8,1,0,0,0,0
1785179220,28200.25,28218.25,28198.25,28217,,5036,3596.4,1,0,0,0,0
1785179280,28217,28221.25,28207.5,28210.5,,3337,3655.25,1,0,0,0,0
1785179340,28209.75,28224.25,28208.5,28214.25,,2804,3666.6,1,1,0,0,0
1785179400,28214.25,28232.25,28212,28226,,3935,3761.35,1,0,0,0,0
1785179460,28225.75,28227.5,28213.25,28221.75,,2669,3732,1,0,0,0,0
1785179520,28222.25,28230,28209.5,28210.5,,2443,3558.25,1,0,0,0,0
1785179580,28210.25,28210.75,28193.25,28198,,4243,3541.2,1,0,0,0,0
1785179640,28198.5,28205.75,28192.25,28201.25,28144.38408944607,2373,3485.5,1,0,0,0,0
1785179700,28200.75,28206.75,28198.5,28204.75,,1865,3280.4,1,0,0,0,0
1785179760,28204.5,28217.25,28194.75,28205,,3123,3234.85,1,0,0,0,0
1785179820,28205.5,28211.75,28199.75,28211.25,,1465,3119.35,1,0,0,0,0
1785179880,28210.75,28218,28208.25,28212.75,,1791,3004.65,1,0,0,0,0
1785179940,28212,28215.25,28203.75,28214.5,,1345,2914.95,1,0,0,0,0
1785180000,28214.75,28225.5,28212.75,28220,,2504,2821.6,1,0,0,0,0
1785180060,28219,28223.25,28205,28206,,2218,2804.1,1,0,0,0,0
1785180120,28205.5,28223.25,28201.5,28223,,2363,2766.5,1,0,0,0,0
1785180180,28222.5,28236,28216,28217,,3553,2833.05,1,0,0,0,0
1785180240,28217.5,28225.25,28213.75,28224.5,,1707,2779.2,1,0,0,0,0
1785180300,28225,28233.5,28204,28216.25,,3196,2794.5,1,0,0,0,0
1785180360,28216,28222.75,28213.5,28220.25,,1711,2684.05,1,0,0,0,0
1785180420,28219.25,28234,28213,28233,,2014,2532.95,1,0,0,0,0
1785180480,28232.75,28235.5,28223.5,28226,,1921,2462.15,1,0,0,0,0
1785180540,28227,28244.75,28227,28243.25,28177.339392964048,2474,2445.65,1,1,0,0,0
1785180600,28243.25,28249.25,28234.75,28242.75,,4385,2468.15,1,0,0,0,0
1785180660,28243.75,28246.5,28235.75,28242.25,,1878,2428.6,1,0,0,0,0
1785180720,28242.5,28246.25,28231,28241,,2330,2422.95,1,0,0,0,0
1785180780,28241.5,28252.25,28233.75,28250.75,,2585,2340.05,1,0,0,0,0
1785180840,28249.75,28255,28232.5,28233.25,,2592,2351,1,0,0,0,0
1785180900,28233,28242,28225.75,28233.75,,3122,2413.85,1,0,0,0,0
1785180960,28233.5,28238.25,28222.75,28224.25,,2321,2373.75,1,0,0,0,0
1785181020,28224,28225,28195.25,28203.25,,4595,2530.25,1,0,0,0,0
1785181080,28203.25,28207.25,28191,28195.25,,2654,2573.4,1,0,0,0,0
1785181140,28195.75,28198.25,28177.75,28185.25,,3713,2691.8,1,0,0,0,0
1785181200,28185,28200.5,28178.5,28198.5,,2919,2712.55,1,0,0,0,0
1785181260,28198.25,28205.25,28181.5,28187.5,,2817,2742.5,1,0,0,0,0
1785181320,28188.25,28196.75,28176.25,28177.75,,2534,2751.05,1,0,0,0,0
1785181380,28177.5,28189,28171.75,28180.25,,2653,2706.05,1,0,0,0,0
1785181440,28180.25,28186,28175,28176.5,28177.059595309365,1621,2701.75,-1,0,0,0,0
1785181500,28176.5,28179,28158,28174.25,,3738,2728.85,-1,0,0,0,0
1785181560,28174.25,28185,28154.25,28161,,3103,2798.45,-1,0,0,0,0
1785181620,28161.25,28174.5,28159.25,28170.75,,2639,2829.7,-1,0,0,0,0
1785181680,28170.25,28171.25,28158.25,28169.25,,2243,2845.8,-1,0,0,0,0
1785181740,28169.5,28188,28169,28186,,2900,2867.1,1,0,0,0,0
1785181800,28185.5,28199.75,28164.75,28177.5,,5157,2905.7,1,0,0,0,0
1785181860,28177.5,28177.5,28163.25,28173.5,,2367,2930.15,-1,0,0,0,0
1785181920,28173.25,28182.5,28167.75,28180.75,,2040,2915.65,1,0,0,0,0
1785181980,28181.75,28189,28176.75,28178.75,,2612,2917,1,0,0,0,0
1785182040,28179.25,28193,28175,28178.25,,3466,2960.7,1,0,0,0,0
1785182100,28178,28191,28158.5,28188,,4297,3019.45,1,0,0,0,0
1785182160,28187.5,28205.25,28183,28200.25,,3413,3074.05,1,0,0,0,0
1785182220,28200,28203,28184.75,28187,,2348,2961.7,1,0,0,0,0
1785182280,28187.75,28194.5,28179.75,28190.25,,2840,2971,1,0,0,0,0
1785182340,28190,28198,28177.25,28193,28182.373063539577,8305,3200.6,1,0,0,0,0
1785182400,28192.5,28220,28192.25,28205,,6282,3368.75,1,0,0,0,0
1785182460,28204.5,28207.5,28196.75,28201.25,,2250,3340.4,1,0,0,0,0
1785182520,28200.75,28204.5,28191.5,28193,,1665,3296.95,1,0,0,0,0
1785182580,28193.25,28194,28182,28185.5,,1767,3252.65,1,0,0,0,0
1785182640,28185.5,28199.25,28183,28196.75,,1797,3261.45,1,0,0,0,0
1785182700,28196,28198.25,28191.25,28194.25,,1279,3138.5,1,0,0,0,0
1785182760,28194.75,28197,28178.25,28183.75,,1700,3068.35,1,0,0,0,0
1785182820,28184,28193.75,28181.5,28192.5,,999,2986.35,1,0,0,0,0
1785182880,28192,28198.75,28190.25,28198.25,,891,2918.75,1,0,0,0,0
1785182940,28197.75,28198.25,28190.75,28196.75,,505,2799,1,0,0,0,0
1785183000,28196.25,28196.75,28183,28185.5,,979,2590.1,1,0,0,0,0
1785183060,28185.5,28187.5,28171.5,28173.25,,1354,2539.45,-1,0,0,0,0
1785183120,28173.5,28178.25,28169.25,28175.75,,1187,2496.8,-1,0,0,0,0
1785183180,28175.25,28180.75,28171,28178,,801,2406.25,1,0,0,0,0
1785183240,28178,28194.75,28178,28190.75,28185.16537569305,1100,2287.95,1,0,0,0,0
1785183300,28190.5,28192.5,28182.5,28183.25,,599,2103.05,1,0,0,0,0
1785183360,28183.75,28189.75,28180.5,28187,,483,1956.55,1,0,0,0,0
1785183420,28186.75,28191.5,28186,28189.75,,362,1857.25,1,0,0,0,0
1785183480,28190,28193.75,28188.25,28191.25,,384,1734.45,1,1,0,0,0
1785183540,28191.75,28193,28185.75,28187,,451,1341.75,1,0,0,0,0
1785183600,28186.5,28188.25,28183.75,28184.75,,236,1039.45,1,0,0,0,0
1785183660,28184.75,28185.25,28177,28179,,577,955.8,-1,0,0,1,0
1785183720,28179.25,28180.25,28174.75,28175,,370,891.05,-1,0,0,0,0
1785183780,28175,28179.5,28174,28175,,378,821.6,-1,0,0,0,0
1785183840,28175,28184.75,28175,28184.75,,483,755.9,1,0,0,0,0
1785183900,28184.25,28191.25,28184.25,28190,,606,722.25,1,0,0,0,0
1785183960,28189.75,28190.5,28184,28187.5,,320,653.25,1,0,0,0,0
1785184020,28187.5,28190.25,28186,28188,,287,617.65,1,0,0,0,0
1785184080,28188,28192.25,28185.5,28191.25,,432,594.7,1,0,0,0,0
1785184140,28190.75,28194.75,28188,28194.5,28188.2769171287,312,585.05,1,0,0,0,0
1785184200,28194,28195.75,28191.75,28192.5,,372,554.7,1,0,0,0,0
1785184260,28193.75,28196.25,28189.75,28195.25,,741,524.05,1,0,0,0,0
1785184320,28195.25,28202.25,28194.5,28199,,435,486.45,1,0,0,0,0
1785184380,28199.75,28203.5,28197,28201,,417,467.25,1,0,0,0,0
1785184440,28200.5,28220.75,28199.5,28218,,872,455.85,1,1,0,0,0
1785184500,28218.25,28231,28211,28224.5,,1107,481.25,1,0,0,0,0
1785184560,28223.75,28224.75,28217,28222.75,,551,484.65,1,0,0,0,0
1785184620,28222.5,28227.5,28222.25,28227.25,,455,489.3,1,0,0,0,0
1785184680,28227.25,28229.5,28215.75,28217,,559,498.05,1,0,0,0,0
1785184740,28216.5,28220.5,28215.25,28219,,261,488.55,1,0,0,0,0
1785184800,28218.75,28221,28210,28211.75,,549,504.2,1,0,0,0,0
1785184860,28211.25,28212.75,28209,28211,,347,492.7,1,0,0,0,0
1785184920,28211,28213,28210,28213,,228,485.6,1,0,0,0,0
1785184980,28212.75,28213.25,28209.5,28211.25,,188,476.1,1,0,0,0,0
1785185040,28210.75,28212,28205.5,28207.5,28194.684611419132,631,483.5,1,0,0,0,0
1785185100,28208,28210,28203.5,28206.5,,438,475.1,1,0,0,0,0
1785185160,28206.5,28209.5,28204.5,28206,,372,477.7,1,0,0,0,0
1785185220,28206,28207,28202.75,28203,,311,478.9,1,0,0,0,0
1785185280,28203,28203,28196.75,28197.5,,430,478.8,1,0,0,0,0
1785185340,28197.5,28198.25,28193.25,28193.75,,310,478.7,1,0,0,0,0
1785185400,28194.5,28204,28194.5,28198,,456,482.9,1,0,0,0,0
1785185460,28197.75,28197.75,28190.25,28194,,272,459.45,1,0,0,0,0
1785185520,28194.25,28195,28192.25,28195,,200,447.7,1,0,0,0,0
1785185580,28195,28195.25,28186.5,28189,,327,443.2,1,0,0,0,0
1785185640,28189.25,28194.25,28188.5,28194,,203,409.75,1,0,0,0,0
1785185700,28193.25,28204.5,28190.25,28200.75,,587,383.75,1,0,0,0,0
1785185760,28201,28202.75,28198,28200,,145,363.45,1,0,0,0,0
1785185820,28200.25,28202.25,28197,28197.75,,205,350.95,1,0,0,0,0
1785185880,28197.5,28200,28197.25,28199,,190,332.5,1,0,0,0,0
1785185940,28198.75,28211,28197.75,28210.25,28199.87307427942,428,340.85,1,1,0,0,0
1785189600,28210.5,28229,28201.75,28207.75,,1586,392.7,1,0,0,0,0
1785189660,28207.75,28214,28196.25,28199.5,,1134,432.05,1,0,0,0,0
1785189720,28199.75,28202.5,28189.25,28195,,800,460.65,1,0,0,0,0
1785189780,28194.75,28210,28193.5,28197.5,,760,489.25,1,0,0,0,0
1785189840,28198.25,28202.5,28188,28189.75,,574,486.4,-1,0,0,0,0
1785189900,28189.75,28195.25,28186.75,28189.25,,629,495.95,-1,0,0,0,0
1785189960,28190.5,28192,28184.75,28184.75,,465,500.6,-1,0,0,0,0
1785190020,28185,28185.75,28173.5,28173.5,,1050,537.55,-1,0,0,0,0
1785190080,28173.75,28182.75,28173.75,28175.75,,672,549.65,-1,0,0,0,0
1785190140,28175.75,28178.25,28172,28177.25,,373,552.8,-1,0,1,0,0
1785190200,28176.25,28178.75,28173,28173.75,,389,549.45,-1,0,0,0,0
1785190260,28174.5,28176.25,28170,28171.5,,552,563.45,-1,0,0,0,0
1785190320,28171.25,28173.5,28170.25,28171.25,,460,576.45,-1,0,0,0,0
1785190380,28170.5,28171.25,28155.25,28158.25,,1289,624.55,-1,0,0,0,0
1785190440,28159,28162,28156.75,28158.25,28185.99871618628,561,642.45,-1,0,0,0,0
1785190500,28157.75,28167.5,28155,28157.5,,1185,672.35,-1,0,0,0,0
1785190560,28156.75,28157.75,28153,28156.25,,584,694.3,-1,0,0,0,0
1785190620,28156.25,28162.25,28156,28160.25,,484,708.25,-1,0,0,0,0
1785190680,28161,28167,28154.75,28166,,754,736.45,-1,0,0,0,0
1785190740,28165.25,28165.75,28156.75,28158.25,,448,737.45,-1,0,0,0,0
1785190800,28157.5,28163,28149,28155.25,,1028,709.55,-1,0,1,0,1
1785190860,28155.75,28166,28155.75,28163.25,,645,685.1,-1,0,0,0,0
1785190920,28163.25,28164,28157.75,28158.5,,400,665.1,-1,0,0,0,0
1785190980,28158.75,28162.75,28156.5,28161.75,,297,641.95,-1,0,0,0,0
1785191040,28161.5,28161.5,28146,28149.25,,1093,667.9,-1,0,0,0,0
1785191100,28149.25,28154.25,28140,28141.5,,1467,709.8,-1,0,0,0,0
1785191160,28140.75,28145.25,28135.75,28140.5,,1191,746.1,-1,0,0,0,0
1785191220,28141,28143.5,28139,28139.75,,496,718.4,-1,0,0,0,0
1785191280,28139.25,28140.75,28133,28135.5,,876,728.6,-1,0,1,0,0
1785191340,28136,28137.25,28125.25,28129.25,28167.08247745752,1075,763.7,-1,0,0,0,0
1785191400,28129,28139.25,28128.25,28138.25,,819,785.2,-1,0,0,0,0
1785191460,28137.75,28145.5,28135,28138,,884,801.8,-1,0,0,0,0
1785191520,28138,28148.75,28138,28145,,794,818.5,-1,0,0,0,0
1785191580,28144.5,28146.75,28142,28145.5,,354,771.75,-1,0,0,0,0
1785191640,28145.5,28146.75,28139.25,28146,,496,768.5,-1,0,0,0,0
1785191700,28146.25,28153.5,28146,28151.75,,933,755.9,-1,0,0,0,0
1785191760,28152,28157.75,28149.25,28152.25,,850,769.2,-1,0,0,0,0
1785191820,28151.5,28151.5,28137,28140,,860,788,-1,0,0,0,0
1785191880,28139.25,28141.75,28137,28141,,401,770.35,-1,0,0,0,0
1785191940,28141.25,28146.25,28140.75,28144.5,,262,761.05,-1,0,0,0,0
1785192000,28143.75,28144.25,28128.75,28129,,713,745.3,-1,0,1,0,0
1785192060,28128.5,28140,28124.25,28135.75,,1107,768.4,-1,0,0,0,0
1785192120,28135.5,28140,28131.75,28137.75,,497,773.25,-1,0,0,0,0
1785192180,28136.75,28139.75,28133.75,28134.5,,263,771.55,-1,0,0,0,0
1785192240,28133.75,28136,28130.75,28134,28156.05498497168,366,735.2,-1,0,0,0,0
1785192300,28134.5,28138.5,28129,28132.75,,426,683.15,-1,0,1,0,1
1785192360,28133.25,28134.25,28125.25,28131,,711,659.15,-1,0,0,0,0
1785192420,28131.75,28140.25,28127.25,28136.75,,595,664.1,-1,0,0,0,0
1785192480,28136.5,28143,28135.75,28138.5,,494,645,-1,0,0,0,0
1785192540,28138.75,28141.5,28137.5,28137.75,,287,605.6,-1,0,0,0,0
1785192600,28138.75,28139.25,28132.75,28136.25,,438,586.55,-1,0,0,0,0
1785192660,28136.5,28149.25,28135.75,28140.5,,1085,596.6,-1,0,0,0,0
1785192720,28141,28141.25,28136.75,28140.75,,355,574.65,-1,0,0,0,0
1785192780,28140.75,28142.25,28137.25,28138.75,,192,566.55,-1,0,0,0,0
1785192840,28138.75,28138.75,28135.25,28135.5,,290,556.25,-1,0,0,0,0
1785192900,28135.5,28138,28134,28136.75,,269,523.05,-1,0,0,0,0
1785192960,28137.5,28137.5,28133.25,28135,,157,488.4,-1,0,0,0,0
1785193020,28135.5,28138.5,28128.5,28130,,572,474,-1,0,0,0,0
1785193080,28129,28130.5,28125.5,28128,,479,477.9,-1,0,0,0,0
1785193140,28128,28134.25,28125,28132.75,28148.286656647786,637,496.65,-1,0,0,0,0
1785193200,28131.75,28135.75,28129.25,28130,,391,480.55,-1,0,0,0,0
1785193260,28130,28130,28112.5,28114.25,,1798,515.1,-1,0,0,0,0
1785193320,28114,28115.25,28109.75,28112.25,,921,536.3,-1,0,0,0,0
1785193380,28112.25,28112.75,28107.5,28108.75,,863,566.3,-1,0,0,0,0
1785193440,28108.75,28112.25,28105,28111.25,,927,594.35,-1,0,0,0,0
1785193500,28111.25,28143,28107.75,28136.5,,2026,674.35,-1,0,0,0,0
1785193560,28135.75,28152.25,28135.25,28146.25,,1417,709.65,-1,0,0,0,0
1785193620,28146.25,28146.75,28135,28135.25,,818,720.8,-1,0,0,0,0
1785193680,28135.75,28137.5,28129,28136,,690,730.6,-1,0,0,0,0
1785193740,28135.5,28135.75,28127,28129.5,,492,740.85,-1,0,0,0,0
1785193800,28130,28132.25,28126,28128.25,,431,740.5,-1,0,0,0,0
1785193860,28128.25,28129.25,28126.25,28127.25,,212,696.85,-1,0,0,0,0
1785193920,28127.75,28133.5,28123.5,28132.5,,574,707.8,-1,0,0,0,0
1785193980,28133.5,28138.25,28132,28133.25,,584,727.4,-1,0,0,0,0
1785194040,28132.25,28135.5,28127.75,28130.5,28142.357771098523,358,730.8,-1,0,0,0,0
1785194100,28130.5,28130.5,28119.75,28123.75,,740,754.35,-1,0,0,0,0
1785194160,28123.75,28125,28117.75,28124.75,,686,780.8,-1,0,0,0,0
1785194220,28124.75,28143.75,28122.25,28143.5,,1246,814.5,-1,0,0,0,0
1785194280,28143.5,28144.5,28137.25,28142.5,,636,822.35,-1,0,0,0,0
1785194340,28142,28149,28138.5,28144.5,,671,824.05,-1,0,0,0,0
1785194400,28144.5,28160,28137.5,28138.75,,1546,881.8,-1,0,0,0,0
1785194460,28138.75,28143.25,28137.25,28142.25,,478,815.8,-1,0,0,0,0
1785194520,28142.75,28149.25,28138.25,28141,,435,791.5,-1,0,0,0,0
1785194580,28142,28144,28139.75,28143,,216,759.15,-1,0,0,0,0
1785194640,28143,28154.5,28142,28146.75,,695,747.55,-1,0,0,0,0
1785194700,28147.75,28149.75,28144.75,28146.75,,245,658.5,-1,0,0,0,0
1785194760,28147.5,28149,28143,28146.75,,284,601.85,-1,0,0,0,0
1785194820,28146.75,28147.5,28143,28145,,218,571.85,-1,0,0,0,0
1785194880,28145.25,28163,28144.75,28158.5,,1139,594.3,1,0,0,0,0
1785194940,28158.5,28163.5,28157.75,28161.25,28148.65518073235,558,597.6,1,0,0,0,0
1785195000,28161,28161.25,28152.75,28158,,750,613.55,1,0,0,0,0
1785195060,28158,28158,28151.5,28154.5,,560,630.95,1,0,0,0,0
1785195120,28154.25,28157.75,28150.5,28152.75,,338,619.15,1,0,0,0,0
1785195180,28153,28154.25,28151,28153.75,,257,602.8,1,0,0,0,0
1785195240,28153.75,28155.25,28151,28155,,327,601.25,1,0,0,0,0
1785195300,28154.25,28154.25,28134.25,28140,,1213,624.9,-1,0,0,0,0
1785195360,28140.25,28155.5,28139,28150.25,,853,633.25,1,0,0,0,0
1785195420,28149,28152.25,28144.75,28151,,238,582.85,1,0,0,0,0
1785195480,28151,28152.5,28145,28145.75,,160,559.05,1,0,0,0,0
1785195540,28145.5,28146.75,28142.5,28143.75,,269,538.95,1,0,0,0,0
1785195600,28145.25,28145.75,28140.25,28141.75,,353,479.3,-1,0,0,0,0
1785195660,28141.75,28145.5,28140.5,28142.5,,322,471.5,1,0,0,0,0
1785195720,28141.5,28143.25,28136.5,28142,,398,469.65,-1,0,0,0,0
1785195780,28141.25,28142.25,28130,28131,,776,497.65,-1,0,0,0,0
1785195840,28130.5,28133.75,28129.75,28131.75,28143.020120488232,437,484.75,-1,0,0,0,0
1785195900,28132.5,28143.5,28122,28136.75,,1882,566.6,-1,0,0,0,0
1785195960,28136.25,28143.5,28126.75,28129.25,,873,596.05,-1,0,0,0,0
1785196020,28129.25,28137.75,28123.25,28132.25,,872,628.75,-1,0,0,0,0
1785196080,28132.75,28134.75,28122.25,28124.5,,711,607.35,-1,0,0,0,0
1785196140,28123.75,28131,28120.75,28129.5,,925,625.7,-1,0,0,0,0
1785196200,28130,28139.75,28123.75,28131.5,,1053,640.85,-1,0,0,0,0
1785196260,28130.25,28175,28130.25,28166.25,,2701,747.9,1,0,0,0,0
1785196320,28165.75,28178.75,28164,28167.25,,1443,803.15,1,0,0,0,0
1785196380,28167.25,28177.25,28161.75,28169.75,,880,834.3,1,1,0,0,0
1785196440,28169.5,28173.75,28166.75,28172.75,,697,852.8,1,0,0,0,0
1785196500,28172.5,28178.5,28168.5,28172,,900,837.15,1,0,0,0,0
1785196560,28172.75,28173.5,28162.75,28167.75,,761,832.55,1,0,0,0,0
1785196620,28166.5,28168.75,28159.5,28160.5,,942,867.75,1,0,0,0,0
1785196680,28160.75,28166.5,28155.5,28161,,675,893.5,1,0,0,0,0
1785196740,28161.25,28164.5,28155.75,28163.25,28149.76341365882,547,907.4,1,0,0,0,0
1785196800,28164.5,28185.25,28162.25,28171,,3210,1050.25,1,0,0,0,0
1785196860,28171,28173,28152,28166.75,,1743,1121.3,1,0,0,0,0
1785196920,28167.5,28190,28165.25,28179.5,,2365,1219.65,1,0,0,0,0
1785196980,28178,28192.75,28168,28191,,1653,1263.5,1,0,0,0,0
1785197040,28191.75,28195,28182,28184.5,,1578,1320.55,1,0,0,0,0
1785197100,28185.75,28189,28139.5,28142,,3296,1391.25,-1,0,0,0,0
1785197160,28142.25,28165.75,28136.25,28158.25,,2595,1477.35,1,0,0,0,0
1785197220,28157.75,28157.75,28127.5,28141.5,,2025,1535,-1,0,1,0,0
1785197280,28141,28150,28133.5,28137.5,,1205,1559.7,-1,0,0,0,0
1785197340,28137.5,28147,28130,28140.75,,1203,1573.6,-1,0,0,0,0
1785197400,28142.5,28152.5,28112.75,28117.25,,2892,1665.55,-1,0,0,0,0
1785197460,28117,28120.75,28097.25,28100.75,,3235,1692.25,-1,0,0,0,0
1785197520,28101,28122.75,28100.5,28108.75,,1880,1714.1,-1,0,0,0,0
1785197580,28108.25,28109.25,28095.5,28097.75,,1543,1747.25,-1,0,0,0,0
1785197640,28098.25,28111.5,28094.5,28111.5,28137.008942439214,1466,1785.7,-1,0,0,0,0
1785197700,28111,28131,28100.5,28128,,2782,1879.8,-1,0,0,0,0
1785197760,28128.5,28133,28106.75,28115,,1379,1910.7,-1,0,0,0,0
1785197820,28114.5,28117.5,28102.75,28115.5,,1063,1916.75,-1,0,0,0,0
1785197880,28116,28122.25,28105,28107,,949,1930.45,-1,0,0,0,0
1785197940,28107.25,28119.75,28103,28115.75,,1172,1961.7,-1,0,0,0,0
1785198000,28115.75,28124.25,28109.75,28115.75,,1402,1871.3,-1,0,0,0,0
1785198060,28115.5,28120.5,28101,28106,,1190,1843.65,-1,0,0,0,0
1785198120,28106.5,28107.5,28080,28088.5,,2688,1859.8,-1,0,0,0,0
1785198180,28089.25,28094,28083.75,28088,,1234,1838.85,-1,0,0,0,0
1785198240,28087.75,28096.5,28082.5,28089.5,,987,1809.3,-1,0,1,0,1
1785198300,28089.5,28098.25,28081.25,28092.25,,1202,1704.6,-1,0,0,0,0
1785198360,28091.25,28094.75,28068.75,28074.25,,2069,1678.3,-1,0,0,0,0
1785198420,28074.25,28081,28068.25,28079.25,,1419,1648,-1,0,0,0,0
1785198480,28080,28094.75,28074,28083.5,,1803,1677.9,-1,0,0,0,0
1785198540,28084.25,28105,28080,28105,28126.339294959475,1714,1703.45,-1,0,0,0,0
1785198600,28104.25,28111,28071.75,28074,,2678,1692.75,-1,0,0,0,0
1785198660,28073.75,28081.25,28060.25,28066.75,,2201,1641.05,-1,0,0,0,0
1785198720,28066.75,28075,28061.5,28073.25,,1197,1606.9,-1,0,0,0,0
1785198780,28073.25,28122.5,28071.75,28116.5,,2878,1673.65,-1,0,0,0,0
1785198840,28116.25,28127.5,28112.25,28119.25,,2149,1707.8,-1,0,0,0,0
1785198900,28119.5,28135,28114,28131.25,,2383,1687.85,-1,0,0,0,0
1785198960,28131.25,28135.75,28121.5,28130.75,,1423,1690.05,-1,0,0,0,0
1785199020,28131.25,28139.75,28116.75,28121.5,,1496,1711.7,-1,0,0,0,0
1785199080,28122.25,28136.5,28121.75,28125.25,,937,1711.1,-1,0,0,0,0
1785199140,28126,28132.5,28118.5,28120.25,,743,1689.65,-1,0,0,0,0
1785199200,28119.75,28127.75,28109,28110.5,,1477,1693.4,-1,0,0,0,0
1785199260,28110.75,28127.75,28108,28118.5,,1337,1700.75,-1,0,0,0,0
1785199320,28119.25,28126.5,28114.25,28124.75,,732,1602.95,-1,0,0,0,0
1785199380,28125.5,28139.25,28119,28133.75,,1408,1611.65,-1,0,0,0,0
1785199440,28134.25,28138.5,28116.5,28121,28124.559529972983,1227,1623.65,-1,0,0,0,0
1785199500,28121.5,28121.5,28096.5,28100.75,,2024,1664.75,-1,0,0,0,0
1785199560,28100.25,28107.25,28094.5,28104.25,,1175,1620.05,-1,0,0,0,0
1785199620,28102.5,28105.75,28081,28081,,1816,1639.9,-1,0,1,0,0
1785199680,28080.75,28086.75,28071.75,28077.5,,1493,1624.4,-1,0,0,0,0
1785199740,28077.5,28087.25,28070.5,28077.25,,1580,1617.7,-1,0,0,0,0
1785199800,28077.5,28079.25,28065.5,28075.75,,1392,1553.4,-1,0,0,0,0
1785199860,28074.5,28080,28062.25,28064.25,,1197,1503.2,-1,0,0,0,0
1785199920,28063.25,28076.25,28063.25,28069,,971,1491.9,-1,0,0,0,0
1785199980,28068.25,28070.5,28062,28066,,893,1392.65,-1,0,0,0,0
1785200040,28066.5,28073.75,28062.25,28071.75,,813,1325.85,-1,0,0,0,0
1785200100,28071.75,28079.75,28065.5,28078,,1188,1266.1,-1,0,0,0,0
1785200160,28077.75,28078.5,28067.75,28069.75,,892,1239.55,-1,0,0,0,0
1785200220,28070,28084.25,28064.75,28076.25,,1515,1240.5,-1,0,0,0,0
1785200280,28076.75,28079.5,28065.75,28066.25,,742,1230.75,-1,0,0,0,0
1785200340,28065.75,28076.25,28055,28071,28106.706353315323,2154,1301.3,-1,0,0,0,0
1785200400,28072,28078.75,28050.75,28060.5,,2646,1359.75,-1,0,0,0,0
1785200460,28060.5,28065.5,28042,28057,,2910,1438.4,-1,0,0,0,0
1785200520,28055.75,28063.75,28044.25,28055,,1676,1485.6,-1,0,0,0,0
1785200580,28054,28070.25,28051.5,28068,,1337,1482.05,-1,0,0,0,0
1785200640,28069.25,28076,28041,28042.25,,2113,1526.35,-1,0,0,0,0
1785200700,28041,28048.75,28038,28044.75,,1283,1489.3,-1,0,0,0,0
1785200760,28044,28045,28022.75,28024,,2757,1568.4,-1,0,1,0,1
1785200820,28023.75,28025,28018.5,28022.25,,1655,1560.35,-1,0,0,0,0
1785200880,28023,28028.25,28019.5,28022.5,,992,1535.3,-1,0,0,0,0
1785200940,28022.5,28023.75,27988.25,28006.25,,4185,1665.55,-1,0,0,0,0
1785201000,28006.75,28011.5,27996.25,27998,,1689,1680.4,-1,0,0,0,0
1785201060,27998.5,28006.5,27994.25,28003.25,,1496,1695.35,-1,0,1,0,1
1785201120,28002.25,28003,27969.25,27972.5,,2768,1785.2,-1,0,0,0,0
1785201180,27973,27998.5,27970.25,27995,,2344,1857.75,-1,0,0,0,0
1785201240,27994.75,28000.5,27987.25,27992.25,28068.55423554355,1451,1889.65,-1,0,0,0,0
1785201300,27992.5,28001.75,27986.75,28001.5,,1321,1896.3,-1,0,0,0,0
1785201360,28001.5,28011,27996.5,28000.25,,1672,1935.3,-1,0,0,0,0
1785201420,28001.5,28007.25,27996.75,28005.5,,679,1893.5,-1,0,0,0,0
1785201480,28005.75,28006,27995.25,27997.5,,1015,1907.15,-1,0,0,0,0
1785201540,27996.5,28004,27990,28002.75,,960,1847.45,-1,0,0,0,0
1785201600,28003,28011.75,27998.75,28011.25,,1226,1776.45,-1,0,0,0,0
1785201660,28011.25,28021,28003.5,28017.5,,1630,1712.45,-1,0,0,0,0
1785201720,28017.75,28021.25,27992.25,27993.5,,2238,1740.55,-1,0,0,0,0
1785201780,27993.5,28009.25,27990.5,28004.25,,1435,1745.45,-1,0,0,0,0
1785201840,28005,28006,27993.5,28005.25,,965,1688.05,-1,0,0,0,0
1785201900,28005.25,28006,27994.5,28004.75,,619,1654.85,-1,0,0,0,0
1785201960,28004.25,28024.25,27996.75,28023.5,,1844,1609.2,-1,0,0,0,0
1785202020,28023.25,28051.5,28019,28049.75,,2873,1670.1,-1,0,0,0,0
1785202080,28049.75,28078.25,28047.25,28062.5,,3169,1778.95,-1,0,0,0,0
1785202140,28062.5,28069.25,28056.25,28058.75,28065.286157029033,1435,1641.45,-1,0,0,0,0
1785202200,28059,28060.5,28052.5,28056.25,,1394,1626.7,-1,0,0,0,0
1785202260,28056.25,28070,28053.25,28061.75,,1288,1616.3,-1,0,0,0,0
1785202320,28062,28066,28053,28059.5,,970,1526.4,-1,0,0,0,0
1785202380,28059.25,28064.75,28056,28057.75,,738,1446.1,-1,0,0,0,0
1785202440,28058,28091,28054.25,28088.75,,1795,1463.3,1,0,0,0,0
1785202500,28089.5,28097,28073.75,28076,,2166,1505.55,1,0,0,0,0
1785202560,28075,28082.5,28071.5,28078.5,,1263,1485.1,1,0,0,0,0
1785202620,28078.25,28083.25,28076,28078.25,,532,1477.75,1,0,0,0,0
1785202680,28078.25,28083.75,28068,28068.5,,833,1468.65,-1,0,0,0,0
1785202740,28068.75,28074.25,28057,28065,,1550,1498.15,-1,0,0,0,0
1785202800,28065,28067.75,28046.5,28050,,1684,1521.05,-1,0,0,0,0
1785202860,28050.5,28062,28049.5,28052.25,,822,1480.65,-1,0,0,0,0
1785202920,28052,28059.5,28049.25,28053.25,,738,1405.65,-1,0,0,0,0
1785202980,28053.25,28071,28048.75,28067.75,,1112,1389.5,-1,0,0,0,0
1785203040,28067.5,28083.25,28055.75,28079.75,28070.107438019357,1899,1436.2,1,0,0,0,0
1785203100,28079.5,28081.5,28064.75,28066.25,,1150,1462.75,1,0,0,0,0
1785203160,28066.25,28094.75,28066,28085.25,,1514,1446.25,1,0,0,0,0
1785203220,28085,28087.75,28076.5,28081,,974,1351.3,1,0,0,0,0
1785203280,28080.5,28092.75,28079.5,28089.5,,850,1235.35,1,0,0,0,0
1785203340,28089.25,28091.5,28080,28081.25,,498,1188.5,1,0,0,0,0
1785203400,28080.75,28084.5,28070,28071.5,,1019,1169.75,1,0,0,0,0
1785203460,28071.25,28071.25,28052.25,28055.25,,1401,1175.4,-1,0,0,0,0
1785203520,28054.75,28055,28040.75,28041.75,,1863,1220.05,-1,0,0,0,0
1785203580,28041.5,28043,28027,28030.5,,2021,1284.2,-1,0,0,0,0
1785203640,28029.75,28031.25,28019.5,28022.75,,1737,1281.3,-1,0,0,0,0
1785203700,28023.25,28027.75,28011.75,28014.25,,1514,1248.7,-1,0,0,0,0
1785203760,28014.5,28021.75,28007.75,28015,,1179,1244.5,-1,0,0,0,0
1785203820,28014,28018,28012.25,28015.5,,588,1247.3,-1,0,0,0,0
1785203880,28015.75,28022.5,28011.75,28014.75,,796,1245.45,-1,0,0,0,0
1785203940,28015.25,28022,28012.25,28020.25,28053.488292012906,652,1200.55,-1,0,0,0,0
1785204000,28021,28024.5,27995,27998.75,,2175,1225.1,-1,0,0,0,0
1785204060,27997.75,28004,27992.25,27998.75,,1508,1259.4,-1,0,0,0,0
1785204120,27999.25,28000.25,27994.75,27997,,757,1260.35,-1,0,0,0,0
1785204180,27997,27997.75,27987.25,27995,,1458,1277.65,-1,0,1,0,0
1785204240,27995,27995.5,27986.25,27988,,952,1230.3,-1,0,0,0,0
1785204300,27988.25,27999.25,27983.75,27990.5,,1346,1240.1,-1,0,0,0,0
1785204360,27989.25,28001.5,27986.5,27987.75,,1253,1227.05,-1,0,0,0,0
1785204420,27988,28000,27986.25,27999.25,,901,1223.4,-1,0,0,0,0
1785204480,27998.75,28004.75,27995.5,27995.5,,1183,1240.05,-1,0,0,0,0
1785204540,27996.5,28001.25,27993.25,27995.75,,749,1252.6,-1,0,0,0,0
1785204600,27995,28009.25,27993,28006.25,,895,1246.4,-1,0,0,0,0
1785204660,28006.25,28010.5,28001,28004.75,,836,1218.15,-1,0,0,0,0
1785204720,28005,28010.25,27999.75,28004.25,,1153,1182.65,-1,0,0,0,0
1785204780,28004.5,28004.5,27985.75,27989.5,,1397,1151.45,-1,0,0,0,0
1785204840,27989,28004.25,27989,27995.5,28034.158861341937,981,1113.65,-1,0,0,0,0
1785204900,27995.25,27995.25,27981.5,27987.5,,1318,1103.85,-1,0,0,0,0
1785204960,27988.75,27989,27972.5,27984.75,,2260,1157.9,-1,0,0,0,0
1785205020,27985.25,28005.25,27982.25,28003.5,,1422,1199.6,-1,0,0,0,0
1785205080,28004.25,28004.75,27983.75,27986,,1170,1218.3,-1,0,0,0,0
1785205140,27985.5,28014.25,27985,28011.75,,1748,1273.1,-1,0,0,0,0
1785205200,28012.25,28027.25,28010.5,28018,,1933,1261,-1,0,0,0,0
1785205260,28018,28030.25,28018,28020.75,,1626,1266.9,-1,0,0,0,0
1785205320,28020.75,28028.75,28017.5,28021.5,,878,1272.95,-1,0,0,0,0
1785205380,28021.25,28028.5,28008,28009.25,,1376,1268.85,-1,0,0,0,0
1785205440,28009.25,28022.75,28005.75,28022,,1237,1283.1,-1,0,0,0,0
1785205500,28021.5,28023.5,28010.75,28015.5,,868,1259.2,-1,0,0,0,0
1785205560,28014.75,28015.5,27983,27983.75,,1980,1295.55,-1,0,0,0,0
1785205620,27984,27993.5,27981.25,27981.25,,1258,1313.4,-1,0,0,0,0
1785205680,27981.25,27995,27981,27992.5,,863,1297.4,-1,0,0,0,0
1785205740,27992.5,27992.5,27985.5,27987.25,28018.522574227958,524,1286.15,-1,0,0,0,0
1785205800,27987,27989,27975.75,27985,,1416,1312.2,-1,0,0,0,0
1785205860,27985.25,27988.5,27967.75,27968,,1861,1363.45,-1,0,0,0,0
1785205920,27968.25,27974.5,27966.75,27973.25,,1173,1364.45,-1,0,0,0,0
1785205980,27973,27973.25,27951.5,27954,,2137,1401.45,-1,0,1,0,0
1785206040,27954.25,27977.75,27953.25,27970.25,,1889,1446.85,-1,0,0,0,0
1785206100,27970,27977.25,27965.75,27970.75,,900,1425.95,-1,0,0,0,0
1785206160,27970,27978,27957.25,27977,,1064,1366.15,-1,0,0,0,0
1785206220,27975.75,27981.75,27969,27971.75,,1067,1348.4,-1,0,0,0,0
1785206280,27972.25,27988.75,27968.5,27982.75,,1436,1361.7,-1,0,0,0,0
1785206340,27982.75,27984,27969,27977.5,,1193,1333.95,-1,0,0,0,0
1785206400,27977.5,27982.25,27964.5,27965.75,,928,1283.7,-1,0,0,0,0
1785206460,27965.25,27970.75,27963.75,27969.5,,799,1242.35,-1,0,0,0,0
1785206520,27969.5,27974.5,27967,27971.75,,647,1230.8,-1,0,0,0,0
1785206580,27971.75,27973.75,27962,27968,,780,1201,-1,0,0,0,0
1785206640,27968.5,27974.75,27960.75,27971.25,28002.765049485304,675,1172.9,-1,0,0,0,0
1785206700,27971.75,27974.25,27963.25,27967.25,,869,1172.95,-1,0,0,0,0
1785206760,27966.75,27979,27965,27974.75,,928,1120.35,-1,0,0,0,0
1785206820,27975,27975,27963.5,27967,,655,1090.2,-1,0,0,0,0
1785206880,27966,27970,27962.75,27966.5,,731,1083.6,-1,0,0,0,0
1785206940,27966.5,27979.75,27963.25,27972.25,,1022,1108.5,-1,0,0,0,0
1785207000,27973.25,27981.25,27955,27961.5,,1700,1122.7,-1,0,0,0,0
1785207060,27960,27985,27957,27972.25,,1693,1114.3,-1,0,0,0,0
1785207120,27972.75,27990.5,27972,27987.25,,1537,1132.5,-1,0,0,0,0
1785207180,27987.5,28007.25,27987.5,28000.25,,1897,1120.5,-1,0,0,0,0
1785207240,28001.5,28005.5,27991,27992.25,,890,1070.55,-1,0,0,0,0
1785207300,27992.5,27995,27986.75,27990.25,,607,1055.9,-1,0,0,0,0
1785207360,27990.5,27992.25,27981.75,27982,,882,1046.8,-1,0,0,0,0
1785207420,27982.25,27990.25,27977.75,27988.75,,786,1032.75,-1,0,0,0,0
1785207480,27989,27997.5,27987,27996,,922,1007.05,-1,0,0,0,0
1785207540,27995.25,27995.75,27986.25,27992.75,27999.42669965687,479,971.35,-1,0,0,0,0
1785207600,27993,27999.5,27970.5,27971.5,,1299,989.9,-1,0,0,0,0
1785207660,27972,27974,27962,27970.25,,1089,1004.4,-1,0,0,0,0
1785207720,27969.5,27976.5,27965.5,27967.75,,924,1018.25,-1,0,0,0,0
1785207780,27968.25,27970.25,27964,27964.5,,391,998.8,-1,0,0,0,0
1785207840,27965,27967,27953.25,27964.5,,1535,1041.8,-1,0,0,0,0
1785207900,27964.25,27964.75,27950.25,27951.5,,906,1043.65,-1,0,0,0,0
1785207960,27951.25,27959.75,27945,27959,,1844,1089.45,-1,0,0,0,0
1785208020,27958.25,27967.5,27948,27950.75,,1150,1114.2,-1,0,0,0,0
1785208080,27950.25,27954,27945.75,27948,,600,1107.65,-1,0,0,0,0
1785208140,27946.75,27947.25,27941.5,27944,,1014,1107.25,-1,0,0,0,0
1785208200,27944.25,27948,27932.5,27938.75,,2283,1136.4,-1,0,0,0,0
1785208260,27939,27944,27933,27944,,1320,1117.75,-1,0,0,0,0
1785208320,27944.25,27951.75,27939.75,27950.5,,1401,1110.95,-1,0,0,0,0
1785208380,27951,27974.5,27947.5,27964.25,,2126,1122.4,-1,0,0,0,0
1785208440,27964.75,27971,27962.75,27967.75,27988.867799771248,609,1108.35,-1,0,0,0,0
1785208500,27968,27985.5,27963.75,27980.75,,1354,1145.7,-1,0,0,0,0
1785208560,27980.5,27987.25,27976.25,27985,,991,1151.15,-1,0,0,0,0
1785208620,27984.5,28006.75,27983,28003.5,,1696,1196.65,1,1,0,0,0
1785208680,28003.5,28022,27997.25,28013.75,,2215,1261.3,1,0,0,0,0
1785208740,28013.75,28024.25,28012.25,28022.25,,1020,1288.35,1,0,0,0,0
1785208800,28023,28035.25,28020,28020,,1656,1306.2,1,0,0,0,0
1785208860,28020,28040,28017.75,28036.75,,1268,1315.15,1,0,0,0,0
1785208920,28038,28043.25,28034.25,28037.75,,1199,1328.9,1,0,0,0,0
1785208980,28037,28044.5,28032,28038.75,,1200,1369.35,1,0,0,0,0
1785209040,28038.25,28046.25,28032.25,28033,,1079,1346.55,1,0,0,0,0
1785209100,28033.25,28046.75,28032.5,28032.5,,1345,1368.5,1,0,0,0,0
1785209160,28032.5,28034.5,28012.75,28013.75,,1837,1368.15,1,0,0,0,0
1785209220,28013.75,28013.75,28001.5,28002,,1363,1378.8,1,0,0,0,0
1785209280,28001.75,28001.75,27985.25,27987.75,,1545,1426.05,-1,0,0,1,0
1785209340,27987.25,27990.25,27982.25,27987,27988.245199847497,861,1418.4,-1,0,0,0,0
1785209400,27986.5,27986.75,27957.5,27964.25,,2593,1433.9,-1,0,1,0,0
1785209460,27964,27966.25,27951.5,27963.75,,1378,1436.8,-1,0,0,0,0
1785209520,27963.25,27993.75,27963.25,27985.75,,2318,1482.65,-1,0,0,0,0
1785209580,27985.25,28014.75,27985.25,28007.25,,2304,1491.55,1,0,0,0,0
1785209640,28008.25,28016.25,28004.75,28013,,1007,1511.45,1,0,0,0,0
1785209700,28012.75,28020,28006.25,28015,,1015,1494.5,1,1,0,0,0
1785209760,28013.75,28021.75,28004,28016.5,,900,1489.95,1,0,0,0,0
1785209820,28018.75,28031.75,28017.5,28029.5,,1085,1459.4,1,0,0,0,0
1785209880,28029.25,28041.5,28028.75,28039.75,,1272,1412.25,1,0,0,0,0
1785209940,28039.75,28046,28037.75,28041.25,,1076,1415.05,1,0,0,0,0
1785210000,28042,28063.5,28040.5,28056.25,,1911,1427.8,1,1,0,0,0
1785210060,28055.75,28062.5,28044,28044.5,,1378,1433.3,1,0,0,0,0
1785210120,28045,28045.75,28035.25,28038,,1199,1433.3,1,0,0,0,0
1785210180,28038,28056.75,28034.5,28056.25,,1117,1429.15,1,0,0,0,0
1785210240,28056.75,28057.5,28046.75,28056.5,28010.99679989833,539,1402.15,1,0,0,0,0
1785210300,28057.25,28071,28052.5,28054.25,,1519,1410.85,1,1,0,0,0
1785210360,28053.75,28059.25,28039.5,28048,,976,1367.8,1,0,0,0,0
1785210420,28047.5,28053,28043.25,28045,,463,1322.8,1,0,0,0,0
1785210480,28046,28060,28042,28059.5,,883,1289.7,1,0,0,0,0
1785210540,28059,28063.25,28046.5,28058.5,,783,1285.8,1,0,0,0,0
1785210600,28058.75,28063.75,28046.5,28047.25,,645,1188.4,1,0,0,0,0
1785210660,28047.75,28052,28041.5,28047.25,,629,1150.95,1,0,0,0,0
1785210720,28049.5,28051.75,28032.25,28033,,758,1072.95,1,0,0,0,0
1785210780,28033,28055,28030.5,28041,,1222,1018.85,1,0,0,0,0
1785210840,28042.75,28050,28037.25,28046.5,,555,996.25,1,0,0,0,0
1785210900,28046.5,28048.25,28025.75,28029,,798,985.4,1,0,0,0,0
1785210960,28029,28044,28028.25,28043.5,,638,972.3,1,0,0,0,0
1785211020,28043.25,28045.75,28033,28035.75,,558,945.95,1,0,0,0,0
1785211080,28035.5,28052.5,28032,28051.25,,706,917.65,1,0,0,0,0
1785211140,28052,28053.75,28046.25,28048.75,28023.58119993222,511,889.4,1,0,0,0,0
1785211200,28048.75,28049,28035,28040.5,,964,842.05,1,0,0,0,0
1785211260,28040.25,28045.5,28032.75,28038.5,,912,818.75,1,0,0,0,0
1785211320,28037.75,28042.5,28034.5,28039.75,,421,779.85,1,0,0,0,0
1785211380,28039.5,28040.75,28034.5,28038.75,,331,740.55,1,0,0,0,0
1785211440,28039.5,28042,28031.75,28034,,472,737.2,1,0,0,0,0
1785211500,28033.75,28035,28022.75,28028.25,,934,707.95,1,0,0,0,0
1785211560,28028.5,28035.25,28025,28031,,848,701.55,1,0,0,0,0
1785211620,28030.5,28034.25,28019,28020.5,,881,722.45,1,0,0,0,0
1785211680,28021.25,28021.5,28010.25,28014,,1052,730.9,1,0,0,0,0
1785211740,28013.5,28016.75,28006.25,28006.25,,632,723.35,-1,0,0,0,0
1785211800,28006.25,28012.75,28002,28005.75,,830,732.6,-1,0,0,0,0
1785211860,28006.25,28012,28002.5,28007.75,,469,724.6,-1,0,0,0,0
1785211920,28006.75,28009,27992,27994,,1011,737.25,-1,0,0,0,0
1785211980,27994,27999,27992.5,27994.75,,592,705.75,-1,0,0,0,0
1785212040,27994.25,27996,27978.25,27985,28010.720799954815,1098,732.9,-1,0,1,0,0
1785212100,27985,27987.75,27976.25,27985.25,,905,738.25,-1,0,0,0,0
1785212160,27984.75,27996,27980.25,27993.25,,1065,759.6,-1,0,0,0,0
1785212220,27993,28002.25,27988.5,27994.5,,873,775.35,-1,0,0,0,0
1785212280,27993.75,27999.5,27986.5,27998,,497,764.9,-1,0,0,0,0
1785212340,27998,28014,27994.75,28013,,977,788.2,-1,0,0,0,0
1785212400,28012,28016.75,27988,27988.5,,1075,793.75,-1,0,0,0,0
1785212460,27988.25,27991.5,27981,27982.25,,655,780.9,-1,0,0,0,0
1785212520,27982.25,27986,27980.75,27981.75,,393,779.5,-1,0,0,0,0
1785212580,27981.5,27988.5,27972.25,27972.5,,654,795.65,-1,0,1,0,0
1785212640,27972.5,27977.5,27970,27976.5,,574,800.75,-1,0,0,0,0
1785212700,27976,27983.5,27971.25,27976.5,,554,781.75,-1,0,0,0,0
1785212760,27975.5,27981.75,27970,27981.75,,402,759.45,-1,0,0,0,0
1785212820,27982.75,27984.75,27972.75,27975,,454,738.1,-1,0,0,0,0
1785212880,27976,27981.5,27972.75,27976.25,,315,701.25,-1,0,0,0,0
1785212940,27975.5,27982.75,27972.25,27973.75,27998.397199969877,278,683.55,-1,0,0,0,0
1785213000,27973.5,27975,27965.75,27968.5,,809,682.5,-1,0,0,0,0
1785213060,27968.75,27981.5,27968.25,27968.5,,541,686.1,-1,0,0,0,0
1785213120,27968.75,27969,27962,27964.75,,713,671.2,-1,0,0,0,0
1785213180,27963.75,27971.5,27963.25,27969.5,,428,663,-1,0,0,0,0
1785213240,27970,27975.75,27965,27972,,466,631.4,-1,0,0,0,0
1785213300,27972,27976.25,27965.5,27971.5,,348,603.55,-1,0,0,0,0
1785213360,27970.75,27974.75,27960.5,27965.5,,570,578.8,-1,0,0,0,0
1785213420,27965.75,27978.25,27965.25,27968.75,,456,557.95,-1,0,0,0,0
1785213480,27968.75,27979.75,27966.25,27978.75,,308,548.5,-1,0,0,0,0
1785213540,27979,27983,27972,27978.25,,555,527.4,-1,0,0,0,0
1785213600,27977.5,27978.75,27963.5,27976.25,,535,500.4,-1,0,0,0,0
1785213660,27976.25,27982.5,27968,27978,,504,492.85,-1,0,0,0,0
1785213720,27978.25,27983.75,27971.75,27972.5,,494,497.9,-1,0,0,0,0
1785213780,27971.75,27977.25,27968.25,27972,,350,482.7,-1,0,0,0,0
1785213840,27972.25,27976.25,27968.5,27975,27990.59813331325,193,463.65,-1,0,0,0,0
1785213900,27974,27986,27972.25,27982.75,,561,464,-1,0,0,0,0
1785213960,27982.5,27999.25,27981.5,27991,,1295,508.65,-1,0,0,0,0
1785214020,27991,28003.75,27988.5,27990.25,,782,525.05,-1,0,0,0,0
1785214080,27989.75,27990,27970.75,27975,,675,543.05,-1,0,0,0,0
1785214140,27974.5,27983.75,27972.25,27975.5,,557,557,-1,0,0,0,0
1785214200,27975,27978.75,27965.75,27971.75,,583,545.7,-1,0,1,0,0
1785214260,27971.75,27975,27965,27967,,427,540,-1,0,0,0,0
1785214320,27966.75,27969.5,27962.75,27964.75,,383,523.5,-1,0,0,0,0
1785214380,27964,27966.75,27953.5,27955.5,,856,544.9,-1,0,0,0,0
1785214440,27955.25,27964.5,27954.75,27963.25,,437,543.45,-1,0,0,0,0
1785214500,27962.75,27967.5,27955.75,27961.5,,389,545.5,-1,0,0,0,0
1785214560,27961,27970.5,27956.5,27966.5,,405,537.25,-1,0,0,0,0
1785214620,27965.5,27965.5,27954.5,27960,,313,530.1,-1,0,0,0,0
1785214680,27959.75,27960.5,27951.5,27953.75,,358,532.6,-1,0,0,0,0
1785214740,27954.25,27958,27951.25,27956.25,27979.148755542166,505,530.1,-1,0,0,0,0
1785214800,27956.5,27972.25,27947,27969.5,,1176,562.15,-1,0,0,0,0
1785214860,27970.25,27984,27968.25,27974.5,,1116,592.75,-1,0,0,0,0
1785214920,27974.25,27981.25,27966.25,27979.25,,507,593.4,-1,0,0,0,0
1785214980,27980,27982.5,27975,27978.75,,393,595.55,-1,0,0,0,0
1785215040,27978.25,27983.5,27971.75,27972.25,,400,605.9,-1,0,0,0,0
1785215100,27971.5,27975.25,27961,27962,,627,609.2,-1,0,0,0,0
1785215160,27962.5,27965.25,27949.25,27960,,929,590.9,-1,0,0,0,0
1785215220,27960.5,27972.5,27958,27958.25,,597,581.65,-1,0,0,0,0
1785215280,27959,27973,27958.25,27963.25,,558,575.8,-1,0,0,0,0
1785215340,27963.5,27975,27961,27973.25,,433,569.6,-1,0,0,0,0
1785215400,27974,27974.25,27963.25,27965.75,,422,561.55,-1,0,0,0,0
1785215460,27965.5,27970,27959,27961.25,,387,559.55,-1,0,0,0,0
1785215520,27960.5,27961.75,27954.5,27955,,345,557.65,-1,0,0,0,0
1785215580,27956,27957.25,27948.5,27948.75,,649,547.3,-1,0,0,0,0
1785215640,27948.5,27950,27942,27946.25,27968.182503694778,878,569.35,-1,0,0,0,0
1785215700,27947.75,27955,27945.25,27949.5,,522,576,-1,0,0,0,0
1785215760,27949.5,27952.5,27943.5,27951.75,,511,581.3,-1,0,0,0,0
1785215820,27951.25,27956.5,27946.25,27946.25,,373,584.3,-1,0,0,0,0
1785215880,27946,27951,27944.5,27947.5,,303,581.55,-1,0,0,0,0
1785215940,27947.5,27948.25,27939,27939.25,,560,584.3,-1,0,0,0,0
1785216000,27939,27947.75,27936.5,27942.25,,774,564.2,-1,0,0,0,0
1785216060,27942,27943.5,27935.25,27936.5,,545,535.65,-1,0,0,0,0
1785216120,27936,27938.25,27925.5,27932,,1192,569.9,-1,0,0,0,0
1785216180,27932,27938.75,27923.75,27936.75,,989,599.7,-1,0,0,0,0
1785216240,27936.75,27941.5,27931.5,27932.25,,543,606.85,-1,0,0,0,0
1785216300,27932.5,27933.25,27922.75,27923.25,,802,615.6,-1,0,0,0,0
1785216360,27923.5,27926.75,27914.25,27926.25,,1647,651.5,-1,0,0,0,0
1785216420,27925.75,27927.75,27918.25,27923.5,,654,654.35,-1,0,0,0,0
1785216480,27922,27925,27916.25,27922.25,,570,654.95,-1,0,1,0,0
1785216540,27921.75,27925.5,27918,27920.25,27952.205002463186,388,652.7,-1,0,0,0,0
1785216600,27919.25,27924.25,27906.25,27907.5,,1390,701.1,-1,0,0,0,0
1785216660,27907.25,27907.5,27896,27901.75,,1836,773.55,-1,0,0,0,0
1785216720,27902.25,27903,27890.5,27898,,1385,825.55,-1,0,0,0,0
1785216780,27898,27898.75,27889.75,27892,,999,843.05,-1,0,1,0,1
1785216840,27892.75,27893,27887.5,27888.5,,769,837.6,-1,0,0,0,0
1785216900,27889.25,27893.25,27876.75,27883.75,,1637,893.35,-1,0,0,0,0
1785216960,27883,27891.25,27876.75,27889.25,,1009,918.25,-1,0,0,0,0
1785217020,27888.25,27913.75,27887,27912,,2026,1000.9,-1,0,0,0,0
1785217080,27912.5,27914,27890.25,27891.25,,1016,1036.55,-1,0,0,0,0
1785217140,27891.25,27902,27886.75,27899.75,,722,1044.65,-1,0,0,0,0
1785217200,27899.75,27899.75,27888.5,27893.75,,620,1036.95,-1,0,0,0,0
1785217260,27893.75,27893.75,27880,27885,,791,1049.25,-1,0,0,0,0
1785217320,27884.25,27897.5,27881.5,27892.25,,618,1020.55,-1,0,0,0,0
1785217380,27892,27897.5,27889.5,27895.75,,766,1009.4,-1,0,0,0,0
1785217440,27896,27900.5,27886.5,27897.5,27933.970001642123,692,1016.85,-1,0,0,0,0
1785217500,27897.25,27909.5,27894,27908.5,,898,1021.65,-1,0,0,0,0
1785217560,27908,27908.5,27898.25,27899.25,,483,963.45,-1,0,0,0,0
1785217620,27898.75,27912.25,27898.5,27910.5,,639,962.7,-1,0,0,0,0
1785217680,27909.75,27912.5,27903.75,27910.5,,555,961.95,-1,0,0,0,0
1785217740,27910.75,27913,27904.25,27910.5,,375,961.3,-1,0,0,0,0
1785217800,27909.75,27911,27902,27902.5,,442,913.9,-1,0,0,0,0
1785217860,27902,27924.25,27902,27913.75,,1083,876.25,-1,0,0,0,0
1785217920,27913.25,27916.25,27907.5,27908.75,,563,835.15,-1,0,0,0,0
1785217980,27909.5,27911.5,27903.25,27904.75,,616,816,-1,0,0,0,0
1785218040,27904.75,27906.25,27894,27898.75,,1101,832.6,-1,0,0,0,0
1785218100,27899,27906.75,27889,27890.75,,681,784.8,-1,0,0,0,0
1785218160,27889.75,27894.25,27886.75,27887,,836,776.15,-1,0,0,0,0
1785218220,27886.5,27887.25,27873.75,27877.25,,1295,739.6,-1,0,0,0,0
1785218280,27877.25,27880.75,27871.5,27875.25,,905,734.05,-1,0,0,0,0
1785218340,27875.25,27881.5,27871.25,27881.25,27916.396667761415,931,744.5,-1,0,0,0,0
1785218400,27881.25,27896.25,27879.5,27889,,1740,800.5,-1,0,0,0,0
1785218460,27888,27901.5,27885.25,27892.25,,1309,826.4,-1,0,0,0,0
1785218520,27891.5,27891.5,27866.75,27873.5,,1526,871.8,-1,0,0,0,0
1785218580,27874.25,27876.75,27867.25,27871,,898,878.4,-1,0,0,0,0
1785218640,27871.75,27873,27860.75,27862.5,,1167,902.15,-1,0,1,0,0
1785218700,27862.5,27865.25,27853.25,27864,,1440,929.25,-1,0,0,0,0
1785218760,27864.25,27869.25,27856,27867.25,,1094,959.8,-1,0,0,0,0
1785218820,27867.75,27869.75,27860.75,27862.75,,842,969.95,-1,0,0,0,0
1785218880,27862.5,27867.75,27858,27866.5,,661,975.25,-1,0,0,0,0
1785218940,27866.75,27869.25,27853.5,27857.5,,855,999.25,-1,0,1,0,1
1785219000,27858,27861,27844.25,27851.25,,1394,1046.85,-1,0,0,0,0
1785219060,27851,27855,27844,27846.5,,840,1034.7,-1,0,0,0,0
1785219120,27847.25,27849,27839.25,27841.25,,1048,1058.95,-1,0,0,0,0
1785219180,27841.75,27860.5,27840.25,27852.75,,1596,1107.95,-1,0,0,0,0
1785219240,27853,27856.25,27844.75,27845.25,27892.681111840942,963,1101.05,-1,0,0,0,0
1785219300,27845,27863.75,27844.5,27858.5,,1264,1130.2,-1,0,0,0,0
1785219360,27858,27861,27852,27856.5,,670,1121.9,-1,0,0,0,0
1785219420,27856.5,27869.75,27855.25,27860.75,,1080,1111.15,-1,0,0,0,0
1785219480,27861.25,27864.5,27854.25,27859,,779,1104.85,-1,0,0,0,0
1785219540,27859,27863.75,27857,27858,,519,1084.25,-1,0,0,0,0
1785219600,27858,27868.25,27851.25,27855,,1511,1072.8,-1,0,0,0,0
1785219660,27855.5,27874.5,27855.25,27874.25,,932,1053.95,-1,0,0,0,0
1785219720,27874.25,27882.75,27871.75,27878.25,,1239,1039.6,-1,0,0,0,0
1785219780,27878.25,27879.5,27857.75,27860.25,,1042,1046.8,-1,0,0,0,0
1785219840,27859.25,27870.5,27848,27866.25,,1707,1073.8,-1,0,0,0,0
1785219900,27867,27879,27860.5,27877.25,,1295,1066.55,-1,0,0,0,0
1785219960,27878,27894.5,27875,27884.25,,1550,1089.35,-1,0,0,0,0
1785220020,27884,27887,27873.25,27882.75,,868,1090.65,-1,0,0,0,0
1785220080,27882.75,27908.5,27882.25,27905.75,,1426,1128.9,-1,0,0,0,0
1785220140,27906,27907,27898.5,27902.25,27895.870741227296,873,1129.8,1,0,0,0,0
1785220200,27901.75,27910,27892.5,27897,,1460,1133.1,1,1,0,0,0
1785220260,27897.25,27910.25,27895,27907.25,,828,1132.5,1,0,0,0,0
1785220320,27907.5,27912.5,27900.25,27900.5,,885,1124.35,1,0,0,0,0
1785220380,27900,27906.5,27892,27904.25,,797,1084.4,1,0,0,0,0
1785220440,27904,27908,27898.5,27905.5,,936,1083.05,1,0,0,0,0
1785220500,27906.25,27927.25,27906.25,27923.25,,1594,1099.55,1,0,0,0,0
1785220560,27923.5,27930.75,27916.5,27929.25,,1139,1123,1,0,0,0,0
1785220620,27929.5,27931,27906.5,27906.5,,1017,1119.85,1,0,0,0,0
1785220680,27906.5,27915.25,27906.5,27911,,570,1109.4,1,0,0,0,0
1785220740,27911.25,27926.5,27911.25,27924.5,,577,1112.3,1,0,0,0,0
1785220800,27924.25,27935.25,27921.75,27933.25,,1056,1089.55,1,0,0,0,0
1785220860,27933.75,27937,27928,27929,,520,1068.95,1,0,0,0,0
1785220920,27929.5,27930,27920.25,27923.5,,635,1038.75,1,0,0,0,0
1785220980,27924.75,27930.5,27920.5,27926,,589,1016.1,1,0,0,0,0
1785221040,27926.25,27930,27917.75,27918,27903.2471608182,468,954.15,1,0,0,0,0
1785221100,27918.25,27919,27906.75,27907.5,,1079,943.35,1,0,0,0,0
1785221160,27907.5,27915,27903.25,27913.75,,785,905.1,1,0,0,0,0
1785221220,27914.5,27917.75,27901.5,27905.25,,701,896.75,1,0,0,0,0
1785221280,27905,27910,27904,27909.5,,552,853.05,1,0,0,0,0
1785221340,27909.5,27912.5,27904.75,27909.25,,457,832.25,1,0,0,0,0
1785221400,27908.75,27918,27906.25,27918,,349,776.7,1,0,0,0,0
1785221460,27917.5,27919,27910.5,27912,,463,758.45,1,0,0,0,0
1785221520,27912.5,27919.75,27910.25,27914.5,,425,735.45,1,0,0,0,0
1785221580,27915.5,27923,27912.75,27921.25,,368,714,1,0,0,0,0
1785221640,27920.75,27927,27917.25,27927,,448,689.6,1,0,0,0,0
1785221700,27926.25,27942.25,27924.75,27941.5,,1223,671.05,1,0,0,0,0
1785221760,27941.25,27943.75,27934,27940.75,,734,650.8,1,0,0,0,0
1785221820,27941.25,27954,27940.75,27952.5,,1118,655.85,1,1,0,0,0
1785221880,27950.75,27959,27947.5,27956.5,,782,666.45,1,0,0,0,0
1785221940,27956.5,27956.5,27938.75,27945.75,27917.414773878798,927,683.95,1,0,0,0,0
1785222000,27946,27963.5,27945.75,27956,,1607,711.5,1,0,0,0,0
1785222060,27957.75,27967.75,27953.25,27961.75,,1031,737.05,1,0,0,0,0
1785222120,27962,27965.75,27952.75,27958.75,,791,744.85,1,0,0,0,0
1785222180,27959.25,27964,27949.25,27951,,806,755.7,1,0,0,0,0
1785222240,27951,27954.75,27940,27948,,1075,786.05,1,0,0,0,0
1785222300,27948.75,27951.75,27936.5,27946,,894,776.8,1,0,0,0,0
1785222360,27945.5,27952.25,27934.25,27937,,732,774.15,1,0,0,0,0
1785222420,27937,27955.5,27934.25,27952.5,,829,780.55,1,0,0,0,0
1785222480,27952,27969.75,27948.25,27967.5,,1279,816.9,1,0,0,0,0
1785222540,27967.5,27980,27964.25,27973,,1416,864.85,1,0,0,0,0
1785222600,27973,27974,27963.25,27965.25,,813,888.05,1,0,0,0,0
1785222660,27964.75,27972.5,27959.75,27969.25,,740,901.9,1,0,0,0,0
1785222720,27968.75,27980.75,27966.75,27972.75,,849,923.1,1,0,0,0,0
1785222780,27974,27979,27970,27973,,582,933.8,1,0,0,0,0
1785222840,27973,27978.5,27970.5,27971.75,27935.5265159192,333,928.05,1,0,0,0,0
1785222900,27972.5,27983,27970.5,27974,,688,901.3,1,0,0,0,0
1785222960,27974.5,27986.5,27971,27982.75,,827,905.95,1,0,0,0,0
1785223020,27982.5,27988.25,27977.5,27981,,658,882.95,1,0,0,0,0
1785223080,27980.25,27983,27975.25,27981.25,,424,865.05,1,0,0,0,0
1785223140,27983,27985,27969,27969.25,,775,857.45,1,0,0,0,0
1785223200,27969.25,27974,27959.5,27961.5,,920,823.1,1,0,0,0,0
1785223260,27961.25,27977.5,27961,27972,,816,812.35,1,0,0,0,0
1785223320,27971.75,27973.25,27961.5,27968.5,,509,798.25,1,0,0,0,0
1785223380,27968.5,27972.25,27964,27965.25,,368,776.35,1,0,0,0,0
1785223440,27965,27965.75,27954.75,27956,,779,761.55,1,0,0,0,0
1785223500,27955.25,27962.75,27948,27961,,1007,767.2,1,0,0,0,0
1785223560,27960.5,27963.25,27956.25,27960,,432,752.2,1,0,0,0,0
1785223620,27960.5,27962,27941,27941.5,,756,748.55,1,0,0,0,0
1785223680,27942.5,27947.5,27938.25,27939.5,,901,729.65,1,0,0,1,0
1785223740,27939,27947.25,27939,27943.25,27938.101010612798,536,685.65,1,0,0,0,0
1785223800,27943,27944.25,27934.25,27938.25,,865,688.25,1,0,0,0,0
1785223860,27938,27946.75,27937,27939.25,,496,676.05,1,0,0,0,0
1785223920,27939,27947.5,27937.25,27944.25,,634,665.3,1,0,0,0,0
1785223980,27943.25,27948.25,27933.25,27940,,723,672.35,1,0,0,0,0
1785224040,27940.75,27946.75,27939,27941.25,,356,673.5,1,0,0,0,0
1785224100,27942.5,27951.5,27934.25,27947.25,,615,669.85,1,0,0,0,0
1785224160,27946.5,27949.5,27938.5,27942.25,,637,660.35,1,0,0,0,0
1785224220,27942.5,27946,27927.25,27930,,919,673.4,-1,0,0,0,0
1785224280,27929.5,27937.5,27927.5,27935,,562,680.3,-1,0,0,0,0
1785224340,27933.5,27955.25,27932,27951.25,,1016,692.35,1,0,0,0,0
1785224400,27950.75,27962,27950.75,27958.25,,1003,696.5,1,0,0,0,0
1785224460,27958,27959.25,27942.25,27943.5,,788,695.1,1,0,0,0,0
1785224520,27943.75,27953.5,27942.75,27948,,739,706.6,1,0,0,0,0
1785224580,27948.25,27951.5,27944.25,27948,,291,702.75,1,0,0,0,0
1785224640,27947.75,27947.75,27936,27939.75,27938.650673741864,703,698.95,1,0,0,0,0
1785224700,27939.75,27942.5,27925,27926.25,,982,697.7,-1,0,0,0,0
1785224760,27926.5,27928.5,27919,27925.5,,710,711.6,-1,0,0,0,0
1785224820,27926.25,27928.75,27919,27921.5,,460,696.8,-1,0,0,0,0
1785224880,27921.5,27924,27908.75,27913.5,,953,699.4,-1,0,1,0,0
1785224940,27914.25,27926.75,27907.5,27921.25,,790,712.1,-1,0,0,0,0
1785225000,27921.25,27924.5,27915.5,27918.5,,478,692.75,-1,0,0,0,0
1785225060,27919,27928.5,27910.25,27925,,1172,726.55,-1,0,0,0,0
1785225120,27925.25,27955,27914.75,27952.75,,1572,773.45,1,0,0,0,0
1785225180,27952.25,27953,27929,27935.75,,981,786.35,-1,0,0,0,0
1785225240,27936,27948.75,27935.5,27944.75,,680,802.55,1,1,0,0,0
1785225300,27945.75,27952,27939.5,27947.5,,541,798.85,1,0,0,0,0
1785225360,27947,27951.25,27944.25,27944.5,,494,791.7,1,0,0,0,0
1785225420,27945.25,27945.75,27933,27934.25,,492,770.35,-1,0,0,1,0
1785225480,27934.25,27935.5,27927.5,27934.25,,647,774.6,-1,0,0,0,0
1785225540,27934.75,27936.5,27929.5,27932.5,27936.600449161244,388,743.2,-1,0,0,0,0
1785225600,27933.75,27935.75,27899.5,27912.5,,2105,798.3,-1,0,1,0,0
1785225660,27912.25,27932.5,27909,27919.25,,1705,844.15,-1,0,0,0,0
1785225720,27918,27942.25,27912.25,27938,,1208,867.6,-1,0,0,0,0
1785225780,27938,27946,27925,27935.25,,1200,913.05,-1,0,0,0,0
1785225840,27934,27936.75,27922.75,27926.75,,633,909.55,-1,0,0,0,0
1785225900,27927.75,27941.5,27927.25,27932.25,,783,899.6,-1,0,0,0,0
1785225960,27934.75,27948,27927.25,27942.5,,840,906.1,1,0,0,0,0
1785226020,27941.5,27941.5,27909,27919.5,,1338,950,-1,0,0,0,0
1785226080,27919.75,27921.75,27901.5,27902.5,,868,945.75,-1,0,0,0,0
1785226140,27901.75,27904.25,27895.5,27899,,894,950.95,-1,0,0,0,0
1785226200,27899,27899,27881.5,27885,,1366,995.35,-1,0,0,0,0
1785226260,27884.25,27889.75,27879.25,27885.75,,903,981.9,-1,0,0,0,0
1785226320,27885.25,27894,27882,27890.5,,787,942.65,-1,0,0,0,0
1785226380,27889.75,27891.25,27883.25,27891,,541,920.65,-1,0,0,0,0
1785226440,27891.5,27891.75,27881.5,27888.75,27920.65029944083,572,915.25,-1,0,0,0,0
1785226500,27888.5,27928.5,27884.25,27927,,1795,977.95,-1,0,0,0,0
1785226560,27927.75,27936,27919.75,27928.5,,1665,1036.5,-1,0,0,0,0
1785226620,27928,27938.75,27927.5,27931,,1045,1064.15,-1,0,0,0,0
1785226680,27931.75,27946.75,27927.5,27945.25,,1392,1101.4,1,0,0,0,0
1785226740,27945.5,27976.25,27944.75,27961,,2107,1187.35,1,0,0,0,0
1785226800,27961.5,27976,27954.25,27974,,1357,1149.95,1,0,0,0,0
1785226860,27974.5,27979,27964.25,27968.5,,1120,1120.7,1,1,0,0,0
1785226920,27968.75,27978.5,27959.5,27963.75,,1322,1126.4,1,0,0,0,0
1785226980,27963,27983,27957,27980,,1285,1130.65,1,0,0,0,0
1785227040,27980,28008,27979,28001.5,,2251,1211.55,1,0,0,0,0
1785227100,28001,28003.75,27990,27990,,1104,1227.6,1,0,0,0,0
1785227160,27990.25,27996,27985.5,27992.75,,754,1223.3,1,0,0,0,0
1785227220,27993,27999,27991.25,27996.5,,535,1183.15,1,0,0,0,0
1785227280,27997.25,28001,27991.75,27994.25,,681,1173.8,1,1,0,1,0
1785227340,27994.25,28004,27992.75,28002.5,27947.933532960553,750,1166.6,1,0,0,0,0
1785227400,28002.75,28006.25,27974,27978.5,,1410,1168.8,1,0,0,0,0
1785227460,27978,27988.5,27976.75,27982.25,,830,1165.15,1,0,0,0,0
1785227520,27982.75,27991.75,27978.75,27979.25,,637,1157.65,1,0,0,0,0
1785227580,27979.75,27996,27978.25,27988.5,,750,1168.1,1,0,0,0,0
1785227640,27988.25,28010.25,27982.5,28007.5,,1190,1199,1,0,0,0,0
1785227700,28007.25,28009,27998.5,28002,,779,1148.2,1,0,0,0,0
1785227760,28002,28005,27993.75,27997.75,,532,1091.55,1,0,0,0,0
1785227820,27997.5,28002.75,27983.75,28001.75,,988,1088.7,1,0,0,0,0
1785227880,28002.5,28024,28001.5,28018.75,,1639,1101.05,1,1,0,0,0
1785227940,28018.5,28019.75,28008.25,28014.25,,618,1026.6,1,0,0,0,0
1785228000,28014,28032.75,28011.75,28025.5,,930,1005.25,1,1,0,1,0
1785228060,28026,28041.75,28023.25,28040.25,,1363,1017.4,1,0,0,0,0
1785228120,28039.5,28042.75,28031,28038.25,,750,988.8,1,0,0,0,0
1785228180,28040,28046.5,28037.5,28041.75,,857,967.4,1,0,0,0,0
1785228240,28041,28046,28034.5,28037.75,27977.872355307034,486,879.15,1,0,0,0,0
1785228300,28036.75,28041.5,28028.75,28031.25,,790,863.45,1,0,0,0,0
1785228360,28032,28032.5,28023.75,28031.25,,821,866.8,1,0,0,0,0
1785228420,28030.25,28052.75,28024,28033.5,,1238,901.95,1,0,0,0,0
1785228480,28033,28034.25,28016.5,28020.75,,727,904.25,1,0,0,0,0
1785228540,28020.5,28026,28018,28020.5,,465,890,1,0,0,0,0
1785228600,28019.25,28034.25,28017.75,28030.5,,641,851.55,1,0,0,0,0
1785228660,28031,28031,28010,28011.5,,771,848.6,1,0,0,0,0
1785228720,28011.75,28014.5,28007.75,28010.5,,558,844.65,1,0,0,0,0
1785228780,28010.5,28011.5,28001,28003.5,,597,837,1,0,0,0,0
1785228840,28003,28010,28002.25,28008.5,,534,804.2,1,0,0,0,0
1785228900,28008,28010.25,27998.25,28003,,537,792.1,1,0,0,0,0
1785228960,28003.25,28007,27998.75,28004,,499,790.45,1,0,0,0,0
1785229020,28004,28006.75,27990.5,27995.25,,807,781.4,1,0,0,0,0
1785229080,27994.75,27999.5,27992.25,27996.75,,419,720.4,1,0,0,0,0
1785229140,27997,27997,27986,27994,27983.248236871357,354,707.2,1,0,0,0,0
1785229200,27993.25,27998,27985.25,27996,,635,692.45,1,0,0,0,0
1785229260,27995.25,28002.5,27988.25,27998.5,,595,654.05,1,0,0,0,0
1785229320,27998.25,28005,27987.75,28004.25,,541,643.6,1,0,0,0,0
1785229380,28003.75,28007,27990.75,27993.75,,520,626.75,1,0,0,0,0
1785229440,27993.5,27998.25,27986.5,27993.75,,427,623.8,1,0,0,0,0
1785229500,27994.75,28000.5,27990.25,27998.5,,341,601.35,1,0,0,0,0
1785229560,27998.75,28007,27996.75,28001.75,,450,582.8,1,0,0,0,0
1785229620,28002.25,28008.25,27994.25,28000.75,,368,539.3,1,0,0,0,0
1785229680,28000,28011.5,27998.25,28002,,494,527.65,1,0,0,0,0
1785229740,28002.75,28010.75,27999.5,28003.5,,379,523.35,1,0,0,0,0
1785229800,28004,28014.5,27999,28007,,464,514.5,1,0,0,0,0
1785229860,28006,28013.25,28005.25,28010.75,,304,491.15,1,0,0,0,0
1785229920,28012,28015,27998.75,27999,,398,483.15,1,0,0,0,0
1785229980,27998.5,28002.75,27988.5,27988.75,,677,487.15,1,0,0,0,0
1785230040,27989,27994.25,27981.5,27988.5,27984.998824580904,840,502.45,1,0,0,0,0
1785230100,27989.5,27997.5,27989.25,27992.25,,356,493.4,1,0,0,0,0
1785230160,27992.75,28000,27991.5,27994.75,,462,491.55,1,0,0,0,0
1785230220,27993.75,28003.75,27991.75,27991.75,,410,471.7,1,0,0,0,0
1785230280,27992,27997.25,27984.5,27997.25,,450,473.25,1,0,0,0,0
1785230340,27996.25,28003,27993.5,28003,,264,468.75,1,0,0,0,0
1785230400,28003.25,28006,27998.25,28000.75,,372,455.6,1,0,0,0,0
1785230460,28000.75,28005.5,27999,28005,,393,445.5,1,0,0,0,0
1785230520,28005,28008.75,28001.75,28005.25,,244,430.65,1,1,0,0,0
1785230580,28004.75,28008.75,28000,28002.25,,270,418.15,1,0,0,0,0
1785230640,28001.25,28007.5,27998.25,28004.5,,433,418.45,1,0,0,0,0
1785230700,28003.25,28004,27995.5,27999.5,,389,420.85,1,0,0,0,0
1785230760,28000.25,28009.5,27999,28005,,288,412.75,1,0,0,0,0
1785230820,28004,28008.25,27999.5,28005,,224,405.55,1,0,0,0,0
1785230880,28004.75,28010.5,28002,28009,,297,395.7,1,0,0,0,0
1785230940,28008.25,28018.5,28008,28013,27994.332549720602,590,406.25,1,0,0,0,0
1785231000,28013.25,28013.5,27991.75,27994,,807,423.4,1,0,0,0,0
1785231060,27993.75,28000.75,27992.75,27995,,339,425.15,1,0,0,0,0
1785231120,27995.5,27996,27985,27987,,405,425.5,1,0,0,0,0
1785231180,27987.75,27991.75,27982.5,27991.75,,391,411.2,1,0,0,0,0
1785231240,27991.5,27992.5,27982.25,27983,,433,390.85,-1,0,0,0,0
1785231300,27983,27987.75,27977.25,27985.75,,665,406.3,1,0,0,0,0
1785231360,27986,27986.5,27977.75,27979.5,,412,403.8,-1,0,0,0,0
1785231420,27980.5,27983.25,27966.75,27971,,764,421.5,-1,0,0,0,0
1785231480,27970.75,27979,27969.5,27978,,420,420,-1,0,0,0,0
1785231540,27977,27980,27975.75,27977.25,,227,418.15,-1,0,0,0,0
1785231600,27978.25,27980,27973,27975.5,,290,414.05,-1,0,0,0,0
1785231660,27975,27984,27974,27976.25,,378,413.3,-1,0,0,0,0
1785231720,27978,27992,27976,27988.25,,462,424.2,1,0,0,0,0
1785231780,27988.75,27989.5,27982,27983.5,,235,422.45,-1,0,0,0,0
1785231840,27982.75,27982.75,27966.5,27972.75,27987.1383664804,657,433.65,-1,0,0,0,0
1785231900,27972.75,27978.75,27972.25,27975.75,,242,426.3,-1,0,0,0,0
1785231960,27976,27981,27971.75,27973.25,,343,429.05,-1,0,0,0,0
1785232020,27973.5,27976,27971,27972.5,,200,427.85,-1,0,0,0,0
1785232080,27971,27973,27967.25,27968.5,,370,431.5,-1,0,1,0,0
1785232140,27968.25,27974.25,27966.25,27974,,257,414.85,-1,0,0,0,0
1785232200,27973.75,27981,27973.25,27975.75,,345,391.75,-1,0,0,0,0
1785232260,27977,27977,27968.5,27970.75,,255,387.55,-1,0,0,0,0
1785232320,27971,27971,27962.75,27968.25,,438,389.2,-1,0,0,0,0
1785232380,27968.25,27970,27962.25,27964,,254,382.35,-1,0,0,0,0
1785232440,27963.5,27964.25,27959.5,27964,,387,380.05,-1,0,0,0,0
1785232500,27963.75,27965.25,27960.25,27962.5,,203,356.95,-1,0,0,0,0
1785232560,27963.25,27965.5,27953.25,27954.75,,637,368.2,-1,0,0,0,0
1785232620,27955.25,27958.25,27946.25,27946.75,,892,374.6,-1,0,0,0,0
1785232680,27946.75,27951.75,27941.75,27948.75,,640,385.6,-1,0,0,0,0
1785232740,27948.75,27959,27948.75,27956.5,27976.9255776536,466,397.55,-1,0,0,0,0
1785232800,27956.5,27961.25,27948.5,27956.25,,653,415.7,-1,0,0,0,0
1785232860,27955.5,27961.25,27953,27957.5,,293,411.45,-1,0,0,0,0
1785232920,27957.5,27963.5,27955,27957.25,,340,405.35,-1,0,0,0,0
1785232980,27958,27960,27951,27958.75,,370,412.1,-1,0,0,0,0
1785233040,27958.5,27964.5,27958.5,27962.75,,320,395.25,-1,0,0,0,0
1785233100,27963.25,27964.5,27955.5,27958.5,,253,395.8,-1,0,0,0,0
1785233160,27958.5,27965.5,27957,27957.5,,420,399.65,-1,0,0,0,0
1785233220,27958.5,27966.25,27952.75,27961,,388,409.05,-1,0,0,0,0
1785233280,27961,27962,27951.25,27951.25,,368,408.95,-1,0,0,0,0
1785233340,27950.75,27965,27950.75,27962,,371,414.65,-1,0,0,0,0
1785233400,27961.75,27962,27954,27955,,240,409.4,-1,0,0,0,0
1785233460,27954.25,27960,27947,27960,,483,420.8,-1,0,0,0,0
1785233520,27959.75,27965,27956.25,27957,,459,421.85,-1,0,0,0,0
1785233580,27957.5,27963,27956.5,27958,,163,417.3,-1,0,0,0,0
1785233640,27957.75,27959,27949.25,27952,27968.617051769066,302,413.05,-1,0,0,0,0
1785233700,27951.25,27955.75,27948.25,27949.5,,207,413.25,-1,0,0,0,0
1785233760,27949.5,27965.5,27948,27960,,508,406.8,-1,0,0,0,0
1785233820,27960.25,27967.5,27956.25,27964.75,,362,380.3,-1,0,0,0,0
1785233880,27964.5,27968,27959,27966,,274,362,-1,0,0,0,0
1785233940,27966,27969.75,27964,27968.5,,276,352.5,-1,0,0,0,0
1785234000,27967.75,27969,27958.5,27962,,322,335.95,-1,0,0,0,0
1785234060,27961.5,27962.5,27938.5,27946.5,,960,369.3,-1,0,0,0,0
1785234120,27946.25,27948.25,27937.75,27942.25,,587,381.65,-1,0,0,0,0
1785234180,27941.5,27942.5,27937.25,27938.75,,304,378.35,-1,0,1,0,0
1785234240,27938.75,27946.25,27938.75,27946.25,,332,378.95,-1,0,0,0,0
1785234300,27947,27949.5,27938.25,27939,,392,385.9,-1,0,0,0,0
1785234360,27938.75,27939.75,27933.25,27935.5,,535,391.65,-1,0,0,0,0
1785234420,27935.5,27945.25,27935.5,27944.75,,304,387.45,-1,0,0,0,0
1785234480,27945.25,27960,27945.25,27958.5,,746,406.35,-1,0,0,0,0
1785234540,27958,27968.75,27958,27968.5,27968.57803451271,494,412.5,-1,0,0,0,0
1785234600,27967.75,27978.5,27961.5,27977.5,,1569,478.95,1,0,0,0,0
1785234660,27976.75,27979.25,27971.5,27973.5,,592,484.4,1,0,0,0,0
1785234720,27973.75,27981.25,27968.75,27978.5,,476,485.25,1,0,0,0,0
1785234780,27978,27978.5,27962,27968.75,,655,509.85,1,0,0,0,0
1785234840,27968,27974.25,27943.5,27949,,1553,572.4,-1,0,0,0,0
1785234900,27948.25,27952.25,27918,27932.75,,2549,689.5,-1,0,0,0,0
1785234960,27933,27943.75,27928,27941.25,,735,700.85,-1,0,0,0,0
1785235020,27941.75,27954.25,27940.75,27945.5,,687,717.1,-1,0,0,0,0
1785235080,27944.25,27946.75,27934.5,27937.75,,447,725.75,-1,0,0,0,0
1785235140,27938.25,27943.75,27921.5,27924.25,,873,755.6,-1,0,0,0,0
1785235200,27923.75,27923.75,27904.25,27911.5,,1682,823.6,-1,0,0,0,0
1785235260,27912,27916.25,27905.5,27908,,715,811.35,-1,0,0,0,0
1785235320,27908.25,27925.75,27907.25,27920.5,,952,829.6,-1,0,0,0,0
1785235380,27919.25,27922.75,27914.75,27918.5,,384,833.6,-1,0,0,0,0
1785235440,27918.25,27933.75,27918,27931.75,27956.302023008473,996,866.8,-1,0,0,0,0
1785235500,27932.75,27935.5,27926,27928.75,,561,875.25,-1,0,0,0,0
1785235560,27929.25,27939.5,27928,27938.25,,511,874.05,-1,0,0,0,0
1785235620,27938.5,27942.5,27934.5,27940.5,,653,891.5,-1,0,0,0,0
1785235680,27939.25,27951.5,27931.5,27949,,748,891.6,-1,0,0,0,0
1785235740,27948.75,27949.25,27929,27930.75,,516,892.7,-1,0,0,0,0
1785235800,27931.5,27936,27929.5,27931,,321,830.3,-1,0,0,0,0
1785235860,27930.5,27939,27930.25,27938.5,,336,817.5,-1,0,0,0,0
1785235920,27937.25,27937.25,27925.25,27931.75,,449,816.15,-1,0,0,0,0
1785235980,27931.75,27945.5,27927.75,27942.75,,466,806.7,-1,0,0,0,0
1785236040,27941.5,27951.5,27941.25,27950.75,,635,760.8,-1,0,0,0,0
1785236100,27951,27952.75,27941,27947,,643,665.5,-1,0,0,0,0
1785236160,27946.25,27949.5,27939.5,27944.25,,430,650.25,-1,0,0,0,0
1785236220,27944.75,27945.75,27935.25,27939.75,,361,633.95,-1,0,0,0,0
1785236280,27939.75,27944.5,27936.5,27940.25,,456,634.4,-1,0,0,0,0
1785236340,27939.75,27946.25,27931.5,27944.25,27952.284682005647,1027,642.1,-1,0,0,0,0
1785236400,27944,27952.75,27923,27935.5,,2039,659.95,-1,0,0,0,0
1785236460,27935.5,27937.75,27921.25,27922.5,,736,661,-1,0,0,0,0
1785236520,27922.25,27923,27902,27911.5,,1718,699.3,-1,0,0,0,0
1785236580,27911,27912.75,27896.5,27898,,1316,745.9,-1,0,0,0,0
1785236640,27897.25,27902.5,27890.5,27894,,1001,746.15,-1,0,0,0,0
1785236700,27893.25,27906.75,27886.25,27902.75,,1343,785.25,-1,0,0,0,0
1785236760,27903.5,27910,27896.25,27905.25,,968,808.1,-1,0,0,0,0
1785236820,27904.5,27905,27881.25,27888.25,,1213,836.1,-1,0,0,0,0
1785236880,27886.5,27897.75,27883.25,27892.25,,694,833.4,-1,0,0,0,0
1785236940,27891.75,27894.5,27887.25,27889.75,,646,839.9,-1,0,0,0,0
1785237000,27890.75,27895.75,27885.25,27895,,601,853.9,-1,0,0,0,0
1785237060,27894.5,27894.5,27879.75,27882,,830,878.6,-1,0,0,0,0
1785237120,27883,27891.75,27873.25,27876.25,,998,906.05,-1,0,0,0,0
1785237180,27875.75,27880.5,27872,27874.5,,917,928.6,-1,0,0,0,0
1785237240,27873.5,27880.5,27864.75,27869.25,27924.606454670433,1367,965.2,-1,0,0,0,0
1785237300,27869.25,27936.75,27869.25,27918.75,,4262,1146.15,-1,0,0,0,0
1785237360,27917.5,27921,27908.75,27909,,1170,1183.15,-1,0,0,0,0
1785237420,27908.5,27922,27908.5,27915.25,,741,1202.15,-1,0,0,0,0
1785237480,27915.75,27948,27912.25,27940.75,,2278,1293.25,-1,0,0,0,0
1785237540,27941.5,27948.75,27938.25,27945.75,,822,1283,-1,0,0,0,0
1785237600,27945.75,27958.75,27933,27933.75,,1374,1249.75,-1,0,0,0,0
1785237660,27934.5,27942.75,27926.25,27929.75,,932,1259.55,-1,0,0,0,0
1785237720,27928.25,27938.75,27916.75,27938.75,,1052,1226.25,-1,0,0,0,0
1785237780,27939,27944.25,27934,27935,,642,1192.55,-1,0,0,0,0
1785237840,27935.75,27942.75,27915.5,27916.5,,769,1180.95,-1,0,0,0,0
1785237900,27917.25,27918,27905.25,27906.5,,1227,1175.15,-1,0,0,0,0
1785237960,27905.75,27910,27894,27895.5,,972,1175.35,-1,0,0,0,0
1785238020,27895.75,27897,27884,27889.5,,1119,1170.65,-1,0,0,0,0
1785238080,27888.75,27893,27882,27889,,814,1176.65,-1,0,0,0,0
1785238140,27889,27897.75,27882.75,27883.75,27910.987636446956,926,1190.65,-1,0,1,0,0
1785238200,27883.25,27887.5,27868,27877.25,,1322,1226.7,-1,0,0,0,0
1785238260,27875.5,27885.75,27875.5,27885.75,,674,1218.9,-1,0,0,0,0
1785238320,27885,27893,27882.25,27884.5,,1000,1219,-1,0,0,0,0
1785238380,27884.25,27893.75,27882.25,27890.5,,519,1199.1,-1,0,0,0,0
1785238440,27890.25,27895.75,27875.25,27876.5,,767,1169.1,-1,0,0,0,0
1785238500,27875.5,27883.25,27873,27879,,813,996.65,-1,0,0,0,0
1785238560,27878.25,27928.5,27873,27911.5,,2095,1042.9,-1,0,0,0,0
1785238620,27910,27912.5,27896.75,27899.75,,814,1046.55,-1,0,0,0,0
1785238680,27899.75,27908,27893.25,27894.5,,695,967.4,-1,0,0,0,0
1785238740,27894,27894,27871.75,27873.75,,903,971.45,-1,0,0,0,0
1785238800,27873.25,27873.25,27856,27859.5,,1639,984.7,-1,0,0,0,0
1785238860,27859.25,27861.5,27849,27855.75,,1279,1002.05,-1,0,0,0,0
1785238920,27856,27860.75,27850.75,27856.25,,699,984.4,-1,0,0,0,0
1785238980,27856,27869.25,27855.25,27862,,789,991.75,-1,0,0,0,0
1785239040,27862.75,27878.5,27859.25,27862.75,27894.90842429797,1063,1006.45,-1,0,0,0,0
1785239100,27862.75,27883.75,27859.75,27883.25,,1166,1003.4,-1,0,0,0,0
1785239160,27882.5,27896.5,27879,27893.5,,1061,1007.85,-1,0,0,0,0
1785239220,27893.5,27914.25,27890.5,27911,,1051,1004.45,1,0,0,0,0
1785239280,27911.25,27920,27908,27915.75,,897,1008.6,1,0,0,0,0
1785239340,27916.75,27920.25,27906.25,27909.5,,839,1004.25,-1,0,0,0,0
1785239400,27909.25,27915.25,27898.25,27906.5,,928,984.55,-1,0,0,0,0
1785239460,27907,27923.75,27906,27922.75,,745,988.1,1,0,0,0,0
1785239520,27921.25,27927.75,27919.25,27919.75,,968,986.5,1,0,0,0,0
1785239580,27919.75,27921.5,27910,27918,,799,1000.5,1,0,0,0,0
1785239640,27917.75,27924.5,27914,27919.25,,671,995.7,1,0,0,0,0
1785239700,27918.75,27933,27918.75,27922.75,,904,1000.25,1,1,0,0,0
1785239760,27922.25,27932,27920,27928.25,,738,932.4,1,0,0,0,0
1785239820,27930,27936.75,27926.25,27928.5,,774,930.4,1,0,0,0,0
1785239880,27927.5,27959.75,27927.25,27958,,1735,982.4,1,0,0,0,0
1785239940,27959,27974,27959,27963.5,27917.772282865313,1566,1015.55,1,0,0,0,0
1785240000,27962.5,27976.25,27960.25,27967.5,,1390,1003.1,1,0,0,0,0
1785240060,27968,27972.75,27955.5,27956.75,,1063,992.3,1,0,0,0,0
1785240120,27956.75,27967.75,27951.75,27966.25,,1119,1013.3,1,0,0,0,0
1785240180,27966.25,27973,27959,27972,,796,1013.65,1,0,0,0,0
1785240240,27970.25,27994.5,27969.75,27983,,1712,1046.1,1,0,0,0,0
1785240300,27983.75,27992,27979,27987.75,,902,1032.9,1,0,0,0,0
1785240360,27986.75,28001.5,27978.25,27981.75,,1547,1057.2,1,1,0,1,0
1785240420,27981.75,27989,27975,27975,,1017,1055.5,1,0,0,0,0
1785240480,27975.25,27978.5,27969.75,27971,,1037,1062.5,1,0,0,0,0
1785240540,27970,27988.75,27970,27979,,910,1066.05,1,0,0,0,0
1785240600,27979.25,27982.75,27959.25,27966.25,,1421,1090.7,1,0,0,0,0
1785240660,27966.5,27968.5,27958,27958,,601,1083.5,1,0,0,0,0
1785240720,27958.5,27966,27955,27957,,585,1064.35,1,0,0,0,0
1785240780,27956,27961.75,27949,27961,,963,1072.55,1,0,0,0,0
1785240840,27960.75,27968,27958.5,27963.25,27932.93152191021,475,1062.75,1,0,0,0,0
1785240900,27963.5,27969.5,27946.75,27954.25,,760,1055.55,1,0,0,0,0
1785240960,27954.75,27962.5,27948.25,27961.25,,713,1054.3,1,0,0,0,0
1785241020,27960.25,27965,27957.25,27960.5,,612,1046.2,1,0,0,0,0
1785241080,27959.5,27970.5,27958,27968.25,,931,1006,1,0,0,0,0
1785241140,27967.75,27973,27960.25,27969.5,,873,971.35,1,0,0,0,0
1785241200,27968.75,27969.5,27958.5,27964,,572,930.45,1,0,0,0,0
1785241260,27964.5,27977.25,27960,27974,,742,914.4,1,0,0,0,0
1785241320,27974,27974,27963,27963.25,,374,877.15,1,0,0,0,0
1785241380,27963.25,27981,27960.25,27967.5,,563,865.5,1,0,0,0,0
1785241440,27967.5,27977.5,27954.25,27975,,1059,832.85,1,0,0,0,0
1785241500,27975,27994.75,27968.5,27992,,1286,852.05,1,0,0,0,0
1785241560,27992,27997,27983.25,27989.75,,1000,824.7,1,0,0,0,0
1785241620,27990.25,28019,27988.5,28012,,2705,909.1,1,1,0,0,0
1785241680,28011,28011.5,27997,27997.75,,855,900,1,0,0,0,0
1785241740,27998,28011,27993.25,28010.5,27958.787681273472,830,896,1,0,0,0,0
1785241800,28010.5,28028,28005.5,28023,,1759,912.9,1,0,0,0,0
1785241860,28022.25,28023.5,27994,28003.75,,1662,965.95,1,0,0,0,0
1785241920,28002,28012.25,28001,28010.5,,666,970,1,0,0,0,0
1785241980,28011,28015.75,27991,27996,,947,969.2,1,0,0,0,0
1785242040,27997.25,28001.25,27966.25,27978.75,,2737,1082.3,1,0,0,0,0
1785242100,27979,27984.25,27970.25,27978.5,,1063,1097.45,1,0,0,0,0
1785242160,27978.5,27998.5,27969.5,27990.75,,1493,1136.45,1,0,0,0,0
1785242220,27990.25,27994.25,27968.75,27973.5,,1124,1162.05,1,0,0,0,0
1785242280,27972.75,27982,27970.5,27973,,724,1151.7,1,0,0,0,0
1785242340,27972.5,27973.5,27963.75,27965.5,,875,1151.8,1,0,0,0,0
1785242400,27965.25,27982,27962,27962.25,,1194,1182.9,1,0,0,0,0
1785242460,27963,27970.5,27955.75,27966.25,,1562,1223.9,1,0,0,0,0
1785242520,27966,27997.75,27965.25,27992.75,,1547,1282.55,1,0,0,0,0
1785242580,27992.25,28007,27989,28000.75,,1655,1337.15,1,0,0,0,0
1785242640,28000.75,28018.5,27998.25,28010,27975.858454182315,1501,1359.25,1,0,0,0,0
1785242700,28009.5,28014.5,28006,28012.5,,894,1339.65,1,0,0,0,0
1785242760,28011.75,28034,28009.5,28019.75,,2180,1398.65,1,0,0,0,0
1785242820,28019.5,28026.25,28012.5,28017.75,,927,1309.75,1,0,0,0,0
1785242880,28016.25,28019,28007.75,28010.5,,840,1309,1,0,0,0,0
1785242940,28012.25,28017.75,28000.25,28007.25,,1230,1329,1,0,0,0,0
1785243000,28007.25,28010.25,27982.5,27983.25,,1688,1325.45,1,0,0,0,0
1785243060,27982.75,27988.25,27978.75,27987.5,,969,1290.8,1,0,0,0,0
1785243120,27987.75,27993,27984,27985,,674,1291.2,1,0,0,0,0
1785243180,27984.75,27990.75,27981.25,27984,,495,1268.6,1,0,0,0,0
1785243240,27983.5,28013.5,27981.75,28008.5,,1451,1204.3,1,0,0,0,0
1785243300,28008.75,28018.5,28003.75,28010.25,,1043,1203.3,1,0,0,0,0
1785243360,28010.5,28017.25,28006.75,28012.25,,603,1158.8,1,1,0,0,0
1785243420,28013,28015.75,28007.25,28009.25,,695,1137.35,1,0,0,0,0
1785243480,28008,28008.5,27992.75,27997,,934,1147.85,1,0,0,0,0
1785243540,27996.25,27998.5,27992,27993.75,27981.82230278821,507,1129.45,1,0,0,0,0
1785243600,27993,28005.25,27984.5,27987,,1551,1147.3,1,0,0,0,0
1785243660,27986.5,27992.5,27976.75,27986.5,,1345,1136.45,1,0,0,0,0
1785243720,27986.25,27993,27980,27984,,982,1108.2,1,0,0,0,0
1785243780,27984.5,27992.5,27973.75,27980,,1222,1086.55,1,0,0,0,0
1785243840,27978.25,27985.5,27975.5,27978.5,,636,1043.3,1,0,0,0,0
1785243900,27978.25,27984.25,27974,27981.25,,562,1026.7,1,0,0,0,0
1785243960,27981.75,28012,27981.75,28006.5,,1913,1013.35,1,0,0,0,0
1785244020,28005.5,28016.25,28004.25,28016.25,,1162,1025.1,1,0,0,0,0
1785244080,28015.75,28027.5,28009.75,28019.75,,1385,1052.35,1,0,0,0,0
1785244140,28020.25,28024,28016.5,28017,,805,1031.1,1,0,0,0,0
1785244200,28017.25,28023.5,28010.5,28019.75,,1668,1030.1,1,0,0,0,0
1785244260,28020.5,28022.25,28002,28004.25,,1414,1052.35,1,0,0,0,0
1785244320,28004.5,28008.75,27998,28000.5,,1182,1077.75,1,0,0,0,0
1785244380,28001.5,28006.75,27999,28004.25,,701,1088.05,1,0,0,0,0
1785244440,28003.75,28005.75,27996,28001.25,27988.298201858805,778,1054.4,1,0,0,0,0
1785244500,28001.25,28003.75,27995.25,28000,,928,1048.65,1,0,0,0,0
1785244560,28000.75,28010,27996.5,28003.75,,866,1061.8,1,0,0,0,0
1785244620,28004.75,28014.5,28001.25,28007.75,,1038,1078.95,1,0,0,0,0
1785244680,28007.75,28028.5,28005.75,28028.5,,1840,1124.25,1,0,0,0,0
1785244740,28028.5,28028.5,28011.5,28014.25,,1017,1149.75,1,0,0,0,0
1785244800,28013.75,28021.25,28010.75,28017.75,,749,1109.65,1,0,0,0,0
1785244860,28017.25,28020.75,28008.75,28016.5,,881,1086.45,1,0,0,0,0
1785244920,28015.75,28020,27993.75,27997,,1357,1105.2,1,0,0,0,0
1785244980,27997.5,27999.25,27986.5,27988.25,,1484,1118.3,1,0,0,0,0
1785245040,27987.5,28002,27986.25,27999.25,,1389,1155.95,1,0,0,0,0
1785245100,27998.25,27998.25,27969,27977.5,,2972,1276.45,-1,0,0,0,0
1785245160,27977.75,27982,27967.5,27975.75,,1204,1241,-1,0,0,0,0
1785245220,27976,27977.5,27951.75,27967,,3109,1338.35,-1,0,1,0,0
1785245280,27965.75,27965.75,27939,27947.5,,4094,1473.8,-1,0,0,0,0
1785245340,27948,27956,27937.75,27949,27975.198801239203,3042,1585.65,-1,0,0,0,0
1785245400,27949.75,27993,27929,27943.25,,15428,2273.65,-1,0,0,0,0
1785245460,27944.75,27949.5,27899,27910.5,,14663,2936.1,-1,0,0,0,0
1785245520,27909.5,27918.5,27871,27897,,13310,3542.5,-1,0,0,0,0
1785245580,27897.5,27918.25,27883,27904.75,,10435,4029.2,-1,0,0,0,0
1785245640,27903.75,27916.25,27875.75,27876.75,,8756,4428.1,-1,0,0,0,0
1785245700,27876.75,27918.25,27875.25,27913.5,,9342,4848.8,-1,0,0,0,0
1785245760,27913.5,27926.25,27852.25,27860.5,,13459,5478.45,-1,0,0,0,0
1785245820,27860.75,27880.5,27823,27835.25,,13190,6086.05,-1,0,0,0,0
1785245880,27835,27847.25,27810.75,27812,,10066,6497.35,-1,0,0,0,0
1785245940,27811.75,27817.5,27788,27791.5,,11463,7019.65,-1,0,0,0,0
1785246000,27792,27835,27787,27814,,13898,7677.1,-1,0,0,0,0
1785246060,27814,27841,27799.5,27812,,11801,8223.1,-1,0,0,0,0
1785246120,27811,27816,27760.25,27762.25,,14556,8883.05,-1,0,0,0,0
1785246180,27762.75,27769.5,27728.25,27736,,14138,9515.75,-1,0,0,0,0
1785246240,27736,27773,27735,27750,27900.132534159467,10309,9961.75,-1,0,0,0,0
1785246300,27749.5,27764.5,27705.75,27711.25,,14395,10532.9,-1,0,0,0,0
1785246360,27711.75,27711.75,27673,27683.25,,15001,11222.75,-1,0,0,0,0
1785246420,27684.25,27687.75,27658.5,27660,,11157,11625.15,-1,0,0,0,0
1785246480,27660.25,27733,27659.25,27727.25,,15084,12174.65,-1,0,0,0,0
1785246540,27727.5,27758,27716,27755.25,,14322,12738.65,-1,0,0,0,0
1785246600,27755.5,27797.75,27718.75,27723,,20049,12969.7,-1,0,0,0,0
1785246660,27722.5,27748,27702.5,27727,,12043,12838.7,-1,0,0,0,0
1785246720,27726.25,27786.5,27723,27753.75,,12109,12778.65,-1,0,0,0,0
1785246780,27753,27756.25,27682.75,27716.75,,15093,13011.55,-1,0,0,0,0
1785246840,27717,27735.25,27692,27696.75,,9117,13029.6,-1,0,0,0,0
1785246900,27697,27708.5,27671,27676.25,,10460,13085.5,-1,0,0,0,0
1785246960,27676.25,27711.25,27662.25,27708.5,,11136,12969.35,-1,0,0,0,0
1785247020,27708,27723,27679.25,27688.25,,8350,12727.35,-1,0,0,0,0
1785247080,27686.75,27689.75,27663,27665.75,,5237,12485.9,-1,0,0,0,0
1785247140,27666,27693.25,27640.25,27666,27822.088356106313,9049,12365.2,-1,0,0,0,0
1785247200,27662.75,27732.5,27650.25,27725.75,,12781,12309.35,-1,0,0,0,0
1785247260,27726,27735,27694.25,27706.25,,7745,12106.55,-1,0,0,0,0
1785247320,27706.25,27749.5,27705.25,27730,,9145,11836,-1,0,0,0,0
1785247380,27730.5,27739.75,27711.5,27717.25,,6649,11461.55,-1,0,0,0,0
1785247440,27717,27734.25,27695,27714.75,,7841,11338.15,-1,0,0,0,0
1785247500,27714.25,27772,27705.25,27766.75,,11025,11169.65,-1,0,0,0,0
1785247560,27766.5,27782.25,27740.25,27781.25,,10779,10958.55,-1,0,0,0,0
1785247620,27780.75,27793,27720,27723.75,,11514,10976.4,-1,0,0,0,0
1785247680,27724,27727.25,27667.25,27695.25,,13326,10888.5,-1,0,0,0,0
1785247740,27694.25,27702.75,27673.5,27673.5,,7137,10529.25,-1,0,0,0,0
1785247800,27673.75,27719.25,27665.25,27700.25,,10228,10038.2,-1,0,1,0,0
1785247860,27700.5,27724,27692.25,27723.25,,7625,9817.3,-1,0,0,0,0
1785247920,27723.5,27731.25,27660,27662,,9698,9696.75,-1,0,0,0,0
1785247980,27661,27686.75,27647.25,27652,,10846,9484.4,-1,0,0,0,0
1785248040,27651.75,27652.75,27608,27630.75,27758.308904070876,14699,9763.5,-1,0,0,0,0
1785248100,27630.5,27657,27615,27644.75,,11009,9790.95,-1,0,0,0,0
1785248160,27645.25,27652.75,27603.25,27611.25,,8634,9665.85,-1,0,0,0,0
1785248220,27611.25,27629.75,27607,27623.75,,7527,9624.7,-1,0,0,0,0
1785248280,27623.5,27647.75,27611.25,27637.5,,8506,9788.15,-1,0,0,0,0
1785248340,27636,27641,27613,27614.5,,6196,9645.5,-1,0,0,0,0
1785248400,27614.25,27642.25,27613.5,27618.5,,6367,9324.8,-1,0,0,0,0
1785248460,27620.25,27678.5,27606,27676,,11137,9494.4,-1,0,0,0,0
1785248520,27676.5,27688,27618.5,27631.25,,11682,9621.25,-1,0,0,0,0
1785248580,27631.5,27699.75,27623.75,27698,,11093,9843.45,-1,0,0,0,0
1785248640,27697.5,27717.75,27669.5,27677.25,,11272,10015,-1,0,0,0,0
1785248700,27677.75,27692,27659.5,27682.5,,7595,9843.5,-1,0,0,0,0
1785248760,27683.25,27701.5,27671.5,27692.75,,7826,9695.85,-1,0,0,0,0
1785248820,27693.25,27712.75,27680.25,27690,,8199,9530.1,-1,0,0,0,0
1785248880,27690,27708.75,27681,27683.25,,6094,9168.5,-1,0,0,0,0
1785248940,27683.25,27713.5,27676.75,27706.25,27740.955936047252,6777,9150.5,-1,0,0,0,0
1785249000,27706.25,27724.25,27668.75,27685.75,,10851,9181.65,-1,0,0,0,0
1785249060,27685.75,27720.25,27676.75,27707.75,,7794,9190.1,-1,0,0,0,0
1785249120,27708.75,27729,27688.5,27707.25,,7645,9087.45,-1,0,0,0,0
1785249180,27707.25,27715.25,27686.25,27707.75,,5440,8817.15,-1,0,0,0,0
1785249240,27707,27719.25,27671.25,27678.5,,5499,8357.15,-1,0,0,0,0
1785249300,27678.5,27732.5,27672.25,27732,,6980,8155.7,-1,0,0,0,0
1785249360,27731.75,27761.5,27726.5,27745,,10428,8245.4,-1,0,0,0,0
1785249420,27745.75,27762.5,27733.5,27754.25,,5299,8134,-1,0,0,0,0
1785249480,27755.5,27762.75,27713.75,27715,,7000,8058.7,-1,0,0,0,0
1785249540,27714.75,27730,27694.5,27723.75,,6897,8093.75,-1,0,0,0,0
1785249600,27722.5,27756.75,27713.5,27754.5,,6350,8092.9,-1,0,0,0,0
1785249660,27754.25,27777,27749.25,27770.25,,7725,7922.3,1,0,0,0,0
1785249720,27770.5,27773.5,27753.5,27772,,4230,7549.7,1,0,0,0,0
1785249780,27772.25,27792.25,27762.25,27782.5,,6609,7325.5,1,0,0,0,0
1785249840,27782.25,27793,27768,27772.25,27751.387290698167,4831,7003.45,1,0,0,0,0
1785249900,27771,27785,27744.75,27750.5,,6732,6960.3,1,0,0,0,0
1785249960,27750,27783.5,27745.5,27783,,5307,6834.35,1,0,0,0,0
1785250020,27782,27811,27779.25,27806.25,,7808,6814.8,1,0,0,0,0
1785250080,27805.25,27844.25,27803.5,27840.25,,9906,7005.4,1,0,0,0,0
1785250140,27839.5,27855.75,27834,27850.5,,7409,7037,1,0,0,0,0
1785250200,27850,27878.25,27847.75,27863.25,,8964,6942.65,1,0,0,0,0
1785250260,27863.5,27888.75,27857.25,27882.75,,7182,6912.05,1,0,0,0,0
1785250320,27882.25,27888.5,27851.5,27858,,8096,6934.6,1,0,0,0,0
1785250380,27858.75,27892.5,27858,27875,,7193,7022.25,1,0,0,0,0
1785250440,27875,27875.25,27851,27853,,5578,7026.2,1,0,0,0,0
1785250500,27853,27876,27838.25,27859.75,,9546,7154.5,1,0,0,0,0
1785250560,27860.25,27863,27835.5,27844.75,,6171,6941.65,1,0,0,0,0
1785250620,27844.5,27844.75,27809,27820.25,,7750,7064.2,1,0,0,0,0
1785250680,27819.75,27825,27810,27812.5,,4874,6957.9,1,0,0,0,0
1785250740,27812.25,27822.25,27797.25,27802.5,27768.424860465446,6469,6936.5,1,0,0,0,0
1785250800,27802.75,27835.5,27799,27833.5,,7984,7018.2,1,0,0,0,0
1785250860,27832.75,27838.75,27809,27822.25,,6538,6958.85,1,0,0,0,0
1785250920,27821.75,27829.25,27798.75,27812.25,,5793,7037,1,0,0,0,0
1785250980,27811.75,27820,27791.75,27797.25,,5394,6976.25,1,0,0,0,0
1785251040,27797.75,27807.75,27779.75,27780.5,,6374,7053.4,1,0,0,0,0
1785251100,27780.75,27798.75,27767.25,27797.5,,7204,7077,1,0,0,0,0
1785251160,27797.75,27837.5,27796,27810,,9376,7280.45,1,0,0,0,0
1785251220,27811,27811.25,27778.75,27796.5,,6609,7220.5,1,0,0,0,0
1785251280,27796.5,27811.75,27787.5,27797.5,,5252,6987.8,1,0,0,0,0
1785251340,27798,27827,27796.75,27824.75,,6132,6923.95,1,0,0,0,0
1785251400,27825.5,27883.25,27815.75,27822.75,,13146,7133.05,1,0,0,0,0
1785251460,27822,27836.5,27801,27823.25,,5256,7036.75,1,1,0,0,0
1785251520,27824,27875.25,27811.75,27862.5,,7427,7003.3,1,0,0,0,0
1785251580,27863,27867,27840.25,27859.25,,4738,6880.55,1,0,0,0,0
1785251640,27859.25,27878.75,27850.5,27854,27796.949906976963,4789,6841.1,1,1,0,0,0
1785251700,27853.25,27863.25,27836.25,27861,,5237,6625.65,1,0,0,0,0
1785251760,27860.5,27881,27858.25,27863.75,,5035,6568.85,1,0,0,0,0
1785251820,27863.25,27883.25,27848.5,27877.75,,5176,6440.15,1,0,0,0,0
1785251880,27877.75,27918.5,27872.25,27911.5,,9162,6654.55,1,0,0,0,0
1785251940,27911.5,27916.75,27896,27915.75,,4774,6569.8,1,0,0,0,0
1785252000,27915.75,27963.25,27914.25,27952.25,,9845,6662.85,1,1,0,0,0
1785252060,27952.25,27959.75,27943.75,27953.75,,5247,6598.3,1,0,0,0,0
1785252120,27953.25,27966,27947,27953.5,,6080,6612.65,1,1,0,1,0
1785252180,27953.25,27971,27951.5,27961.25,,3735,6529.7,1,0,0,0,0
1785252240,27961.25,27976,27950.75,27974.25,,3950,6408.5,1,0,0,0,0
1785252300,27974,27987.5,27970.75,27979.5,,5636,6330.1,1,0,0,0,0
1785252360,27979.75,28010.75,27977,28000.5,,8688,6295.7,1,0,0,0,0
1785252420,28000,28001.25,27972.25,27975.5,,6693,6299.9,1,0,0,0,0
1785252480,27975.5,27975.5,27963.25,27971.5,,5829,6328.75,1,0,0,0,0
1785252540,27971.75,27977.5,27955.5,27964.5,27852.79993798464,4618,6253.05,1,0,0,0,0
1785252600,27964.5,27985.75,27954.5,27956.75,,6481,5919.8,1,0,0,0,0
1785252660,27957.25,27964.5,27948.75,27964,,4731,5893.55,1,0,0,0,0
1785252720,27963.25,27984.75,27959.5,27974.25,,4265,5735.45,1,0,0,0,0
1785252780,27974.5,27987,27970,27985.5,,3220,5659.55,1,0,0,0,0
1785252840,27985,27995,27976.25,27979.75,,4314,5635.8,1,0,0,0,0
1785252900,27980,28003.75,27975.75,28002,,4394,5593.65,1,0,0,0,0
1785252960,28001.25,28012.5,28000.25,28006.75,,3936,5538.7,1,0,0,0,0
1785253020,28006,28007.25,27987,28003,,3559,5457.85,1,0,0,0,0
1785253080,28003,28017.25,27997.25,28012.75,,4199,5209.7,1,0,0,0,0
1785253140,28013.25,28015,28001.5,28005.75,,3106,5126.3,1,0,0,0,0
1785253200,28005.5,28010.5,27989.5,27998.75,,3782,4823.15,1,0,0,0,0
1785253260,27998,28013,27992.5,28001,,2826,4702.1,1,0,0,0,0
1785253320,28000.75,28006.5,27991,27995.5,,2214,4508.8,1,0,0,0,0
1785253380,27995.75,28023.25,27989.25,28022.25,,4779,4561,1,0,0,0,0
1785253440,28021.5,28035,28019.25,28031.75,27912.449958656427,4624,4594.7,1,0,0,0,0
1785253500,28031.5,28046,28029.25,28035.75,,5200,4572.9,1,0,0,0,0
1785253560,28036.25,28052,28032.5,28049,,4461,4361.55,1,0,0,0,0
1785253620,28048.5,28052.5,28042.75,28045.25,,3293,4191.55,1,0,0,0,0
1785253680,28045.25,28058.75,28042,28057.75,,3129,4056.55,1,0,0,0,0
1785253740,28058,28062.5,28044.25,28044.5,,4319,4041.6,1,0,0,0,0
1785253800,28044.75,28049,28021,28023.75,,6681,4051.6,1,0,0,0,0
1785253860,28024,28030.5,28014.5,28025.75,,4496,4039.85,1,0,0,0,0
1785253920,28025.75,28031.75,28010.25,28031,,3573,4005.25,1,0,0,0,0
1785253980,28031.5,28057.25,28027.75,28053.75,,4914,4089.95,1,0,0,1,0
1785254040,28053.75,28055.75,28032.5,28033.25,,3985,4073.5,1,0,0,0,0
1785254100,28033.5,28036,28015.25,28019.75,,4146,4061.1,1,0,0,0,0
1785254160,28020.75,28045,28019.5,28043.25,,4114,4070,1,0,0,0,0
1785254220,28042.75,28051.5,28037,28050,,3019,4043,1,0,0,0,0
1785254280,28050,28062.75,28043,28043.25,,4731,4069.6,1,0,0,0,0
1785254340,28044,28049.25,28035.5,28048.5,27957.799972437617,2879,4058.25,1,0,0,0,0
1785254400,28048,28066.5,28033.25,28062.5,,6309,4184.6,1,0,0,0,0
1785254460,28063,28068.75,28053.25,28054.75,,4032,4244.9,1,0,0,0,0
1785254520,28055.25,28067.5,28046.5,28046.5,,3249,4296.65,1,0,0,0,0
1785254580,28047,28058.5,28040,28054.5,,3243,4219.85,1,0,0,0,0
1785254640,28054.75,28054.75,28040.25,28051.25,,2502,4113.75,1,0,0,0,0
1785254700,28050.75,28065,28050.25,28051.5,,2977,4002.6,1,0,0,0,0
1785254760,28052.5,28054.75,28036,28051.25,,3520,3955.55,1,0,0,0,0
1785254820,28051.25,28051.25,28013.5,28014.5,,4681,4024.95,1,0,0,0,0
1785254880,28014.75,28019.5,28009.25,28015.5,,4249,4080.95,1,0,0,0,0
1785254940,28015.75,28024.75,28007,28008,,3466,4038.3,1,0,0,0,0
1785255000,28007.5,28018,28005,28011,,3345,3871.5,1,0,0,0,0
1785255060,28010.75,28029,28009.75,28024.75,,4145,3853.95,1,0,0,0,0
1785255120,28024.5,28026.5,28010.75,28019,,2427,3796.65,1,0,0,0,0
1785255180,28019.25,28024.5,28000.25,28003,,3683,3735.1,1,0,0,0,0
1785255240,28002.75,28008.5,27997,28008,27974.53331495841,3114,3691.55,1,0,0,0,0
1785255300,28007.75,28017.5,27993.5,27998.5,,4210,3694.75,1,0,0,0,0
1785255360,27998.5,28003,27993,27994.5,,2103,3594.2,1,0,0,0,0
1785255420,27994.5,28009.5,27993.75,27994.75,,2803,3583.4,1,0,0,0,0
1785255480,27995.75,28007.5,27992.25,27999.25,,2033,3448.5,1,0,0,0,0
1785255540,27999.25,28032.5,27998.25,28030.5,,4386,3523.85,1,0,0,0,0
1785255600,28029.75,28047,28025.75,28031.75,,5087,3462.75,1,0,0,0,0
1785255660,28032.25,28034.5,28013.25,28022.75,,2959,3409.1,1,0,0,0,0
1785255720,28022.75,28028.5,28007.75,28012,,2895,3391.4,1,0,0,0,0
1785255780,28011.75,28012,27991.25,27994.25,,4020,3430.25,1,0,0,0,0
1785255840,27994.5,28002,27988,27998.75,,3129,3461.6,1,0,0,0,0
1785255900,27998.75,28006.5,27990.75,28005.75,,2156,3420.55,1,0,0,0,0
1785255960,28005.75,28007.75,27995.25,27997.25,,2283,3358.7,1,0,0,0,0
1785256020,27997.25,28005.25,27984.5,28000,,3030,3276.15,1,0,0,0,0
1785256080,28000.75,28010.5,27995.25,27998.25,,2294,3178.4,1,0,0,0,0
1785256140,27998.25,28007.25,27993.25,27994.75,27981.272209972274,1700,3090.1,1,0,0,0,0
1785256200,27995.25,27997,27962.75,27963.75,,5717,3208.7,-1,0,0,0,0
1785256260,27964,27966.75,27954,27964.75,,4792,3241.05,-1,0,0,0,0
1785256320,27965.5,27986.75,27958.75,27985,,4608,3350.1,1,0,0,0,0
1785256380,27985,27996.5,27974,27975.75,,3648,3348.35,1,0,0,0,0
1785256440,27976.25,27994,27973,27976,,2678,3326.55,1,1,0,0,0
1785256500,27976.25,27988.5,27974.5,27978.5,,2286,3230.35,1,0,0,0,0
1785256560,27978.5,27982.25,27967.75,27979,,2383,3244.35,1,0,0,0,0
1785256620,27978.75,27985,27972.25,27982,,2320,3220.2,1,0,0,0,0
1785256680,27982.25,28012.5,27980,28008,,4969,3367,1,0,0,0,0
1785256740,28008,28024.5,27999.5,28023.75,,4020,3348.7,1,0,0,0,0
1785256800,28023,28032.25,28018,28023,,4257,3307.2,1,0,0,0,0
1785256860,28023.25,28037,28021.25,28036.75,,2772,3297.85,1,1,0,0,0
1785256920,28037.25,28040.25,28013.25,28017.75,,3450,3325.6,1,0,0,0,0
1785256980,28017.5,28042,28017,28042,,2930,3271.1,1,0,0,0,0
1785257040,28042,28043.75,28021.5,28032,27998.18147331485,3533,3291.3,1,0,0,0,0
1785257100,28032.25,28041,28023.25,28027.25,,3218,3344.4,1,0,0,0,0
1785257160,28027,28031.25,27992.5,27996,,5041,3482.3,1,0,0,0,0
1785257220,27996.5,28023.25,27996,28017.5,,3275,3494.55,1,0,0,0,0
1785257280,28017.5,28023.25,28001,28008.75,,3212,3540.45,1,0,0,0,0
1785257340,28008,28021,28005,28016.75,,2269,3568.9,1,0,0,0,0
1785257400,28016,28048.25,28015,28045.75,,4535,3509.8,1,0,0,0,0
1785257460,28045.75,28071.75,28045.25,28067.75,,5306,3535.5,1,0,0,0,0
1785257520,28067.75,28074,28060.75,28065,,3176,3463.9,1,0,0,0,0
1785257580,28063.75,28079.75,28062.25,28064,,3433,3453.15,1,1,0,0,0
1785257640,28064.25,28074.75,28063,28068.75,,1979,3418.2,1,0,0,0,0
1785257700,28067.75,28068.75,28058.25,28068,,2397,3423.75,1,0,0,0,0
1785257760,28068.75,28078,28060.25,28076.25,,2510,3430.1,1,0,0,0,0
1785257820,28075.5,28078,28059,28065.75,,2255,3426.85,1,0,0,0,0
1785257880,28065.25,28065.5,28052,28056.75,,2308,3293.8,1,0,0,0,0
1785257940,28056.5,28063.75,28054,28057.75,28018.037648876565,1789,3182.25,1,0,0,0,0
1785258000,28058,28066.5,28044.5,28054.75,,3177,3128.25,1,0,0,0,0
1785258060,28055,28066,28053.5,28056.25,,1549,3067.1,1,0,0,0,0
1785258120,28055.5,28061.25,28027,28035.75,,4858,3137.5,1,0,0,0,0
1785258180,28035.75,28041,28022,28027.75,,3246,3153.3,1,0,0,0,0
1785258240,28028,28029.25,28017,28020.5,,2385,3095.9,1,0,0,0,0
1785258300,28020.75,28028,28013,28016.75,,2838,3076.9,1,0,0,0,0
1785258360,28016.75,28030.75,28004,28021,,4826,3066.15,1,0,0,0,0
1785258420,28020.75,28028,28015.5,28026.75,,2394,3022.1,1,0,0,0,0
1785258480,28027.25,28030.5,27997.75,27998,,3633,3043.15,-1,0,0,0,0
1785258540,27998.75,28002.25,27982.25,27986.25,,5063,3182.85,-1,0,0,0,0
1785258600,27986.5,27988.5,27968.75,27988.25,,4442,3178.2,-1,0,0,0,0
1785258660,27987.25,27994.75,27979.75,27994,,2941,3059.95,-1,0,0,0,0
1785258720,27994.25,28009.25,27990,27996.25,,3370,3069.65,-1,0,0,0,0
1785258780,27996.25,27998.25,27975,27989.5,,3275,3061.75,-1,0,1,0,0
1785258840,27989,27992.25,27981.5,27988.5,28008.19176591771,2575,3091.55,-1,0,0,0,0
1785258900,27988,27997.25,27981.5,27991.25,,2365,3089.95,-1,0,0,0,0
1785258960,27991.5,27993,27980.25,27990.75,,1870,3057.95,-1,0,0,0,0
1785259020,27992,27992.5,27973.25,27977.25,,2078,3049.1,-1,0,0,0,0
1785259080,27976.75,27985,27976.25,27982,,1525,3009.95,-1,0,0,0,0
1785259140,27981.75,27996.25,27976.25,27992.75,,3068,3073.9,-1,0,0,0,0
1785259200,27993,28036.25,27985.25,28026.25,,7304,3280.25,1,0,0,0,0
1785259260,28027,28045.75,28008.75,28011.25,,4918,3448.7,-1,0,0,0,0
1785259320,28010.75,28014.5,27995,28008.25,,2505,3331.05,-1,0,0,0,0
1785259380,28007.25,28019,28002.75,28007.5,,2003,3268.9,-1,0,0,0,0
1785259440,28006.25,28013.75,27987,27987.5,,2073,3253.3,-1,0,0,0,0
1785259500,27986.75,27991.5,27975,27990.25,,3471,3284.95,-1,0,0,0,0
1785259560,27990,28002.25,27989,27997.75,,2210,3154.15,-1,0,0,0,0
1785259620,27998,28016,27997.75,28010.5,,2660,3167.45,-1,0,0,0,0
1785259680,28010.75,28020.75,28000.25,28001.25,,2346,3103.1,-1,0,0,0,0
1785259740,28001.75,28013.25,27996,27996,28004.127843945138,1689,2934.4,-1,0,0,0,0
1785259800,27996.75,28004,27988.5,28000,,2119,2818.25,-1,0,0,0,0
1785259860,28001.5,28001.75,27990.25,27994,,1314,2736.9,-1,0,0,0,0
1785259920,27994.25,28001.5,27991,27999.75,,1309,2633.85,-1,0,0,0,0
1785259980,27999,28024.25,27996.5,28016.5,,4013,2670.75,1,0,0,0,0
1785260040,28016,28032.75,28015.75,28021.75,,2537,2668.85,1,0,0,0,0
1785260100,28022,28042.25,28021.5,28023.5,,2768,2689,1,1,0,0,0
1785260160,28023,28023.5,28007.25,28007.25,,2075,2699.25,-1,0,0,1,0
1785260220,28007.25,28015.75,28002.75,28002.75,,1583,2674.5,-1,0,0,0,0
1785260280,28002.75,28013.25,27999.25,28008.75,,1453,2670.9,1,0,0,0,0
1785260340,28009,28010.75,27991.5,27993.75,,1835,2609.25,-1,0,0,0,0
1785260400,27993.5,28010,27986.25,27995.25,,3598,2423.95,-1,0,0,0,0
1785260460,27995.5,27997.75,27978.25,27979.75,,2088,2282.45,-1,0,0,0,0
1785260520,27980,27985.75,27975.75,27975.75,,2077,2261.05,-1,0,0,0,0
1785260580,27975.75,27978.75,27956.25,27960,,3263,2324.05,-1,0,0,0,0
1785260640,27960,27960,27949.25,27954.5,27987.585229296757,3077,2374.25,-1,0,0,0,0
1785260700,27954.25,27962.5,27942.5,27950.25,,3050,2353.2,-1,0,0,0,0
1785260760,27950,27955,27944,27952.75,,2050,2345.2,-1,0,0,0,0
1785260820,27952.5,27963.25,27939,27943.25,,3260,2375.2,-1,0,0,0,0
1785260880,27943,27978.75,27942.5,27972.25,,4285,2472.15,-1,0,0,0,0
1785260940,27972.5,27985.75,27966.5,27979.5,,3088,2542.1,-1,0,0,0,0
1785261000,27979.25,27979.25,27957.25,27962,,2627,2567.5,-1,0,0,0,0
1785261060,27961.75,27961.75,27949.5,27957.25,,1759,2589.75,-1,0,0,0,0
1785261120,27956.75,27966.5,27943.5,27944.75,,2150,2631.8,-1,0,1,0,0
1785261180,27945.25,27951.75,27943.5,27950.5,,1457,2504,-1,0,0,0,0
1785261240,27950,27954.25,27936.5,27941.25,,2859,2520.1,-1,0,0,0,0
1785261300,27940.75,27944.25,27924.5,27931.5,,3572,2560.3,-1,0,0,0,0
1785261360,27931.75,27949.5,27928.5,27949,,2741,2593.6,-1,0,0,0,0
1785261420,27948.5,27951,27939.75,27946.75,,1662,2597.55,-1,0,0,0,0
1785261480,27947,27959,27940.75,27957.25,,2206,2635.2,-1,0,0,0,0
1785261540,27957.75,27974.5,27957.5,27974,27983.05681953117,2825,2684.7,-1,0,0,0,0
1785261600,27974.5,27999.75,27966.25,27991,,5809,2795.25,1,0,0,0,0
1785261660,27990.25,27994.75,27958.75,27958.75,,3816,2881.65,-1,0,0,0,0
1785261720,27958.75,27976,27954.5,27964.75,,3385,2947.05,-1,0,0,0,0
1785261780,27964.5,27969.75,27957.75,27962.25,,2542,2911,-1,0,0,0,0
1785261840,27962,27971.75,27952.75,27969.25,,2389,2876.6,-1,0,0,0,0
1785261900,27968.75,27974,27956.75,27960,,2297,2838.95,-1,0,0,0,0
1785261960,27959.5,27963,27947.5,27952,,2286,2850.75,-1,0,0,0,0
1785262020,27952,27953.25,27937.25,27946,,3080,2841.75,-1,0,0,0,0
1785262080,27946.75,27952.25,27940,27942.5,,1763,2715.65,-1,0,0,0,0
1785262140,27942.25,27947.75,27939.5,27944.5,,1327,2627.6,-1,0,0,0,0
1785262200,27944.5,27949.75,27935,27938.75,,2342,2613.35,-1,0,0,0,0
1785262260,27938.5,27944,27924,27928,,2702,2660.5,-1,0,0,0,0
1785262320,27927.5,27938.25,27924.25,27936.75,,2466,2676.3,-1,0,0,0,0
1785262380,27937.25,27940.25,27917.5,27928.75,,3227,2764.8,-1,0,0,0,0
1785262440,27928.75,27929.25,27915,27917.25,27961.121213020782,2127,2728.2,-1,0,0,0,0
1785262500,27917.75,27938,27915.25,27935,,3074,2703.3,-1,0,0,0,0
1785262560,27935,27938,27923.25,27935.5,,2111,2671.8,-1,0,0,0,0
1785262620,27935.75,27936.75,27912,27922,,2616,2719.5,-1,0,0,0,0
1785262680,27921.5,27929,27919.5,27924.5,,1517,2685.05,-1,0,0,0,0
1785262740,27925,27934,27916.75,27929,,2172,2652.4,-1,0,0,0,0
1785262800,27929.25,27944.25,27924,27943.25,,2891,2506.5,-1,0,0,0,0
1785262860,27943.5,27946,27929.25,27933.5,,2714,2451.4,-1,0,0,0,0
1785262920,27933.5,27944.25,27928,27943.5,,1983,2381.3,-1,0,0,0,0
1785262980,27943.75,27948,27922,27929,,2603,2384.35,-1,0,0,0,0
1785263040,27928.5,27935.5,27924.5,27926.25,,1236,2326.7,-1,0,0,0,0
1785263100,27926.25,27936.5,27920.25,27930.25,,2055,2314.6,-1,0,0,0,0
1785263160,27930.25,27935.5,27924.5,27926,,1418,2271.2,-1,0,0,0,0
1785263220,27926.25,27926.25,27917,27920.75,,2139,2224.15,-1,0,0,0,0
1785263280,27921.5,27928.75,27914,27917.75,,2349,2253.45,-1,0,0,0,0
1785263340,27918.25,27927,27918,27926.5,27949.580808680523,1422,2258.2,-1,0,0,0,0
1785263400,27926.5,27942.75,27920,27932.5,,3620,2322.1,-1,0,0,0,0
1785263460,27932,27936.75,27924.5,27929,,2125,2293.25,-1,0,0,0,0
1785263520,27929.25,27936.25,27925.75,27931,,1707,2255.3,-1,0,0,0,0
1785263580,27931.5,27955.25,27929.5,27953.75,,3544,2271.15,-1,0,0,0,0
1785263640,27954,27963.25,27942.5,27946.5,,3752,2352.4,-1,0,0,0,0
1785263700,27947.25,27954,27937.75,27948.5,,2449,2321.15,-1,0,0,0,0
1785263760,27949.25,27953.25,27935.5,27944,,2289,2330.05,-1,0,0,0,0
1785263820,27944.25,27949,27939.75,27947.5,,1402,2269.35,-1,0,0,0,0
1785263880,27948,27958,27942,27952,,1907,2288.85,-1,0,0,0,0
1785263940,27951.5,27951.5,27930.25,27932,,2367,2298.6,-1,0,0,0,0
1785264000,27932.5,27937.5,27922,27929.25,,2961,2302.1,-1,0,0,0,0
1785264060,27930,27933.75,27924,27927.5,,1303,2231.55,-1,0,0,0,0
1785264120,27927.5,27933.25,27920.25,27923.75,,1756,2220.2,-1,0,0,0,0
1785264180,27924,27938.25,27921.75,27936,,1652,2172.65,-1,0,0,0,0
1785264240,27936,27945.25,27926.75,27938.25,27945.803872453682,2162,2218.95,-1,0,0,0,0
1785264300,27937.75,27953,27928.75,27951.5,,2277,2230.05,1,0,0,0,0
1785264360,27951.25,27971,27946.25,27969.5,,3133,2315.8,1,0,0,0,0
1785264420,27969.25,27975.25,27960.75,27963.5,,3176,2367.65,1,0,0,0,0
1785264480,27963.25,27967,27951.25,27952.75,,1976,2349,1,0,0,0,0
1785264540,27953,27962.25,27948,27955.25,,1675,2361.65,1,0,0,0,0
1785264600,27955.5,27970.75,27954.75,27967.25,,2295,2295.4,1,0,0,0,0
1785264660,27966.5,27978,27962.5,27964.25,,2415,2309.9,1,0,0,0,0
1785264720,27964,27969,27950,27952,,2303,2339.7,1,0,0,0,0
1785264780,27952,27958,27943.75,27946.5,,2180,2271.5,-1,0,0,0,0
1785264840,27946.5,27955.5,27944,27952.25,,1797,2173.75,1,0,0,0,0
1785264900,27952,27967.5,27938.75,27964.5,,2898,2196.2,1,0,0,0,0
1785264960,27964.75,27969.75,27959.25,27966.25,,2314,2197.45,1,0,0,0,0
1785265020,27966.25,27975.25,27962.75,27969.5,,1898,2222.25,1,1,0,0,0
1785265080,27969,27979.5,27963,27974.25,,1977,2225.75,1,0,0,0,0
1785265140,27974.25,27978.75,27972.5,27972.5,27954.70258163579,1242,2169.5,1,0,0,0,0
1785265200,27972.25,27999.25,27971.75,27988.75,,4514,2247.15,1,0,0,0,0
1785265260,27989.25,27998.5,27988,27995.25,,2080,2286,1,0,0,0,0
1785265320,27995,28003.25,27986.75,27997.75,,3027,2349.55,1,1,0,1,0
1785265380,27997.5,28013.5,27995,28008.75,,3595,2446.7,1,0,0,0,0
1785265440,28008.5,28020,28005,28016,,2778,2477.5,1,0,0,0,0
1785265500,28015.5,28021.25,28003.75,28018.5,,3035,2515.4,1,0,0,0,0
1785265560,28018.25,28021.75,27993,27999.75,,3524,2534.95,1,0,0,0,0
1785265620,28000,28010.5,27992.25,27992.75,,2431,2497.7,1,0,0,0,0
1785265680,27992.75,27992.75,27975.75,27978.75,,3943,2596.05,1,0,0,0,0
1785265740,27978.5,27991.25,27976.75,27979.25,,2323,2628.45,1,0,0,0,0
1785265800,27978.75,27993.25,27974.75,27981,,2357,2631.55,1,0,0,0,0
1785265860,27981,27989.75,27975.5,27987,,2031,2612.35,1,0,0,0,0
1785265920,27987,27987,27974.25,27974.75,,1483,2571.35,1,0,0,0,0
1785265980,27975.25,27988.5,27972,27986.75,,2137,2569.2,1,0,0,0,0
1785266040,27986.75,27989.75,27978.5,27987,27965.46838775719,1385,2548.6,1,0,0,0,0
1785266100,27986.75,27995.25,27974.25,27976.5,,2560,2531.7,1,0,0,0,0
1785266160,27975.75,27982.75,27968,27971,,2539,2542.95,1,0,0,0,0
1785266220,27971.5,27980.75,27964.25,27969.5,,2366,2566.35,1,0,0,0,0
1785266280,27970,27988.25,27969,27982.75,,2292,2582.1,1,0,0,0,0
1785266340,27983,27993,27983,27989.75,,1975,2618.75,1,0,0,0,0
1785266400,27989.5,27993.5,27982.5,27991.75,,1626,2474.35,1,0,0,0,0
1785266460,27991.75,27998,27982.5,27983.75,,2108,2475.75,1,0,0,0,0
1785266520,27984,28009.75,27983.5,28008.25,,2958,2472.3,1,0,0,0,0
1785266580,28009,28016.75,28006.5,28008,,2749,2430,1,0,0,0,0
1785266640,28008.25,28017.75,28007.5,28017.5,,1646,2373.4,1,1,0,0,0
1785266700,28017.25,28020.75,28005.25,28008.5,,2560,2349.65,1,0,0,0,0
1785266760,28008,28013.25,27991.25,27995,,2860,2316.45,1,0,0,0,0
1785266820,27994.75,27998,27984.75,27992.5,,2151,2302.45,1,0,0,0,0
1785266880,27992.25,28019.25,27989.25,28016.25,,2918,2251.2,1,0,0,0,0
1785266940,28016.25,28021.25,28010,28017.75,27982.89559183813,1762,2223.15,1,0,0,0,0
1785267000,28017.75,28024,28008,28012.5,,3897,2300.15,1,1,0,0,0
1785267060,28013,28021.75,28006.5,28009,,2570,2327.1,1,0,0,0,0
1785267120,28009,28013.5,27995.25,28004,,2499,2377.9,1,0,0,0,0
1785267180,28004.25,28008,27994,27999.75,,1989,2370.5,1,0,0,0,0
1785267240,27999,28009.75,27998.25,28000.25,,1608,2381.65,1,0,0,0,0
1785267300,28000.5,28001,27970,27972.25,,3818,2444.55,1,0,0,0,0
1785267360,27972.5,27973,27957.75,27959.5,,3912,2513.2,-1,0,0,0,0
1785267420,27959.25,27960.5,27944,27950.5,,3527,2571.25,-1,0,0,0,0
1785267480,27950.25,27956,27945.5,27955.5,,2822,2597.75,-1,0,0,0,0
1785267540,27955.25,27957.75,27941,27947.75,,2661,2632.05,-1,0,1,0,0
1785267600,27947.25,27956,27944,27950,,2190,2660.25,-1,0,0,0,0
1785267660,27949.25,27955,27945,27954,,1643,2637,-1,0,0,0,0
1785267720,27954.5,27962.5,27942,27949,,3032,2640.7,-1,0,0,0,0
1785267780,27948.75,27958.5,27947.5,27952.25,,1495,2578,-1,0,0,0,0
1785267840,27952.5,27954.75,27943.25,27954.75,27973.513727892085,1794,2585.4,-1,0,0,0,0
1785267900,27954.5,27958,27937.25,27940,,2784,2596.6,-1,0,0,0,0
1785267960,27940,27940,27929.25,27938.5,,2368,2572,-1,0,0,0,0
1785268020,27939,27953.75,27938.5,27944.75,,2606,2594.75,-1,0,0,0,0
1785268080,27945,27950.75,27939.75,27942.75,,1539,2525.8,-1,0,0,0,0
1785268140,27942.5,27954,27937.25,27954,,1783,2526.85,-1,0,0,0,0
1785268200,27953.5,27959,27935.75,27939.75,,4204,2542.2,-1,0,0,0,0
1785268260,27940,27945.25,27936,27939,,1963,2511.85,-1,0,0,0,0
1785268320,27939.5,27948,27934.75,27946.75,,1791,2476.45,-1,0,0,0,0
1785268380,27946.75,27959,27944,27957.75,,2351,2494.55,-1,0,0,0,0
1785268440,27958,27988.5,27957.75,27982.25,,6077,2718,-1,0,0,0,0
1785268500,27982,27982.75,27924.75,27949.25,,6074,2830.8,-1,0,0,0,0
1785268560,27949.25,27959,27939.5,27943.5,,3057,2788.05,-1,0,0,0,0
1785268620,27943.5,27945.25,27932.5,27937.5,,2935,2758.45,-1,0,0,0,0
1785268680,27937.75,27943.25,27933.25,27938,,2658,2750.25,-1,0,0,0,0
1785268740,27938.5,27941.25,27911.25,27919.5,27955.509151928058,7986,3016.5,-1,0,0,0,0
1785268800,27919,27954.75,27917.25,27952.25,,5818,3197.9,-1,0,0,0,0
1785268860,27952.25,27952.75,27931.25,27932.75,,2358,3233.65,-1,0,0,0,0
1785268920,27932.5,27934.75,27913.75,27915.25,,2035,3183.8,-1,0,0,0,0
1785268980,27915,27920.5,27912.25,27919,,1566,3187.35,-1,0,0,0,0
1785269040,27919,27929,27916.75,27917,,1090,3152.15,-1,0,0,0,0
1785269100,27917.5,27967.75,27916.25,27927,,4338,3229.85,-1,0,0,0,0
1785269160,27927,27929,27884,27921.5,,4402,3331.55,-1,0,1,0,0
1785269220,27922,27930.5,27894.75,27900,,2056,3304.05,-1,0,0,0,0
1785269280,27899.75,27926.25,27898.5,27919.75,,2111,3332.65,-1,0,0,0,0
1785269340,27919.75,27921.5,27896,27907,,1710,3329,-1,0,0,0,0
1785269400,27906.75,27908.25,27898.5,27902.75,,1153,3176.45,-1,0,0,0,0
1785269460,27903,27918,27903,27912.5,,1375,3147.05,-1,0,0,0,0
1785269520,27913,27926.5,27912,27923,,1219,3118.45,-1,0,0,0,0
1785269580,27923,27937.5,27922.25,27931.5,,1289,3065.35,-1,0,0,0,0
1785269640,27932,27933,27916,27919.5,27943.506101285373,1223,2822.65,-1,0,0,0,0
1785269700,27919.5,27927.5,27910.75,27922.75,,1469,2592.4,-1,0,0,0,0
1785269760,27921.75,27935.75,27921,27934.25,,784,2478.75,-1,0,0,0,0
1785269820,27935,27940.5,27928,27930.75,,824,2373.2,-1,0,0,0,0
1785269880,27931.5,27943,27929.5,27943,,724,2276.5,-1,0,0,0,0
1785269940,27942.5,27951.75,27941.25,27948.25,,1066,1930.5,-1,0,0,0,0
1785270000,27948.25,27950,27941.5,27942.5,,631,1671.15,-1,0,0,0,0
1785270060,27941.25,27944,27937,27941.5,,380,1572.25,-1,0,0,0,0
1785270120,27942,27953.25,27941.5,27947,,732,1507.1,-1,0,0,0,0
1785270180,27946.25,27958.75,27944,27955.5,,677,1462.65,-1,0,0,0,0
1785270240,27956.5,27963.5,27952.25,27960.25,,695,1442.9,1,0,0,0,0
1785270300,27960.25,27964.25,27958.5,27964.25,,450,1248.5,1,0,0,0,0
1785270360,27963,27979,27962.25,27977.5,,1316,1094.2,1,0,0,0,0
1785270420,27977.5,27987.25,27976.25,27977.75,,1127,1047.75,1,0,0,0,0
1785270480,27977.75,27989,27977.25,27988.5,,487,966.55,1,1,0,0,0
1785270540,27988,27991.75,27974.75,27977.75,27954.920734190247,894,925.75,1,0,0,0,0
1785270600,27977,27980.75,27973.75,27975,,609,898.55,1,0,0,0,0
1785270660,27975.5,27976,27965.5,27969.5,,819,870.75,1,0,0,0,0
1785270720,27969.75,27976.75,27969,27973.75,,361,827.85,1,0,0,0,0
1785270780,27973.25,27974,27962.5,27966.5,,669,796.85,1,0,0,0,0
1785270840,27965.75,27968.25,27961.25,27966.75,,344,752.9,1,0,0,0,0
1785270900,27966.75,27984,27966.75,27975.75,,998,729.35,1,0,0,0,0
1785270960,27975.75,27977.5,27969.5,27970.25,,514,715.85,1,0,0,0,0
1785271020,27970.5,27970.5,27940,27957.75,,1265,737.9,1,0,0,0,0
1785271080,27957.75,27958.5,27949.25,27954,,726,738,1,0,0,0,0
1785271140,27953.5,27955,27948,27948,,391,704.25,1,0,0,0,0
1785271200,27949.25,27950,27938,27942.5,,839,714.65,-1,0,0,0,0
1785271260,27942.25,27946.75,27936.5,27940.75,,496,720.45,-1,0,0,0,0
1785271320,27940.5,27948,27939.75,27946.25,,299,698.8,1,0,0,0,0
1785271380,27946.75,27952.5,27944.5,27945.5,,393,684.6,1,0,0,0,0
1785271440,27945.5,27949,27944.25,27948,27952.613822793497,229,661.3,-1,0,0,0,0
1785271500,27948.5,27951,27945.75,27948.5,,467,662.15,-1,0,0,0,0
1785271560,27948.5,27955.75,27947,27954,,299,611.3,-1,0,0,0,0
1785271620,27954.25,27959.5,27953,27959.5,,267,568.3,1,0,0,0,0
1785271680,27959.5,27960.25,27953.5,27958.25,,297,558.8,1,0,0,0,0
1785271740,27958,27958.5,27953.5,27954.25,,133,520.75,-1,0,0,0,0
1785271800,27954,27955.25,27938.75,27940.5,,470,513.8,-1,0,0,0,0
1785271860,27941,27941.5,27936,27938,,279,486.8,-1,0,0,0,0
1785271920,27937.5,27943.75,27935.75,27942.5,,230,480.25,-1,0,0,0,0
1785271980,27943.75,27949,27941.5,27945.25,,582,475.9,-1,0,0,0,0
1785272040,27944,27953.25,27943.25,27951.25,,331,475.25,-1,0,0,0,0
1785272100,27950.5,27953.25,27948.5,27951,,272,438.95,-1,0,0,0,0
1785272160,27948.75,27953,27948.75,27952.5,,101,418.3,-1,0,0,0,0
1785272220,27952,27963,27951.75,27961.25,,188,364.45,1,0,0,0,0
1785272280,27961.75,27962,27953.25,27957.25,,171,336.7,1,0,0,0,0
1785272340,27956.75,27962.25,27952,27959.75,27954.992548528997,403,337.3,1,0,0,0,0
1785276000,27962.25,27984,27956,27970.25,,1227,356.7,1,1,0,0,0
1785276060,27972.5,27986.75,27966.25,27967.25,,887,376.25,1,0,0,0,0
1785276120,27967.5,27987.25,27963.25,27986.25,,927,407.65,1,1,0,1,0
1785276180,27986,27995,27985,27993.75,,958,435.9,1,0,0,0,0
1785276240,27994.75,27998.75,27989.75,27995,,730,460.95,1,0,0,0,0
1785276300,27994.25,28010.5,27993.5,28008.5,,1465,510.85,1,1,0,1,0
1785276360,28008.25,28008.75,27995.75,28001.25,,727,532.25,1,0,0,0,0
1785276420,28000.75,28008,28000.75,28004,,478,542.8,1,0,0,0,0
1785276480,28004.25,28008,28003,28003.25,,331,544.5,1,0,0,0,0
1785276540,28003.5,28005,27999,28000.75,,434,559.55,1,0,0,0,0
1785276600,28000.25,28014,27995.25,28001.25,,1348,603.45,1,0,0,0,0
1785276660,28001.25,28001.25,27992,27994,,710,625,1,0,0,0,0
1785276720,27994.25,27996,27991.25,27993.75,,431,635.05,1,0,0,0,0
1785276780,27994.25,27995.5,27973,27973.25,,1362,674.05,1,0,0,0,0
1785276840,27974,27977,27962.75,27971.75,27960.578365685997,1199,717.45,1,0,0,0,0
1785276900,27972.5,27979,27971.5,27972.5,,823,745,1,0,0,0,0
1785276960,27972.5,27973,27965.5,27966.25,,613,770.6,1,0,0,0,0
1785277020,27965.5,27967.5,27957.25,27962.25,,836,803,1,0,0,0,0
1785277080,27961.5,27961.75,27923,27930.75,,2787,933.8,-1,0,0,0,0
1785277140,27930.5,27937.25,27922.25,27935.5,,975,962.4,-1,0,0,0,0
1785277200,27936.25,27942,27918,27925,,1470,974.55,-1,0,1,0,0
1785277260,27925,27927.25,27918,27921.25,,775,968.95,-1,0,0,0,0
1785277320,27920.75,27924.75,27919.25,27922.5,,479,946.55,-1,0,0,0,0
1785277380,27922.5,27924.25,27913.75,27914.75,,892,943.25,-1,0,0,0,0
1785277440,27914.75,27919.25,27913.75,27918.5,,456,929.55,-1,0,0,0,0
1785277500,27918.5,27923.75,27906.5,27914.25,,1350,923.8,-1,0,0,0,0
1785277560,27914.5,27925,27909.25,27924.5,,1010,937.95,-1,0,0,0,0
1785277620,27924.75,27943.5,27923.5,27934.75,,1890,1008.55,-1,0,0,0,0
1785277680,27934,27943.25,27932,27936.5,,859,1034.95,-1,0,0,0,0
1785277740,27936.5,27944,27933.5,27939.5,27953.552243790666,835,1055,-1,0,0,0,0
1785277800,27939,27943,27932.75,27936.5,,764,1025.8,-1,0,0,0,0
1785277860,27936.5,27940.5,27920,27920.75,,907,1035.65,-1,0,0,0,0
1785277920,27921.75,27921.75,27883.5,27901,,3054,1166.8,-1,0,0,0,0
1785277980,27901.75,27913.5,27892.5,27893.75,,1270,1162.2,-1,0,0,0,0
1785278040,27893.75,27900.25,27892.25,27894.5,,694,1136.95,-1,0,1,0,0
1785278100,27893.25,27898.25,27886.5,27894.5,,866,1139.1,-1,0,0,0,0
1785278160,27893.75,27910.5,27893.75,27907.75,,1272,1172.05,-1,0,0,0,0
1785278220,27906.75,27907.75,27892,27893,,651,1162.8,-1,0,0,0,0
1785278280,27893.75,27895.25,27875.5,27879.25,,1483,1097.6,-1,0,0,0,0
1785278340,27878.75,27885.75,27854.5,27862,,1887,1143.2,-1,0,0,0,0
1785278400,27861,27885.25,27860,27883.25,,1530,1146.2,-1,0,0,0,0
1785278460,27882.75,27887.5,27876.25,27885,,793,1147.1,-1,0,0,0,0
1785278520,27885.25,27890.5,27878.75,27885.25,,1010,1173.65,-1,0,0,0,0
1785278580,27884.5,27887.5,27879.5,27884.75,,639,1161,-1,0,0,0,0
1785278640,27885,27885.25,27860,27862.75,27923.284829193777,1632,1219.8,-1,0,0,0,0
1785278700,27863,27863.75,27841.25,27843.5,,2506,1277.6,-1,0,0,0,0
1785278760,27843.75,27848.75,27829.25,27834.25,,2631,1358.65,-1,0,0,0,0
1785278820,27833.5,27836.5,27818.75,27819,,1718,1350.05,-1,0,0,0,0
1785278880,27819.25,27838.5,27814.75,27831.5,,2105,1412.35,-1,0,0,0,0
1785278940,27830.5,27834.75,27818.5,27824.25,,1539,1447.55,-1,0,0,0,0
1785279000,27824.75,27827.5,27817,27822.75,,1307,1474.7,-1,0,0,0,0
1785279060,27823,27824.5,27807.5,27820.75,,1926,1525.65,-1,0,0,0,0
1785279120,27821.5,27836.5,27818,27828.25,,1668,1456.35,-1,0,0,0,0
1785279180,27827.5,27828.75,27786,27787.75,,3264,1556.05,-1,0,0,0,0
1785279240,27787.75,27802.75,27783,27790.75,,2228,1632.75,-1,0,0,0,0
1785279300,27790.75,27805,27790.75,27803,,1702,1674.55,-1,0,1,0,1
1785279360,27803,27810.25,27785,27793.75,,1871,1704.5,-1,0,0,0,0
1785279420,27793,27796.75,27780.75,27789.75,,1801,1762,-1,0,0,0,0
1785279480,27790.25,27790.25,27773,27777.25,,2111,1793.4,-1,0,0,0,0
1785279540,27777,27778,27756.5,27757,27867.856552795853,2536,1825.85,-1,0,0,0,0
1785279600,27758,27764.5,27745.25,27758.25,,2935,1896.1,-1,0,0,0,0
1785279660,27758.25,27770.25,27752.25,27752.75,,2111,1962,-1,0,1,0,0
1785279720,27753.5,27757,27742.5,27747.75,,1859,2004.45,-1,0,0,0,0
1785279780,27748.5,27754.25,27731.5,27745,,2054,2075.2,-1,0,0,0,0
1785279840,27744.5,27787.5,27743.25,27784.75,,2966,2141.9,-1,0,0,0,0
1785279900,27784.75,27790.75,27770,27781,,2249,2129.05,-1,0,0,0,0
1785279960,27781,27800,27779,27797,,1868,2090.9,-1,0,0,0,0
1785280020,27796.25,27807.5,27787.5,27803.75,,1853,2097.65,-1,0,0,0,0
1785280080,27802.75,27805.25,27794,27796.75,,1108,2047.8,-1,0,0,0,0
1785280140,27796.25,27797,27743.75,27748,,2961,2118.9,-1,0,0,0,0
1785280200,27748.5,27769.5,27739.75,27755.5,,2441,2175.6,-1,0,0,0,0
1785280260,27755.25,27790.5,27747,27788,,2152,2186.9,-1,0,1,0,0
1785280320,27787.25,27801,27787,27796.25,,1629,2184.95,-1,0,0,0,0
1785280380,27794.75,27835.75,27792.25,27828,,2997,2171.6,-1,0,0,0,0
1785280440,27827.25,27857.75,27820.25,27841.5,27859.071035197234,2757,2198.05,-1,0,0,0,0
1785280500,27842.25,27844.5,27825.5,27828.25,,1963,2211.1,-1,0,0,0,0
1785280560,27829,27836.75,27814.5,27832.25,,2103,2222.7,-1,0,0,0,0
1785280620,27832.5,27839.75,27818.5,27835,,1679,2216.6,-1,0,0,0,0
1785280680,27835,27844.5,27819.75,27827,,1424,2182.25,-1,0,0,0,0
1785280740,27827,27829.5,27817,27824.5,,1075,2109.2,-1,0,0,0,0
1785280800,27825.25,27841,27808.75,27840.5,,1820,2053.45,-1,0,0,0,0
1785280860,27839.75,27853,27827.75,27851.25,,2008,2048.3,-1,0,0,0,0
1785280920,27851,27880.75,27850.5,27880,,3274,2119.05,1,0,0,0,0
1785280980,27880.75,27886.75,27868.75,27875.75,,1884,2110.55,1,0,0,0,0
1785281040,27876.5,27879,27870,27875,,924,2008.45,1,1,0,0,0
1785281100,27875,27878.5,27866.5,27868.5,,948,1943.4,1,0,0,0,0
1785281160,27869.25,27880,27868.5,27877.75,,1021,1901.05,1,0,0,0,0
1785281220,27878.5,27889,27864,27871.5,,1745,1895.65,1,0,0,0,0
1785281280,27871.5,27890,27871.25,27884.75,,1103,1895.4,1,0,0,0,0
1785281340,27884.75,27891.75,27883,27889.5,27869.21402346482,884,1791.55,1,0,0,0,0
1785281400,27889.75,27903,27883.5,27902.75,,1577,1748.35,1,0,0,0,0
1785281460,27903,27909.75,27895.75,27906.75,,1527,1717.1,1,0,0,0,0
1785281520,27907.25,27921.75,27896,27907.25,,2446,1757.95,1,0,0,0,0
1785281580,27908,27910.5,27898.25,27902,,1501,1683.15,1,0,0,0,0
1785281640,27901,27907.25,27897,27903.25,,1263,1608.45,1,0,0,0,0
1785281700,27903,27911,27899.5,27902,,948,1557.7,1,0,0,0,0
1785281760,27902.75,27906,27895,27897,,1185,1511.8,1,0,0,0,0
1785281820,27896.75,27904.5,27890.75,27896.75,,1118,1483.75,1,0,0,0,0
1785281880,27896.5,27904.75,27891,27899.25,,1213,1473.2,1,0,0,0,0
1785281940,27899,27903.25,27892,27896.25,,750,1456.95,1,0,0,0,0
1785282000,27896.5,27912,27890,27907,,1471,1439.5,1,0,0,0,0
1785282060,27906.25,27916.75,27896.5,27910,,1537,1415.95,1,0,0,0,0
1785282120,27910.5,27913.75,27896.25,27898.25,,1135,1309,1,0,0,0,0
1785282180,27898.75,27933,27897.75,27931.25,,1894,1309.5,1,0,0,0,0
1785282240,27931.5,28025.5,27931.5,28012.5,27916.976015643213,6974,1612,1,0,0,0,0
1785282300,28012.25,28017,27990.5,27996.25,,3801,1754.65,1,0,0,0,0
1785282360,27996,28026,27995.5,28018.75,,2501,1828.65,1,1,0,0,0
1785282420,28019,28048.75,28014.75,28040.75,,3525,1917.65,1,0,0,0,0
1785282480,28040.5,28046,28030.5,28041.5,,2161,1970.55,1,0,0,0,0
1785282540,28042,28070.25,28035.5,28059.75,,3150,2083.85,1,1,0,1,0
1785282600,28060.5,28096.25,28059,28086,,3701,2190.05,1,0,0,0,0
1785282660,28085.75,28087.75,28068.5,28074,,1864,2206.9,1,0,0,0,0
1785282720,28073.75,28075.25,28045.75,28060.25,,2719,2220.55,1,0,0,0,0
1785282780,28060.25,28078,28058.75,28059.75,,1413,2216.15,1,0,0,0,0
1785282840,28059.75,28082,28052,28080.5,,1560,2231,1,0,0,0,0
1785282900,28079.75,28087.25,28065.5,28079.25,,1819,2274.55,1,0,0,0,0
1785282960,28078.5,28087.5,28075.25,28079.75,,1169,2273.75,1,0,0,0,0
1785283020,28079,28094.5,28073.75,28093.75,,1589,2297.3,1,0,0,0,0
1785283080,28093,28098.75,28083.25,28091.5,,1458,2309.55,1,0,0,0,0
1785283140,28091.75,28105,28080.5,28102.75,27978.900677095477,1792,2361.65,1,0,0,0,0
1785283200,28102.75,28110,28076.75,28083,,3445,2460.35,1,0,0,0,0
1785283260,28083,28144.25,28079,28141.75,,5178,2642.4,1,0,0,0,0
1785283320,28142,28177.25,28126.25,28138.75,,4911,2831.2,1,0,0,0,0
1785283380,28138.75,28144,28129,28140,,1765,2824.75,1,1,0,1,0
1785283440,28139.75,28153.5,28135.5,28142.25,,1637,2557.9,1,0,0,0,0
1785283500,28143.25,28153.75,28130.5,28138,,1846,2460.15,1,0,0,0,0
1785283560,28138,28158.25,28131.25,28144,,2117,2440.95,1,0,0,0,0
1785283620,28143.25,28157.75,28136.25,28155.25,,1366,2333,1,0,0,0,0
1785283680,28154.5,28168.75,28149.5,28154.5,,1978,2323.85,1,0,0,0,0
1785283740,28154,28158.25,28140.25,28140.25,,1346,2233.65,1,0,0,0,0
1785283800,28140,28153.25,28134.75,28136.25,,1500,2123.6,1,0,0,0,0
1785283860,28135.75,28149.25,28132.75,28147.25,,1182,2089.5,1,0,0,0,0
1785283920,28147,28154.5,28130,28151.25,,1677,2037.4,1,0,0,0,0
1785283980,28149.25,28157.75,28148.25,28153,,1283,2030.9,1,0,0,0,0
1785284040,28153.5,28160.75,28136.75,28142,28033.26711806365,1549,2030.35,1,0,0,0,0
1785284100,28139.5,28139.5,28109.25,28132.75,,3256,2102.2,1,0,0,0,0
1785284160,28132.25,28138.25,28115.5,28129.25,,1664,2126.95,1,0,0,0,0
1785284220,28129.75,28152,28124,28130,,2143,2154.65,1,0,0,0,0
1785284280,28129,28142,28118.5,28132,,1198,2141.65,1,0,0,0,0
1785284340,28131.25,28145.25,28127.5,28142.75,,952,2099.65,1,0,0,0,0
1785284400,28141.75,28153,28123.75,28126.75,,1501,2002.45,1,0,0,0,0
1785284460,28126.5,28165.5,28115,28151.25,,2706,1878.85,1,0,0,0,0
1785284520,28151,28155.75,28116,28118.75,,1807,1723.65,1,0,0,0,0
1785284580,28118,28129.5,28112.25,28114.25,,1357,1703.25,1,0,0,0,0
1785284640,28114.75,28117.25,28091.5,28097.25,,2297,1736.25,1,0,0,0,0
1785284700,28097.25,28099.5,28079.75,28085.25,,2575,1772.7,1,0,0,0,0
1785284760,28085,28088.5,28073.25,28085.75,,1734,1753.55,1,0,0,0,0
1785284820,28084.25,28090.75,28070.5,28075,,1490,1759.75,1,0,0,0,0
1785284880,28075,28077,28052,28057.25,,2433,1782.5,1,0,0,0,0
1785284940,28057.25,28080,28053.25,28074.75,28047.094745375765,1862,1808.3,1,0,0,0,0
1785285000,28074.25,28081.25,28039.5,28047.25,,2692,1867.9,1,0,0,0,0
1785285060,28047.5,28049.5,28036.25,28042.25,,1693,1893.45,1,0,0,0,0
1785285120,28042.25,28043.75,28028.25,28028.25,,1508,1885,-1,0,1,0,0
1785285180,28028.5,28040.75,28018.5,28038.75,,2096,1925.65,1,0,0,0,1
1785285240,28038,28049.75,28033.5,28038,,1691,1932.75,1,0,0,0,0
1785285300,28037,28047.25,28031.75,28036.25,,994,1819.65,1,0,0,0,0
1785285360,28037.25,28050.25,28033.5,28038.75,,1243,1798.6,1,0,0,0,0
1785285420,28038.5,28073,28036.25,28070,,1949,1788.9,1,0,0,0,0
1785285480,28069.5,28076.5,28052.25,28070.5,,2252,1841.6,1,0,0,0,0
1785285540,28070.5,28080,28059.5,28061,,1443,1866.15,1,1,0,0,0
1785285600,28060,28066.25,28050,28055.25,,1305,1856.35,1,0,0,0,0
1785285660,28054.25,28058.75,28030.75,28039.25,,2050,1823.55,1,0,0,0,0
1785285720,28039,28044.5,28036,28040,,694,1767.9,1,0,0,0,0
1785285780,28039.5,28075,28036.25,28071,,1772,1788.65,1,0,0,0,0
1785285840,28071.25,28072.5,28052,28070.5,28054.896496917176,1329,1740.25,1,0,0,0,0
1785285900,28069,28085.25,28063,28079.5,,1770,1700,1,1,0,0,0
1785285960,28079.75,28083.75,28065.75,28075,,1212,1673.9,1,0,0,0,0
1785286020,28075,28083,28066.75,28080.25,,799,1639.35,1,0,0,0,0
1785286080,28079.75,28084.25,28039.75,28040.25,,1717,1603.55,-1,0,0,1,0
1785286140,28041,28054.5,28035.75,28041.25,,1350,1577.95,-1,0,0,0,0
1785286200,28041,28044.5,28027.75,28039,,1142,1500.45,-1,0,1,0,0
1785286260,28038.5,28053.25,28032.25,28050.25,,1132,1472.4,1,0,0,0,1
1785286320,28050.25,28059.5,28042.75,28054.75,,878,1440.9,1,0,0,0,0
1785286380,28052.75,28062.5,28044.5,28048.5,,958,1384,1,0,0,0,0
1785286440,28049,28060.75,28043.5,28059.25,,786,1338.75,1,0,0,0,0
1785286500,28059,28059,28038,28044.25,,1087,1343.4,-1,0,0,0,0
1785286560,28043.25,28044.5,28025.25,28029.5,,1365,1349.5,-1,0,0,0,0
1785286620,28030.25,28034.75,28023.25,28028.25,,1334,1318.75,-1,0,0,0,0
1785286680,28027.75,28029.75,28000.75,28011.25,,2483,1330.3,-1,0,1,0,0
1785286740,28011,28019.25,28001.25,28010.25,28040.01433127812,1158,1316.05,-1,0,0,0,0
1785286800,28011.5,28017.5,28003.25,28015.25,,1514,1326.5,-1,0,1,0,1
1785286860,28015.75,28040.75,28014.25,28029,,2270,1337.5,-1,0,0,0,0
1785286920,28028.25,28037.25,28023.5,28026.75,,1100,1357.8,-1,0,0,0,0
1785286980,28029.25,28040.5,28026.25,28039.5,,1048,1321.6,-1,0,0,0,0
1785287040,28040.75,28042,28012.5,28021.75,,1385,1324.4,-1,0,0,0,0
1785287100,28021,28026.5,28014.5,28018,,844,1278.1,-1,0,0,0,0
1785287160,28017.5,28020.75,27992,27994.75,,2208,1327.9,-1,0,0,0,0
1785287220,27994.25,28011.75,27989.25,28009.25,,1656,1370.75,-1,0,0,0,0
1785287280,28008.75,28011.5,27986.25,27992.5,,1390,1354.4,-1,0,1,0,0
1785287340,27993.5,27994,27973,27977.25,,1682,1371,-1,0,0,0,0
1785287400,27977.75,27979.75,27950,27954.5,,3075,1467.65,-1,0,0,0,0
1785287460,27955.5,27956,27943,27949.75,,2053,1513.7,-1,0,0,0,0
1785287520,27949.25,27955.75,27940,27952,,1857,1562.65,-1,0,0,0,0
1785287580,27951.25,27957.5,27936.5,27938,,1947,1612.1,-1,0,0,0,0
1785287640,27938.75,27938.75,27911.75,27920.75,28000.259554185413,3370,1741.3,-1,0,0,0,0
1785287700,27921.5,27922,27896.5,27909.25,,3130,1843.45,-1,0,0,0,0
1785287760,27908,27928.25,27902.75,27928,,1903,1870.35,-1,0,0,0,0
1785287820,27926.75,27933,27909.25,27927,,2213,1914.3,-1,0,0,0,0
1785287880,27926.5,27941.5,27913.25,27917.5,,2261,1903.2,-1,0,0,0,0
1785287940,27918.5,27943.75,27918.5,27928.75,,1512,1920.9,-1,0,0,0,0
1785288000,27928.25,27957.75,27927.75,27945.75,,2729,1981.65,-1,0,0,0,0
1785288060,27946.5,27955.75,27942.25,27953,,1334,1934.85,-1,0,0,0,0
1785288120,27952.25,27966.75,27949.5,27956.25,,1842,1971.95,-1,0,0,0,0
1785288180,27958.5,27981.25,27958,27980.75,,1734,2006.25,-1,0,0,0,0
1785288240,27980,27988.5,27977,27980.75,,1910,2032.5,-1,0,0,0,0
1785288300,27981.25,27987.5,27971.25,27978.75,,1406,2060.6,-1,0,0,0,0
1785288360,27979,27989.5,27973.75,27985.75,,1364,2018.4,-1,0,0,0,0
1785288420,27986,28002.75,27982.75,27992,,1587,2014.95,-1,0,0,0,0
1785288480,27992.5,27995.25,27975,27981,,1136,2002.25,-1,0,0,0,0
1785288540,27981.75,27985.25,27971.25,27972.75,27991.089702790276,929,1964.6,-1,0,0,0,0
1785288600,27973,27973,27951.75,27962.75,,2799,1950.8,-1,0,0,0,0
1785288660,27962.75,27980,27954.75,27962.75,,1603,1928.3,-1,0,0,0,0
1785288720,27961,27982.5,27958,27975.25,,1036,1887.25,-1,0,0,0,0
1785288780,27974.75,27975.5,27945,27946.5,,1484,1864.1,-1,0,0,0,0
1785288840,27947,27975.75,27946.25,27964.75,,1350,1763.1,-1,0,0,0,0
1785288900,27964.75,27969.75,27934.25,27936.75,,2070,1710.1,-1,0,0,0,0
1785288960,27936.75,27948.5,27933.5,27940.5,,1049,1667.4,-1,0,0,0,0
1785289020,27940,27957.75,27936.75,27953.5,,1098,1611.65,-1,0,0,0,0
1785289080,27952.25,27958,27949.25,27955.25,,583,1527.75,-1,0,0,0,0
1785289140,27954.75,27959,27942.5,27943.25,,769,1490.6,-1,0,0,0,1
1785289200,27943,27944.75,27914.25,27917,,2141,1461.2,-1,0,0,0,0
1785289260,27917,27918,27903.75,27912.25,,1969,1492.95,-1,0,0,0,0
1785289320,27911.5,27912.5,27892.5,27894,,1907,1496.2,-1,0,0,0,0
1785289380,27893.5,27902.5,27889,27891,,1280,1473.5,-1,0,0,0,0
1785289440,27891,27901.25,27878.5,27878.5,27953.559801860185,1812,1468.6,-1,0,0,0,0
1785289500,27878.75,27886.25,27859.5,27873.25,,2527,1524.65,-1,0,0,0,0
1785289560,27872.75,27892.75,27870,27882.5,,1400,1526.45,-1,0,0,0,0
1785289620,27883,27888,27858.75,27860.75,,1757,1534.95,-1,0,0,0,0
1785289680,27860.5,27877,27852,27877,,1545,1555.4,-1,0,0,0,0
1785289740,27876.25,27879.75,27853.5,27860.25,,1267,1572.3,-1,0,0,0,0
1785289800,27860.25,27870.75,27852.25,27862,,1281,1496.4,-1,0,0,0,0
1785289860,27860.25,27866,27829.75,27838.75,,2698,1551.15,-1,0,0,0,0
1785289920,27838.75,27841,27818.25,27836,,2117,1605.2,-1,0,0,0,0
1785289980,27835.75,27839,27814.25,27822.75,,2021,1632.05,-1,0,1,0,0
1785290040,27822.75,27823.5,27809,27818.25,,1634,1646.25,-1,0,0,0,0
1785290100,27817.75,27824.5,27808,27815,,1546,1620.05,-1,0,0,0,0
1785290160,27814.5,27817.25,27797.75,27804.5,,2078,1671.5,-1,0,0,0,0
1785290220,27804.25,27811.5,27787.75,27797,,1854,1709.3,-1,0,0,0,0
1785290280,27797.5,27801.5,27785.25,27799.75,,1606,1760.45,-1,0,0,0,0
1785290340,27800.25,27804.5,27784,27785.25,27897.456534573455,1364,1790.2,-1,0,0,0,0
1785290400,27785.75,27788.75,27770,27778.75,,2160,1791.15,-1,0,0,0,0
1785290460,27778.5,27824.25,27772,27821.75,,3310,1858.2,-1,0,0,0,0
1785290520,27820.75,27825.25,27803,27807.5,,2065,1866.1,-1,0,0,0,0
1785290580,27806.75,27824.5,27793.5,27818,,1758,1890,-1,0,0,0,0
1785290640,27818,27822.25,27804.5,27809.25,,1117,1855.25,-1,0,0,0,0
1785290700,27808.75,27812.25,27794.75,27807.5,,1453,1801.55,-1,0,0,0,0
1785290760,27807.5,27837.75,27805.75,27837.25,,2423,1852.7,-1,0,0,0,0
1785290820,27836.25,27847.25,27833.5,27845.5,,2401,1884.9,-1,0,0,0,0
1785290880,27846.25,27850,27830,27844,,1622,1888.75,-1,0,0,0,0
1785290940,27842.75,27847,27825,27839.75,,1399,1895.35,-1,0,0,0,0
1785291000,27838.75,27854.5,27835,27845.5,,1706,1916.6,-1,0,0,0,0
1785291060,27844.5,27864.5,27839.75,27862,,1714,1867.4,-1,0,0,0,0
1785291120,27863,27869.75,27854.5,27861.25,,1349,1829,-1,0,0,0,0
1785291180,27860.25,27861,27847.75,27849.75,,1100,1782.95,-1,0,0,0,0
1785291240,27848.25,27856,27838.25,27844.25,27879.72102304897,1164,1759.45,-1,0,0,0,0
1785291300,27844.5,27848.25,27823.25,27828.25,,1745,1769.4,-1,0,0,0,0
1785291360,27828.5,27835.25,27821.5,27825.75,,1386,1734.8,-1,0,0,0,0
1785291420,27826,27826.5,27795.75,27796,,2220,1753.1,-1,0,1,0,0
1785291480,27796.75,27818.5,27795.75,27816,,1678,1756.7,-1,0,0,0,0
1785291540,27815.75,27819,27798.75,27819,,1215,1749.25,-1,0,1,0,1
1785291600,27817.5,27831.25,27811.75,27817.75,,1425,1712.5,-1,0,0,0,0
1785291660,27818.5,27856,27814.75,27849,,2156,1654.8,-1,0,0,0,0
1785291720,27849.75,27869.25,27847.5,27866.5,,1807,1641.9,-1,0,0,0,0
1785291780,27865.25,27868,27835.5,27856.25,,1773,1642.65,-1,0,0,0,0
1785291840,27856.5,27870.5,27843.75,27844.5,,1576,1665.6,-1,0,0,0,0
1785291900,27844.5,27865.25,27837.25,27862,,1436,1664.75,-1,0,0,0,0
1785291960,27861.75,27875.75,27851,27862.75,,1533,1620.25,-1,0,0,0,0
1785292020,27862.75,27871.75,27856.75,27870.5,,759,1538.15,-1,0,0,0,0
1785292080,27870.75,27889.75,27869.75,27884,,1755,1544.8,-1,0,0,0,0
1785292140,27883.5,27897,27877.75,27894.75,27884.730682032645,1200,1534.85,1,0,0,0,0
1785292200,27896.5,27909.75,27891,27908.75,,1737,1536.4,1,0,0,0,0
1785292260,27909.25,27912,27897.75,27905.75,,1258,1513.6,1,0,0,0,0
1785292320,27906.25,27907.25,27892.25,27899.25,,1531,1522.7,1,0,0,0,0
1785292380,27899.25,27900.5,27870,27876.75,,1982,1566.8,-1,0,0,0,0
1785292440,27876.75,27885.5,27870.75,27884.75,,1017,1559.45,1,0,0,0,0
1785292500,27883.5,27887.25,27872.75,27875.25,,856,1515,-1,0,1,0,0
1785292560,27875.25,27892.5,27863.75,27870.75,,2293,1560.35,-1,0,0,0,0
1785292620,27870,27873.5,27858.75,27868.75,,1040,1501.35,-1,0,0,0,0
1785292680,27869.5,27873.75,27860.5,27869,,634,1449.15,-1,0,0,0,0
1785292740,27869.5,27895.75,27864.75,27892.5,,1045,1440.65,1,0,0,0,0
1785292800,27892.75,27901.75,27879.75,27892,,1437,1441.25,1,0,0,0,0
1785292860,27892.25,27904.75,27890.25,27902.75,,1027,1384.8,1,1,0,0,0
1785292920,27902.25,27903,27889,27894,,835,1336.2,1,0,0,0,0
1785292980,27894.5,27897.25,27888.25,27891.25,,493,1272.2,1,0,0,0,0
1785293040,27891,27891,27880.5,27887.25,27885.57045468843,725,1229.65,1,0,0,0,0
1785293100,27886.25,27890,27874,27877.25,,1126,1214.15,-1,0,0,1,0
1785293160,27876.5,27878.75,27868.5,27869,,823,1178.65,-1,0,0,0,0
1785293220,27869,27877,27862,27862.75,,1042,1192.8,-1,0,0,0,0
1785293280,27862.5,27870.5,27861.75,27864.25,,682,1139.15,-1,0,0,0,0
1785293340,27864.5,27868.75,27850,27852.75,,1254,1141.85,-1,0,0,0,0
1785293400,27853,27866.75,27843.25,27862,,1954,1152.7,-1,0,0,0,0
1785293460,27862,27870,27846.5,27868.25,,1199,1149.75,-1,0,0,0,0
1785293520,27868.75,27868.75,27849.25,27849.5,,770,1111.7,-1,0,0,0,0
1785293580,27850.25,27852,27835,27838.75,,1348,1080,-1,0,0,0,0
1785293640,27839,27846,27833.25,27845.25,,1161,1087.2,-1,0,0,0,0
1785293700,27845.5,27850.5,27827,27836.5,,1173,1103.05,-1,0,1,0,0
1785293760,27836.5,27840.75,27827.25,27839.5,,947,1035.75,-1,0,0,0,0
1785293820,27840,27842.5,27829.25,27834.25,,603,1013.9,-1,0,0,0,0
1785293880,27833.5,27834.25,27823.5,27826.75,,905,1027.45,-1,0,0,0,0
1785293940,27826.75,27840.75,27824.75,27840.5,27870.546969792285,948,1022.6,-1,0,0,0,0
1785294000,27839.5,27840.25,27824,27826.25,,920,996.75,-1,0,0,0,0
1785294060,27825.75,27828.75,27817.5,27821.5,,1089,999.85,-1,0,0,0,0
1785294120,27821.5,27826.25,27807.5,27809.25,,1776,1046.9,-1,0,0,0,0
1785294180,27808.75,27814.5,27799.5,27803.75,,1641,1104.3,-1,0,0,0,0
1785294240,27803,27803,27788,27797.25,,2013,1168.7,-1,0,0,0,0
1785294300,27797.25,27816.5,27793.25,27815.75,,1618,1193.3,-1,0,0,0,0
1785294360,27815.5,27822.75,27805.75,27820.75,,1361,1220.2,-1,0,0,0,0
1785294420,27820.5,27850,27818.25,27838.75,,1898,1263,-1,0,0,0,0
1785294480,27838,27864.5,27837.75,27856.5,,1848,1321.3,-1,0,0,0,0
1785294540,27856,27873.75,27855.75,27867.75,,1546,1335.9,-1,0,0,0,0
1785294600,27867.5,27882,27862.5,27873.5,,1910,1333.7,-1,0,0,0,0
1785294660,27873.75,27875,27864.75,27867,,1336,1340.55,-1,0,0,0,0
1785294720,27866,27869,27845.5,27848.75,,1454,1374.75,-1,0,0,0,0
1785294780,27848.25,27850.75,27833.25,27833.25,,1356,1375.15,-1,0,0,0,0
1785294840,27833.25,27833.25,27825,27829.75,27856.947979861525,1324,1383.3,-1,0,0,0,0
1785294900,27830,27832.75,27822.5,27827.5,,699,1359.6,-1,0,0,0,0
1785294960,27826.5,27836.5,27816.75,27833.5,,1257,1375.1,-1,0,0,0,0
1785295020,27833,27835.25,27823.75,27826.25,,532,1371.55,-1,0,0,0,0
1785295080,27826,27830,27818.75,27825.25,,647,1358.65,-1,0,0,0,0
1785295140,27825.75,27827,27807.25,27813.75,,1250,1373.75,-1,0,0,0,0
1785295200,27813.25,27832.75,27809.25,27832.75,,945,1375,-1,0,0,0,0
1785295260,27832,27841.5,27814.25,27817.75,,1508,1395.95,-1,0,0,0,0
1785295320,27817,27823.75,27810.25,27817.5,,889,1351.6,-1,0,0,0,0
1785295380,27818,27820,27805,27805.5,,961,1317.6,-1,0,0,0,0
1785295440,27806,27806.25,27794.75,27802.75,,1512,1292.55,-1,0,0,0,0
1785295500,27802.25,27804.5,27789.25,27797.25,,1106,1266.95,-1,0,0,0,0
1785295560,27797.75,27803.25,27793.25,27801,,804,1239.1,-1,0,1,0,0
1785295620,27798.75,27803.75,27787.5,27797.25,,896,1189,-1,0,0,0,0
1785295680,27796.25,27800.25,27787.5,27796.75,,906,1141.9,-1,0,0,0,0
1785295740,27795.75,27798.5,27775.5,27777,27830.298653241018,1727,1150.95,-1,0,0,0,0
1785295800,27777.25,27778,27753.25,27761.25,,3093,1210.1,-1,0,0,0,0
1785295860,27760.75,27761.25,27745.75,27757.75,,1771,1231.85,-1,0,0,0,0
1785295920,27758,27776.75,27753.5,27774.25,,1680,1243.15,-1,0,0,0,0
1785295980,27773.25,27777.75,27766,27776.75,,885,1219.6,-1,0,0,0,0
1785296040,27775.5,27783.25,27765,27782.5,,1345,1220.65,-1,0,0,0,0
1785296100,27783.75,27786.25,27777,27786.25,,881,1229.75,-1,0,0,0,0
1785296160,27786.25,27793.25,27780.75,27790.25,,970,1215.4,-1,0,0,0,0
1785296220,27789.75,27789.75,27774.5,27780.75,,977,1237.65,-1,0,0,0,0
1785296280,27781,27783.75,27763.75,27765.25,,1213,1265.95,-1,0,0,0,0
1785296340,27765,27767.5,27752.25,27754.75,,1438,1275.35,-1,0,0,0,0
1785296400,27754.75,27764,27754,27761.75,,885,1272.35,-1,0,0,0,0
1785296460,27761.25,27763,27753,27759.75,,1032,1248.55,-1,0,0,0,0
1785296520,27758.5,27761.5,27748.5,27752.25,,930,1250.6,-1,0,0,0,0
1785296580,27751,27764.25,27742.5,27760.75,,1736,1289.35,-1,0,0,0,0
1785296640,27761.75,27773.75,27759,27773,27811.199102160677,1008,1264.15,-1,0,0,0,0
1785296700,27773,27782.75,27770.25,27776.5,,1141,1265.9,-1,0,0,0,0
1785296760,27776,27782.5,27765,27766.5,,957,1273.55,-1,0,0,0,0
1785296820,27766.75,27785.5,27765.75,27784.5,,1068,1282.15,-1,0,0,0,0
1785296880,27782.75,27786.25,27754,27754.75,,1231,1298.4,-1,0,0,0,0
1785296940,27755,27761.5,27751,27753.5,,916,1257.85,-1,0,0,0,0
1785297000,27753.25,27757,27745.5,27752.5,,1040,1155.2,-1,0,0,0,0
1785297060,27751.5,27752.75,27720.75,27723,,3098,1221.55,-1,0,0,0,0
1785297120,27722,27725,27705.5,27719,,2168,1245.95,-1,0,0,0,0
1785297180,27719.25,27720,27712,27716,,851,1244.25,-1,0,0,0,0
1785297240,27716.5,27722,27708.25,27716.75,,1065,1230.25,-1,0,1,0,1
1785297300,27716.5,27717.25,27702.75,27702.75,,1486,1260.5,-1,0,0,0,0
1785297360,27703.25,27714.25,27701.25,27712.5,,988,1261.4,-1,0,0,0,0
1785297420,27712.5,27719.75,27710,27715,,750,1250.05,-1,0,0,0,0
1785297480,27714.75,27720,27711.5,27717,,629,1220.85,-1,0,0,0,0
1785297540,27717,27719,27711.5,27717,27779.79940144045,518,1174.85,-1,0,0,0,0
1785297600,27718,27723.25,27686.5,27688.25,,2793,1270.25,-1,0,0,0,0
1785297660,27688.75,27694,27685.5,27693.25,,1065,1271.9,-1,0,0,0,0
1785297720,27693.25,27715.25,27686.25,27710,,1496,1300.2,-1,0,0,0,0
1785297780,27711.25,27715.75,27690.25,27693.75,,1322,1279.5,-1,0,0,0,0
1785297840,27694.25,27702,27691.25,27702,,900,1274.1,-1,0,0,0,0
1785297900,27702.25,27708.25,27695.75,27697.25,,916,1262.85,-1,0,0,0,0
1785297960,27697.25,27697.75,27683.75,27693.75,,997,1264.85,-1,0,1,0,0
1785298020,27693.75,27696,27684.25,27693.25,,817,1252.3,-1,0,0,0,0
1785298080,27693.5,27704.25,27687,27697.75,,1189,1250.2,-1,0,0,0,0
1785298140,27698.5,27714.75,27696.75,27713.5,,1200,1264.4,-1,0,0,0,0
1785298200,27713,27714.5,27693.75,27696.75,,1324,1278.6,-1,0,0,0,0
1785298260,27695.5,27696.75,27677,27687.5,,1579,1202.65,-1,0,0,0,0
1785298320,27688.25,27707,27682.75,27702.25,,1486,1168.55,-1,0,0,0,0
1785298380,27701,27709.25,27685.75,27692.5,,1194,1185.7,-1,0,0,0,0
1785298440,27691.5,27693.25,27682.5,27693,27750.866267626967,1038,1184.35,-1,0,0,0,0
1785298500,27692.25,27695.5,27670.25,27674.25,,1530,1186.55,-1,0,0,0,0
1785298560,27674.25,27675.5,27658.5,27667.75,,1896,1231.95,-1,0,0,0,0
1785298620,27667.25,27669,27653.5,27655.25,,1374,1263.15,-1,0,0,0,0
1785298680,27655.5,27663,27652,27655,,1205,1291.95,-1,0,0,0,0
1785298740,27655.75,27676.5,27647.75,27675.25,,2083,1370.2,-1,0,0,0,0
1785298800,27675.5,27683.75,27655,27660.75,,1870,1324.05,-1,0,0,0,0
1785298860,27661.5,27667.75,27653.5,27664,,938,1317.7,-1,0,0,0,0
1785298920,27664,27699.5,27664,27694.5,,2412,1363.5,-1,0,0,0,0
1785298980,27694.5,27699.5,27684.5,27694.5,,1304,1362.6,-1,0,0,0,0
1785299040,27695.25,27705,27687,27700.25,,1488,1392,-1,0,0,0,0
1785299100,27699.75,27704.5,27689.5,27690.5,,1089,1400.65,-1,0,0,0,0
1785299160,27690.75,27706,27689.5,27698.75,,1272,1414.4,-1,0,0,0,0
1785299220,27699,27714,27693.5,27700.5,,1394,1443.25,-1,0,0,0,0
1785299280,27700,27705,27682,27683.5,,1252,1446.4,-1,0,0,0,0
1785299340,27682.75,27686.5,27670.25,27684.25,27728.660845084643,1355,1454.15,-1,0,0,0,0
1785299400,27683.5,27696.75,27674,27692.25,,939,1434.9,-1,0,1,0,0
1785299460,27691.5,27694.75,27674.75,27680.75,,857,1398.8,-1,0,0,0,0
1785299520,27680.5,27683.5,27670.25,27678.75,,730,1361,-1,0,0,0,0
1785299580,27678,27687,27672.25,27676.5,,740,1338.3,-1,0,0,0,0
1785299640,27675,27680.25,27661.25,27677.25,,1608,1366.8,-1,0,0,0,0
1785299700,27677.25,27698,27676.5,27695.25,,1078,1344.2,-1,0,0,0,0
1785299760,27694.75,27712.5,27687.25,27707,,1365,1317.65,-1,0,0,0,0
1785299820,27706.5,27717.5,27701.75,27716.25,,1132,1305.55,-1,0,0,0,0
1785299880,27715.5,27720,27706,27709.25,,1621,1326.35,-1,0,0,0,0
1785299940,27709.25,27710.75,27690.25,27696.25,,1144,1279.4,-1,0,0,0,0
1785300000,27697,27697.25,27667.75,27687.75,,2062,1289,-1,0,0,0,0
1785300060,27688,27693.25,27668.75,27674,,1271,1305.65,-1,0,0,0,0
1785300120,27672,27677,27658.75,27659,,1101,1240.1,-1,0,0,0,0
1785300180,27659.5,27667.5,27654.25,27663.25,,1025,1226.15,-1,0,0,0,0
1785300240,27663.25,27665,27647,27650,27702.440563389762,1305,1217,-1,0,1,0,0
1785300300,27651.5,27665,27640.5,27663.75,,2017,1263.4,-1,0,0,0,0
1785300360,27663,27681.75,27661.75,27675,,1564,1278,-1,0,0,0,0
1785300420,27675.25,27680.25,27662,27666.5,,1434,1280,-1,0,0,0,0
1785300480,27665.75,27673,27658,27666.25,,1036,1269.2,-1,0,0,0,0
1785300540,27665.25,27668.75,27654.25,27665.25,,859,1244.4,-1,0,0,0,0
1785300600,27664,27698.75,27664,27685.5,,1701,1282.5,-1,0,0,0,0
1785300660,27686.5,27720,27686,27715.5,,1790,1329.15,-1,0,0,0,0
1785300720,27714.75,27725.5,27714.5,27718.75,,1425,1363.9,-1,0,0,0,0
1785300780,27718.25,27730.75,27716,27718.75,,1374,1395.6,-1,0,0,0,0
1785300840,27718.25,27732.25,27716.75,27727.25,,1174,1373.9,-1,0,0,0,0
1785300900,27727.25,27755.5,27725.25,27752.5,,2262,1433.1,1,0,0,0,0
1785300960,27751.5,27754.5,27744.5,27744.5,,1120,1420.85,1,0,0,0,0
1785301020,27744,27752,27734,27741.5,,1296,1429.05,1,0,0,0,0
1785301080,27742.5,27756.5,27741.75,27749,,1062,1401.1,1,1,0,0,0
1785301140,27748.5,27759.75,27746,27757,27720.627042259843,925,1390.15,1,0,0,0,0
1785301200,27757.75,27769.75,27735.5,27742.25,,2127,1393.4,1,0,0,0,0
1785301260,27742.75,27771.75,27738.5,27768,,1608,1410.25,1,0,0,0,0
1785301320,27767.75,27772.75,27756.75,27771.75,,1145,1412.45,1,0,0,0,0
1785301380,27772.25,27789.5,27772.25,27776.75,,1630,1442.7,1,0,0,0,0
1785301440,27777,27788,27770.25,27773.25,,971,1426,1,0,0,0,0
1785301500,27772.5,27775.25,27749,27761,,1568,1403.55,1,0,0,0,0
1785301560,27761,27783,27754.75,27780.5,,1562,1403.45,1,0,0,0,0
1785301620,27780.5,27808.25,27772,27805.5,,2431,1453.3,1,0,0,0,0
1785301680,27806,27820.75,27805,27813.75,,2013,1502.15,1,0,0,0,0
1785301740,27814.5,27821.75,27806.25,27812.5,,2004,1559.4,1,0,0,0,0
1785301800,27813,27818.25,27804.25,27810.75,,1169,1532.8,1,0,0,0,0
1785301860,27810.5,27826.75,27809.5,27823,,1189,1502.75,1,0,0,0,0
1785301920,27822.5,27825.25,27814,27816,,962,1479.6,1,0,0,0,0
1785301980,27815.75,27834.25,27812.5,27830,,1301,1475.95,1,0,0,0,0
1785302040,27830.75,27834.75,27821.75,27832.75,27758.00136150656,852,1459.85,1,0,0,0,0
1785302100,27833.25,27834,27803.25,27807.5,,1638,1428.65,1,0,0,0,0
1785302160,27807.25,27811.75,27795,27803.5,,1584,1451.85,1,0,0,0,0
1785302220,27804.25,27804.5,27784.75,27787.75,,1400,1457.05,1,0,0,0,0
1785302280,27787,27792.5,27779.5,27782.25,,1217,1464.8,1,0,0,0,0
1785302340,27782.25,27787.75,27775,27784.5,,1155,1476.3,1,0,0,0,0
1785302400,27784.5,27804.75,27772.25,27800.25,,1747,1457.3,1,0,0,0,0
1785302460,27800.75,27801.25,27773.75,27783,,1312,1442.5,1,0,0,0,0
1785302520,27783,27805.75,27779.75,27804.75,,1221,1446.3,1,0,0,0,0
1785302580,27805.25,27809.5,27800,27805.5,,1181,1423.85,1,0,0,0,0
1785302640,27805.25,27810,27802.75,27810,,690,1409.8,1,0,0,0,0
1785302700,27809.75,27826.25,27807.5,27807.5,,1833,1423.05,1,0,0,0,0
1785302760,27806.5,27828.5,27802.5,27811.5,,1335,1411.7,1,0,0,0,0
1785302820,27811.75,27825,27811.25,27821.75,,747,1327.5,1,0,0,0,0
1785302880,27823,27829.5,27817.25,27818.5,,902,1271.95,1,0,0,0,0
1785302940,27818.75,27823,27808.5,27815.75,27777.25090767104,875,1215.5,1,0,0,0,0
1785303000,27816,27823.5,27785,27823.25,,2132,1263.65,1,0,0,0,0
1785303060,27822.5,27826.75,27804.5,27808.5,,1132,1260.8,1,0,0,0,0
1785303120,27809.25,27819.5,27798.75,27798.75,,859,1255.65,1,0,0,0,0
1785303180,27798.25,27812.75,27797.5,27809,,730,1227.1,1,0,0,0,0
1785303240,27808.75,27825.75,27800.25,27823.5,,896,1229.3,1,0,0,0,0
1785303300,27823.75,27830,27817.75,27828,,886,1191.7,1,0,0,0,0
1785303360,27827.5,27843,27821.5,27840.25,,1710,1198,1,0,0,0,0
1785303420,27840.5,27845,27834.5,27835,,1226,1189.3,1,0,0,0,0
1785303480,27835.75,27838.75,27830.5,27837.25,,701,1163.5,1,0,0,0,0
1785303540,27837.75,27847.5,27833,27844.25,,1326,1172.05,1,1,0,0,0
1785303600,27843.5,27844.5,27828.75,27835.25,,935,1131.45,1,0,0,0,0
1785303660,27835.25,27835.5,27813.25,27827.5,,1310,1131.35,1,0,0,0,0
1785303720,27827.25,27847.5,27826.75,27845,,1667,1153.65,1,0,0,0,0
1785303780,27844.5,27854.75,27834.75,27835.5,,1237,1156.45,1,0,0,0,0
1785303840,27835.75,27836.25,27820,27827.5,27794.000605114026,890,1166.45,1,0,0,0,0
1785303900,27829,27832.75,27818.5,27823.75,,1172,1133.4,1,0,0,0,0
1785303960,27823.25,27841.75,27820.75,27829.75,,1034,1118.35,1,0,0,0,0
1785304020,27830.5,27842.75,27828.75,27829,,763,1119.15,1,0,0,0,0
1785304080,27828.75,27832.5,27814,27825.25,,1436,1145.85,1,0,0,0,0
1785304140,27825.25,27831.75,27820,27822.25,,873,1145.75,1,0,0,0,0
1785304200,27823,27838,27819.75,27836.5,,1071,1092.7,1,0,0,0,0
1785304260,27835.5,27838.25,27819.25,27820,,1001,1086.15,1,0,0,0,0
1785304320,27819.5,27819.5,27805.5,27811.75,,1554,1120.9,1,0,0,0,0
1785304380,27812.5,27824.25,27806.25,27820.75,,990,1133.9,1,0,0,0,0
1785304440,27820.25,27831.25,27814.25,27829.5,,735,1125.85,1,0,0,0,0
1785304500,27829.5,27834.25,27815.25,27815.25,,823,1122.7,1,0,0,0,0
1785304560,27815.5,27825.25,27803.75,27805.25,,758,1075.1,1,0,0,0,0
1785304620,27805.5,27806.75,27794,27795.25,,969,1062.25,1,0,0,0,0
1785304680,27795.25,27800,27789.5,27800,,982,1076.3,1,0,0,0,0
1785304740,27798.75,27801.5,27791.25,27794.75,27794.25040340935,758,1047.9,1,0,0,0,0
1785304800,27794.5,27799,27780.25,27786,,1389,1070.6,-1,0,0,0,0
1785304860,27786.75,27798.75,27780.75,27782.75,,1168,1063.5,-1,0,0,0,0
1785304920,27781.25,27791.75,27778.5,27787,,963,1028.3,-1,0,0,0,0
1785304980,27787.75,27792,27762,27764.5,,1322,1032.55,-1,0,0,0,0
1785305040,27764.25,27764.25,27744.5,27747.25,,1709,1073.5,-1,0,0,0,0
1785305100,27746.75,27751.5,27743.25,27749,,1019,1065.85,-1,0,0,0,0
1785305160,27749.25,27755,27740.5,27746.5,,1200,1074.15,-1,0,1,0,0
1785305220,27746.75,27748.25,27739,27742.25,,718,1071.9,-1,0,0,0,0
1785305280,27742.5,27756.75,27736.75,27749,,961,1048.15,-1,0,0,0,0
1785305340,27748,27754.25,27742.25,27745.5,,789,1043.95,-1,0,0,0,0
1785305400,27746.25,27749,27736.75,27748.25,,815,1031.15,-1,0,0,0,0
1785305460,27747.5,27756,27738.75,27741.5,,915,1026.85,-1,0,0,0,0
1785305520,27741.25,27752.25,27737,27744.25,,617,980,-1,0,0,0,0
1785305580,27744.25,27754.5,27742.5,27754,,603,960.65,-1,0,0,0,0
1785305640,27754.75,27768,27750.75,27764.5,27784.3336022729,1429,995.35,-1,0,0,0,0
1785305700,27764.75,27773.5,27761.5,27767.75,,1017,1005.05,-1,0,0,0,0
1785305760,27768.25,27775.25,27756,27761,,945,1014.4,-1,0,0,0,0
1785305820,27760.25,27786,27759.25,27779.75,,1199,1025.9,-1,0,0,0,0
1785305880,27779.75,27790,27776.25,27784.75,,844,1019,-1,0,0,0,0
1785305940,27784.75,27792.25,27772,27774.5,,1190,1040.6,-1,0,0,0,0
1785306000,27774.5,27776.75,27764.25,27772.25,,846,1013.45,-1,0,0,0,0
1785306060,27773,27779,27761.75,27766.75,,734,991.75,-1,0,0,0,0
1785306120,27765.75,27771.75,27754.5,27767.5,,831,985.15,-1,0,0,0,0
1785306180,27768.75,27782.5,27762,27781.5,,1001,969.1,-1,0,0,0,0
1785306240,27781.75,27792,27778.5,27781,,1065,936.9,-1,0,0,0,0
1785306300,27780.5,27789.5,27777.75,27789.25,,605,916.2,-1,0,0,0,0
1785306360,27788.75,27809.5,27788.5,27804.25,,1750,943.7,1,0,0,0,0
1785306420,27804.5,27813,27803.25,27811.25,,901,952.85,1,0,0,0,0
1785306480,27811.5,27811.5,27789.5,27790.75,,1129,961.25,-1,0,0,0,0
1785306540,27790.5,27811.25,27787.75,27809.75,27792.8057348486,1209,982.25,1,0,0,0,0
1785306600,27809.75,27839.5,27809,27832.5,,3004,1091.7,1,0,0,0,0
1785306660,27832.25,27843.25,27827.75,27836.25,,1226,1107.25,1,0,0,0,0
1785306720,27835.25,27865.75,27835.25,27864.25,,1833,1168.05,1,1,0,0,0
1785306780,27864.75,27871.25,27856.75,27866.25,,1433,1209.55,1,0,0,0,0
1785306840,27867,27872.25,27861.75,27867.75,,820,1179.1,1,0,0,0,0
1785306900,27869,27877.5,27863.75,27875.75,,1181,1187.3,1,0,0,0,0
1785306960,27875.75,27887.25,27874.5,27881,,1132,1196.65,1,0,0,0,0
1785307020,27880.25,27901.5,27878.75,27900.75,,1591,1216.25,1,0,0,0,0
1785307080,27899.5,27901.75,27890.75,27891.75,,1018,1224.95,1,0,0,0,0
1785307140,27892.5,27901.5,27887.25,27887.25,,869,1208.9,1,1,0,1,0
1785307200,27888,27894.75,27887.5,27892.5,,546,1193.9,1,0,0,0,0
1785307260,27893.5,27908.5,27892.5,27908,,948,1204.6,1,0,0,0,0
1785307320,27908.75,27912,27900,27910.5,,912,1208.65,1,0,0,0,0
1785307380,27910.75,27913,27900.75,27902,,551,1186.15,1,0,0,0,0
1785307440,27902.25,27913.5,27896.75,27909,27831.537156565733,865,1176.15,1,0,0,0,0
1785307500,27908,27908.25,27894.25,27897.25,,839,1187.85,1,0,0,0,0
1785307560,27897,27913.25,27897,27911.75,,827,1141.7,1,0,0,0,0
1785307620,27911.75,27922,27905.75,27909.75,,1418,1167.55,1,0,0,0,0
1785307680,27909.75,27923,27908.5,27921.5,,781,1150.15,1,0,0,0,0
1785307740,27921.25,27922,27914,27917,,732,1126.3,1,0,0,0,0
1785307800,27917.25,27935,27915.25,27927,,1316,1041.9,1,0,0,0,0
1785307860,27927,27930.75,27918,27922.25,,698,1015.5,1,0,0,0,0
1785307920,27923.5,27931,27919.75,27928,,560,951.85,1,0,0,0,0
1785307980,27927,27928.25,27920.5,27927,,338,897.1,1,0,0,0,0
1785308040,27926.5,27930.25,27921.25,27930,,446,878.4,1,0,0,0,0
1785308100,27929,27941.75,27928.5,27932.75,,927,865.7,1,0,0,0,0
1785308160,27933.25,27940.75,27928.25,27936.25,,450,831.6,1,0,0,0,0
1785308220,27936.25,27941.75,27930.75,27932,,476,775.85,1,0,0,0,0
1785308280,27932.75,27935.75,27926,27928.25,,544,752.15,1,0,0,0,0
1785308340,27929,27933.75,27927,27929.75,27864.274771043823,481,732.75,1,0,0,0,0
1785308400,27929,27946.5,27916,27923.75,,2106,810.75,1,0,0,0,0
1785308460,27922.5,27924.5,27897.75,27913.25,,1962,861.45,1,0,0,0,0
1785308520,27913.25,27920.75,27910,27913.25,,829,857.3,1,0,0,0,0
1785308580,27912.75,27913,27904,27904.25,,681,863.8,1,0,0,0,0
1785308640,27905.25,27918,27902.75,27907,,652,853.15,1,0,0,0,0
1785308700,27907.5,27910.5,27899,27910.25,,629,842.65,1,0,0,0,0
1785308760,27910,27925.25,27909.5,27913.25,,864,844.5,1,0,0,0,0
1785308820,27913.5,27921.25,27910.25,27918,,496,798.4,1,0,0,0,0
1785308880,27918,27929.75,27918,27923.25,,679,793.3,1,0,0,0,0
1785308940,27924.25,27928.5,27918.5,27926.25,,600,786.7,1,0,0,0,0
1785309000,27926.5,27937.25,27920.75,27935.25,,1049,773.35,1,0,0,0,0
1785309060,27935.75,27940,27929.75,27932.5,,694,773.15,1,0,0,0,0
1785309120,27932.5,27943.75,27932.25,27937.75,,984,794.35,1,1,0,0,0
1785309180,27938.5,27943.25,27920.5,27923.5,,1003,827.6,1,0,0,0,0
1785309240,27923.5,27930.75,27919.25,27923.25,27883.933180695883,570,833.8,1,0,0,0,0
1785309300,27923.5,27931.5,27919.5,27929.25,,602,817.55,1,0,0,0,0
1785309360,27929,27936,27922.5,27931.25,,643,827.2,1,0,0,0,0
1785309420,27931.25,27944,27926.75,27943,,658,836.3,1,0,0,0,0
1785309480,27944.5,27952.5,27927.75,27930.75,,1300,874.1,1,0,0,0,0
1785309540,27930.75,27933.25,27923.25,27930.5,,753,887.7,1,0,0,0,0
1785309600,27930.5,27946,27929,27931.75,,839,824.35,1,0,0,0,0
1785309660,27931.5,27934.5,27920.25,27922.5,,555,754,1,0,0,0,0
1785309720,27923,27923.75,27907.25,27910.5,,1104,767.75,1,0,0,0,0
1785309780,27910.75,27919,27905.25,27915,,628,765.1,1,0,0,0,0
1785309840,27915,27922.75,27912.75,27914,,454,755.2,1,0,0,0,0
1785309900,27913.75,27924.5,27909.5,27921,,719,759.7,1,0,0,0,0
1785309960,27921.25,27936.5,27914.5,27936,,763,754.65,1,0,0,0,0
1785310020,27937.5,27940.75,27927.25,27928.75,,578,758.75,1,0,0,0,0
1785310080,27928,27940,27926.25,27937.5,,403,744.95,1,1,0,0,0
1785310140,27937.75,27949.5,27928.75,27946.75,27904.872120463922,816,755.75,1,0,0,0,0
1785310200,27947.25,27949,27936.25,27946.25,,755,741.05,1,0,0,0,0
1785310260,27946,27961.25,27940.75,27956.25,,1151,763.9,1,0,0,0,0
1785310320,27957,27959.5,27949.5,27956.75,,780,753.7,1,0,0,0,0
1785310380,27957.25,27958.5,27950.5,27951.5,,492,728.15,1,0,0,0,0
1785310440,27952.25,27952.75,27936.25,27941,,624,730.85,1,0,0,0,0
1785310500,27941,27953.75,27938,27939,,648,733.15,1,0,0,0,0
1785310560,27938.5,27948.25,27937.75,27948.25,,403,721.15,1,0,0,0,0
1785310620,27948.5,27963.75,27946,27947.25,,825,729.5,1,0,0,0,0
1785310680,27947.75,27950.25,27945.25,27945.5,,395,684.25,1,0,0,0,0
1785310740,27946.25,27952.25,27935,27939.5,,706,681.9,1,0,0,0,0
1785310800,27938.25,27949,27936,27948.25,,590,669.45,1,0,0,0,0
1785310860,27948,27948.75,27940,27945,,313,657.35,1,0,0,0,0
1785310920,27944.75,27945.75,27931.75,27934,,467,625.5,1,0,0,0,0
1785310980,27933.25,27934,27927.25,27933.75,,543,621.25,1,0,0,0,0
1785311040,27932.5,27933.25,27920.5,27921.25,27910.331413642616,455,621.3,1,0,0,0,0
1785311100,27921.25,27923.75,27911,27913.75,,945,632.6,1,0,0,0,0
1785311160,27913,27914.25,27907.25,27913.25,,856,637.25,1,0,0,0,0
1785311220,27912.5,27922.5,27910.75,27916,,717,644.2,1,0,0,0,0
1785311280,27916,27917,27906.5,27907.5,,476,647.85,1,0,0,0,0
1785311340,27908.25,27915.75,27906,27906.75,,522,633.15,1,0,0,0,0
1785311400,27906,27906,27897.25,27904.75,,791,634.95,-1,0,0,0,0
1785311460,27905.5,27908.5,27898.5,27908.25,,465,600.65,1,0,0,0,0
1785311520,27909,27910,27900,27904,,470,585.15,-1,0,0,0,0
1785311580,27904,27910,27896.25,27901.25,,519,586.5,-1,0,0,0,0
1785311640,27902,27902.5,27892.75,27895.25,,563,583.45,-1,0,0,0,0
1785311700,27894.25,27901.75,27890.5,27899.5,,709,586.5,-1,0,0,0,0
1785311760,27900,27914.25,27899,27914.25,,644,598.55,1,0,0,0,0
1785311820,27913.5,27918.25,27905.5,27917.5,,654,590,1,0,0,0,0
1785311880,27918.25,27922,27908.75,27913,,602,600.35,1,0,0,0,0
1785311940,27913.25,27913.5,27901.5,27907.25,27909.304275761744,522,591.15,-1,0,0,0,0
1785312000,27906.5,27914.5,27893,27901.25,,986,610.95,-1,0,0,0,0
1785312060,27902.5,27917.75,27897.75,27914.5,,1026,646.6,1,0,0,0,0
1785312120,27915.25,27924.5,27901.25,27907.25,,1511,698.8,-1,0,0,0,0
1785312180,27907.5,27922,27907.5,27915.5,,622,702.75,1,0,0,0,0
1785312240,27915.5,27922,27899.75,27906.25,,809,720.45,-1,0,0,0,0
1785312300,27906,27906,27891,27895.25,,802,713.3,-1,0,0,0,0
1785312360,27895.25,27910.5,27894.25,27902.25,,692,705.1,-1,0,0,0,0
1785312420,27904.25,27910,27899.25,27900,,458,692.15,-1,0,0,0,0
1785312480,27900.25,27911.75,27897.5,27906.75,,336,685.15,-1,0,0,0,0
1785312540,27906.25,27906.25,27881.75,27891.75,,1112,714.65,-1,0,0,0,0
1785312600,27892.75,27903.5,27882,27893.5,,683,709.25,-1,0,0,0,0
1785312660,27893.5,27894.75,27886.5,27893.5,,482,710.1,-1,0,0,0,0
1785312720,27894,27895.75,27865.25,27871.5,,1278,750.5,-1,0,0,0,0
1785312780,27871,27878.25,27862.75,27874.75,,783,763.7,-1,0,0,0,0
1785312840,27874.75,27876.5,27857.25,27861,27893.20285050783,872,779.15,-1,0,1,0,0
1785312900,27859.75,27866,27855.25,27858.5,,939,790.65,-1,0,0,0,0
1785312960,27858.75,27877.5,27857,27870.5,,864,801.65,-1,0,0,0,0
1785313020,27870.25,27877.5,27865.25,27877.5,,717,804.8,-1,0,0,0,0
1785313080,27877.75,27884.25,27870.5,27875.5,,532,801.3,-1,0,0,0,0
1785313140,27875.25,27885.25,27863.25,27868,,806,815.5,-1,0,0,0,0
1785313200,27867.75,27868,27859.5,27861.75,,606,796.5,-1,0,0,0,0
1785313260,27862.25,27868,27857.75,27867,,478,769.1,-1,0,0,0,0
1785313320,27866.75,27870.5,27861.25,27861.5,,415,714.3,-1,0,0,0,0
1785313380,27861.25,27862.5,27843.75,27850,,869,726.65,-1,0,0,0,0
1785313440,27849.5,27852.25,27828.25,27831.75,,1225,747.45,-1,0,0,0,0
1785313500,27831.75,27836.75,27827.25,27827.75,,905,752.6,-1,0,0,0,0
1785313560,27828.5,27830.25,27820,27825.5,,950,765.5,-1,0,0,0,0
1785313620,27826.25,27839.25,27819.75,27837,,821,783.65,-1,0,0,0,0
1785313680,27836.75,27839.25,27824.75,27831,,662,799.95,-1,0,0,0,0
1785313740,27831,27842.5,27827.75,27841,27875.801900338553,672,777.95,-1,0,0,0,0
1785313800,27841.5,27859.75,27830.25,27859,,1218,804.7,-1,0,0,0,0
1785313860,27858.25,27886.25,27857.75,27885.75,,1231,842.15,-1,0,0,0,0
1785313920,27886.25,27909.25,27882.75,27903,,2042,880.35,1,0,0,0,0
1785313980,27903,27908.5,27893.5,27897.75,,799,881.15,1,0,0,0,0
1785314040,27897.25,27905,27894,27898.5,,743,874.7,1,1,0,0,0
1785314100,27897.5,27904.5,27890.75,27892.5,,669,861.2,-1,0,0,1,0
1785314160,27893,27907.25,27890,27902.5,,845,860.25,1,0,0,0,0
1785314220,27901.5,27906.5,27893.75,27900.5,,564,852.6,1,0,0,0,0
1785314280,27901,27905.5,27888.5,27888.75,,531,852.55,-1,0,0,0,0
1785314340,27888.75,27895,27883.75,27886.75,,603,842.4,-1,0,0,0,0
1785314400,27886.75,27897.5,27879,27894.25,,674,845.8,1,0,0,0,0
1785314460,27895,27899.5,27889.5,27893.5,,309,837.35,1,0,0,0,0
1785314520,27893.25,27905,27891.5,27904.75,,469,840.05,1,0,0,0,0
1785314580,27904.75,27924.5,27902,27921.75,,1437,868.45,1,0,0,0,0
1785314640,27922.5,27929.25,27919,27923,27891.534600225703,776,846,1,0,0,0,0
1785314700,27923.25,27931.75,27919.5,27923,,745,838,1,1,0,0,0
1785314760,27923.5,27939.75,27923.25,27934.25,,847,832.85,1,0,0,0,0
1785314820,27933.75,27939.5,27924,27932,,864,835,1,0,0,0,0
1785314880,27932.5,27937,27917.25,27918,,659,834.85,1,0,0,0,0
1785314940,27917,27931.5,27913,27931.5,,642,833.35,1,0,0,0,0
1785315000,27930.25,27938.75,27927,27932.5,,765,810.7,1,0,0,0,0
1785315060,27933.25,27935.5,27924.25,27926.25,,441,771.2,1,0,0,0,0
1785315120,27927.25,27927.25,27918.5,27923.25,,409,689.55,1,0,0,0,0
1785315180,27923.25,27923.75,27917,27918.75,,312,665.2,1,0,0,0,0
1785315240,27918.25,27918.25,27899.5,27907.5,,964,676.25,1,0,0,0,0
1785315300,27907,27912.25,27906.25,27907.75,,327,659.15,1,0,0,0,0
1785315360,27907.25,27913.5,27904.5,27911,,317,632.75,1,0,0,0,0
1785315420,27910.75,27910.75,27903.5,27907.25,,200,614.55,1,0,0,0,0
1785315480,27907.25,27908,27898.75,27900,,332,604.6,1,0,0,0,0
1785315540,27899.5,27905.5,27895.75,27904,27895.689733483803,401,594.5,1,0,0,0,0
1785315600,27904,27915,27900.25,27914,,613,591.45,1,0,0,0,0
1785315660,27914,27929,27913.25,27926.75,,797,615.85,1,0,0,0,0
1785315720,27927.5,27931.5,27917,27917.5,,596,622.2,1,0,0,0,0
1785315780,27916.5,27944.25,27912,27943,,1048,602.75,1,1,0,0,0
1785315840,27943.25,27946.5,27935.5,27937.5,,550,591.45,1,0,0,0,0
1785315900,27937.25,27939.75,27931.25,27939.5,,677,588.05,1,0,0,0,0
1785315960,27939.5,27955.5,27936.25,27947.5,,1234,607.4,1,1,0,1,0
1785316020,27946,27950.25,27933.5,27946.25,,744,601.4,1,0,0,0,0
1785316080,27946.5,27950.5,27935.75,27950,,611,599,1,0,0,0,0
1785316140,27949.25,27967,27949,27961,,1210,627.4,1,0,0,0,0
1785316200,27960.25,27967.75,27953.5,27953.5,,874,632.85,1,0,0,0,0
1785316260,27953.5,27960.75,27950.25,27956.25,,585,640.05,1,0,0,0,0
1785316320,27956.25,27969.75,27956.25,27964.5,,742,656.7,1,1,0,0,0
1785316380,27964.5,27976,27954.5,27959.25,,890,685.6,1,0,0,0,0
1785316440,27958,27979,27958,27977.5,27922.959822322537,668,670.8,1,0,0,0,0
1785316500,27978.5,27980.5,27971.25,27978.25,,709,689.9,1,0,0,0,0
1785316560,27978.75,27978.75,27956.25,27961,,764,712.25,1,0,0,0,0
1785316620,27961.5,27967.75,27950.25,27953.5,,875,746,1,0,0,0,0
1785316680,27952.75,27978.25,27952.5,27974.75,,657,762.25,1,0,0,0,0
1785316740,27975.25,27976,27959.75,27962.5,,577,771.05,1,0,0,0,0
1785316800,27962,27968,27954.5,27964.75,,597,770.25,1,0,0,0,0
1785316860,27963.25,27972,27960.75,27964.5,,490,754.9,1,0,0,0,0
1785316920,27965,27985.5,27963,27983.5,,963,773.25,1,0,0,0,0
1785316980,27983.5,27984,27959,27961.5,,793,760.5,1,0,0,0,0
1785317040,27962.25,27971.5,27958,27970.5,,577,761.85,1,0,0,0,0
1785317100,27970,27987.75,27966.25,27983.5,,656,760.8,1,0,0,0,0
1785317160,27982.5,27984.25,27972.5,27974.25,,420,720.1,1,0,0,0,0
1785317220,27974.75,27975.25,27964,27968.5,,484,707.1,1,0,0,0,0
1785317280,27969.25,27977.5,27966.25,27977,,366,694.85,1,0,0,0,0
1785317340,27976.5,27978.75,27972.25,27977.25,27941.056548215023,226,645.65,1,0,0,0,0
1785317400,27977.5,27980.5,27971.25,27971.75,,504,627.15,1,0,0,0,0
1785317460,27971.25,27976.25,27969.5,27974.5,,234,609.6,1,0,0,0,0
1785317520,27975,27975,27965.5,27968,,333,589.15,1,0,0,0,0
1785317580,27968.5,27970.25,27957.75,27964,,575,573.4,1,0,0,0,0
1785317640,27964,27975,27962.75,27972.25,,384,559.2,1,0,0,0,0
1785317700,27971,27975,27962,27965.25,,419,544.7,1,0,0,0,0
1785317760,27966,27980,27964,27968.75,,421,527.55,1,0,0,0,0
1785317820,27969,27979.5,27967.75,27978.25,,471,507.35,1,0,0,0,0
1785317880,27978.5,27996.25,27976.5,27994.5,,1145,531.75,1,0,0,0,0
1785317940,27994.75,28000,27975,27978.5,,1026,554.2,1,0,0,0,0
1785318000,27978,27996.75,27978,27994.25,,589,553.8,1,0,0,0,0
1785318060,27994.5,28004.25,27990.75,27998.5,,778,568.2,1,0,0,0,0
1785318120,27999.25,28007,27994.5,28006.5,,653,552.7,1,0,0,0,0
1785318180,28005.75,28012.75,27998.25,28002.5,,767,551.4,1,0,0,0,0
1785318240,28001.25,28003,27996,27999.5,27960.537698810014,339,539.5,1,0,0,0,0
1785318300,28000.25,28017.75,27998.5,28011.5,,804,546.9,1,0,0,0,0
1785318360,28011.75,28015,28006.25,28011.25,,676,559.7,1,0,0,0,0
1785318420,28010.5,28022.25,28007,28020.25,,692,570.1,1,1,0,0,0
1785318480,28020,28026,28016.75,28022,,603,581.95,1,0,0,0,0
1785318540,28021.75,28038.75,28021.25,28035.5,,1025,621.9,1,1,0,1,0
1785318600,28035.25,28047.75,28035,28042.25,,900,641.7,1,0,0,0,0
1785318660,28041.5,28056.25,28040.25,28054.25,,755,667.75,1,0,0,0,0
1785318720,28053.75,28060,28044.25,28054.25,,750,688.6,1,0,0,0,0
1785318780,28054.25,28057,28036.5,28044.5,,912,705.45,1,0,0,0,0
1785318840,28043.5,28044.75,28033.25,28033.75,,876,730.05,1,0,0,0,0
1785318900,28032.75,28033.25,28018,28018,,1144,766.3,1,0,0,0,0
1785318960,28017.5,28019.5,28011,28014.5,,860,788.25,1,0,0,0,0
1785319020,28015,28026.75,28007.25,28024.5,,1028,816.1,1,0,0,0,0
1785319080,28024.5,28027,28017,28017.75,,561,786.9,1,0,0,0,0
1785319140,28018,28027,28016.5,28019.5,27980.191799206677,448,758,1,0,0,0,0
1785319200,28019,28020.5,28008,28014.75,,788,767.95,1,0,0,0,0
1785319260,28014.75,28029.25,28011.75,28027.5,,553,756.7,1,0,0,0,0
1785319320,28027.75,28030.5,28014.5,28022.5,,513,749.7,1,0,0,0,0
1785319380,28022.75,28031.25,28017.75,28019.5,,458,734.25,1,0,0,0,0
1785319440,28021.5,28028,28017.5,28025.5,,451,739.85,1,0,0,0,0
1785319500,28025,28046,28020,28034.5,,1349,767.1,1,0,0,0,0
1785319560,28033.5,28037.5,28007.75,28014.25,,1463,806.45,1,0,0,0,0
1785319620,28013.75,28017.75,28004.75,28016,,878,815.75,1,0,0,0,0
1785319680,28016,28021.25,28012.75,28019.25,,347,802.95,1,0,0,0,0
1785319740,28018.5,28023.5,28013.5,28022.25,,426,773,1,0,0,0,0
1785319800,28021.75,28030.25,28012,28014.5,,637,759.85,1,0,0,0,0
1785319860,28014.75,28018,28009.75,28011.5,,444,744.3,1,0,0,0,0
1785319920,28011.75,28019.25,28008.75,28014.25,,474,730.5,1,0,0,0,0
1785319980,28015,28016,28004.25,28009,,609,715.35,1,0,0,0,0
1785320040,28009.5,28012,28003.5,28009.25,27989.877866137784,490,696.05,1,0,0,0,0
1785320100,28010.25,28018.25,28008,28017.5,,454,661.55,1,0,0,0,0
1785320160,28017.25,28019.25,28011.5,28017.5,,407,638.9,1,0,0,0,0
1785320220,28016.75,28018.75,28011,28015.25,,377,606.35,1,0,0,0,0
1785320280,28015.25,28024.25,28014.5,28022.5,,463,601.45,1,0,0,0,0
1785320340,28022.25,28023.25,28001.75,28014.5,,638,610.95,1,0,0,0,0
1785320400,28013.5,28020.25,28008.75,28013.5,,544,598.75,1,0,0,0,0
1785320460,28013.5,28017.25,28007.5,28013.25,,263,584.25,1,0,0,0,0
1785320520,28013.5,28016,28008.25,28014.5,,458,581.5,1,0,0,0,0
1785320580,28015,28017.75,28009.75,28010.5,,277,572.45,1,0,0,0,0
1785320640,28010,28014.5,28004.75,28006.75,,330,566.4,1,0,0,0,0
1785320700,28007,28007,27988,27992.25,,981,548,1,0,0,0,0
1785320760,27992.5,27994.75,27988.75,27992.5,,596,504.65,1,0,0,0,0
1785320820,27992,28001.25,27985.5,27996.25,,529,487.2,1,0,0,0,0
1785320880,27995.5,28000.75,27994.25,27999.5,,236,481.65,1,0,0,0,0
1785320940,28000.75,28018.25,28000.75,28017.5,27999.085244091857,981,509.4,1,0,0,0,0
1785321000,28016.25,28023.5,27992.25,27993.75,,1122,533.65,1,0,0,0,0
1785321060,27993.5,27998.75,27985.75,27988,,764,549.65,-1,0,0,0,0
1785321120,27989,27989.75,27977,27982.75,,793,565.6,-1,0,0,0,0
1785321180,27982.75,27992.5,27978.75,27986.5,,600,565.15,-1,0,0,0,0
1785321240,27987,27990,27979.25,27979.5,,356,558.45,-1,0,0,0,0
1785321300,27980.25,27980.75,27973.25,27978.5,,773,574.4,-1,0,0,0,0
1785321360,27978.75,27982.5,27973,27979.75,,418,574.95,-1,0,0,0,0
1785321420,27978.5,27981,27966.25,27970.25,,614,586.8,-1,0,0,0,0
1785321480,27969.75,27972.5,27954,27957.5,,869,607.1,-1,0,0,0,0
1785321540,27958.25,27969.5,27957.25,27962.25,,673,608.85,-1,0,0,0,0
1785321600,27962.75,27965.25,27956.5,27960.25,,564,609.85,-1,0,0,0,0
1785321660,27960.5,27984.5,27960.5,27978.75,,948,644.1,-1,0,0,0,0
1785321720,27978.25,27981,27973.75,27976,,468,644.6,-1,0,0,0,0
1785321780,27976.5,27976.75,27962,27967,,461,653.8,-1,0,0,0,0
1785321840,27966.75,27971.5,27963.5,27967.75,27988.640162727905,383,656.45,-1,0,0,0,0
1785321900,27967,27968.75,27956.75,27964.5,,633,639.05,-1,0,1,0,0
1785321960,27964.25,27968,27951.25,27960,,967,657.6,-1,0,0,0,0
1785322020,27959.5,27963,27950,27951.75,,589,660.6,-1,0,0,0,0
1785322080,27950.25,27968.75,27949,27965.75,,614,679.5,-1,0,0,0,0
1785322140,27964.75,27964.75,27954.25,27958.5,,429,651.9,-1,0,0,0,0
1785322200,27959.5,27963.75,27953.5,27963.75,,395,615.55,-1,0,0,0,0
1785322260,27963.5,27970.75,27941.5,27942,,1170,635.85,-1,0,0,0,0
1785322320,27942.5,27944.25,27933.75,27940.5,,851,638.75,-1,0,0,0,0
1785322380,27941.25,27943.75,27931.5,27941,,754,646.45,-1,0,0,0,0
1785322440,27941,27946.75,27936,27941.75,,539,655.6,-1,0,0,0,0
1785322500,27942,27944.25,27936.5,27941.25,,491,641.5,-1,0,0,0,0
1785322560,27941.5,27955.75,27939.5,27953.25,,699,655.55,-1,0,0,0,0
1785322620,27952.5,27958,27946,27950,,635,656.6,-1,0,0,0,0
1785322680,27950.5,27954.5,27943.75,27946.75,,413,633.8,-1,0,0,0,0
1785322740,27946.75,27953.5,27937.75,27949,27975.426775151936,580,629.15,-1,0,0,0,0
1785322800,27949.75,27975.25,27940.25,27970.75,,1990,700.45,-1,0,0,0,0
1785322860,27970.75,27978,27967.75,27974.25,,1292,717.65,-1,0,0,0,0
1785322920,27973.75,27979.25,27966.25,27976.75,,599,724.2,-1,0,0,0,0
1785322980,27975.75,27982.5,27971.25,27977.5,,805,741.4,-1,0,0,0,0
1785323040,27978,27979,27961,27964.5,,561,750.3,-1,0,0,0,0
1785323100,27964.5,27973.75,27959.25,27966,,501,743.7,-1,0,0,0,0
1785323160,27965.25,27968,27928.5,27952.75,,1790,784.85,-1,0,0,0,0
1785323220,27951.75,27970.75,27951.75,27968.5,,1173,814.05,-1,0,0,0,0
1785323280,27967.75,27985.5,27965.75,27982,,1084,837.55,-1,0,0,0,0
1785323340,27981.75,27992.5,27980.75,27988.25,,1068,869.5,-1,0,0,0,0
1785323400,27989,28001.5,27987.25,27999.5,,1084,903.95,1,0,0,0,0
1785323460,27999.25,28001.75,27994,27996.75,,741,882.5,1,0,0,0,0
1785323520,27996.25,28000.25,27991,27994,,612,870.55,1,0,0,0,0
1785323580,27993.5,28004.25,27992.75,27998.5,,624,864.05,1,1,0,0,0
1785323640,27998,28002.25,27986,27992.25,27981.03451676796,736,873.9,1,0,0,0,0
1785323700,27991.25,28002.75,27988,28002.75,,644,881.55,1,0,0,0,0
1785323760,28002,28004.75,27988.75,27991.75,,562,874.7,1,0,0,0,0
1785323820,27991.5,28003.75,27983.5,28003.25,,906,888.25,1,0,0,0,0
1785323880,28002.75,28016.75,28002.25,28008.5,,1042,919.7,1,0,0,0,0
1785323940,28008.5,28017.5,28005.25,28006,,668,924.1,1,0,0,0,0
1785324000,28006.5,28020,28005.5,28014.25,,607,854.95,1,1,0,0,0
1785324060,28015.25,28024,28012.5,28014.5,,739,827.3,1,0,0,0,0
1785324120,28014.75,28022,28006.5,28006.75,,523,823.5,1,0,0,0,0
1785324180,28007,28017,28003.75,28014.25,,588,812.65,1,0,0,0,0
1785324240,28013.75,28014.5,28002.25,28003,,667,817.95,1,0,0,0,0
1785324300,28003,28009.25,27996.75,28005.75,,772,831.5,1,0,0,0,0
1785324360,28005,28015.75,28005,28012,,652,774.6,1,0,0,0,0
1785324420,28012.25,28020.5,28007.75,28015.25,,565,744.2,1,0,0,0,0
1785324480,28015.25,28020,28009.25,28018.25,,469,713.45,1,0,0,0,0
1785324540,28019.75,28021.75,27998.5,27999.75,27987.27301117864,1006,710.35,1,0,0,0,0
1785324600,28000,28006,27991.5,28004,,971,704.7,1,0,0,0,0
1785324660,28004.5,28008,28000,28003.25,,542,694.75,1,0,0,0,0
1785324720,28002.5,28002.5,27979.5,27981.5,,1380,733.15,1,0,0,0,0
1785324780,27982.75,27984.5,27973.75,27983,,767,740.3,1,0,0,0,0
1785324840,27982.75,27986.75,27977.75,27982,,498,728.4,1,0,0,0,0
1785324900,27980.75,27983,27974.75,27978.25,,421,717.25,-1,0,0,0,0
1785324960,27978.75,27983,27974,27979.75,,428,710.55,-1,0,0,0,0
1785325020,27979.75,27981.5,27971.75,27974.25,,451,687.8,-1,0,0,0,0
1785325080,27974,27980.5,27969.75,27977.25,,584,664.9,-1,0,0,0,0
1785325140,27976.25,27976.75,27960.25,27967.75,,805,671.75,-1,0,0,0,0
1785325200,27966.25,27976.5,27965.25,27972.25,,562,669.5,-1,0,0,0,0
1785325260,27972.25,27973.5,27961.5,27966,,400,652.55,-1,0,0,0,0
1785325320,27966.75,27979.75,27965.75,27973.25,,694,661.1,-1,0,0,0,0
1785325380,27972.75,27978.25,27970.5,27971,,286,646,-1,0,0,0,0
1785325440,27971.5,27972.75,27964.25,27966.25,27980.26534078576,420,633.65,-1,0,0,0,0
1785325500,27965.75,27969.5,27962.75,27967.5,,350,612.55,-1,0,0,0,0
1785325560,27968,27968.75,27957.25,27961.75,,591,609.5,-1,0,1,0,0
1785325620,27962.5,27985,27959.5,27980.25,,1515,657,-1,0,0,0,0
1785325680,27980.25,27997,27978,27985.75,,1455,706.3,-1,0,0,0,0
1785325740,27986.5,27992.5,27985.5,27987,,648,688.4,-1,0,0,0,0
1785325800,27986.25,27987.75,27981.5,27982,,447,662.2,-1,0,0,0,0
1785325860,27981.5,27982,27969.5,27976.75,,929,681.55,-1,0,0,0,0
1785325920,27977.75,27988,27965.75,27968.25,,730,649.05,-1,0,0,0,0
1785325980,27967.75,27968,27959.25,27965,,681,644.75,-1,0,0,0,0
1785326040,27965,27971.75,27958.25,27959,,512,645.45,-1,0,0,0,0
1785326100,27958.75,27977.75,27955.5,27977,,709,659.85,-1,0,0,0,0
1785326160,27976.5,27990.25,27976.5,27988.5,,799,678.4,1,0,0,0,0
1785326220,27988.25,27989,27983,27984.5,,377,674.7,-1,0,0,0,0
1785326280,27984.75,27992.75,27981.75,27988.25,,511,671.05,1,0,0,0,0
1785326340,27989,28004,27987.5,28002.75,27987.76022719051,920,676.8,1,1,0,0,0
1785326400,28002.25,28004.25,27990.25,27991.25,,1073,702.35,1,0,0,0,0
1785326460,27991.75,28000,27991,27997.75,,493,707,1,0,0,0,0
1785326520,27998.75,28000,27982.75,27983.75,,718,708.2,1,0,0,0,0
1785326580,27984.75,27984.75,27977.5,27980.75,,488,718.3,1,0,0,0,0
1785326640,27981.5,27990.5,27980.5,27984.75,,514,723,1,0,0,0,0
1785326700,27984,27995.25,27979.5,27993.75,,644,737.7,1,0,0,0,0
1785326760,27994,28007.25,27978.5,27978.75,,1227,769.5,-1,0,0,0,0
1785326820,27979,27979.75,27963.5,27966,,1173,752.4,-1,0,0,0,0
1785326880,27966.25,27969.25,27953.25,27960.75,,1106,734.95,-1,0,0,0,0
1785326940,27960.5,27962.25,27953.5,27961,,627,733.9,-1,0,0,0,0
1785327000,27961,27966,27951.5,27962.25,,917,757.4,-1,0,1,0,0
1785327060,27962.5,27975.5,27962.25,27975.5,,784,750.15,-1,0,0,0,0
1785327120,27974.75,27979.25,27961.5,27965.5,,982,762.75,-1,0,0,0,0
1785327180,27965.25,27970.75,27962.25,27967.5,,537,755.55,-1,0,0,0,0
1785327240,27967.75,27970.25,27934,27940.5,27972.006818127007,2540,856.95,-1,0,0,0,0
1785327300,27941.25,27948,27929.25,27938.25,,1579,900.45,-1,0,0,0,0
1785327360,27938.75,27942,27884.25,27886.5,,6008,1160.9,-1,0,1,0,0
1785327420,27887.25,27903.5,27868.5,27901.25,,4338,1358.95,-1,0,0,0,0
1785327480,27902.75,27904.5,27879.5,27896.5,,2448,1455.8,-1,0,1,0,1
1785327540,27897.25,27899.75,27882,27887.25,,1549,1487.25,-1,0,0,0,0
1785327600,27888,27895.25,27882,27893.5,,1333,1500.25,-1,0,0,0,0
1785327660,27892.5,27900.75,27873.5,27876,,1800,1565.6,-1,0,0,0,0
1785327720,27875,27876.5,27852.75,27871.25,,2577,1658.55,-1,0,0,0,0
1785327780,27871.25,27892,27868.25,27890.75,,1403,1704.3,-1,0,0,0,0
1785327840,27890.75,27893.75,27865.75,27868.5,,1238,1740.5,-1,0,0,0,0
1785327900,27868.75,27894.5,27866.5,27892.75,,1029,1759.75,-1,0,0,0,0
1785327960,27893.5,27897.25,27888.25,27889.75,,870,1741.9,-1,0,0,0,0
1785328020,27890.75,27903,27884.75,27887.75,,1205,1743.5,-1,0,0,0,0
1785328080,27886.75,27895.5,27882,27894.25,,866,1731.5,-1,0,0,0,0
1785328140,27894,27900,27867,27867,27937.004545418004,1242,1762.25,-1,0,0,0,0
1785328200,27867,27869.5,27844.75,27868,,2359,1834.35,-1,0,0,0,0
1785328260,27869,27870.75,27858.5,27867.5,,1098,1850.05,-1,0,1,0,1
1785328320,27868,27878.75,27863,27869.25,,1176,1859.75,-1,0,0,0,0
1785328380,27868,27872,27856.25,27863.25,,1120,1888.9,-1,0,0,0,0
1785328440,27865.25,27888.25,27863.75,27888.25,,1293,1826.55,-1,0,0,0,0
1785328500,27888.25,27891,27880,27887,,1101,1802.65,-1,0,0,0,0
1785328560,27885.5,27890.25,27870.25,27870.75,,1130,1558.75,-1,0,0,0,0
1785328620,27871,27887,27870.25,27882,,780,1380.85,-1,0,0,0,0
1785328680,27881.25,27892,27875.25,27875.75,,957,1306.3,-1,0,0,0,0
1785328740,27875.75,27887.75,27874.25,27887.75,,588,1258.25,-1,0,0,0,0
1785328800,27887.25,27890,27879.5,27886.25,,776,1230.4,-1,0,0,0,0
1785328860,27885.75,27908.5,27884,27907.25,,1637,1222.25,-1,0,0,0,0
1785328920,27907.5,27912.5,27902,27903.75,,1102,1148.5,-1,0,0,0,0
1785328980,27905,27911.75,27905,27907.75,,539,1105.3,-1,0,0,0,0
1785329040,27908,27918.75,27906.75,27911.75,27928.586363612,1035,1095.15,-1,0,0,0,0
1785329100,27911.75,27915.75,27906,27911.5,,625,1074.95,-1,0,0,0,0
1785329160,27911.5,27917.5,27906.75,27914.5,,701,1066.5,-1,0,0,0,0
1785329220,27915,27916.25,27905.25,27908.75,,695,1041,-1,0,0,0,0
1785329280,27908.5,27922,27907,27921.25,,799,1037.65,-1,0,0,0,0
1785329340,27921.25,27928.5,27918.25,27924.75,,1160,1033.55,-1,0,0,0,0
1785329400,27924.25,27929.5,27921.25,27926.75,,837,957.45,-1,0,0,0,0
1785329460,27926.75,27928,27915.5,27919.75,,844,944.75,-1,0,0,0,0
1785329520,27919.5,27925,27914.5,27916.75,,595,915.7,-1,0,0,0,0
1785329580,27917.5,27925,27913.5,27915.5,,717,895.55,-1,0,0,0,0
1785329640,27915.25,27930,27911.5,27926.25,,958,878.8,-1,0,0,0,0
1785329700,27926.25,27929.25,27920,27927,,897,868.6,-1,0,0,0,0
1785329760,27926,27931.75,27919.75,27924,,789,851.55,-1,0,0,0,0
1785329820,27923.75,27924.5,27907.5,27909.5,,1129,869,-1,0,0,0,0
1785329880,27909.75,27913.25,27903.25,27907.25,,1022,872.25,-1,0,0,0,0
1785329940,27907,27912.25,27904.5,27908.75,27921.974242408,707,878.2,-1,0,0,0,0
1785330000,27908.5,27915.25,27900.5,27908.5,,1517,915.25,-1,0,0,0,0
1785330060,27907.5,27914.75,27904,27910.5,,851,875.95,-1,0,0,0,0
1785330120,27910.25,27917.75,27902,27902,,929,867.3,-1,0,0,0,0
1785330180,27902.5,27903.5,27886.25,27887.25,,2105,945.6,-1,0,0,0,0
1785330240,27887,27887.5,27878,27880.75,,1293,958.5,-1,0,0,0,0
1785330300,27880.5,27888.5,27874.25,27878.25,,1287,991.6,-1,0,0,0,0
1785330360,27877.75,27886.75,27871.25,27873.5,,1205,1016.8,-1,0,0,0,0
1785330420,27873.5,27891.5,27873.5,27888.75,,1266,1045.35,-1,0,0,0,0
1785330480,27889.25,27891.25,27885.5,27891,,727,1041.75,-1,0,0,0,0
1785330540,27890.75,27896,27887.75,27892.75,,853,1026.4,-1,0,0,0,0
1785330600,27892.75,27895.5,27887,27889.5,,734,1021.25,-1,0,0,0,0
1785330660,27890,27890,27878,27881.5,,1105,1034.3,-1,0,0,0,0
1785330720,27882.25,27886.25,27877.5,27882.25,,888,1048.95,-1,0,0,0,0
1785330780,27881.25,27882,27875.5,27879,,690,1047.6,-1,0,1,0,0
1785330840,27879.25,27884,27870,27873.75,27905.899494938665,1505,1074.95,-1,0,0,0,0
1785330900,27872.75,27882.75,27869.5,27882.25,,1296,1094.9,-1,0,0,0,0
1785330960,27882,27886.75,27869.75,27877.25,,1207,1115.8,-1,0,0,0,0
1785331020,27877,27881.75,27865.25,27870,,1301,1124.4,-1,0,0,0,0
1785331080,27869.75,27871.5,27861.75,27864,,1292,1137.9,-1,0,0,0,0
1785331140,27864,27874.75,27864,27869.5,,953,1150.2,-1,0,0,0,0
1785331200,27868.5,27871,27856.25,27865,,1665,1157.6,-1,0,0,0,0
1785331260,27864.75,27885.25,27863.5,27881.25,,1647,1197.4,-1,0,0,0,0
1785331320,27880.25,27894,27878.75,27886.25,,1636,1232.75,-1,0,0,0,0
1785331380,27885.75,27891.25,27879.75,27890.5,,761,1165.55,-1,0,0,0,0
1785331440,27891.5,27899,27885.5,27896.25,,1307,1166.25,-1,0,0,0,0
1785331500,27895,27913.5,27881.5,27913.25,,2738,1238.8,-1,0,0,0,0
1785331560,27912.75,27933.5,27907.5,27929.25,,2207,1288.9,1,0,0,0,0
1785331620,27929.25,27940,27907.75,27913.25,,3133,1382.25,-1,0,0,0,0
1785331680,27913.25,27925.5,27906.75,27919.75,,1815,1436.65,-1,0,0,0,0
1785331740,27919.75,27926.75,27906.75,27915.75,27909.182996625776,2026,1495.3,1,0,0,0,0
1785331800,27915,27949.75,27861.75,27869.75,,14452,2181.2,-1,0,0,0,0
1785331860,27870.5,27893.75,27836.5,27848.75,,12841,2768,-1,0,0,0,0
1785331920,27849.75,27908,27837.5,27904,,10839,3265.55,-1,0,0,0,0
1785331980,27904,27961.5,27891.5,27961,,12346,3848.35,1,0,0,0,0
1785332040,27960.75,27984.25,27955,27957.5,,10561,4301.15,1,0,0,0,0
1785332100,27956.5,27997,27951.75,27978,,9403,4706.5,1,1,0,0,0
1785332160,27978.25,27979.25,27924,27933.5,,10834,5187.85,1,0,0,0,0
1785332220,27932.5,27937.5,27880,27908.25,,11877,5716.65,1,0,0,0,0
1785332280,27907.75,27939.5,27872.5,27876.25,,12749,6289.5,-1,0,0,0,0
1785332340,27876.75,27898.75,27863.25,27886,,9070,6695.35,-1,0,0,0,0
1785332400,27886.75,27907.75,27858.5,27893.25,,10143,7119.25,-1,0,0,0,0
1785332460,27893.25,27906,27871.25,27897.25,,6466,7360.2,-1,0,0,0,0
1785332520,27897,27905.5,27874.25,27884,,6111,7583.95,-1,0,0,0,0
1785332580,27883,27899,27866,27874.75,,6129,7852.35,-1,0,0,0,0
1785332640,27875.75,27919.75,27875,27917.25,27911.871997750517,6901,8132.05,1,0,0,0,0
1785332700,27917.5,27949,27894.25,27912.75,,11233,8556.8,1,0,0,0,0
1785332760,27912,27926.25,27863.75,27871,,8100,8851.45,-1,0,0,0,0
1785332820,27871,27878.5,27816.25,27840.75,,13558,9372.7,-1,0,0,0,0
1785332880,27840.75,27862.5,27828.5,27835.75,,8670,9715.45,-1,0,0,0,0
1785332940,27836.25,27857.75,27817.75,27849.5,,8181,10023.2,-1,0,1,0,0
1785333000,27850.25,27856,27792,27796.75,,10685,9834.85,-1,0,0,0,0
1785333060,27796.5,27796.75,27758.75,27761.25,,11110,9748.3,-1,0,0,0,0
1785333120,27761.5,27764.75,27722.75,27736.5,,11919,9802.3,-1,0,0,0,0
1785333180,27737,27774.5,27721.75,27771.5,,10350,9702.5,-1,0,0,0,0
1785333240,27772,27780.5,27739.25,27753.5,,9455,9647.2,-1,0,0,0,0
1785333300,27753.75,27753.75,27698.75,27713.5,,12425,9798.3,-1,0,0,0,0
1785333360,27714.75,27715.75,27683.5,27688.5,,9020,9707.6,-1,0,0,0,0
1785333420,27688.5,27706.25,27667.75,27701.25,,10768,9652.15,-1,0,0,0,0
1785333480,27701.75,27733.25,27701.75,27731,,8570,9443.2,-1,0,0,0,0
1785333540,27730.5,27748.75,27706.25,27734.5,27852.747998500345,10457,9512.55,-1,0,0,0,0
1785333600,27734.75,27771,27733,27752.75,,11540,9582.4,-1,0,0,0,0
1785333660,27752.75,27773,27738.5,27748.5,,7277,9622.95,-1,0,0,0,0
1785333720,27749.25,27790,27746.5,27775.5,,7475,9691.15,-1,0,0,0,0
1785333780,27774.5,27789,27758,27758.75,,5755,9672.45,-1,0,0,0,0
1785333840,27758.5,27790,27751,27787.25,,5536,9604.2,-1,0,0,0,0
1785333900,27787.75,27827,27787.75,27793.5,,10875,9586.3,-1,0,0,0,0
1785333960,27793.75,27807.25,27753,27758,,9586,9660.6,-1,0,0,0,0
1785334020,27757.25,27758.25,27716.75,27752.25,,11680,9566.7,-1,0,0,0,0
1785334080,27752,27758.75,27722.5,27742.5,,6419,9454.15,-1,0,0,0,0
1785334140,27743,27754.5,27721.25,27727.25,,5571,9323.65,-1,0,0,0,0
1785334200,27726.25,27728.25,27700.25,27720.25,,8812,9230,-1,0,0,0,0
1785334260,27721.5,27745,27713,27732.5,,6629,9005.95,-1,0,0,0,0
1785334320,27730.5,27747.5,27661.5,27668.5,,12275,9023.75,-1,0,0,0,0
1785334380,27667.5,27668,27640,27659,,9655,8989,-1,0,0,0,0
1785334440,27659.25,27663,27636.25,27648.25,27784.58199900023,6247,8828.6,-1,0,0,0,0
1785334500,27649,27681,27644.75,27665,,9901,8702.4,-1,0,0,0,0
1785334560,27664.25,27682.5,27648,27670.25,,6353,8569.05,-1,0,0,0,0
1785334620,27670.25,27678.75,27643.5,27653.75,,5669,8314.1,-1,0,0,0,0
1785334680,27654.5,27690,27651,27674.5,,6886,8229.9,-1,0,0,0,0
1785334740,27674,27685,27654.5,27663.5,,5368,7975.45,-1,0,0,0,0
1785334800,27663.5,27685.75,27649.5,27673.25,,5281,7662.5,-1,0,0,0,1
1785334860,27673.75,27694,27664,27687.75,,5662,7581.75,-1,0,0,0,0
1785334920,27687,27696.25,27675.25,27686.25,,5110,7463.5,-1,0,0,0,0
1785334980,27686.75,27690.75,27653.5,27655.75,,5187,7435.1,-1,0,0,0,0
1785335040,27655.75,27658.5,27605.75,27619.75,,12161,7766.35,-1,0,0,0,0
1785335100,27619.5,27623.5,27573.25,27575,,10519,7748.55,-1,0,0,0,0
1785335160,27575,27575.75,27538.5,27557.5,,12661,7902.3,-1,0,0,0,0
1785335220,27556.75,27564.5,27539.25,27559.25,,7075,7672.05,-1,0,0,0,0
1785335280,27559.5,27578.75,27554.25,27573.75,,7102,7706.2,-1,0,0,0,0
1785335340,27574,27592,27565.25,27572.5,27713.88799933349,6804,7767.85,-1,0,0,0,0
1785335400,27572,27604.75,27567,27600.25,,7814,7717.95,-1,0,0,0,0
1785335460,27600,27613.75,27588,27606.25,,6974,7735.2,-1,0,0,0,0
1785335520,27605.25,27638.5,27602.5,27633.75,,7204,7481.65,-1,0,0,0,0
1785335580,27634.5,27652.25,27624.25,27627.5,,6381,7317.95,-1,0,0,0,0
1785335640,27627.25,27636.75,27601.5,27621.75,,7503,7380.75,-1,0,0,0,0
1785335700,27621.25,27624,27595.5,27617.75,,7137,7242.55,-1,0,0,0,0
1785335760,27618,27625,27597.25,27609,,4901,7169.95,-1,0,1,0,0
1785335820,27608.75,27610,27587.25,27596.5,,4235,7098.25,-1,0,0,0,0
1785335880,27596.25,27607,27574.75,27603.5,,6159,7061.9,-1,0,0,0,0
1785335940,27603.25,27604.25,27554.75,27563.75,,6298,7108.4,-1,0,0,0,0
1785336000,27563,27565.5,27521.75,27543.25,,9720,7330.35,-1,0,0,0,0
1785336060,27542.25,27572.5,27534.25,27544,,7435,7419,-1,0,0,0,0
1785336120,27544,27545,27515.75,27518,,5824,7454.7,-1,0,0,0,0
1785336180,27517.75,27540.5,27515.75,27527.25,,5612,7475.95,-1,0,0,0,0
1785336240,27526.75,27542.25,27510,27537.5,27655.091999555658,5662,7151,-1,0,0,0,0
1785336300,27537.5,27550.5,27522.25,27539,,5232,6886.65,-1,0,0,0,0
1785336360,27538.75,27556,27517.75,27552,,5522,6529.7,-1,0,0,0,0
1785336420,27551.75,27574.75,27542.75,27544,,6702,6511.05,-1,0,0,0,0
1785336480,27544,27545.5,27521,27536.25,,4967,6404.3,-1,0,0,0,0
1785336540,27536.25,27571.5,27530,27566,,6535,6390.85,-1,0,0,0,0
1785336600,27566.5,27586,27557,27578,,6926,6346.45,-1,0,0,0,0
1785336660,27578,27591.25,27557.75,27570.5,,5679,6281.7,-1,0,0,0,0
1785336720,27570.25,27615.5,27569.5,27597.5,,7120,6277.5,-1,0,0,0,0
1785336780,27598.25,27610.25,27589.25,27602.25,,4895,6203.2,-1,0,0,0,0
1785336840,27602,27605.5,27575.5,27599,,4335,6044.8,-1,0,0,0,0
1785336900,27598.75,27607,27567.25,27567.75,,3876,5881.75,-1,0,0,0,0
1785336960,27568,27573.25,27553.5,27571,,4576,5865.5,-1,0,0,0,0
1785337020,27571.5,27583.75,27550.75,27561,,4979,5902.7,-1,0,1,0,1
1785337080,27561,27590.5,27557,27588.5,,4349,5812.2,-1,0,0,0,0
1785337140,27588.75,27613.75,27588.75,27600.25,27636.811333037105,5765,5785.55,-1,0,0,0,0
1785337200,27600.5,27626.5,27579.25,27595,,8021,5700.6,-1,0,0,0,0
1785337260,27595.5,27618.5,27585.25,27617.5,,4697,5563.7,-1,0,0,0,0
1785337320,27617,27641.75,27611.75,27630.5,,7358,5640.4,-1,0,0,0,0
1785337380,27630.75,27647.25,27623,27632.5,,4280,5573.8,-1,0,0,0,0
1785337440,27632.25,27639.5,27618.75,27638.5,,4380,5509.7,-1,0,0,0,0
1785337500,27638.5,27641.25,27590.25,27615.5,,7143,5605.25,-1,0,0,0,0
1785337560,27614.5,27634.75,27607,27609.25,,4505,5554.4,-1,0,0,0,0
1785337620,27608.5,27638,27604.75,27636.25,,4064,5422.5,-1,0,0,0,0
1785337680,27636.5,27656.25,27622.5,27623.75,,6485,5498.4,-1,0,0,0,0
1785337740,27623,27645.75,27615.75,27643,,4195,5381.4,-1,0,0,0,0
1785337800,27643.75,27650,27610.75,27612.25,,4267,5248.45,-1,0,0,0,0
1785337860,27612.25,27612.75,27565.5,27584.25,,8049,5366.95,-1,0,0,0,0
1785337920,27585.5,27601.25,27576.75,27590.5,,5009,5261.4,-1,0,0,0,0
1785337980,27590,27605,27579,27584,,3925,5212.9,-1,0,1,0,0
1785338040,27584.25,27597.75,27566,27577,27616.874222024737,4123,5202.3,-1,0,0,0,0
1785338100,27577.5,27595.5,27564,27594.75,,4401,5228.55,-1,0,0,0,0
1785338160,27594.25,27619.5,27584,27611.25,,5606,5280.05,-1,0,0,0,0
1785338220,27611.25,27620.5,27583,27602.75,,4558,5259,-1,0,0,0,0
1785338280,27602,27624.25,27602,27608.75,,3768,5229.95,-1,0,0,0,0
1785338340,27609,27616.5,27558,27562.25,,5406,5212,-1,0,0,0,0
1785338400,27562,27573,27546,27569,,5221,5072,-1,0,0,0,0
1785338460,27570,27577,27555.25,27574.75,,3552,5014.75,-1,0,1,0,0
1785338520,27574.75,27580.75,27554.5,27578.75,,3623,4828,-1,0,0,0,0
1785338580,27579.25,27598.75,27574,27596.25,,3666,4797.3,-1,0,0,0,0
1785338640,27596.25,27605.5,27582.5,27603.25,,3750,4765.8,-1,0,0,0,0
1785338700,27602.25,27607,27578.25,27597.75,,3826,4599.95,-1,0,0,0,0
1785338760,27598,27618,27564,27577.75,,5279,4638.65,-1,0,0,0,0
1785338820,27577.5,27588.5,27562,27564.25,,3072,4589.05,-1,0,0,0,0
1785338880,27564.75,27578.25,27558.75,27571.5,,3160,4422.8,-1,0,0,0,0
1785338940,27571.5,27576,27550,27555.75,27596.499481349823,3244,4375.25,-1,0,0,0,0
1785339000,27555.5,27565,27538.75,27559,,5328,4428.3,-1,0,0,0,0
1785339060,27559,27568,27543.75,27565,,3105,4181.1,-1,0,0,0,0
1785339120,27564.75,27577.25,27557.5,27566,,3449,4103.1,-1,0,0,0,0
1785339180,27566.5,27584.25,27553,27572.75,,3366,4075.15,-1,0,0,0,0
1785339240,27572.75,27584.25,27544.5,27559,,3792,4058.6,-1,0,0,0,0
1785339300,27558.5,27584,27550,27580.25,,3513,4014.2,-1,0,0,0,0
1785339360,27580.75,27587.25,27565.5,27585.75,,2858,3876.8,-1,0,0,0,0
1785339420,27585.25,27596,27567,27576.25,,3048,3801.3,-1,0,0,0,0
1785339480,27576.5,27587.5,27553.5,27559,,2727,3749.25,-1,0,0,0,0
1785339540,27559.5,27560.5,27534,27535.25,,3365,3647.2,-1,0,0,0,0
1785339600,27535,27546.25,27528,27535.75,,3490,3560.65,-1,0,0,0,0
1785339660,27536.25,27557,27535.75,27549.25,,2893,3527.7,-1,0,1,0,0
1785339720,27548.75,27557.75,27530,27531.25,,2517,3472.4,-1,0,0,0,0
1785339780,27531.25,27536.5,27518.5,27519,,2881,3433.15,-1,0,0,0,0
1785339840,27518.75,27539,27518.75,27533.75,27575.582987566548,2413,3366.3,-1,0,0,0,0
1785339900,27533.5,27543.25,27518.5,27528.25,,2825,3316.25,-1,0,0,0,0
1785339960,27529.5,27548.75,27528.25,27540.5,,2674,3186,-1,0,0,0,0
1785340020,27540,27552.25,27532.25,27549.75,,2408,3152.8,-1,0,0,0,0
1785340080,27549.25,27565.75,27545,27547,,3333,3161.45,-1,0,0,0,0
1785340140,27547.5,27561,27538,27557.5,,2516,3125.05,-1,0,0,0,0
1785340200,27558,27566.75,27541.25,27556,,3121,3014.7,-1,0,0,0,0
1785340260,27556.25,27562.75,27548.5,27553.75,,1916,2955.25,-1,0,0,0,0
1785340320,27553.5,27561,27539.75,27560.25,,2969,2931.25,-1,0,0,0,0
1785340380,27559.25,27562.5,27522.5,27531.5,,3150,2920.45,-1,0,0,0,0
1785340440,27531.75,27532.25,27487,27493,,8483,3155,-1,0,0,0,0
1785340500,27493.25,27495.25,27471.75,27476,,6401,3299.4,-1,0,0,0,0
1785340560,27476.25,27486.5,27464.5,27484,,4940,3403.5,-1,0,0,0,0
1785340620,27484.5,27494,27479.5,27486.75,,3775,3439.85,-1,0,0,0,0
1785340680,27486.5,27494.25,27477,27493,,3105,3458.75,-1,0,0,0,0
1785340740,27493.25,27521.75,27491.25,27519,27556.72199171103,5183,3549.65,-1,0,0,0,0
1785340800,27518.25,27540,27493.25,27494.75,,7289,3739.6,-1,0,0,0,0
1785340860,27495,27501.5,27476,27488,,4730,3831.45,-1,0,0,0,0
1785340920,27487.25,27490.5,27474,27484.25,,2730,3842.1,-1,0,0,0,0
1785340980,27483.75,27486.25,27472.5,27475.75,,2335,3814.8,-1,0,1,0,0
1785341040,27475.75,27477.25,27453.75,27460.5,,5220,3955.15,-1,0,0,0,0
1785341100,27459.5,27461.5,27425.75,27440.75,,7624,4195.1,-1,0,0,0,0
1785341160,27440.5,27454,27433.75,27446.5,,4186,4270.7,-1,0,0,0,0
1785341220,27446.25,27457,27438.25,27455,,2764,4288.5,-1,0,0,0,0
1785341280,27456,27463,27446.25,27457.75,,3471,4295.4,-1,0,0,0,0
1785341340,27458.25,27463.25,27442.75,27462,,2937,4316.45,-1,0,0,0,0
1785341400,27462,27465.5,27452.25,27458.5,,2513,4286.05,-1,0,0,0,0
1785341460,27459,27466.5,27444,27447,,2563,4318.4,-1,0,0,0,0
1785341520,27447.25,27459.5,27444,27445.25,,2240,4281.95,-1,0,0,0,0
1785341580,27445.25,27455,27436,27440.25,,2500,4249.45,-1,0,0,0,0
1785341640,27441,27447,27418.75,27420,27511.14799447402,4494,4050,-1,0,0,0,0
1785341700,27419.75,27437.25,27409,27430.5,,6309,4045.4,-1,0,0,0,0
1785341760,27431,27432.25,27416.25,27424.5,,3067,3951.75,-1,0,0,0,0
1785341820,27424.75,27441.5,27414.75,27435.25,,3391,3932.55,-1,0,0,0,0
1785341880,27435.75,27449.25,27429.5,27447.5,,3286,3941.6,-1,0,0,0,0
1785341940,27446.5,27451.75,27440.75,27446.25,,2676,3816.25,-1,0,0,0,0
1785342000,27446.25,27464.25,27437.25,27463,,3743,3638.95,-1,0,0,0,0
1785342060,27463,27475.75,27459.5,27463.5,,4291,3617,-1,0,0,0,0
1785342120,27463.5,27493,27462.75,27490.25,,4082,3684.6,-1,0,0,0,0
1785342180,27490.75,27529,27486.75,27511.25,,8201,3977.9,-1,0,0,0,0
1785342240,27511.5,27523.5,27503.5,27515.75,,3663,3900.05,-1,0,0,0,0
1785342300,27516,27536.75,27514,27524.75,,4011,3719.4,-1,0,0,0,0
1785342360,27525,27542.75,27517.25,27540,,3866,3703.4,-1,0,0,0,0
1785342420,27540.25,27543.5,27528.5,27536,,3187,3724.55,-1,0,0,0,0
1785342480,27535.75,27555,27527.5,27549,,4188,3760.4,-1,0,0,0,0
1785342540,27548.75,27556.75,27545.25,27551,27524.431996316012,2633,3745.2,1,0,0,0,0
1785342600,27551.75,27586,27547,27571.25,,6190,3929.05,1,1,0,0,0
1785342660,27572,27579.25,27551.75,27565.75,,4245,4013.15,1,0,0,0,0
1785342720,27565.75,27566.75,27536.5,27543.75,,3897,4096,1,0,0,0,0
1785342780,27544,27556.5,27541.25,27548.5,,2827,4112.35,1,0,0,0,0
1785342840,27548.25,27560.75,27525,27525.25,,4571,4116.2,1,0,0,0,0
1785342900,27525.5,27527.75,27502.5,27514.25,,5178,4059.65,1,0,0,0,0
1785342960,27513.25,27519.5,27494.75,27500.25,,3578,4085.2,-1,0,0,0,0
1785343020,27500.25,27522.5,27498.5,27519,,3639,4097.6,1,0,0,0,0
1785343080,27519,27524.75,27510.75,27515.25,,2463,4056.45,1,0,0,0,0
1785343140,27515.75,27533.25,27511.5,27527,,3072,4076.25,1,0,0,0,0
1785343200,27526.75,27537.75,27509.5,27535.25,,3152,4046.7,1,0,0,0,0
1785343260,27535.75,27539,27519.5,27521.25,,2645,3964.4,1,0,0,0,0
1785343320,27521.75,27522.5,27488.75,27498.5,,4549,3987.75,-1,0,0,0,0
1785343380,27499,27505,27488.25,27489.25,,2525,3703.95,-1,0,0,0,0
1785343440,27489.5,27506,27484,27504,27517.62133087734,2935,3667.55,-1,0,1,0,0
1785343500,27503.5,27507,27490,27496,,2658,3599.9,-1,0,0,0,0
1785343560,27495.75,27504.25,27492,27500.75,,1865,3499.85,-1,0,0,0,0
1785343620,27500.75,27531.75,27499.25,27528,,3754,3528.2,1,0,0,0,0
1785343680,27528.75,27536.75,27521.25,27526,,2694,3453.5,1,0,0,0,0
1785343740,27525.5,27554.25,27523.75,27552.25,,3411,3492.4,1,1,0,0,0
1785343800,27552,27563.75,27536.25,27549.75,,3862,3376,1,0,0,0,0
1785343860,27550,27558.5,27542.75,27547.5,,2837,3305.6,1,0,0,0,0
1785343920,27547,27570,27533.25,27567.75,,3774,3299.45,1,0,0,0,0
1785343980,27567.5,27576,27561.5,27571.25,,3200,3318.1,1,0,0,0,0
1785344040,27570.5,27571.25,27552.75,27563.5,,2492,3214.15,1,0,0,0,0
1785344100,27563,27578.75,27555.75,27567,,3131,3111.8,1,0,0,0,0
1785344160,27566.75,27579.75,27557.5,27579.25,,2317,3048.75,1,0,0,0,0
1785344220,27579.25,27592.75,27573,27585.5,,3649,3049.25,1,0,0,0,0
1785344280,27586.5,27588.5,27572,27584,,2633,3057.75,1,0,0,0,0
1785344340,27583.75,27603.5,27583.5,27603.5,27546.247553918227,3616,3084.95,1,0,0,0,0
1785344400,27603.25,27615,27595,27610.75,,4375,3146.1,1,0,0,0,0
1785344460,27610.25,27624.5,27608,27612.5,,3123,3170,1,0,0,0,0
1785344520,27611.75,27621,27605.75,27614.75,,2320,3058.55,1,1,0,1,0
1785344580,27614.75,27647,27611,27642.75,,4080,3136.3,1,0,0,0,0
1785344640,27643.25,27666,27637.75,27659.75,,5626,3270.85,1,0,0,0,0
1785344700,27659,27662.5,27634.25,27642,,4167,3346.3,1,0,0,0,0
1785344760,27642,27661.75,27636,27655.25,,3677,3436.9,1,0,0,0,0
1785344820,27655.5,27658.5,27637.75,27642.25,,2856,3392,1,0,0,0,0
1785344880,27642.75,27659.25,27635.75,27650,,2886,3401.6,1,0,0,0,0
1785344940,27649.5,27657.75,27643.5,27652.5,,2227,3342.4,1,0,0,0,0
1785345000,27652,27686.75,27647.75,27682,,4919,3395.25,1,0,0,0,0
1785345060,27682,27691.5,27677.25,27686.75,,3153,3411.05,1,0,0,0,0
1785345120,27685.75,27698,27672.75,27697.25,,3541,3399.4,1,1,0,1,0
1785345180,27697,27722.75,27696.25,27712.25,,5306,3504.7,1,0,0,0,0
1785345240,27712,27737.25,27707.5,27736,27609.49836927882,4404,3600.3,1,0,0,0,0
1785345300,27736.5,27740,27718.75,27722.5,,4594,3673.45,1,0,0,0,0
1785345360,27723,27730,27712.5,27716,,3464,3730.8,1,0,0,0,0
1785345420,27716,27732.75,27708.5,27721.5,,3066,3701.65,1,0,0,0,0
1785345480,27721.5,27733.5,27711,27717.5,,3342,3737.1,1,0,0,0,0
1785345540,27717,27722.5,27710.75,27715.75,,2128,3662.7,1,0,0,0,0
1785345600,27715.75,27734.5,27712.75,27727.25,,3739,3630.9,1,0,0,0,0
1785345660,27727.5,27748.5,27718.25,27746.5,,2972,3623.35,1,0,0,0,0
1785345720,27745.75,27749.75,27723.25,27724,,3044,3659.55,1,0,0,0,0
1785345780,27724,27736.25,27715.5,27728.75,,4127,3661.9,1,0,0,0,0
1785345840,27728,27728,27691.75,27694.25,,4488,3605,1,0,0,0,0
1785345900,27694,27698.75,27679,27685.5,,4454,3619.35,1,0,0,0,0
1785345960,27684.75,27700.75,27680,27698.5,,3626,3616.8,1,0,0,0,0
1785346020,27697.5,27703.25,27678.25,27680.5,,2384,3593.2,1,0,0,0,0
1785346080,27680.5,27688.25,27672.5,27681,,2631,3580.45,1,0,0,0,0
1785346140,27681.25,27681.5,27650,27650.5,27623.165579519213,4245,3681.35,1,0,0,0,0
1785346200,27651,27657.5,27633.75,27635.75,,4630,3666.9,1,0,0,0,0
1785346260,27634.75,27659.25,27629.25,27658,,4092,3713.85,1,0,0,0,0
1785346320,27658,27676.75,27656.5,27675.25,,4163,3744.95,1,0,0,0,0
1785346380,27674.75,27693.25,27672.5,27693.25,,3499,3654.6,1,0,0,0,0
1785346440,27692.25,27695.75,27665.25,27673.75,,3337,3601.25,1,0,0,0,0
1785346500,27673.5,27680,27650.75,27656.5,,2890,3516.05,1,0,0,0,0
1785346560,27656.75,27662.25,27643.75,27644.75,,2973,3491.5,1,0,0,0,0
1785346620,27644.25,27663.5,27638,27652,,3294,3502.9,1,0,0,0,0
1785346680,27652.5,27664.75,27647,27650.25,,2120,3441.8,1,0,0,0,0
1785346740,27650.5,27662.5,27647.75,27658,,2151,3442.95,1,0,0,0,0
1785346800,27658,27667.25,27653.25,27662.5,,3007,3406.35,1,0,0,0,0
1785346860,27663,27677,27660.5,27673.5,,3174,3416.45,1,0,0,0,0
1785346920,27673.25,27686.75,27659.5,27662,,4135,3471,1,0,0,0,0
1785346980,27662.5,27690,27651.75,27686.25,,2879,3408.6,1,0,0,0,0
1785347040,27686.75,27690.5,27674.75,27680,27642.110386346143,2229,3295.65,1,0,0,0,0
1785347100,27681,27686.25,27661.75,27664.25,,2318,3188.85,1,0,0,0,0
1785347160,27664.5,27673.25,27655,27668,,2379,3126.5,1,0,0,0,0
1785347220,27668,27676.25,27664.75,27674.75,,1466,3080.6,1,0,0,0,0
1785347280,27675.25,27690.75,27671.5,27690.5,,2453,3071.7,1,0,0,0,0
1785347340,27690,27698.5,27682.75,27695.75,,2069,2962.9,1,0,0,0,0
1785347400,27696,27707.5,27694.5,27706,,2287,2845.75,1,0,0,0,0
1785347460,27706.25,27718.5,27703.75,27717.75,,2309,2756.6,1,0,0,0,0
1785347520,27717.25,27728,27707,27712.5,,2448,2670.85,1,0,0,0,0
1785347580,27711.75,27723.5,27709.5,27720.75,,1362,2564,1,0,0,0,0
1785347640,27721,27721.5,27706.5,27711.5,,1418,2468.05,1,0,0,0,0
1785347700,27711,27717.75,27690.75,27699.75,,2367,2441.9,1,0,0,0,0
1785347760,27699,27700.75,27688.25,27693,,1325,2359.5,1,0,0,0,0
1785347820,27692.75,27693,27684.25,27689.5,,1228,2256.2,1,0,0,0,0
1785347880,27690,27698.5,27677.75,27694.5,,1924,2246.4,1,0,0,0,0
1785347940,27693.75,27727.25,27691.25,27721.75,27668.656924230763,2112,2244.45,1,0,0,0,0
1785348000,27723,27859,27717.75,27846.75,,15976,2892.9,1,0,0,0,0
1785348060,27847.25,27878.5,27808.25,27868,,9742,3221.3,1,0,0,0,0
1785348120,27868.5,27889,27840,27844.25,,7700,3399.55,1,0,0,0,0
1785348180,27843.75,27865.5,27819.5,27830.5,,5254,3518.3,1,0,0,0,0
1785348240,27831,27833,27780,27801.5,,6060,3709.85,1,0,0,0,0
1785348300,27801.5,27843.5,27788.5,27842.5,,6449,3916.4,1,0,0,0,0
1785348360,27842,27886.5,27839.75,27873,,6888,4141.85,1,0,0,0,0
1785348420,27873.75,27884.25,27859.25,27862.75,,6053,4371.2,1,0,0,0,0
1785348480,27862.5,27869.25,27835,27852,,5506,4523.85,1,1,0,0,0
1785348540,27850.5,27858,27826.5,27855.75,,5323,4686.55,1,0,0,0,0
1785348600,27854.75,27872.25,27830.5,27844,,5959,4870.15,1,0,0,0,0
1785348660,27843.75,27863.75,27821.5,27851.75,,5055,5007.45,1,0,0,0,0
1785348720,27852,27861,27824.25,27830,,3703,5070.2,1,0,0,0,0
1785348780,27830.25,27840.25,27798.25,27813,,4917,5247.95,1,0,0,0,0
1785348840,27813,27821,27774.5,27799,27712.104616153843,5501,5452.1,1,0,0,0,0
1785348900,27800.25,27843.5,27799.25,27816.75,,5625,5615,1,0,0,0,0
1785348960,27815.75,27839.25,27804,27813.75,,3874,5742.45,1,0,0,0,0
1785349020,27812.5,27820,27772,27793.5,,4907,5926.4,1,0,0,0,0
1785349080,27793.75,27796.75,27763.25,27771.5,,3830,6021.7,1,0,0,0,0
1785349140,27771.25,27774.75,27748.75,27764,,4704,6151.3,1,0,0,0,0
1785349200,27764,27776,27738,27753.75,,4877,5596.35,1,0,0,0,0
1785349260,27752.25,27767.75,27735.25,27746,,4224,5320.45,1,0,0,0,0
1785349320,27745.25,27752.5,27730.25,27749.75,,3868,5128.85,1,0,0,0,0
1785349380,27750,27766,27728,27734.25,,4459,5089.1,1,0,0,0,0
1785349440,27734,27765.75,27732.25,27748.5,,3534,4962.8,1,0,0,0,0
1785349500,27748,27758.25,27727.75,27745.25,,3705,4825.6,1,0,0,0,0
1785349560,27745.75,27766,27735.5,27747.25,,3500,4656.2,1,0,0,0,0
1785349620,27746.75,27750.5,27730,27741.5,,2995,4503.3,1,0,0,0,0
1785349680,27741,27760.25,27735.75,27750,,3375,4396.75,1,0,0,0,0
1785349740,27750,27778,27743.5,27777,27733.73641076923,3271,4294.15,1,0,0,0,0
1785349800,27776.75,27804,27776.5,27802.25,,5481,4270.25,1,0,0,0,0
1785349860,27803,27820.25,27754,27758.25,,7457,4390.35,1,0,0,0,0
1785349920,27759.5,27767.25,27703.75,27752.75,,7917,4601.05,1,0,0,0,0
1785349980,27754,27784,27723.75,27762.5,,5158,4613.1,1,0,0,0,0
1785350040,27760.5,27770.75,27736.75,27756,,2308,4453.45,1,0,0,0,0
1785350100,27755.75,27765.5,27725.5,27747.5,,3295,4336.95,1,0,0,0,0
1785350160,27748.25,27793.25,27730,27791.75,,3069,4296.7,1,0,0,0,0
1785350220,27790.5,27827,27778.75,27816.75,,5571,4329.9,1,0,0,0,0
1785350280,27816,27883.5,27816,27862.25,,7025,4489.65,1,0,0,0,0
1785350340,27862,27889.25,27836.75,27868.75,,4761,4492.5,1,0,0,0,0
1785350400,27869,27918.5,27865.25,27909.25,,7088,4603.05,1,1,0,0,0
1785350460,27909.5,27952.25,27906,27930,,7261,4754.9,1,0,0,0,0
1785350520,27930,27943,27897.25,27929.5,,5577,4840.35,1,0,0,0,0
1785350580,27929,27957.5,27913.25,27954.25,,5626,4898.7,1,0,0,0,0
1785350640,27953,27987.75,27942.75,27974.5,27813.99094051282,5780,5011,1,0,0,0,0
1785350700,27974.5,27994.5,27960.25,27978.25,,6091,5130.3,1,0,0,0,0
1785350760,27978,28010.5,27971.25,27996.25,,7000,5305.3,1,1,0,1,0
1785350820,27995.5,28050.75,27987.5,28025.25,,7052,5508.15,1,0,0,0,0
1785350880,28025.75,28036,27993.75,28006,,6324,5655.6,1,0,0,0,0
1785350940,28005.75,28053.5,28002.75,28042.75,,5281,5756.1,1,0,0,0,0
1785351000,28044,28052.75,28014.75,28042.75,,6285,5796.3,1,0,0,0,0
1785351060,28043.75,28044.75,28000.25,28038,,5585,5702.7,1,0,0,0,0
1785351120,28037.75,28054.75,28032.5,28047,,4772,5545.45,1,0,0,0,0
1785351180,28046.75,28078.5,28046,28066.25,,6468,5610.95,1,0,0,0,0
1785351240,28066.25,28087.25,28062.25,28085.25,,4529,5722,1,0,0,0,0
1785351300,28085.25,28097,28067,28078.5,,6799,5897.2,1,0,0,0,0
1785351360,28078.75,28083,28045.75,28047.5,,6289,6058.2,1,0,0,0,0
1785351420,28047,28053.5,28022.5,28052,,6933,6126.3,1,0,0,0,0
1785351480,28052.25,28074,28047,28056,,5298,6039.95,1,0,0,0,0
1785351540,28056,28061.75,28032.75,28057.75,27895.24396034188,5166,6060.2,1,0,0,0,0
1785351600,28057.25,28067.5,28026,28036.75,,7464,6079,1,0,0,0,0
1785351660,28036.5,28091.75,28023,28090,,6810,6056.45,1,0,0,0,0
1785351720,28090.5,28099.75,28057.25,28064.25,,6789,6117.05,1,0,0,0,0
1785351780,28062.75,28064.25,28011.5,28025.75,,7050,6188.25,1,0,0,0,0
1785351840,28025.5,28027.5,27965.75,27993.75,,8795,6339,1,0,0,0,0
1785351900,27992.5,27999.5,27948.25,27954.75,,7501,6409.5,1,0,0,0,0
1785351960,27955.25,27977.5,27949.25,27959.25,,7125,6415.75,1,0,0,0,0
1785352020,27960.75,27963,27918.25,27920,,6636,6394.95,1,0,0,0,0
1785352080,27920.5,27940.25,27889.25,27904,,8553,6506.4,1,0,0,0,0
1785352140,27905.25,27914.75,27877.25,27878.5,,6029,6543.8,1,0,0,0,0
1785352200,27878,27889,27839.25,27862,,8664,6662.75,1,0,0,0,0
1785352260,27862,27917.25,27859,27913.75,,8126,6789.8,1,0,0,0,0
1785352320,27912.75,27928.5,27872.25,27907.25,,8091,6955.75,1,0,0,0,0
1785352380,27906.25,27929.5,27898,27909,,5802,6922.45,1,0,0,0,0
1785352440,27908.75,27926,27895.75,27905.5,27898.662640227918,4437,6917.85,1,0,0,0,0
1785352500,27905.5,27934.75,27885.5,27930.25,,6324,6894.1,1,0,0,0,0
1785352560,27929.5,27938.75,27875,27889.5,,6565,6907.9,-1,0,0,0,0
1785352620,27889.75,27897.75,27843,27845.75,,5801,6851.3,-1,0,0,0,0
1785352680,27846.75,27848,27805,27827.25,,7688,6970.8,-1,0,0,0,0
1785352740,27826.5,27833.75,27807.5,27821.75,,5069,6965.95,-1,0,0,0,0
1785352800,27821.5,27828,27770.5,27771,,6967,6941.1,-1,0,1,0,0
1785352860,27771,27775.75,27720.25,27737.75,,10718,7136.5,-1,0,0,0,0
1785352920,27737.75,27746,27682.25,27716,,8690,7231.55,-1,0,0,0,0
1785352980,27716.75,27730,27701.75,27718.5,,5070,7132.55,-1,0,0,0,0
1785353040,27720,27745,27703,27711,,5153,6950.45,-1,0,0,0,0
1785353100,27710.5,27724,27674.5,27678.5,,6649,6907.85,-1,0,0,0,0
1785353160,27677.75,27682,27641,27669.5,,7828,6943,-1,0,0,0,0
1785353220,27670,27690.25,27644.5,27675.25,,6326,6927.5,-1,0,0,0,0
1785353280,27676.25,27701,27669,27694.25,,5877,6793.7,-1,0,0,0,0
1785353340,27693.75,27713,27684.5,27711,27836.108426818613,6095,6797,-1,0,0,0,0
1785353400,27711.25,27738.75,27696.25,27726.5,,8481,6787.85,-1,0,0,0,0
1785353460,27726.25,27744,27696.75,27716.5,,7009,6732,-1,0,0,0,0
1785353520,27716.5,27724.75,27664.25,27682.75,,7183,6686.6,-1,0,0,0,0
1785353580,27682.5,27684.75,27593,27600,,9764,6884.7,-1,0,0,0,0
1785353640,27600.5,27611.5,27571.75,27610.25,,9365,7131.1,-1,0,0,0,0
1785353700,27610.75,27621.5,27581,27601.5,,7599,7194.85,-1,0,1,0,1
1785353760,27601.75,27627,27585,27623,,7850,7259.1,-1,0,0,0,0
1785353820,27623.25,27631.25,27577,27583.5,,6633,7300.7,-1,0,0,0,0
1785353880,27583.25,27584.75,27525.25,27527.25,,7932,7312.9,-1,0,0,0,0
1785353940,27527.25,27529.75,27503,27508.5,,8542,7486.55,-1,0,0,0,0
1785354000,27507.75,27520,27472.5,27519,,10768,7676.6,-1,0,0,0,0
1785354060,27519,27542,27497.25,27513,,9067,7594.05,-1,0,1,0,0
1785354120,27513.5,27527,27502.5,27509.25,,6367,7477.9,-1,0,0,0,0
1785354180,27510.25,27515.5,27467.25,27501,,9666,7707.7,-1,0,0,0,0
1785354240,27501,27502.75,27459,27473.75,27715.322284545742,7174,7808.75,-1,0,0,0,0
1785354300,27473.75,27488.25,27453.75,27456.25,,7422,7847.4,-1,0,0,0,0
1785354360,27456,27484.5,27445,27449,,7434,7827.7,-1,0,0,0,0
1785354420,27449,27458,27421.25,27447.5,,7230,7872.9,-1,0,0,0,0
1785354480,27447,27484,27443.5,27472.5,,7050,7931.55,-1,0,0,0,0
1785354540,27472,27511,27456,27501,,6455,7949.55,-1,0,0,0,0
1785354600,27500.25,27500.25,27432.5,27459.75,,8260,7938.5,-1,0,0,0,0
1785354660,27459,27459.25,27423,27443.5,,5358,7855.95,-1,0,0,0,0
1785354720,27443.5,27446,27393.5,27414.75,,8773,7935.45,-1,0,0,0,0
1785354780,27415,27430.25,27405.75,27417.25,,5221,7708.3,-1,0,0,0,0
1785354840,27417.5,27449,27416,27434.25,,6462,7563.15,-1,0,0,0,0
1785354900,27434.25,27434.75,27363.75,27379.25,,9297,7648.05,-1,0,0,0,0
1785354960,27379.75,27392,27356.75,27365.25,,5208,7515.95,-1,0,0,0,0
1785355020,27365.25,27367.5,27343.5,27344.25,,4745,7421.55,-1,0,1,0,0
1785355080,27344.75,27349.5,27331.5,27340.5,,4817,7265.8,-1,0,0,0,0
1785355140,27341,27370.75,27317.5,27336.5,27589.04818969716,11665,7421.95,-1,0,0,0,0
1785355200,27336.25,27361.75,27282.75,27325.25,,8406,7303.85,-1,0,0,0,0
1785355260,27325.25,27361.25,27225.25,27229,,9748,7337.9,-1,0,0,0,0
1785355320,27231.5,27291,27222.75,27280.75,,5855,7312.3,-1,0,0,0,0
1785355380,27282.25,27298.75,27247.5,27262.5,,3723,7015.15,-1,0,0,0,0
1785355440,27261,27267.25,27200,27253,,6240,6968.45,-1,0,0,0,0
1785355500,27255,27322,27242,27302.25,,6397,6917.2,-1,0,0,0,0
1785355560,27302.5,27361.25,27284,27328.25,,4628,6776.9,-1,0,0,0,0
1785355620,27327.75,27339.25,27291.5,27302.5,,3067,6568.75,-1,0,0,0,0
1785355680,27303,27306,27262,27292.5,,3297,6381.1,-1,0,0,0,0
1785355740,27292.5,27304.25,27252.5,27256.75,,2436,6180.15,-1,0,0,0,0
1785355800,27256.5,27266.75,27233.25,27250.75,,3306,5932.45,-1,0,0,0,0
1785355860,27251.75,27283.5,27231.75,27271.75,,3520,5840.55,-1,0,0,0,0
1785355920,27272.25,27294.25,27245.5,27289.25,,2881,5545.95,-1,0,0,0,0
1785355980,27290.5,27332,27287.5,27300,,4763,5523.05,-1,0,0,0,0
1785356040,27300.25,27317.25,27289,27299.25,27492.44879313144,2224,5311.15,-1,0,0,0,0
1785356100,27300,27319.25,27274.75,27318.25,,2296,4961.1,-1,0,0,0,0
1785356160,27318.25,27339,27312.5,27318.5,,2828,4842.1,-1,0,0,0,0
1785356220,27319,27326.25,27298,27298,,1841,4696.9,-1,0,0,0,0
1785356280,27299.25,27301,27272.5,27283.75,,2183,4565.2,-1,0,0,0,0
1785356340,27282.25,27288.5,27265.5,27280.5,,1477,4055.8,-1,0,0,0,0
1785356400,27280,27300.25,27272.5,27279.75,,1279,3699.45,-1,0,1,0,1
1785356460,27279,27299.5,27273.25,27298.75,,1065,3265.3,-1,0,0,0,0
1785356520,27297.75,27307,27263.5,27266.5,,1781,3061.6,-1,0,0,0,0
1785356580,27266.5,27291.25,27261.75,27275.75,,1349,2942.9,-1,0,0,0,0
1785356640,27275.75,27279.75,27256,27265.75,,1192,2690.5,-1,0,0,0,0
1785356700,27266.25,27284.25,27261.25,27273.75,,1003,2420.8,-1,0,0,0,0
1785356760,27273.5,27274.75,27226,27228.5,,2343,2306.55,-1,0,0,0,0
1785356820,27228.25,27230.5,27208,27214.25,,2228,2264.6,-1,0,0,0,0
1785356880,27214.5,27234.25,27210.25,27234,,1924,2195.95,-1,0,0,0,0
1785356940,27234.25,27258,27233,27242.5,27409.132528754293,1745,2161.4,-1,0,0,0,0
1785357000,27241.75,27245.75,27205.75,27221.75,,1805,2086.35,-1,0,0,0,0
1785357060,27220.75,27254.75,27214.25,27240.75,,1577,1989.2,-1,0,0,0,0
1785357120,27242,27271,27239.25,27262.75,,1867,1938.5,-1,0,0,0,0
1785357180,27262.75,27275,27257.5,27270,,1351,1767.9,-1,0,0,0,0
1785357240,27269.75,27279.25,27260,27274.5,,1385,1725.95,-1,0,0,0,0
1785357300,27274,27295.5,27268.5,27278.25,,1495,1685.9,-1,0,0,0,0
1785357360,27277.75,27294.75,27265,27287,,1199,1604.45,-1,0,0,0,0
1785357420,27286.75,27296.75,27276.75,27294.5,,1099,1567.35,-1,0,0,0,0
1785357480,27294.25,27310.5,27291.5,27309,,1470,1531.7,-1,0,0,0,0
1785357540,27309,27333.25,27308.5,27328.5,,1718,1543.75,-1,0,0,0,0
1785357600,27327.5,27330.25,27312,27314.5,,990,1529.3,-1,0,0,0,0
1785357660,27314.5,27314.5,27298,27311.25,,1291,1540.6,-1,0,0,0,0
1785357720,27312.75,27316,27285.5,27294.5,,1276,1515.35,-1,0,0,0,0
1785357780,27295.25,27314.5,27287,27312.25,,1259,1510.85,-1,0,0,0,0
1785357840,27311.25,27315,27295.75,27312.5,27376.921685836194,1111,1506.8,-1,0,0,0,0
1785357900,27313.5,27321.75,27303.25,27313.25,,896,1501.45,-1,0,0,0,0
1785357960,27313,27313.25,27300,27304.25,,747,1421.65,-1,0,0,0,0
1785358020,27304.75,27306.5,27286.75,27300,,988,1359.65,-1,0,0,0,0
1785358080,27300.5,27312,27287.5,27289.75,,733,1300.1,-1,0,0,0,0
1785358140,27289.25,27290.5,27270,27274.5,,904,1258.05,-1,0,0,0,0
1785358200,27273,27277.5,27264,27274.25,,825,1209.05,-1,0,0,0,0
1785358260,27272.25,27300,27263.5,27286.25,,905,1175.45,-1,0,1,0,0
1785358320,27285,27296,27277.75,27293.75,,536,1108.9,-1,0,0,0,0
1785358380,27293.75,27306.25,27290,27297.5,,743,1078.5,-1,0,0,0,0
1785358440,27295.75,27308.25,27295.25,27307.25,,602,1039.35,-1,0,0,0,0
1785358500,27308,27312,27290.75,27291.25,,695,999.35,-1,0,0,0,0
1785358560,27292,27298.5,27283.25,27294,,410,959.9,-1,0,0,0,0
1785358620,27294.5,27302.25,27287.75,27297.5,,363,923.1,-1,0,0,0,0
1785358680,27296.25,27296.5,27275.25,27279.75,,445,871.85,-1,0,0,0,0
1785358740,27279,27280,27259.75,27259.75,27337.86445722413,703,821.1,-1,0,0,0,0
1785362400,27208,27301.75,27204.75,27297,,2741,908.65,-1,0,0,0,0
1785362460,27296,27320,27290.5,27313.25,,2333,960.75,-1,0,0,0,0
1785362520,27312.5,27347.25,27311.25,27340.25,,2739,1033.9,-1,0,0,0,0
1785362580,27340,27342.5,27319.5,27338.25,,1643,1053.1,-1,0,0,0,0
1785362640,27338.25,27355.5,27329,27354.25,,1688,1081.95,-1,0,0,0,0
1785362700,27354,27388.5,27349.25,27383,,2851,1179.7,1,0,0,0,0
1785362760,27383,27399.5,27381.75,27397,,2101,1247.4,1,0,0,0,0
1785362820,27396.75,27397,27382.5,27395.5,,1550,1275.5,1,0,0,0,0
1785362880,27395.5,27423,27394,27418,,2340,1355.85,1,0,0,0,0
1785362940,27418.25,27450,27414,27439,,2661,1443.7,1,0,0,0,0
1785363000,27439.75,27473,27429,27469.75,,3273,1566.1,1,0,0,0,0
1785363060,27470,27489.75,27462,27480,,3411,1691.4,1,0,0,0,0
1785363120,27479,27480,27458.5,27476.5,,2092,1769.2,1,0,0,0,0
1785363180,27476.75,27479.25,27438.75,27447.75,,2473,1855.7,1,0,0,0,0
1785363240,27449,27456.25,27434.5,27435.5,27370.40963814942,2161,1933.65,1,0,0,0,0
1785363300,27436.25,27442.75,27428.75,27438.5,,1282,1963,1,0,0,0,0
1785363360,27438.75,27471.5,27431.5,27468.25,,1922,2038.6,1,0,0,0,0
1785363420,27469.25,27470,27459,27467.25,,1127,2076.8,1,0,0,0,0
1785363480,27466.75,27468.75,27439.5,27462,,1679,2138.5,1,0,0,0,0
1785363540,27462,27484.5,27461,27476.5,,2146,2210.65,1,1,0,0,0
1785363600,27477.25,27479.25,27451.75,27451.75,,1293,2138.25,1,0,0,0,0
1785363660,27452.75,27465.25,27445.25,27449.25,,1576,2100.4,1,0,0,0,0
1785363720,27449.25,27464,27446,27455.25,,923,2009.6,1,0,0,0,0
1785363780,27456.25,27470,27452,27465.25,,1066,1980.75,1,0,0,0,0
1785363840,27466,27466,27433,27437.5,,1852,1988.95,1,0,0,0,0
1785363900,27437.5,27446.75,27436.5,27440,,1553,1924.05,1,0,0,0,0
1785363960,27440.75,27442.75,27413.75,27417,,2536,1945.8,1,0,0,0,0
1785364020,27417,27424.75,27413,27419.5,,1735,1955.05,1,0,0,0,0
1785364080,27418.5,27425,27395.25,27405.5,,2590,1967.55,1,0,0,0,0
1785364140,27406.75,27440.75,27406.25,27434,27391.606425432947,2546,1961.8,1,0,0,0,0
1785364200,27434.5,27439.5,27412.75,27423,,1739,1885.1,1,0,0,0,0
1785364260,27423,27430.5,27416.5,27418.25,,1142,1771.65,1,0,0,0,0
1785364320,27418.25,27423,27414.25,27417.75,,661,1700.1,1,0,0,0,0
1785364380,27418,27439.25,27414.75,27437.5,,1452,1649.05,1,0,0,0,0
1785364440,27437.5,27442.75,27425.5,27431.75,,1256,1603.8,1,0,0,0,0
1785364500,27432,27444.75,27427.75,27443,,960,1587.7,1,1,0,0,0
1785364560,27442.75,27458.5,27439.25,27456,,2350,1609.1,1,0,0,0,0
1785364620,27454.5,27465.75,27450.75,27460,,1454,1625.45,1,0,0,0,0
1785364680,27459.5,27465,27459,27461.5,,801,1581.55,1,0,0,0,0
1785364740,27460.75,27462,27444,27447,,1187,1533.6,1,0,0,0,0
1785364800,27447,27453.5,27436.5,27442.5,,1316,1534.75,1,0,0,0,0
1785364860,27443.25,27449.25,27433.5,27442.5,,847,1498.3,1,0,0,0,0
1785364920,27444,27452.25,27440.25,27442.5,,881,1496.2,1,0,0,0,0
1785364980,27442.25,27447,27434.25,27443.25,,891,1487.45,1,0,0,0,0
1785365040,27443.25,27462.75,27442.5,27458.5,27413.904283621963,1368,1463.25,1,0,0,0,0
1785365100,27459.5,27478.5,27456.5,27477.5,,1846,1477.9,1,0,0,0,0
1785365160,27476.5,27477.25,27451.75,27454.75,,1710,1436.6,1,0,0,0,0
1785365220,27454.75,27459.25,27442.75,27443.25,,1006,1400.15,1,0,0,0,0
1785365280,27444.25,27450.75,27442,27446.25,,772,1309.25,1,0,0,0,0
1785365340,27446.5,27447.5,27439,27442.75,,548,1209.35,1,0,0,0,0
1785365400,27441.5,27462,27437,27443.5,,1628,1203.8,1,0,0,0,0
1785365460,27443.5,27450.25,27439,27444.5,,670,1180.2,1,0,0,0,0
1785365520,27444,27444,27428.75,27430.25,,1278,1211.05,1,0,0,0,0
1785365580,27429.5,27439,27420.5,27437.5,,1367,1206.8,1,0,0,0,0
1785365640,27437.5,27441,27428.25,27434.75,,800,1184,1,0,0,0,0
1785365700,27434,27438,27425,27432.75,,869,1179.45,1,0,0,0,0
1785365760,27433,27439,27430.5,27432.5,,514,1087.65,1,0,0,0,0
1785365820,27433.5,27439.5,27431,27436.75,,420,1035.95,1,0,0,0,0
1785365880,27437.5,27440.75,27433,27435,,455,1018.65,1,0,0,0,0
1785365940,27435,27452.75,27433.75,27450.5,27426.102855747977,1124,1015.5,1,0,0,0,0
1785366000,27450,27458,27444,27455.5,,1139,1006.65,1,0,0,0,0
1785366060,27455.5,27466,27455.5,27466,,1364,1032.5,1,0,0,0,0
1785366120,27466.25,27469.75,27460.25,27465,,1101,1043.5,1,0,0,0,0
1785366180,27466,27477,27464.5,27475.25,,1126,1055.25,1,1,0,0,0
1785366240,27475,27485.5,27472.25,27479.25,,1566,1065.15,1,0,0,0,0
1785366300,27478.25,27483,27473.75,27478.25,,1184,1032.05,1,0,0,0,0
1785366360,27478,27480.25,27471.25,27474.5,,1016,997.35,1,0,0,0,0
1785366420,27474.25,27478,27469.25,27471.5,,561,975.1,1,0,0,0,0
1785366480,27471.75,27521.5,27468.5,27520.25,,3409,1106.95,1,0,0,0,0
1785366540,27521,27524.75,27506,27508.25,,2089,1184,1,0,0,0,0
1785366600,27507.5,27508.5,27473.75,27478.75,,2222,1213.7,1,0,0,0,0
1785366660,27479.25,27482.25,27456,27472.5,,2620,1311.2,1,0,0,0,0
1785366720,27473.75,27495,27469.5,27490.25,,1492,1321.9,1,0,0,0,0
1785366780,27490,27493.75,27468.75,27473.25,,1599,1333.5,1,0,0,0,0
1785366840,27474.5,27480,27459.75,27478,27443.401903831986,1829,1384.95,1,0,0,0,0
1785366900,27478,27490.25,27473.75,27483.75,,1278,1405.4,1,0,0,0,0
1785366960,27484.25,27484.75,27472.5,27477.25,,766,1418,1,0,0,0,0
1785367020,27477.5,27499.5,27468.25,27495.5,,1663,1480.15,1,0,0,0,0
1785367080,27495.5,27510.75,27486.5,27508.25,,2340,1574.4,1,0,0,0,0
1785367140,27507.25,27514,27501.5,27511.75,,1282,1582.3,1,0,0,0,0
1785367200,27511.75,27515,27508.25,27511.25,,883,1569.5,1,0,0,0,0
1785367260,27510.5,27511.5,27497.5,27499,,1151,1558.85,1,0,0,0,0
1785367320,27499,27505.25,27495.75,27501.75,,888,1548.2,1,0,0,0,0
1785367380,27502,27528.5,27502,27519.5,,2228,1603.3,1,0,0,0,0
1785367440,27518.75,27520.75,27507,27513.25,,1144,1582.2,1,0,0,0,0
1785367500,27513.25,27531.25,27509.75,27526,,1784,1612.2,1,1,0,0,0
1785367560,27526,27529,27520.5,27521.25,,670,1594.9,1,0,0,0,0
1785367620,27520.75,27525.75,27519.75,27523.25,,650,1599.35,1,0,0,0,0
1785367680,27523.75,27540,27522.25,27537.5,,1617,1509.75,1,0,0,0,0
1785367740,27538.25,27541.5,27532.25,27534,27473.601269221323,935,1452.05,1,0,0,0,0
1785367800,27533.5,27547.5,27533,27541,,1493,1415.6,1,1,0,1,0
1785367860,27541,27555,27540.5,27549.75,,1689,1369.05,1,0,0,0,0
1785367920,27549.5,27559.25,27546.5,27554,,1067,1347.8,1,0,0,0,0
1785367980,27553.25,27553.75,27538.5,27541.75,,1511,1343.4,1,0,0,0,0
1785368040,27542,27545.75,27536.25,27540.75,,766,1290.25,1,0,0,0,0
1785368100,27540.75,27543,27537.25,27542,,493,1251,1,0,0,0,0
1785368160,27542.5,27547.5,27539.25,27539.75,,604,1242.9,1,0,0,0,0
1785368220,27539.25,27550,27536.25,27540.25,,948,1207.15,1,0,0,0,0
1785368280,27539.75,27550.75,27528,27534.5,,1326,1156.45,1,0,0,0,0
1785368340,27533.75,27557,27529.5,27535.75,,1998,1192.25,1,0,0,0,0
1785368400,27535.5,27536,27513.25,27514,,2041,1250.15,1,0,0,0,0
1785368460,27514.75,27516,27500.75,27505.75,,1842,1284.7,1,0,0,0,0
1785368520,27505.5,27517,27503.5,27509.25,,1234,1302,1,0,0,0,0
1785368580,27509.25,27522.5,27501.75,27520.25,,1070,1244.1,1,0,0,0,0
1785368640,27520,27531.5,27516.75,27523.25,27490.15084614755,1238,1248.8,1,0,0,0,0
1785368700,27523.25,27532.5,27512,27530.25,,2410,1280.1,1,0,0,0,0
1785368760,27531.25,27555.25,27527.75,27551.75,,3516,1422.4,1,0,0,0,0
1785368820,27552.75,27555.5,27542.75,27551,,1690,1474.4,1,0,0,0,0
1785368880,27550.25,27555,27540,27542.25,,1480,1467.55,1,1,0,0,0
1785368940,27541.75,27543,27508.5,27514.5,,2391,1540.35,1,0,0,0,0
1785369000,27514.5,27524.75,27509.75,27517,,1578,1544.6,1,0,0,0,0
1785369060,27518,27524.5,27504,27506,,1710,1545.65,1,0,0,0,0
1785369120,27505.5,27514.5,27496,27506,,2246,1604.6,1,0,0,0,0
1785369180,27507,27537.75,27503.75,27508.75,,2634,1660.75,1,0,0,0,0
1785369240,27509.5,27539.5,27499.25,27539,,2197,1732.3,1,0,0,0,0
1785369300,27538.25,27547,27530.25,27541.5,,1839,1799.6,1,0,0,0,0
1785369360,27541.25,27548.5,27533.75,27546.75,,1336,1836.2,1,0,0,0,0
1785369420,27545.75,27550.25,27530,27536.5,,1178,1847.7,1,0,0,0,0
1785369480,27537.25,27539.5,27527,27531.75,,1080,1835.4,1,0,0,0,0
1785369540,27532.5,27538.5,27518.5,27522.25,27500.850564098368,1479,1809.45,1,0,0,0,0
1785369600,27522.5,27544.25,27516.25,27538.75,,3692,1892,1,0,0,0,0
1785369660,27538.75,27540,27501.75,27511.75,,3450,1972.4,1,0,0,0,0
1785369720,27512,27513,27477.25,27494.25,,3412,2081.3,1,0,0,0,0
1785369780,27495,27514.5,27472.25,27483,,3981,2226.85,-1,0,0,0,0
1785369840,27482.25,27508,27475.5,27502.5,,2424,2286.15,1,0,0,0,0
1785369900,27503,27536.5,27497.5,27527.5,,4160,2373.65,1,0,0,0,0
1785369960,27527,27581.5,27526.75,27574.5,,5842,2489.95,1,0,0,0,0
1785370020,27574,27579,27559.25,27572.75,,2712,2541.05,1,0,0,0,0
1785370080,27572.5,27592.25,27565,27566.75,,3316,2632.85,1,1,0,0,0
1785370140,27567,27584.75,27563.25,27582.75,,2102,2618.4,1,0,0,0,0
1785370200,27580.75,27592.75,27566.5,27582.75,,2551,2667.05,1,0,0,0,0
1785370260,27582.75,27600,27575.25,27576,,2710,2717.05,1,0,0,0,0
1785370320,27575,27598.5,27568.5,27596,,2509,2730.2,1,0,0,0,0
1785370380,27596.5,27607.5,27591,27601,,2148,2705.9,1,0,0,0,0
1785370440,27601.25,27605.25,27578.75,27579,27526.90037606558,2102,2701.15,1,0,0,0,0
1785370500,27579.25,27602.25,27558.25,27597.25,,3664,2792.4,1,0,0,0,0
1785370560,27597,27600,27573,27573.75,,1872,2819.2,1,0,0,0,0
1785370620,27573.5,27590.25,27568.5,27585.25,,1666,2843.6,1,0,0,0,0
1785370680,27584.25,27602.25,27582.5,27590.25,,2473,2913.25,1,0,0,0,0
1785370740,27589.5,27597.25,27570,27572.5,,1631,2920.85,1,0,0,0,0
1785370800,27573.5,27577.25,27550,27554.75,,2346,2853.55,1,0,0,0,0
1785370860,27555,27578,27551.5,27574.25,,1888,2775.45,1,0,0,0,0
1785370920,27575,27590,27560.25,27587,,2521,2730.9,1,0,0,0,0
1785370980,27586.75,27591,27574.5,27588.75,,1500,2606.85,1,0,0,0,0
1785371040,27589.25,27589.25,27566,27570.75,,1472,2559.25,1,0,0,0,0
1785371100,27570,27587,27566.25,27582,,1513,2426.9,1,0,0,0,0
1785371160,27582.75,27603,27581.75,27592.75,,2378,2253.7,1,0,0,0,0
1785371220,27590,27590.25,27567.75,27574.5,,1763,2206.25,1,0,0,0,0
1785371280,27574.75,27594.5,27571.5,27588.25,,1261,2103.5,1,0,0,0,0
1785371340,27588,27601.5,27584.75,27594,27549.266917377052,1204,2058.6,1,0,0,0,0
1785371400,27594.25,27611.5,27582.5,27597.5,,1896,2025.85,1,0,0,0,0
1785371460,27598.5,27604.25,27582.75,27592.75,,1759,1978.3,1,0,0,0,0
1785371520,27592.75,27594,27562.25,27565.25,,2177,1961.7,1,0,0,0,0
1785371580,27565.75,27577.25,27559,27572.25,,1375,1923.05,1,0,0,0,0
1785371640,27571.75,27572,27554.75,27557.75,,1496,1892.75,1,0,0,0,0
1785371700,27556.5,27557,27536.25,27543.75,,2484,1833.75,1,0,0,0,0
1785371760,27542.75,27559.75,27538.5,27552.75,,1428,1811.55,1,0,0,0,0
1785371820,27554,27557.25,27532.5,27539.5,,1195,1788,1,0,0,0,0
1785371880,27539.5,27547.75,27529.75,27546.25,,1388,1733.75,1,0,0,0,0
1785371940,27546,27548.5,27527.75,27534,,1404,1722.4,1,0,0,0,0
1785372000,27534.25,27544.75,27522.5,27537.5,,1554,1682.8,1,0,0,0,0
1785372060,27537.25,27543.25,27518.75,27518.75,,1267,1651.75,-1,0,0,0,0
1785372120,27519,27523.75,27511.5,27511.75,,1668,1609.1,-1,0,0,0,0
1785372180,27512.25,27512.5,27498.5,27503,,2522,1660.2,-1,0,0,0,0
1785372240,27503,27508.25,27489,27506.25,27534.927944918036,1951,1684.15,-1,0,0,0,0
1785372300,27506.5,27530.75,27494.5,27519.75,,2610,1739,-1,0,0,0,0
1785372360,27521.25,27524,27490,27515.25,,2714,1755.8,-1,0,0,0,0
1785372420,27515,27531.25,27507,27527.75,,1674,1751.35,-1,0,0,0,0
1785372480,27527.75,27545.5,27524.25,27532.25,,2086,1792.6,-1,0,0,0,0
1785372540,27532.25,27543.5,27523.25,27528.75,,1425,1803.65,-1,0,0,0,0
1785372600,27529,27535.25,27505.25,27509.25,,1952,1806.45,-1,0,0,0,0
1785372660,27509.5,27519.25,27507,27516,,1395,1788.25,-1,0,0,0,0
1785372720,27517.5,27531,27503.75,27530.75,,1505,1754.65,-1,0,0,0,0
1785372780,27530.75,27543.75,27527.5,27536.5,,1638,1767.8,-1,0,0,0,0
1785372840,27536.25,27549.5,27535.5,27537,,1121,1749.05,-1,0,0,0,0
1785372900,27537.5,27543.75,27525.5,27526.25,,1129,1681.3,-1,0,0,0,0
1785372960,27526.25,27538,27510.25,27515,,1517,1685.75,-1,0,0,0,0
1785373020,27515.5,27541.25,27511.75,27532.75,,1294,1690.7,-1,0,0,0,0
1785373080,27533,27543.5,27529,27534.5,,797,1661.15,-1,0,0,0,0
1785373140,27535.75,27550.5,27534.25,27546.5,27538.785296612023,1019,1641.9,1,0,0,0,0
1785373200,27547.5,27569.75,27547,27561.25,,2811,1704.75,1,0,0,0,0
1785373260,27561.75,27566,27550.5,27553,,1447,1713.75,1,0,0,0,0
1785373320,27553,27562.5,27539,27540.5,,1455,1703.1,1,0,0,0,0
1785373380,27541,27561.25,27533.75,27557.25,,1658,1659.9,1,0,0,0,0
1785373440,27558,27591,27551.5,27591,,2498,1687.25,1,0,0,0,0
1785373500,27591,27602.5,27579,27598,,2371,1675.3,1,0,0,0,0
1785373560,27598,27633.5,27597,27629.75,,3114,1695.3,1,0,0,0,0
1785373620,27630,27640.5,27625.5,27626.25,,2240,1723.6,1,0,0,0,0
1785373680,27626.75,27660.5,27619.25,27624.25,,3605,1799.55,1,1,0,0,0
1785373740,27623.75,27631.75,27598.25,27599.75,,2372,1846.9,1,0,0,0,0
1785373800,27601.25,27612.5,27587.5,27610.75,,2204,1859.5,1,0,0,0,0
1785373860,27610.5,27615.25,27590,27595,,1822,1880.85,1,0,0,0,0
1785373920,27595.5,27605.25,27586.25,27587.75,,1386,1874.9,1,0,0,0,0
1785373980,27587.25,27587.25,27574,27585.25,,1420,1864,1,0,0,0,0
1785374040,27584.75,27586,27565,27570,27549.190197741347,1292,1872.55,1,0,0,0,0
1785374100,27570.5,27579.5,27563.75,27575.25,,1172,1874.7,1,0,0,0,0
1785374160,27574.75,27594,27568.75,27583,,1601,1878.9,1,0,0,0,0
1785374220,27583.75,27594,27578.25,27583,,944,1861.4,1,0,0,0,0
1785374280,27584,27588.5,27566.25,27583,,1277,1885.4,1,0,0,0,0
1785374340,27584.25,27606.75,27577.25,27590.5,,1570,1912.95,1,0,0,0,0
1785374400,27591.25,27607,27580.25,27587.75,,1582,1851.5,1,0,0,0,0
1785374460,27587.75,27601.25,27582.25,27587,,929,1825.6,1,0,0,0,0
1785374520,27588.25,27600,27586,27596.75,,800,1792.85,1,0,0,0,0
1785374580,27597.25,27609.25,27588,27606.25,,1008,1760.35,1,0,0,0,0
1785374640,27605.5,27619.25,27598.75,27615.75,,1306,1700.75,1,0,0,0,0
1785374700,27614.5,27630,27613.5,27629.5,,1338,1649.1,1,0,0,0,0
1785374760,27629.25,27632.5,27620.75,27628,,1120,1549.4,1,0,0,0,0
1785374820,27628.25,27636.25,27621.75,27635.5,,982,1486.5,1,1,0,0,0
1785374880,27635,27643.5,27631,27640.75,,1209,1366.7,1,0,0,0,0
1785374940,27640.5,27648,27636,27638.25,27578.87679849423,1170,1306.6,1,0,0,0,0
1785375000,27638,27656.5,27635,27654,,1766,1284.7,1,0,0,0,0
1785375060,27654.25,27669.5,27650.5,27669,,1952,1291.2,1,0,0,0,0
1785375120,27666.25,27673,27658.75,27672,,1257,1284.75,1,0,0,0,0
1785375180,27672,27682.25,27668.25,27671.25,,1640,1295.75,1,0,0,0,0
1785375240,27670.5,27681.75,27666,27670.75,,1383,1300.3,1,0,0,0,0
1785375300,27670.5,27685.75,27660,27682.5,,1743,1328.85,1,0,0,0,0
1785375360,27683.25,27684.75,27674,27676.25,,965,1297.05,1,0,0,0,0
1785375420,27676,27691.75,27674.5,27678,,1596,1329.65,1,0,0,0,0
1785375480,27677.5,27688.75,27671.5,27682.75,,987,1315.15,1,0,0,0,0
1785375540,27683,27685,27675.75,27680.25,,707,1272,1,0,0,0,0
1785375600,27682,27694,27680,27687,,981,1241.95,1,0,0,0,0
1785375660,27686.5,27688,27677,27682.75,,839,1237.45,1,0,0,0,0
1785375720,27682.5,27685.5,27673.25,27678.5,,1293,1262.1,1,0,0,0,0
1785375780,27678.25,27686.25,27675,27678.5,,718,1247.6,1,0,0,0,0
1785375840,27677.75,27681.25,27667.5,27677,27611.58453232949,1133,1238.95,1,0,0,0,0
1785375900,27677,27680.25,27663,27680,,1378,1240.95,1,0,0,0,0
1785375960,27681.25,27696.25,27674.5,27679,,1866,1278.25,1,0,0,0,0
1785376020,27679.5,27690.25,27676.75,27688.25,,706,1264.45,1,0,0,0,0
1785376080,27689,27697,27673.25,27678,,1568,1282.4,1,0,0,0,0
1785376140,27678,27686,27667,27681.25,,1232,1285.5,1,0,0,0,0
1785376200,27681.25,27682.5,27670.5,27672.25,,713,1232.85,1,0,0,0,0
1785376260,27672.75,27687.25,27668,27668.75,,865,1178.5,1,0,0,0,0
1785376320,27669,27672,27662,27664.75,,1221,1176.7,1,0,0,0,0
1785376380,27665,27668.25,27652.75,27658.25,,1529,1171.15,1,0,0,0,0
1785376440,27658.75,27672,27658,27671.25,,1006,1152.3,1,0,0,0,0
1785376500,27670.5,27682.5,27666,27677,,1037,1117,1,0,0,0,0
1785376560,27678,27688.75,27673.75,27684.25,,1297,1133.6,1,0,0,0,0
1785376620,27685,27686.25,27672.75,27675.75,,845,1096.05,1,0,0,0,0
1785376680,27676,27679.5,27663.25,27664.75,,977,1095.55,1,0,0,1,0
1785376740,27666,27670,27647.5,27651,27624.723021552993,1498,1135.1,1,0,0,0,0
1785376800,27651.25,27681,27651,27679,,1931,1182.6,1,0,0,0,0
1785376860,27680,27687.75,27663.75,27666.75,,1367,1209,1,0,0,0,0
1785376920,27666.25,27676.5,27662.25,27663.75,,868,1187.75,1,0,0,0,0
1785376980,27663.25,27671.5,27651.75,27659.5,,1025,1203.1,1,0,0,0,0
1785377040,27659.25,27659.25,27639.25,27640.75,,1683,1230.6,1,0,0,0,0
1785377100,27642,27653,27632.75,27646.75,,1807,1252.05,1,0,0,0,0
1785377160,27647.25,27657.25,27644.25,27655.75,,901,1203.8,1,0,0,0,0
1785377220,27655,27661.5,27645.75,27657.75,,868,1211.9,1,0,0,0,0
1785377280,27657.75,27659,27643.5,27658,,780,1172.5,1,0,0,0,0
1785377340,27659.25,27661.5,27641.75,27647.75,,762,1149,1,0,0,0,0
1785377400,27648.5,27651.25,27637,27644.75,,747,1150.7,1,0,0,0,0
1785377460,27644.25,27663.25,27641.75,27661.25,,1091,1162,1,0,0,0,0
1785377520,27661,27674,27660.5,27664.25,,1445,1173.2,1,0,0,0,0
1785377580,27664.25,27669.5,27638.75,27641,,1061,1149.8,1,0,0,0,0
1785377640,27641,27641.25,27629.5,27637,27628.815347701995,1470,1173,1,0,0,0,0
1785377700,27636.5,27637.25,27627.75,27633.5,,881,1165.2,1,0,0,0,0
1785377760,27633.25,27635.75,27624,27627.25,,1183,1159.5,1,0,0,0,0
1785377820,27626,27632.25,27623,27630,,809,1157.7,1,0,0,0,0
1785377880,27630.25,27636,27617.5,27633.25,,1312,1174.45,1,0,0,0,0
1785377940,27632.25,27636,27622,27624,,820,1140.55,-1,0,0,0,0
1785378000,27624.25,27649.5,27620.5,27645.75,,1398,1113.9,1,0,0,0,0
1785378060,27644.5,27646.5,27632.25,27642.75,,892,1090.15,1,0,0,0,0
1785378120,27643.75,27647,27620.75,27625,,1177,1105.6,1,0,0,0,0
1785378180,27624.75,27631.5,27619.25,27631.5,,912,1099.95,1,0,0,0,0
1785378240,27632,27640,27625,27636.75,,740,1052.8,1,0,0,0,0
1785378300,27637,27653.25,27621.25,27621.5,,1332,1029.05,-1,0,0,0,0
1785378360,27622,27622.25,27612.25,27615,,990,1033.5,-1,0,0,0,0
1785378420,27615,27620,27611.5,27619.5,,857,1032.95,-1,0,0,0,0
1785378480,27619.75,27621.75,27610.5,27615.75,,735,1030.7,-1,0,0,0,0
1785378540,27615.25,27616,27603.25,27611.75,27623.126898467995,911,1038.15,-1,0,1,0,0
1785378600,27612.25,27613.5,27592,27598.75,,1787,1090.15,-1,0,0,0,0
1785378660,27598.75,27603,27593.5,27593.75,,917,1081.45,-1,0,0,0,0
1785378720,27593.75,27597.25,27587.25,27594,,998,1059.1,-1,0,1,0,1
1785378780,27594,27598.25,27585.5,27591.25,,1041,1058.1,-1,0,0,0,0
1785378840,27592.25,27600.75,27585,27587.5,,1137,1041.45,-1,0,0,0,0
1785378900,27586.75,27587.25,27571.5,27579,,1714,1083.1,-1,0,0,0,0
1785378960,27579.25,27580.75,27570.25,27576.25,,1413,1094.6,-1,0,0,0,0
1785379020,27576.75,27577.75,27565,27573,,1060,1107.15,-1,0,1,0,1
1785379080,27573.25,27580.25,27567.75,27567.75,,799,1081.5,-1,0,0,0,0
1785379140,27568.5,27574.5,27565.75,27568,,631,1072.05,-1,0,0,0,0
1785379200,27569.5,27581,27564.75,27580,,978,1051.05,-1,0,0,0,0
1785379260,27579.75,27591,27562.5,27566.25,,1936,1103.25,-1,0,0,0,0
1785379320,27566.75,27594,27559.25,27591.25,,1746,1131.7,-1,0,0,0,0
1785379380,27592,27603,27587.5,27601.25,,1517,1161.95,-1,0,0,0,0
1785379440,27601.5,27612,27598.5,27610,27618.75126564533,1391,1194.5,-1,0,0,0,0
1785379500,27610,27611.75,27583.25,27585.25,,1625,1209.15,-1,0,0,0,0
1785379560,27585.5,27604.75,27583.75,27603.5,,992,1209.25,-1,0,0,0,0
1785379620,27603.5,27610.75,27596,27607.5,,878,1210.3,-1,0,0,0,0
1785379680,27607.5,27630.75,27607,27615.25,,2025,1274.8,-1,0,0,0,0
1785379740,27615,27615.75,27587.75,27597.25,,1802,1319.35,-1,0,0,0,0
1785379800,27597.5,27598.75,27587.75,27591.5,,886,1274.3,-1,0,0,0,0
1785379860,27592.75,27612,27589.5,27593,,1304,1293.65,-1,0,0,0,0
1785379920,27592.75,27595.5,27579,27581.5,,1138,1300.65,-1,0,1,0,0
1785379980,27582.5,27590,27578.25,27589,,890,1293.1,-1,0,0,0,0
1785380040,27589.75,27598.5,27578.5,27591,,980,1285.25,-1,0,0,0,0
1785380100,27589.75,27605,27589.75,27601,,913,1245.2,-1,0,0,0,0
1785380160,27601.75,27604.5,27573,27574.75,,1440,1246.55,-1,0,0,0,0
1785380220,27574.25,27574.75,27557.5,27560,,1699,1278.5,-1,0,0,0,0
1785380280,27560.5,27560.5,27541.75,27544.5,,2171,1347.1,-1,0,0,0,0
1785380340,27544.25,27546.5,27539,27540.75,27592.75084376355,1274,1379.25,-1,0,0,0,0
1785380400,27541.5,27549,27536,27539.5,,1550,1407.85,-1,0,0,0,0
1785380460,27539.5,27558.75,27539,27557.75,,1345,1378.3,-1,0,0,0,0
1785380520,27558,27577.25,27555.25,27572,,1405,1361.25,-1,0,0,0,0
1785380580,27571.75,27573.5,27548.75,27551.5,,1267,1348.75,-1,0,0,0,0
1785380640,27552.25,27561,27547.25,27559.75,,900,1324.2,-1,0,0,0,0
1785380700,27559.25,27566.75,27550.5,27558,,845,1285.2,-1,0,0,0,0
1785380760,27560.25,27567.75,27555.25,27565.25,,567,1263.95,-1,0,0,0,0
1785380820,27565.75,27568.25,27546.25,27551.5,,947,1267.4,-1,0,0,0,0
1785380880,27552.25,27552.25,27531.5,27534.5,,1281,1230.2,-1,0,0,0,0
1785380940,27533.5,27534.75,27516.75,27519.25,,1799,1230.05,-1,0,0,0,0
1785381000,27519.5,27522,27511.75,27512.25,,1379,1254.7,-1,0,0,0,0
1785381060,27512.5,27519.25,27505,27507.75,,1574,1268.2,-1,0,0,0,0
1785381120,27508.25,27508.75,27488,27493,,1920,1307.3,-1,0,0,0,0
1785381180,27493.5,27500.5,27486,27500.5,,1551,1340.35,-1,0,0,0,0
1785381240,27500.25,27504,27493.5,27498.25,27561.250562509034,832,1332.95,-1,0,0,0,0
1785381300,27498.75,27499.5,27483.25,27490.5,,1199,1347.25,-1,0,1,0,0
1785381360,27489.75,27502.5,27482.25,27500.75,,1155,1333,-1,0,0,0,0
1785381420,27501,27506.75,27489.25,27494.5,,1108,1303.45,-1,0,0,0,0
1785381480,27493.75,27498,27490.25,27491,,558,1222.8,-1,0,0,0,0
1785381540,27491,27491,27471.5,27485.25,,1874,1252.8,-1,0,0,0,0
1785381600,27485.5,27494.5,27478.75,27489.25,,1216,1236.1,-1,0,0,0,0
1785381660,27489.5,27493.75,27474,27488.5,,1022,1219.95,-1,0,0,0,0
1785381720,27489,27490.5,27477,27478.25,,767,1188.05,-1,0,0,0,0
1785381780,27477.75,27491,27474.5,27486.75,,1192,1184.3,-1,0,0,0,0
1785381840,27487.5,27494.25,27482.75,27493.75,,872,1182.9,-1,0,0,0,0
1785381900,27494,27505,27488.5,27498.75,,1279,1204.6,-1,0,0,0,0
1785381960,27498.75,27506.75,27486.75,27506.5,,1006,1226.55,-1,0,0,0,0
1785382020,27505.75,27519.75,27501,27513.75,,1453,1251.85,-1,0,0,0,0
1785382080,27513.5,27524.25,27508.75,27518.75,,1166,1246.1,-1,0,0,0,0
1785382140,27518.5,27523,27513.5,27515.5,27546.000375006024,619,1187.1,-1,0,0,0,0
1785382200,27516,27519,27480.5,27499.5,,2359,1236.1,-1,0,0,0,0
1785382260,27500,27507,27490.5,27504.25,,1239,1219.35,-1,0,0,0,0
1785382320,27502.5,27520,27499.5,27511,,1359,1191.3,-1,0,0,0,0
1785382380,27510.75,27540,27503,27536.75,,2251,1226.3,-1,0,0,0,0
1785382440,27536.5,27549.25,27536.5,27547,,1262,1247.8,-1,0,0,0,0
1785382500,27548,27557.5,27534.5,27540.5,,1574,1266.55,-1,0,0,0,0
1785382560,27540.5,27544.25,27502.25,27510.5,,2194,1318.5,-1,0,0,0,0
1785382620,27510,27510.5,27492.5,27509,,1542,1340.2,-1,0,0,0,0
1785382680,27509.75,27512.75,27497.25,27500.25,,1024,1363.5,-1,0,1,0,0
1785382740,27499,27504,27490.5,27493,,949,1317.25,-1,0,0,0,0
1785382800,27493.25,27516.5,27486,27512.25,,1604,1336.65,-1,0,0,0,0
1785382860,27512,27524,27506.25,27523,,1444,1357.75,-1,0,0,0,0
1785382920,27522.5,27530.5,27514.25,27527,,976,1368.2,-1,0,0,0,0
1785382980,27528.5,27531.75,27522,27525.75,,567,1336.95,-1,0,0,0,0
1785383040,27525.75,27533,27517.5,27532,27541.33358333735,772,1331.95,-1,0,0,0,0
1785383100,27531.5,27539.5,27528.25,27537.75,,973,1316.65,-1,0,0,0,0
1785383160,27537.75,27543,27528.25,27531.5,,826,1307.65,-1,0,0,0,0
1785383220,27530.75,27543,27527.5,27529.25,,718,1270.9,-1,0,0,0,0
1785383280,27528.75,27554,27517,27553.5,,1922,1308.7,1,0,0,0,0
1785383340,27554,27563.5,27550,27550,,1492,1352.35,1,0,0,0,0
1785383400,27550.25,27557.5,27531.75,27555.75,,1565,1312.65,1,0,0,0,0
1785383460,27554.75,27562.5,27551,27560.5,,1026,1302,1,1,0,0,0
1785383520,27559.5,27560.75,27553,27554,,453,1256.7,1,0,0,0,0
1785383580,27554.75,27561.5,27549.25,27552,,447,1166.5,1,0,0,0,0
1785383640,27552.5,27556.25,27546.5,27549.5,,424,1124.6,1,0,0,0,0
1785383700,27550.25,27557.5,27542.25,27546.25,,924,1092.1,1,0,0,0,0
1785383760,27547,27560,27542.25,27555.5,,561,1010.45,1,0,0,0,0
1785383820,27555.75,27562.75,27537.75,27538.5,,1023,984.5,-1,0,0,0,0
1785383880,27538,27538.25,27520,27522.25,,1831,1024.85,-1,0,0,0,0
1785383940,27522.5,27533.5,27520.25,27529.75,27537.472388891565,730,1013.9,-1,0,0,0,0
1785384000,27532.25,27545.25,27518,27518.75,,1363,1001.85,-1,0,1,0,0
1785384060,27519.75,27540.5,27516.75,27537.75,,1077,983.5,-1,0,0,0,0
1785384120,27536.5,27540.5,27525.5,27531,,852,977.3,-1,0,0,0,0
1785384180,27531.75,27542,27522.25,27526.5,,731,985.5,-1,0,0,0,0
1785384240,27527.25,27536.25,27525,27531.75,,561,974.95,-1,0,0,0,0
1785384300,27532.25,27538.5,27529.5,27533.75,,515,952.05,-1,0,0,0,0
1785384360,27534,27538,27515.5,27518,,889,955.2,-1,0,0,0,0
1785384420,27518.75,27524.5,27508.25,27510.5,,991,968.85,-1,0,0,0,0
1785384480,27510.75,27512.5,27500.25,27506.5,,1135,929.5,-1,0,0,0,0
1785384540,27507.75,27508.5,27488.25,27489,,1059,907.85,-1,0,0,0,0
1785384600,27488.75,27494.75,27483.5,27487.25,,1263,892.75,-1,0,0,0,0
1785384660,27486.5,27494,27483,27488.75,,657,874.3,-1,0,0,0,0
1785384720,27488.5,27497.5,27481.75,27496.5,,871,895.2,-1,0,0,0,0
1785384780,27497.25,27497.75,27482.75,27488.75,,601,902.9,-1,0,0,0,0
1785384840,27488,27492.25,27481.25,27485.25,27520.06492592771,605,911.95,-1,0,0,0,0
1785384900,27485.25,27489.25,27468.75,27479.25,,1636,947.55,-1,0,0,0,0
1785384960,27479,27481.5,27467.5,27475.25,,770,958,-1,0,0,0,0
1785385020,27475.75,27475.75,27465.25,27471.5,,699,941.8,-1,0,0,0,0
1785385080,27471.25,27480,27467.25,27478.5,,551,877.8,-1,0,0,0,0
1785385140,27477.75,27479.75,27459.25,27471.5,,1228,902.7,-1,0,0,0,0
1785385200,27470.5,27488.25,27461.75,27484,,1144,891.75,-1,0,0,0,0
1785385260,27483,27499.5,27480.75,27492.75,,1753,925.55,-1,0,0,0,0
1785385320,27492.5,27493.75,27471.75,27492.5,,981,932,-1,0,0,0,0
1785385380,27492,27496,27486.5,27493,,567,923.8,-1,0,0,0,0
1785385440,27493.75,27494.75,27480.25,27491.5,,648,928.15,-1,0,0,0,0
1785385500,27490.75,27503.5,27487.75,27501,,759,940.35,-1,0,0,0,0
1785385560,27501.25,27516.75,27492.25,27515,,1200,955.9,-1,0,0,0,0
1785385620,27515.75,27537.25,27515,27536.75,,1572,984.95,-1,0,0,0,0
1785385680,27537.75,27542,27516.25,27521.5,,1572,1006.8,-1,0,0,0,0
1785385740,27521.75,27538.75,27519,27535,27525.043283951807,858,996.75,1,0,0,0,0
1785385800,27534,27535,27522.25,27529.25,,878,977.5,1,0,0,0,0
1785385860,27530,27537,27525,27536.75,,475,968.4,1,0,0,0,0
1785385920,27535,27538.25,27526.75,27529.75,,542,951.95,1,0,0,0,0
1785385980,27530,27543.5,27529.75,27535.5,,857,964.75,1,0,0,0,0
1785386040,27536,27540,27527,27530,,503,959.65,1,0,0,0,0
1785386100,27531,27543,27524.75,27533.25,,801,917.9,1,0,0,0,0
1785386160,27533.5,27537,27529,27533,,281,893.45,1,0,0,0,0
1785386220,27533.25,27536.25,27498.75,27519,,1484,932.7,-1,0,0,0,0
1785386280,27519,27519.5,27491.5,27499.5,,1150,962.65,-1,0,0,0,0
1785386340,27498.5,27498.5,27483.75,27492.75,,1090,955.75,-1,0,1,0,0
1785386400,27493,27503.75,27485.25,27494.75,,1138,955.45,-1,0,1,0,1
1785386460,27494.5,27497,27480.5,27483.25,,984,917,-1,0,0,0,0
1785386520,27483.25,27485.5,27468,27469.75,,1118,923.85,-1,0,0,0,0
1785386580,27468.75,27477,27460.5,27468,,1130,952,-1,0,0,0,0
1785386640,27468,27477,27461.25,27471.25,27507.112189301206,879,963.55,-1,0,1,0,1
1785386700,27471,27493.5,27465.75,27488.5,,1287,989.95,-1,0,0,0,0
1785386760,27488.5,27513,27483.5,27508,,1312,995.55,-1,0,0,0,0
1785386820,27507.25,27511.5,27492.5,27494.5,,1079,970.9,-1,0,0,0,0
1785386880,27494.25,27494.25,27471.75,27483,,1276,956.1,-1,0,0,0,0
1785386940,27483.5,27486.25,27478,27483.75,,345,930.45,-1,0,0,0,0
1785387000,27483.75,27486.5,27461.75,27463.5,,766,924.85,-1,0,1,0,0
1785387060,27462.5,27473,27456.75,27471.25,,1130,957.6,-1,0,0,0,0
1785387120,27471,27479.25,27464,27464.75,,563,958.65,-1,0,0,0,0
1785387180,27465.75,27469,27458.75,27459.5,,672,949.4,-1,0,1,0,1
1785387240,27459.25,27460.5,27445,27457.75,,1367,992.6,-1,0,0,0,0
1785387300,27457.25,27460.25,27447.25,27452,,875,996.3,-1,0,0,0,0
1785387360,27451.5,27459.25,27443.25,27443.25,,757,1020.1,-1,0,0,0,0
1785387420,27443.5,27451.75,27436.5,27443,,1154,1003.6,-1,0,0,0,0
1785387480,27443.25,27448,27435,27448,,876,989.9,-1,0,0,0,0
1785387540,27447,27453.75,27442.5,27446.75,27486.991459534136,836,977.2,-1,0,0,0,0
1785387600,27447.5,27452.5,27434.75,27449.5,,1015,971.05,-1,0,0,0,0
1785387660,27449.75,27454.5,27441.25,27443.25,,791,961.4,-1,0,0,0,0
1785387720,27443.5,27446.25,27422.25,27430.25,,1734,992.2,-1,0,0,0,0
1785387780,27429.5,27432,27421.25,27427.75,,806,976,-1,0,0,0,0
1785387840,27428,27446,27426.5,27440.5,,960,980.05,-1,0,0,0,0
1785387900,27440.75,27446.75,27429.5,27446.75,,694,950.4,-1,0,0,0,0
1785387960,27446.25,27453,27439.75,27441.75,,1095,939.55,-1,0,0,0,0
1785388020,27442.5,27444.25,27426.75,27428,,872,929.2,-1,0,0,0,0
1785388080,27428.25,27434.75,27422.25,27432.5,,747,902.75,-1,0,0,0,0
1785388140,27432.75,27443.5,27428.75,27432.25,,643,917.65,-1,0,0,0,0
1785388200,27433.25,27441.5,27426,27434,,728,915.75,-1,0,0,0,0
1785388260,27434.25,27434.75,27424,27427.75,,591,888.8,-1,0,1,0,1
1785388320,27428.5,27439.5,27420.5,27433.5,,824,901.85,-1,0,0,0,0
1785388380,27432.5,27449,27429,27446.75,,1092,922.85,-1,0,0,0,0
1785388440,27446.5,27458,27440.25,27456.75,27476.910973022757,893,899.15,-1,0,0,0,0
1785388500,27457.5,27477,27457,27464.25,,1893,950.05,-1,0,0,0,0
1785388560,27464,27470.75,27452.75,27461.5,,1259,975.15,-1,0,0,0,0
1785388620,27460,27465.5,27452.75,27465.5,,719,953.4,-1,0,0,0,0
1785388680,27464.75,27481.25,27460,27481,,1036,961.4,-1,0,0,0,0
1785388740,27481.25,27492,27471.75,27492,,1309,985.05,1,0,0,0,0
1785388800,27491.5,27499.5,27474.75,27479.25,,1407,1004.65,-1,0,0,0,0
1785388860,27478.5,27482,27460.25,27464.75,,1238,1027,-1,0,0,0,0
1785388920,27464.75,27476.25,27455.25,27475,,992,989.9,-1,0,0,0,0
1785388980,27475.75,27477.5,27460.25,27476.25,,756,987.4,-1,0,0,0,0
1785389040,27475.5,27484.25,27471.25,27484.25,,716,975.2,-1,0,0,0,0
1785389100,27484.5,27490.5,27466,27466.75,,928,986.9,-1,0,0,0,0
1785389160,27466.5,27482.75,27460.5,27475,,856,974.95,-1,0,0,0,0
1785389220,27476,27481.25,27472,27475.25,,257,944.2,-1,0,0,0,0
1785389280,27476.5,27499.75,27475,27491.25,,1148,964.25,1,0,0,0,0
1785389340,27492,27492.5,27474.5,27478.25,27477.357315348505,922,978.2,1,0,0,0,0
1785389400,27478.5,27484.25,27465,27476,,1128,998.2,-1,0,0,0,0
1785389460,27475.25,27493.25,27472.5,27490,,1178,1027.55,1,0,0,0,0
1785389520,27490,27509.75,27482.25,27488.5,,1615,1067.1,1,0,0,0,0
1785389580,27488.75,27497,27483.25,27491.25,,613,1043.15,1,0,0,0,0
1785389640,27491.75,27502,27478.5,27491.75,,849,1040.95,1,0,0,0,0
1785389700,27492.75,27502,27476.25,27477.25,,789,985.75,1,0,0,0,0
1785389760,27477.25,27488.75,27469.75,27485,,1146,980.1,1,0,0,0,0
1785389820,27485.75,27493.25,27478.5,27490.5,,527,970.5,1,0,0,0,0
1785389880,27491.25,27497.5,27483.5,27496.5,,560,946.7,1,0,0,0,0
1785389940,27496,27498,27486.5,27489.5,,604,911.45,1,0,0,0,0
1785390000,27490.25,27504.5,27486,27498.75,,722,877.2,1,0,0,0,0
1785390060,27499.5,27510,27498.25,27505,,641,847.35,1,0,0,0,0
1785390120,27505.5,27519,27502.25,27512.75,,930,844.25,1,0,0,0,0
1785390180,27513,27520.25,27507.25,27513,,839,848.4,1,0,0,0,0
1785390240,27511,27527.5,27511,27521,27491.904876899003,987,861.95,1,0,0,0,0
1785390300,27521.75,27527,27520,27521,,632,847.15,1,0,0,0,0
1785390360,27520.5,27547.25,27518.5,27536.25,,1995,904.1,1,0,0,0,0
1785390420,27536.25,27537.75,27518.75,27526.25,,1028,942.65,1,0,0,0,0
1785390480,27526.5,27528,27500.5,27501,,1355,953,1,0,0,0,0
1785390540,27500.75,27502.75,27484.5,27497,,1050,959.4,1,0,0,0,0
1785390600,27497,27501.25,27492,27494.5,,663,936.15,1,0,0,0,0
1785390660,27495,27495,27481.5,27491.5,,623,908.4,1,0,0,0,0
1785390720,27490.75,27494.25,27482.75,27493.75,,542,854.75,1,0,0,0,0
1785390780,27493.25,27501.75,27475.25,27478,,1206,884.4,1,0,0,0,0
1785390840,27478,27485,27476.25,27483.5,,650,874.45,1,0,0,0,0
1785390900,27482.75,27482.75,27463.75,27471.25,,1188,894.4,-1,0,0,0,0
1785390960,27471.75,27490.5,27470.25,27490.25,,800,877.1,1,0,0,0,0
1785391020,27490.25,27494,27475.5,27479.5,,1157,908.6,1,0,0,0,0
1785391080,27479.5,27480.75,27472.25,27476.75,,504,905.8,-1,0,0,0,0
1785391140,27476.5,27490,27473.25,27487.75,27490.51991793267,488,900,-1,0,0,0,0
1785391200,27487.25,27493,27474.75,27483.25,,1217,924.75,-1,0,0,0,0
1785391260,27483,27489,27471.5,27485.75,,831,934.25,-1,0,0,0,0
1785391320,27485,27487.75,27477,27483.5,,709,923.2,-1,0,0,0,0
1785391380,27483.5,27488.25,27475,27480.5,,525,907.5,-1,0,0,0,0
1785391440,27479.5,27490,27476.5,27489.25,,645,890.4,-1,0,0,0,0
1785391500,27489.5,27494,27482,27491.75,,572,887.4,-1,0,0,0,0
1785391560,27492,27499.5,27481.25,27497,,975,836.4,1,0,0,0,0
1785391620,27497.5,27506.25,27496.25,27496.25,,770,823.5,1,0,0,0,0
1785391680,27497,27503.5,27491,27494.75,,572,784.35,1,0,0,0,0
1785391740,27495.5,27500,27468.5,27471,,1212,792.45,-1,0,0,0,0
1785391800,27471.25,27472,27458.75,27470.25,,1349,826.75,-1,0,0,0,0
1785391860,27469.75,27473.5,27462.25,27473,,619,826.55,-1,0,0,0,0
1785391920,27472.75,27485.75,27466.5,27484.75,,665,832.7,-1,0,0,0,0
1785391980,27486,27487.25,27474.5,27481,,709,807.85,-1,0,0,0,0
1785392040,27481.5,27481.75,27465.5,27468.5,27483.179945288448,680,809.35,-1,0,0,0,0
1785392100,27467.75,27467.75,27452.75,27454.75,,996,799.75,-1,0,1,0,0
1785392160,27454.25,27464.5,27447,27459.5,,1181,818.8,-1,0,0,0,0
1785392220,27460,27464.75,27452.5,27461.75,,543,788.1,-1,0,1,0,1
1785392280,27461.25,27463.25,27451.25,27452.25,,560,790.9,-1,0,0,0,0
1785392340,27452.25,27462,27450.5,27461,,429,787.95,-1,0,0,0,0
1785392400,27460.25,27462.75,27447,27451.25,,574,755.8,-1,0,0,0,0
1785392460,27451.5,27473.75,27450,27470,,1007,764.6,-1,0,0,0,0
1785392520,27470,27471.75,27462.75,27471,,622,760.25,-1,0,0,0,0
1785392580,27471.5,27481.5,27466.75,27478.25,,704,769.2,-1,0,0,0,0
1785392640,27477.5,27480,27470.75,27480,,654,769.65,-1,0,0,0,0
1785392700,27479.75,27498.75,27475.75,27490,,1020,792.05,-1,0,0,0,0
1785392760,27490,27495,27481.75,27485,,1011,793.85,-1,0,0,0,0
1785392820,27486.75,27488.5,27474.25,27487.75,,962,803.45,-1,0,0,0,0
1785392880,27488.5,27490.5,27476.75,27479,,641,806.9,-1,0,0,0,0
1785392940,27479.75,27489,27475,27481,27482.453296858966,664,779.5,-1,0,0,0,0
1785393000,27481,27485.25,27466.75,27474.25,,927,758.4,-1,0,0,0,0
1785393060,27474,27475,27466.75,27470.75,,594,757.15,-1,0,0,0,0
1785393120,27470,27472,27462.75,27466.25,,672,757.5,-1,0,0,0,0
1785393180,27466.25,27476.75,27463,27469.25,,661,755.1,-1,0,0,0,0
1785393240,27469.25,27470.25,27449.5,27462.25,,1128,777.5,-1,0,0,0,0
1785393300,27461.75,27462,27453.75,27458,,490,752.2,-1,0,0,0,0
1785393360,27457.5,27459.5,27450.75,27457.5,,730,729.65,-1,0,1,0,0
1785393420,27457.25,27462,27454,27459,,444,724.7,-1,0,0,0,0
1785393480,27458.75,27473,27451,27453.5,,1117,752.55,-1,0,0,0,0
1785393540,27453.5,27462.5,27453.5,27456,,553,758.75,-1,0,0,0,0
1785393600,27456.25,27459,27435.75,27443.75,,1313,795.7,-1,0,0,0,0
1785393660,27442.75,27455.25,27439.75,27454.25,,627,776.7,-1,0,0,0,0
1785393720,27454,27454,27441.75,27445.75,,636,777.4,-1,0,0,0,0
1785393780,27445.25,27447.75,27435.75,27444.75,,778,781.1,-1,0,0,0,0
1785393840,27444.5,27445.75,27433.75,27435.5,27466.802197905978,449,770.85,-1,0,0,0,0
1785393900,27435.25,27461.5,27433.5,27460.25,,1062,772.95,-1,0,0,0,0
1785393960,27461,27463.75,27444.25,27456.25,,986,771.7,-1,0,0,0,0
1785394020,27456,27458.5,27431.5,27433.5,,1100,778.6,-1,0,0,0,0
1785394080,27433.25,27444.5,27431,27442.5,,626,777.85,-1,0,0,0,0
1785394140,27442,27449,27438.25,27444.75,,581,773.7,-1,0,0,0,0
1785394200,27444.75,27449.75,27443,27445.5,,381,746.4,-1,0,0,0,0
1785394260,27445,27448,27438.75,27446.5,,509,742.15,-1,0,0,0,0
1785394320,27446,27452.75,27438,27439.75,,480,732.55,-1,0,0,0,0
1785394380,27440,27444.75,27435.5,27444.25,,453,722.15,-1,0,0,0,0
1785394440,27443,27452.5,27441,27448.25,,346,683.05,-1,0,0,0,0
1785394500,27448.75,27458.75,27445.25,27450.25,,585,687.8,-1,0,0,0,0
1785394560,27449,27452,27426.25,27426.75,,995,701.05,-1,0,0,0,0
1785394620,27426.25,27436.5,27425.75,27432.75,,487,703.2,-1,0,0,0,0
1785394680,27432.5,27434.25,27423,27425.25,,448,669.75,-1,0,1,0,0
1785394740,27424,27437.25,27414.5,27434.5,27456.034798603985,1028,693.5,-1,0,0,0,0
1785394800,27434.75,27486.25,27415,27481.5,,2534,754.55,1,0,0,0,0
1785394860,27480.5,27515,27473.5,27505.25,,3388,892.6,1,0,0,0,0
1785394920,27506,27521.5,27491.75,27513,,2716,996.6,1,0,0,0,0
1785394980,27512.5,27520.75,27497.5,27517.75,,1999,1057.65,1,1,0,0,0
1785395040,27517.5,27519.75,27486.5,27487.5,,1356,1103,1,0,0,0,0
1785395100,27487.75,27521.25,27483.75,27507.75,,1871,1143.45,1,0,0,0,0
1785395160,27507.5,27513,27500.75,27506.75,,1149,1151.6,1,0,0,0,0
1785395220,27505,27506,27478.5,27480,,1266,1159.9,1,0,0,0,0
1785395280,27480.5,27484,27451.75,27457.25,,1678,1212.5,-1,0,0,0,0
1785395340,27457.25,27474.25,27453.75,27471.5,,1335,1250.2,1,0,0,0,0
1785395400,27472.25,27475.75,27462,27467.25,,1235,1292.9,1,0,0,0,0
1785395460,27468,27486,27460.25,27483.5,,1273,1331.1,1,0,0,0,0
1785395520,27484.5,27501.75,27477.25,27492.5,,1418,1378,1,0,0,0,0
1785395580,27493.25,27498.5,27476,27476.25,,1019,1406.3,1,0,0,0,0
1785395640,27477,27478.25,27456.25,27477.5,27463.18986573599,1187,1448.35,1,0,0,0,0
1785395700,27478.5,27483.5,27460.25,27461.25,,933,1465.75,1,0,0,0,0
1785395760,27462,27463.75,27440.75,27445.75,,1322,1482.1,-1,0,0,0,0
1785395820,27445.5,27449.25,27431.5,27436,,1184,1516.95,-1,0,0,0,0
1785395880,27436,27446.5,27432.5,27438.25,,836,1536.35,-1,0,0,0,0
1785395940,27437,27440,27425.25,27428,,1215,1545.7,-1,0,0,0,0
1785396000,27427.25,27430.5,27416.5,27419.5,,1200,1479,-1,0,0,0,0
1785396060,27419.25,27420.75,27400.5,27408.75,,1720,1395.6,-1,0,0,0,0
1785396120,27407.5,27420.5,27405.75,27414.25,,1119,1315.75,-1,0,0,0,0
1785396180,27412.75,27418.25,27395.25,27413.75,,1581,1294.85,-1,0,0,0,0
1785396240,27414.25,27432.75,27411,27430.25,,1365,1295.3,-1,0,0,0,0
1785396300,27429.75,27438.75,27406,27414.25,,1764,1289.95,-1,0,0,0,0
1785396360,27414.75,27427,27414.25,27419.5,,827,1273.85,-1,0,0,0,0
1785396420,27417.75,27436.5,27411,27412,,1298,1275.45,-1,0,0,0,0
1785396480,27411.25,27416.75,27399,27412.75,,1392,1261.15,-1,0,0,0,0
1785396540,27410.5,27415.25,27396.25,27409.5,27445.29324382399,1194,1254.1,-1,0,0,0,0
1785396600,27409.75,27412.75,27382,27384.5,,1884,1286.55,-1,0,0,0,0
1785396660,27384.75,27390.25,27379.75,27390.25,,1139,1279.85,-1,0,0,0,0
1785396720,27390.5,27394.25,27381.25,27386,,882,1253.05,-1,0,0,0,0
1785396780,27385.5,27389.5,27376.75,27384.25,,879,1246.05,-1,0,1,0,0
1785396840,27384.25,27388.75,27375.75,27382,,790,1226.2,-1,0,0,0,0
1785396900,27381.75,27386,27364,27369.5,,1035,1231.3,-1,0,0,0,0
1785396960,27368.5,27368.75,27353.25,27358,,1318,1231.1,-1,0,0,0,0
1785397020,27358.75,27389.75,27351.75,27386.5,,1966,1270.2,-1,0,0,0,0
1785397080,27387.5,27404.5,27382.75,27399.5,,1580,1307.4,-1,0,0,0,0
1785397140,27399.5,27419.75,27397.25,27418.75,,1044,1298.85,-1,0,0,0,0
1785397200,27418.75,27429.5,27416.5,27419.75,,913,1284.5,-1,0,0,0,0
1785397260,27418.5,27426,27415.5,27420,,638,1230.4,-1,0,0,0,0
1785397320,27420.75,27423,27413.25,27422.5,,645,1206.7,-1,0,0,0,0
1785397380,27423,27445.5,27422.25,27445,,1414,1198.35,-1,0,0,0,0
1785397440,27444.75,27448.25,27431.5,27431.5,27440.69549588266,824,1171.3,-1,0,0,0,0
1785397500,27433,27443.25,27429,27440,,694,1117.8,-1,0,0,0,0
1785397560,27440,27441.75,27422,27424.25,,1110,1131.95,-1,0,0,0,0
1785397620,27424.25,27431,27422.25,27426.5,,601,1097.1,-1,0,0,0,0
1785397680,27427,27437.75,27425,27434,,760,1065.5,-1,0,0,0,0
1785397740,27433.25,27433.5,27417,27422,,899,1050.75,-1,0,0,0,0
1785397800,27422.5,27425,27408.5,27421.5,,1075,1010.3,-1,0,0,0,0
1785397860,27422,27435.5,27417,27423,,981,1002.4,-1,0,0,0,0
1785397920,27422,27428,27416.5,27423.5,,528,984.7,-1,0,0,0,0
1785397980,27423.75,27439.75,27419.25,27436.75,,683,974.9,-1,0,0,0,0
1785398040,27437.75,27437.75,27409.5,27412.5,,1197,995.25,-1,0,0,0,0
1785398100,27412,27419,27404.75,27405.5,,673,977.15,-1,0,0,0,0
1785398160,27405.5,27409.5,27401.25,27402,,709,946.7,-1,0,0,0,0
1785398220,27402.75,27410,27400.5,27406.5,,447,870.75,-1,0,0,0,0
1785398280,27406,27419.25,27402.25,27416,,423,812.9,-1,0,0,0,0
1785398340,27417.5,27418.75,27390.5,27395,27425.463663921775,1126,817,-1,0,0,0,0
1785398400,27393.5,27396.75,27360.5,27373.25,,2284,885.55,-1,0,0,0,0
1785398460,27372.75,27378.5,27356,27363.75,,1139,910.6,-1,0,0,0,0
1785398520,27365,27375.25,27337,27371.75,,2225,989.6,-1,0,1,0,0
1785398580,27372.75,27376.25,27345.5,27347,,1404,989.1,-1,0,0,0,0
1785398640,27347.5,27373.75,27345.75,27372.75,,1112,1003.5,-1,0,0,0,0
1785398700,27373,27385,27346.75,27381.75,,1352,1036.4,-1,0,0,0,0
1785398760,27380.75,27401.25,27374,27396,,1379,1049.85,-1,0,0,0,0
1785398820,27394.5,27415.25,27390.75,27415.25,,1198,1079.7,-1,0,0,0,0
1785398880,27415.5,27446.5,27415.25,27432,,1695,1126.45,-1,0,0,0,0
1785398940,27431.5,27446.25,27424.75,27444.75,,1132,1138.1,1,0,0,0,0
1785399000,27444.5,27456,27439.5,27452.75,,1474,1158.05,1,1,0,0,0
1785399060,27453,27454.25,27436.5,27440.75,,1205,1169.25,1,0,0,0,0
1785399120,27441.25,27456.75,27437,27437.25,,1152,1200.45,-1,0,0,1,0
1785399180,27437.75,27444,27434.5,27440,,992,1215.9,-1,0,0,0,0
1785399240,27440.25,27444.25,27433.5,27437.5,27429.47577594785,782,1195.15,1,0,0,0,0
1785399300,27436.75,27443.75,27429.25,27431.5,,974,1210.2,1,0,0,0,0
1785399360,27431.75,27437,27424,27433.75,,730,1211.25,1,0,0,0,0
1785399420,27434.25,27456,27431.75,27451,,1277,1252.75,1,0,0,0,0
1785399480,27450.25,27457.5,27439,27450.5,,1147,1288.95,1,0,0,0,0
1785399540,27449.75,27452.75,27442.5,27444.25,,607,1263,1,1,0,0,0
1785399600,27443.75,27469.5,27443,27460.5,,1203,1208.95,1,0,0,0,0
1785399660,27460.5,27480,27454,27479.25,,1135,1208.75,1,0,0,0,0
1785399720,27479,27482.25,27472.75,27480.75,,877,1141.35,1,0,0,0,0
1785399780,27480.75,27501,27478.25,27497,,1177,1130,1,0,0,0,0
1785399840,27497.5,27502,27488.75,27496,,964,1122.6,1,0,0,0,0
1785399900,27496.75,27508.5,27484,27508,,1361,1123.05,1,1,0,1,0
1785399960,27507.75,27522.75,27505.75,27516.25,,1330,1120.6,1,0,0,0,0
1785400020,27516.5,27519.75,27498.75,27499.75,,980,1109.7,1,0,0,0,0
1785400080,27498.75,27511.25,27496.75,27508.75,,1066,1078.25,1,0,0,0,0
1785400140,27508.25,27513.5,27503.75,27507.75,27455.56718396523,633,1053.3,1,0,0,0,0
1785400200,27508,27523.25,27505,27512.75,,887,1023.95,1,0,0,0,0
1785400260,27512.75,27517.25,27501.25,27512.5,,863,1006.85,1,0,0,0,0
1785400320,27511.5,27523.25,27507.25,27512,,727,985.6,1,0,0,0,0
1785400380,27511.75,27525,27502.25,27509,,830,977.5,1,0,0,0,0
1785400440,27509,27518.5,27506,27506.25,,630,969.9,1,0,0,0,0
1785400500,27506.5,27514.75,27504.5,27509,,590,950.7,1,0,0,0,0
1785400560,27509.75,27519.5,27502.5,27516.75,,599,944.15,1,0,0,0,0
1785400620,27518.25,27527,27516,27516,,918,926.2,1,0,0,0,0
1785400680,27515.75,27518,27493.25,27496,,1142,925.95,1,0,0,0,0
1785400740,27495.75,27496.25,27488,27492.25,,999,945.55,1,0,0,0,0
1785400800,27491.75,27502.75,27489.75,27496.5,,758,923.3,1,0,0,0,0
1785400860,27496.75,27500.75,27490.25,27495,,603,896.7,1,0,0,0,0
1785400920,27496.25,27498.25,27488.25,27495,,615,883.6,1,0,0,0,0
1785400980,27495,27499.75,27489,27498.25,,450,847.25,1,0,0,0,0
1785401040,27498.25,27502.75,27490.5,27494.5,27468.544789310155,648,831.45,1,0,0,0,0
1785401100,27494.25,27501.25,27489.25,27497.75,,603,793.55,1,0,0,0,0
1785401160,27497,27511.75,27493.5,27508,,777,765.9,1,0,0,0,0
1785401220,27507.5,27509.5,27496.75,27499,,386,736.2,1,0,0,0,0
1785401280,27500,27507,27481.25,27482.5,,781,721.95,1,0,0,0,0
1785401340,27482,27490.5,27478.5,27483,,701,725.35,1,0,0,0,0
1785401400,27483.25,27488,27480.25,27483,,544,708.2,1,0,0,0,0
1785401460,27482.75,27489.25,27479.75,27487.75,,473,688.7,1,0,0,0,0
1785401520,27487,27487.75,27475.5,27476.25,,569,680.8,1,0,0,0,0
1785401580,27477,27480.5,27469.75,27476.75,,791,678.85,1,0,0,0,0
1785401640,27476,27476.75,27470.75,27474.5,,315,663.1,1,0,0,0,0
1785401700,27474,27474.5,27462,27464.75,,578,662.5,1,0,0,0,0
1785401760,27464,27470,27462,27463.75,,383,651.7,1,0,0,0,0
1785401820,27463,27478,27460.5,27476.5,,574,634.5,1,0,0,0,0
1785401880,27477,27484.25,27472.5,27483,,535,604.15,1,0,0,0,0
1785401940,27482.25,27485.5,27478.5,27485.25,27474.113192873436,394,573.9,1,0,0,0,0
1785402000,27485.5,27488.5,27478.75,27483.25,,606,566.3,1,0,0,0,0
1785402060,27482.5,27492.75,27470.75,27485.25,,785,575.4,1,0,0,0,0
1785402120,27484.75,27494,27483,27487.25,,635,576.4,1,0,0,0,0
1785402180,27487.25,27494,27478.75,27480.25,,478,577.8,1,0,0,0,0
1785402240,27480.25,27512.25,27479.75,27501.75,,1050,597.9,1,0,0,0,0
1785402300,27502.25,27502.5,27490.25,27500,,604,597.95,1,0,0,0,0
1785402360,27499.25,27506.75,27495.5,27505.25,,529,585.55,1,0,0,0,0
1785402420,27505.75,27511.25,27501.5,27510.25,,710,601.75,1,0,0,0,0
1785402480,27510,27512,27503.75,27508,,392,582.3,1,0,0,0,0
1785402540,27507.5,27510.25,27501.5,27505.25,,521,573.3,1,0,0,0,0
1785402600,27504.5,27509.25,27496.5,27509.25,,662,579.2,1,0,0,0,0
1785402660,27509,27513.25,27505.75,27511,,540,582.55,1,0,0,0,0
1785402720,27510.5,27515.5,27508,27508.5,,581,583.15,1,0,0,0,0
1785402780,27508.5,27518.5,27505,27510.5,,564,571.8,1,0,0,0,0
1785402840,27510.5,27556.25,27510.25,27534.5,27494.24212858229,2813,696.7,1,0,0,0,0
1785402900,27536.25,27544.5,27524.5,27532.5,,1614,748.5,1,0,0,0,0
1785402960,27533.75,27547.75,27531.25,27546.5,,800,769.35,1,1,0,0,0
1785403020,27546.25,27551.25,27541,27546.25,,785,779.9,1,0,0,0,0
1785403080,27545,27548.5,27536.75,27539.5,,699,788.1,1,0,0,0,0
1785403140,27539,27549.75,27536,27540.25,,1062,821.5,1,0,0,0,0
1785403200,27540,27553.25,27536.75,27549.75,,720,827.2,1,0,0,0,0
1785403260,27548.75,27566.75,27542,27559.25,,1572,866.55,1,0,0,0,0
1785403320,27560,27564.5,27552.25,27559.5,,764,873,1,0,0,0,0
1785403380,27561.5,27575,27560,27565.75,,1105,904.35,1,0,0,0,0
1785403440,27565,27571,27561.5,27564.75,,784,891.05,1,0,0,0,0
1785403500,27566,27569.5,27555.5,27565.25,,799,900.8,1,0,0,0,0
1785403560,27567,27570.75,27562.25,27565,,527,900.7,1,0,0,0,0
1785403620,27566,27567.75,27559.75,27565,,390,884.7,1,0,0,0,0
1785403680,27565.25,27570.75,27553.25,27553.75,,745,902.35,1,0,0,0,0
1785403740,27554.25,27558,27548.75,27554.25,27514.244752388193,609,906.75,1,0,0,0,0
1785403800,27554.25,27556,27538.75,27546.25,,862,916.75,1,0,0,0,0
1785403860,27546.25,27557.25,27544,27557.25,,550,917.25,1,0,0,0,0
1785403920,27556.5,27564,27547.25,27561.75,,943,935.35,1,0,0,0,0
1785403980,27562,27570.25,27560,27570.25,,448,929.55,1,0,0,0,0
1785404040,27569.5,27577.75,27567,27574.75,,690,823.4,1,0,0,0,0
1785404100,27575,27586,27572.25,27572.75,,932,789.3,1,0,0,0,0
1785404160,27573,27579.25,27568.5,27578,,686,783.6,1,0,0,0,0
1785404220,27577.5,27584.25,27575.5,27577.25,,535,771.1,1,1,0,1,0
1785404280,27577.5,27578.5,27564,27564.75,,576,764.95,1,0,0,0,0
1785404340,27564.75,27565.5,27552,27554.75,,1091,766.4,1,0,0,0,0
1785404400,27555,27558.25,27548.5,27550.5,,587,759.75,1,0,0,0,0
1785404460,27550,27556.25,27542,27542,,581,710.2,1,0,0,0,0
1785404520,27542,27548,27540.75,27546,,520,698,1,0,0,0,0
1785404580,27546.75,27549.75,27537,27540.75,,912,688.35,1,0,0,0,0
1785404640,27540,27545.75,27538.75,27544.5,27524.329834925462,365,667.4,1,0,0,0,0
1785404700,27544.5,27546,27538,27542.25,,400,647.45,1,0,0,0,0
1785404760,27542,27549.5,27541,27546.5,,409,641.55,1,0,0,0,0
1785404820,27546,27552.5,27544.5,27549.25,,444,644.25,1,0,0,0,0
1785404880,27550,27556,27544.5,27546,,449,629.45,1,0,0,0,0
1785404940,27546,27553.25,27544.25,27553,,366,617.3,1,0,0,0,0
1785405000,27553.75,27555.25,27547,27550,,349,591.65,1,0,0,0,0
1785405060,27550.25,27556,27545.25,27547.5,,433,585.8,1,0,0,0,0
1785405120,27546.75,27551,27541,27543.75,,455,561.4,1,0,0,0,0
1785405180,27543,27546.25,27540,27544.75,,405,559.25,1,0,0,0,0
1785405240,27545.5,27555.75,27541.75,27555.25,,588,554.15,1,0,0,0,0
1785405300,27555.25,27555.5,27545.75,27551.75,,339,524.5,1,0,0,0,0
1785405360,27551.25,27552.5,27544,27551.5,,683,524.35,1,0,0,0,0
1785405420,27551.75,27552,27541.5,27541.5,,341,514.65,1,0,0,0,0
1785405480,27541.75,27542.5,27529.75,27531.75,,865,529.1,1,0,0,0,0
1785405540,27531.75,27532.75,27513.5,27517,27521.886556616973,1681,558.6,-1,0,0,0,0
1785405600,27516.25,27517.5,27488,27503.25,,2161,637.3,-1,0,0,0,0
1785405660,27503.25,27523.25,27501,27521.75,,1035,660,-1,0,0,0,0
1785405720,27522.25,27523.75,27516.25,27518.5,,583,663.15,-1,0,0,0,0
1785405780,27519.25,27521.25,27512.75,27515.75,,488,641.95,-1,0,0,0,0
1785405840,27514.75,27521.75,27504.25,27506.25,,634,655.4,-1,0,0,0,0
1785405900,27506.75,27531.75,27505.25,27527.75,,987,684.75,1,0,0,0,0
1785405960,27528.5,27532.75,27524,27528,,577,693.15,1,0,0,0,0
1785406020,27528.5,27552,27523.25,27548,,1289,735.4,1,1,0,0,0
1785406080,27548.25,27549.5,27537.25,27542.75,,749,750.4,1,0,0,0,0
1785406140,27543.25,27561.5,27542.5,27553.25,,707,767.45,1,1,0,1,0
1785406200,27553.5,27564,27549,27550.25,,727,786.35,1,0,0,0,0
1785406260,27550.25,27557.75,27545.75,27552.5,,1020,815.7,1,0,0,0,0
1785406320,27551.75,27552.25,27537.75,27545.75,,518,818.85,1,0,0,0,0
1785406380,27545.5,27546.25,27535,27539.75,,519,824.55,1,0,0,0,0
1785406440,27540,27543.25,27536.75,27542.25,27528.67437107798,261,808.2,1,0,0,0,0
1785406500,27543,27557,27541,27557,,521,817.3,1,0,0,0,0
1785406560,27556.75,27572.25,27552.75,27563.5,,972,831.75,1,0,0,0,0
1785406620,27563,27576.25,27561.25,27575.75,,672,848.3,1,0,0,0,0
1785406680,27576,27595.5,27576,27593.25,,1091,859.6,1,0,0,0,0
1785406740,27594,27599,27588,27596,,1164,833.75,1,0,0,0,0
1785406800,27596,27604.5,27595.25,27601.25,,991,775.25,1,0,0,0,0
1785406860,27601.25,27617,27597.25,27612.75,,1221,784.55,1,0,0,0,0
1785406920,27612.75,27614,27604,27611.5,,737,792.25,1,0,0,0,0
1785406980,27611.5,27615.5,27604,27605.25,,713,803.5,1,0,0,0,0
1785407040,27606.75,27610.25,27596,27604.5,,894,816.5,1,0,0,0,0
1785407100,27604.75,27616.75,27602.5,27615.5,,842,809.25,1,0,0,0,0
1785407160,27616,27629.5,27616,27622,,1287,844.75,1,0,0,0,0
1785407220,27621.25,27624.5,27611.25,27613,,579,809.25,1,0,0,0,0
1785407280,27613.25,27616.5,27607.75,27615,,648,804.2,1,0,0,0,0
1785407340,27615.25,27620,27609.75,27617.25,27558.199580718654,726,805.15,1,0,0,0,0
1785407400,27617,27627.5,27612,27620,,631,800.35,1,0,0,0,0
1785407460,27620,27638,27616.25,27628,,1167,807.7,1,0,0,0,0
1785407520,27628.5,27630.75,27622.25,27626.75,,596,811.6,1,0,0,0,0
1785407580,27627,27631.5,27616,27616.5,,736,822.45,1,0,0,0,0
1785407640,27615,27618.75,27606,27613.25,,853,852.05,1,0,0,0,0
1785407700,27613.5,27625.5,27610.25,27620.5,,913,871.65,1,0,0,0,0
1785407760,27621,27632.25,27620,27626,,550,850.55,1,0,0,0,0
1785407820,27626.25,27630,27617.5,27620.5,,669,850.4,1,0,0,0,0
1785407880,27620.75,27630.75,27616.5,27616.5,,670,829.35,1,0,0,0,0
1785407940,27616.25,27624,27612.25,27620.5,,570,799.65,1,0,0,0,0
1785408000,27621,27643.75,27617.5,27636,,1140,807.1,1,0,0,0,0
1785408060,27635.75,27637,27618,27625,,1084,800.25,1,0,0,0,0
1785408120,27624.75,27627,27615.5,27618.5,,713,799.05,1,0,0,0,0
1785408180,27619.75,27646.75,27619.25,27636.75,,1107,818.75,1,0,0,0,0
1785408240,27635.75,27639.75,27623.5,27631.75,27582.71638714577,811,814.6,1,0,0,0,0
1785408300,27631,27644,27626.25,27637.25,,796,812.3,1,0,0,0,0
1785408360,27636.5,27646.25,27636.5,27644,,565,776.2,1,0,0,0,0
1785408420,27643.75,27648,27638,27646,,581,776.3,1,0,0,0,0
1785408480,27646,27648,27640.25,27642,,689,778.35,1,0,0,0,0
1785408540,27640.75,27645.5,27629.5,27633,,1000,792.05,1,0,0,0,0
1785408600,27633.75,27645.75,27629.75,27645.5,,1096,815.3,1,0,0,0,0
1785408660,27644.5,27644.5,27634.25,27640.25,,555,784.7,1,0,0,0,0
1785408720,27639.5,27647.25,27638.5,27644,,730,791.4,1,0,0,0,0
1785408780,27644,27647.25,27624.25,27624.75,,1021,805.65,1,0,0,0,0
1785408840,27625.25,27628.5,27613.25,27614.75,,1019,813.95,1,0,0,0,0
1785408900,27615,27625.75,27613.75,27623.5,,769,806.75,1,0,0,0,0
1785408960,27625,27625,27610.5,27614.75,,784,818.45,1,0,0,0,0
1785409020,27614.5,27622,27613.5,27616.75,,474,808.7,1,0,0,0,0
1785409080,27617.25,27622.75,27613.5,27615.25,,286,789.5,1,0,0,0,0
1785409140,27616,27621.25,27614.75,27618.25,27594.560924763846,317,776.85,1,0,0,0,0
1785409200,27618.5,27643.75,27612.75,27637.75,,2173,828.5,1,0,0,0,0
1785409260,27637.5,27646,27629.75,27644.5,,965,822.55,1,0,0,0,0
1785409320,27643.75,27656,27642.25,27645.5,,1722,873,1,0,0,0,0
1785409380,27646.25,27657.5,27638.75,27654.5,,1252,880.25,1,0,0,0,0
1785409440,27655,27660.5,27650.5,27658.25,,1141,896.75,1,0,0,0,0
1785409500,27658,27668.5,27655.25,27663.75,,1115,912.7,1,0,0,0,0
1785409560,27663.25,27679.25,27659.5,27678,,1304,949.65,1,0,0,0,0
1785409620,27677.75,27684.25,27675.5,27676.75,,1265,983.85,1,0,0,0,0
1785409680,27676.75,27680.25,27668.75,27674.25,,900,994.4,1,0,0,0,0
1785409740,27673.75,27683.5,27673,27679,,572,973,1,0,0,0,0
1785409800,27678.5,27686.5,27670,27670.75,,949,965.65,1,1,0,0,0
1785409860,27670.75,27671.25,27663.5,27670,,941,984.95,1,0,0,0,0
1785409920,27670,27681.5,27668,27674.75,,847,990.8,1,0,0,0,0
1785409980,27674.5,27674.5,27655.25,27661,,818,980.65,1,0,0,0,0
1785410040,27660,27666.75,27659.25,27665.75,27618.29061650923,436,951.5,1,0,0,0,0
1785410100,27665.75,27673.25,27661,27671.25,,750,950.55,1,0,0,0,0
1785410160,27671.25,27688.5,27668,27684.25,,861,954.4,1,0,0,0,0
1785410220,27685,27693.75,27682,27689.75,,1216,991.5,1,0,0,0,0
1785410280,27689.75,27702,27688.25,27689.25,,1524,1053.4,1,0,0,0,0
1785410340,27689.25,27693.25,27680.25,27682,,897,1082.4,1,0,0,0,0
1785410400,27682.25,27687.25,27676.25,27679.75,,729,1010.2,1,0,0,0,0
1785410460,27680,27682.75,27674.5,27678.5,,613,992.6,1,0,0,0,0
1785410520,27678.75,27682,27670.25,27680,,612,937.1,1,0,0,0,0
1785410580,27680,27684.5,27675.75,27681.75,,764,912.7,1,0,0,0,0
1785410640,27682.25,27705,27679.75,27701.5,,1351,923.2,1,0,0,0,0
1785410700,27701,27709,27697.75,27707.25,,1149,924.9,1,0,0,0,0
1785410760,27707.25,27712,27705.25,27709.5,,911,905.25,1,0,0,0,0
1785410820,27709,27713.75,27704,27709.5,,965,890.25,1,0,0,0,0
1785410880,27709,27723.75,27707.5,27709.75,,1451,917.8,1,0,0,0,0
1785410940,27709.5,27715.25,27706.5,27714.5,27650.360411006153,666,922.5,1,0,0,0,0
1785411000,27715.25,27717,27707,27709,,807,915.4,1,0,0,0,0
1785411060,27709.25,27711.5,27697.25,27699.25,,1166,926.65,1,0,0,0,0
1785411120,27698.75,27705.75,27679.25,27679.25,,2045,986.55,1,0,0,0,0
1785411180,27680.25,27682.25,27673.5,27678.75,,1355,1013.4,1,0,0,0,0
1785411240,27677.5,27688.75,27674,27681,,1074,1045.3,1,0,0,0,0
1785411300,27680.5,27692.5,27679.75,27688.75,,951,1055.35,1,0,0,0,0
1785411360,27688.5,27704.5,27688,27702.75,,1251,1074.85,1,0,0,0,0
1785411420,27703.75,27717,27700.5,27715.25,,1189,1073.5,1,0,0,0,0
1785411480,27715.25,27725,27714.25,27724.5,,1144,1054.5,1,0,0,0,0
1785411540,27724.25,27727,27699.75,27699.75,,1268,1073.05,1,0,0,0,0
1785411600,27699.25,27710,27697,27707.25,,905,1081.85,1,0,0,0,0
1785411660,27707.75,27711.75,27689.25,27691.75,,1373,1119.85,1,0,0,0,0
1785411720,27691.25,27711.25,27688.25,27705.5,,1312,1154.85,1,0,0,0,0
1785411780,27707.25,27723,27705,27719,,958,1164.55,1,0,0,0,0
1785411840,27718.5,27719,27699.75,27700.75,27667.156940670768,1260,1160,1,0,0,0,0
1785411900,27701.5,27720.5,27700.5,27719.75,,1065,1155.8,1,0,0,0,0
1785411960,27719.5,27719.75,27711,27716.75,,580,1139.25,1,0,0,0,0
1785412020,27716.75,27724,27711.75,27714,,1106,1146.3,1,0,0,0,0
1785412080,27713.5,27730.5,27713.5,27728,,1127,1130.1,1,0,0,0,0
1785412140,27728.75,27733.5,27726.25,27728.25,,1102,1151.9,1,0,0,0,0
1785412200,27728.75,27739,27725.75,27736.5,,1046,1163.85,1,1,0,0,0
1785412260,27737,27739.75,27719,27723.25,,1291,1170.1,1,0,0,0,0
1785412320,27723.5,27734.25,27720.75,27723,,907,1113.2,1,0,0,0,0
1785412380,27722.5,27735.5,27722,27734.25,,662,1078.55,1,0,0,0,0
1785412440,27734,27744,27732.25,27740.25,,1180,1083.85,1,0,0,0,0
1785412500,27740.25,27745,27729.25,27730.25,,809,1076.75,1,0,0,0,0
1785412560,27730.25,27736.25,27726.25,27726.25,,664,1047.4,1,0,0,0,0
1785412620,27726.5,27730.75,27722.75,27729,,550,1015.45,1,0,0,0,0
1785412680,27728.25,27737.75,27727.25,27730,,725,994.5,1,0,0,0,0
1785412740,27730.25,27731.25,27721,27724.25,27686.18796044718,551,958.65,1,0,0,0,0
1785412800,27724.25,27734,27716,27718.5,,1321,979.45,1,0,0,0,0
1785412860,27719,27721.25,27695.5,27699,,2166,1019.1,1,0,0,0,0
1785412920,27699.5,27727.75,27698.75,27723.25,,1517,1029.35,1,0,0,0,0
1785412980,27722.75,27749,27719.5,27747.25,,1916,1077.25,1,0,0,0,0
1785413040,27747.5,27753,27739.75,27745.75,,1420,1085.25,1,0,0,0,0
1785413100,27745.5,27754,27738,27753.25,,1291,1096.55,1,1,0,0,0
1785413160,27752.5,27757.5,27747.25,27754.25,,1162,1125.65,1,0,0,0,0
1785413220,27753.75,27755.75,27745.5,27754.5,,998,1120.25,1,0,0,0,0
1785413280,27753.75,27758.25,27746,27746.25,,979,1112.85,1,0,0,0,0
1785413340,27746,27759.75,27744,27754.75,,1225,1119,1,0,0,0,0
1785413400,27755.25,27760.5,27752.25,27757.5,,966,1115,1,0,0,0,0
1785413460,27758.25,27758.5,27745,27746,,967,1098.8,1,0,0,0,0
1785413520,27747,27756.75,27735.75,27748,,1605,1133.7,1,0,0,0,0
1785413580,27747.75,27760.5,27745.25,27758.25,,878,1144.5,1,0,0,0,0
1785413640,27758.25,27766,27753.75,27762.5,27711.625306964786,1001,1135.55,1,0,0,0,0
1785413700,27762.75,27766,27751.75,27751.75,,844,1137.3,1,0,0,0,0
1785413760,27751.5,27757,27745,27750.5,,1170,1162.6,1,0,0,0,0
1785413820,27750.75,27751,27741,27746,,755,1172.85,1,0,0,0,0
1785413880,27745,27748.5,27737,27748,,1059,1189.55,1,0,0,0,0
1785413940,27748,27754.25,27740.25,27742.75,,1074,1215.7,1,0,0,0,0
1785414000,27742.75,27743,27714.25,27724.25,,1951,1247.2,1,0,0,0,0
1785414060,27724.25,27734,27721.75,27724.75,,1201,1198.95,1,0,0,0,0
1785414120,27724.5,27729.25,27719.25,27724.25,,888,1167.5,1,0,0,0,0
1785414180,27724.75,27742,27722.75,27742,,930,1118.2,1,0,0,0,0
1785414240,27742,27752,27739.25,27746.25,,1415,1117.95,1,0,0,0,0
1785414300,27746.75,27756.5,27740.5,27744,,1083,1107.55,1,0,0,0,0
1785414360,27743.25,27759.25,27739.25,27752,,1341,1116.5,1,0,0,0,0
1785414420,27751.25,27752.75,27735.25,27737.25,,870,1110.1,1,0,0,0,0
1785414480,27737,27737.25,27723.25,27728.5,,846,1103.45,1,0,0,0,0
1785414540,27727.25,27748.75,27721,27741,27721.41687130986,927,1088.55,1,0,0,0,0
1785414600,27738.75,27790.75,27733.5,27774,,4242,1252.35,1,0,0,0,0
1785414660,27772.5,27774,27736.75,27742.5,,2493,1328.65,1,0,0,0,0
1785414720,27743.75,27748.25,27724.5,27735.75,,2336,1365.2,1,0,0,0,0
1785414780,27735.75,27746,27730.25,27732.25,,1278,1385.2,1,0,0,0,0
1785414840,27732.5,27745,27715,27742.5,,2546,1462.45,1,0,0,0,0
1785414900,27742.25,27771.5,27733,27771,,2728,1556.65,1,0,0,0,0
1785414960,27771.5,27787.25,27762.25,27774.75,,2803,1638.3,1,0,0,0,0
1785415020,27774.5,27778.75,27754.25,27757.5,,1514,1676.25,1,0,0,0,0
1785415080,27757.75,27773.75,27755.75,27772,,1358,1691.2,1,0,0,0,0
1785415140,27772,27785,27762.5,27784.5,,1813,1728.15,1,0,0,0,0
1785415200,27783.5,27786.25,27764,27769.25,,1670,1714.1,1,0,0,0,0
1785415260,27769.25,27796.75,27769.25,27786.5,,2676,1787.85,1,0,0,0,0
1785415320,27787,27805,27780.5,27795.25,,2460,1866.45,1,0,0,0,0
1785415380,27795.75,27796.75,27777.75,27790.75,,1894,1914.65,1,0,0,0,0
1785415440,27790.25,27791.25,27774.75,27776.75,27739.861247539906,1360,1911.9,1,0,0,0,0
1785415500,27776.5,27781.25,27766.25,27773.75,,1830,1949.25,1,0,0,0,0
1785415560,27774.5,27780.5,27765,27772.75,,1499,1957.15,1,0,0,0,0
1785415620,27772,27782.5,27762.75,27778,,1826,2004.95,1,0,0,0,0
1785415680,27779.5,27795,27774,27794.75,,1439,2034.6,1,0,0,0,0
1785415740,27795,27798.75,27785,27794.75,,1303,2053.4,1,0,0,0,0
1785415800,27794.25,27798.25,27780,27793.75,,1325,1907.55,1,1,0,0,0
1785415860,27794.5,27797,27785,27795.5,,1125,1839.15,1,0,0,0,0
1785415920,27796.5,27803.75,27789.25,27793.25,,2074,1826.05,1,0,0,0,0
1785415980,27793,27797.25,27783.5,27796.75,,1199,1822.1,1,0,0,0,0
1785416040,27796.75,27805,27791.75,27799,,1732,1781.4,1,0,0,0,0
1785416100,27798,27800.5,27788.25,27790,,1141,1702.05,1,0,0,0,0
1785416160,27790,27797.5,27783,27795.75,,1369,1630.35,1,0,0,0,0
1785416220,27794.5,27813.5,27790.5,27807.5,,2798,1694.55,1,0,0,0,0
1785416280,27808.5,27819.75,27805,27815.5,,2065,1729.9,1,0,0,0,0
1785416340,27815.75,27818.25,27803.75,27806.25,27761.99083169327,1863,1732.4,1,0,0,0,0
1785416400,27806,27833.75,27793.25,27827.5,,5891,1943.45,1,0,0,0,0
1785416460,27827.25,27854.25,27823.5,27847.5,,4627,2041,1,0,0,0,0
1785416520,27847.5,27849.25,27841.75,27843.25,,1954,2015.7,1,0,0,0,0
1785416580,27843.25,27856.75,27835.25,27852.5,,3684,2105.2,1,1,0,0,0
1785416640,27853.25,27860,27846.75,27848.75,,2237,2149.05,1,0,0,0,0
1785416700,27849,27859.5,27847,27855.5,,1794,2147.25,1,0,0,0,0
1785416760,27855,27860.25,27846.75,27854.5,,2007,2172.65,1,0,0,0,0
1785416820,27854.5,27876.75,27849,27850.5,,4896,2326.15,1,0,0,0,0
1785416880,27850.5,27851.75,27840.5,27844.75,,2695,2388.95,1,0,0,0,0
1785416940,27844.75,27848.75,27838.25,27841,,2489,2448.25,1,0,0,0,0
1785417000,27840.25,27843,27829.25,27830.75,,2646,2514.3,1,0,0,0,0
1785417060,27831.25,27839.25,27827,27831.75,,1705,2543.3,1,0,0,0,0
1785417120,27831.5,27852,27829,27844.25,,2349,2557.05,1,0,0,0,0
1785417180,27844.5,27864.25,27841,27854.25,,2558,2625,1,0,0,0,0
1785417240,27854.75,27855.5,27835.25,27840,27787.993887795514,1845,2630.65,1,0,0,0,0
1785417300,27839.75,27847,27831.25,27844.5,,1797,2663.45,1,0,0,0,0
1785417360,27844.75,27853,27841,27844.5,,1565,2673.25,1,0,0,0,0
1785417420,27844.75,27850.75,27842.75,27849.75,,957,2581.2,1,0,0,0,0
1785417480,27849.75,27855,27841,27851.25,,1681,2562,1,0,0,0,0
1785417540,27851,27860.25,27847.5,27850.75,,2100,2573.85,1,0,0,0,0
1785417600,27851.25,27851.75,27839.5,27845.75,,1496,2354.1,1,0,0,0,0
1785417660,27845.75,27847.25,27838.25,27842,,983,2171.9,1,0,0,0,0
1785417720,27841.75,27844.5,27834.75,27839,,1350,2141.7,1,0,0,0,0
1785417780,27838.75,27849.25,27836.25,27843.25,,1678,2041.4,1,0,0,0,0
1785417840,27843.25,27846.75,27839.25,27842.25,,996,1979.35,1,0,0,0,0
1785417900,27843,27868,27840,27843,,3285,2053.9,1,0,0,0,0
1785417960,27842.5,27859.5,27836.75,27859,,1566,2031.85,1,0,0,0,0
1785418020,27859,27865.5,27844.5,27856.75,,2763,1925.2,1,0,0,0,0
1785418080,27857.25,27877.75,27855,27863.5,,3698,1975.35,1,0,0,0,0
1785418140,27864.25,27883.75,27858.75,27876,27817.329258530342,4059,2053.85,1,0,0,0,0
1785418200,27876.75,27892.75,27835,27859.25,,15592,2701.15,1,0,0,0,0
1785418260,27859.5,27892,27853,27879.5,,9282,3080,1,0,0,0,0
1785418320,27879,27885.5,27850,27862.5,,8923,3408.7,1,0,0,0,0
1785418380,27863,27863.75,27813.25,27842.75,,12461,3903.85,1,0,0,0,0
1785418440,27842.5,27881.5,27831.5,27871,,10964,4359.8,1,0,0,0,0
1785418500,27871,27904.5,27848.25,27890.75,,13483,4944.1,1,0,0,0,0
1785418560,27890.75,27919.75,27864,27895.25,,14582,5594.95,1,0,0,0,0
1785418620,27895.5,27902,27846.25,27884.5,,10925,6093.35,1,0,0,0,0
1785418680,27884.5,27908.75,27853.5,27890.75,,10144,6516.5,1,0,0,0,0
1785418740,27891,27901.75,27866.25,27889.5,,8413,6832.15,1,0,0,0,0
1785418800,27888,27901,27849.5,27882.5,,10871,7300.9,1,0,0,0,0
1785418860,27881.5,27905,27867.25,27887,,8814,7692.45,1,0,0,0,0
1785418920,27886.5,27940.5,27882.5,27934,,13451,8297.5,1,0,0,0,0
1785418980,27934.75,27966.25,27929.25,27965,,12140,8820.6,1,0,0,0,0
1785419040,27965,27996.25,27964.25,27977,27870.552839020227,12856,9413.6,1,0,0,0,0
1785419100,27977,28016.75,27973.25,28014.5,,11723,9835.5,1,0,0,0,0
1785419160,28013.75,28037,28006.5,28029.25,,10488,10281.6,1,0,0,0,0
1785419220,28029.25,28039.5,28009.75,28036.75,,10518,10669.35,1,0,0,0,0
1785419280,28038,28050,28027,28040.5,,8740,10921.45,1,0,0,0,0
1785419340,28040.5,28067.25,28039.75,28065,,8763,11156.65,1,0,0,0,0
1785419400,28065,28113.75,28043,28105,,15305,11142.3,1,0,0,0,0
1785419460,28104.5,28126.25,28091.25,28093.5,,13149,11335.65,1,0,0,0,0
1785419520,28093.25,28094.75,28050.5,28063,,11879,11483.45,1,0,0,0,0
1785419580,28062.75,28098,28055,28079.5,,9698,11345.3,1,0,0,0,0
1785419640,28079.5,28111.75,28077.25,28103.25,,7536,11173.9,1,0,0,0,0
1785419700,28102.25,28133.25,28083,28127,,10673,11033.4,1,0,0,0,0
1785419760,28127.25,28138.25,28100.75,28108,,9162,10762.4,1,0,0,0,0
1785419820,28107.75,28119.25,28091,28110.5,,7785,10605.4,1,0,0,0,0
1785419880,28110.5,28123.25,28095,28122.5,,6333,10414.85,1,0,0,0,0
1785419940,28122.75,28155,28115.75,28151.25,27964.118559346818,10633,10525.85,1,0,0,0,0
1785420000,28150.5,28158,28127,28155.75,,9058,10435.2,1,0,0,0,0
1785420060,28155.5,28169,28151.5,28167.5,,10285,10508.75,1,0,0,0,0
1785420120,28167.75,28183.75,28150.75,28159.25,,11015,10386.95,1,0,0,0,0
1785420180,28159.5,28175,28137.75,28168,,9737,10266.8,1,0,0,0,0
1785420240,28168.5,28177.75,28159,28160.25,,5195,9883.75,1,0,0,0,0
1785420300,28159.75,28166,28134.75,28146.5,,8627,9728.95,1,0,0,0,0
1785420360,28145,28152.75,28119,28131.5,,9660,9687.55,1,0,0,0,0
1785420420,28130.5,28139.5,28104.25,28106.25,,7601,9541.7,1,0,0,0,0
1785420480,28106,28111,28080.5,28089,,11323,9670.85,1,0,0,0,0
1785420540,28088.75,28096,28073.5,28086.25,,7937,9629.55,1,0,0,0,0
1785420600,28085.75,28108.25,28067,28083.5,,11263,9427.45,1,0,0,0,0
1785420660,28083.5,28107.5,28068.75,28105.25,,7694,9154.7,1,0,0,0,0
1785420720,28105.5,28117.5,28092.5,28113,,9166,9019.05,1,0,0,0,0
1785420780,28113,28116.25,28083.25,28090,,6546,8861.45,1,0,0,0,0
1785420840,28090.25,28114,28083.25,28107.75,28011.995706231213,5496,8759.45,1,0,0,0,0
1785420900,28107.25,28131.5,28099.5,28111.5,,8734,8662.5,1,0,0,0,0
1785420960,28112,28131,28095.75,28128.5,,6093,8509.05,1,0,0,0,0
1785421020,28129,28140.25,28115.75,28117.25,,7576,8498.6,1,0,0,0,0
1785421080,28117.5,28120.5,28080,28108.25,,10379,8700.9,1,0,0,0,0
1785421140,28108.5,28125.25,28094,28113.75,,6988,8518.65,1,0,0,0,0
1785421200,28113.5,28127,28102,28124.5,,5292,8330.35,1,0,0,0,0
1785421260,28124.5,28164.75,28124.5,28154.5,,9876,8309.9,1,0,0,0,0
1785421320,28154.25,28162.25,28135.5,28156.75,,6912,8104.75,1,0,0,0,0
1785421380,28156.5,28173.75,28155.25,28160.25,,6230,7929.4,1,1,0,0,0
1785421440,28160.25,28175,28148.5,28163.25,,6940,8016.65,1,0,0,0,0
1785421500,28164,28176.5,28159.5,28172.5,,5528,7861.7,1,0,0,0,0
1785421560,28172.5,28178.75,28149.25,28172,,6152,7686.3,1,0,0,0,0
1785421620,28170.75,28213.75,28168.75,28209.75,,11827,7897.6,1,0,0,0,0
1785421680,28209.75,28240,28209.25,28223.75,,10322,7847.55,1,0,0,0,0
1785421740,28223.75,28231,28218,28225.75,28083.247137487477,5193,7710.35,1,0,0,0,0
1785421800,28226,28227.25,28188.5,28219,,10976,7696,1,0,0,0,0
1785421860,28219,28245.75,28206.5,28234.5,,8071,7714.85,1,1,0,1,0
1785421920,28233.75,28241.5,28217.5,28240,,6379,7575.5,1,0,0,0,0
1785421980,28239.5,28242.75,28224.75,28237.25,,5729,7534.65,1,0,0,0,0
1785422040,28237.25,28240,28215.5,28234.75,,6250,7572.35,1,0,0,0,0
1785422100,28234.5,28237.75,28204,28207.5,,6326,7451.95,1,0,0,0,0
1785422160,28207.25,28241,28202,28235.5,,6590,7476.8,1,0,0,0,0
1785422220,28236,28244,28227.25,28237.25,,5573,7376.65,1,0,0,0,0
1785422280,28237.25,28238,28212.5,28213.25,,5490,7132.2,1,0,0,0,0
1785422340,28214,28221.75,28209.75,28219.5,,4579,7011.75,1,0,0,0,0
1785422400,28220.25,28232.75,28212.25,28227.5,,4914,6992.85,1,0,0,0,0
1785422460,28227,28240.5,28223.75,28231,,4010,6699.55,1,0,0,0,0
1785422520,28230.75,28240.5,28205,28206.75,,4938,6600.85,1,0,0,0,0
1785422580,28206,28207.5,28183.25,28184.5,,7909,6684.8,1,0,0,0,0
1785422640,28184.5,28185.75,28160.25,28175.25,28113.914758324983,8515,6763.55,1,0,0,0,0
1785422700,28175.25,28189.75,28157.75,28187.75,,6739,6824.1,1,0,0,0,0
1785422760,28188,28196,28154,28161,,8172,6925.1,1,0,0,0,0
1785422820,28160.5,28173,28151,28160.5,,6142,6640.85,1,0,0,0,0
1785422880,28160.5,28163.75,28130.5,28160,,8600,6554.75,1,0,0,0,0
1785422940,28159.75,28174.75,28142,28166,,7208,6655.5,1,0,0,0,0
1785423000,28166.5,28177.25,28140,28142,,6336,6423.5,1,0,0,0,0
1785423060,28142.75,28155.5,28113,28122.75,,8765,6458.2,1,0,0,0,0
1785423120,28122.75,28128.75,28103,28104.25,,5843,6431.4,1,0,0,0,0
1785423180,28104.5,28111.25,28085.5,28091.25,,7076,6498.75,1,0,0,0,0
1785423240,28091.25,28092.75,28063.25,28069,,9116,6642.05,-1,0,0,0,0
1785423300,28069,28071.5,28042.5,28054.25,,10469,6849.2,-1,0,0,0,0
1785423360,28055,28061,28024.75,28035.25,,9362,6987.8,-1,0,0,0,0
1785423420,28035.75,28063.25,28022.75,28057.25,,8361,7127.2,-1,0,0,0,0
1785423480,28056.5,28075,28043.75,28074.75,,8399,7272.65,-1,0,0,0,0
1785423540,28074,28095.5,28065.5,28070.75,28099.526505549988,10606,7574,-1,0,0,0,0
1785423600,28070.75,28077.75,28013,28027.25,,12894,7973,-1,0,0,0,0
1785423660,28026.5,28039.75,28012,28020.5,,9714,8258.2,-1,0,0,0,0
1785423720,28020.25,28069.25,28016,28068.25,,9231,8472.85,-1,0,0,0,0
1785423780,28068.25,28106.25,28067.5,28103.25,,11675,8661.15,-1,0,0,0,0
1785423840,28103.75,28114.25,28078.75,28104.5,,8079,8639.35,-1,0,0,0,0
1785423900,28104.75,28122.75,28096.75,28114,,7120,8658.4,1,1,0,0,0
1785423960,28115.5,28123.25,28087.25,28094.5,,7283,8613.95,-1,0,0,1,0
1785424020,28094.5,28101,28063.5,28072,,8339,8723.8,-1,0,0,0,0
1785424080,28072,28099,28055,28098,,7064,8647,-1,0,0,0,0
1785424140,28097.5,28138,28094,28134.75,,9809,8777.05,1,0,0,0,0
1785424200,28134.25,28137,28069.25,28079.5,,9279,8924.2,-1,0,0,0,0
1785424260,28079.5,28085,28037.25,28045,,9118,8941.85,-1,0,0,0,0
1785424320,28045,28064.75,28034.5,28060.75,,6613,8980.35,-1,0,0,0,0
1785424380,28060.75,28061.25,28020,28033,,7125,8982.8,-1,0,1,0,0
1785424440,28033,28046.25,28018.5,28024.25,28074.434337033326,5926,8823.3,-1,0,0,0,0
1785424500,28024.5,28061.75,28007.75,28060.5,,8861,8742.9,-1,0,0,0,0
1785424560,28060,28076,28050.25,28054.25,,7193,8634.45,-1,0,0,0,0
1785424620,28054.5,28069,28024.5,28030.25,,6529,8542.85,-1,0,0,0,0
1785424680,28029.75,28048.75,28021.5,28045.75,,5178,8381.8,-1,0,0,0,0
1785424740,28045.25,28056.25,28037.5,28046.75,,3932,8048.1,-1,0,1,0,0
1785424800,28046.75,28060,28037.75,28055.25,,4629,7634.85,-1,0,0,0,0
1785424860,28055.25,28099.5,28053.5,28077.25,,8199,7559.1,-1,0,0,0,0
1785424920,28077,28088.25,28061.5,28074.75,,4985,7346.8,-1,0,0,0,0
1785424980,28074.75,28077.25,28030.5,28057.5,,6802,7103.15,-1,0,0,0,0
1785425040,28057.25,28062.75,28035.75,28049.75,,4256,6912,-1,0,0,0,0
1785425100,28050,28079.5,28030,28037.5,,6271,6869.55,-1,0,0,0,0
1785425160,28037,28043.25,27995.5,28041.25,,10090,7009.9,-1,0,0,0,0
1785425220,28040.75,28053.25,28017.25,28020.25,,5588,6872.35,-1,0,0,0,0
1785425280,28019,28025.75,28003.75,28021.5,,5308,6784.55,-1,0,0,0,0
1785425340,28022.25,28033.25,28007.5,28010.25,28053.039558022218,4641,6526.15,-1,0,0,0,0
1785425400,28010.25,28023.5,28001,28008,,6105,6367.45,-1,0,0,0,0
1785425460,28007.5,28042.25,28005.25,28030.75,,5639,6193.5,-1,0,0,0,0
1785425520,28031,28055.25,28029.75,28038.25,,5112,6118.45,-1,0,0,0,0
1785425580,28038.5,28051,28028,28050.5,,3886,5956.5,-1,0,0,0,0
1785425640,28049.5,28074,28030,28073.5,,5997,5960.05,-1,0,0,0,0
1785425700,28073.75,28090,28055.5,28059.75,,7022,5868.1,-1,0,0,0,0
1785425760,28060,28088,28059,28087.25,,4353,5726.1,1,1,0,0,0
1785425820,28086.75,28088,28041.5,28043.5,,5660,5682.65,-1,0,0,1,0
1785425880,28044,28056.25,28036.5,28049.25,,4619,5654.7,-1,0,0,0,0
1785425940,28049.75,28073.25,28042.5,28072,,4061,5661.15,-1,0,0,0,0
1785426000,28072.25,28087,28058.75,28075.75,,5725,5715.95,1,0,0,0,0
1785426060,28075,28084,28062.75,28078.25,,3152,5463.6,1,0,0,0,0
1785426120,28078.5,28080.25,28055,28076.5,,4250,5426.85,1,0,0,0,0
1785426180,28076.75,28089.75,28066,28088.25,,4391,5306.3,1,0,0,0,0
1785426240,28088,28109.25,28086,28089.5,28065.19303868148,5784,5382.7,1,0,0,0,0
1785426300,28090,28114,28089.25,28109,,3801,5259.2,1,1,0,0,0
1785426360,28109.25,28133.75,28106.25,28123.5,,4885,4998.95,1,0,0,0,0
1785426420,28123.75,28131.5,28120.5,28122.5,,2725,4855.8,1,0,0,0,0
1785426480,28122.5,28123.75,28100.75,28106.5,,3947,4787.75,1,0,0,0,0
1785426540,28106.75,28117,28090,28114.25,,3903,4750.85,1,0,0,0,0
1785426600,28113.75,28121.75,28087,28090,,4054,4648.3,1,0,0,0,0
1785426660,28089.25,28106.75,28074,28106.5,,5420,4637.35,1,0,0,0,0
1785426720,28106,28106,28048.5,28068.25,,6174,4690.45,1,0,0,0,0
1785426780,28068.5,28093.5,28063.25,28087.25,,4482,4720.25,1,0,0,0,0
1785426840,28087.75,28111.25,28077.5,28108.25,,4017,4621.25,1,0,0,0,0
1785426900,28108.5,28130.25,28108.5,28122.5,,4641,4502.2,1,0,0,0,0
1785426960,28122.5,28131.5,28114.75,28116.5,,3391,4454.1,1,0,0,0,0
1785427020,28117.25,28120.5,28105,28112.5,,3345,4338.35,1,0,0,0,0
1785427080,28112.25,28115.5,28087.75,28094,,4295,4322.15,1,0,0,0,0
1785427140,28094,28094,28071,28078.5,28069.62869245432,3966,4317.4,1,0,0,0,0
1785427200,28079,28082.25,28059.5,28069.75,,5778,4320.05,1,0,0,0,0
1785427260,28069.5,28096.5,28060.5,28095.75,,5946,4459.75,1,0,0,0,0
1785427320,28095.5,28118.75,28083.75,28115.75,,5650,4529.75,1,0,0,0,0
1785427380,28115.75,28127,28112.5,28120,,3899,4505.15,1,0,0,0,0
1785427440,28120.25,28156.5,28119.25,28150,,7374,4584.65,1,0,0,0,0
1785427500,28149.75,28167.75,28148.25,28152.25,,5072,4648.2,1,0,0,0,0
1785427560,28153,28161.25,28140.75,28143,,3445,4576.2,1,1,0,0,0
1785427620,28143.25,28149.5,28135.75,28148.25,,3267,4603.3,1,0,0,0,0
1785427680,28148.5,28153.5,28137,28151.25,,2820,4546.95,1,0,0,0,0
1785427740,28151,28154.5,28135.75,28144.5,,3073,4505.45,1,0,0,0,0
1785427800,28143.75,28162,28141.5,28153.25,,3409,4473.2,1,0,0,0,0
1785427860,28153.25,28172.5,28148,28170.25,,3980,4401.2,1,0,0,0,0
1785427920,28170.25,28182.25,28164.25,28182.25,,3897,4287.35,1,0,0,0,0
1785427980,28182,28189.75,28180.5,28187.75,,3899,4258.2,1,0,0,0,0
1785428040,28187.25,28189.5,28174.25,28186,28108.41912830288,3508,4232.75,1,0,0,0,0
1785428100,28186,28191.5,28180.25,28182.5,,2687,4135.05,1,0,0,0,0
1785428160,28182.25,28191.5,28178.5,28189.25,,2572,4094.1,1,0,0,0,0
1785428220,28189.25,28190.25,28176,28189.25,,2919,4072.8,1,0,0,0,0
1785428280,28189.25,28192.75,28171.25,28186.75,,2903,4003.2,1,0,0,0,0
1785428340,28186.75,28192.5,28167.75,28172,,2648,3937.3,1,0,0,0,0
1785428400,28172.25,28183.75,28165.5,28178.5,,3572,3827,1,0,0,0,0
1785428460,28178,28182,28170.5,28181.5,,1918,3625.6,1,0,0,0,0
1785428520,28181,28186.5,28163.25,28168.25,,2670,3476.6,1,0,0,0,0
1785428580,28168.25,28168.25,28147.25,28163.25,,4275,3495.4,1,0,0,0,0
1785428640,28162.75,28169.5,28150.5,28156.5,,2893,3271.35,1,0,0,0,0
1785428700,28156.75,28157.5,28144.75,28149.25,,2225,3129,1,0,0,0,0
1785428760,28149.75,28155.75,28143.75,28151,,2234,3068.45,1,0,0,0,0
1785428820,28151,28162.25,28147.5,28161.25,,2220,3016.1,1,0,0,0,0
1785428880,28161.25,28163.5,28144.5,28150,,2245,2987.35,1,0,0,0,0
1785428940,28149.75,28152.75,28140.25,28143.5,28120.11275220192,2446,2956,1,0,0,0,0
1785429000,28144.25,28150.25,28123.5,28126,,4343,3002.7,1,0,0,0,0
1785429060,28126,28130.5,28113.75,28127.75,,4121,3009.75,1,0,0,0,0
1785429120,28128.25,28133.75,28115,28130.75,,3258,2977.8,1,0,0,0,0
1785429180,28129.75,28133,28119.25,28123.75,,2205,2893.1,1,0,0,0,0
1785429240,28123,28126.75,28111.25,28120,,3439,2889.65,1,0,0,0,0
1785429300,28120.25,28142,28116.5,28122.5,,4463,2978.45,1,0,0,0,0
1785429360,28123,28136.25,28122.5,28131,,2238,2961.75,1,0,0,0,0
1785429420,28130.5,28132.5,28119,28123,,2020,2916.8,1,0,0,0,0
1785429480,28122.75,28127,28114,28120,,1924,2867.85,1,0,0,0,0
1785429540,28120.25,28128,28115.5,28117,,1608,2815.85,1,0,0,0,0
1785429600,28117.5,28118.25,28083.5,28086,,5696,2922.05,-1,0,0,0,0
1785429660,28086,28092.25,28072,28079.75,,4585,3055.4,-1,0,0,0,0
1785429720,28080,28085.25,28062.5,28067.75,,3608,3102.3,-1,0,0,0,0
1785429780,28067.5,28080.75,28055.25,28062.5,,4267,3101.9,-1,0,0,0,0
1785429840,28063,28070.5,28058.25,28068.75,28102.99183480128,2690,3091.75,-1,0,0,0,0
1785429900,28068.25,28098.25,28066,28092.5,,4847,3222.85,-1,0,0,0,0
1785429960,28092.25,28108,28092,28097.25,,3693,3295.8,-1,0,0,0,0
1785430020,28097.5,28105,28089.75,28092,,2270,3298.3,-1,0,0,0,0
1785430080,28092.5,28098.75,28084,28086.5,,2269,3299.5,-1,0,0,0,0
1785430140,28086.5,28101.5,28085.25,28098.25,,1749,3264.65,-1,0,0,0,0
1785430200,28099.5,28105.75,28077.75,28083.75,,3070,3201,-1,0,0,0,0
1785430260,28084,28122.25,28083,28120.75,,4074,3198.65,1,0,0,0,0
1785430320,28120.75,28137,28119.75,28133,,4313,3251.4,1,0,0,0,0
1785430380,28132.5,28133.75,28109.75,28114.25,,3112,3296.75,-1,0,0,0,0
1785430440,28113.25,28120.25,28109.25,28113.75,,1770,3213.3,-1,0,0,0,0
1785430500,28113.5,28131.5,28109,28129,,2870,3133.65,1,0,0,0,0
1785430560,28128,28136.25,28123.5,28127.5,,1873,3115.4,1,0,0,0,0
1785430620,28127.25,28132.75,28122,28122.75,,1795,3104.15,1,0,0,0,0
1785430680,28122.75,28128.75,28114.5,28128.25,,1849,3100.4,1,0,0,0,0
1785430740,28128.25,28131.25,28123.5,28126.75,28110.911223200852,1219,3080.95,1,0,0,0,0
1785430800,28126.25,28170.5,28126.25,28159.25,,7657,3179,1,1,0,0,0
1785430860,28159,28173.25,28153,28171.25,,3035,3101.5,1,0,0,0,0
1785430920,28171.25,28174.25,28148.25,28151.75,,3059,3074.05,1,0,0,0,0
1785430980,28151.75,28162,28150,28151.75,,1967,2959.05,1,0,0,0,0
1785431040,28152.75,28169,28152.5,28167.25,,1645,2906.8,1,0,0,0,0
1785431100,28167.5,28172,28161.75,28167.75,,1818,2755.35,1,0,0,0,0
1785431160,28167.25,28184.25,28166.25,28174.25,,3425,2741.95,1,0,0,0,0
1785431220,28174.5,28174.5,28159.5,28166.75,,2240,2740.45,1,0,0,0,0
1785431280,28166.5,28176.25,28162.75,28173.75,,1577,2705.85,1,0,0,0,0
1785431340,28173,28173,28160,28168.5,,2053,2721.05,1,0,0,0,0
1785431400,28168.5,28182.5,28161.5,28169,,2740,2704.55,1,0,0,0,0
1785431460,28168.5,28176.25,28156.5,28173.5,,2830,2642.35,1,0,0,0,0
1785431520,28173.25,28176.75,28153,28158.5,,3415,2597.45,1,0,0,0,0
1785431580,28158.75,28163,28154.25,28159.75,,1662,2524.95,1,0,0,0,0
1785431640,28160,28162.5,28154.5,28158.5,28126.774148800567,1429,2507.9,1,0,0,0,0
1785431700,28158.75,28169,28156,28159.25,,2407,2484.75,1,0,0,0,0
1785431760,28159.75,28183.5,28159,28179.5,,2727,2527.45,1,0,0,0,0
1785431820,28179.75,28190,28179.5,28184,,2727,2574.05,1,0,0,0,0
1785431880,28184,28190.75,28176.5,28181.5,,2145,2588.85,1,0,0,0,0
1785431940,28181.5,28208.5,28179,28202.75,,4808,2768.3,1,0,0,0,0
1785432000,28202.75,28205.25,28193.5,28202.5,,2482,2509.55,1,0,0,0,0
1785432060,28202.5,28207.25,28194,28199.75,,1805,2448.05,1,1,0,1,0
1785432120,28199.75,28199.75,28178.75,28180.25,,2924,2441.3,1,0,0,0,0
1785432180,28180.5,28193.25,28178.5,28191,,1844,2435.15,1,0,0,0,0
1785432240,28190.75,28191.5,28181.75,28188.75,,1444,2425.1,1,0,0,0,0
1785432300,28189.25,28191.25,28178,28182.5,,1679,2418.15,1,0,0,0,0
1785432360,28183,28184.25,28174.25,28182,,1821,2337.95,1,0,0,0,0
1785432420,28182.25,28191,28180.5,28182,,1534,2302.65,1,0,0,0,0
1785432480,28181.75,28183.5,28164,28175,,3408,2394.2,1,0,0,0,0
1785432540,28175,28177,28164.75,28169,28140.849432533712,1855,2384.3,1,0,0,0,0
1785432600,28169.25,28184.5,28167,28176.5,,2895,2392.05,1,0,0,0,0
1785432660,28175.75,28180.75,28169.5,28176.75,,1617,2331.4,1,0,0,0,0
1785432720,28176.25,28182,28171.25,28173.25,,1373,2229.3,1,0,0,0,0
1785432780,28173.5,28177.5,28158.5,28166.25,,2736,2283,1,0,0,0,0
1785432840,28166.5,28167.25,28153.25,28163,,2010,2312.05,1,0,0,0,0
1785432900,28163.25,28177.75,28160.5,28175.5,,2400,2311.7,1,0,0,0,0
1785432960,28176,28180.5,28167.75,28179,,2133,2282,1,0,0,0,0
1785433020,28179.25,28181,28154.75,28160,,3437,2317.5,1,0,0,0,0
1785433080,28159.5,28160,28138.5,28152.5,,5026,2461.55,1,0,0,0,0
1785433140,28153.25,28155,28141.75,28147.25,,2041,2323.2,1,0,0,0,0
1785433200,28147.5,28165.25,28147.25,28158,,2890,2343.6,1,0,0,0,0
1785433260,28158.25,28170.75,28157.75,28170.5,,2478,2377.25,1,0,0,0,0
1785433320,28169.75,28198.25,28166.75,28174,,4873,2474.7,1,0,0,0,0
1785433380,28173.75,28198.5,28173,28186.25,,3637,2564.35,1,0,0,0,0
1785433440,28186.25,28192,28181.5,28188.25,28156.649621689143,1899,2587.1,1,1,0,0,0
1785433500,28188.25,28193.5,28184,28186.5,,2023,2604.3,1,0,0,0,0
1785433560,28186.75,28202.5,28184.75,28197,,2450,2635.75,1,0,0,0,0
1785433620,28196.75,28200.75,28192.25,28195.75,,1735,2645.8,1,0,0,0,0
1785433680,28196,28201.5,28193.25,28199.25,,1285,2539.65,1,0,0,0,0
1785433740,28199.25,28199.5,28183,28183.25,,2058,2549.8,1,0,0,0,0
1785433800,28183.25,28193.25,28179.75,28192.5,,2321,2521.1,1,0,0,0,0
1785433860,28193,28207.5,28190.25,28200,,2997,2590.1,1,0,0,0,0
1785433920,28200.25,28201.75,28176.25,28186.75,,3881,2715.5,1,0,0,0,0
1785433980,28186.75,28188,28174,28175.25,,2104,2683.9,1,0,0,0,0
1785434040,28175.25,28185,28174,28175.5,,1571,2661.95,1,0,0,0,0
1785434100,28175.5,28180,28165.5,28179.5,,2783,2681.1,1,0,0,0,0
1785434160,28179,28185,28173.25,28180,,1794,2664.15,1,0,0,0,0
1785434220,28179.5,28188.5,28176.75,28185.25,,1620,2573.3,1,0,0,0,0
1785434280,28185.25,28186.5,28172.25,28178.25,,1875,2415.75,1,0,0,0,0
1785434340,28178.5,28186.75,28174.5,28177.25,28163.516414459427,1336,2380.5,1,0,0,0,0
1785434400,28177.75,28196.5,28177.75,28191.25,,2804,2376.2,1,0,0,0,0
1785434460,28191.5,28201.5,28191.25,28198,,2062,2355.4,1,0,0,0,0
1785434520,28198.25,28198.5,28189,28193.5,,1473,2185.4,1,0,0,0,0
1785434580,28193.25,28196,28179.25,28182.25,,1741,2090.6,1,0,0,0,0
1785434640,28182.75,28185,28168,28169.5,,2361,2113.7,1,0,0,0,0
1785434700,28169.25,28185.75,28167.5,28178.5,,2343,2129.7,1,0,0,0,0
1785434760,28178.5,28194.5,28178.5,28193.75,,2025,2108.45,1,0,0,0,0
1785434820,28193.75,28195,28185.25,28185.25,,1501,2096.75,1,0,0,0,0
1785434880,28185.5,28193,28177,28192,,2174,2141.2,1,0,0,0,0
1785434940,28192.5,28196.25,28186.75,28192.5,,1528,2114.7,1,0,0,0,0
1785435000,28191.5,28195.25,28183.25,28191.25,,1564,2076.85,1,0,0,0,0
1785435060,28190.5,28196.25,28185,28196.25,,1064,1980.2,1,0,0,0,0
1785435120,28196.5,28197.5,28182.5,28195,,1570,1864.65,1,0,0,0,0
1785435180,28194.75,28196.25,28186.5,28195.25,,1063,1812.6,1,0,0,0,0
1785435240,28195,28205.5,28192.25,28200.25,28175.760942972953,2268,1847.45,1,0,0,0,0
1785435300,28200.5,28203.75,28183.25,28187,,2480,1832.3,1,0,0,0,0
1785435360,28186.5,28192.25,28180.75,28182.75,,1672,1826.2,1,0,0,0,0
1785435420,28183,28183.25,28170.75,28177.75,,2320,1861.2,1,0,0,0,0
1785435480,28177.75,28185,28175,28177,,1723,1853.6,1,0,0,0,0
1785435540,28177,28177.5,28160,28168,,2611,1917.35,1,0,0,0,0
1785435600,28167.75,28176.25,28162.25,28172.75,,2016,1877.95,1,0,0,0,0
1785435660,28172.75,28185,28170.25,28182.75,,1963,1873,1,0,0,0,0
1785435720,28183,28191.25,28176.5,28189.5,,2451,1921.9,1,0,0,0,0
1785435780,28189.25,28192.75,28182,28185.75,,1550,1912.35,1,0,0,0,0
1785435840,28185.5,28190,28183.25,28184.25,,825,1835.55,1,0,0,0,0
1785435900,28185,28189.25,28180,28181.5,,1090,1772.9,1,0,0,0,0
1785435960,28181.5,28185.25,28174.25,28182.5,,1422,1742.75,1,0,0,0,0
1785436020,28182.75,28191.25,28179.25,28180.75,,1154,1725.4,1,0,0,0,0
1785436080,28180.25,28187.5,28173.5,28182.5,,1151,1674.25,1,0,0,0,0
1785436140,28182.5,28188,28179.25,28182.5,28178.007295315303,892,1642.45,1,0,0,0,0
1785436200,28183.5,28198.25,28179.25,28197,,2180,1673.25,1,0,0,0,0
1785436260,28197,28199.25,28175.25,28182,,2559,1748,1,0,0,0,0
1785436320,28181.75,28184.5,28171.25,28177.5,,2054,1772.2,1,0,0,0,0
1785436380,28177.75,28186,28177.25,28178.75,,1237,1780.9,1,0,0,0,0
1785436440,28178.5,28180.25,28170.25,28174.75,,1690,1752,-1,0,0,0,0
1785436500,28174.5,28176.25,28164,28170.75,,2143,1735.15,-1,0,0,0,0
1785436560,28170.75,28172.75,28162,28166.5,,1409,1722,-1,0,1,0,0
1785436620,28167.25,28170.25,28156.75,28162.75,,2320,1722,-1,0,0,0,0
1785436680,28162.75,28176.25,28156.5,28158,,2200,1745.85,-1,0,0,0,0
1785436740,28157.75,28160.25,28147.75,28158,,3695,1800.05,-1,0,0,0,0
1785436800,28158.25,28170.75,28154.25,28169.25,,2750,1836.75,-1,0,0,0,0
1785436860,28170,28170.25,28153.25,28154.25,,1971,1837.15,-1,0,0,0,0
1785436920,28154.25,28165.5,28150.5,28153.25,,2147,1821.95,-1,0,0,0,0
1785436980,28153.5,28163,28153,28160.5,,1324,1810.65,-1,0,0,0,0
1785437040,28160.5,28170.5,28154.75,28167.25,28174.421530210202,1759,1857.35,-1,0,0,0,0
1785437100,28167,28174.25,28166,28171.75,,1826,1894.15,-1,0,0,0,0
1785437160,28172.5,28187.25,28169.75,28183.5,,2522,1949.15,1,0,0,0,0
1785437220,28183.5,28189.75,28180.75,28183.5,,1885,1985.7,1,0,0,0,0
1785437280,28183.25,28187.25,28175.5,28176.75,,2031,2029.7,-1,0,0,0,0
1785437340,28176.25,28180,28173,28179,,1166,2043.4,1,0,0,0,0
1785437400,28178.5,28186.25,28172.5,28173.5,,1805,2024.65,-1,0,0,0,0
1785437460,28174,28176.75,28164.25,28169.25,,1878,1990.6,-1,0,1,0,0
1785437520,28169.5,28177.5,28166.25,28169,,1231,1949.45,-1,0,0,0,0
1785437580,28169,28175.5,28164,28168,,1442,1959.7,-1,0,0,0,0
1785437640,28167.75,28173,28162.75,28164.25,,966,1923.5,-1,0,0,0,0
1785437700,28164,28170.5,28162.25,28162.75,,1184,1875.55,-1,0,0,0,0
1785437760,28162.5,28168.75,28154.5,28167.5,,1937,1901.95,-1,0,0,0,0
1785437820,28168,28172.25,28160.75,28166.25,,1237,1847.8,-1,0,0,0,0
1785437880,28166.25,28173,28162.25,28169.5,,1120,1793.8,-1,0,0,0,0
1785437940,28169.75,28186.5,28169.25,28181.25,28176.6976868068,2634,1740.75,1,0,0,0,1
1785438000,28181,28195.75,28180,28195,,3560,1781.25,1,0,0,0,0
1785438060,28195.5,28200.75,28190,28195,,2403,1802.85,1,0,0,0,0
1785438120,28194.5,28212,28194,28201.75,,3813,1886.15,1,1,0,0,0
1785438180,28201,28202.75,28192.5,28192.5,,1680,1903.95,1,0,0,0,0
1785438240,28192.75,28202.5,28190.75,28199,,1630,1897.5,1,0,0,0,0
1785438300,28199.25,28204.25,28195,28200.25,,1389,1875.65,1,0,0,0,0
1785438360,28200.5,28220,28197,28219,,2901,1894.6,1,0,0,0,0
1785438420,28219.75,28238.75,28219.25,28235.5,,4865,2043.6,1,0,0,0,0
1785438480,28235.25,28243.5,28233.25,28242.75,,2923,2088.2,1,0,0,0,0
1785438540,28242.75,28255.5,28241.75,28254,,4849,2272.35,1,0,0,0,0
1785438600,28254,28280.75,28252.5,28277.25,,7027,2533.45,1,0,0,0,0
1785438660,28277,28285.75,28272.5,28273,,3687,2623.9,1,0,0,0,0
1785438720,28273,28295.75,28272.75,28291,,3664,2745.55,1,1,0,1,0
1785438780,28291,28293.5,28279.5,28282.75,,2588,2802.85,1,0,0,0,0
1785438840,28282.75,28284.5,28274,28274.5,28209.298457871202,2257,2867.4,1,0,0,0,0
1785438900,28273.75,28281,28262,28265.25,,3669,2991.65,1,0,0,0,0
1785438960,28264.75,28287.5,28263.5,28287.25,,2747,3032.15,1,0,0,0,0
1785439020,28287.5,28292.5,28282.75,28285.25,,2028,3071.7,1,0,0,0,0
1785439080,28285.75,28298,28283.75,28295,,2732,3152.3,1,1,0,0,0
1785439140,28295.5,28296,28282,28286,,2400,3140.6,1,0,0,0,0
1785439200,28286,28287.75,28275.25,28276,,2151,3070.15,1,0,0,0,0
1785439260,28275.75,28279.5,28268,28268,,2342,3067.1,1,0,0,0,0
1785439320,28268.75,28273.5,28257.25,28263.75,,3422,3047.55,1,0,0,0,0
1785439380,28264.5,28271.25,28260,28270.25,,2124,3069.75,1,0,0,0,0
1785439440,28270.5,28273.75,28263.25,28264,,1762,3076.35,1,0,0,0,0
1785439500,28263.5,28272,28258.75,28261,,2312,3122.5,1,0,0,0,0
1785439560,28261,28270.25,28254.5,28267.75,,2185,3086.7,1,0,0,0,0
1785439620,28267.75,28270,28259,28263.75,,1410,2913.95,1,0,0,0,0
1785439680,28263.25,28266.75,28254.75,28257.5,,1529,2844.25,1,0,0,0,0
1785439740,28257.75,28258.25,28241.5,28243.75,28220.782305247467,3472,2775.4,1,0,0,0,0
1785439800,28243.75,28255,28241,28252.5,,3198,2583.95,1,0,0,0,0
1785439860,28253,28254.25,28235.5,28247.5,,2948,2547,1,0,0,0,0
1785439920,28247.5,28251,28236,28239.25,,2239,2475.75,1,0,0,0,0
1785439980,28239.5,28249,28239.5,28248,,1844,2438.55,1,0,0,0,0
1785440040,28248.25,28258.25,28238,28243.25,,3056,2478.5,1,0,0,0,0
1785440100,28243,28246,28231.25,28232.25,,2322,2411.15,1,0,0,0,0
1785440160,28232.25,28233,28219.5,28220.25,,3390,2443.3,1,0,0,0,0
1785440220,28220.75,28237.5,28220,28229,,2773,2480.55,1,0,0,0,0
1785440280,28229,28247.75,28228,28235.5,,2876,2487.75,1,0,0,0,0
1785440340,28235.75,28243.5,28235.75,28238.5,,1434,2439.45,1,0,0,0,0
1785440400,28238.75,28241.25,28227.75,28233.25,,2592,2461.5,1,0,0,0,0
1785440460,28233.25,28240,28228.75,28233.75,,1539,2421.35,1,0,0,0,0
1785440520,28233,28233.75,28221,28229.5,,2155,2358,1,0,0,0,0
1785440580,28229,28242,28225,28235.75,,2262,2364.9,1,0,0,0,0
1785440640,28235.5,28239,28231.5,28232.5,28224.68820349831,1774,2365.5,1,0,0,0,0
1785440700,28232.5,28245.5,28227.75,28239.5,,2981,2398.95,1,0,0,0,0
1785440760,28239.25,28243,28232.25,28232.5,,2040,2391.7,1,0,0,0,0
1785440820,28232.75,28241,28224,28233.75,,2585,2450.45,1,0,0,0,0
1785440880,28234.25,28234.75,28222,28222,,2011,2474.55,1,0,0,0,0
1785440940,28221.75,28236.5,28215,28235.25,,3304,2466.15,1,0,0,0,0
1785441000,28235.5,28243.5,28218.25,28221.25,,4979,2555.2,1,0,0,0,0
1785441060,28220.5,28227,28206.25,28219.5,,4232,2619.4,-1,0,0,0,0
1785441120,28219.75,28228.25,28214,28225,,2865,2650.7,1,0,0,0,0
1785441180,28225.25,28233.25,28208.25,28210,,4433,2780.15,-1,0,0,0,0
1785441240,28209.75,28241.5,28207.75,28224.25,,5337,2894.2,1,0,0,0,0
1785441300,28224.25,28226.25,28202.25,28213.75,,5054,3030.8,-1,0,0,0,0
1785441360,28214.25,28238,28211.5,28228.75,,3924,3057.5,1,0,0,0,0
1785441420,28228.75,28235.5,28224.5,28234.25,,2686,3053.15,1,0,0,0,0
1785441480,28234.5,28247,28230,28240,,3827,3100.7,1,0,0,0,0
1785441540,28240,28263,28211.75,28230,28226.458802332207,15342,3796.1,1,0,0,0,0
1785441600,28229.5,28242,28203.75,28221.75,,7090,4021,-1,0,0,0,0
1785441660,28218.75,28365.5,28215.5,28332.75,,8753,4381.7,1,0,0,0,0
1785441720,28332.75,28337.75,28302.5,28331.25,,3878,4467.85,1,0,0,0,0
1785441780,28329.75,28339.25,28308,28309.75,,3045,4507,1,1,0,0,0
1785441840,28310.25,28337.75,28292,28336.75,,3198,4578.2,1,0,0,0,0
1785441900,28336.75,28336.75,28309,28316.25,,2266,4542.45,1,0,0,0,0
1785441960,28315.75,28324.5,28302.5,28306.5,,2176,4549.25,1,0,0,0,0
1785442020,28306,28330.5,28302,28318,,1966,4518.3,1,0,0,0,0
1785442080,28316.5,28330.5,28309.25,28310.5,,1785,4507,1,0,0,0,0
1785442140,28310.5,28312,28297.5,28301.5,,1871,4435.35,1,0,0,0,0
1785442200,28300.75,28311.5,28291.5,28304,,2145,4293.65,1,0,0,0,0
1785442260,28303.75,28311.75,28283.25,28288,,2268,4195.45,1,0,0,0,0
1785442320,28287.25,28318.75,28286,28318,,2289,4166.65,1,0,0,0,0
1785442380,28316.5,28327,28313,28322.5,,1403,4015.15,1,0,0,0,0
1785442440,28323.5,28330.25,28320.5,28325,28259.305868221472,1288,3812.7,1,0,0,0,0
1785442500,28324,28346.75,28322.25,28346.25,,2060,3663,1,1,0,0,0
1785442560,28346.25,28351.5,28338.25,28341,,1580,3545.8,1,0,0,0,0
1785442620,28341,28344.5,28326.25,28331.5,,1860,3504.5,1,0,0,0,0
1785442680,28332.25,28345,28324.25,28345,,1660,3396.15,1,0,0,0,0
1785442740,28344.75,28356.5,28342.25,28355.5,,1411,2699.6,1,1,0,1,0
1785442800,28355.25,28369,28352.25,28357.25,,1566,2423.4,1,0,0,0,0
1785442860,28356.5,28356.5,28339.25,28341,,1530,2062.25,1,0,0,0,0
1785442920,28341,28359.75,28340,28353.75,,905,1913.6,1,0,0,0,0
1785442980,28354,28365.25,28351.5,28359,,955,1809.1,1,0,0,0,0
1785443040,28360.75,28364.75,28351.75,28360.25,,672,1682.8,1,0,0,0,0
1785443100,28360.5,28363.75,28350.5,28357.75,,642,1601.6,1,0,0,0,0
1785443160,28358,28366,28356.25,28360.75,,762,1530.9,1,0,0,0,0
1785443220,28360.5,28363.75,28345.5,28348.75,,746,1469.9,1,0,0,0,0
1785443280,28348.25,28363,28346.5,28360,,789,1420.1,1,0,0,0,0
1785443340,28359.25,28367.5,28355.75,28364.75,28294.45391214765,739,1363.5,1,0,0,0,0
1785443400,28365.5,28410,28311,28318.25,,5374,1524.95,1,0,0,0,0
1785443460,28319.25,28341.25,28316.5,28326,,2183,1520.7,1,0,0,0,0
1785443520,28327.25,28356.5,28321.75,28355,,1671,1489.8,1,0,0,0,0
1785443580,28355.75,28370,28346.75,28356,,1667,1503,1,0,0,0,0
1785443640,28357.5,28364,28353,28359,,780,1477.6,1,1,0,0,0
1785443700,28357.75,28359.25,28330.5,28335.5,,1111,1430.15,1,0,0,0,0
1785443760,28335.75,28338.75,28326.75,28336,,819,1392.1,1,0,0,0,0
1785443820,28335.75,28342.5,28325,28340.5,,844,1341.3,1,0,0,0,0
1785443880,28341,28350.75,28330.75,28348.25,,795,1298.05,1,0,0,0,0
1785443940,28349.25,28351.5,28338.25,28344.75,,605,1257.75,1,0,0,0,0
1785444000,28344.25,28345.5,28330.25,28334.5,,798,1219.35,1,0,0,0,0
1785444060,28334.75,28340.25,28322.75,28337.5,,850,1185.35,1,0,0,0,0
1785444120,28338,28355.5,28336.25,28354.25,,1221,1201.15,1,0,0,0,0
1785444180,28354.25,28360,28348.75,28353,,632,1185,1,0,0,0,0
1785444240,28353,28363.5,28348.75,28361,28316.635941431767,1020,1202.4,1,1,0,0,0
1785444300,28361,28363.75,28348.5,28350.25,,793,1209.95,1,0,0,0,0
1785444360,28350.75,28352.75,28343.25,28345.75,,636,1203.65,1,0,0,0,0
1785444420,28344.75,28346.5,28340,28344,,571,1194.9,1,0,0,0,0
1785444480,28344,28346.5,28339.75,28342.25,,480,1179.45,1,0,0,0,0
1785444540,28341.5,28348.5,28337.75,28342.5,,520,1168.5,1,0,0,0,0
1785444600,28344,28347.25,28329.5,28331.75,,625,931.05,1,0,0,0,0
1785444660,28331.5,28340.75,28330.75,28336.75,,636,853.7,1,0,0,0,0
1785444720,28337.75,28340.5,28325.75,28330.5,,623,801.3,1,0,0,0,0
1785444780,28330.5,28337,28329,28334,,778,756.85,1,0,0,0,0
1785444840,28333.75,28336.5,28325.5,28334,,644,750.05,1,0,0,0,0
1785444900,28335.5,28342,28333.75,28337.5,,491,719.05,1,0,0,0,0
1785444960,28336.5,28337.25,28327.5,28333.5,,396,697.9,1,0,0,0,0
1785445020,28332.75,28334,28327,28328.75,,420,676.7,1,0,0,0,0
1785445080,28328.75,28340.75,28328,28336.75,,383,656.1,1,0,0,0,0
1785445140,28336.75,28338,28323.25,28333.5,28322.257294287843,485,650.1,1,0,0,0,0
1785448800,28317.25,28355.25,28304.25,28344.75,,2813,750.85,1,0,0,0,0
1785448860,28344.25,28397,28336.25,28393.25,,2865,851.6,1,0,0,0,0
1785448920,28393.75,28416.5,28378.25,28404.5,,2468,913.95,1,0,0,0,0
1785448980,28403.5,28413.5,28394.25,28406.5,,1579,961.3,1,0,0,0,0
1785449040,28406,28410,28398.75,28404.5,,923,956.45,1,0,0,0,0
1785449100,28404.5,28406.75,28381.5,28395.25,,1342,983.9,1,0,0,0,0
1785449160,28394.75,28395.75,28377.5,28381,,946,999.4,1,0,0,0,0
1785449220,28380.25,28390,28377.75,28390,,854,1013.55,1,0,0,0,0
1785449280,28388.75,28392,28375,28385.5,,714,1025.25,1,0,0,0,0
1785449340,28385.5,28400,28384.75,28399,,1062,1052.35,1,0,0,0,0
1785449400,28398.25,28410,28394,28403.75,,1133,1077.75,1,0,0,0,0
1785449460,28403.75,28408.75,28397.25,28403.75,,887,1090.3,1,0,0,0,0
1785449520,28402.75,28403.25,28380.75,28390.5,,1157,1117,1,0,0,0,0
1785449580,28389.75,28392,28377.75,28379.75,,749,1115.55,1,0,0,0,0
1785449640,28379,28388.5,28376.5,28385,28343.17152952523,724,1119.55,1,0,0,0,0
1785449700,28384.25,28397,28383,28393.25,,701,1130.05,1,0,0,0,0
1785449760,28393,28406.5,28392,28403,,986,1159.55,1,0,0,0,0
1785449820,28402.25,28407,28398,28403,,660,1171.55,1,0,0,0,0
1785449880,28403,28403.75,28381.5,28385.75,,1045,1204.65,1,0,0,0,0
1785449940,28385.75,28395,28383.25,28389,,742,1217.5,1,0,0,0,0
1785450000,28388.25,28391.75,28379,28381,,752,1114.45,1,0,0,0,0
1785450060,28380.25,28382.75,28370.5,28372,,1170,1029.7,1,0,0,0,0
1785450120,28371.5,28378,28369,28373.5,,779,945.25,1,0,0,0,0
1785450180,28373.25,28375,28352.75,28360.75,,1438,938.2,1,0,0,0,0
1785450240,28360,28363.5,28357,28358,,601,922.1,1,0,0,0,0
1785450300,28357.5,28378.5,28357.5,28370.75,,1266,918.3,1,0,0,0,0
1785450360,28370,28372,28355.75,28356.25,,1004,921.2,1,0,0,0,0
1785450420,28357.75,28360.5,28350,28350.75,,1021,929.55,1,0,0,0,0
1785450480,28352,28363.5,28351.25,28361.75,,719,929.8,1,0,0,0,0
1785450540,28361.75,28362,28351.5,28354.25,28346.86435301682,475,900.45,1,0,0,0,0
1785450600,28352.75,28356.5,28350.5,28351.25,,600,873.8,1,0,0,0,0
1785450660,28351.25,28351.75,28334,28338.5,,1269,892.9,-1,0,0,0,0
1785450720,28338.5,28341.5,28332,28336.25,,1079,889,-1,0,0,0,0
1785450780,28336.5,28355.75,28335.75,28348,,1084,905.75,1,0,0,0,0
1785450840,28347.25,28368,28346.75,28364.25,,1271,933.1,1,0,0,0,0
1785450900,28365,28374.75,28356.75,28370,,1261,961.1,1,0,0,0,0
1785450960,28369.75,28377.5,28366.5,28374.75,,872,955.4,1,0,0,0,0
1785451020,28374.75,28386.75,28371.5,28384,,1129,978.85,1,0,0,0,0
1785451080,28384,28389,28380.25,28384.25,,729,963.05,1,0,0,0,0
1785451140,28384.75,28389,28361,28385.5,,1177,984.8,1,0,0,0,0
1785451200,28384,28388.5,28380,28386.25,,642,979.3,1,0,0,0,0
1785451260,28385.25,28386.25,28381.5,28383.25,,353,938.45,1,0,0,0,0
1785451320,28383,28396.25,28379.75,28392.75,,1083,953.65,1,1,0,0,0
1785451380,28392.75,28393.25,28385,28390,,657,914.6,1,0,0,0,0
1785451440,28391.25,28406,28391,28402.75,28365.492902011214,1165,942.8,1,0,0,0,0
1785451500,28403,28405.5,28395.5,28402.25,,755,917.25,1,0,0,0,0
1785451560,28401.75,28405.75,28396.75,28401.5,,493,891.7,1,1,0,1,0
1785451620,28400.75,28400.75,28395.5,28397.75,,459,863.6,1,0,0,0,0
1785451680,28397.25,28399,28392.25,28396.5,,581,856.7,1,0,0,0,0
1785451740,28396,28399.5,28394.5,28399.25,,295,847.7,1,0,0,0,0
1785451800,28399,28402.25,28394.25,28401.25,,435,839.45,1,0,0,0,0
1785451860,28401,28402,28388,28393.5,,659,808.95,1,0,0,0,0
1785451920,28394,28400.75,28393,28400.5,,376,773.8,1,0,0,0,0
1785451980,28400.5,28409.5,28400.5,28408,,808,760,1,0,0,0,0
1785452040,28408.5,28410,28400.75,28402.5,,647,728.8,1,0,0,0,0
1785452100,28403.25,28407.75,28395.5,28407,,679,699.7,1,0,0,0,0
1785452160,28406.25,28408.75,28399.5,28400.25,,433,677.75,1,0,0,0,0
1785452220,28400.75,28401.75,28395.25,28398.25,,352,638.9,1,0,0,0,0
1785452280,28397.25,28399.75,28392,28397,,531,629,1,0,0,0,0
1785452340,28397,28400.5,28394.25,28394.25,28375.07860134081,322,586.25,1,0,0,0,0
1785452400,28393.25,28406.75,28391.75,28395.5,,861,597.2,1,0,0,0,0
1785452460,28395,28423.75,28395,28422.5,,1484,653.75,1,0,0,0,0
1785452520,28422.5,28423.25,28411,28416.5,,1184,658.8,1,0,0,0,0
1785452580,28417.25,28425.5,28411.75,28423,,982,675.05,1,1,0,0,0
1785452640,28423.75,28423.75,28416,28416.5,,772,655.4,1,0,0,0,0
1785452700,28417.5,28422.25,28412.75,28415.75,,699,652.6,1,0,0,0,0
1785452760,28416,28419.75,28413.5,28416.25,,503,653.1,1,0,0,0,0
1785452820,28417.25,28418.5,28413.25,28415.75,,285,644.4,1,0,0,0,0
1785452880,28415,28415.5,28405.75,28408.75,,621,646.4,1,0,0,0,0
1785452940,28408.25,28412.5,28393.5,28395.25,,1194,691.35,1,0,0,0,0
1785453000,28394.5,28398.5,28380.75,28383.25,,1720,755.6,1,0,0,0,0
1785453060,28384.25,28385.75,28377,28380.75,,1175,781.4,1,0,0,0,0
1785453120,28380.75,28389.75,28380,28383,,838,804.5,1,0,0,0,0
1785453180,28383.25,28388.25,28381,28386.75,,796,803.9,1,0,0,0,0
1785453240,28386.75,28388.25,28383.75,28384.25,28378.135734227206,333,788.2,1,0,0,0,0
1785453300,28384,28387.75,28383.5,28385,,382,773.35,1,0,0,0,0
1785453360,28385,28385.5,28375,28377.5,,827,793.05,1,0,0,0,0
1785453420,28377.75,28382,28373.5,28378.5,,732,812.05,1,0,0,0,0
1785453480,28378.5,28379.75,28373.5,28376.75,,644,817.7,1,0,0,0,0
1785453540,28377,28379.5,28375,28376,,273,815.25,1,0,0,0,0
1785453600,28375.5,28377.75,28373.25,28376.75,,628,803.6,1,0,0,0,0
1785453660,28376,28379,28361.25,28365.5,,930,775.9,-1,0,0,0,0
1785453720,28367,28373,28364.25,28373,,675,750.45,-1,0,0,0,0
1785453780,28373,28374,28368.5,28371,,398,721.25,-1,0,0,0,0
1785453840,28370.75,28371.5,28367.75,28370.5,,363,700.8,-1,0,0,0,0
1785453900,28370.5,28396,28369.75,28385.75,,1658,748.75,1,0,0,0,0
1785453960,28385.25,28391.5,28377.5,28383.25,,920,769.6,1,0,0,0,0
1785454020,28382.75,28385.25,28380,28380.75,,362,773.45,1,0,0,0,0
1785454080,28380.75,28382.75,28373.75,28375.25,,745,779.65,1,0,0,0,0
1785454140,28375.5,28384.25,28369.75,28378.25,28378.17382281814,905,765.2,1,0,0,0,0
1785454200,28379.25,28380.25,28366,28376.5,,835,720.95,-1,0,0,0,0
1785454260,28376,28389.25,28371.5,28376.5,,852,704.8,-1,0,0,0,0
1785454320,28377.5,28387,28357.75,28385.75,,1678,746.8,1,0,0,0,0
1785454380,28385.75,28387.75,28373.75,28387.75,,706,742.3,1,0,0,0,0
1785454440,28387.75,28388,28378.75,28384,,590,755.15,1,0,0,0,0
1785454500,28384,28387,28380.5,28385.25,,428,757.45,1,0,0,0,0
1785454560,28385.5,28386.75,28380.75,28384.5,,389,735.55,1,0,0,0,0
1785454620,28383.75,28384.75,28377,28381.5,,461,722,1,0,0,0,0
1785454680,28381.25,28387,28375,28380.75,,430,711.3,1,0,0,0,0
1785454740,28380.75,28399.5,28380.75,28393.5,,1108,753.05,1,0,0,0,0
1785454800,28393.5,28399.5,28393.25,28394,,704,756.85,1,0,0,0,0
1785454860,28393.75,28422,28392.5,28409.25,,2300,825.35,1,1,0,0,0
1785454920,28409.25,28414.5,28398.25,28400.25,,1052,844.2,1,0,0,0,0
1785454980,28400.5,28406.25,28396.5,28405.75,,777,863.15,1,0,0,0,0
1785455040,28404,28408.25,28399.5,28406,28387.44921521209,524,871.2,1,0,0,0,0
1785455100,28406.25,28412,28398,28411,,1093,842.95,1,0,0,0,0
1785455160,28411,28420.25,28405.5,28418,,1354,864.65,1,0,0,0,0
1785455220,28418.5,28425.5,28414,28414.25,,1459,919.5,1,0,0,0,0
1785455280,28415.25,28418.25,28409.25,28414.5,,820,923.25,1,0,0,0,0
1785455340,28412,28421.75,28412,28419.25,,650,910.5,1,0,0,0,0
1785455400,28418.25,28419,28391.5,28392.5,,1442,940.85,1,0,0,0,0
1785455460,28392.75,28423.5,28391.25,28420.5,,1547,975.6,1,0,0,0,0
1785455520,28421.5,28440,28420.5,28434.75,,2204,1001.9,1,0,0,0,0
1785455580,28434.75,28434.75,28426.25,28427.75,,1039,1018.55,1,0,0,0,0
1785455640,28427.75,28435.5,28424,28433.75,,765,1027.3,1,0,0,0,0
1785455700,28433,28445.75,28433,28440.5,,1253,1068.55,1,1,0,0,0
1785455760,28440,28443.75,28435.75,28442,,746,1086.4,1,0,0,0,0
1785455820,28442.75,28443.75,28438.75,28440.75,,504,1088.55,1,0,0,0,0
1785455880,28440.75,28444.75,28427,28428.25,,1059,1120,1,0,0,0,0
1785455940,28427.5,28431.75,28421.75,28423.5,28399.46614347473,1080,1118.6,1,0,0,0,0
1785456000,28422,28426.5,28410.25,28419,,2315,1199.15,1,0,0,0,0
1785456060,28419.25,28421,28397.5,28397.75,,1735,1170.9,1,0,0,0,0
1785456120,28398.5,28416,28395,28407.25,,1764,1206.5,1,0,0,0,0
1785456180,28408,28439,28406.75,28438.75,,2815,1308.4,1,0,0,0,0
1785456240,28438.25,28444,28431,28432.25,,1609,1362.65,1,0,0,0,0
1785456300,28432.25,28442.5,28424.75,28442,,1654,1390.7,1,1,0,0,0
1785456360,28442.5,28454.25,28429.5,28434.75,,3036,1474.8,1,0,0,0,0
1785456420,28434,28443.5,28427.25,28442,,1231,1463.4,1,0,0,0,0
1785456480,28442.5,28457.75,28437.5,28447.5,,2140,1529.4,1,0,0,0,0
1785456540,28447.5,28456.25,28441,28442,,1552,1574.5,1,0,0,0,0
1785456600,28442.75,28449,28430.25,28442.5,,1373,1571.05,1,0,0,0,0
1785456660,28442.5,28453.25,28440.5,28451.75,,1638,1575.6,1,0,0,0,0
1785456720,28451.75,28454.5,28443.75,28452,,1212,1526,1,0,0,0,0
1785456780,28451,28461.25,28449.5,28456.75,,1863,1567.2,1,0,0,0,0
1785456840,28457.25,28476.25,28456.75,28468,28422.310762316487,2809,1669.4,1,0,0,0,0
1785456900,28467.5,28478,28465.75,28473,,1657,1689.6,1,0,0,0,0
1785456960,28472,28472.75,28449.75,28456,,2498,1777.2,1,0,0,0,0
1785457020,28456.75,28461.25,28448.5,28451.5,,1002,1802.1,1,0,0,0,0
1785457080,28450.75,28463,28447,28460.5,,895,1793.9,1,0,0,0,0
1785457140,28460.25,28480.25,28459.75,28477.75,,1923,1836.05,1,0,0,0,0
1785457200,28478.25,28488.25,28472.5,28482.75,,1762,1808.4,1,0,0,0,0
1785457260,28481.25,28485,28457,28457.75,,1809,1812.1,1,0,0,0,0
1785457320,28456.75,28466,28453.25,28461.5,,1462,1797,1,0,0,0,0
1785457380,28462.5,28475.5,28460.5,28474,,1163,1714.4,1,0,0,0,0
1785457440,28475,28480.75,28465.25,28473.5,,1182,1693.05,1,0,0,0,0
1785457500,28473.25,28474,28465.5,28470.5,,733,1647,1,0,0,0,0
1785457560,28469.75,28476.75,28467.25,28469.5,,485,1519.45,1,0,0,0,0
1785457620,28469.25,28473.75,28463.75,28470,,782,1497,1,0,0,0,0
1785457680,28471,28476.25,28463.75,28471.75,,724,1426.2,1,0,0,0,0
1785457740,28471.75,28483,28465.75,28483,28442.54050821099,985,1397.85,1,0,0,0,0
1785457800,28481.75,28495.25,28480.5,28494.75,,1586,1408.5,1,0,0,0,0
1785457860,28495,28502.5,28489.75,28491.25,,2251,1439.15,1,0,0,0,0
1785457920,28491.75,28500.75,28488.75,28499.25,,867,1421.9,1,1,0,0,0
1785457980,28498.75,28508.25,28495,28507,,1442,1400.85,1,0,0,0,0
1785458040,28507,28510,28503,28505.5,,1029,1311.85,1,0,0,0,0
1785458100,28505.75,28508.75,28503.25,28507.5,,1007,1279.35,1,0,0,0,0
1785458160,28507.75,28507.75,28490.25,28495,,1552,1232.05,1,0,0,0,0
1785458220,28495.25,28502.5,28491.25,28497.25,,833,1223.6,1,0,0,0,0
1785458280,28496.25,28507.25,28493.5,28500.75,,995,1228.6,1,0,0,0,0
1785458340,28500.75,28503.5,28489.5,28494.75,,970,1180.95,1,0,0,0,0
1785458400,28494.75,28498,28483.75,28485.25,,1040,1144.85,1,0,0,0,0
1785458460,28485.25,28492.75,28482,28485.75,,999,1104.35,1,0,0,0,0
1785458520,28485.25,28497,28484,28490,,876,1075.05,1,0,0,0,0
1785458580,28490,28496.5,28483.5,28495,,761,1054.95,1,0,0,0,0
1785458640,28495.5,28499.5,28489.25,28499,28461.360338807328,656,1028.65,1,0,0,0,0
1785458700,28499.25,28502.25,28492.25,28493.5,,717,1027.85,1,0,0,0,0
1785458760,28492.75,28492.75,28470.5,28475.25,,2056,1106.4,1,0,0,0,0
1785458820,28476,28482.25,28470,28480.75,,1205,1127.55,1,0,0,0,0
1785458880,28480.75,28484.5,28473.75,28483.75,,750,1128.85,1,0,0,0,0
1785458940,28483.5,28484.5,28468.5,28473,,828,1121,1,0,0,0,0
1785459000,28472.75,28485,28471.75,28481,,835,1083.45,1,0,0,0,0
1785459060,28481.25,28488,28477,28482.5,,721,1006.95,1,0,0,0,0
1785459120,28482.5,28493,28481,28490,,787,1002.95,1,0,0,0,0
1785459180,28490.25,28493,28484.5,28487.5,,613,961.5,1,0,0,0,0
1785459240,28487.75,28490.75,28479.5,28481.75,,566,938.35,1,0,0,0,0
1785459300,28482,28496.75,28480,28495.75,,794,927.7,1,0,0,0,0
1785459360,28495,28500.75,28493.25,28500.25,,923,896.25,1,0,0,0,0
1785459420,28500.25,28504.75,28496.5,28503,,829,896.05,1,0,0,0,0
1785459480,28502.25,28515.75,28502.25,28514,,1539,923.25,1,0,0,0,0
1785459540,28514,28525,28514,28522,28481.573559204884,1623,955.9,1,0,0,0,0
1785459600,28522.75,28537.5,28522.75,28534,,2637,1035.75,1,0,0,0,0
1785459660,28534,28548,28532.75,28546.75,,2137,1092.65,1,0,0,0,0
1785459720,28547,28552.25,28543.5,28545,,1576,1127.65,1,0,0,0,0
1785459780,28545,28547.75,28540.25,28542,,1060,1142.6,1,0,0,0,0
1785459840,28542.25,28550,28541.25,28548.75,,913,1155.45,1,0,0,0,0
1785459900,28549,28560,28545.25,28558,,1624,1200.8,1,1,0,0,0
1785459960,28557.75,28567.75,28557.75,28565.25,,2071,1201.55,1,0,0,0,0
1785460020,28565,28570,28561.5,28562.5,,1333,1207.95,1,0,0,0,0
1785460080,28561.75,28565.5,28559.25,28564.75,,1020,1221.45,1,0,0,0,0
1785460140,28564.25,28569.25,28562.25,28566.5,,907,1225.4,1,0,0,0,0
1785460200,28566.25,28568.5,28561.75,28562,,732,1220.25,1,0,0,0,0
1785460260,28562.75,28567.25,28558,28559.5,,1193,1243.85,1,0,0,0,0
1785460320,28559.5,28563.75,28555.5,28562.25,,1051,1257.05,1,0,0,0,0
1785460380,28561.75,28564.5,28559,28561.5,,526,1252.7,1,0,0,0,0
1785460440,28561.25,28563.25,28555,28561,28508.049039469923,739,1261.35,1,0,0,0,0
1785460500,28560.25,28580,28558,28569.75,,1639,1303.6,1,0,0,0,0
1785460560,28569,28572.5,28563.25,28565.75,,972,1306.05,1,0,0,0,0
1785460620,28565.75,28570.75,28562.5,28565.5,,629,1296.05,1,0,0,0,0
1785460680,28566.25,28572,28557.5,28558.25,,822,1260.2,1,0,0,0,0
1785460740,28559,28563.25,28558,28560.25,,503,1204.2,1,0,0,0,0
1785460800,28559.75,28571.75,28557.5,28569,,914,1118.05,1,0,0,0,0
1785460860,28569.5,28571.5,28565.75,28569.25,,682,1045.3,1,0,0,0,0
1785460920,28569.25,28570,28566.75,28569.75,,379,985.45,1,0,0,0,0
1785460980,28569.75,28572.5,28557.75,28558.5,,894,977.15,1,0,0,0,0
1785461040,28558.5,28559,28547.5,28555.25,,1424,1002.7,1,0,0,0,0
1785461100,28555,28568,28554,28564.75,,900,966.5,1,0,0,0,0
1785461160,28565,28571.25,28564.25,28568.5,,753,900.6,1,0,0,0,0
1785461220,28568.25,28570.75,28556,28556.25,,895,878.7,1,0,0,0,0
1785461280,28557,28558.75,28548.5,28552.5,,641,859.75,1,0,0,0,0
1785461340,28552.5,28553,28542.75,28550,28522.03269297995,982,863.5,1,0,0,0,0
1785461400,28549.5,28559.25,28543.5,28551.5,,1160,884.9,1,0,0,0,0
1785461460,28550,28551.75,28536.5,28537,,1342,892.35,1,0,0,0,0
1785461520,28536.75,28537.5,28525.25,28531.75,,2236,951.6,1,0,0,0,0
1785461580,28532.5,28540.5,28530.5,28539.25,,917,971.15,1,0,0,0,0
1785461640,28539.25,28542,28525,28536.5,,1341,1001.25,1,0,0,0,0
1785461700,28536.75,28537.5,28518.5,28523.25,,1510,994.8,1,0,0,0,0
1785461760,28522,28522.5,28515.25,28517.25,,1507,1021.55,1,0,0,0,0
1785461820,28517.75,28518.25,28500,28511.75,,2565,1118.35,1,0,0,0,0
1785461880,28512,28512.5,28501,28506.75,,977,1126.1,-1,0,0,0,0
1785461940,28507,28511.5,28502,28508,,909,1146.4,-1,0,1,0,0
1785462000,28508.25,28512.5,28490.5,28501.25,,1855,1193.45,-1,0,0,0,0
1785462060,28500.75,28508.25,28496.25,28497.5,,995,1209.1,-1,0,0,0,0
1785462120,28497.75,28510,28497.5,28507,,801,1230.2,-1,0,0,0,0
1785462180,28506.75,28508.25,28490.75,28495.5,,1042,1237.6,-1,0,0,0,0
1785462240,28496.25,28498,28488.5,28497.5,28513.8551286533,981,1215.45,-1,0,0,0,0
1785462300,28498,28500.25,28489.25,28490,,911,1216,-1,0,0,0,0
1785462360,28489.75,28492.5,28480.75,28483.25,,1385,1247.6,-1,0,0,0,0
1785462420,28483.25,28485.25,28465,28469.75,,2135,1309.6,-1,0,0,0,0
1785462480,28470,28484,28466.25,28471.25,,1808,1367.95,-1,0,0,0,0
1785462540,28471,28483,28466.5,28467.75,,973,1367.5,-1,0,0,0,0
1785462600,28468.25,28471,28455,28460.25,,2100,1414.5,-1,0,0,0,0
1785462660,28460,28474.5,28456.5,28468.25,,1837,1439.25,-1,0,0,0,0
1785462720,28468.5,28487,28467.5,28480.5,,1727,1413.8,-1,0,0,0,0
1785462780,28480.75,28482.75,28471.5,28472,,825,1409.2,-1,0,0,0,0
1785462840,28472,28473.25,28458.5,28466.25,,1325,1408.4,-1,0,0,0,0
1785462900,28466.5,28471.5,28458.5,28470,,1009,1383.35,-1,0,0,0,0
1785462960,28470.5,28485.25,28468.25,28481,,1360,1376,-1,0,0,0,0
1785463020,28481.5,28481.5,28469.75,28479,,708,1283.15,-1,0,0,0,0
1785463080,28479.75,28480.25,28471.25,28471.5,,584,1263.5,-1,0,0,0,0
1785463140,28471,28478.75,28466.75,28476.75,28501.486752435532,607,1248.4,-1,0,0,0,0
1785463200,28477.75,28499,28475.5,28495.5,,2089,1260.1,-1,0,0,0,0
1785463260,28495.25,28499.75,28481.75,28483.5,,1182,1269.45,-1,0,0,0,0
1785463320,28482.75,28485.5,28465.5,28466.25,,1631,1310.95,-1,0,0,0,0
1785463380,28466.25,28471.25,28452,28453,,1929,1355.3,-1,0,0,0,0
1785463440,28452.75,28457.25,28444,28446.25,,2019,1407.2,-1,0,0,0,0
1785463500,28447,28459,28441.25,28454.75,,1480,1435.65,-1,0,0,0,0
1785463560,28454.5,28474,28452.25,28463,,1942,1463.5,-1,0,0,0,0
1785463620,28463.75,28476.5,28458.5,28459.75,,1015,1407.5,-1,0,0,0,0
1785463680,28460,28466,28457.25,28460.75,,707,1352.45,-1,0,0,0,0
1785463740,28460,28473.75,28457,28471.5,,842,1345.9,-1,0,0,0,0
1785463800,28472,28472.5,28453,28457.5,,1095,1295.65,-1,0,0,0,0
1785463860,28457.75,28461.5,28446.25,28449,,1008,1254.2,-1,0,0,0,0
1785463920,28447.75,28454.5,28438,28452.25,,1461,1240.9,-1,0,0,0,0
1785463980,28452.75,28455.25,28444.5,28449,,815,1240.4,-1,0,0,0,0
1785464040,28449.25,28450.5,28433,28437.25,28480.074501623687,1290,1238.65,-1,0,0,0,0
1785464100,28437.75,28439,28422.5,28425.75,,2079,1292.15,-1,0,0,0,0
1785464160,28425.75,28427.5,28415.25,28420.5,,1646,1306.45,-1,0,0,0,0
1785464220,28420.75,28422,28410.5,28413.75,,1521,1347.1,-1,0,0,0,0
1785464280,28414,28423.75,28410,28423.75,,1439,1389.85,-1,0,0,0,0
1785464340,28422.5,28423,28401.5,28406.25,,2069,1462.95,-1,0,0,0,0
1785464400,28406.5,28419.75,28405.5,28409.25,,1379,1427.45,-1,0,0,0,0
1785464460,28410,28428.5,28407.25,28427.25,,1439,1440.3,-1,0,0,0,0
1785464520,28427,28428.5,28414.25,28415.75,,871,1402.3,-1,0,0,0,0
1785464580,28416.75,28421.25,28411.75,28419.5,,762,1343.95,-1,0,0,0,0
1785464640,28419,28422.25,28400.5,28409.25,,1300,1308,-1,0,0,0,0
1785464700,28409.75,28416,28404.25,28411.75,,826,1275.3,-1,0,0,0,0
1785464760,28412.25,28417.5,28410.5,28415.25,,500,1203.2,-1,0,0,0,0
1785464820,28415.5,28427.5,28414.75,28420,,1049,1204.9,-1,0,0,0,0
1785464880,28421,28426,28418,28421.25,,404,1189.75,-1,0,0,0,0
1785464940,28421.5,28427,28415.25,28422.5,28460.883001082457,706,1182.95,-1,0,0,0,0
1785465000,28422,28425.25,28407.5,28422,,1045,1180.45,-1,0,0,0,0
1785465060,28422.25,28430,28419.5,28421,,979,1179,-1,0,0,0,0
1785465120,28421,28427.75,28420,28426.5,,481,1130,-1,0,0,0,0
1785465180,28426.25,28433.5,28420.5,28430,,672,1122.85,-1,0,0,0,0
1785465240,28430.5,28432.5,28419.75,28421,,691,1092.9,-1,0,0,0,0
1785465300,28421,28422,28411.25,28412,,792,1028.55,-1,0,0,0,0
1785465360,28412.5,28414.25,28406.75,28411.5,,758,984.15,-1,0,0,0,0
1785465420,28411.75,28412.5,28389.75,28393,,1899,1003.05,-1,0,1,0,0
1785465480,28393.5,28417.5,28392.75,28416,,1408,1001.5,-1,0,0,0,0
1785465540,28416.5,28417.25,28407.25,28410.25,,713,933.7,-1,0,0,0,0
1785465600,28410.25,28422.5,28410,28420.25,,1005,915,-1,0,0,0,0
1785465660,28419,28421.5,28413.75,28414.5,,569,871.5,-1,0,0,0,0
1785465720,28415,28417.75,28401.75,28404.5,,1078,881.85,-1,0,0,0,0
1785465780,28404.5,28414.5,28402,28411.25,,516,869.55,-1,0,0,0,0
1785465840,28412.25,28422,28408,28420.75,28447.50533405497,706,839.85,-1,0,0,0,0
1785465900,28420,28432,28420,28430.75,,1383,867.7,-1,0,0,0,0
1785465960,28430.5,28438.5,28428.5,28429.75,,1370,911.2,-1,0,0,0,0
1785466020,28428.5,28432,28423.75,28431.25,,661,891.8,-1,0,0,0,0
1785466080,28429.75,28433.5,28420,28421.75,,794,911.3,-1,0,0,0,0
1785466140,28420.75,28421.5,28401.25,28406,,1457,948.85,-1,0,0,0,0
1785466200,28405.75,28410.5,28397.75,28409.5,,1111,952.15,-1,0,0,0,0
1785466260,28409.75,28418,28404.5,28412.75,,993,952.85,-1,0,0,0,0
1785466320,28412.5,28420.25,28408.75,28419.75,,895,973.55,-1,0,0,0,0
1785466380,28419.25,28423,28413.75,28416.25,,699,974.9,-1,0,0,0,0
1785466440,28416.75,28420.25,28411.75,28413.5,,549,967.8,-1,0,0,0,0
1785466500,28412.75,28426.75,28410.25,28426,,681,962.25,-1,0,0,0,0
1785466560,28426.5,28428.5,28414.5,28423,,899,969.3,-1,0,0,0,0
1785466620,28423,28433.75,28419.75,28432.5,,756,912.15,-1,0,0,0,0
1785466680,28432.5,28436.25,28426.25,28426.75,,866,885.05,-1,0,0,0,0
1785466740,28426.5,28432.75,28423.5,28432.25,28442.420222703313,568,877.8,-1,0,0,0,0
1785466800,28431.5,28432.5,28420,28425.25,,883,871.7,-1,0,0,0,0
1785466860,28425,28428.25,28410,28425,,1375,912,-1,0,0,0,0
1785466920,28425.5,28431.25,28417.25,28424.5,,836,899.9,-1,0,0,0,0
1785466980,28426.25,28430.25,28421.75,28429.5,,428,895.5,-1,0,0,0,0
1785467040,28429.5,28433.25,28425.5,28426.75,,667,893.55,-1,0,0,0,0
1785467100,28426.75,28428,28421.75,28427.5,,383,843.55,-1,0,0,0,0
1785467160,28427,28429,28421.5,28426.25,,469,798.5,-1,0,0,0,0
1785467220,28426.25,28429.5,28421.75,28426.75,,314,781.15,-1,0,0,0,0
1785467280,28427,28434.5,28423.75,28429.75,,464,764.65,-1,0,0,0,0
1785467340,28430,28430.25,28424,28427,,300,706.8,-1,0,0,0,0
1785467400,28426,28428.5,28412.25,28415.75,,818,692.15,-1,0,0,0,0
1785467460,28416,28436.25,28411.5,28425.5,,1380,711.5,-1,0,0,0,0
1785467520,28425,28425.5,28396,28409.75,,1677,750.6,-1,0,0,0,0
1785467580,28409.75,28414.25,28401.25,28404,,700,750.65,-1,0,0,0,0
1785467640,28403.75,28419.75,28397.75,28418.5,28434.446815135543,1131,779.75,-1,0,0,0,0
1785467700,28417.75,28426.5,28416.25,28422.75,,871,789.25,-1,0,0,0,0
1785467760,28423,28445.75,28420.5,28439.25,,1503,819.45,-1,0,0,0,0
1785467820,28439.75,28448.25,28439.75,28446.25,,1245,843.9,1,0,0,0,0
1785467880,28445.75,28448.5,28442.5,28445.25,,585,829.85,1,0,0,0,0
1785467940,28445,28459,28441.75,28455.25,,1302,866.55,1,0,0,0,0
1785468000,28455,28466.75,28454.5,28463.75,,1752,910,1,0,0,0,0
1785468060,28463.25,28471.5,28461.5,28467.5,,1279,905.2,1,0,0,0,0
1785468120,28467.5,28471.5,28461.75,28462.5,,768,901.8,1,0,0,0,0
1785468180,28462.5,28468.25,28451.5,28466.5,,1402,950.5,1,0,0,0,0
1785468240,28466.25,28466.75,28452.25,28461,,760,955.15,1,0,0,0,0
1785468300,28461.75,28465.75,28458,28459.75,,436,957.8,1,0,0,0,0
1785468360,28460.25,28471,28460,28469.75,,687,968.7,1,0,0,0,0
1785468420,28469.75,28471.5,28464,28464.75,,633,984.65,1,0,0,0,0
1785468480,28465.25,28476.5,28465,28474.25,,995,1011.2,1,0,0,0,0
1785468540,28474,28475.5,28460.5,28464.5,28444.464543423695,809,1036.65,1,0,0,0,0
1785468600,28464.5,28474.5,28459.25,28470.75,,818,1036.65,1,0,0,0,0
1785468660,28470.25,28478.75,28464.75,28478.25,,829,1009.1,1,0,0,0,0
1785468720,28476.5,28477.25,28466.75,28474,,787,964.6,1,0,0,0,0
1785468780,28472.75,28475.25,28462.5,28463.25,,946,976.9,1,0,0,0,0
1785468840,28464.75,28466.25,28453.25,28454.75,,1480,994.35,1,0,0,0,0
1785468900,28454,28463.5,28452,28457.75,,762,988.9,1,0,0,0,0
1785468960,28457.25,28469,28456.75,28462,,628,945.15,1,0,0,0,0
1785469020,28462.5,28464.5,28456.25,28459.25,,470,906.4,1,0,0,0,0
1785469080,28458.25,28465,28455,28463.75,,432,898.75,1,0,0,0,0
1785469140,28463.75,28470.25,28461.5,28465.75,,532,860.25,1,0,0,0,0
1785469200,28466.25,28469,28455,28464.75,,633,804.3,1,0,0,0,0
1785469260,28464.25,28466,28453.25,28457.75,,559,768.3,1,0,0,0,0
1785469320,28459,28465,28456.25,28462.25,,373,748.55,1,0,0,0,0
1785469380,28461.75,28464.5,28457.25,28460.75,,264,691.65,1,0,0,0,0
1785469440,28461,28463.75,28456.75,28463,28450.64302894913,255,666.4,1,0,0,0,0
1785469500,28462.25,28466.25,28455.25,28458.75,,586,673.9,1,0,0,0,0
1785469560,28458.5,28459.5,28445.25,28449,,1122,695.65,1,0,0,0,0
1785469620,28448.5,28450.75,28435.75,28438,,1342,731.1,-1,0,0,0,0
1785469680,28437.75,28445.25,28431,28444,,1396,751.15,-1,0,0,0,0
1785469740,28445.5,28448.25,28427.25,28431.25,,1178,769.6,-1,0,0,0,0
1785469800,28431,28444.75,28428.25,28438.75,,881,772.75,-1,0,0,0,0
1785469860,28438.75,28449.25,28435,28440.25,,757,769.15,-1,0,0,0,0
1785469920,28440.75,28451.75,28437,28450.75,,702,764.9,1,0,0,0,0
1785469980,28451,28464.75,28449,28464,,1032,769.2,1,0,0,0,0
1785470040,28464.5,28469,28462.5,28464.5,,924,741.4,1,0,0,0,0
1785470100,28464.5,28470,28460.25,28461.25,,655,736.05,1,0,0,0,0
1785470160,28461.25,28470.75,28460,28466.5,,596,734.45,1,0,0,0,0
1785470220,28465.25,28471,28464.25,28465.25,,406,731.25,1,0,0,0,0
1785470280,28465.5,28468,28461,28462.25,,292,724.25,1,0,0,0,0
1785470340,28460.75,28465.5,28456.25,28458.75,28453.345352632754,422,718.75,1,0,0,0,0
1785470400,28459,28459.75,28423.5,28429,,1886,781.4,-1,0,0,0,0
1785470460,28429,28435.25,28421.75,28430,,1023,804.6,-1,0,0,0,0
1785470520,28430.25,28437.5,28428,28434.5,,646,818.25,-1,0,0,0,0
1785470580,28434.5,28453.5,28433,28445.5,,907,850.4,-1,0,0,0,0
1785470640,28445.75,28446,28437.5,28441.75,,447,860,-1,0,0,0,0
1785470700,28442.75,28453.25,28439.5,28445.5,,748,868.1,-1,0,0,0,0
1785470760,28445.25,28452.25,28438,28450.75,,589,841.45,1,0,0,0,0
1785470820,28451,28457.5,28444.5,28456.25,,550,801.85,1,0,0,0,0
1785470880,28456.5,28463.25,28456.5,28457.5,,672,765.65,1,0,0,0,0
1785470940,28458.25,28465.5,28456.5,28462.25,,456,729.55,1,0,0,0,0
1785471000,28462.75,28464,28457.5,28460.75,,429,706.95,1,0,0,0,0
1785471060,28461.5,28462.25,28452.75,28454,,425,690.35,1,0,0,0,0
1785471120,28454.5,28466.75,28452,28461.75,,596,685.05,1,1,0,0,0
1785471180,28462.25,28465.25,28454.75,28464,,361,651.5,1,0,0,0,0
1785471240,28465,28467.25,28461,28462.5,28456.396901755168,305,620.55,1,0,0,0,0
1785471300,28463,28464,28451.75,28456.5,,363,605.95,1,0,0,0,0
1785471360,28456.25,28476.25,28455.5,28472.75,,716,611.95,1,0,0,0,0
1785471420,28472,28472.25,28465.75,28470.75,,436,613.45,1,0,0,0,0
1785471480,28470.25,28486.25,28469.75,28483.75,,1161,656.9,1,1,0,0,0
1785471540,28483.75,28496.25,28482.75,28493.5,,1214,696.5,1,0,0,0,0
1785471600,28493,28498.25,28488.75,28497.5,,955,649.95,1,0,0,0,0
1785471660,28497,28498.75,28484.25,28489.5,,837,640.65,1,0,0,0,0
1785471720,28489.25,28494.5,28484.75,28488.25,,560,636.35,1,0,0,0,0
1785471780,28487.5,28494.25,28487.5,28493,,356,608.8,1,0,0,0,0
1785471840,28493.25,28502.25,28489.5,28500,,581,615.5,1,0,0,0,0
1785471900,28499.75,28501.75,28492.75,28501,,713,613.75,1,0,0,0,0
1785471960,28501,28503,28495,28498.25,,542,611.4,1,0,0,0,0
1785472020,28498,28506,28496,28499.75,,556,611.7,1,0,0,0,0
1785472080,28499.25,28512.25,28498.75,28506.5,,954,625.8,1,0,0,0,0
1785472140,28506.75,28512,28504.5,28511,28474.597934503447,426,624.3,1,0,0,0,0
1785472200,28510.75,28514,28510.5,28511,,514,628.55,1,0,0,0,0
1785472260,28511.25,28514.75,28507,28508.25,,705,642.55,1,0,0,0,0
1785472320,28508.75,28523.5,28508,28521,,717,648.6,1,0,0,0,0
1785472380,28520.25,28533.5,28520,28526.5,,1158,688.45,1,0,0,0,0
1785472440,28526,28535,28525,28531.5,,625,704.45,1,0,0,0,0
1785472500,28532,28533.5,28525.75,28533.25,,541,713.35,1,0,0,0,0
1785472560,28534.25,28537,28529.75,28531,,568,705.95,1,1,0,1,0
1785472620,28531.25,28531.25,28520.25,28525.25,,799,724.1,1,0,0,0,0
1785472680,28526.5,28531.5,28524.25,28530,,406,686.35,1,0,0,0,0
1785472740,28530,28542.25,28529.25,28541.5,,1032,677.25,1,0,0,0,0
1785472800,28541.25,28545.25,28540.75,28541.75,,565,657.75,1,0,0,0,0
1785472860,28541.75,28541.75,28535,28538.5,,623,647.05,1,0,0,0,0
1785472920,28539,28545.5,28537.25,28545.25,,370,637.55,1,0,0,0,0
1785472980,28545,28548.25,28541.75,28544.5,,631,651.3,1,0,0,0,0
1785473040,28545,28553,28545,28551,28500.065289668964,934,668.95,1,1,0,0,0
1785473100,28550.75,28557,28549.5,28555,,772,671.9,1,0,0,0,0
1785473160,28553.25,28555,28550.5,28552.25,,348,662.2,1,0,0,0,0
1785473220,28552.75,28555,28544.75,28549,,628,665.8,1,0,0,0,0
1785473280,28549,28550.75,28545,28547,,519,644.05,1,0,0,0,0
1785473340,28547.25,28550,28545.25,28546.75,,320,638.75,1,0,0,0,0
1785473400,28547.5,28548.75,28537.75,28546.5,,948,660.45,1,0,0,0,0
1785473460,28547.25,28547.5,28539,28540,,397,645.05,1,0,0,0,0
1785473520,28540,28540.75,28535.5,28539.25,,484,633.4,1,0,0,0,0
1785473580,28539,28552,28536,28549,,772,614.1,1,0,0,0,0
1785473640,28550,28552.5,28542.5,28549.25,,553,610.5,1,0,0,0,0
1785473700,28548.75,28554.5,28545.25,28551.5,,555,611.2,1,1,0,0,0
1785473760,28551.5,28552,28547,28549,,236,594.6,1,0,0,0,0
1785473820,28550.5,28553.75,28547.25,28549.25,,326,570.95,1,0,0,0,0
1785473880,28549.75,28554,28549.25,28552,,328,567.05,1,0,0,0,0
1785473940,28552,28553,28548.5,28549,28516.37685977931,232,527.05,1,0,0,0,0
1785474000,28549.25,28557,28546.25,28547.25,,1085,553.05,1,0,0,0,0
1785474060,28547.5,28552,28544.75,28550,,478,545.8,1,0,0,0,0
1785474120,28549.25,28549.25,28544,28544.5,,320,543.3,1,0,0,0,0
1785474180,28544.75,28550.25,28543.5,28547.5,,487,536.1,1,0,0,0,0
1785474240,28547.5,28549.75,28544.5,28545.75,,246,501.7,1,0,0,0,0
1785474300,28545.75,28548.25,28538.25,28545,,765,501.35,1,0,0,0,0
1785474360,28545,28553.25,28543.5,28552,,572,512.55,1,0,0,0,0
1785474420,28552.75,28561,28551.75,28560,,1001,531.2,1,0,0,0,0
1785474480,28559.25,28564.75,28558.75,28560,,1118,561.15,1,0,0,0,0
1785474540,28560,28565,28558.5,28563.5,,291,559.7,1,0,0,0,0
1785474600,28563.75,28570,28555.75,28559.25,,1153,569.95,1,1,0,0,0
1785474660,28558.25,28558.75,28548.25,28549.25,,669,583.55,1,0,0,0,0
1785474720,28549.75,28552.5,28545.25,28552.5,,576,588.15,1,0,0,0,0
1785474780,28552.75,28557.25,28548.75,28553.75,,417,570.4,1,0,0,0,0
1785474840,28553.75,28558.75,28550.25,28557.25,28530.001239852874,303,557.9,1,0,0,0,0
1785474900,28558.25,28561.5,28556.5,28558,,391,549.7,1,0,0,0,0
1785474960,28558,28559.75,28554.5,28557,,284,552.1,1,0,0,0,0
1785475020,28557.25,28560.25,28555.5,28556.75,,179,544.75,1,0,0,0,0
1785475080,28557.5,28558,28553,28555.25,,233,540,1,0,0,0,0
1785475140,28554.75,28557.75,28551.75,28557,,249,540.85,1,0,0,0,0
1785475200,28556.75,28572,28556,28567.75,,705,521.85,1,0,0,0,0
1785475260,28567.5,28568.25,28562,28565.5,,518,523.85,1,0,0,0,0
1785475320,28564.5,28565.75,28562.25,28564.75,,258,520.75,1,0,0,0,0
1785475380,28565,28570.75,28565,28568.25,,416,517.2,1,0,0,0,0
1785475440,28568.25,28569,28562,28564.75,,283,519.05,1,0,0,0,0
1785475500,28564.5,28565,28560,28561.75,,339,497.75,1,0,0,0,0
1785475560,28562.25,28568.5,28561.75,28567.75,,521,495.2,1,0,0,0,0
1785475620,28568.25,28571.25,28561,28570.75,,389,464.6,1,0,0,0,0
1785475680,28570.75,28582.75,28569.75,28578,,1603,488.85,1,1,0,0,0
1785475740,28577.75,28578,28573,28573,28544.334159901915,454,497,1,0,0,0,0
1785475800,28572.75,28580,28567.5,28571.5,,885,483.6,1,0,0,0,0
1785475860,28570.75,28573.25,28563.25,28566,,671,483.7,1,0,0,0,0
1785475920,28565.25,28566.25,28558.75,28561.5,,578,483.8,1,0,0,0,0
1785475980,28562,28563,28558,28559.25,,436,484.75,1,0,0,0,0
1785476040,28558.5,28561,28543.5,28547,,1234,531.3,1,0,0,0,0
1785476100,28547.75,28550,28540.25,28546.25,,1014,562.45,1,0,0,0,0
1785476160,28546.75,28551.5,28540.75,28543,,580,577.25,1,0,0,0,0
1785476220,28543.25,28554,28542.5,28553.25,,525,594.55,1,0,0,0,0
1785476280,28554,28555.75,28548.25,28549.5,,406,603.2,1,0,0,0,0
1785476340,28549.25,28561,28544.75,28558.5,,661,623.8,1,0,0,0,0
1785476400,28559,28586.5,28558.75,28574.75,,1810,679.05,1,0,0,0,0
1785476460,28575.25,28578.25,28569,28578,,602,683.25,1,0,0,0,0
1785476520,28578,28579,28572,28577.25,,417,691.2,1,1,0,0,0
1785476580,28577.25,28578.75,28565.5,28565.75,,470,693.9,1,0,0,0,0
1785476640,28565.5,28566,28550.25,28551,28546.556106601278,966,728.05,1,0,0,0,0
1785476700,28551.5,28564.25,28548.75,28563.75,,768,749.5,1,0,0,0,0
1785476760,28563.5,28564.25,28554.75,28556.25,,438,745.35,1,0,0,0,0
1785476820,28557,28567,28551.25,28565.75,,448,748.3,1,0,0,0,0
1785476880,28565.75,28574.5,28563.75,28573.5,,603,698.3,1,0,0,0,0
1785476940,28573.75,28576.25,28572.75,28573.25,,475,699.35,1,0,0,0,0
1785477000,28573.5,28577.75,28572.75,28577,,423,676.25,1,0,0,0,0
1785477060,28577,28582.25,28570.5,28577,,581,671.75,1,0,0,0,0
1785477120,28576.75,28579.25,28572,28577.75,,322,658.95,1,0,0,0,0
1785477180,28576.5,28592,28576.5,28585.75,,907,682.5,1,1,0,0,0
1785477240,28585.25,28590.5,28584.75,28587.25,,633,652.45,1,0,0,0,0
1785477300,28587.25,28591.25,28568.25,28570,,957,649.6,1,0,0,0,0
1785477360,28569.25,28570.25,28565.25,28568.75,,671,654.15,1,0,0,0,0
1785477420,28569.5,28581,28567.5,28573.75,,581,656.95,1,0,0,0,0
1785477480,28574.75,28583.75,28571.75,28582.5,,738,673.55,1,0,0,0,0
1785477540,28582.5,28587.5,28580.5,28586.25,28559.787404400853,517,666.35,1,0,0,0,0
1785477600,28585.75,28598.75,28576.5,28592.75,,1533,652.5,1,0,0,0,0
1785477660,28592.5,28593.75,28587.5,28588.5,,1027,673.75,1,0,0,0,0
1785477720,28588.25,28598.75,28584,28593.25,,923,699.05,1,0,0,0,0
1785477780,28593.5,28593.75,28584.75,28585.75,,542,702.65,1,0,0,0,0
1785477840,28586,28587,28580.25,28584,,428,675.75,1,0,0,0,0
1785477900,28584.75,28593.5,28583.5,28592,,502,662.45,1,0,0,0,0
1785477960,28592,28593.5,28589.25,28591.5,,314,656.25,1,0,0,0,0
1785478020,28592,28596,28589.75,28596,,352,651.45,1,0,0,0,0
1785478080,28594.75,28599,28593.25,28595.75,,567,649.65,1,0,0,0,0
1785478140,28596.25,28600,28594.75,28595,,876,669.7,1,1,0,0,0
1785478200,28594.75,28604.5,28594,28604.5,,737,685.4,1,0,0,0,0
1785478260,28604.5,28605.25,28595.5,28602,,907,701.7,1,0,0,0,0
1785478320,28602.5,28607.25,28601.5,28603.5,,498,710.5,1,0,0,0,0
1785478380,28602.75,28609.25,28602.5,28607,,505,690.4,1,0,0,0,0
1785478440,28608,28612.25,28606.75,28607.25,28575.60826960057,649,691.2,1,0,0,0,0
1785478500,28607.5,28611,28603.5,28603.5,,584,672.55,1,0,0,0,0
1785478560,28604.5,28609.25,28600.75,28609,,439,660.95,1,0,0,0,0
1785478620,28609,28610.5,28606.5,28609.5,,351,649.45,1,0,0,0,0
1785478680,28609.5,28610,28603.5,28608,,428,633.95,1,0,0,0,0
1785478740,28608,28609.5,28604,28605.5,,287,622.45,1,0,0,0,0
1785478800,28605.25,28606.25,28594.75,28595.75,,747,583.15,1,0,0,0,0
1785478860,28595,28596.25,28591.5,28591.75,,407,552.15,1,0,0,0,0
1785478920,28591.5,28596,28588.75,28590,,514,531.7,1,0,0,0,0
1785478980,28589.25,28591,28585.5,28586.75,,587,533.95,1,0,0,0,0
1785479040,28587.5,28591.5,28584.25,28588,,676,546.35,1,0,0,0,0
1785479100,28588.5,28593,28586.75,28590.5,,462,544.35,1,0,0,0,0
1785479160,28590.25,28591.5,28583.25,28587.75,,520,554.65,1,0,0,0,0
1785479220,28587.25,28588.75,28580.5,28583.5,,599,567,1,0,0,0,0
1785479280,28583.5,28589.75,28582,28588.75,,437,560.5,1,0,0,0,0
1785479340,28588.25,28592.75,28583,28590.75,28580.655513067046,746,554,1,0,0,0,0
1785479400,28590,28593.5,28562.75,28566.25,,2379,636.1,-1,0,0,0,0
1785479460,28566,28573,28561.75,28563.25,,1139,647.7,-1,0,0,0,0
1785479520,28563.75,28565.5,28554.75,28554.75,,1213,683.45,-1,0,1,0,0
1785479580,28555.75,28556.25,28533.25,28535,,1994,757.9,-1,0,0,0,0
1785479640,28534.5,28534.75,28520,28522.5,,1921,821.5,-1,0,0,0,0
1785479700,28523.5,28525,28491.75,28494.75,,2483,916.45,-1,0,0,0,0
1785479760,28495,28501,28486.25,28499.5,,1919,990.45,-1,0,0,0,0
1785479820,28498.5,28514,28489.5,28504.75,,2070,1076.4,-1,0,1,0,1
1785479880,28506,28514,28500,28502.5,,1286,1119.3,-1,0,0,0,0
1785479940,28501.75,28509.75,28487,28508,,1210,1165.45,-1,0,0,0,0
1785480000,28507.25,28507.75,28488.5,28490,,872,1171.7,-1,0,0,0,0
1785480060,28490.5,28491.5,28475.25,28478,,1462,1224.45,-1,0,0,0,0
1785480120,28478.25,28483.75,28471.25,28473,,1207,1259.1,-1,0,0,0,0
1785480180,28473.5,28477.25,28457.5,28476.25,,1666,1313.05,-1,0,0,0,0
1785480240,28476,28485.5,28465.75,28485,28548.770342044696,1166,1337.55,-1,0,0,0,0
1785480300,28485,28486,28463,28466.25,,1407,1384.8,-1,0,0,0,0
1785480360,28466.75,28475.5,28458.5,28474.75,,1435,1430.55,-1,0,0,0,0
1785480420,28473.5,28475,28454.5,28456.5,,1095,1455.35,-1,0,0,0,0
1785480480,28457.25,28467.5,28450.25,28461.5,,1270,1497,-1,0,0,0,0
1785480540,28461.5,28476,28458.75,28474.75,,818,1500.6,-1,0,0,0,0
1785480600,28475.5,28481,28469.25,28477.25,,1125,1437.9,-1,0,0,0,0
1785480660,28476.75,28480,28454.75,28473.25,,1238,1442.85,-1,0,0,0,0
1785480720,28473.75,28485.75,28469.75,28484,,901,1427.25,-1,0,0,0,0
1785480780,28484.5,28494,28483,28492.25,,1035,1379.3,-1,0,0,0,0
1785480840,28492,28502.5,28488.25,28501.75,,891,1327.8,-1,0,0,0,0
1785480900,28500.75,28512,28500,28500.25,,1032,1255.25,-1,0,0,0,0
1785480960,28500.25,28502.75,28484.25,28491.25,,899,1204.25,-1,0,0,0,0
1785481020,28491.5,28492.25,28480.5,28488,,650,1133.25,-1,0,0,0,0
1785481080,28489,28504,28484.5,28502.75,,828,1110.35,-1,0,0,0,0
1785481140,28502.75,28505.5,28485.75,28486.25,28527.930228029796,608,1080.25,-1,0,0,0,0
1785481200,28485.5,28485.75,28455,28465.5,,2820,1177.65,-1,0,0,0,0
1785481260,28465.75,28484.25,28461.75,28476.25,,1471,1178.1,-1,0,0,0,0
1785481320,28477,28478.5,28464.75,28473.75,,1003,1167.9,-1,0,1,0,0
1785481380,28473.75,28479,28458.5,28467.5,,893,1129.25,-1,0,0,0,0
1785481440,28466.5,28480.75,28464.75,28480,,1027,1122.3,-1,0,0,0,0
1785481500,28480.25,28491,28478.5,28485.5,,1151,1109.5,-1,0,0,0,0
1785481560,28486.5,28490,28481,28487.75,,545,1065,-1,0,0,0,0
1785481620,28487.5,28502.25,28482.25,28500.25,,1021,1061.3,-1,0,0,0,0
1785481680,28499.75,28506.75,28495,28500.5,,815,1038.55,-1,0,0,0,0
1785481740,28501.25,28512.25,28500,28511.25,,949,1045.1,-1,0,0,0,0
1785481800,28511,28526.25,28509.5,28513.5,,1615,1069.6,-1,0,0,0,0
1785481860,28513.25,28524,28512.25,28518,,728,1044.1,-1,0,0,0,0
1785481920,28518,28533.75,28511.25,28532,,962,1047.15,-1,0,0,0,0
1785481980,28532.75,28543,28531.25,28540.25,,1330,1061.9,-1,0,0,0,0
1785482040,28539.5,28540.5,28529.5,28536.25,28530.7034853532,695,1052.1,1,0,0,0,0
1785482100,28535.5,28540.5,28518.5,28521.5,,1155,1058.25,-1,0,0,0,0
1785482160,28521,28526,28515.5,28518.25,,692,1047.9,-1,0,0,0,0
1785482220,28518,28522.75,28505,28522.5,,1073,1069.05,-1,0,0,0,0
1785482280,28522,28533,28519,28526.75,,893,1072.3,-1,0,0,0,0
1785482340,28526.75,28550,28524.5,28549.25,,1625,1123.15,1,0,0,0,0
1785482400,28549.25,28551.25,28538.5,28539.25,,891,1026.7,1,0,0,0,0
1785482460,28539.25,28540.25,28527.75,28539,,849,995.6,1,0,0,0,0
1785482520,28538.5,28539.5,28518.5,28520,,1108,1000.85,-1,0,0,0,0
1785482580,28520,28530.5,28519,28520.75,,689,990.65,-1,0,0,0,0
1785482640,28519.75,28537,28517.25,28536.25,,720,975.3,1,0,0,0,0
1785482700,28536,28548,28536,28543.75,,988,967.15,1,0,0,0,0
1785482760,28544.75,28551.5,28540,28545.75,,666,973.2,1,0,0,0,0
1785482820,28546,28574.25,28545.25,28568.25,,1897,1017,1,1,0,0,0
1785482880,28567.75,28569.75,28550,28559.5,,1320,1042.25,1,0,0,0,0
1785482940,28559.25,28559.75,28546.25,28547.25,28536.218990235466,642,1026.9,1,0,0,0,0
1785483000,28546.25,28555.5,28536.25,28545.25,,1118,1002.05,1,0,0,0,0
1785483060,28544.75,28555.25,28540,28548,,928,1012.05,1,0,0,0,0
1785483120,28548.25,28551.75,28538,28542.75,,551,991.5,1,0,0,0,0
1785483180,28542.75,28549.25,28536.25,28538.25,,538,951.9,1,0,0,0,0
1785483240,28538.5,28544.75,28533.75,28540.25,,914,962.85,1,0,0,0,0
1785483300,28540.75,28563.75,28540,28557,,1203,965.25,1,0,0,0,0
1785483360,28557,28564.5,28544.25,28551.25,,1007,981,1,0,0,0,0
1785483420,28551.75,28555.5,28543.75,28554.5,,606,957.65,1,0,0,0,0
1785483480,28554.5,28570.5,28553.75,28569.25,,925,959.25,1,0,0,0,0
1785483540,28568.5,28569.25,28556,28556.75,,432,899.6,1,0,0,0,0
1785483600,28557,28566,28553,28564.5,,631,886.6,1,1,0,0,0
1785483660,28565,28573.25,28562.5,28563.25,,695,878.9,1,0,0,0,0
1785483720,28564,28568,28561.75,28564.5,,486,847.8,1,0,0,0,0
1785483780,28563.5,28574.25,28563.25,28564.5,,519,839.3,1,0,0,0,0
1785483840,28564.75,28570.75,28563.75,28565.75,28546.06266015698,355,821.05,1,0,0,0,0
1785483900,28566.5,28583.25,28566.25,28581.25,,1128,828.05,1,0,0,0,0
1785483960,28580,28584,28573,28576.25,,662,827.85,1,0,0,0,0
1785484020,28576.75,28579.5,28563.75,28568,,767,771.35,1,0,0,0,0
1785484080,28568.25,28568.75,28557.75,28559.75,,644,737.55,1,0,0,0,0
1785484140,28559.75,28565.5,28554.75,28554.75,,485,729.7,1,0,0,0,0
1785484200,28555.75,28560.75,28544.75,28546.75,,1081,727.85,1,0,0,0,0
1785484260,28546.5,28548.5,28542.75,28548.25,,721,717.5,1,0,0,0,0
1785484320,28548,28574.25,28543.5,28567,,1098,744.85,1,0,0,0,0
1785484380,28567.75,28576,28566.75,28575.25,,447,740.3,1,0,0,0,0
1785484440,28576.25,28582.5,28575.5,28579.75,,544,721.8,1,0,0,0,0
1785484500,28578.75,28579.5,28571.5,28577.25,,632,693.25,1,0,0,0,0
1785484560,28576.25,28579,28565.25,28566.75,,529,669.35,1,0,0,0,0
1785484620,28566,28576,28564.5,28568.75,,507,664.4,1,0,0,0,0
1785484680,28568.5,28573,28563.75,28572,,423,639.3,1,0,0,0,0
1785484740,28572.75,28575.5,28566.5,28573.25,28555.12510677132,404,637.9,1,0,0,0,0
1785484800,28573.75,28590.75,28567,28583.5,,1900,701.35,1,0,0,0,0
1785484860,28584.75,28586,28558,28562,,1607,746.95,1,0,0,0,0
1785484920,28561.75,28562.5,28552,28558.5,,1071,776.2,1,0,0,0,0
1785484980,28557.25,28563.75,28539,28540.5,,1374,818.95,-1,0,1,0,0
1785485040,28539.75,28548.5,28530,28539,,1502,876.3,-1,0,0,0,0
1785485100,28539.25,28554.25,28535,28548.25,,962,868,1,0,0,0,1
1785485160,28547.75,28555.75,28543.75,28551.75,,687,869.25,1,0,0,0,0
1785485220,28552.75,28573.75,28545,28568.5,,1692,915.5,1,0,0,0,0
1785485280,28568,28569.75,28535.5,28538.5,,1201,943.35,-1,0,0,0,0
1785485340,28539.25,28541,28529.25,28534.5,,908,964.5,-1,0,0,0,0
1785485400,28534.5,28543,28523.75,28532.5,,1230,971.95,-1,0,0,0,0
1785485460,28532,28551.75,28531.5,28549.25,,1234,997.6,1,0,0,0,0
1785485520,28549.25,28564.25,28544.25,28561,,1042,994.8,1,0,0,0,0
1785485580,28562,28576.25,28559.25,28573.25,,957,1020.3,1,0,0,0,0
1785485640,28573.25,28580,28568,28578,28562.75007118088,779,1032.05,1,0,0,0,0
1785485700,28578.25,28588.75,28574.75,28577,,1184,1059.65,1,0,0,0,0
1785485760,28577.75,28579.5,28568.5,28572.75,,717,1069.05,1,0,0,0,0
1785485820,28573,28581.25,28571.25,28579.75,,379,1062.65,1,0,0,0,0
1785485880,28579.5,28583.25,28569.25,28575.75,,475,1065.25,1,0,0,0,0
1785485940,28576,28601,28571.75,28593.25,,1658,1127.95,1,0,0,0,0
1785486000,28593.25,28596.75,28583,28588.25,,954,1080.65,1,0,0,0,0
1785486060,28588,28593.25,28577.5,28587,,678,1034.2,1,0,0,0,0
1785486120,28587,28589.5,28575.25,28577,,500,1005.65,1,0,0,0,0
1785486180,28577.25,28580,28564.5,28568.5,,956,984.75,1,0,0,0,0
1785486240,28567.75,28578.75,28565.75,28577.5,,646,941.95,1,0,0,0,0
1785486300,28577,28592.75,28573.5,28592,,932,940.45,1,0,0,0,0
1785486360,28592.25,28592.75,28579.75,28583,,519,932.05,1,0,0,0,0
1785486420,28582.75,28602.75,28582.75,28598.75,,1123,903.6,1,1,0,0,0
1785486480,28600,28604,28595.75,28601.5,,738,880.45,1,0,0,0,0
1785486540,28601.5,28609,28596,28598,28574.50004745392,1015,885.8,1,1,0,1,0
1785486600,28598.25,28604,28586.5,28601.75,,897,869.15,1,0,0,0,0
1785486660,28602.25,28604.25,28594.25,28602,,514,833.15,1,0,0,0,0
1785486720,28600.75,28611.25,28596,28596,,794,820.75,1,0,0,0,0
1785486780,28596.5,28599.75,28590,28596,,508,798.3,1,0,0,0,0
1785486840,28595.5,28601.5,28590.25,28597.75,,427,780.7,1,0,0,0,0
1785486900,28597.75,28597.75,28588.75,28590,,432,743.1,1,0,0,0,0
1785486960,28591,28591.5,28586.25,28589.75,,435,729,1,0,0,0,0
1785487020,28589.5,28591.5,28580.5,28590.5,,587,739.4,1,0,0,0,0
1785487080,28590.75,28594,28581,28584.75,,561,743.7,1,0,0,0,0
1785487140,28584.75,28587,28576,28576.75,,499,685.75,1,0,0,0,0
1785487200,28577.25,28577.75,28565,28566.25,,761,676.1,1,0,0,0,0
1785487260,28566.5,28572.75,28560.75,28566.25,,706,677.5,1,0,0,0,0
1785487320,28566.75,28573.5,28566.25,28572,,577,681.35,1,0,0,0,0
1785487380,28572,28578,28568.75,28573.5,,506,658.85,1,0,0,0,0
1785487440,28573.25,28580.5,28562.75,28567.75,28572.250031635947,945,673.8,-1,0,0,0,0
1785487500,28568.25,28574.25,28563,28573.5,,630,658.7,-1,0,0,0,0
1785487560,28573.5,28587.5,28572.25,28584.25,,765,671,1,0,0,0,0
1785487620,28584.75,28599,28582,28597.75,,966,663.15,1,0,0,0,0
1785487680,28598.5,28601,28596,28596,,391,645.8,1,0,0,0,0
1785487740,28596,28600.75,28592.5,28593.5,,518,620.95,1,0,0,0,0
1785487800,28594.75,28603,28588.75,28595,,638,608,1,0,0,0,0
1785487860,28594.5,28601,28592.5,28593.5,,382,601.4,1,0,0,0,0
1785487920,28593.25,28599.25,28585,28585.75,,516,587.5,1,0,0,0,0
1785487980,28585.25,28595.5,28585.25,28592.25,,356,579.9,1,0,0,0,0
1785488040,28592.75,28592.75,28581.5,28583.75,,377,577.4,1,0,0,0,0
1785488100,28583,28598.5,28581.25,28596.5,,751,593.35,1,0,0,0,0
1785488160,28597,28607.25,28589.5,28603.75,,856,614.4,1,0,0,0,0
1785488220,28603,28606.25,28600.5,28603.75,,435,606.8,1,0,0,0,0
1785488280,28603.25,28604.25,28595.5,28603.25,,642,610.85,1,0,0,0,0
1785488340,28603.5,28608,28600.75,28602.5,28582.333354423965,410,606.4,1,0,0,0,0
1785488400,28602.75,28623.25,28597.75,28617.75,,1832,659.95,1,1,0,0,0
1785488460,28616,28616,28603.5,28610,,702,659.75,1,0,0,0,0
1785488520,28610.25,28620.25,28609.25,28613,,636,662.7,1,0,0,0,0
1785488580,28613,28614,28601.25,28610.75,,741,674.45,1,0,0,0,0
1785488640,28611,28620,28610.25,28617.25,,696,662,1,0,0,0,0
1785488700,28616.75,28620.5,28598.75,28608.25,,712,666.1,1,0,0,0,0
1785488760,28608.75,28624.25,28601.75,28624.25,,909,673.3,1,0,0,0,0
1785488820,28624.25,28626.25,28618.25,28623.75,,711,660.55,1,0,0,0,0
1785488880,28623.25,28629.75,28620,28620.25,,504,666.2,1,0,0,0,0
1785488940,28619,28626.5,28615.5,28624.25,,461,663.35,1,0,0,0,0
1785489000,28625,28642,28623,28639,,1447,703.8,1,0,0,0,0
1785489060,28639.5,28639.75,28632.75,28636.25,,507,710.05,1,0,0,0,0
1785489120,28636.25,28638.25,28631.75,28634,,327,700.6,1,0,0,0,0
1785489180,28633.25,28634.5,28628,28628.5,,361,700.85,1,0,0,0,0
1785489240,28627.75,28631.75,28623.75,28628.5,28597.722236282643,528,708.4,1,0,0,0,0
1785489300,28628.5,28631.25,28622.75,28628.25,,431,692.4,1,0,0,0,0
1785489360,28628.5,28629.5,28613,28614.25,,575,678.35,1,0,0,0,0
1785489420,28614,28619.75,28611.25,28618,,463,679.75,1,0,0,0,0
1785489480,28619,28624.5,28616,28623.5,,375,666.4,1,0,0,0,0
1785489540,28622.25,28627.75,28609.5,28610.25,,558,673.8,1,0,0,0,0
1785489600,28610,28621.25,28609.5,28618.5,,518,608.1,1,0,0,0,0
1785489660,28620.75,28621,28606.75,28614.25,,466,596.3,1,0,0,0,0
1785489720,28613.75,28615,28605.75,28608.75,,528,590.9,1,0,0,0,0
1785489780,28608.75,28608.75,28600.75,28607.75,,717,589.7,1,0,0,0,0
1785489840,28608.25,28611.25,28603.5,28607.75,,319,570.85,1,0,0,0,0
1785489900,28608.75,28612.25,28599.75,28612,,737,572.1,1,0,0,0,0
1785489960,28612.25,28614.25,28608,28611.25,,320,542.65,1,0,0,0,0
1785490020,28612,28614,28605.25,28607.25,,267,520.45,1,0,0,0,0
1785490080,28607.25,28607.75,28587.5,28587.75,,948,542.65,1,0,0,0,0
1785490140,28588.5,28591.5,28584.25,28589.75,28595.06482418843,714,555.3,-1,0,0,0,0
1785490200,28589,28592.25,28581.5,28583.75,,759,520.9,-1,0,1,0,0
1785490260,28583,28588.25,28577.75,28585.25,,873,539.2,-1,0,0,0,0
1785490320,28585.75,28588,28578.25,28580.5,,414,543.55,-1,0,0,0,0
1785490380,28579.75,28581,28568,28576,,866,568.8,-1,0,0,0,0
1785490440,28575.5,28577.25,28563.25,28565,,624,573.6,-1,0,0,0,0
1785490500,28564.75,28569.75,28560.75,28562.5,,703,587.2,-1,0,0,0,0
1785490560,28561.75,28563.5,28547.5,28552.75,,1571,637,-1,0,0,0,0
1785490620,28551.75,28556.25,28546.5,28554.75,,490,638.35,-1,0,0,0,0
1785490680,28555.5,28557.5,28535.5,28536.75,,1042,671.7,-1,0,1,0,1
1785490740,28536,28547,28534,28545.25,,582,672.9,-1,0,0,0,0
1785490800,28545,28551.5,28541.25,28550,,664,680.2,-1,0,0,0,0
1785490860,28549.75,28556,28546.25,28554.75,,600,686.9,-1,0,0,0,0
1785490920,28553.75,28560,28549,28556.5,,696,695.3,-1,0,0,0,0
1785490980,28556.25,28558.25,28552,28556.75,,380,678.45,-1,0,0,0,0
1785491040,28556.25,28559,28548.75,28552.25,28580.79321612562,459,685.45,-1,0,0,0,0
1785491100,28552.5,28566.25,28551.25,28560.75,,779,687.55,-1,0,0,0,0
1785491160,28560.75,28563.5,28556.25,28557.75,,418,692.45,-1,0,0,0,0
1785491220,28557.75,28559,28553.25,28556.5,,285,693.35,-1,0,0,0,0
1785491280,28557.25,28563.75,28554.5,28555.75,,414,666.65,-1,0,0,0,0
1785491340,28556.5,28567.25,28550.75,28566,,694,665.65,-1,0,0,0,0
1785491400,28565.25,28569.5,28561.75,28564.75,,453,650.35,-1,0,0,0,0
1785491460,28564.75,28568.25,28545.75,28552.75,,814,647.4,-1,0,0,0,0
1785491520,28552,28558.5,28551.25,28556,,393,646.35,-1,0,0,0,0
1785491580,28556.75,28558,28548,28552,,321,619.1,-1,0,1,0,0
1785491640,28551.5,28558,28546,28548.25,,377,606.75,-1,0,0,0,0
1785491700,28547.5,28557,28546.75,28553.75,,595,601.35,-1,0,0,0,0
1785491760,28553.5,28554.25,28532.75,28538.75,,799,562.75,-1,0,0,0,0
1785491820,28538.25,28539.25,28530.75,28534,,471,561.8,-1,0,0,0,0
1785491880,28532.5,28537.5,28530.75,28536,,487,534.05,-1,0,0,0,0
1785491940,28537.5,28537.5,28529.25,28532.25,28564.61214408375,486,529.25,-1,0,1,0,1
1785492000,28531.5,28533,28519.75,28523.25,,1254,558.75,-1,0,0,0,0
1785492060,28523.5,28541.5,28521,28541.25,,1072,582.35,-1,0,0,0,0
1785492120,28541.5,28547,28525.5,28532.5,,758,585.45,-1,0,0,0,0
1785492180,28532.75,28539.25,28531.25,28535,,424,587.65,-1,0,0,0,0
1785492240,28535.75,28539.25,28526.75,28531.5,,611,595.25,-1,0,0,0,0
1785492300,28531,28533,28525.75,28527.5,,416,577.1,-1,0,0,0,0
1785492360,28527.75,28533.5,28519.25,28533,,553,583.85,-1,0,0,0,0
1785492420,28533.25,28543,28526.25,28543,,641,601.65,-1,0,0,0,0
1785492480,28542,28545.5,28531.75,28533,,534,607.65,-1,0,0,0,0
1785492540,28533,28540,28532,28539.25,,364,591.15,-1,0,0,0,0
1785492600,28539,28544,28532.25,28542.5,,422,589.6,-1,0,0,0,0
1785492660,28543,28545,28536.75,28539.25,,368,567.3,-1,0,0,0,0
1785492720,28538,28553.75,28537.75,28553.25,,886,591.95,-1,0,0,0,0
1785492780,28554,28558.5,28552.5,28557.75,,703,611.05,-1,0,0,0,0
1785492840,28557.75,28565,28555.25,28555.25,28561.491429389167,708,627.6,-1,0,0,0,0
1785492900,28555.5,28556.75,28549.25,28552,,394,617.55,-1,0,0,0,0
1785492960,28553,28556,28546.25,28554.75,,516,603.4,-1,0,0,0,0
1785493020,28554,28557.75,28549.75,28557.5,,224,591.05,-1,0,0,0,0
1785493080,28557.75,28560.5,28553.25,28559,,393,586.35,-1,0,0,0,0
1785493140,28559.25,28566.75,28557.5,28565.5,,469,585.5,1,0,0,0,0
1785493200,28566.5,28576.75,28566.5,28571,,976,571.6,1,0,0,0,0
1785493260,28571,28574.75,28569.75,28574.25,,314,533.7,1,0,0,0,0
1785493320,28574.25,28575.5,28569.25,28572.5,,353,513.45,1,0,0,0,0
1785493380,28573.25,28575,28569.5,28571.75,,289,506.7,1,0,0,0,0
1785493440,28571.5,28572.75,28554.75,28556,,811,516.7,-1,0,0,0,0
1785493500,28556.75,28572,28555.25,28569.5,,639,527.85,1,0,0,0,0
1785493560,28569.5,28569.75,28562.25,28563.25,,351,517.75,-1,0,0,0,0
1785493620,28563.75,28567,28562,28566,,382,504.8,1,0,0,0,0
1785493680,28564.5,28584,28564.25,28574.5,,1096,532.9,1,0,0,0,0
1785493740,28574.25,28575.25,28566,28572.25,28565.07761959278,328,531.1,1,0,0,0,0
1785493800,28572.75,28576,28567.5,28571.5,,636,541.8,1,0,0,0,0
1785493860,28572.5,28576.5,28565.25,28566.5,,397,543.25,1,0,0,0,0
1785493920,28565.75,28577.25,28563.75,28568.5,,523,525.1,1,0,0,0,0
1785493980,28568,28573,28564.25,28568,,366,508.25,1,0,0,0,0
1785494040,28568,28578,28563.75,28567.75,,456,495.65,1,0,0,0,0
1785494100,28567.25,28571.25,28561.5,28565.25,,499,500.9,1,0,0,0,0
1785494160,28566.25,28576.75,28564.75,28574.75,,403,495.25,1,0,0,0,0
1785494220,28574.75,28576.5,28566.5,28569.25,,281,498.1,1,0,0,0,0
1785494280,28569,28571.25,28561.75,28568.25,,429,499.9,1,0,0,0,0
1785494340,28568.5,28576.75,28567.5,28575.75,,287,490.8,1,0,0,0,0
1785494400,28576.5,28578,28570,28576.75,,290,456.5,1,0,0,0,0
1785494460,28576.5,28582.5,28573,28582.25,,492,465.4,1,0,0,0,0
1785494520,28581.5,28582.75,28576,28579,,421,468.8,1,0,0,0,0
1785494580,28578.75,28582.25,28574.25,28578.25,,539,481.3,1,0,0,0,0
1785494640,28578.25,28583.5,28574.75,28578.5,28569.551746395187,288,455.15,1,0,0,0,0
1785494700,28578.75,28592,28578.75,28581.5,,828,464.6,1,0,0,0,0
1785494760,28581.5,28583.75,28574,28576.5,,525,473.3,1,0,0,0,0
1785494820,28576.75,28579.25,28569.25,28569.5,,503,479.35,1,0,0,0,0
1785494880,28569,28570.25,28563.25,28567.5,,630,456.05,1,0,0,0,0
1785494940,28568,28568,28550.25,28556,,1084,493.85,-1,0,0,0,0
1785495000,28555.25,28569,28554,28565.5,,865,505.3,1,0,0,0,0
1785495060,28565.5,28569.75,28562,28566.25,,449,507.9,1,0,0,0,0
1785495120,28567.75,28574.25,28564.75,28565.75,,583,510.9,1,0,0,0,0
1785495180,28566.25,28574,28564,28567.25,,428,514,1,0,0,0,0
1785495240,28566.75,28581,28566.75,28580,,588,520.6,1,0,0,0,0
1785495300,28581,28585,28568,28571.25,,593,525.3,1,0,0,0,0
1785495360,28571,28576.5,28567,28571.75,,362,523.25,1,0,0,0,0
1785495420,28572.25,28573,28566,28566.25,,265,522.45,1,0,0,0,0
1785495480,28566.75,28572,28562.75,28566.5,,329,517.45,1,0,0,0,0
1785495540,28567,28568.5,28556.75,28565.25,28568.117830930125,600,533.1,-1,0,0,0,0
1785495600,28565,28585,28563,28579.5,,1308,584,1,0,0,0,0
1785495660,28580,28605,28575,28601.5,,1884,653.6,1,0,0,0,0
1785495720,28603,28605,28592.5,28603.5,,777,671.4,1,0,0,0,0
1785495780,28603.75,28621,28596.5,28613.5,,995,694.2,1,1,0,0,0
1785495840,28613.75,28616.75,28601,28614.5,,831,721.35,1,0,0,0,0
1785495900,28614.75,28618.5,28609,28611,,683,714.1,1,0,0,0,0
1785495960,28611.75,28617.25,28607.75,28615,,485,712.1,1,0,0,0,0
1785496020,28616,28625.25,28612.5,28625.25,,627,718.3,1,0,0,0,0
1785496080,28625,28626,28610.5,28613.75,,655,719.55,1,0,0,0,0
1785496140,28613.75,28619.5,28606.25,28612.75,,520,691.35,1,0,0,0,0
1785496200,28612.75,28614,28601.5,28605.25,,434,669.8,1,0,0,0,0
1785496260,28605.25,28607.25,28597.25,28598.5,,577,676.2,1,0,0,0,0
1785496320,28598,28602.25,28595,28600.5,,464,670.25,1,0,0,0,0
1785496380,28599.5,28602,28589,28599.75,,591,678.4,1,0,0,0,0
1785496440,28599.25,28601.5,28593.5,28596.5,28577.578553953415,333,665.65,1,0,0,0,0
1785496500,28595.5,28599.25,28571,28573,,1236,697.8,1,0,0,0,0
1785496560,28573.25,28577,28559,28566.75,,1868,773.1,-1,0,0,0,0
1785496620,28566.5,28569.75,28562,28566,,904,805.05,-1,0,0,0,0
1785496680,28566.75,28569,28554.5,28561.25,,876,832.4,-1,0,1,0,0
1785496740,28562.75,28565.5,28557.75,28561.75,,427,823.75,-1,0,0,0,0
1785496800,28562.5,28568,28555.5,28559.25,,553,786,-1,0,0,0,0
1785496860,28558.75,28562.5,28555.5,28561.25,,413,712.45,-1,0,0,0,0
1785496920,28561.5,28567,28553.5,28564.75,,563,701.75,-1,0,0,0,0
1785496980,28565.75,28573.75,28560.25,28567.5,,739,688.95,-1,0,0,0,0
1785497040,28568,28571,28563,28567.75,,378,666.3,-1,0,0,0,0
1785497100,28567,28571.75,28556.5,28558.25,,600,662.15,-1,0,0,0,0
1785497160,28557.75,28572.25,28557,28570,,520,663.9,1,0,0,0,0
1785497220,28570,28585,28564,28579.75,,767,670.9,1,0,0,0,0
1785497280,28580,28584.25,28568.25,28570,,959,686.1,1,0,0,0,0
1785497340,28570,28574.25,28547,28555,28570.052369302277,1307,725.45,-1,0,0,0,0
1785497400,28555.5,28556,28539,28541,,1300,768.75,-1,0,0,0,0
1785497460,28540.5,28548.75,28536,28541.5,,1097,794.75,-1,0,0,0,0
1785497520,28541.75,28545.75,28533,28542.75,,793,811.2,-1,0,0,0,0
1785497580,28542,28542.75,28524.5,28540,,1157,839.5,-1,0,0,0,0
1785497640,28539.5,28545,28533.75,28536.75,,897,867.7,-1,0,0,0,0
1785497700,28536.5,28560.75,28534.5,28559.75,,1341,872.95,-1,0,0,0,0
1785497760,28559.5,28560.5,28540.25,28540.25,,975,828.3,-1,0,0,0,0
1785497820,28541,28541.5,28528.5,28536.25,,914,828.8,-1,0,0,0,0
1785497880,28535.25,28538.5,28532.25,28537.25,,387,804.35,-1,0,0,0,0
1785497940,28537,28537.75,28524.5,28531.5,,883,827.15,-1,0,1,0,0
1785498000,28530.75,28537.25,28522.25,28532.75,,875,843.25,-1,0,0,0,0
1785498060,28533.75,28538.75,28528,28537.25,,487,846.95,-1,0,0,0,0
1785498120,28537.25,28544,28535.25,28541.25,,543,845.95,-1,0,0,0,0
1785498180,28541.75,28543,28525.5,28538.75,,853,851.65,-1,0,0,0,0
1785498240,28538.25,28540,28531.25,28537.5,28559.201579534852,538,859.65,-1,0,0,0,0
1785498300,28538.75,28545.75,28532,28543.5,,667,863,-1,0,0,0,0
1785498360,28543.25,28544.75,28532.75,28538,,607,867.35,-1,0,0,0,0
1785498420,28538,28539.75,28532.75,28536.75,,415,849.75,-1,0,0,0,0
1785498480,28537,28547.25,28531.75,28546.25,,735,838.55,-1,0,0,0,0
1785498540,28546.75,28549,28542.25,28544.75,,700,808.2,-1,0,0,0,0
1785498600,28545.75,28556,28544.5,28555.5,,699,778.15,-1,0,0,0,0
1785498660,28555.5,28558.5,28547.75,28551.5,,629,754.75,-1,0,0,0,0
1785498720,28551,28557,28549,28553.75,,394,734.8,-1,0,0,0,0
1785498780,28555.25,28559,28548.25,28558.5,,339,693.9,-1,0,0,0,0
1785498840,28558.25,28561.5,28552.75,28553.25,,469,672.5,-1,0,0,0,0
1785498900,28553.75,28555,28546,28548.25,,740,642.45,-1,0,0,0,0
1785498960,28547.75,28552,28545,28550.5,,281,607.75,-1,0,0,0,0
1785499020,28550.5,28553.75,28545.25,28553,,271,575.6,-1,0,0,0,0
1785499080,28553.25,28560,28551.5,28552.5,,465,579.5,-1,0,0,0,0
1785499140,28553,28555,28547.25,28553.5,28557.301053023235,312,550.95,-1,0,0,0,0
1785499200,28554.75,28555.75,28525.25,28532,,1410,577.7,-1,0,0,0,0
1785499260,28531.75,28535.75,28520.25,28524.25,,1057,606.2,-1,0,0,0,0
1785499320,28525,28526.5,28520.25,28525,,716,614.85,-1,0,0,0,0
1785499380,28525,28525.25,28508.5,28510.75,,1593,651.85,-1,0,0,0,0
1785499440,28510.75,28513.75,28506.5,28512,,779,663.9,-1,0,0,0,0
1785499500,28513.25,28515,28500.5,28503.75,,1355,698.3,-1,0,1,0,0
1785499560,28503.25,28512.25,28498.25,28512.25,,1024,719.15,-1,0,0,0,0
1785499620,28512.5,28515.5,28507,28507.25,,688,732.8,-1,0,0,0,0
1785499680,28507.75,28515.75,28500.5,28503,,932,742.65,-1,0,0,0,0
1785499740,28503.75,28504.75,28495,28500,,862,750.75,-1,0,0,0,0
1785499800,28499.75,28500.5,28483.5,28488.25,,1435,787.55,-1,0,0,0,0
1785499860,28487.75,28492.75,28484.75,28487.25,,930,802.6,-1,0,0,0,0
1785499920,28488,28493.25,28480.25,28490.5,,1061,835.95,-1,0,1,0,0
1785499980,28491.25,28494.5,28482.5,28490,,778,857.9,-1,0,0,0,0
1785500040,28490,28490,28476,28480.75,28531.784035348825,773,873.1,-1,0,0,0,0
1785500100,28480.25,28482.5,28467,28469.5,,1103,891.25,-1,0,0,0,0
1785500160,28470.75,28472.25,28457,28467.75,,2176,986,-1,0,0,0,0
1785500220,28468.25,28478,28464.75,28469.75,,1143,1029.6,-1,0,0,0,0
1785500280,28470.25,28474.25,28455.5,28457.25,,1091,1060.9,-1,0,1,0,0
1785500340,28457.25,28464.75,28449.75,28456.25,,1590,1124.8,-1,0,0,0,0
1785500400,28456.25,28470,28453,28469.5,,1373,1122.95,-1,0,0,0,0
1785500460,28470,28488,28470,28482.25,,1717,1155.95,-1,0,0,0,0
1785500520,28482.25,28483,28467.25,28467.25,,1049,1172.6,-1,0,0,0,0
1785500580,28467.25,28470.25,28447.75,28468.5,,1528,1169.35,-1,0,0,0,0
1785500640,28468.75,28485,28468,28484.25,,1301,1195.45,-1,0,0,0,0
1785500700,28484.25,28492.75,28479.25,28491.25,,1420,1198.7,-1,0,0,0,0
1785500760,28491.5,28493,28484.5,28490,,936,1194.3,-1,0,0,0,0
1785500820,28490.75,28491,28478,28480.5,,670,1193.4,-1,0,0,0,0
1785500880,28480.75,28499,28479.5,28497.75,,1099,1201.75,-1,0,0,0,0
1785500940,28497,28507.5,28494.25,28495.25,28519.606023565884,926,1204.95,-1,0,0,0,0
1785501000,28494.75,28501,28453,28497.75,,2424,1254.4,-1,0,0,0,0
1785501060,28498,28503.5,28482.5,28486.75,,1259,1270.85,-1,0,0,0,0
1785501120,28486.5,28487.5,28472.25,28478,,1183,1276.95,-1,0,0,0,0
1785501180,28476.5,28482,28455.5,28457.75,,1316,1303.85,-1,0,0,0,0
1785501240,28457.5,28467,28454,28461.5,,1309,1330.65,-1,0,0,0,0
1785501300,28462.5,28472.25,28451,28469,,1456,1348.3,-1,0,1,0,0
1785501360,28468.75,28473.75,28453.5,28460.75,,899,1284.45,-1,0,0,0,0
1785501420,28460.5,28467,28456.5,28461.5,,710,1262.8,-1,0,0,0,0
1785501480,28462.5,28468.25,28450,28461.75,,1047,1260.6,-1,0,0,0,0
1785501540,28461.75,28462.5,28442.5,28452.25,,1394,1250.8,-1,0,0,0,0
1785501600,28452.75,28455.75,28446.75,28453.25,,878,1226.05,-1,0,0,0,0
1785501660,28453,28469.75,28444.5,28459,,1573,1218.85,-1,0,0,0,0
1785501720,28459,28461,28432,28437,,2023,1267.55,-1,0,0,0,0
1785501780,28437,28456,28433.75,28454.5,,1361,1259.2,-1,0,0,0,0
1785501840,28454,28456.5,28448.25,28452.5,28497.237349043924,547,1221.5,-1,0,0,0,0
1785501900,28452.75,28462.75,28439.25,28451,,1326,1216.8,-1,0,0,0,0
1785501960,28451,28458,28437.75,28451.25,,863,1213.15,-1,0,0,0,0
1785502020,28451.25,28457,28443.75,28449.75,,586,1208.95,-1,0,0,0,0
1785502080,28449.25,28454.25,28445.25,28445.5,,530,1180.5,-1,0,0,0,0
1785502140,28445.75,28453,28443,28452.75,,643,1166.35,-1,0,0,0,0
1785502200,28452.25,28455.75,28441.75,28452.25,,791,1084.7,-1,0,0,0,0
1785502260,28452,28480.75,28451.25,28478.5,,1664,1104.95,-1,0,0,0,0
1785502320,28478.25,28487,28477,28486,,1182,1104.9,-1,0,0,0,0
1785502380,28485.5,28490,28479.75,28488.25,,1089,1093.55,-1,0,0,0,0
1785502440,28488,28488.75,28479.5,28486,,701,1063.15,-1,0,0,0,0
1785502500,28486.25,28491,28481,28482.25,,824,1031.55,-1,0,0,0,0
1785502560,28481.5,28487.25,28477.25,28482.75,,819,1027.55,-1,0,0,0,0
1785502620,28482.25,28485.75,28463.25,28468.25,,990,1041.55,-1,0,0,0,0
1785502680,28468.75,28472.25,28463.75,28470.25,,996,1039,-1,0,0,0,0
1785502740,28470.25,28472.25,28463.5,28468,28487.491566029283,659,1002.25,-1,0,0,0,0
1785502800,28467.75,28474.75,28457,28460.75,,2152,1065.95,-1,0,1,0,0
1785502860,28459.75,28474,28456.5,28466,,1152,1044.9,-1,0,0,0,0
1785502920,28466.25,28487.25,28464,28486.25,,1996,1043.55,-1,0,0,0,0
1785502980,28486.75,28496.75,28484.75,28492,,1869,1068.95,-1,0,0,0,0
1785503040,28492.5,28496.75,28488.5,28489,,843,1083.75,-1,0,0,0,0
1785503100,28489.75,28502.5,28485.75,28500.25,,1444,1089.65,1,1,0,0,0
1785503160,28500,28505,28493,28494,,1243,1108.65,-1,0,0,1,0
1785503220,28493.5,28503,28493.5,28501.75,,854,1122.05,1,0,0,0,0
1785503280,28501.5,28506.75,28500.75,28505.5,,988,1144.95,1,0,0,0,0
1785503340,28505,28514.5,28503.75,28508.5,,1709,1198.25,1,0,0,0,0
1785503400,28508.5,28529.25,28508.5,28527,,2342,1275.8,1,0,0,0,0
1785503460,28527,28530.5,28516.75,28522,,2084,1296.8,1,0,0,0,0
1785503520,28522,28522.5,28516,28519.25,,1229,1299.15,1,0,0,0,0
1785503580,28519.75,28522.25,28514.25,28519.75,,843,1286.85,1,0,0,0,0
1785503640,28519.25,28530.75,28517.25,28529.75,28501.57771068619,1227,1313.15,1,1,0,0,0
1785503700,28529.75,28540.25,28529.25,28536.75,,2054,1374.65,1,0,0,0,0
1785503760,28536.5,28544.5,28536,28544.25,,1316,1399.5,1,0,0,0,0
1785503820,28543.75,28544.75,28537,28540.5,,1260,1413,1,0,0,0,0
1785503880,28540.75,28544.5,28533.5,28538.25,,1011,1413.75,1,0,0,0,0
1785503940,28538.5,28546.25,28535.25,28539.25,,1304,1446,1,0,0,0,0
1785504000,28539.5,28543,28531.25,28533.75,,1272,1402,1,0,0,0,0
1785504060,28534.5,28539.75,28531.25,28538,,885,1388.65,1,0,0,0,0
1785504120,28537.5,28548.5,28528.25,28547,,2065,1392.1,1,0,0,0,0
1785504180,28546,28553,28541,28550,,1670,1382.15,1,0,0,0,0
1785504240,28549.75,28550,28534.25,28548.75,,1478,1413.9,1,0,0,0,0
1785504300,28549.25,28563,28549.25,28561,,3114,1497.4,1,0,0,0,0
1785504360,28560,28568,28555,28555.5,,1637,1517.1,1,0,0,0,0
1785504420,28554.75,28565.75,28544,28565.25,,2348,1591.8,1,1,0,1,0
1785504480,28563.5,28583.5,28561.75,28567.75,,3581,1721.45,1,0,0,0,0
1785504540,28568,28584.25,28556.25,28576.75,28526.63514045746,2639,1767.95,1,0,0,0,0
1785504600,28576.25,28614,28540.75,28598.75,,14029,2352.3,1,0,0,0,0
1785504660,28598.75,28632.5,28583.5,28626.5,,12423,2869.25,1,0,0,0,0
1785504720,28625.75,28667.25,28625.25,28664.5,,13354,3475.5,1,0,0,0,0
1785504780,28664.75,28696.25,28661.5,28686.75,,11436,4005.15,1,0,0,0,0
1785504840,28686.5,28710,28681.75,28682,,11518,4519.7,1,0,0,0,0
1785504900,28682.5,28725.75,28679.75,28708,,10903,4962.15,1,1,0,0,0
1785504960,28708.5,28713,28671,28681.25,,10411,5416.9,1,0,0,0,0
1785505020,28681,28686,28645.75,28659.5,,11712,5939.5,1,0,0,0,0
1785505080,28659.75,28663,28583.5,28605.5,,15750,6676.45,1,0,0,0,0
1785505140,28604.75,28611,28556.25,28562.25,,12979,7260.2,1,0,0,0,0
1785505200,28562,28576.25,28516.25,28534.25,,13444,7868.8,1,0,0,0,0
1785505260,28535.75,28588.75,28520,28525,,11431,8396.1,1,0,0,0,0
1785505320,28525.5,28543.25,28476,28478.5,,13708,8978.25,-1,0,0,0,0
1785505380,28478.5,28504.75,28434.75,28470.75,,16063,9697.9,-1,0,0,0,0
1785505440,28470,28483.25,28415,28419.25,28490.840093638308,13502,10299.1,-1,0,0,0,0
1785505500,28420,28473.25,28407,28433,,15264,10906.6,-1,0,0,0,0
1785505560,28434,28434,28383.25,28399.25,,14761,11562.8,-1,0,0,0,0
1785505620,28400,28420.5,28370.5,28380.5,,11848,12037.8,-1,0,0,0,0
1785505680,28380.5,28393,28329,28350.25,,15194,12618.45,-1,0,0,0,0
1785505740,28350.5,28369.25,28319.75,28359.25,,11848,13078.9,-1,0,0,0,0
1785505800,28360.75,28387.25,28318.75,28347.75,,13179,13036.4,-1,0,1,0,0
1785505860,28347.25,28393.75,28337.5,28392.25,,8910,12860.75,-1,0,0,0,0
1785505920,28391.5,28408.25,28338.5,28346,,13548,12870.45,-1,0,0,0,0
1785505980,28346.5,28346.5,28308,28321.5,,13135,12955.4,-1,0,0,0,0
1785506040,28323.25,28340.5,28294.75,28334,,13086,13033.8,-1,0,0,0,0
1785506100,28332.5,28365.5,28310.5,28361,,11701,13073.7,-1,0,0,0,0
1785506160,28361.5,28398.5,28352.75,28396.75,,10673,13086.8,-1,0,0,0,0
1785506220,28396.5,28416,28370.25,28373.25,,10647,13033.55,-1,0,0,0,0
1785506280,28372.5,28386.25,28337.5,28342.25,,7056,12598.85,-1,0,0,0,0
1785506340,28342.25,28381,28340.25,28359.5,28447.06006242554,4605,12180.15,-1,0,0,0,0
1785506400,28359.75,28392,28321,28344.5,,9460,11980.95,-1,0,0,0,0
1785506460,28344.5,28349,28284.75,28325.5,,10848,11951.8,-1,0,0,0,0
1785506520,28325.5,28339.75,28272,28287.75,,10804,11806.6,-1,0,0,0,0
1785506580,28287.25,28311.25,28264.25,28281.25,,10242,11515.55,-1,0,0,0,0
1785506640,28282.5,28288.25,28240.5,28242.5,,10646,11372.75,-1,0,0,0,0
1785506700,28243,28259,28222,28250.75,,11315,11175.3,-1,0,0,0,0
1785506760,28250.5,28274,28210.25,28211.25,,10666,10970.55,-1,0,1,0,0
1785506820,28211.5,28216.75,28159.5,28190.25,,15464,11151.35,-1,0,0,0,0
1785506880,28190,28194.75,28123,28148.25,,14325,11107.9,-1,0,0,0,0
1785506940,28149.75,28168,28122.75,28153,,9725,11001.75,-1,0,0,0,0
1785507000,28153.25,28177,28102,28127.5,,13611,11023.35,-1,0,0,0,0
1785507060,28127.75,28171,28121.5,28169.5,,8667,11011.2,-1,0,0,0,0
1785507120,28170,28192.25,28129,28138.75,,12096,10938.6,-1,0,0,0,0
1785507180,28138.75,28146.5,28108.5,28119,,9116,10737.65,-1,0,0,0,0
1785507240,28119.5,28151.5,28100.25,28137.5,28343.87337495036,8787,10522.7,-1,0,0,0,0
1785507300,28136.75,28163.5,28110.5,28124,,9495,10412.4,-1,0,0,0,0
1785507360,28124.25,28128.75,28079.75,28112.75,,12231,10490.3,-1,0,0,0,0
1785507420,28112.5,28161,28111.5,28136.5,,10203,10468.1,-1,0,0,0,0
1785507480,28134.5,28196.25,28131.25,28193.5,,10231,10626.85,-1,0,0,0,0
1785507540,28194,28215,28175.5,28177,,11021,10947.65,-1,0,0,0,0
1785507600,28177.5,28236.25,28153.5,28224.25,,12190,11084.15,-1,0,0,0,0
1785507660,28223.75,28237,28176,28203.5,,9137,10998.6,-1,0,0,0,0
1785507720,28202.75,28247.75,28198.75,28236.75,,8442,10880.5,-1,0,0,0,0
1785507780,28236.75,28247.5,28205.25,28231.5,,8222,10779.5,-1,0,0,0,0
1785507840,28230.75,28232.5,28164.25,28195.75,,11037,10799.05,-1,0,0,0,0
1785507900,28194.25,28222.5,28176.25,28195,,8712,10668.9,-1,0,0,0,0
1785507960,28195,28210,28175.5,28194,,6568,10464,-1,0,0,0,0
1785508020,28194.75,28233.25,28160,28226.5,,9394,10160.5,-1,0,0,0,0
1785508080,28228.5,28255,28219.25,28252,,8212,9854.85,-1,0,0,0,0
1785508140,28251.75,28258.5,28221,28250.75,28312.832249966905,7080,9722.6,-1,0,0,0,0
1785508200,28249.5,28266.25,28233,28255.5,,7946,9439.35,-1,0,0,0,0
1785508260,28256.25,28281.75,28246,28251.25,,8884,9450.2,-1,0,0,0,0
1785508320,28251.5,28257.5,28219.25,28257,,8270,9258.9,-1,0,0,0,0
1785508380,28256.25,28275.5,28227.75,28229.75,,7543,9180.25,-1,0,0,0,0
1785508440,28228.75,28248.5,28210.75,28236.75,,7649,9123.35,-1,0,0,0,0
1785508500,28236.25,28285.25,28234,28280.75,,8006,9048.9,-1,0,0,0,0
1785508560,28280.75,28289.5,28260.75,28276.75,,6027,8738.7,-1,0,0,0,0
1785508620,28276.75,28293.5,28267.5,28277.25,,6522,8554.65,-1,0,0,0,0
1785508680,28276.5,28291,28261.75,28262.5,,5031,8294.65,-1,0,0,0,0
1785508740,28261.75,28284.75,28257.75,28270.25,,4563,7971.75,-1,0,0,0,0
1785508800,28270.5,28295.75,28268.25,28285,,5476,7636.05,-1,0,0,0,0
1785508860,28285.75,28291.5,28242.75,28249.75,,6230,7490.7,-1,0,0,0,0
1785508920,28249.25,28251,28211.5,28237.25,,9645,7550.85,-1,0,0,0,0
1785508980,28237.25,28264.5,28223.25,28258.75,,5981,7438.8,-1,0,0,0,0
1785509040,28259.75,28280.5,28254.5,28269,28298.221499977935,5779,7175.9,-1,0,0,0,0
1785509100,28268.25,28280,28241,28250.25,,7053,7092.95,-1,0,0,0,0
1785509160,28250.75,28306.5,28236,28274.25,,8698,7199.45,-1,0,0,0,0
1785509220,28274,28284.5,28250.25,28278.5,,5469,7003.2,-1,0,0,0,0
1785509280,28279.75,28317.5,28270.5,28317,,6230,6904.1,1,0,0,0,0
1785509340,28316.75,28339.75,28305.5,28333.25,,7043,6902.25,1,0,0,0,0
1785509400,28333.25,28343,28318.25,28327,,7098,6859.85,1,0,0,0,0
1785509460,28326.75,28347.25,28322.25,28340,,4757,6653.5,1,1,0,0,0
1785509520,28340.25,28342.5,28322.5,28332.25,,4349,6457.45,1,0,0,0,0
1785509580,28331.75,28346,28323.75,28337,,3772,6268.9,1,0,0,0,0
1785509640,28336.75,28339.25,28290.5,28298.5,,6854,6229.15,-1,0,0,1,0
1785509700,28298.75,28307.5,28263,28276.25,,7544,6206.05,-1,0,0,0,0
1785509760,28276,28322.25,28255.25,28313.75,,8067,6308.05,1,0,0,0,0
1785509820,28313.75,28333.75,28304.25,28309.5,,5710,6267.45,-1,0,0,0,0
1785509880,28309.5,28322.25,28285.75,28321.75,,5286,6280.2,1,0,0,0,0
1785509940,28321.5,28323,28299.75,28307.75,28301.397666651956,3860,6245.05,1,0,0,0,0
1785510000,28308.5,28325.75,28283.5,28285.25,,5251,6233.8,-1,0,0,0,0
1785510060,28285.75,28309.25,28279.75,28291.25,,5949,6219.75,-1,0,0,0,0
1785510120,28290.5,28315,28285.5,28303.25,,4465,5960.75,1,0,0,0,0
1785510180,28303.25,28312.5,28273.25,28289.5,,5256,5924.5,-1,0,0,0,0
1785510240,28289.25,28331.25,28284.5,28321.25,,5929,5932,1,0,0,0,0
1785510300,28322,28342.5,28300,28301.25,,6754,5917.05,1,0,0,0,0
1785510360,28301,28324.75,28299.75,28305.5,,4650,5714.65,1,0,0,0,0
1785510420,28305,28315.75,28288,28303.25,,5343,5708.35,1,0,0,0,0
1785510480,28303.75,28308.25,28283.5,28288.75,,4565,5625.1,-1,0,0,0,0
1785510540,28288.75,28293.5,28256.5,28277.25,,7206,5633.25,-1,0,0,0,0
1785510600,28277,28285.75,28251,28266.75,,6405,5598.6,-1,0,0,0,0
1785510660,28267.5,28271,28223.5,28232,,8535,5787.5,-1,0,0,0,0
1785510720,28232.25,28271.25,28214.75,28266.75,,9316,6035.85,-1,0,0,0,0
1785510780,28267,28280,28245.5,28276,,6214,6157.95,-1,0,0,0,0
1785510840,28276.5,28299.5,28267.75,28269.75,28290.848444434636,7210,6175.75,-1,0,0,0,0
1785510900,28270,28339,28266.75,28307.25,,11050,6351.05,1,0,0,0,0
1785510960,28306.75,28310.25,28244,28259.75,,7158,6305.6,-1,0,0,0,0
1785511020,28260,28266.5,28239.75,28253.25,,4687,6254.45,-1,0,0,0,0
1785511080,28253.75,28263,28236,28258.5,,5094,6244.85,-1,0,1,0,0
1785511140,28258,28273,28251.25,28260.5,,4309,6267.3,-1,0,0,0,0
1785511200,28260,28271,28236.75,28244.75,,4834,6246.45,-1,0,0,0,0
1785511260,28244.75,28265,28220.5,28222.5,,5325,6215.25,-1,0,0,0,0
1785511320,28222.25,28237.25,28206,28214,,7066,6345.3,-1,0,0,0,0
1785511380,28214,28225,28202.25,28219,,4972,6331.1,-1,0,0,0,0
1785511440,28218.75,28221.5,28193,28196.25,,4911,6280.2,-1,0,0,0,0
1785511500,28196,28208,28173.25,28178.25,,7295,6307.25,-1,0,0,0,0
1785511560,28178.5,28187.75,28132,28142.25,,9337,6541.6,-1,0,0,0,0
1785511620,28142.25,28157,28131,28134,,6522,6600.55,-1,0,0,0,0
1785511680,28134.75,28158.5,28121.75,28153.5,,6577,6701.15,-1,0,1,0,0
1785511740,28151.75,28164.5,28134.5,28151.5,28244.398962956424,5520,6616.85,-1,0,0,0,0
1785511800,28151.25,28167.25,28138.75,28154,,6087,6600.95,-1,0,0,0,0
1785511860,28154,28179.5,28148.5,28150,,6340,6491.2,-1,0,0,0,0
1785511920,28150.5,28160,28140,28157.75,,4498,6250.3,-1,0,0,0,0
1785511980,28157.25,28163.75,28138,28143,,5017,6190.45,-1,0,0,0,0
1785512040,28143.75,28176.5,28115.5,28175.5,,8512,6255.55,-1,0,0,0,0
1785512100,28175.25,28205,28171.75,28190,,8124,6109.25,-1,0,0,0,0
1785512160,28191,28214.25,28185.75,28195,,6035,6053.1,-1,0,0,0,0
1785512220,28194.75,28221.75,28194,28217.75,,4566,6047.05,-1,0,0,0,0
1785512280,28217.75,28260.5,28217.5,28248.75,,7471,6165.9,-1,0,0,0,0
1785512340,28248.75,28254.25,28227.25,28235.25,,4829,6191.9,-1,0,0,0,0
1785512400,28235.5,28249,28221.75,28228.75,,5061,6203.25,-1,0,0,0,0
1785512460,28228.5,28230.75,28171,28180,,8485,6361.25,-1,0,0,0,0
1785512520,28180,28192.75,28167,28181,,5387,6277.3,-1,0,0,0,0
1785512580,28180,28202.5,28163.5,28201.25,,5208,6289.1,-1,0,1,0,0
1785512640,28200.75,28219.25,28197,28214.75,28234.515975304283,4486,6267.85,-1,0,0,0,0
1785512700,28215.25,28225.75,28189.5,28204.5,,5418,6174,-1,0,0,0,0
1785512760,28205,28220.5,28192.75,28193.75,,4343,5924.3,-1,0,0,0,0
1785512820,28195,28202.5,28165.25,28178.5,,5551,5875.75,-1,0,0,0,0
1785512880,28180.25,28201.75,28169.25,28199,,3874,5740.6,-1,0,0,0,0
1785512940,28199,28210,28181.5,28193.75,,3752,5652.2,-1,0,0,0,0
1785513000,28194.25,28237.25,28188.5,28232.75,,5828,5639.25,-1,0,0,0,0
1785513060,28232.25,28253,28225.5,28252,,5430,5593.75,1,0,0,0,0
1785513120,28251,28270.25,28229.25,28263.5,,5208,5629.25,1,0,0,0,0
1785513180,28263.75,28269.5,28240.75,28253.5,,3796,5568.2,1,0,0,0,0
1785513240,28253.75,28287.75,28247.5,28280.25,,4854,5385.3,1,0,0,0,0
1785513300,28279.75,28291,28261,28272.5,,4945,5226.35,1,0,0,0,0
1785513360,28272.75,28284.5,28267.25,28277.75,,3188,5084,1,0,0,0,0
1785513420,28278.25,28290.75,28276,28283,,2930,5002.2,1,0,0,0,0
1785513480,28282.5,28295.25,28266.5,28267.5,,4011,4829.2,1,0,0,0,0
1785513540,28267.75,28277.75,28251.25,28273.75,28247.59398353619,4165,4796,1,0,0,0,0
1785513600,28273.75,28295.25,28257.25,28292,,5162,4801.05,1,0,0,0,0
1785513660,28293,28309,28286.25,28287.25,,5702,4661.9,1,0,0,0,0
1785513720,28287.75,28298,28270.25,28281.25,,3818,4583.45,1,1,0,0,0
1785513780,28281.75,28293.5,28276,28287,,2707,4458.4,1,0,0,0,0
1785513840,28287.5,28308,28284.75,28290.5,,3608,4414.5,1,0,0,0,0
1785513900,28290.75,28298.25,28272.5,28273.75,,3675,4327.35,1,0,0,0,0
1785513960,28273.75,28281.5,28252,28265.5,,5040,4362.2,1,0,0,0,0
1785514020,28264.75,28269.5,28242,28258.75,,4213,4295.3,1,0,0,0,0
1785514080,28258.75,28277.75,28254.75,28276,,2865,4244.85,1,0,0,0,0
1785514140,28275.75,28283.25,28271.25,28274.75,,2846,4199.55,1,0,0,0,0
1785514200,28274,28288,28268.25,28280,,2813,4048.8,1,1,0,0,0
1785514260,28279.25,28296,28271.75,28295.25,,4274,3991,1,0,0,0,0
1785514320,28295,28304.75,28282.5,28288.75,,3476,3904.4,1,0,0,0,0
1785514380,28289.5,28304.75,28279.5,28303.25,,2369,3833.05,1,0,0,0,0
1785514440,28303.5,28308.5,28283,28300.5,28265.22932235746,3229,3751.8,1,0,0,0,0
1785514500,28301,28310,28261.25,28265.5,,5415,3775.3,1,0,0,0,0
1785514560,28265.5,28284.25,28256,28281,,3785,3805.15,1,0,0,0,0
1785514620,28281,28296.75,28272.5,28290.5,,3097,3813.5,1,0,0,0,0
1785514680,28291.25,28301.25,28280,28297.25,,2655,3745.7,1,0,0,0,0
1785514740,28297.75,28303.5,28285,28292,,2196,3647.25,1,0,0,0,0
1785514800,28292.5,28309.25,28285.75,28309.25,,2820,3530.15,1,0,0,0,0
1785514860,28309,28315,28293.25,28303.25,,3953,3442.7,1,0,0,0,0
1785514920,28301.75,28317.5,28296.5,28310.75,,2970,3400.3,1,0,0,0,0
1785514980,28310,28321,28309.5,28318.25,,2713,3400.6,1,0,0,0,0
1785515040,28319,28341,28318.5,28332.5,,4777,3459.05,1,0,0,0,0
1785515100,28333,28334.25,28305.5,28313.75,,3900,3470.3,1,0,0,0,0
1785515160,28313.75,28328,28305.25,28325,,3125,3374.55,1,0,0,0,0
1785515220,28325.25,28338.75,28322,28323.25,,2912,3309.5,1,0,0,0,0
1785515280,28323.5,28349,28319.5,28344.5,,3368,3334.65,1,0,0,0,0
1785515340,28344.5,28364,28343.25,28364,28298.15288157164,4504,3417.55,1,0,0,0,0
1785515400,28363.75,28381.5,28354.75,28355.5,,6621,3607.95,1,0,0,0,0
1785515460,28356.5,28376.5,28350.25,28376.25,,4030,3595.75,1,1,0,0,0
1785515520,28375.5,28383.75,28372,28378.25,,3156,3579.75,1,0,0,0,0
1785515580,28377.75,28387.75,28370,28386,,3112,3616.9,1,0,0,0,0
1785515640,28385,28387,28371.25,28376.5,,2706,3590.75,1,0,0,0,0
1785515700,28376.25,28389,28372.75,28383,,2859,3462.95,1,0,0,0,0
1785515760,28382.75,28384.75,28360.25,28362.75,,3412,3444.3,1,0,0,0,0
1785515820,28362,28375.5,28360.5,28370,,2459,3412.4,1,0,0,0,0
1785515880,28370,28372.25,28356,28358.5,,3212,3440.25,1,0,0,0,0
1785515940,28358.25,28371,28356.25,28363.5,,2161,3438.5,1,0,0,0,0
1785516000,28363,28371.5,28355.5,28360.25,,2563,3425.65,1,0,0,0,0
1785516060,28360,28364.25,28329,28329.75,,4644,3460.2,1,0,0,0,0
1785516120,28329.5,28342.75,28321,28336.75,,4270,3525.2,1,0,0,0,0
1785516180,28336.25,28343.5,28322,28326.25,,2820,3530.55,1,0,0,0,0
1785516240,28327.25,28331.5,28313.75,28321.25,28305.85192104776,3227,3453.05,1,0,0,0,0
1785516300,28321.5,28334,28308,28326,,3904,3453.25,1,0,0,0,0
1785516360,28327,28344.75,28313.25,28344.5,,3372,3465.6,1,0,0,0,0
1785516420,28344.75,28348,28335,28345,,2718,3455.9,1,0,0,0,0
1785516480,28344.5,28345.75,28332.25,28342.75,,2141,3394.55,1,0,0,0,0
1785516540,28341.75,28349.5,28328.5,28348,,2977,3318.2,1,0,0,0,0
1785516600,28348,28367.25,28343.5,28361,,4760,3225.15,1,0,0,0,0
1785516660,28360.75,28383.25,28354,28371.25,,4245,3235.9,1,0,0,0,0
1785516720,28371.5,28376.25,28363,28367.25,,2167,3186.45,1,0,0,0,0
1785516780,28366.75,28372.5,28361.5,28368.25,,1907,3126.2,1,0,0,0,0
1785516840,28368.5,28377.25,28352.5,28354.5,,2671,3124.45,1,0,0,0,0
1785516900,28353.25,28372,28351.25,28366.5,,2661,3114.55,1,0,0,0,0
1785516960,28367.25,28379.5,28362.5,28370.5,,2730,3080.45,1,0,0,0,0
1785517020,28370.25,28387.75,28369.25,28385.25,,2562,3085.6,1,0,0,0,0
1785517080,28385.75,28391,28375,28377.75,,2663,3058.15,1,0,0,0,0
1785517140,28377.25,28381.25,28366.5,28366.75,28326.15128069851,2131,3056.65,1,0,0,0,0
1785517200,28367.25,28386.5,28359.75,28385.25,,3770,3117,1,0,0,0,0
1785517260,28384.75,28408.25,28379,28405.5,,4880,3128.8,1,0,0,0,0
1785517320,28406,28409.25,28397.25,28400.25,,2660,3048.3,1,0,0,0,0
1785517380,28400,28409.5,28398,28406,,2102,3012.4,1,1,0,0,0
1785517440,28405.75,28408,28394.25,28394.5,,1845,2943.3,1,0,0,0,0
1785517500,28395,28405.5,28389,28397.25,,2339,2865.05,1,0,0,0,0
1785517560,28396.5,28399.75,28381.5,28383.75,,2347,2813.8,1,0,0,0,0
1785517620,28383.75,28386,28368,28368.75,,3309,2843.35,1,0,0,0,0
1785517680,28368.5,28377.5,28364.25,28375.5,,2416,2857.1,1,0,0,0,0
1785517740,28375,28384.5,28369.75,28378.75,,2099,2813.2,1,0,0,0,0
1785517800,28379.5,28394.5,28367.25,28385.75,,2912,2720.8,1,0,0,0,0
1785517860,28386.25,28405,28385.5,28402,,2740,2645.55,1,0,0,0,0
1785517920,28401.75,28412,28401.25,28404,,2513,2662.85,1,0,0,0,0
1785517980,28404.25,28407.25,28398.25,28401.5,,1642,2649.6,1,0,0,0,0
1785518040,28401.5,28407.25,28394.75,28403,28351.767520465673,1743,2603.2,1,0,0,0,0
1785518100,28403,28421,28398.5,28411.75,,3723,2656.3,1,1,0,0,0
1785518160,28412,28422.75,28403.25,28406.5,,2911,2665.35,1,0,0,0,0
1785518220,28406.5,28409.25,28399.25,28399.75,,1632,2618.85,1,0,0,0,0
1785518280,28399.25,28408.25,28395.5,28402.75,,1872,2579.3,1,0,0,0,0
1785518340,28402.5,28420.5,28402,28417.25,,1935,2569.5,1,0,0,0,0
1785518400,28418,28425.25,28416,28420.25,,2044,2483.2,1,0,0,0,0
1785518460,28420.5,28420.75,28408.25,28409.25,,2089,2343.65,1,0,0,0,0
1785518520,28409.75,28413.75,28396.75,28413.75,,2527,2337,1,0,0,0,0
1785518580,28413.25,28429.75,28411.75,28429.5,,2615,2362.65,1,1,0,0,0
1785518640,28429.5,28455.75,28428.5,28453.75,,5393,2540.05,1,0,0,0,0
1785518700,28453.75,28464.75,28451.75,28461.5,,3728,2609.5,1,0,0,0,0
1785518760,28461.75,28465,28449.25,28463.75,,3370,2660.65,1,0,0,0,0
1785518820,28464.25,28477.75,28454.5,28455.75,,5332,2761.8,1,0,0,0,0
1785518880,28456.25,28469.5,28454.25,28456.5,,2709,2776.45,1,0,0,0,0
1785518940,28456.5,28468,28455,28462.25,28388.595013643782,2475,2795.25,1,0,0,0,0
1785519000,28462.25,28463.25,28450.75,28454.5,,2817,2790.5,1,0,0,0,0
1785519060,28454.25,28467.75,28452.75,28461.25,,1926,2749.8,1,0,0,0,0
1785519120,28461.5,28467.25,28448.75,28461,,2542,2751.25,1,0,0,0,0
1785519180,28460.75,28481.25,28458.5,28481,,2928,2815.55,1,0,0,0,0
1785519240,28481.25,28486,28476.25,28481.75,,3069,2881.85,1,0,0,0,0
1785519300,28480.25,28490.75,28475.75,28485.5,,2290,2810.2,1,0,0,0,0
1785519360,28486.25,28494.75,28485.25,28489.75,,2389,2784.1,1,0,0,0,0
1785519420,28489.25,28499.75,28487.75,28498.25,,2434,2824.2,1,0,0,0,0
1785519480,28498,28502.75,28478.5,28478.75,,4039,2932.55,1,0,0,0,0
1785519540,28479,28479,28454.5,28455,,4572,3064.4,1,0,0,0,0
1785519600,28455.5,28472,28451.75,28465.5,,3364,3130.4,1,0,0,0,0
1785519660,28465.75,28468.25,28451,28456.5,,2696,3160.75,1,0,0,0,0
1785519720,28455.75,28456.75,28443.25,28447.25,,3411,3204.95,1,0,0,0,0
1785519780,28447.75,28461.5,28445.75,28460,,2288,3188.6,1,0,0,0,0
1785519840,28459.5,28467,28451,28456.25,28411.14667576252,2469,3042.4,1,0,0,0,0
1785519900,28456.25,28464.75,28450.75,28451.5,,2141,2963.05,1,0,0,0,0
1785519960,28451.75,28475.75,28451.25,28463.5,,2904,2939.75,1,0,0,0,0
1785520020,28463.5,28465.5,28434.5,28435,,3793,2862.8,1,0,0,0,0
1785520080,28435.25,28439,28419,28428.25,,5488,3001.75,1,0,0,0,0
1785520140,28428,28435.25,28417.75,28421.25,,3011,3028.55,1,0,0,0,0
1785520200,28420.75,28432.25,28416,28429.75,,2858,3030.6,1,0,0,0,0
1785520260,28430.25,28449.75,28420.25,28449.75,,3415,3105.05,1,0,0,0,0
1785520320,28449.75,28465.25,28445,28447.25,,4457,3200.8,1,0,0,0,0
1785520380,28447.75,28454.75,28440.25,28442.25,,2054,3157.1,1,0,0,0,0
1785520440,28442.25,28451.5,28440,28443.5,,1711,3089.2,1,0,0,0,0
1785520500,28443.75,28456,28441.25,28450.5,,2282,3088.8,1,1,0,0,0
1785520560,28450,28458.75,28445.25,28447,,1929,3065.8,1,0,0,0,0
1785520620,28447,28448.5,28434.25,28446.25,,2543,3071.25,1,0,0,0,0
1785520680,28446,28447.25,28435,28436.75,,1787,2958.65,1,0,0,0,0
1785520740,28436.5,28436.75,28424.75,28429,28417.09778384168,2307,2845.4,1,0,0,0,0
1785520800,28428.75,28443.25,28418,28441.75,,4232,2888.8,1,0,0,0,0
1785520860,28441,28460,28440.5,28446.75,,3220,2915,1,0,0,0,0
1785520920,28447,28449.25,28436,28441.5,,1900,2839.45,1,0,0,0,0
1785520980,28442,28444.75,28428.75,28429.75,,1715,2810.8,1,0,0,0,0
1785521040,28430.25,28439.5,28426.25,28427,,1885,2781.6,1,0,0,0,0
1785521100,28426.75,28429,28413.75,28426,,3455,2847.3,1,0,0,0,0
1785521160,28426.5,28454,28426.5,28444.5,,3837,2893.95,1,0,0,0,0
1785521220,28444.25,28447,28427.75,28433,,2264,2817.5,1,0,0,0,0
1785521280,28433.5,28443.5,28428,28436.75,,1838,2635,1,0,0,0,0
1785521340,28436.5,28440,28427.25,28429,,1645,2566.7,1,0,0,0,0
1785521400,28429.25,28437.25,28417,28420,,2484,2548,1,0,0,0,0
1785521460,28420.25,28420.25,28397.5,28403.25,,5350,2644.75,-1,0,0,0,0
1785521520,28403.25,28410.75,28395.25,28398.25,,3737,2608.75,-1,0,0,0,0
1785521580,28398.5,28409.5,28395.25,28407.25,,2719,2642,-1,0,1,0,0
1785521640,28406.75,28414.25,28395.75,28402.25,28412.14852256112,3091,2711,-1,0,0,0,0
1785521700,28403,28419,28398,28417.75,,2969,2745.35,1,0,0,0,0
1785521760,28417.75,28424.5,28413.75,28420,,2939,2795.85,1,0,0,0,0
1785521820,28420,28433.5,28415.5,28423,,3039,2820.65,1,0,0,0,0
1785521880,28422.75,28446,28421.25,28440.25,,3369,2899.75,1,0,0,0,0
1785521940,28440.75,28442.5,28425.5,28427.75,,2485,2908.65,1,0,0,0,0
1785522000,28428,28441.75,28420.25,28433.5,,2994,2846.75,1,0,0,0,0
1785522060,28433.25,28443.75,28427.25,28437.5,,1880,2779.75,1,0,0,0,0
1785522120,28437,28443.5,28430.5,28437.5,,1916,2780.55,1,0,0,0,0
1785522180,28437.75,28443.75,28433.5,28436,,1714,2780.5,1,0,0,0,0
1785522240,28436.5,28446.75,28434.5,28437.25,,1804,2776.45,1,0,0,0,0
1785522300,28437.25,28439,28415.25,28418.5,,3083,2757.85,1,0,0,0,0
1785522360,28418.5,28424.5,28412.5,28418.75,,2119,2671.95,1,0,0,0,0
1785522420,28419.25,28423.25,28413,28419.5,,1594,2638.45,1,0,0,0,0
1785522480,28418.5,28426,28414.5,28418.25,,1598,2626.45,1,0,0,0,0
1785522540,28419,28429,28416.75,28422.25,28415.515681707413,1492,2618.8,1,0,0,0,0
1785522600,28422.25,28442.5,28422.25,28440,,2704,2629.8,1,0,0,0,0
1785522660,28440.5,28444.5,28433.25,28438.25,,1840,2454.3,1,0,0,0,0
1785522720,28438.75,28441,28433.5,28440.25,,1202,2327.55,1,0,0,0,0
1785522780,28439.5,28440.5,28433,28437.75,,1036,2243.4,1,0,0,0,0
1785522840,28438.5,28449,28434.5,28435,,1964,2187.05,1,1,0,0,0
1785522900,28434.5,28435,28415.25,28427.75,,2950,2186.1,1,0,0,0,0
1785522960,28428.75,28436.75,28422.5,28424.25,,1848,2131.55,1,0,0,0,0
1785523020,28424,28430.25,28415.5,28425.75,,2175,2088.35,1,0,0,0,0
1785523080,28425.75,28433.5,28424.5,28430.5,,1186,1979.2,1,0,0,0,0
1785523140,28431,28433.25,28425.25,28426.25,,1113,1910.6,1,0,0,0,0
1785523200,28426.5,28428,28416,28425,,1670,1844.4,1,0,0,0,0
1785523260,28425.25,28437.25,28423.25,28429.5,,2237,1862.25,1,0,0,0,0
1785523320,28429.5,28441.25,28424.75,28440,,1474,1840.15,1,0,0,0,0
1785523380,28440.25,28442.5,28434.75,28435.25,,841,1796.5,1,0,0,0,0
1785523440,28434.75,28439,28427.75,28432.75,28421.26045447161,1008,1756.7,1,0,0,0,0
1785523500,28432.75,28445,28430.75,28440.75,,1620,1683.55,1,0,0,0,0
1785523560,28440.75,28443,28425.25,28426.25,,1681,1661.65,1,0,0,0,0
1785523620,28425.75,28431.5,28422,28430.5,,1311,1647.5,1,0,0,0,0
1785523680,28430.75,28439.5,28426.75,28438.75,,1643,1649.75,1,0,0,0,0
1785523740,28439.25,28451.25,28436,28447.75,,1840,1667.15,1,0,0,0,0
1785523800,28447.75,28461.75,28447.5,28458.25,,2825,1673.2,1,0,0,0,0
1785523860,28458.5,28461.25,28449.25,28455.75,,1755,1668.95,1,0,0,0,0
1785523920,28455.5,28461.25,28449.75,28451,,1659,1691.8,1,0,0,0,0
1785523980,28450.5,28454.5,28446,28450.75,,1458,1712.9,1,0,0,0,0
1785524040,28450.5,28451.75,28443.5,28445.75,,1275,1678.45,1,0,0,0,0
1785524100,28445.75,28453,28429,28429.5,,2857,1673.8,1,0,0,0,0
1785524160,28429.75,28433.75,28422,28430.5,,2477,1705.25,1,0,0,0,0
1785524220,28430.25,28432.75,28416.25,28429.25,,2916,1742.3,1,0,0,0,0
1785524280,28430,28435.5,28426.75,28432,,1562,1761.1,1,0,0,0,0
1785524340,28431.5,28439.25,28427.5,28433.75,28425.423636314405,2036,1807.25,1,0,0,0,0
1785524400,28433.5,28458.75,28431,28448.25,,3919,1919.7,1,0,0,0,0
1785524460,28448.75,28451.25,28434,28438,,2248,1920.25,1,0,0,0,0
1785524520,28438.5,28445.75,28432,28433.5,,2349,1964,1,0,0,0,0
1785524580,28433.5,28440.75,28426.75,28429.75,,2270,2035.45,1,0,0,0,0
1785524640,28430.25,28431.25,28418.25,28420.5,,2097,2089.9,-1,0,0,0,0
1785524700,28421.25,28432,28409.75,28428.5,,3883,2203.05,1,0,0,0,0
1785524760,28428.25,28429.75,28410.5,28416.25,,2419,2239.95,-1,0,0,0,0
1785524820,28415.5,28423.25,28405.25,28422,,2603,2304.55,1,0,0,0,0
1785524880,28422.25,28427.5,28416.25,28425.75,,2513,2348.05,1,0,0,0,0
1785524940,28426.25,28432.75,28421.5,28428,,1998,2355.95,1,0,0,0,0
1785525000,28428.25,28438,28425.25,28432.75,,2148,2322.1,1,0,0,0,0
1785525060,28432.75,28438.5,28424.25,28426.75,,1623,2315.5,1,0,0,0,0
1785525120,28427.25,28443.25,28419,28439.5,,2840,2374.55,1,0,0,0,0
1785525180,28439.75,28442.5,28435.5,28436,,1361,2369.7,1,0,0,0,0
1785525240,28436,28440.25,28431.25,28432.5,28427.782424209603,1120,2361.95,1,0,0,0,0
1785525300,28433,28444.75,28426.5,28442,,1972,2317.7,1,0,0,0,0
1785525360,28441.25,28446,28433,28437.25,,1584,2273.05,1,0,0,0,0
1785525420,28437,28456,28435.25,28454.75,,2819,2268.2,1,0,0,0,0
1785525480,28455,28473,28454.25,28470.5,,4362,2408.2,1,0,0,0,0
1785525540,28471,28488,28470,28485,,4111,2511.95,1,0,0,0,0
1785525600,28485.5,28492.25,28478.75,28487.5,,3674,2499.7,1,0,0,0,0
1785525660,28487.25,28495.5,28483.75,28488,,3104,2542.5,1,1,0,0,0
1785525720,28488.5,28498.5,28486.75,28488.25,,2892,2569.65,1,0,0,0,0
1785525780,28488.5,28492.5,28476.5,28479,,3156,2613.95,1,0,0,0,0
1785525840,28479.75,28481.25,28467.5,28470.25,,3930,2705.6,1,0,0,0,0
1785525900,28470.25,28471.5,28460.5,28466,,2598,2641.35,1,0,0,0,0
1785525960,28465.75,28480.5,28465.75,28472.75,,2349,2637.85,1,0,0,0,0
1785526020,28472.25,28478.5,28468.25,28472.5,,1582,2586.8,1,0,0,0,0
1785526080,28472.5,28478,28471.25,28474.25,,1366,2529.45,1,0,0,0,0
1785526140,28473.75,28478,28467.5,28475.25,28443.60494947307,1380,2498.55,1,0,0,0,0
1785526200,28475,28481.75,28443.5,28453.75,,5315,2656.9,1,0,0,0,0
1785526260,28453.75,28454.75,28441.75,28450.75,,2827,2717.1,1,0,0,0,0
1785526320,28451.25,28456,28442,28454.75,,2434,2696.8,1,0,0,0,0
1785526380,28454.75,28461.25,28449,28451,,2131,2735.3,1,0,0,0,0
1785526440,28451,28464.25,28447.75,28459.5,,1949,2776.75,1,0,0,0,0
1785526500,28460.25,28469.5,28453.25,28465.25,,3189,2837.6,1,0,0,0,0
1785526560,28465.25,28473.75,28459.5,28470.5,,2445,2880.65,1,0,0,0,0
1785526620,28470.25,28471,28457.5,28462.75,,2007,2840.05,1,0,0,0,0
1785526680,28462.25,28467.25,28451.25,28460,,2161,2730,1,0,0,0,0
1785526740,28459.75,28463.75,28456,28458.75,,1501,2599.5,1,0,0,0,0
1785526800,28458.5,28461,28445,28448,,2130,2522.3,1,0,0,0,0
1785526860,28448.25,28454,28435.25,28437.75,,3311,2532.65,1,0,0,0,0
1785526920,28437.5,28451,28434.25,28450.25,,2335,2504.8,1,0,0,0,0
1785526980,28450.5,28475,28450.25,28474.5,,3367,2515.35,1,0,0,0,0
1785527040,28474.5,28485,28468.75,28477.25,28454.81996631538,3426,2490.15,1,0,0,0,0
1785527100,28477.5,28498.5,28477.25,28485.5,,4726,2596.55,1,0,0,0,0
1785527160,28485,28506.25,28485,28498.25,,3857,2671.95,1,0,0,0,0
1785527220,28498.75,28505.75,28482.25,28484,,3333,2759.5,1,0,0,0,0
1785527280,28483.5,28489.5,28481,28486.75,,1997,2791.05,1,0,0,0,0
1785527340,28486.75,28510.75,28484,28509,,2876,2865.85,1,0,0,0,0
1785527400,28508.75,28518.5,28487.75,28491.25,,6526,2926.4,1,0,0,0,0
1785527460,28492,28492,28473.75,28482,,4187,2994.4,1,0,0,0,0
1785527520,28482,28504.25,28480.25,28500.5,,2973,3021.35,1,0,0,0,0
1785527580,28500.25,28516.25,28492.25,28512,,3617,3095.65,1,0,0,0,0
1785527640,28512.5,28524.5,28501,28507,,7140,3355.2,1,0,0,0,0
1785527700,28508,28517.5,28461.75,28471.75,,7075,3549.5,1,0,0,0,0
1785527760,28471,28481.25,28469.5,28474,,2844,3569.45,1,0,0,0,0
1785527820,28474.75,28479.25,28455.25,28457.5,,3823,3660.25,1,0,0,0,0
1785527880,28457,28465.5,28448,28458.25,,4275,3765.95,1,0,0,0,0
1785527940,28458.25,28462,28383.5,28403,28437.54664421025,16066,4494.2,-1,0,1,0,0
1785528000,28402.5,28436,28400.5,28409.25,,8171,4796.25,-1,0,0,0,0
1785528060,28409.5,28413,28386.25,28387.25,,3866,4824,-1,0,1,0,1
1785528120,28388,28389.25,28340.5,28353.25,,6892,5051.85,-1,0,0,0,0
1785528180,28353.25,28362.25,28344,28350.5,,2960,5031.5,-1,0,0,0,0
1785528240,28350.5,28368.75,28346.5,28363.5,,2583,4989.35,-1,0,1,0,1
1785528300,28362.75,28375,28347.75,28360.25,,2656,4885.85,-1,0,0,0,0
1785528360,28359.25,28380.5,28356.25,28375,,2590,4822.5,-1,0,0,0,0
1785528420,28374,28378.75,28361.25,28373.5,,1333,4722.5,-1,0,0,0,0
1785528480,28372.5,28395,28369.5,28391.75,,2124,4728.85,-1,0,0,0,0
1785528540,28392.25,28400.5,28386,28391.25,,1873,4678.7,-1,0,0,0,0
1785528600,28391.5,28403.5,28387.5,28395.75,,1663,4435.55,-1,0,0,0,0
1785528660,28396.25,28401.5,28390.25,28392.25,,874,4269.9,-1,0,0,0,0
1785528720,28392.25,28400.75,28390.25,28393.5,,1205,4181.5,-1,0,0,0,0
1785528780,28394,28406,28394,28396.25,,1097,4055.5,-1,0,0,0,0
1785528840,28396.25,28401,28392.25,28393.75,28422.947762806834,956,3746.3,-1,0,0,0,0
1785528900,28393.75,28395.5,28376.25,28377.75,,1620,3473.55,-1,0,0,0,0
1785528960,28377.5,28380.75,28364.25,28374.25,,1302,3396.45,-1,0,0,0,0
1785529020,28374.25,28393.5,28370.75,28391.5,,1511,3280.85,-1,0,0,0,0
1785529080,28392,28393,28381.5,28385.75,,660,3100.1,-1,0,0,0,0
1785529140,28386.25,28386.5,28375.5,28381.75,,860,2339.8,-1,0,0,0,0
1785529200,28381.75,28382.5,28378,28381.25,,387,1950.6,-1,0,0,0,0
1785529260,28380.75,28381,28376.25,28376.75,,473,1780.95,-1,0,0,0,0
1785529320,28376.75,28388.75,28374.25,28377,,698,1471.25,-1,0,0,0,0
1785529380,28377,28384,28376.75,28377,,405,1343.5,-1,0,0,0,0
1785529440,28377.5,28382.25,28374.25,28374.75,,485,1238.6,-1,0,0,0,0
1785529500,28374.5,28380.25,28370.25,28379.5,,567,1134.15,-1,0,0,0,0
1785529560,28378.75,28380,28370,28371.25,,378,1023.55,-1,0,0,0,0
1785529620,28371.5,28373.5,28360.25,28366.5,,927,1003.25,-1,0,0,0,0
1785529680,28366.5,28370.75,28361.75,28370,,586,926.35,-1,0,0,0,0
1785529740,28370,28374,28368,28371.75,28405.88184187122,589,862.15,-1,0,0,0,0
1785529800,28371,28377,28355.75,28363,,1367,847.35,-1,0,0,0,0
1785529860,28363.25,28368.25,28356,28361.5,,516,829.45,-1,0,0,0,0
1785529920,28361.5,28378,28358.5,28375,,908,814.6,-1,0,0,0,0
1785529980,28375.5,28390.75,28372.25,28383.75,,889,804.2,-1,0,0,0,0
1785530040,28383.5,28400.5,28381.5,28394.5,,1117,812.25,-1,0,0,0,0
1785530100,28394.25,28395,28384.5,28385.5,,754,768.95,-1,0,0,0,0
1785530160,28385.5,28393,28381.75,28390.75,,664,737.05,-1,0,0,0,0
1785530220,28391.5,28395,28388.75,28390.5,,413,682.15,-1,0,0,0,0
1785530280,28391,28396.5,28387.5,28393.5,,470,672.65,-1,0,0,0,0
1785530340,28393.25,28394.25,28389,28392.25,,332,646.25,-1,0,0,0,0
1785530400,28391.75,28392.75,28387.25,28392.5,,364,645.1,-1,0,0,0,0
1785530460,28392.75,28393.75,28387.25,28392,,340,638.45,-1,0,0,0,0
1785530520,28392.5,28394.5,28385,28386.75,,281,617.6,-1,0,0,0,0
1785530580,28387.25,28387.25,28378.25,28381,,609,627.8,-1,0,0,0,0
1785530640,28380,28386.5,28378,28381.5,28397.754561247482,734,640.25,-1,0,0,0,0
1785530700,28381.5,28385.75,28379,28385.5,,638,643.8,-1,0,0,0,0
1785530760,28385,28386,28381.25,28385.75,,357,642.75,-1,0,0,0,0
1785530820,28385.25,28386.75,28381,28381,,356,614.2,-1,0,0,0,0
1785530880,28381.5,28383,28378.5,28382.5,,308,600.3,-1,0,0,0,0
1785530940,28382.25,28384.5,28378.25,28383.25,,501,595.9,-1,0,0,0,0
1785531000,28383,28386.25,28380.75,28383.25,,542,554.65,-1,0,0,0,0
1785531060,28383,28385.25,28380.75,28382,,494,553.55,-1,0,0,0,0
1785531120,28380.75,28385.25,28377,28381.5,,724,544.35,-1,0,0,0,0
1785531180,28381.5,28382,28316.75,28339.75,,2914,645.6,-1,0,0,0,0
1785531240,28340,28349.5,28314,28344.25,,1890,684.25,-1,0,0,0,0
1785531300,28344.25,28344.5,28314.25,28319.25,,938,693.45,-1,0,1,0,0
1785531360,28317.75,28322,28301.75,28311.5,,1017,711.1,-1,0,0,0,0
1785531420,28311.5,28317.5,28295.75,28302,,867,733.8,-1,0,0,0,0
1785531480,28300,28312,28294.75,28305.75,,585,739.55,-1,0,0,0,0
1785531540,28304.5,28305.75,28266,28284,28359.83637416499,1289,787.4,-1,0,0,0,0