time,open,high,low,close,TFC Value,TFC Status,TFC Value,TFC Status,TFC Value,TFC Status,TFC Value,TFC Status,TFC Value,TFC Status,TFC Value,TFC Status,TFC Value,TFC Status
1522015200,0.9,0.9,0.2,0.2,-77.77777777777777,-77.77777777777777,-77.77777777777777,-77.77777777777777,-77.77777777777777,-77.77777777777777,,,,,,,,
1522101600,0.5,0.5,0.5,0.5,-44.44444444444445,-44.44444444444445,-44.44444444444445,-44.44444444444445,0,0,,,,,,,,
1522188000,0.3,0.3,0.3,0.3,-66.66666666666667,-66.66666666666667,-66.66666666666667,-66.66666666666667,0,0,,,,,,,,
1522274400,0.6,0.6,0.6,0.6,-33.333333333333336,-33.333333333333336,-33.333333333333336,-33.333333333333336,0,0,,,,,,,,
1522620000,0.8,0.8,0.8,0.8,0,0,0,0,0,0,,,,,,,,
1522706400,-0.7,-0.7,-0.7,-0.7,-187.5,-187.5,-187.5,-187.5,0,0,,,,,,,,
1522792800,0.5,0.5,0.5,0.5,-37.50000000000001,-37.50000000000001,-37.50000000000001,-37.50000000000001,0,0,,,,,,,,
1522879200,0.3,0.3,0.3,0.3,-62.5,-62.5,-62.5,-62.5,0,0,,,,,,,,
1522965600,1,1,1,1,24.999999999999993,24.999999999999993,24.999999999999993,24.999999999999993,0,0,,,,,,,,
1523224800,0.2,0.2,0.2,0.2,-75.00000000000001,-75.00000000000001,0,0,0,0,,,,,,,,
1523311200,0.2,0.2,0.2,0.2,-75.00000000000001,-75.00000000000001,0,0,0,0,,,,,,,,
1523397600,0.2,0.2,0.2,0.2,-75.00000000000001,-75.00000000000001,0,0,0,0,,,,,,,,
1523484000,0.2,0.2,0.2,0.2,-75.00000000000001,-75.00000000000001,0,0,0,0,,,,,,,,
1523570400,0.3,0.3,0.3,0.3,-62.5,-62.5,49.999999999999986,49.999999999999986,0,0,,,,,,,,
1523829600,0,0,0,0,-100,-100,,,,,,,,,,,,
1523916000,0.2,0.2,0.2,0.2,-75.00000000000001,-75.00000000000001,,,0,0,,,,,,,,
1524002400,0.5,0.5,0.5,0.5,-37.50000000000001,-37.50000000000001,,,0,0,,,,,,,,
1524088800,-0.2,-0.2,-0.2,-0.2,-125,-125,,,0,0,,,,,,,,
1524175200,-0.1,-0.1,-0.1,-0.1,-112.5,-112.5,,,0,0,,,,,,,,
1524434400,-0.1,-0.1,-0.1,-0.1,-112.5,-112.5,0,0,0,0,,,,,,,,
1524520800,-0.3,-0.3,-0.3,-0.3,-137.5,-137.5,199.99999999999997,199.99999999999997,0,0,,,,,,,,
1524607200,-0.7,-0.7,-0.7,-0.7,-187.5,-187.5,599.9999999999999,599.9999999999999,0,0,,,,,,,,
1524693600,-0.3,-0.3,-0.3,-0.3,-137.5,-137.5,199.99999999999997,199.99999999999997,0,0,,,,,,,,
1524780000,-0.3,-0.3,-0.3,-0.3,-137.5,-137.5,199.99999999999997,199.99999999999997,0,0,,,,,,,,
1525039200,-0.9,-0.9,-0.9,-0.9,-212.5,-212.5,0,0,0,0,,,,,,,,
1525125600,-0.8,-0.8,-0.8,-0.8,0,0,-11.111111111111107,-11.111111111111107,0,0,,,,,,,,
1525212000,-1.3,-1.3,-1.3,-1.3,62.5,62.5,44.44444444444445,44.44444444444445,0,0,,,,,,,,
1525298400,-0.8,-0.8,-0.8,-0.8,0,0,-11.111111111111107,-11.111111111111107,0,0,,,,,,,,
1525384800,-0.9,-0.9,-0.9,-0.9,12.499999999999996,12.499999999999996,0,0,0,0,,,,,,,,
1525644000,-0.8,-0.8,-0.8,-0.8,0,0,0,0,0,0,,,,,,,,
1525730400,-0.9,-0.9,-0.9,-0.9,12.499999999999996,12.499999999999996,12.499999999999996,12.499999999999996,0,0,,,,,,,,
1525816800,-0.5,-0.5,-0.5,-0.5,-37.50000000000001,-37.50000000000001,-37.50000000000001,-37.50000000000001,0,0,,,,,,,,
1525903200,-0.6,-0.6,-0.6,-0.6,-25.000000000000007,-25.000000000000007,-25.000000000000007,-25.000000000000007,0,0,,,,,,,,
1525989600,-0.8,-0.8,-0.8,-0.8,0,0,0,0,0,0,,,,,,,,
1526248800,-0.8,-0.8,-0.8,-0.8,0,0,0,0,0,0,,,,,,,,
1526335200,-0.5,-0.5,-0.5,-0.5,-37.50000000000001,-37.50000000000001,-37.50000000000001,-37.50000000000001,0,0,,,,,,,,
1526421600,-0.7,-0.7,-0.7,-0.7,-12.50000000000001,-12.50000000000001,-12.50000000000001,-12.50000000000001,0,0,,,,,,,,
1526508000,-0.6,-0.6,-0.6,-0.6,-25.000000000000007,-25.000000000000007,-25.000000000000007,-25.000000000000007,0,0,,,,,,,,
1526594400,-0.3,-0.3,-0.3,-0.3,-62.5,-62.5,-62.5,-62.5,0,0,,,,,,,,
1526853600,-1.1,-1.1,-1.1,-1.1,37.50000000000001,37.50000000000001,0,0,0,0,,,,,,,,
1526940000,-0.8,-0.8,-0.8,-0.8,0,0,-27.272727272727277,-27.272727272727277,0,0,,,,,,,,
1527026400,-1,-1,-1,-1,24.999999999999993,24.999999999999993,-9.090909090909099,-9.090909090909099,0,0,,,,,,,,
1527112800,-0.7,-0.7,-0.7,-0.7,-12.50000000000001,-12.50000000000001,-36.36363636363637,-36.36363636363637,0,0,,,,,,,,
1527199200,-0.6,-0.6,-0.6,-0.6,-25.000000000000007,-25.000000000000007,-45.45454545454546,-45.45454545454546,0,0,,,,,,,,
1527458400,-1.1,-1.1,-1.1,-1.1,37.50000000000001,37.50000000000001,0,0,0,0,,,,,,,,
1527631200,-0.2,-0.2,-0.2,-0.2,-75.00000000000001,-75.00000000000001,-81.81818181818183,-81.81818181818183,0,0,,,,,,,,
1527717600,-0.3,-0.3,-0.3,-0.3,-62.5,-62.5,-72.72727272727273,-72.72727272727273,0,0,,,,,,,,
1527804000,-0.5,-0.5,-0.5,-0.5,0,0,-54.545454545454554,-54.545454545454554,0,0,,,,,,,,
1528063200,-0.4,-0.4,-0.4,-0.4,-19.999999999999996,-19.999999999999996,0,0,0,0,,,,,,,,
1528149600,-0.2,-0.2,-0.2,-0.2,-60,-60,-50,-50,0,0,,,,,,,,
1528236000,-0.2,-0.2,-0.2,-0.2,-60,-60,-50,-50,0,0,,,,,,,,
1528322400,-0.1,-0.1,-0.1,-0.1,-80,-80,-75.00000000000001,-75.00000000000001,0,0,,,,,,,,
1528408800,0.2,0.2,0.2,0.2,-140,-140,-150.00000000000003,-150.00000000000003,0,0,,,,,,,,
1528668000,0.2,0.2,0.2,0.2,-140,-140,0,0,0,0,,,,,,,,
1528754400,0.8,0.8,0.8,0.8,-260,-260,300.00000000000006,300.00000000000006,0,0,,,,,,,,
1528840800,0.9,0.9,0.9,0.9,-280,-280,349.99999999999994,349.99999999999994,0,0,,,,,,,,
1528927200,0.9,0.9,0.9,0.9,-280,-280,349.99999999999994,349.99999999999994,0,0,,,,,,,,
1529013600,0.6,0.6,0.6,0.6,-220.00000000000003,-220.00000000000003,199.99999999999997,199.99999999999997,0,0,,,,,,,,
1529272800,0.7,0.7,0.7,0.7,-240,-240,0,0,0,0,,,,,,,,
1529359200,0.6,0.6,0.6,0.6,-220.00000000000003,-220.00000000000003,-14.285714285714283,-14.285714285714283,0,0,,,,,,,,
1529445600,0.5,0.5,0.5,0.5,-200,-200,-28.571428571428566,-28.571428571428566,0,0,,,,,,,,
1529532000,0.1,0.1,0.1,0.1,-120,-120,-85.71428571428572,-85.71428571428572,0,0,,,,,,,,
1529618400,0.1,0.1,0.1,0.1,-120,-120,-85.71428571428572,-85.71428571428572,0,0,,,,,,,,
1529877600,0.5,0.5,0.5,0.5,-200,-200,0,0,0,0,,,,,,,,
1529964000,0.2,0.2,0.2,0.2,-140,-140,-60,-60,0,0,,,,,,,,
1530050400,0.6,0.6,0.6,0.6,-220.00000000000003,-220.00000000000003,19.999999999999996,19.999999999999996,0,0,,,,,,,,
1530136800,0,0,0,0,-100,-100,-100,-100,,,,,,,,,,
1530223200,0.4,0.4,0.4,0.4,-180,-180,-19.999999999999996,-19.999999999999996,0,0,,,,,,,,
1530482400,0.4,0.4,0.4,0.4,0,0,0,0,0,0,,,,,,,,
1530568800,0.4,0.4,0.3,0.3,-25.000000000000007,-25.000000000000007,-25.000000000000007,-25.000000000000007,-25.000000000000007,-25.000000000000007,,,,,,,,
1530655200,0.2,0.2,0.2,0.2,-50,-50,-50,-50,0,0,,,,,,,,
1530828000,0.4,0.4,0.4,0.4,0,0,0,0,0,0,,,,,,,,
1531087200,0.1,0.1,0.1,0.1,-75.00000000000001,-75.00000000000001,0,0,0,0,,,,,,,,
1531173600,0.5,0.5,0.5,0.5,24.999999999999993,24.999999999999993,400,400,0,0,,,,,,,,
1531260000,0.3,0.3,0.3,0.3,-25.000000000000007,-25.000000000000007,199.99999999999997,199.99999999999997,0,0,,,,,,,,
1531346400,0.4,0.4,0.4,0.4,0,0,300.00000000000006,300.00000000000006,0,0,,,,,,,,
1531432800,0,0,0,0,-100,-100,-100,-100,,,,,,,,,,
1531692000,0.1,0.1,0.1,0.1,-75.00000000000001,-75.00000000000001,0,0,0,0,,,,,,,,
1531778400,-0.1,-0.1,-0.1,-0.1,-125,-125,-200,-200,0,0,,,,,,,,
1531864800,0,0,0,0,-100,-100,-100,-100,,,,,,,,,,
1531951200,-0.2,-0.2,-0.2,-0.2,-150.00000000000003,-150.00000000000003,-300.00000000000006,-300.00000000000006,0,0,,,,,,,,
1532037600,-0.1,-0.1,-0.1,-0.1,-125,-125,-200,-200,0,0,,,,,,,,
1532296800,-0.4,-0.4,-0.4,-0.4,-200,-200,0,0,0,0,,,,,,,,
1532383200,-0.2,-0.2,-0.2,-0.2,-150.00000000000003,-150.00000000000003,-50,-50,0,0,,,,,,,,
1532469600,-0.7,-0.7,-0.7,-0.7,-275,-275,74.99999999999997,74.99999999999997,0,0,,,,,,,,
1532556000,-0.2,-0.2,-0.2,-0.2,-150.00000000000003,-150.00000000000003,-50,-50,0,0,,,,,,,,
1532642400,-0.4,-0.4,-0.4,-0.4,-200,-200,0,0,0,0,,,,,,,,
1532901600,-0.3,-0.3,-0.5,-0.5,-225,-225,66.66666666666667,66.66666666666667,66.66666666666667,66.66666666666667,,,,,,,,
1532988000,-0.3,-0.3,-0.3,-0.3,-174.99999999999997,-174.99999999999997,0,0,0,0,,,,,,,,
1533074400,-0.4,-0.4,-0.4,-0.4,0,0,33.33333333333335,33.33333333333335,0,0,,,,,,,,
1533160800,-0.6,-0.6,-0.8,-0.8,100,100,166.66666666666669,166.66666666666669,33.33333333333335,33.33333333333335,,,,,,,,
1533247200,-0.3,-0.3,-0.4,-0.4,0,0,33.33333333333335,33.33333333333335,33.33333333333335,33.33333333333335,,,,,,,,
1533506400,-0.6,-0.6,-0.6,-0.6,49.999999999999986,49.999999999999986,0,0,0,0,,,,,,,,
1533592800,-0.5,-0.5,-0.5,-0.5,24.999999999999993,24.999999999999993,-16.666666666666664,-16.666666666666664,0,0,,,,,,,,
1533679200,-0.6,-0.6,-0.6,-0.6,49.999999999999986,49.999999999999986,0,0,0,0,,,,,,,,
1533765600,-0.3,-0.3,-0.3,-0.3,-25.000000000000007,-25.000000000000007,-50,-50,0,0,,,,,,,,
1533852000,-0.4,-0.4,-0.4,-0.4,0,0,-33.33333333333333,-33.33333333333333,0,0,,,,,,,,
1534111200,-0.5,-0.5,-0.5,-0.5,24.999999999999993,24.999999999999993,0,0,0,0,,,,,,,,
1534197600,-0.4,-0.4,-0.4,-0.4,0,0,-19.999999999999996,-19.999999999999996,0,0,,,,,,,,
1534284000,-0.4,-0.4,-0.4,-0.4,0,0,-19.999999999999996,-19.999999999999996,0,0,,,,,,,,
1534370400,-0.5,-0.5,-0.5,-0.5,24.999999999999993,24.999999999999993,0,0,0,0,,,,,,,,
1534456800,-0.6,-0.6,-0.6,-0.6,49.999999999999986,49.999999999999986,19.999999999999996,19.999999999999996,0,0,,,,,,,,
1534716000,-0.6,-0.6,-0.6,-0.6,49.999999999999986,49.999999999999986,0,0,0,0,,,,,,,,
1534802400,-0.6,-0.2,-0.6,-0.2,-50,-50,-66.66666666666666,-66.66666666666666,-66.66666666666666,-66.66666666666666,,,,,,,,
1534888800,-0.4,-0.4,-0.5,-0.5,24.999999999999993,24.999999999999993,-16.666666666666664,-16.666666666666664,24.999999999999993,24.999999999999993,,,,,,,,
1534975200,-0.7,-0.7,-0.7,-0.7,74.99999999999997,74.99999999999997,16.666666666666664,16.666666666666664,0,0,,,,,,,,
1535061600,-0.7,-0.7,-0.7,-0.7,74.99999999999997,74.99999999999997,16.666666666666664,16.666666666666664,0,0,,,,,,,,
1535320800,-0.8,-0.8,-0.8,-0.8,100,100,0,0,0,0,,,,,,,,
1535407200,-0.8,-0.8,-0.8,-0.8,100,100,0,0,0,0,,,,,,,,
1535493600,-0.7,-0.7,-0.7,-0.7,74.99999999999997,74.99999999999997,-12.50000000000001,-12.50000000000001,0,0,,,,,,,,
1535580000,0,0,0,0,-100,-100,-100,-100,,,,,,,,,,
1535666400,-0.1,0.2,-0.1,0.2,-150.00000000000003,-150.00000000000003,-125,-125,-300.00000000000006,-300.00000000000006,,,,,,,,
1535925600,0.4,0.4,0.4,0.4,0,0,0,0,0,0,,,,,,,,
1536098400,0.2,0.2,0.2,0.2,-50,-50,-50,-50,0,0,,,,,,,,
1536184800,0.3,0.3,0.3,0.3,-25.000000000000007,-25.000000000000007,-25.000000000000007,-25.000000000000007,0,0,,,,,,,,
1536271200,0.2,0.2,0.2,0.2,-50,-50,-50,-50,0,0,,,,,,,,
1536530400,0.2,0.2,0.2,0.2,-50,-50,0,0,0,0,,,,,,,,
1536616800,0.2,0.2,0.2,0.2,-50,-50,0,0,0,0,,,,,,,,
1536703200,0,0,0,0,-100,-100,-100,-100,,,,,,,,,,
1536789600,0,0,0,0,-100,-100,-100,-100,,,,,,,,,,
1536876000,0.1,0.1,0.1,0.1,-75.00000000000001,-75.00000000000001,-50,-50,0,0,,,,,,,,
1537135200,0.3,0.3,0.3,0.3,-25.000000000000007,-25.000000000000007,0,0,0,0,,,,,,,,
1537221600,0.3,0.3,0.3,0.3,-25.000000000000007,-25.000000000000007,0,0,0,0,,,,,,,,
1537308000,1.2,1.2,1.2,1.2,199.99999999999997,199.99999999999997,300,300,0,0,,,,,,,,
1537394400,1,1,1,1,149.99999999999997,149.99999999999997,233.33333333333334,233.33333333333334,0,0,,,,,,,,
1537480800,0.9,0.9,0.9,0.9,125,125,200.00000000000006,200.00000000000006,0,0,,,,,,,,
1537740000,0.8,0.8,0.8,0.8,100,100,0,0,0,0,,,,,,,,
1537826400,0.7,0.7,0.7,0.7,74.99999999999997,74.99999999999997,-12.50000000000001,-12.50000000000001,0,0,,,,,,,,
1537912800,0.6,0.6,0.6,0.6,49.999999999999986,49.999999999999986,-25.000000000000007,-25.000000000000007,0,0,,,,,,,,
1537999200,0.7,0.7,0.7,0.7,74.99999999999997,74.99999999999997,-12.50000000000001,-12.50000000000001,0,0,,,,,,,,
1538085600,1.1,1.1,1.1,1.1,175,175,37.50000000000001,37.50000000000001,0,0,,,,,,,,
1538344800,0.9,0.9,0.9,0.9,0,0,0,0,0,0,,,,,,,,
1538431200,1.2,1.2,1.2,1.2,33.33333333333333,33.33333333333333,33.33333333333333,33.33333333333333,0,0,,,,,,,,
1538517600,0.8,0.8,0.8,0.8,-11.111111111111107,-11.111111111111107,-11.111111111111107,-11.111111111111107,0,0,,,,,,,,
1538604000,0.7,0.7,0.7,0.7,-22.22222222222223,-22.22222222222223,-22.22222222222223,-22.22222222222223,0,0,,,,,,,,
1538690400,0.7,0.7,0.7,0.7,-22.22222222222223,-22.22222222222223,-22.22222222222223,-22.22222222222223,0,0,,,,,,,,
1538949600,0.6,0.6,0.6,0.6,-33.333333333333336,-33.333333333333336,0,0,0,0,,,,,,,,
1539036000,0.2,0.2,0.2,0.2,-77.77777777777777,-77.77777777777777,-66.66666666666666,-66.66666666666666,0,0,,,,,,,,
1539122400,0.4,0.6,0.4,0.6,-33.333333333333336,-33.333333333333336,0,0,49.999999999999986,49.999999999999986,,,,,,,,
1539208800,0.4,0.4,0.4,0.4,-55.55555555555556,-55.55555555555556,-33.33333333333333,-33.33333333333333,0,0,,,,,,,,
1539295200,0.3,0.3,0.3,0.3,-66.66666666666667,-66.66666666666667,-50,-50,0,0,,,,,,,,
1539554400,0.9,0.9,0.9,0.9,0,0,0,0,0,0,,,,,,,,
1539640800,0.2,0.2,0.2,0.2,-77.77777777777777,-77.77777777777777,-77.77777777777777,-77.77777777777777,0,0,,,,,,,,
1539727200,0.1,0.1,0.1,0.1,-88.8888888888889,-88.8888888888889,-88.8888888888889,-88.8888888888889,0,0,,,,,,,,
1539813600,-0.3,-0.3,-0.3,-0.3,-133.33333333333331,-133.33333333333331,-133.33333333333331,-133.33333333333331,0,0,,,,,,,,
1539900000,0,0,0,0,-100,-100,-100,-100,,,,,,,,,,
1540159200,-0.2,0,-0.2,0,-100,-100,-100,-100,-100,-100,,,,,,,,
1540245600,-0.3,-0.3,-0.5,-0.5,-155.55555555555554,-155.55555555555554,149.99999999999997,149.99999999999997,66.66666666666667,66.66666666666667,,,,,,,,
1540332000,-0.2,0,-0.3,0,-100,-100,-100,-100,-100,-100,,,,,,,,
1540418400,-0.6,-0.6,-0.6,-0.6,-166.66666666666666,-166.66666666666666,199.99999999999997,199.99999999999997,0,0,,,,,,,,
1540504800,-0.3,-0.3,-0.3,-0.3,-133.33333333333331,-133.33333333333331,49.999999999999986,49.999999999999986,0,0,,,,,,,,
1540764000,-0.6,-0.6,-0.6,-0.6,-166.66666666666666,-166.66666666666666,0,0,0,0,,,,,,,,
1540850400,-0.6,-0.5,-0.6,-0.5,-155.55555555555554,-155.55555555555554,-16.666666666666664,-16.666666666666664,-16.666666666666664,-16.666666666666664,,,,,,,,
1540936800,-0.4,-0.4,-0.4,-0.4,-144.44444444444443,-144.44444444444443,-33.33333333333333,-33.33333333333333,0,0,,,,,,,,
1541023200,-0.4,-0.4,-0.4,-0.4,0,0,-33.33333333333333,-33.33333333333333,0,0,,,,,,,,
1541109600,-1.4,-1.4,-1.4,-1.4,249.99999999999994,249.99999999999994,133.33333333333331,133.33333333333331,0,0,,,,,,,,
1541372400,-0.8,-0.8,-0.8,-0.8,100,100,0,0,0,0,,,,,,,,
1541458800,-0.6,-0.3,-0.6,-0.3,-25.000000000000007,-25.000000000000007,-62.5,-62.5,-50,-50,,,,,,,,
1541545200,-0.4,-0.4,-0.4,-0.4,0,0,-50,-50,0,0,,,,,,,,
1541631600,-0.5,-0.5,-0.7,-0.7,74.99999999999997,74.99999999999997,-12.50000000000001,-12.50000000000001,39.99999999999999,39.99999999999999,,,,,,,,
1541718000,-0.4,-0.4,-0.4,-0.4,0,0,-50,-50,0,0,,,,,,,,
1541977200,-0.6,-0.6,-0.8,-0.8,100,100,33.33333333333335,33.33333333333335,33.33333333333335,33.33333333333335,,,,,,,,
1542063600,-0.7,-0.7,-0.7,-0.7,74.99999999999997,74.99999999999997,16.666666666666664,16.666666666666664,0,0,,,,,,,,
1542150000,-0.4,-0.4,-0.4,-0.4,0,0,-33.33333333333333,-33.33333333333333,0,0,,,,,,,,
1542236400,-1.2,-1.2,-1.2,-1.2,199.99999999999997,199.99999999999997,100,100,0,0,,,,,,,,
1542322800,-0.5,-0.5,-0.5,-0.5,24.999999999999993,24.999999999999993,-16.666666666666664,-16.666666666666664,0,0,,,,,,,,
1542582000,-0.8,-0.8,-0.8,-0.8,100,100,0,0,0,0,,,,,,,,
1542668400,-0.4,-0.4,-0.4,-0.4,0,0,-50,-50,0,0,,,,,,,,
1542754800,-0.5,-0.5,-0.5,-0.5,24.999999999999993,24.999999999999993,-37.50000000000001,-37.50000000000001,0,0,,,,,,,,
1542841200,-0.5,-0.5,-0.5,-0.5,24.999999999999993,24.999999999999993,-37.50000000000001,-37.50000000000001,0,0,,,,,,,,
1543186800,-1,-1,-1,-1,149.99999999999997,149.99999999999997,0,0,0,0,,,,,,,,
1543273200,-1.2,-1.2,-1.2,-1.2,199.99999999999997,199.99999999999997,19.999999999999996,19.999999999999996,0,0,,,,,,,,
1543359600,-1.1,-1.1,-1.1,-1.1,175,175,10.000000000000009,10.000000000000009,0,0,,,,,,,,
1543446000,-0.2,-0.2,-0.2,-0.2,-50,-50,-80,-80,0,0,,,,,,,,
1543532400,-0.3,-0.3,-0.3,-0.3,-25.000000000000007,-25.000000000000007,-70,-70,0,0,,,,,,,,
1543791600,-0.5,-0.5,-0.5,-0.5,0,0,0,0,0,0,,,,,,,,
1543878000,-0.3,-0.3,-0.3,-0.3,-40,-40,-40,-40,0,0,,,,,,,,
1543964400,-0.3,-0.3,-0.3,-0.3,-40,-40,-40,-40,0,0,,,,,,,,
1544050800,-0.3,-0.3,-0.4,-0.4,-19.999999999999996,-19.999999999999996,-19.999999999999996,-19.999999999999996,33.33333333333335,33.33333333333335,,,,,,,,
1544137200,0,0.4,0,0.4,-180,-180,-180,-180,,,,,,,,,,
1544396400,0.2,0.2,0.2,0.2,-140,-140,0,0,0,0,,,,,,,,
1544482800,-0.4,-0.4,-0.4,-0.4,-19.999999999999996,-19.999999999999996,-300.00000000000006,-300.00000000000006,0,0,,,,,,,,
1544569200,-0.5,-0.2,-0.5,-0.2,-60,-60,-200,-200,-60,-60,,,,,,,,
1544655600,-0.7,-0.5,-0.7,-0.5,0,0,-349.99999999999994,-349.99999999999994,-28.571428571428566,-28.571428571428566,,,,,,,,
1544742000,-0.6,-0.6,-0.6,-0.6,19.999999999999996,19.999999999999996,-400,-400,0,0,,,,,,,,
1545001200,0.1,0.1,0.1,0.1,-120,-120,0,0,0,0,,,,,,,,
1545087600,0.7,0.7,0.7,0.7,-240,-240,599.9999999999999,599.9999999999999,0,0,,,,,,,,
1545174000,0.4,0.8,0.4,0.8,-260,-260,700,700,100,100,,,,,,,,
1545260400,0.3,0.3,0.1,0.1,-120,-120,0,0,-66.66666666666666,-66.66666666666666,,,,,,,,
1545346800,0.1,0.3,0.1,0.3,-160,-160,199.99999999999997,199.99999999999997,199.99999999999997,199.99999999999997,,,,,,,,
1545606000,0.3,0.3,0.3,0.3,-160,-160,0,0,0,0,,,,,,,,
1545778800,-0.1,-0.1,-0.1,-0.1,-80,-80,-133.33333333333334,-133.33333333333334,0,0,,,,,,,,
1545865200,-0.1,-0.1,-0.8,-0.8,60.00000000000001,60.00000000000001,-366.6666666666667,-366.6666666666667,700,700,,,,,,,,
1545951600,0.2,0.2,0.2,0.2,-140,-140,-33.33333333333333,-33.33333333333333,0,0,,,,,,,,
1546210800,0.1,0.1,-0.7,-0.7,39.99999999999999,39.99999999999999,-799.9999999999999,-799.9999999999999,-799.9999999999999,-799.9999999999999,,,,,,,,
1546383600,0.4,0.4,0.4,0.4,0,0,300.00000000000006,300.00000000000006,0,0,,,,,,,,
1546470000,0,0.1,-0.2,-0.2,-150.00000000000003,-150.00000000000003,-300.00000000000006,-300.00000000000006,,,,,,,,,,
1546556400,0.1,0.1,0.1,0.1,-75.00000000000001,-75.00000000000001,0,0,0,0,,,,,,,,
1546815600,0,0,0,0,-100,-100,,,,,,,,,,,,
1546902000,-0.1,-0.1,-0.1,-0.1,-125,-125,,,0,0,,,,,,,,
1546988400,0,0,0,0,-100,-100,,,,,,,,,,,,
1547074800,0,0,0,0,-100,-100,,,,,,,,,,,,
1547161200,-0.2,-0.2,-0.2,-0.2,-150.00000000000003,-150.00000000000003,,,0,0,,,,,,,,
1547420400,0.1,0.1,0.1,0.1,-75.00000000000001,-75.00000000000001,0,0,0,0,,,,,,,,
1547506800,-0.3,-0.3,-0.3,-0.3,-174.99999999999997,-174.99999999999997,-400,-400,0,0,,,,,,,,
1547593200,-0.2,-0.2,-0.2,-0.2,-150.00000000000003,-150.00000000000003,-300.00000000000006,-300.00000000000006,0,0,,,,,,,,
1547679600,-0.5,-0.5,-0.5,-0.5,-225,-225,-599.9999999999999,-599.9999999999999,0,0,,,,,,,,
1547766000,-0.3,-0.3,-0.3,-0.3,-174.99999999999997,-174.99999999999997,-400,-400,0,0,,,,,,,,
1548025200,-0.3,-0.3,-0.6,-0.6,-250,-250,100,100,100,100,,,,,,,,
1548198000,-0.2,-0.2,-0.2,-0.2,-150.00000000000003,-150.00000000000003,-33.33333333333333,-33.33333333333333,0,0,,,,,,,,
1548284400,-0.4,-0.4,-0.5,-0.5,-225,-225,66.66666666666667,66.66666666666667,24.999999999999993,24.999999999999993,,,,,,,,
1548370800,-0.5,-0.5,-0.5,-0.5,-225,-225,66.66666666666667,66.66666666666667,0,0,,,,,,,,
1548630000,-0.8,-0.8,-0.8,-0.8,-300.00000000000006,-300.00000000000006,0,0,0,0,,,,,,,,
1548716400,-0.5,-0.5,-0.5,-0.5,-225,-225,-37.50000000000001,-37.50000000000001,0,0,,,,,,,,
1548802800,-0.9,-0.9,-0.9,-0.9,-325,-325,12.499999999999996,12.499999999999996,0,0,,,,,,,,
1548889200,-0.7,-0.4,-0.7,-0.4,-200,-200,-50,-50,-42.85714285714285,-42.85714285714285,,,,,,,,
1548975600,-1,-1,-1,-1,0,0,24.999999999999993,24.999999999999993,0,0,,,,,,,,
1549234800,-1.1,-1.1,-1.1,-1.1,10.000000000000009,10.000000000000009,0,0,0,0,,,,,,,,
1549321200,-1.5,-1.5,-1.5,-1.5,50,50,36.36363636363635,36.36363636363635,0,0,,,,,,,,
1549407600,-1.1,-1.1,-1.4,-1.4,39.99999999999999,39.99999999999999,27.272727272727256,27.272727272727256,27.272727272727256,27.272727272727256,,,,,,,,
1549494000,-1.3,-1.3,-1.4,-1.4,39.99999999999999,39.99999999999999,27.272727272727256,27.272727272727256,7.692307692307682,7.692307692307682,,,,,,,,
1549580400,-1.3,-1.3,-1.7,-1.7,70,70,54.54545454545453,54.54545454545453,30.76923076923076,30.76923076923076,,,,,,,,
1549839600,-1.3,-1.3,-1.3,-1.3,30.000000000000004,30.000000000000004,0,0,0,0,,,,,,,,
1549926000,-1.3,-1.3,-1.3,-1.3,30.000000000000004,30.000000000000004,0,0,0,0,,,,,,,,
1550012400,-1.5,-1.5,-1.5,-1.5,50,50,15.38461538461538,15.38461538461538,0,0,,,,,,,,
1550098800,-1.5,-1.5,-1.5,-1.5,50,50,15.38461538461538,15.38461538461538,0,0,,,,,,,,
1550185200,-1.4,-1.4,-1.4,-1.4,39.99999999999999,39.99999999999999,7.692307692307682,7.692307692307682,0,0,,,,,,,,
1550444400,-1.4,-1.4,-1.4,-1.4,39.99999999999999,39.99999999999999,0,0,0,0,,,,,,,,
1550617200,-1.3,-1.3,-1.3,-1.3,30.000000000000004,30.000000000000004,-7.142857142857134,-7.142857142857134,0,0,,,,,,,,
1550703600,-1.1,-1.1,-1.1,-1.1,10.000000000000009,10.000000000000009,-21.428571428571416,-21.428571428571416,0,0,,,,,,,,
1550790000,-1.2,-1.2,-1.2,-1.2,19.999999999999996,19.999999999999996,-14.285714285714283,-14.285714285714283,0,0,,,,,,,,
1551049200,-0.8,-0.8,-0.8,-0.8,-19.999999999999996,-19.999999999999996,0,0,0,0,,,,,,,,
1551135600,-1,-1,-1.1,-1,0,0,24.999999999999993,24.999999999999993,0,0,,,,,,,,
1551222000,-0.4,-0.4,-0.4,-0.4,-60,-60,-50,-50,0,0,,,,,,,,
1551308400,-0.1,-0.1,-0.1,-0.1,-90,-90,-87.5,-87.5,0,0,,,,,,,,
1551394800,-0.2,-0.2,-0.2,-0.2,0,0,-75.00000000000001,-75.00000000000001,0,0,,,,,,,,
1551654000,-0.2,-0.2,-0.2,-0.2,0,0,0,0,0,0,,,,,,,,
1551740400,-0.2,-0.2,-0.2,-0.2,0,0,0,0,0,0,,,,,,,,
1551826800,-0.1,-0.1,-0.1,-0.1,-50,-50,-50,-50,0,0,,,,,,,,
1551913200,0.3,0.3,0.3,0.3,-250,-250,-250,-250,0,0,,,,,,,,
1551999600,0.3,0.3,0.3,0.3,-250,-250,-250,-250,0,0,,,,,,,,
1552255200,0.2,0.2,0.2,0.2,-200,-200,0,0,0,0,,,,,,,,
1552341600,0.1,0.1,0.1,0.1,-150.00000000000003,-150.00000000000003,-50,-50,0,0,,,,,,,,
1552428000,1.1,1.1,1.1,1.1,-650,-650,450,450,0,0,,,,,,,,
1552514400,1.5,1.5,1.5,1.5,-850,-850,650,650,0,0,,,,,,,,
1552600800,0.9,1.1,0.9,0.9,-550,-550,349.99999999999994,349.99999999999994,0,0,,,,,,,,
1552860000,1,1,1,1,-599.9999999999999,-599.9999999999999,0,0,0,0,,,,,,,,
1552946400,1.2,1.2,1.2,1.2,-699.9999999999999,-699.9999999999999,19.999999999999996,19.999999999999996,0,0,,,,,,,,
1553032800,1.4,1.4,1.4,1.4,-799.9999999999999,-799.9999999999999,39.99999999999999,39.99999999999999,0,0,,,,,,,,
1553119200,0.9,0.9,0.9,0.9,-550,-550,-9.999999999999998,-9.999999999999998,0,0,,,,,,,,
1553205600,0.9,0.9,0.9,0.9,-550,-550,-9.999999999999998,-9.999999999999998,0,0,,,,,,,,
1553464800,0.9,0.9,0.9,0.9,-550,-550,0,0,0,0,,,,,,,,
1553551200,0.8,0.8,0.8,0.8,-500,-500,-11.111111111111107,-11.111111111111107,0,0,,,,,,,,
1553637600,0.7,0.7,0.7,0.7,-449.9999999999999,-449.9999999999999,-22.22222222222223,-22.22222222222223,0,0,,,,,,,,
1553724000,0.7,0.7,0.7,0.7,-449.9999999999999,-449.9999999999999,-22.22222222222223,-22.22222222222223,0,0,,,,,,,,
1553810400,0.7,0.7,0.7,0.7,-449.9999999999999,-449.9999999999999,-22.22222222222223,-22.22222222222223,0,0,,,,,,,,
1554069600,1.6,1.6,1.6,1.6,0,0,0,0,0,0,,,,,,,,
1554156000,0.9,0.9,0.9,0.9,-43.75,-43.75,-43.75,-43.75,0,0,,,,,,,,
1554242400,0.5,0.6,0.5,0.5,-68.75,-68.75,-68.75,-68.75,0,0,,,,,,,,
1554328800,0.6,0.6,0.6,0.6,-62.5,-62.5,-62.5,-62.5,0,0,,,,,,,,
1554415200,0.5,0.5,0.5,0.5,-68.75,-68.75,-68.75,-68.75,0,0,,,,,,,,
1554674400,0.4,0.4,0.4,0.4,-75.00000000000001,-75.00000000000001,0,0,0,0,,,,,,,,
1554760800,0.5,0.5,0.5,0.5,-68.75,-68.75,24.999999999999993,24.999999999999993,0,0,,,,,,,,
1554847200,0.4,0.4,0.4,0.4,-75.00000000000001,-75.00000000000001,0,0,0,0,,,,,,,,
1554933600,0.5,0.5,0.5,0.5,-68.75,-68.75,24.999999999999993,24.999999999999993,0,0,,,,,,,,
1555020000,0.6,0.6,0.6,0.6,-62.5,-62.5,49.999999999999986,49.999999999999986,0,0,,,,,,,,
1555279200,0.5,0.5,0.5,0.5,-68.75,-68.75,0,0,0,0,,,,,,,,
1555365600,0.3,0.3,0.3,0.3,-81.25,-81.25,-40,-40,0,0,,,,,,,,
1555452000,0,0,0,0,-100,-100,-100,-100,,,,,,,,,,
1555538400,0.1,0.1,0.1,0.1,-93.75,-93.75,-80,-80,0,0,,,,,,,,
1555884000,0.2,0.2,0.2,0.2,-87.5,-87.5,0,0,0,0,,,,,,,,
1555970400,0,0.1,-0.2,0.1,-93.75,-93.75,-50,-50,,,,,,,,,,
1556056800,0,0,0,0,-100,-100,-100,-100,,,,,,,,,,
1556143200,-0.1,-0.1,-0.1,-0.1,-106.25,-106.25,-150.00000000000003,-150.00000000000003,0,0,,,,,,,,
1556229600,0.1,0.1,0.1,0.1,-93.75,-93.75,-50,-50,0,0,,,,,,,,
1556488800,0,0,0,0,-100,-100,,,,,,,,,,,,
1556575200,0.1,0.1,0.1,0.1,-93.75,-93.75,,,0,0,,,,,,,,
1556661600,-0.4,-0.1,-0.4,-0.1,-75.00000000000001,-75.00000000000001,,,-75.00000000000001,-75.00000000000001,,,,,,,,
1556748000,-0.6,-0.6,-0.6,-0.6,49.999999999999986,49.999999999999986,,,0,0,,,,,,,,
1556834400,-0.4,-0.4,-0.4,-0.4,0,0,,,0,0,,,,,,,,
1557093600,-0.6,-0.6,-0.6,-0.6,49.999999999999986,49.999999999999986,0,0,0,0,,,,,,,,
1557180000,0,0,0,0,-100,-100,-100,-100,,,,,,,,,,
1557266400,-0.5,-0.5,-0.5,-0.5,24.999999999999993,24.999999999999993,-16.666666666666664,-16.666666666666664,0,0,,,,,,,,
1557352800,-0.4,-0.4,-0.4,-0.4,0,0,-33.33333333333333,-33.33333333333333,0,0,,,,,,,,
1557439200,-0.3,-0.3,-0.3,-0.3,-25.000000000000007,-25.000000000000007,-50,-50,0,0,,,,,,,,
1557698400,-0.3,-0.3,-0.3,-0.3,-25.000000000000007,-25.000000000000007,0,0,0,0,,,,,,,,
1557784800,-0.5,-0.5,-0.5,-0.5,24.999999999999993,24.999999999999993,66.66666666666667,66.66666666666667,0,0,,,,,,,,
1557871200,-0.5,-0.5,-0.5,-0.5,24.999999999999993,24.999999999999993,66.66666666666667,66.66666666666667,0,0,,,,,,,,
1557957600,-0.5,-0.5,-0.5,-0.5,24.999999999999993,24.999999999999993,66.66666666666667,66.66666666666667,0,0,,,,,,,,
1558044000,-0.6,-0.6,-0.6,-0.6,49.999999999999986,49.999999999999986,100,100,0,0,,,,,,,,
1558303200,-0.5,-0.5,-0.5,-0.5,24.999999999999993,24.999999999999993,0,0,0,0,,,,,,,,
1558389600,-0.8,-0.8,-0.9,-0.9,125,125,80,80,12.499999999999996,12.499999999999996,,,,,,,,
1558476000,-0.7,-0.7,-0.7,-0.7,74.99999999999997,74.99999999999997,39.99999999999999,39.99999999999999,0,0,,,,,,,,
1558562400,-0.9,-0.9,-0.9,-0.9,125,125,80,80,0,0,,,,,,,,
1558648800,-0.8,-0.8,-0.8,-0.8,100,100,60.00000000000001,60.00000000000001,0,0,,,,,,,,
1558908000,-0.7,-0.7,-0.7,-0.7,74.99999999999997,74.99999999999997,0,0,0,0,,,,,,,,
1559080800,-0.6,-0.6,-0.6,-0.6,49.999999999999986,49.999999999999986,-14.285714285714283,-14.285714285714283,0,0,,,,,,,,
1559167200,-0.3,-0.3,-0.3,-0.3,-25.000000000000007,-25.000000000000007,-57.14285714285714,-57.14285714285714,0,0,,,,,,,,
1559253600,-0.1,-0.1,-0.1,-0.1,-75.00000000000001,-75.00000000000001,-85.71428571428572,-85.71428571428572,0,0,,,,,,,,
1559512800,-0.7,-0.7,-0.7,-0.7,0,0,0,0,0,0,,,,,,,,
1559599200,-0.1,-0.1,-0.8,-0.8,14.285714285714299,14.285714285714299,14.285714285714299,14.285714285714299,700,700,,,,,,,,
1559685600,-0.6,-0.6,-0.6,-0.6,-14.285714285714283,-14.285714285714283,-14.285714285714283,-14.285714285714283,0,0,,,,,,,,
1559772000,-0.5,-0.5,-0.5,-0.5,-28.571428571428566,-28.571428571428566,-28.571428571428566,-28.571428571428566,0,0,,,,,,,,
1559858400,0.3,0.3,0.3,0.3,-142.85714285714286,-142.85714285714286,-142.85714285714286,-142.85714285714286,0,0,,,,,,,,
1560117600,0.6,0.6,0.6,0.6,-185.7142857142857,-185.7142857142857,0,0,0,0,,,,,,,,
1560204000,0.3,0.3,0.3,0.3,-142.85714285714286,-142.85714285714286,-50,-50,0,0,,,,,,,,
1560290400,0.2,0.2,0.2,0.2,-128.57142857142856,-128.57142857142856,-66.66666666666666,-66.66666666666666,0,0,,,,,,,,
1560376800,-0.1,-0.1,-0.1,-0.1,-85.71428571428572,-85.71428571428572,-116.66666666666667,-116.66666666666667,0,0,,,,,,,,
1560463200,0.3,0.3,0.3,0.3,-142.85714285714286,-142.85714285714286,-50,-50,0,0,,,,,,,,
1560722400,0.1,0.1,0.1,0.1,-114.28571428571428,-114.28571428571428,0,0,0,0,,,,,,,,
1560808800,0.3,0.3,0.3,0.3,-142.85714285714286,-142.85714285714286,199.99999999999997,199.99999999999997,0,0,,,,,,,,
1560895200,0.9,0.9,0.9,0.9,-228.5714285714286,-228.5714285714286,800,800,0,0,,,,,,,,
1560981600,0.8,0.8,0.8,0.8,-214.28571428571428,-214.28571428571428,700,700,0,0,,,,,,,,
1561068000,0.4,0.4,0.4,0.4,-157.14285714285717,-157.14285714285717,300.00000000000006,300.00000000000006,0,0,,,,,,,,
1561327200,0.7,0.7,0.7,0.7,-200,-200,0,0,0,0,,,,,,,,
1561413600,1.1,1.1,1.1,1.1,-257.14285714285717,-257.14285714285717,57.14285714285716,57.14285714285716,0,0,,,,,,,,
1561500000,0.8,0.8,0.8,0.8,-214.28571428571428,-214.28571428571428,14.285714285714299,14.285714285714299,0,0,,,,,,,,
1561586400,0.7,0.7,0.7,0.7,-200,-200,0,0,0,0,,,,,,,,
1561672800,0.8,0.8,0.8,0.8,-214.28571428571428,-214.28571428571428,14.285714285714299,14.285714285714299,0,0,,,,,,,,
1561932000,0.5,0.5,0.5,0.5,0,0,0,0,0,0,,,,,,,,
1562018400,0.2,0.2,0.2,0.2,-60,-60,-60,-60,0,0,,,,,,,,
1562104800,0.5,0.5,0.5,0.5,0,0,0,0,0,0,,,,,,,,
1562191200,0.5,0.5,0.5,0.5,0,0,0,0,0,0,,,,,,,,
1562536800,0.8,0.8,0.8,0.8,60.00000000000001,60.00000000000001,0,0,0,0,,,,,,,,
1562623200,0.5,0.5,0.5,0.5,0,0,-37.50000000000001,-37.50000000000001,0,0,,,,,,,,
1562709600,0.4,0.4,0.4,0.4,-19.999999999999996,-19.999999999999996,-50,-50,0,0,,,,,,,,
1562796000,0.2,0.2,0.2,0.2,-60,-60,-75.00000000000001,-75.00000000000001,0,0,,,,,,,,
1562882400,0.3,0.3,0.3,0.3,-40,-40,-62.5,-62.5,0,0,,,,,,,,
1563141600,-0.1,-0.1,-0.1,-0.1,-120,-120,0,0,0,0,,,,,,,,
1563228000,0.1,0.1,0.1,0.1,-80,-80,-200,-200,0,0,,,,,,,,
1563314400,0.2,0.2,0.2,0.2,-60,-60,-300.00000000000006,-300.00000000000006,0,0,,,,,,,,
1563400800,-0.1,-0.1,-0.1,-0.1,-120,-120,0,0,0,0,,,,,,,,
1563487200,0.2,0.2,0.2,0.2,-60,-60,-300.00000000000006,-300.00000000000006,0,0,,,,,,,,
1563746400,0,0,0,0,-100,-100,,,,,,,,,,,,
1563832800,-0.2,-0.2,-0.2,-0.2,-140,-140,,,0,0,,,,,,,,
1563919200,-0.3,-0.3,-0.3,-0.3,-160,-160,,,0,0,,,,,,,,
1564005600,-0.3,-0.3,-0.3,-0.3,-160,-160,,,0,0,,,,,,,,
1564092000,-0.2,-0.2,-0.2,-0.2,-140,-140,,,0,0,,,,,,,,
1564351200,-0.3,-0.3,-0.3,-0.3,-160,-160,0,0,0,0,,,,,,,,
1564437600,0,0,0,0,-100,-100,-100,-100,,,,,,,,,,
1564524000,0.8,0.8,0.8,0.8,60.00000000000001,60.00000000000001,-366.6666666666667,-366.6666666666667,0,0,,,,,,,,
1564610400,0,0,0,0,,,-100,-100,,,,,,,,,,
1564696800,-0.6,-0.6,-0.6,-0.6,,,100,100,0,0,,,,,,,,
1564956000,-0.3,-0.3,-0.3,-0.3,,,0,0,0,0,,,,,,,,
1565042400,-0.5,-0.5,-0.5,-0.5,,,66.66666666666667,66.66666666666667,0,0,,,,,,,,
1565128800,-0.7,-0.7,-0.7,-0.7,,,133.33333333333331,133.33333333333331,0,0,,,,,,,,
1565215200,-0.7,-0.7,-0.7,-0.7,,,133.33333333333331,133.33333333333331,0,0,,,,,,,,
1565301600,-0.3,-0.3,-0.3,-0.3,,,0,0,0,0,,,,,,,,
1565560800,-0.5,-0.5,-0.5,-0.5,,,0,0,0,0,,,,,,,,
1565647200,-0.8,-0.8,-0.8,-0.8,,,60.00000000000001,60.00000000000001,0,0,,,,,,,,
1565733600,0.7,0.7,0.7,0.7,,,-240,-240,0,0,,,,,,,,
1565820000,-0.4,-0.4,-0.4,-0.4,,,-19.999999999999996,-19.999999999999996,0,0,,,,,,,,
1565906400,-0.4,-0.4,-0.4,-0.4,,,-19.999999999999996,-19.999999999999996,0,0,,,,,,,,
1566165600,-0.3,-0.3,-0.3,-0.3,,,0,0,0,0,,,,,,,,
1566252000,-0.5,-0.5,-0.5,-0.5,,,66.66666666666667,66.66666666666667,0,0,,,,,,,,
1566338400,-0.7,-0.7,-0.7,-0.7,,,133.33333333333331,133.33333333333331,0,0,,,,,,,,
1566424800,-0.6,-0.6,-0.6,-0.6,,,100,100,0,0,,,,,,,,
1566511200,-1,-1,-1,-1,,,233.33333333333334,233.33333333333334,0,0,,,,,,,,
1566770400,-1.3,-1.3,-1.3,-1.3,,,0,0,0,0,,,,,,,,
1566856800,-1.1,-1.1,-1.1,-1.1,,,-15.38461538461538,-15.38461538461538,0,0,,,,,,,,
1566943200,-1.1,-1.1,-1.1,-1.1,,,-15.38461538461538,-15.38461538461538,0,0,,,,,,,,
1567029600,-0.8,-0.8,-0.8,-0.8,,,-38.46153846153846,-38.46153846153846,0,0,,,,,,,,
1567116000,-0.7,-0.7,-0.7,-0.7,,,-46.15384615384615,-46.15384615384615,0,0,,,,,,,,
1567375200,0,0,0,0,,,,,,,,,,,,,,
1567548000,-0.2,-0.2,-0.2,-0.2,,,,,0,0,,,,,,,,
1567634400,0.1,0.1,0.1,0.1,,,,,0,0,,,,,,,,
1567720800,-0.1,-0.1,-0.1,-0.1,,,,,0,0,,,,,,,,
1567980000,-0.2,-0.2,-0.2,-0.2,,,0,0,0,0,,,,,,,,
1568066400,-0.5,-0.5,-0.5,-0.5,,,149.99999999999997,149.99999999999997,0,0,,,,,,,,
1568152800,-0.1,-0.1,-0.1,-0.1,,,-50,-50,0,0,,,,,,,,
1568239200,-0.1,-0.1,-0.1,-0.1,,,-50,-50,0,0,,,,,,,,
1568325600,0,0,0,0,,,-100,-100,,,,,,,,,,
1568584800,0.2,0.2,0.2,0.2,,,0,0,0,0,,,,,,,,
1568671200,0.4,0.4,0.4,0.4,,,100,100,0,0,,,,,,,,
1568757600,0.6,0.6,0.6,0.6,,,199.99999999999997,199.99999999999997,0,0,,,,,,,,
1568844000,0.6,0.6,0.6,0.6,,,199.99999999999997,199.99999999999997,0,0,,,,,,,,
1568930400,0.4,0.4,0.4,0.4,,,100,100,0,0,,,,,,,,
1569189600,0.4,0.4,0.4,0.4,,,0,0,0,0,,,,,,,,
1569276000,0.1,0.1,0.1,0.1,,,-75.00000000000001,-75.00000000000001,0,0,,,,,,,,
1569362400,0.5,0.5,0.5,0.5,,,24.999999999999993,24.999999999999993,0,0,,,,,,,,
1569448800,0.2,0.2,0.2,0.2,,,-50,-50,0,0,,,,,,,,
1569535200,0.1,0.1,0.1,0.1,,,-75.00000000000001,-75.00000000000001,0,0,,,,,,,,
1569794400,0.5,0.5,0.5,0.5,,,0,0,0,0,,,,,,,,
1569880800,0.3,0.3,0.3,0.3,0,0,-40,-40,0,0,,,,,,,,
1569967200,0.1,0.1,0.1,0.1,-66.66666666666666,-66.66666666666666,-80,-80,0,0,,,,,,,,
1570053600,-0.4,-0.4,-0.4,-0.4,-233.33333333333334,-233.33333333333334,-180,-180,0,0,,,,,,,,
1570140000,0,0,0,0,-100,-100,-100,-100,,,,,,,,,,
1570399200,-0.1,-0.1,-0.1,-0.1,-133.33333333333334,-133.33333333333334,0,0,0,0,,,,,,,,
1570485600,-0.1,-0.1,-0.1,-0.1,-133.33333333333334,-133.33333333333334,0,0,0,0,,,,,,,,
1570572000,-0.5,-0.5,-0.5,-0.5,-266.6666666666667,-266.6666666666667,400,400,0,0,,,,,,,,
1570658400,-0.4,-0.4,-0.4,-0.4,-233.33333333333334,-233.33333333333334,300.00000000000006,300.00000000000006,0,0,,,,,,,,
1570744800,-0.4,-0.4,-0.4,-0.4,-233.33333333333334,-233.33333333333334,300.00000000000006,300.00000000000006,0,0,,,,,,,,
1571004000,-0.3,-0.3,-0.3,-0.3,-200,-200,0,0,0,0,,,,,,,,
1571090400,-0.4,-0.4,-0.4,-0.4,-233.33333333333334,-233.33333333333334,33.33333333333335,33.33333333333335,0,0,,,,,,,,
1571176800,-0.4,-0.4,-0.4,-0.4,-233.33333333333334,-233.33333333333334,33.33333333333335,33.33333333333335,0,0,,,,,,,,
1571263200,-0.4,-0.4,-0.4,-0.4,-233.33333333333334,-233.33333333333334,33.33333333333335,33.33333333333335,0,0,,,,,,,,
1571349600,-0.1,-0.1,-0.1,-0.1,-133.33333333333334,-133.33333333333334,-66.66666666666666,-66.66666666666666,0,0,,,,,,,,
1571608800,-0.4,-0.4,-0.4,-0.4,-233.33333333333334,-233.33333333333334,0,0,0,0,,,,,,,,
1571695200,-0.7,-0.7,-0.7,-0.7,-333.33333333333337,-333.33333333333337,74.99999999999997,74.99999999999997,0,0,,,,,,,,
1571781600,-0.7,-0.4,-0.7,-0.4,-233.33333333333334,-233.33333333333334,0,0,-42.85714285714285,-42.85714285714285,,,,,,,,
1571868000,-0.8,-0.8,-1.2,-1.2,-500,-500,199.99999999999997,199.99999999999997,49.999999999999986,49.999999999999986,,,,,,,,
1571954400,-0.5,-0.5,-0.5,-0.5,-266.6666666666667,-266.6666666666667,24.999999999999993,24.999999999999993,0,0,,,,,,,,
1572213600,-0.4,-0.4,-0.4,-0.4,-233.33333333333334,-233.33333333333334,0,0,0,0,,,,,,,,
1572300000,-0.8,-0.8,-0.8,-0.8,-366.6666666666667,-366.6666666666667,100,100,0,0,,,,,,,,
1572386400,-1.1,-1.1,-1.1,-1.1,-466.6666666666667,-466.6666666666667,175,175,0,0,,,,,,,,
1572472800,-1.2,-1.2,-1.2,-1.2,-500,-500,199.99999999999997,199.99999999999997,0,0,,,,,,,,
1572559200,-1.3,-1.3,-1.3,-1.3,0,0,225,225,0,0,,,,,,,,
1572822000,-1.4,-1.4,-1.4,-1.4,7.692307692307682,7.692307692307682,0,0,0,0,,,,,,,,
1572908400,-1.4,-1.4,-1.4,-1.4,7.692307692307682,7.692307692307682,0,0,0,0,,,,,,,,
1572994800,-1.3,-1.3,-1.3,-1.3,0,0,-7.142857142857134,-7.142857142857134,0,0,,,,,,,,
1573081200,-1.6,-1.6,-1.6,-1.6,23.076923076923077,23.076923076923077,14.285714285714299,14.285714285714299,0,0,,,,,,,,
1573167600,-1.5,-1.5,-1.5,-1.5,15.38461538461538,15.38461538461538,7.1428571428571495,7.1428571428571495,0,0,,,,,,,,
1573426800,-1.3,-1.3,-1.3,-1.3,0,0,0,0,0,0,,,,,,,,
1573513200,-1.1,-1.1,-1.1,-1.1,-15.38461538461538,-15.38461538461538,-15.38461538461538,-15.38461538461538,0,0,,,,,,,,
1573599600,-1.3,-1.3,-1.3,-1.3,0,0,0,0,0,0,,,,,,,,
1573686000,-0.9,-0.9,-0.9,-0.9,-30.76923076923077,-30.76923076923077,-30.76923076923077,-30.76923076923077,0,0,,,,,,,,
1573772400,-1.1,-1.1,-1.3,-1.3,0,0,0,0,18.181818181818176,18.181818181818176,,,,,,,,
1574031600,-0.9,-0.9,-0.9,-0.9,-30.76923076923077,-30.76923076923077,0,0,0,0,,,,,,,,
1574118000,-0.9,-0.9,-0.9,-0.9,-30.76923076923077,-30.76923076923077,0,0,0,0,,,,,,,,
1574204400,-1.2,-1.2,-1.2,-1.2,-7.692307692307699,-7.692307692307699,33.33333333333333,33.33333333333333,0,0,,,,,,,,
1574290800,-1.1,-1.1,-1.1,-1.1,-15.38461538461538,-15.38461538461538,22.22222222222223,22.22222222222223,0,0,,,,,,,,
1574377200,-1.3,-1.3,-1.3,-1.3,0,0,44.44444444444445,44.44444444444445,0,0,,,,,,,,
1574636400,-1.2,-1.2,-1.2,-1.2,-7.692307692307699,-7.692307692307699,0,0,0,0,,,,,,,,
1574722800,-1.1,-1.1,-1.1,-1.1,-15.38461538461538,-15.38461538461538,-8.333333333333323,-8.333333333333323,0,0,,,,,,,,
1574809200,-0.4,-0.4,-0.4,-0.4,-69.23076923076923,-69.23076923076923,-66.66666666666666,-66.66666666666666,0,0,,,,,,,,
1574895600,0.3,0.3,0.3,0.3,-123.07692307692308,-123.07692307692308,-125,-125,0,0,,,,,,,,
1575241200,0.4,0.4,0.4,0.4,0,0,0,0,0,0,,,,,,,,
1575327600,0.2,0.2,0.2,0.2,-50,-50,-50,-50,0,0,,,,,,,,
1575414000,0.4,0.4,0.4,0.4,0,0,0,0,0,0,,,,,,,,
1575500400,0,0,0,0,-100,-100,-100,-100,,,,,,,,,,
1575586800,0.1,0.1,0.1,0.1,-75.00000000000001,-75.00000000000001,-75.00000000000001,-75.00000000000001,0,0,,,,,,,,
1575846000,0.4,0.4,0.4,0.4,0,0,0,0,0,0,,,,,,,,
1575932400,0.1,0.1,0.1,0.1,-75.00000000000001,-75.00000000000001,-75.00000000000001,-75.00000000000001,0,0,,,,,,,,
1576018800,0.3,0.3,0.3,0.3,-25.000000000000007,-25.000000000000007,-25.000000000000007,-25.000000000000007,0,0,,,,,,,,
1576105200,0.1,0.1,0.1,0.1,-75.00000000000001,-75.00000000000001,-75.00000000000001,-75.00000000000001,0,0,,,,,,,,
1576191600,0.3,0.3,0.3,0.3,-25.000000000000007,-25.000000000000007,-25.000000000000007,-25.000000000000007,0,0,,,,,,,,
1576450800,0,0,0,0,-100,-100,,,,,,,,,,,,
1619992800,57000,59280,56435,57020,0.03508771929824561,0.03508771929824561,0.03508771929824561,0.03508771929824561,0.03508771929824561,0.03508771929824561,,,,,,,,
1620079200,57400,57750,53190,54790,-3.8771929824561404,-3.8771929824561404,-3.8771929824561404,-3.8771929824561404,-4.547038327526132,-4.547038327526132,,,,,,,,
1620165600,54980,58075,52870,56970,-0.05263157894736842,-0.05263157894736842,-0.05263157894736842,-0.05263157894736842,3.6194979992724625,3.6194979992724625,,,,,,,,
1620252000,56950,58580,55250,56005,-1.7456140350877194,-1.7456140350877194,-1.7456140350877194,-1.7456140350877194,-1.659350307287094,-1.659350307287094,,,,,,,,
1620338400,56330,58855,55325,57675,1.1842105263157896,1.1842105263157896,1.1842105263157896,1.1842105263157896,2.3877152494230427,2.3877152494230427,,,,,,,,
1620597600,58110,59885,53600,55390,-2.824561403508772,-2.824561403508772,-4.680777835140251,-4.680777835140251,-4.680777835140251,-4.680777835140251,,,,,,,,
1620684000,55660,57055,54375,56995,-0.008771929824561403,-0.008771929824561403,-1.918774737566684,-1.918774737566684,2.3984908372260154,2.3984908372260154,,,,,,,,
1620770400,56950,58105,53420,54315,-4.7105263157894735,-4.7105263157894735,-6.530717604543108,-6.530717604543108,-4.626865671641791,-4.626865671641791,,,,,,,,
1620856800,54495,54585,46865,49150,-13.771929824561404,-13.771929824561404,-15.419032868697299,-15.419032868697299,-9.808239288008073,-9.808239288008073,,,,,,,,
1620943200,49045,51500,48320,49155,-13.76315789473684,-13.76315789473684,-15.41042849767682,-15.41042849767682,0.224283820980732,0.224283820980732,,,,,,,,
1621202400,45375,46625,42060,44605,-21.74561403508772,-21.74561403508772,-1.6969696969696972,-1.6969696969696972,-1.6969696969696972,-1.6969696969696972,,,,,,,,
1621288800,44605,45760,42285,43105,-24.37719298245614,-24.37719298245614,-5.002754820936639,-5.002754820936639,-3.3628516982401075,-3.3628516982401075,,,,,,,,
1621375200,42715,43490,30205,38230,-32.92982456140351,-32.92982456140351,-15.746556473829202,-15.746556473829202,-10.49982441765188,-10.49982441765188,,,,,,,,
1621461600,39000,42430,34950,40000,-29.82456140350877,-29.82456140350877,-11.84573002754821,-11.84573002754821,2.564102564102564,2.564102564102564,,,,,,,,
1621548000,40590,42310,35100,35185,-38.271929824561404,-38.271929824561404,-22.457300275482094,-22.457300275482094,-13.316087706331608,-13.316087706331608,,,,,,,,
1621807200,34485,39990,33690,39070,-31.45614035087719,-31.45614035087719,13.295635783674062,13.295635783674062,13.295635783674062,13.295635783674062,,,,,,,,
1621893600,38800,39875,36515,37695,-33.86842105263158,-33.86842105263158,9.308394954327968,9.308394954327968,-2.847938144329897,-2.847938144329897,,,,,,,,
1621980000,38000,40930,37905,38765,-31.99122807017544,-31.99122807017544,12.411193272437291,12.411193272437291,2.013157894736842,2.013157894736842,,,,,,,,
1622066400,39065,40595,37380,38500,-32.45614035087719,-32.45614035087719,11.64274322169059,11.64274322169059,-1.4463074363240753,-1.4463074363240753,,,,,,,,
1622152800,38600,39210,35185,35280,-38.10526315789474,-38.10526315789474,2.3053501522401043,2.3053501522401043,-8.60103626943005,-8.60103626943005,,,,,,,,
1622412000,35985,37970,34230,36315,0.9170487703209671,0.9170487703209671,0.9170487703209671,0.9170487703209671,0.9170487703209671,0.9170487703209671,,,,,,,,
1622584800,36455,38370,35930,37850,5.182715020147284,5.182715020147284,5.182715020147284,5.182715020147284,3.8266355781099985,3.8266355781099985,,,,,,,,
1622671200,37850,39550,37260,38805,7.83659858274281,7.83659858274281,7.83659858274281,7.83659858274281,2.523117569352708,2.523117569352708,,,,,,,,
1622757600,38815,39375,35570,37135,3.195776017785188,3.195776017785188,3.195776017785188,3.195776017785188,-4.328223624887286,-4.328223624887286,,,,,,,,
1623016800,36495,36980,34010,34450,-4.2656662498263165,-4.2656662498263165,-5.603507329771201,-5.603507329771201,-5.603507329771201,-5.603507329771201,,,,,,,,
1623103200,34290,34315,30935,33570,-6.711129637348895,-6.711129637348895,-8.014796547472256,-8.014796547472256,-2.099737532808399,-2.099737532808399,,,,,,,,
1623189600,33540,36920,32420,36395,1.1393636237321105,1.1393636237321105,-0.2740101383751199,-0.2740101383751199,8.512224209898628,8.512224209898628,,,,,,,,
1623276000,36700,38460,35805,36445,1.2783104071140754,1.2783104071140754,-0.13700506918755995,-0.13700506918755995,-0.6948228882833788,-0.6948228882833788,,,,,,,,
1623362400,36630,37700,35980,37090,3.0707239127414203,3.0707239127414203,1.6303603233319635,1.6303603233319635,1.255801255801256,1.255801255801256,,,,,,,,
1623621600,38800,41055,38710,39810,10.6294289287203,10.6294289287203,2.6030927835051547,2.6030927835051547,2.6030927835051547,2.6030927835051547,,,,,,,,
1623708000,40255,41355,39500,39975,11.087953313880785,11.087953313880785,3.0283505154639174,3.0283505154639174,-0.6955657682275493,-0.6955657682275493,,,,,,,,
1623794400,39940,40495,38275,38400,6.711129637348895,6.711129637348895,-1.0309278350515463,-1.0309278350515463,-3.85578367551327,-3.85578367551327,,,,,,,,
1623880800,38550,39535,37320,37725,4.835348061692372,4.835348061692372,-2.770618556701031,-2.770618556701031,-2.140077821011673,-2.140077821011673,,,,,,,,
1623967200,37700,38160,35070,35440,-1.5145199388634152,-1.5145199388634152,-8.65979381443299,-8.65979381443299,-5.994694960212202,-5.994694960212202,,,,,,,,
1624226400,35680,35785,31705,32560,-9.517854661664582,-9.517854661664582,-8.74439461883408,-8.74439461883408,-8.74439461883408,-8.74439461883408,,,,,,,,
1624312800,31810,33355,28810,32920,-8.517437821314438,-8.517437821314438,-7.73542600896861,-7.73542600896861,3.4894687205281354,3.4894687205281354,,,,,,,,
1624399200,32870,34800,31760,32990,-8.322912324579686,-8.322912324579686,-7.539237668161435,-7.539237668161435,0.36507453605111045,0.36507453605111045,,,,,,,,
1624485600,33230,35405,32440,35010,-2.7094622759483116,-2.7094622759483116,-1.8778026905829595,-1.8778026905829595,5.356605476978634,5.356605476978634,,,,,,,,
1624572000,34880,35680,31455,32205,-10.504376823676532,-10.504376823676532,-9.739349775784753,-9.739349775784753,-7.6691513761467895,-7.6691513761467895,,,,,,,,
1624831200,32750,35340,32750,34695,-3.58482701125469,-3.58482701125469,5.938931297709924,5.938931297709924,5.938931297709924,5.938931297709924,,,,,,,,
1624917600,34695,36685,34180,36195,0.5835764902042517,0.5835764902042517,10.51908396946565,10.51908396946565,4.323389537397319,4.323389537397319,,,,,,,,
1625004000,36500,36600,34005,34540,-4.01556203973878,-4.01556203973878,5.465648854961832,5.465648854961832,-5.36986301369863,-5.36986301369863,,,,,,,,
1625090400,34950,35235,32695,33370,-4.520743919885551,-4.520743919885551,1.8931297709923665,1.8931297709923665,-4.520743919885551,-4.520743919885551,,,,,,,,
1625176800,33400,33995,32625,33150,-5.150214592274678,-5.150214592274678,1.2213740458015268,1.2213740458015268,-0.7485029940119761,-0.7485029940119761,,,,,,,,
1625436000,34250,35890,33330,33850,-3.1473533619456364,-3.1473533619456364,-1.167883211678832,-1.167883211678832,-1.167883211678832,-1.167883211678832,,,,,,,,
1625608800,33815,35125,33665,34545,-1.1587982832618025,-1.1587982832618025,0.8613138686131387,0.8613138686131387,2.1588052639361233,2.1588052639361233,,,,,,,,
1625695200,34395,34395,32075,32720,-6.380543633762518,-6.380543633762518,-4.467153284671533,-4.467153284671533,-4.869893879924407,-4.869893879924407,,,,,,,,
1625781600,32715,33715,32260,33545,-4.020028612303291,-4.020028612303291,-2.0583941605839415,-2.0583941605839415,2.537062509552193,2.537062509552193,,,,,,,,
1626040800,34250,34840,32580,32800,-6.151645207439199,-6.151645207439199,-4.233576642335766,-4.233576642335766,-4.233576642335766,-4.233576642335766,,,,,,,,
1626127200,33160,33440,32170,32455,-7.138769670958513,-7.138769670958513,-5.240875912408759,-5.240875912408759,-2.1260554885404104,-2.1260554885404104,,,,,,,,
1626213600,32505,33185,31500,32800,-6.151645207439199,-6.151645207439199,-4.233576642335766,-4.233576642335766,0.9075526842024303,0.9075526842024303,,,,,,,,
1626300000,32990,33215,30965,31620,-9.527896995708154,-9.527896995708154,-7.678832116788321,-7.678832116788321,-4.152773567747802,-4.152773567747802,,,,,,,,
1626386400,31595,32225,30965,31810,-8.984263233190273,-8.984263233190273,-7.124087591240875,-7.124087591240875,0.6804874188953949,0.6804874188953949,,,,,,,,
1626645600,31700,31890,30290,30720,-12.103004291845494,-12.103004291845494,-3.091482649842271,-3.091482649842271,-3.091482649842271,-3.091482649842271,,,,,,,,
1626732000,30725,31010,29190,29790,-14.763948497854077,-14.763948497854077,-6.025236593059937,-6.025236593059937,-3.0431244914564686,-3.0431244914564686,,,,,,,,
1626818400,29495,32825,29420,31795,-9.027181688125895,-9.027181688125895,0.2996845425867508,0.2996845425867508,7.797931852856416,7.797931852856416,,,,,,,,
1626904800,31895,32595,31670,32225,-7.7968526466380546,-7.7968526466380546,1.6561514195583598,1.6561514195583598,1.0346449286722057,1.0346449286722057,,,,,,,,
1626991200,32200,32915,31975,32485,-7.052932761087267,-7.052932761087267,2.4763406940063093,2.4763406940063093,0.8850931677018633,0.8850931677018633,,,,,,,,
1627250400,34265,40550,34265,37755,8.025751072961373,8.025751072961373,10.185320297679848,10.185320297679848,10.185320297679848,10.185320297679848,,,,,,,,
1627336800,37335,38795,36400,38065,8.912732474964233,8.912732474964233,11.090033561943674,11.090033561943674,1.9552698540243738,1.9552698540243738,,,,,,,,
1627423200,38415,40950,38180,39955,14.320457796852645,14.320457796852645,16.60586604406829,16.60586604406829,4.008850709358323,4.008850709358323,,,,,,,,
1627509600,40290,40775,39405,39945,14.291845493562233,14.291845493562233,16.576681745221073,16.576681745221073,-0.8562918838421444,-0.8562918838421444,,,,,,,,
1627596000,39705,41985,38420,40910,17.052932761087266,17.052932761087266,19.39296658397782,19.39296658397782,3.0348822566427405,3.0348822566427405,,,,,,,,
1627855200,41190,41355,38700,38855,-5.6688516630250065,-5.6688516630250065,-5.6688516630250065,-5.6688516630250065,-5.6688516630250065,-5.6688516630250065,,,,,,,,
1627941600,39235,39845,37560,38120,-7.453265355668852,-7.453265355668852,-7.453265355668852,-7.453265355668852,-2.8418503886835733,-2.8418503886835733,,,,,,,,
1628028000,38325,39935,37500,39840,-3.2774945375091042,-3.2774945375091042,-3.2774945375091042,-3.2774945375091042,3.9530332681017613,3.9530332681017613,,,,,,,,
1628114400,39955,41440,37280,40900,-0.7040543821315853,-0.7040543821315853,-0.7040543821315853,-0.7040543821315853,2.365160805906645,2.365160805906645,,,,,,,,
1628200800,41150,43445,39950,42880,4.1029376062151,4.1029376062151,4.1029376062151,4.1029376062151,4.204131227217497,4.204131227217497,,,,,,,,
1628460000,44240,46520,42885,45450,10.34231609613984,10.34231609613984,2.7350813743218807,2.7350813743218807,2.7350813743218807,2.7350813743218807,,,,,,,,
1628546400,45800,46820,44655,45665,10.864287448409808,10.864287448409808,3.2210669077757688,3.2210669077757688,-0.29475982532751094,-0.29475982532751094,,,,,,,,
1628632800,45305,46835,45275,46315,12.442340373877155,12.442340373877155,4.690325497287522,4.690325497287522,2.2293345105396756,2.2293345105396756,,,,,,,,
1628719200,46275,46300,43770,44405,7.805292546734645,7.805292546734645,0.3729656419529837,0.3729656419529837,-4.04105888708806,-4.04105888708806,,,,,,,,
1628805600,44355,47995,43830,47750,15.926195678562758,15.926195678562758,7.933996383363471,7.933996383363471,7.6541539848946005,7.6541539848946005,,,,,,,,
1629064800,46980,48115,45600,46100,11.920369021607186,11.920369021607186,-1.8731375053214132,-1.8731375053214132,-1.8731375053214132,-1.8731375053214132,,,,,,,,
1629151200,45810,47175,44495,44910,9.031318281136198,9.031318281136198,-4.406130268199234,-4.406130268199234,-1.9646365422396856,-1.9646365422396856,,,,,,,,
1629237600,44955,46110,44150,44525,8.09662539451323,8.09662539451323,-5.225627926777352,-5.225627926777352,-0.9565120676231788,-0.9565120676231788,,,,,,,,
1629324000,44550,46895,43930,46585,13.097839281378976,13.097839281378976,-0.8407833120476799,-0.8407833120476799,4.567901234567901,4.567901234567901,,,,,,,,
1629410400,46590,49180,46360,48685,18.19616411750425,18.19616411750425,3.6292039165602383,3.6292039165602383,4.496673105816699,4.496673105816699,,,,,,,,
1629669600,48825,50580,48700,49610,20.441854819130857,20.441854819130857,1.607782898105479,1.607782898105479,1.607782898105479,1.607782898105479,,,,,,,,
1629756000,49550,49890,47725,48320,17.310026705511046,17.310026705511046,-1.0343061955965183,-1.0343061955965183,-2.4823410696266395,-2.4823410696266395,,,,,,,,
1629842400,48255,49120,47070,48750,18.353969410050983,18.353969410050983,-0.15360983102918588,-0.15360983102918588,1.0258004351880634,1.0258004351880634,,,,,,,,
1629928800,49345,49465,46340,46915,13.89900461277009,13.89900461277009,-3.9119303635432665,-3.9119303635432665,-4.9245110953490725,-4.9245110953490725,,,,,,,,
1630015200,47340,49250,46375,48965,18.87594076232095,18.87594076232095,0.2867383512544803,0.2867383512544803,3.432615124630334,3.432615124630334,,,,,,,,
1630274400,49010,49535,47440,48745,18.34183054139354,18.34183054139354,-0.5407059783717608,-0.5407059783717608,-0.5407059783717608,-0.5407059783717608,,,,,,,,
1630360800,48520,48715,46690,47000,14.105365379946589,14.105365379946589,-4.101203835951846,-4.101203835951846,-3.1327287716405605,-3.1327287716405605,,,,,,,,
1630447200,47000,49280,46550,48420,3.021276595744681,3.021276595744681,-1.203835951846562,-1.203835951846562,3.021276595744681,3.021276595744681,,,,,,,,
1630533600,48400,50545,48390,49610,5.553191489361702,5.553191489361702,1.2242399510304018,1.2242399510304018,2.5,2.5,,,,,,,,
1630620000,49750,51250,48400,50215,6.840425531914894,6.840425531914894,2.458681901652724,2.458681901652724,0.9346733668341708,0.9346733668341708,,,,,,,,
1630879200,51680,53120,43920,46880,-0.2553191489361702,-0.2553191489361702,-9.287925696594428,-9.287925696594428,-9.287925696594428,-9.287925696594428,,,,,,,,
1631052000,46830,47440,44485,46105,-1.9042553191489362,-1.9042553191489362,-10.787538699690401,-10.787538699690401,-1.5481528934443731,-1.5481528934443731,,,,,,,,
1631138400,46030,47440,45550,46250,-1.5957446808510638,-1.5957446808510638,-10.506965944272446,-10.506965944272446,0.4779491635889637,0.4779491635889637,,,,,,,,
1631224800,46495,47070,44700,45070,-4.1063829787234045,-4.1063829787234045,-12.790247678018577,-12.790247678018577,-3.0648456823314336,-3.0648456823314336,,,,,,,,
1631484000,45355,46920,43335,45140,-3.957446808510638,-3.957446808510638,-0.4740381435343402,-0.4740381435343402,-0.4740381435343402,-0.4740381435343402,,,,,,,,
1631570400,45160,47045,44700,46880,-0.2553191489361702,-0.2553191489361702,3.3623635762319477,3.3623635762319477,3.8086802480070863,3.8086802480070863,,,,,,,,
1631656800,46715,48565,46715,48185,2.5212765957446805,2.5212765957446805,6.239664866056664,6.239664866056664,3.1467408755217807,3.1467408755217807,,,,,,,,
1631743200,48315,48705,47150,47320,0.6808510638297872,0.6808510638297872,4.332488149046411,4.332488149046411,-2.0594018420780293,-2.0594018420780293,,,,,,,,
1631829600,48050,48325,46855,47200,0.425531914893617,0.425531914893617,4.067908720097012,4.067908720097012,-1.768990634755463,-1.768990634755463,,,,,,,,
1632088800,47740,47740,42500,43800,-6.808510638297872,-6.808510638297872,-8.25303728529535,-8.25303728529535,-8.25303728529535,-8.25303728529535,,,,,,,,
1632175200,43500,43950,40205,40980,-12.808510638297873,-12.808510638297873,-14.160033514872225,-14.160033514872225,-5.793103448275862,-5.793103448275862,,,,,,,,
1632261600,41845,44170,40330,43590,-7.255319148936171,-7.255319148936171,-8.692919983242565,-8.692919983242565,4.170151750507826,4.170151750507826,,,,,,,,
1632348000,43290,45105,43290,44835,-4.6063829787234045,-4.6063829787234045,-6.085043988269795,-6.085043988269795,3.5689535689535687,3.5689535689535687,,,,,,,,
1632434400,44910,45440,40800,43115,-8.26595744680851,-8.26595744680851,-9.687892752408882,-9.687892752408882,-3.9968826541972833,-3.9968826541972833,,,,,,,,
1632693600,43540,44615,42710,42810,-8.914893617021278,-8.914893617021278,-1.6766192007349565,-1.6766192007349565,-1.6766192007349565,-1.6766192007349565,,,,,,,,
1632780000,43100,43545,41175,41795,-11.074468085106384,-11.074468085106384,-4.007808911345888,-4.007808911345888,-3.02784222737819,-3.02784222737819,,,,,,,,
1632866400,41860,42720,40715,41130,-12.48936170212766,-12.48936170212766,-5.535140101056499,-5.535140101056499,-1.743908265647396,-1.743908265647396,,,,,,,,
1632952800,41410,44165,41080,43470,-7.51063829787234,-7.51063829787234,-0.1607717041800643,-0.1607717041800643,4.974643805843999,4.974643805843999,,,,,,,,
1633039200,43675,48685,43385,48495,11.036061820263308,11.036061820263308,11.38033991731741,11.38033991731741,11.036061820263308,11.036061820263308,,,,,,,,
1633298400,48070,49990,47175,49340,12.970807097882084,12.970807097882084,2.6419804451841067,2.6419804451841067,2.6419804451841067,2.6419804451841067,,,,,,,,
1633384800,49295,52195,49035,51940,18.923869490555237,18.923869490555237,8.050759309340545,8.050759309340545,5.365655746018866,5.365655746018866,,,,,,,,
1633471200,52205,55940,50850,55350,26.73153978248426,26.73153978248426,15.144580819638028,15.144580819638028,6.0243271717268465,6.0243271717268465,,,,,,,,
1633557600,55245,56335,53865,54790,25.449341728677734,25.449341728677734,13.979613064281256,13.979613064281256,-0.8236039460584668,-0.8236039460584668,,,,,,,,
1633644000,54985,56775,54060,54530,24.854035489410418,24.854035489410418,13.438735177865613,13.438735177865613,-0.8274984086569064,-0.8274984086569064,,,,,,,,
1633903200,55085,58335,54815,57800,32.341156267887804,32.341156267887804,4.928746482708541,4.928746482708541,4.928746482708541,4.928746482708541,,,,,,,,
1633989600,57800,58235,54380,55760,27.67029192902118,27.67029192902118,1.2253789597894165,1.2253789597894165,-3.5294117647058822,-3.5294117647058822,,,,,,,,
1634076000,56210,57950,54665,57380,31.379507727532914,31.379507727532914,4.166288463284016,4.166288463284016,2.0814801636719444,2.0814801636719444,,,,,,,,
1634162400,58000,59065,57140,57790,32.31825987406983,32.31825987406983,4.910592720341291,4.910592720341291,-0.3620689655172414,-0.3620689655172414,,,,,,,,
1634248800,57600,63500,57230,63095,44.46479679450486,44.46479679450486,14.541163656167742,14.541163656167742,9.539930555555555,9.539930555555555,,,,,,,,
1634508000,61000,63220,60115,61635,41.12192329708071,41.12192329708071,1.040983606557377,1.040983606557377,1.040983606557377,1.040983606557377,,,,,,,,
1634594400,61870,64780,61710,64315,47.25815684029765,47.25815684029765,5.434426229508197,5.434426229508197,3.951834491676095,3.951834491676095,,,,,,,,
1634680800,64435,67665,63840,66285,51.76874642243846,51.76874642243846,8.663934426229508,8.663934426229508,2.871110421354854,2.871110421354854,,,,,,,,
1634767200,66100,66925,62175,62880,43.972524327418434,43.972524327418434,3.081967213114754,3.081967213114754,-4.871406959152798,-4.871406959152798,,,,,,,,
1634853600,62250,63955,60190,60800,39.21007441327991,39.21007441327991,-0.32786885245901637,-0.32786885245901637,-2.3293172690763053,-2.3293172690763053,,,,,,,,
1635112800,61000,63855,60775,62645,43.43445907269605,43.43445907269605,2.69672131147541,2.69672131147541,2.69672131147541,2.69672131147541,,,,,,,,
1635199200,62935,63380,61820,62075,42.12936462507155,42.12936462507155,1.762295081967213,1.762295081967213,-1.3664892349249225,-1.3664892349249225,,,,,,,,
1635285600,62075,62075,57915,59005,35.10017172295363,35.10017172295363,-3.2704918032786883,-3.2704918032786883,-4.9456302859444214,-4.9456302859444214,,,,,,,,
1635372000,59250,62925,58335,61765,41.419576416714364,41.419576416714364,1.2540983606557377,1.2540983606557377,4.244725738396625,4.244725738396625,,,,,,,,
1635458400,61240,63565,60645,62815,43.82369776760161,43.82369776760161,2.9754098360655736,2.9754098360655736,2.571848465055519,2.571848465055519,,,,,,,,
1635717600,62160,62845,59680,60980,-1.8983268983268984,-1.8983268983268984,-1.8983268983268984,-1.8983268983268984,-1.8983268983268984,-1.8983268983268984,,,,,,,,
1635804000,60900,64665,60885,63435,2.051158301158301,2.051158301158301,2.051158301158301,2.051158301158301,4.16256157635468,4.16256157635468,,,,,,,,
1635890400,63435,63995,60995,63025,1.3915701415701416,1.3915701415701416,1.3915701415701416,1.3915701415701416,-0.6463308898872862,-0.6463308898872862,,,,,,,,
1635976800,63400,63490,60840,61475,-1.101994851994852,-1.101994851994852,-1.101994851994852,-1.101994851994852,-3.036277602523659,-3.036277602523659,,,,,,,,
1636063200,61370,62905,60900,61190,-1.5604890604890604,-1.5604890604890604,-1.5604890604890604,-1.5604890604890604,-0.2933029167345608,-0.2933029167345608,,,,,,,,
1636326000,62750,67030,62750,66535,7.038288288288289,7.038288288288289,6.031872509960159,6.031872509960159,6.031872509960159,6.031872509960159,,,,,,,,
1636412400,66800,69025,66455,67925,9.274453024453026,9.274453024453026,8.247011952191235,8.247011952191235,1.6841317365269461,1.6841317365269461,,,,,,,,
1636498800,67750,69360,63045,64535,3.820785070785071,3.820785070785071,2.8446215139442232,2.8446215139442232,-4.745387453874539,-4.745387453874539,,,,,,,,
1636585200,65020,65900,64285,65240,4.954954954954955,4.954954954954955,3.96812749003984,3.96812749003984,0.3383574284835435,0.3383574284835435,,,,,,,,
1636671600,65390,65745,62340,64195,3.273809523809524,3.273809523809524,2.302788844621514,2.302788844621514,-1.8274965591068972,-1.8274965591068972,,,,,,,,
1636930800,64450,66550,63380,63905,2.8072715572715574,2.8072715572715574,-0.8456167571761055,-0.8456167571761055,-0.8456167571761055,-0.8456167571761055,,,,,,,,
1637017200,63920,64000,58545,60570,-2.557915057915058,-2.557915057915058,-6.020170674941816,-6.020170674941816,-5.240926157697121,-5.240926157697121,,,,,,,,
1637103600,60575,60870,58415,60090,-3.3301158301158305,-3.3301158301158305,-6.764934057408844,-6.764934057408844,-0.800660338423442,-0.800660338423442,,,,,,,,
1637190000,59960,61030,56620,57600,-7.335907335907336,-7.335907335907336,-10.628394103956555,-10.628394103956555,-3.935957304869913,-3.935957304869913,,,,,,,,
1637276400,56765,58420,55600,57900,-6.853281853281853,-6.853281853281853,-10.162916989914663,-10.162916989914663,1.999471505328988,1.999471505328988,,,,,,,,
1637535600,59010,59690,55560,56275,-9.467503217503218,-9.467503217503218,-4.634807659718692,-4.634807659718692,-4.634807659718692,-4.634807659718692,,,,,,,,
1637622000,56230,57945,55355,57675,-7.215250965250965,-7.215250965250965,-2.2623284189120487,-2.2623284189120487,2.569802596478748,2.569802596478748,,,,,,,,
1637708400,58150,58280,56300,57710,-7.158944658944659,-7.158944658944659,-2.2030164378918826,-2.2030164378918826,-0.7566638005159072,-0.7566638005159072,,,,,,,,
1637794800,57540,59890,53580,54465,-12.37934362934363,-12.37934362934363,-7.702084392475851,-7.702084392475851,-5.344108446298227,-5.344108446298227,,,,,,,,
1638140400,56050,59280,56050,58685,-5.59041184041184,-5.59041184041184,4.701159678858162,4.701159678858162,4.701159678858162,4.701159678858162,,,,,,,,
1638226800,58600,59655,56145,57475,-7.537001287001287,-7.537001287001287,2.5423728813559325,2.5423728813559325,-1.9197952218430034,-1.9197952218430034,,,,,,,,
1638313200,57590,59560,56585,57235,-0.6164264629275916,-0.6164264629275916,2.1141837644959858,2.1141837644959858,-0.6164264629275916,-0.6164264629275916,,,,,,,,
1638399600,57270,57720,55970,57030,-0.9723910401111304,-0.9723910401111304,1.7484388938447817,1.7484388938447817,-0.41906757464641176,-0.41906757464641176,,,,,,,,
1638486000,57055,57950,51580,53705,-6.745962840770966,-6.745962840770966,-4.183764495985727,-4.183764495985727,-5.871527473490492,-5.871527473490492,,,,,,,,
1638745200,49200,50690,47210,50200,-12.832088904323669,-12.832088904323669,2.0325203252032518,2.0325203252032518,2.0325203252032518,2.0325203252032518,,,,,,,,
1638831600,50635,52210,50350,50655,-12.042021184233374,-12.042021184233374,2.9573170731707314,2.9573170731707314,0.03949837069220895,0.03949837069220895,,,,,,,,
1638918000,50600,51400,48650,50760,-11.859697864212537,-11.859697864212537,3.1707317073170733,3.1707317073170733,0.31620553359683795,0.31620553359683795,,,,,,,,
1639004400,50505,50970,47345,48030,-16.600104184754297,-16.600104184754297,-2.3780487804878048,-2.3780487804878048,-4.900504900504901,-4.900504900504901,,,,,,,,
1639090800,47935,50255,47315,48020,-16.617468310470567,-16.617468310470567,-2.3983739837398375,-2.3983739837398375,0.17732345885052675,0.17732345885052675,,,,,,,,
1639350000,50155,50480,45730,46775,-18.779301962146207,-18.779301962146207,-6.739108762835211,-6.739108762835211,-6.739108762835211,-6.739108762835211,,,,,,,,
1639436400,46950,48885,46565,48490,-15.80135440180587,-15.80135440180587,-3.3197089024025526,-3.3197089024025526,3.2800851970181046,3.2800851970181046,,,,,,,,
1639522800,48495,49840,46825,49450,-14.134398333043933,-14.134398333043933,-1.4056425082245039,-1.4056425082245039,1.9692751830085575,1.9692751830085575,,,,,,,,
1639609200,49200,49600,47865,48400,-15.9576315332523,-15.9576315332523,-3.499152626856744,-3.499152626856744,-1.6260162601626018,-1.6260162601626018,,,,,,,,
1639695600,47820,48100,45700,47095,-18.22364993922556,-18.22364993922556,-6.101086631442528,-6.101086631442528,-1.5161020493517356,-1.5161020493517356,,,,,,,,
1639954800,47635,47635,45800,47385,-17.720090293453726,-17.720090293453726,-0.524824183898394,-0.524824183898394,-0.524824183898394,-0.524824183898394,,,,,,,,
1640041200,47225,49500,46940,49285,-14.420906407362388,-14.420906407362388,3.4638396137294003,3.4638396137294003,4.36209634727369,4.36209634727369,,,,,,,,
1640127600,49500,49850,48705,49265,-14.45563465879493,-14.45563465879493,3.4218536790175293,3.4218536790175293,-0.47474747474747475,-0.47474747474747475,,,,,,,,
1640214000,49065,51615,48295,51030,-11.390866469873242,-11.390866469873242,7.127112417340191,7.127112417340191,4.004891470498319,4.004891470498319,,,,,,,,
1640559600,51005,52270,50655,51150,-11.182496961277998,-11.182496961277998,0.284285854328007,0.284285854328007,0.284285854328007,0.284285854328007,,,,,,,,
1640646000,51370,51370,47470,47750,-17.086299704809864,-17.086299704809864,-6.381727281639055,-6.381727281639055,-7.046914541561222,-7.046914541561222,,,,,,,,
1640732400,48000,48280,46760,47265,-17.928459802048966,-17.928459802048966,-7.332614449563768,-7.332614449563768,-1.53125,-1.53125,,,,,,,,
1640818800,47370,47960,45935,47315,-17.841639173467616,-17.841639173467616,-7.234584844623076,-7.234584844623076,-0.11610724086974879,-0.11610724086974879,,,,,,,,
1640905200,47160,48685,45675,46325,-19.560687619378363,-19.560687619378363,-9.175571022448779,-9.175571022448779,-1.770568278201866,-1.770568278201866,,,,,,,,
1641164400,47180,47645,45680,45935,-2.638830012717253,-2.638830012717253,-2.638830012717253,-2.638830012717253,-2.638830012717253,-2.638830012717253,,,,,,,,
1641250800,46280,47665,45470,46205,-2.066553624417126,-2.066553624417126,-2.066553624417126,-2.066553624417126,-0.162057044079516,-0.162057044079516,,,,,,,,
1641337200,46205,47100,43315,43505,-7.789317507418398,-7.789317507418398,-7.789317507418398,-7.789317507418398,-5.843523428200411,-5.843523428200411,,,,,,,,
1641423600,43150,43735,42400,43145,-8.552352691818568,-8.552352691818568,-8.552352691818568,-8.552352691818568,-0.011587485515643106,-0.011587485515643106,,,,,,,,
1641510000,43105,43205,40500,41785,-11.434930055108095,-11.434930055108095,-11.434930055108095,-11.434930055108095,-3.0622897575687276,-3.0622897575687276,,,,,,,,
1641769200,42100,42280,39465,41595,-11.837643069097075,-11.837643069097075,-1.1995249406175772,-1.1995249406175772,-1.1995249406175772,-1.1995249406175772,,,,,,,,
1641855600,41615,43150,41225,42650,-9.6015260703688,-9.6015260703688,1.3064133016627077,1.3064133016627077,2.4870839841403343,2.4870839841403343,,,,,,,,
1641942000,42680,44340,42490,43745,-7.280627384484951,-7.280627384484951,3.907363420427554,3.907363420427554,2.4953139643861295,2.4953139643861295,,,,,,,,
1642028400,43820,44460,42275,42800,-9.283594743535396,-9.283594743535396,1.66270783847981,1.66270783847981,-2.327704244637152,-2.327704244637152,,,,,,,,
1642114800,42615,43510,41675,43280,-8.266214497668503,-8.266214497668503,2.802850356294537,2.802850356294537,1.5604833978646018,1.5604833978646018,,,,,,,,
1642374000,43325,43375,41180,42315,-10.311572700296736,-10.311572700296736,-2.331217541834968,-2.331217541834968,-2.331217541834968,-2.331217541834968,,,,,,,,
1642546800,42445,42630,41080,41730,-11.551504874947012,-11.551504874947012,-3.6814772071552224,-3.6814772071552224,-1.6845329249617151,-1.6845329249617151,,,,,,,,
1642633200,41950,43525,41245,41300,-12.462908011869436,-12.462908011869436,-4.67397576457011,-4.67397576457011,-1.5494636471990464,-1.5494636471990464,,,,,,,,
1642719600,41210,41210,36100,36700,-22.212802034760493,-22.212802034760493,-15.29140219272937,-15.29140219272937,-10.943945644261103,-10.943945644261103,,,,,,,,
1642978800,35605,37555,32845,36840,-21.91606612971598,-21.91606612971598,3.4686139587136635,3.4686139587136635,3.4686139587136635,3.4686139587136635,,,,,,,,
1643065200,36705,37590,35685,36510,-22.615515048749472,-22.615515048749472,2.5417778401909845,2.5417778401909845,-0.5312627707396812,-0.5312627707396812,,,,,,,,
1643151600,36620,38900,36315,36400,-22.8486646884273,-22.8486646884273,2.232832467350091,2.232832467350091,-0.6007646095030038,-0.6007646095030038,,,,,,,,
1643238000,36490,37225,35475,36140,-23.399745654938535,-23.399745654938535,1.5025979497261621,1.5025979497261621,-0.959166895039737,-0.959166895039737,,,,,,,,
1643324400,36750,38025,36115,37775,-19.93429419245443,-19.93429419245443,6.094649627861255,6.094649627861255,2.7891156462585034,2.7891156462585034,,,,,,,,
1643583600,37885,38780,36630,38460,-18.48240779991522,-18.48240779991522,1.5177510888214334,1.5177510888214334,1.5177510888214334,1.5177510888214334,,,,,,,,
1643670000,38475,39285,38060,38735,0.6757634827810267,0.6757634827810267,2.2436320443447273,2.2436320443447273,0.6757634827810267,0.6757634827810267,,,,,,,,
1643756400,38685,38925,36510,36935,-4.002599090318388,-4.002599090318388,-2.507588755444107,-2.507588755444107,-4.523717203050278,-4.523717203050278,,,,,,,,
1643842800,36840,37110,36185,36895,-4.106562703053932,-4.106562703053932,-2.613171439883859,-2.613171439883859,0.1492942453854506,0.1492942453854506,,,,,,,,
1643929200,37130,40970,36865,40695,5.769980506822612,5.769980506822612,7.417183581892569,7.417183581892569,9.601400484783195,9.601400484783195,,,,,,,,
1644188400,41135,44635,41135,44155,14.762833008447043,14.762833008447043,7.341679834690653,7.341679834690653,7.341679834690653,7.341679834690653,,,,,,,,
1644274800,44165,45605,42775,44315,15.178687459389215,15.178687459389215,7.730643004740488,7.730643004740488,0.3396354579418091,0.3396354579418091,,,,,,,,
1644361200,44135,44930,43205,44560,15.815464587394413,15.815464587394413,8.3262428588793,8.3262428588793,0.9629545712019939,0.9629545712019939,,,,,,,,
1644447600,44600,45900,43250,43855,13.983105912930474,13.983105912930474,6.61237389084721,6.61237389084721,-1.670403587443946,-1.670403587443946,,,,,,,,
1644534000,43905,44140,42080,42655,10.864197530864198,10.864197530864198,3.695150115473441,3.695150115473441,-2.8470561439471584,-2.8470561439471584,,,,,,,,
1644793200,42465,42930,41540,42255,9.824561403508772,9.824561403508772,-0.49452490286117984,-0.49452490286117984,-0.49452490286117984,-0.49452490286117984,,,,,,,,
1644879600,42465,44625,42465,43995,14.346978557504872,14.346978557504872,3.6029671494171667,3.6029671494171667,3.6029671494171667,3.6029671494171667,,,,,,,,
1644966000,44315,44820,43350,44170,14.80181936322287,14.80181936322287,4.015071235134817,4.015071235134817,-0.32720297867539205,-0.32720297867539205,,,,,,,,
1645052400,44120,44285,40075,40675,5.7179987004548405,5.7179987004548405,-4.215236076769104,-4.215236076769104,-7.808250226654579,-7.808250226654579,,,,,,,,
1645138800,40700,40995,39465,39925,3.7686809616634176,3.7686809616634176,-5.981396444130461,-5.981396444130461,-1.9041769041769043,-1.9041769041769043,,,,,,,,
1645398000,38820,39475,36310,37840,-1.650422352176738,-1.650422352176738,-2.5244719216898504,-2.5244719216898504,-2.5244719216898504,-2.5244719216898504,,,,,,,,
1645570800,37900,39235,37370,37545,-2.4171539961013644,-2.4171539961013644,-3.284389489953632,-3.284389489953632,-0.9366754617414248,-0.9366754617414248,,,,,,,,
1645657200,37635,39765,34335,38320,-0.40285899935022745,-0.40285899935022745,-1.287995878413189,-1.287995878413189,1.8201142553474159,1.8201142553474159,,,,,,,,
1645743600,38135,39705,37805,38940,1.2085769980506822,1.2085769980506822,0.3091190108191654,0.3091190108191654,2.1109217254490624,2.1109217254490624,,,,,,,,
1646002800,37920,42055,37165,41720,8.434048083170891,8.434048083170891,10.021097046413502,10.021097046413502,10.021097046413502,10.021097046413502,,,,,,,,
1646089200,43010,45085,42915,44035,2.3831667054173447,2.3831667054173447,16.126054852320674,16.126054852320674,2.3831667054173447,2.3831667054173447,,,,,,,,
1646175600,44250,45470,43420,44240,2.8598000465008138,2.8598000465008138,16.666666666666664,16.666666666666664,-0.022598870056497175,-0.022598870056497175,,,,,,,,
1646262000,44230,44310,41885,42225,-1.8251569402464543,-1.8251569402464543,11.352848101265822,11.352848101265822,-4.533122315170698,-4.533122315170698,,,,,,,,
1646348400,42500,42665,39075,39375,-8.45152290165078,-8.45152290165078,3.8370253164556964,3.8370253164556964,-7.352941176470589,-7.352941176470589,,,,,,,,
1646607600,39010,39560,37185,37880,-11.927458730527785,-11.927458730527785,-2.896693155601128,-2.896693155601128,-2.896693155601128,-2.896693155601128,,,,,,,,
1646694000,38235,39410,37865,38520,-10.439432690072076,-10.439432690072076,-1.2560881825173031,-1.2560881825173031,0.745390349156532,0.745390349156532,,,,,,,,
1646780400,38625,42715,38600,41970,-2.4180423157405255,-2.4180423157405255,7.58779800051269,7.58779800051269,8.660194174757281,8.660194174757281,,,,,,,,
1646866800,42020,42275,38585,39360,-8.48639851197396,-8.48639851197396,0.8972058446552167,0.8972058446552167,-6.330318895763922,-6.330318895763922,,,,,,,,
1646953200,39430,40285,38235,38795,-9.800046500813764,-9.800046500813764,-0.5511407331453474,-0.5511407331453474,-1.6104488967791022,-1.6104488967791022,,,,,,,,
1647208800,38775,39325,37495,38745,-9.916298535224366,-9.916298535224366,-0.07736943907156672,-0.07736943907156672,-0.07736943907156672,-0.07736943907156672,,,,,,,,
1647295200,38685,39920,38090,39490,-8.184143222506394,-8.184143222506394,1.8439716312056738,1.8439716312056738,2.0809099134031275,2.0809099134031275,,,,,,,,
1647381600,39635,41825,38825,41280,-4.022320390606835,-4.022320390606835,6.460348162475822,6.460348162475822,4.150372145830705,4.150372145830705,,,,,,,,
1647468000,41350,41445,40650,40835,-5.056963496861195,-5.056963496861195,5.312701482914249,5.312701482914249,-1.2454655380894801,-1.2454655380894801,,,,,,,,
1647554400,40965,42520,40200,42045,-2.243664264124622,-2.243664264124622,8.433268858800774,8.433268858800774,2.6363969242035887,2.6363969242035887,,,,,,,,
1647813600,41565,41640,40640,41230,-4.138572425017438,-4.138572425017438,-0.8059665584025022,-0.8059665584025022,-0.8059665584025022,-0.8059665584025022,,,,,,,,
1647900000,41435,43540,40995,42750,-0.6045105789351314,-0.6045105789351314,2.850956333453627,2.850956333453627,3.1736454688065643,3.1736454688065643,,,,,,,,
1647986400,42925,42970,41870,42515,-1.1508951406649617,-1.1508951406649617,2.285576807410081,2.285576807410081,-0.955154338963308,-0.955154338963308,,,,,,,,
1648072800,42530,44500,42500,44135,2.615670774238549,2.615670774238549,6.183086731625165,6.183086731625165,3.7738067246649423,3.7738067246649423,,,,,,,,
1648159200,44370,45420,43830,44835,4.24319925598698,4.24319925598698,7.867195958137857,7.867195958137857,1.0480054090601758,1.0480054090601758,,,,,,,,
1648418400,46250,48475,46250,48210,12.090211578702627,12.090211578702627,4.237837837837838,4.237837837837838,4.237837837837838,4.237837837837838,,,,,,,,
1648504800,48195,48410,47180,47720,10.950941641478726,10.950941641478726,3.1783783783783783,3.1783783783783783,-0.9855794169519659,-0.9855794169519659,,,,,,,,
1648591200,47500,48000,46710,47425,10.265054638456172,10.265054638456172,2.540540540540541,2.540540540540541,-0.15789473684210525,-0.15789473684210525,,,,,,,,
1648677600,47190,47870,45610,45830,6.556614740757963,6.556614740757963,-0.908108108108108,-0.908108108108108,-2.8819665183301546,-2.8819665183301546,,,,,,,,
1648764000,45765,46910,44305,46350,1.27826941986234,1.27826941986234,0.21621621621621623,0.21621621621621623,1.27826941986234,1.27826941986234,,,,,,,,
1649023200,46875,47640,45195,46430,1.4530754943734296,1.4530754943734296,-0.9493333333333333,-0.9493333333333333,-0.9493333333333333,-0.9493333333333333,,,,,,,,
1649109600,46545,47440,45540,45930,0.3605375286791216,0.3605375286791216,-2.016,-2.016,-1.3213019658395102,-1.3213019658395102,,,,,,,,
1649196000,46090,46090,43155,43885,-4.107942751010597,-4.107942751010597,-6.378666666666668,-6.378666666666668,-4.784118029941419,-4.784118029941419,,,,,,,,
1649282400,43850,43935,42735,43540,-4.86179394733967,-4.86179394733967,-7.1146666666666665,-7.1146666666666665,-0.7069555302166477,-0.7069555302166477,,,,,,,,
1649368800,43505,44115,42430,42790,-6.500600895881131,-6.500600895881131,-8.714666666666666,-8.714666666666666,-1.643489254108723,-1.643489254108723,,,,,,,,
1649628000,42900,43000,39475,39825,-12.979351032448378,-12.979351032448378,-7.167832167832168,-7.167832167832168,-7.167832167832168,-7.167832167832168,,,,,,,,
1649714400,39715,40760,39195,39490,-13.711351469463565,-13.711351469463565,-7.948717948717948,-7.948717948717948,-0.5665365730832179,-0.5665365730832179,,,,,,,,
1649800800,39400,41565,39400,41325,-9.701737135365454,-9.701737135365454,-3.6713286713286712,-3.6713286713286712,4.885786802030457,4.885786802030457,,,,,,,,
1649887200,41285,41540,39575,39875,-12.870097235878946,-12.870097235878946,-7.051282051282051,-7.051282051282051,-3.4152840014533123,-3.4152840014533123,,,,,,,,
1650232800,40005,41130,38505,40730,-11.00185731454168,-11.00185731454168,1.812273465816773,1.812273465816773,1.812273465816773,1.812273465816773,,,,,,,,
1650319200,40890,41825,40585,41320,-9.712662515022396,-9.712662515022396,3.2870891138607674,3.2870891138607674,1.0516018586451454,1.0516018586451454,,,,,,,,
1650405600,41360,42300,40895,41425,-9.483229542226592,-9.483229542226592,3.549556305461817,3.549556305461817,0.1571566731141199,0.1571566731141199,,,,,,,,
1650492000,41555,43040,40585,40670,-11.132961870424998,-11.132961870424998,1.6622922134733158,1.6622922134733158,-2.129707616411984,-2.129707616411984,,,,,,,,
1650578400,40725,40800,39165,39555,-13.569321533923304,-13.569321533923304,-1.124859392575928,-1.124859392575928,-2.8729281767955803,-2.8729281767955803,,,,,,,,
1650837600,39665,40405,38175,40150,-12.269201354747079,-12.269201354747079,1.2227404512794655,1.2227404512794655,1.2227404512794655,1.2227404512794655,,,,,,,,
1650924000,40240,40800,37625,38075,-16.803233912378452,-16.803233912378452,-4.0085717887306185,-4.0085717887306185,-5.380218687872763,-5.380218687872763,,,,,,,,
1651010400,38200,39460,37640,39075,-14.61815798098984,-14.61815798098984,-1.4874574561956384,-1.4874574561956384,2.2905759162303663,2.2905759162303663,,,,,,,,
1651096800,39325,40470,38895,39920,-12.771768818966459,-12.771768818966459,0.64288415479642,0.64288415479642,1.5130324221233311,1.5130324221233311,,,,,,,,
1651183200,39870,39950,38110,38560,-15.743472085654977,-15.743472085654977,-2.7858313374511536,-2.7858313374511536,-3.285678454978681,-3.285678454978681,,,,,,,,
1651442400,38250,39155,38000,38260,0.026143790849673207,0.026143790849673207,0.026143790849673207,0.026143790849673207,0.026143790849673207,0.026143790849673207,,,,,,,,
1651528800,38630,38870,37445,37730,-1.3594771241830066,-1.3594771241830066,-1.3594771241830066,-1.3594771241830066,-2.329795495728708,-2.329795495728708,,,,,,,,
1651615200,37755,40085,37535,39825,4.117647058823529,4.117647058823529,4.117647058823529,4.117647058823529,5.482717520858165,5.482717520858165,,,,,,,,
1651701600,39815,39900,35525,36465,-4.666666666666667,-4.666666666666667,-4.666666666666667,-4.666666666666667,-8.413914353886726,-8.413914353886726,,,,,,,,
1651788000,36900,36975,35190,36075,-5.686274509803922,-5.686274509803922,-5.686274509803922,-5.686274509803922,-2.2357723577235773,-2.2357723577235773,,,,,,,,
1652047200,34765,34765,30305,30885,-19.254901960784313,-19.254901960784313,-11.160650079102545,-11.160650079102545,-11.160650079102545,-11.160650079102545,,,,,,,,
1652133600,31240,32590,29680,31000,-18.954248366013072,-18.954248366013072,-10.829857615417806,-10.829857615417806,-0.7682458386683738,-0.7682458386683738,,,,,,,,
1652220000,30680,32120,28110,28405,-25.73856209150327,-25.73856209150327,-18.29426146986912,-18.29426146986912,-7.415254237288135,-7.415254237288135,,,,,,,,
1652306400,28415,30090,25350,28465,-25.58169934640523,-25.58169934640523,-18.121674097511868,-18.121674097511868,0.17596339961288052,0.17596339961288052,,,,,,,,
1652392800,28415,31000,28235,29775,-22.15686274509804,-22.15686274509804,-14.35351646771178,-14.35351646771178,4.78620446947035,4.78620446947035,,,,,,,,
1652652000,30795,31400,29020,29910,-21.80392156862745,-21.80392156862745,-2.8738431563565516,-2.8738431563565516,-2.8738431563565516,-2.8738431563565516,,,,,,,,
1652738400,30100,30730,29415,30065,-21.39869281045752,-21.39869281045752,-2.370514693943822,-2.370514693943822,-0.11627906976744186,-0.11627906976744186,,,,,,,,
1652824800,30405,30630,28655,29155,-23.77777777777778,-23.77777777777778,-5.325539860366943,-5.325539860366943,-4.1111659266568,-4.1111659266568,,,,,,,,
1652911200,29045,30525,28595,30265,-20.875816993464053,-20.875816993464053,-1.721058613411268,-1.721058613411268,4.200378722671716,4.200378722671716,,,,,,,,
1652997600,30260,30745,28645,29100,-23.92156862745098,-23.92156862745098,-5.504140282513395,-5.504140282513395,-3.8334434897554526,-3.8334434897554526,,,,,,,,
1653256800,29845,30670,28965,29260,-23.50326797385621,-23.50326797385621,-1.9601273245099682,-1.9601273245099682,-1.9601273245099682,-1.9601273245099682,,,,,,,,
1653343200,29330,29555,28580,29370,-23.215686274509803,-23.215686274509803,-1.591556374602111,-1.591556374602111,0.13637913399249915,0.13637913399249915,,,,,,,,
1653429600,29590,30280,29295,29760,-22.19607843137255,-22.19607843137255,-0.28480482492879877,-0.28480482492879877,0.5745184183845894,0.5745184183845894,,,,,,,,
1653516000,29795,29810,27835,29445,-23.019607843137255,-23.019607843137255,-1.3402579996649355,-1.3402579996649355,-1.1746937405604967,-1.1746937405604967,,,,,,,,
1653602400,29730,29730,28175,28670,-25.045751633986928,-25.045751633986928,-3.937007874015748,-3.937007874015748,-3.5654221325260678,-3.5654221325260678,,,,,,,,
1653861600,29150,32440,29140,31750,-16.99346405228758,-16.99346405228758,8.919382504288166,8.919382504288166,8.919382504288166,8.919382504288166,,,,,,,,
1654034400,31730,32020,29245,29635,-6.602584305074062,-6.602584305074062,1.6638078902229847,1.6638078902229847,-6.602584305074062,-6.602584305074062,,,,,,,,
1654120800,29455,30415,29455,30260,-4.632839583989915,-4.632839583989915,3.807890222984563,3.807890222984563,2.7329825157019183,2.7329825157019183,,,,,,,,
1654207200,30400,30715,29180,29600,-6.7128900094547745,-6.7128900094547745,1.5437392795883362,1.5437392795883362,-2.631578947368421,-2.631578947368421,,,,,,,,
1654466400,29910,31800,29825,31455,-0.8666876772770249,-0.8666876772770249,5.1654964894684054,5.1654964894684054,5.1654964894684054,5.1654964894684054,,,,,,,,
1654552800,31540,31570,29110,31405,-1.0242672549637568,-1.0242672549637568,4.9983283182881975,4.9983283182881975,-0.42802790107799615,-0.42802790107799615,,,,,,,,
1654639200,31420,31530,29805,30135,-5.026788528206745,-5.026788528206745,0.7522567703109327,0.7522567703109327,-4.089751750477403,-4.089751750477403,,,,,,,,
1654725600,30290,30680,29880,30140,-5.011030570438072,-5.011030570438072,0.7689735874289535,0.7689735874289535,-0.49521294156487283,-0.49521294156487283,,,,,,,,
1654812000,30090,30805,28745,29125,-8.209895997478727,-8.209895997478727,-2.6245402875292543,-2.6245402875292543,-3.207045530076438,-3.207045530076438,,,,,,,,
1655071200,27455,27455,22505,23200,-26.883075953356446,-26.883075953356446,-15.498087780003642,-15.498087780003642,-15.498087780003642,-15.498087780003642,,,,,,,,
1655157600,23000,23180,20810,21880,-31.043176804286166,-31.043176804286166,-20.305955199417227,-20.305955199417227,-4.869565217391305,-4.869565217391305,,,,,,,,
1655244000,21460,22445,20035,21620,-31.862590608257168,-31.862590608257168,-21.2529593880896,-21.2529593880896,0.7455731593662628,0.7455731593662628,,,,,,,,
1655330400,22375,22900,20495,20640,-34.951150330917116,-34.951150330917116,-24.82243671462393,-24.82243671462393,-7.754189944134078,-7.754189944134078,,,,,,,,
1655416800,20495,21200,20170,20630,-34.98266624645446,-34.98266624645446,-24.85885995264979,-24.85885995264979,0.6586972432300561,0.6586972432300561,,,,,,,,
1655676000,20350,21730,19740,20850,-34.28931610463284,-34.28931610463284,2.457002457002457,2.457002457002457,2.457002457002457,2.457002457002457,,,,,,,,
1655848800,20955,20955,19785,19835,-37.4881815316735,-37.4881815316735,-2.5307125307125307,-2.5307125307125307,-5.344786447148652,-5.344786447148652,,,,,,,,
1655935200,19950,21070,19890,20775,-34.52568547116294,-34.52568547116294,2.0884520884520885,2.0884520884520885,4.135338345864661,4.135338345864661,,,,,,,,
1656021600,20695,21465,20640,21205,-33.17050110305704,-33.17050110305704,4.201474201474201,4.201474201474201,2.4643633727953613,2.4643633727953613,,,,,,,,
1656280800,21275,21565,20410,20830,-34.352347935707535,-34.352347935707535,-2.09165687426557,-2.09165687426557,-2.09165687426557,-2.09165687426557,,,,,,,,
1656367200,20780,21175,20130,20230,-36.243302867948316,-36.243302867948316,-4.91186839012926,-4.91186839012926,-2.6467757459095282,-2.6467757459095282,,,,,,,,
1656453600,20345,20430,19765,20170,-36.43239836117239,-36.43239836117239,-5.193889541715628,-5.193889541715628,-0.8601622020152371,-0.8601622020152371,,,,,,,,
1656540000,20170,20275,18500,18610,-41.348881184998426,-41.348881184998426,-12.526439482961221,-12.526439482961221,-7.734258800198314,-7.734258800198314,,,,,,,,
1656626400,18605,20775,18590,19385,4.192421392098898,4.192421392098898,-8.883666274970622,-8.883666274970622,4.192421392098898,4.192421392098898,,,,,,,,
1656885600,19175,20725,18995,20495,10.158559527008869,10.158559527008869,6.883963494132986,6.883963494132986,6.883963494132986,6.883963494132986,,,,,,,,
1657058400,20375,20450,19730,20385,9.567320612738511,9.567320612738511,6.310299869621903,6.310299869621903,0.049079754601226995,0.049079754601226995,,,,,,,,
1657144800,20365,21885,20250,21615,16.178446654125235,16.178446654125235,12.724902216427642,12.724902216427642,6.137981831573779,6.137981831573779,,,,,,,,
1657231200,21675,22535,21170,21850,17.44154797097554,17.44154797097554,13.95045632333768,13.95045632333768,0.8073817762399077,0.8073817762399077,,,,,,,,
1657490400,21170,21170,20220,20375,9.513571620532115,9.513571620532115,-3.7553141237600376,-3.7553141237600376,-3.7553141237600376,-3.7553141237600376,,,,,,,,
1657576800,20200,20200,19210,19365,4.084923407686106,4.084923407686106,-8.526216343882853,-8.526216343882853,-4.133663366336634,-4.133663366336634,,,,,,,,
1657663200,19350,20080,18830,19615,5.428648212846009,5.428648212846009,-7.3452999527633445,-7.3452999527633445,1.3695090439276485,1.3695090439276485,,,,,,,,
1657749600,19890,20880,19570,20670,11.0991668906208,11.0991668906208,-2.3618327822390173,-2.3618327822390173,3.9215686274509802,3.9215686274509802,,,,,,,,
1657836000,20505,21210,20380,20960,12.657887664606287,12.657887664606287,-0.9919697685403874,-0.9919697685403874,2.2189709826871495,2.2189709826871495,,,,,,,,
1658095200,21050,22820,20740,21540,15.775329212577264,15.775329212577264,2.327790973871734,2.327790973871734,2.327790973871734,2.327790973871734,,,,,,,,
1658181600,21440,23720,21440,23315,25.315775329212574,25.315775329212574,10.760095011876485,10.760095011876485,8.745335820895523,8.745335820895523,,,,,,,,
1658268000,23655,24320,22920,23240,24.912657887664608,24.912657887664608,10.403800475059382,10.403800475059382,-1.7543859649122806,-1.7543859649122806,,,,,,,,
1658354400,23690,23690,22360,23175,24.563289438323032,24.563289438323032,10.09501187648456,10.09501187648456,-2.1739130434782608,-2.1739130434782608,,,,,,,,
1658440800,23240,23785,22515,22645,21.714592851384037,21.714592851384037,7.577197149643705,7.577197149643705,-2.5602409638554215,-2.5602409638554215,,,,,,,,
1658700000,22815,23040,21560,22165,19.134641225477022,19.134641225477022,-2.849002849002849,-2.849002849002849,-2.849002849002849,-2.849002849002849,,,,,,,,
1658786400,22035,22080,20720,21000,12.872883633431872,12.872883633431872,-7.9552925706771855,-7.9552925706771855,-4.697072838665759,-4.697072838665759,,,,,,,,
1658872800,20955,23130,20955,22810,22.601451222789574,22.601451222789574,-0.021915406530791146,-0.021915406530791146,8.852302553089956,8.852302553089956,,,,,,,,
1658959200,22845,24360,22630,24125,29.669443697930664,29.669443697930664,5.74183651106728,5.74183651106728,5.602976581308821,5.602976581308821,,,,,,,,
1659045600,24105,24610,23565,24095,29.508196721311474,29.508196721311474,5.610344071882533,5.610344071882533,-0.04148516905206388,-0.04148516905206388,,,,,,,,
1659304800,23700,23730,22900,23150,-2.320675105485232,-2.320675105485232,-2.320675105485232,-2.320675105485232,-2.320675105485232,-2.320675105485232,,,,,,,,
1659391200,23125,23515,22680,23050,-2.7426160337552745,-2.7426160337552745,-2.7426160337552745,-2.7426160337552745,-0.3243243243243243,-0.3243243243243243,,,,,,,,
1659477600,23125,23740,22725,23380,-1.350210970464135,-1.350210970464135,-1.350210970464135,-1.350210970464135,1.1027027027027025,1.1027027027027025,,,,,,,,
1659564000,23375,23390,22410,22510,-5.0210970464135025,-5.0210970464135025,-5.0210970464135025,-5.0210970464135025,-3.7005347593582885,-3.7005347593582885,,,,,,,,
1659650400,22480,23565,22465,23030,-2.827004219409283,-2.827004219409283,-2.827004219409283,-2.827004219409283,2.446619217081851,2.446619217081851,,,,,,,,
1659909600,23260,24340,23085,24105,1.7088607594936709,1.7088607594936709,3.6328460877042135,3.6328460877042135,3.6328460877042135,3.6328460877042135,,,,,,,,
1659996000,23835,23950,22835,23110,-2.4894514767932487,-2.4894514767932487,-0.6448839208942391,-0.6448839208942391,-3.0417453324942314,-3.0417453324942314,,,,,,,,
1660082400,23130,24235,22640,23915,0.9071729957805906,0.9071729957805906,2.815993121238177,2.815993121238177,3.3938607868568957,3.3938607868568957,,,,,,,,
1660168800,24000,25015,23860,24245,2.2995780590717296,2.2995780590717296,4.234737747205504,4.234737747205504,1.0208333333333333,1.0208333333333333,,,,,,,,
1660255200,24225,24340,23605,24310,2.5738396624472575,2.5738396624472575,4.514187446259673,4.514187446259673,0.3508771929824561,0.3508771929824561,,,,,,,,
1660514400,24395,25270,23900,24130,1.8143459915611813,1.8143459915611813,-1.0862881738061079,-1.0862881738061079,-1.0862881738061079,-1.0862881738061079,-1.0862881738061079,-1.0862881738061079,-1.0862881738061079,-1.0862881738061079,-1.0862881738061079,-1.0862881738061079,,
1660600800,24050,24280,23645,24010,1.3080168776371308,1.3080168776371308,-1.5781922525107603,-1.5781922525107603,-0.16632016632016633,-0.16632016632016633,-0.16632016632016633,-0.16632016632016633,-0.16632016632016633,-0.16632016632016633,-0.16632016632016633,-0.16632016632016633,,
1660687200,23990,24460,23130,23390,-1.3080168776371308,-1.3080168776371308,-4.119696659151465,-4.119696659151465,-2.501042100875365,-2.501042100875365,-2.501042100875365,-2.501042100875365,-2.501042100875365,-2.501042100875365,-2.501042100875365,-2.501042100875365,,
1660773600,23275,23590,23190,23415,-1.2025316455696202,-1.2025316455696202,-4.017216642754662,-4.017216642754662,0.6015037593984963,0.6015037593984963,0.6015037593984963,0.6015037593984963,0.6015037593984963,0.6015037593984963,0.6015037593984963,0.6015037593984963,,
1660860000,23310,23375,21050,21185,-10.611814345991561,-10.611814345991561,-13.158434105349457,-13.158434105349457,-9.116259116259116,-9.116259116259116,-9.116259116259116,-9.116259116259116,-9.116259116259116,-9.116259116259116,-9.427105600684053,-9.427105600684053,,
1661119200,21500,21590,20815,21055,-11.160337552742616,-11.160337552742616,-2.0697674418604652,-2.0697674418604652,-2.0697674418604652,-2.0697674418604652,-2.0697674418604652,-2.0697674418604652,-2.0697674418604652,-2.0697674418604652,-2.0697674418604652,-2.0697674418604652,,
1661205600,21000,21650,20795,21425,-9.599156118143458,-9.599156118143458,-0.3488372093023256,-0.3488372093023256,2.0238095238095237,2.0238095238095237,2.0238095238095237,2.0238095238095237,2.0238095238095237,2.0238095238095237,2.0238095238095237,2.0238095238095237,,
1661292000,21475,21910,21120,21665,-8.586497890295359,-8.586497890295359,0.7674418604651163,0.7674418604651163,0.8847497089639115,0.8847497089639115,0.8847497089639115,0.8847497089639115,0.8847497089639115,0.8847497089639115,0.8847497089639115,0.8847497089639115,,
1661378400,21540,21730,21270,21580,-8.945147679324894,-8.945147679324894,0.37209302325581395,0.37209302325581395,0.18570102135561745,0.18570102135561745,0.18570102135561745,0.18570102135561745,0.18570102135561745,0.18570102135561745,0.18570102135561745,0.18570102135561745,,
1661464800,21450,21800,20310,20505,-13.481012658227847,-13.481012658227847,-4.627906976744186,-4.627906976744186,-4.405594405594406,-4.405594405594406,-4.405594405594406,-4.405594405594406,-4.405594405594406,-4.405594405594406,-4.405594405594406,-4.405594405594406,,
1661724000,20320,20320,19365,20070,-15.316455696202533,-15.316455696202533,-1.2303149606299213,-1.2303149606299213,-1.2303149606299213,-1.2303149606299213,-1.2303149606299213,-1.2303149606299213,-1.2303149606299213,-1.2303149606299213,-1.2303149606299213,-1.2303149606299213,,
1661810400,19915,20500,19315,19785,-16.518987341772153,-16.518987341772153,-2.6328740157480315,-2.6328740157480315,-0.6527742907356264,-0.6527742907356264,-0.6527742907356264,-0.6527742907356264,-0.6527742907356264,-0.6527742907356264,-0.6527742907356264,-0.6527742907356264,,
1661896800,19670,20390,19600,20030,-15.485232067510548,-15.485232067510548,-1.4271653543307088,-1.4271653543307088,1.8301982714794103,1.8301982714794103,1.8301982714794103,1.8301982714794103,1.8301982714794103,1.8301982714794103,1.8301982714794103,1.8301982714794103,,
1661983200,20040,20130,19320,19970,-0.34930139720558884,-0.34930139720558884,-1.7224409448818898,-1.7224409448818898,-0.34930139720558884,-0.34930139720558884,-0.34930139720558884,-0.34930139720558884,-0.34930139720558884,-0.34930139720558884,-0.34930139720558884,-0.34930139720558884,,
1662069600,19980,20380,19540,19795,-1.2225548902195609,-1.2225548902195609,-2.5836614173228347,-2.5836614173228347,-0.9259259259259258,-0.9259259259259258,-0.9259259259259258,-0.9259259259259258,-0.9259259259259258,-0.9259259259259258,-0.9259259259259258,-0.9259259259259258,,
1662328800,19765,20095,18455,18795,-6.212574850299401,-6.212574850299401,-4.9076650645079685,-4.9076650645079685,-4.9076650645079685,-4.9076650645079685,-4.9076650645079685,-4.9076650645079685,-4.9076650645079685,-4.9076650645079685,-4.9076650645079685,-4.9076650645079685,,
1662501600,18770,19390,18335,19280,-3.792415169660679,-3.792415169660679,-2.4538325322539842,-2.4538325322539842,2.717101758124667,2.717101758124667,2.717101758124667,2.717101758124667,2.717101758124667,2.717101758124667,2.717101758124667,2.717101758124667,,
1662588000,19150,19380,18910,19320,-3.592814371257485,-3.592814371257485,-2.251454591449532,-2.251454591449532,0.8877284595300261,0.8877284595300261,0.8877284595300261,0.8877284595300261,0.8877284595300261,0.8877284595300261,0.8877284595300261,0.8877284595300261,,
1662674400,19150,21505,19105,21370,6.636726546906188,6.636726546906188,8.12041487477865,8.12041487477865,11.592689295039165,11.592689295039165,11.592689295039165,11.592689295039165,11.592689295039165,11.592689295039165,11.592689295039165,11.592689295039165,,
1662933600,21445,22535,21445,22460,12.075848303393213,12.075848303393213,4.733038004196782,4.733038004196782,4.733038004196782,4.733038004196782,4.733038004196782,4.733038004196782,4.733038004196782,4.733038004196782,4.733038004196782,4.733038004196782,,
1663020000,22420,22830,20030,20185,0.7235528942115769,0.7235528942115769,-5.8754954534856605,-5.8754954534856605,-9.96877787689563,-9.96877787689563,-9.96877787689563,-9.96877787689563,-9.96877787689563,-9.96877787689563,-9.96877787689563,-9.96877787689563,,
1663106400,20100,20495,19575,19935,-0.5239520958083832,-0.5239520958083832,-7.041268360923292,-7.041268360923292,-0.8208955223880596,-0.8208955223880596,-0.8208955223880596,-0.8208955223880596,-0.8208955223880596,-0.8208955223880596,-0.8208955223880596,-0.8208955223880596,,
1663192800,20020,20340,19450,19785,-1.2724550898203593,-1.2724550898203593,-7.740732105385871,-7.740732105385871,-1.1738261738261737,-1.1738261738261737,-1.1738261738261737,-1.1738261738261737,-1.1738261738261737,-1.1738261738261737,-1.1738261738261737,-1.1738261738261737,,
1663279200,19730,19850,19270,19680,-1.7964071856287425,-1.7964071856287425,-8.230356726509676,-8.230356726509676,-0.25342118601115055,-0.25342118601115055,-0.25342118601115055,-0.25342118601115055,-0.25342118601115055,-0.25342118601115055,-0.25342118601115055,-0.25342118601115055,,
1663538400,19540,19640,18190,19515,-2.619760479041916,-2.619760479041916,-0.127942681678608,-0.127942681678608,-0.127942681678608,-0.127942681678608,-0.127942681678608,-0.127942681678608,-0.127942681678608,-0.127942681678608,-0.127942681678608,-0.127942681678608,,
1663624800,19470,19665,18690,18915,-5.61377245508982,-5.61377245508982,-3.1985670419651995,-3.1985670419651995,-2.8505392912172574,-2.8505392912172574,-2.8505392912172574,-2.8505392912172574,-2.8505392912172574,-2.8505392912172574,-2.8505392912172574,-2.8505392912172574,,
1663711200,18900,19910,18530,18870,-5.838323353293413,-5.838323353293413,-3.428863868986694,-3.428863868986694,-0.15873015873015872,-0.15873015873015872,-0.15873015873015872,-0.15873015873015872,-0.15873015873015872,-0.15873015873015872,-0.15873015873015872,-0.15873015873015872,,
1663797600,18505,19470,18080,19240,-3.992015968063872,-3.992015968063872,-1.5353121801432956,-1.5353121801432956,3.971899486625236,3.971899486625236,3.971899486625236,3.971899486625236,3.971899486625236,3.971899486625236,3.971899486625236,3.971899486625236,,
1663884000,19180,19510,18455,18770,-6.337325349301397,-6.337325349301397,-3.940634595701126,-3.940634595701126,-2.137643378519291,-2.137643378519291,-2.137643378519291,-2.137643378519291,-2.137643378519291,-2.137643378519291,-2.137643378519291,-2.137643378519291,,
1664143200,18655,19300,18595,19130,-4.5409181636726546,-4.5409181636726546,2.5462342535513267,2.5462342535513267,2.5462342535513267,2.5462342535513267,2.5462342535513267,2.5462342535513267,2.5462342535513267,2.5462342535513267,2.5462342535513267,2.5462342535513267,,
1664229600,19065,20390,18780,19040,-4.990019960079841,-4.990019960079841,2.0637898686679175,2.0637898686679175,-0.13113034356150013,-0.13113034356150013,-0.13113034356150013,-0.13113034356150013,-0.13113034356150013,-0.13113034356150013,-0.13113034356150013,-0.13113034356150013,,
1664316000,18895,19680,18435,19545,-2.470059880239521,-2.470059880239521,4.77083891718038,4.77083891718038,3.440063508864779,3.440063508864779,3.440063508864779,3.440063508864779,3.440063508864779,3.440063508864779,3.440063508864779,3.440063508864779,,
1664402400,19610,19645,18750,19480,-2.7944111776447107,-2.7944111776447107,4.422406861431251,4.422406861431251,-0.6629270780214177,-0.6629270780214177,-0.6629270780214177,-0.6629270780214177,-0.6629270780214177,-0.6629270780214177,-0.6629270780214177,-0.6629270780214177,,
1664488800,19475,20180,19115,19335,-3.5179640718562872,-3.5179640718562872,3.6451353524524257,3.6451353524524257,-0.7188703465982028,-0.7188703465982028,-0.7188703465982028,-0.7188703465982028,-0.7188703465982028,-0.7188703465982028,-0.7188703465982028,-0.7188703465982028,,
1664748000,19230,19670,18790,19565,1.7420696827873112,1.7420696827873112,1.7420696827873112,1.7420696827873112,1.7420696827873112,1.7420696827873112,1.7420696827873112,1.7420696827873112,1.7420696827873112,1.7420696827873112,1.7420696827873112,1.7420696827873112,,
1664834400,19560,20545,19520,20390,6.032241289651586,6.032241289651586,6.032241289651586,6.032241289651586,4.2433537832310835,4.2433537832310835,4.2433537832310835,4.2433537832310835,4.2433537832310835,4.2433537832310835,4.2433537832310835,4.2433537832310835,,
1664920800,20375,20430,19750,20025,4.134165366614664,4.134165366614664,4.134165366614664,4.134165366614664,-1.7177914110429449,-1.7177914110429449,-1.7177914110429449,-1.7177914110429449,-1.7177914110429449,-1.7177914110429449,-1.7177914110429449,-1.7177914110429449,,
1665007200,20090,20500,19865,20060,4.316172646905876,4.316172646905876,4.316172646905876,4.316172646905876,-0.14932802389248384,-0.14932802389248384,-0.14932802389248384,-0.14932802389248384,-0.14932802389248384,-0.14932802389248384,-0.14932802389248384,-0.14932802389248384,,
1665093600,19970,20130,19250,19500,1.40405616224649,1.40405616224649,1.40405616224649,1.40405616224649,-2.3535302954431647,-2.3535302954431647,-2.3535302954431647,-2.3535302954431647,-2.3535302954431647,-2.3535302954431647,-2.3535302954431647,-2.3535302954431647,,
1665352800,19415,19470,19020,19175,-0.2860114404576183,-0.2860114404576183,-1.2361576100952871,-1.2361576100952871,-1.2361576100952871,-1.2361576100952871,-1.2361576100952871,-1.2361576100952871,-1.2361576100952871,-1.2361576100952871,-1.2361576100952871,-1.2361576100952871,,
1665439200,19115,19215,18760,18915,-1.6380655226209049,-1.6380655226209049,-2.5753283543651815,-2.5753283543651815,-1.0462987182840702,-1.0462987182840702,-1.0462987182840702,-1.0462987182840702,-1.0462987182840702,-1.0462987182840702,-1.0462987182840702,-1.0462987182840702,,
1665525600,18885,19135,18875,19070,-0.8320332813312533,-0.8320332813312533,-1.7769765645119753,-1.7769765645119753,0.9796134498279057,0.9796134498279057,0.9796134498279057,0.9796134498279057,0.9796134498279057,0.9796134498279057,0.9796134498279057,0.9796134498279057,,
1665612000,19105,19560,17765,19405,0.9100364014560581,0.9100364014560581,-0.05150656708730364,-0.05150656708730364,1.5702695629416383,1.5702695629416383,1.5702695629416383,1.5702695629416383,1.5702695629416383,1.5702695629416383,1.5702695629416383,1.5702695629416383,,
1665698400,19400,19960,19075,19130,-0.5200208008320333,-0.5200208008320333,-1.4679371619881536,-1.4679371619881536,-1.3917525773195878,-1.3917525773195878,-1.3917525773195878,-1.3917525773195878,-1.3917525773195878,-1.3917525773195878,-1.3917525773195878,-1.3917525773195878,,
1665957600,19010,19675,19010,19515,1.4820592823712948,1.4820592823712948,2.6564965807469756,2.6564965807469756,2.6564965807469756,2.6564965807469756,2.6564965807469756,2.6564965807469756,2.6564965807469756,2.6564965807469756,2.6564965807469756,2.6564965807469756,,
1666044000,19545,19725,19055,19340,0.5720228809152366,0.5720228809152366,1.7359284587059443,1.7359284587059443,-1.0488616014325916,-1.0488616014325916,-1.0488616014325916,-1.0488616014325916,-1.0488616014325916,-1.0488616014325916,-1.0488616014325916,-1.0488616014325916,,
1666130400,19250,19325,19030,19165,-0.3380135205408216,-0.3380135205408216,0.8153603366649131,0.8153603366649131,-0.4415584415584416,-0.4415584415584416,-0.4415584415584416,-0.4415584415584416,-0.4415584415584416,-0.4415584415584416,-0.4415584415584416,-0.4415584415584416,,
1666216800,19135,19350,18875,18985,-1.2740509620384814,-1.2740509620384814,-0.1315097317201473,-0.1315097317201473,-0.7839038411288215,-0.7839038411288215,-0.7839038411288215,-0.7839038411288215,-0.7839038411288215,-0.7839038411288215,-0.7839038411288215,-0.7839038411288215,,
1666303200,19025,19260,18615,19160,-0.36401456058242326,-0.36401456058242326,0.7890583903208838,0.7890583903208838,0.709592641261498,0.709592641261498,0.709592641261498,0.709592641261498,0.709592641261498,0.709592641261498,0.709592641261498,0.709592641261498,,
1666562400,19420,19705,19125,19370,0.7280291211648465,0.7280291211648465,-0.25746652935118436,-0.25746652935118436,-0.25746652935118436,-0.25746652935118436,-0.25746652935118436,-0.25746652935118436,-0.25746652935118436,-0.25746652935118436,-0.25746652935118436,-0.25746652935118436,,
1666648800,19410,20455,19230,20215,5.122204888195528,5.122204888195528,4.0937178166838315,4.0937178166838315,4.147346728490469,4.147346728490469,4.147346728490469,4.147346728490469,4.147346728490469,4.147346728490469,4.147346728490469,4.147346728490469,,
1666735200,20215,21035,20020,20765,7.982319292771711,7.982319292771711,6.925849639546859,6.925849639546859,2.720751916893396,2.720751916893396,2.720751916893396,2.720751916893396,2.720751916893396,2.720751916893396,2.720751916893396,2.720751916893396,,
1666821600,20810,20935,20325,20500,6.6042641705668235,6.6042641705668235,5.561277033985582,5.561277033985582,-1.4896684286400768,-1.4896684286400768,-1.4896684286400768,-1.4896684286400768,-1.4896684286400768,-1.4896684286400768,-1.4896684286400768,-1.4896684286400768,,
1666908000,20495,20810,20000,20685,7.566302652106084,7.566302652106084,6.513903192584963,6.513903192584963,0.9270553793608197,0.9270553793608197,0.9270553793608197,0.9270553793608197,0.9270553793608197,0.9270553793608197,0.9270553793608197,0.9270553793608197,,
1667167200,20700,20875,20240,20420,6.188247529901196,6.188247529901196,-1.3526570048309179,-1.3526570048309179,-1.3526570048309179,-1.3526570048309179,-1.3526570048309179,-1.3526570048309179,-1.3526570048309179,-1.3526570048309179,-1.3526570048309179,-1.3526570048309179,,
1667253600,20460,20700,20330,20490,0.1466275659824047,0.1466275659824047,-1.0144927536231882,-1.0144927536231882,0.1466275659824047,0.1466275659824047,0.1466275659824047,0.1466275659824047,0.1466275659824047,0.1466275659824047,0.1466275659824047,0.1466275659824047,,
1667340000,20475,20865,20100,20195,-1.295210166177908,-1.295210166177908,-2.439613526570048,-2.439613526570048,-1.3675213675213675,-1.3675213675213675,-1.3675213675213675,-1.3675213675213675,-1.3675213675213675,-1.3675213675213675,-1.3675213675213675,-1.3675213675213675,,
1667426400,20140,20415,20030,20260,-0.9775171065493646,-0.9775171065493646,-2.1256038647342996,-2.1256038647342996,0.5958291956305859,0.5958291956305859,0.5958291956305859,0.5958291956305859,0.5958291956305859,0.5958291956305859,0.5958291956305859,0.5958291956305859,,
1667512800,20220,21400,20180,21215,3.6901270772238517,3.6901270772238517,2.4879227053140096,2.4879227053140096,4.920870425321463,4.920870425321463,4.920870425321463,4.920870425321463,4.920870425321463,4.920870425321463,4.920870425321463,4.920870425321463,,
1667775600,21240,21240,20635,20710,1.2218963831867058,1.2218963831867058,-2.495291902071563,-2.495291902071563,-2.495291902071563,-2.495291902071563,-2.495291902071563,-2.495291902071563,-2.495291902071563,-2.495291902071563,-2.495291902071563,-2.495291902071563,,
1667862000,20535,20700,16840,18595,-9.115347018572825,-9.115347018572825,-12.45291902071563,-12.45291902071563,-9.447285122960798,-9.447285122960798,-9.447285122960798,-9.447285122960798,-9.447285122960798,-9.447285122960798,-9.447285122960798,-9.447285122960798,,
1667948400,18470,18540,14935,15050,-26.441837732160312,-26.441837732160312,-29.14312617702448,-29.14312617702448,-18.516513264753655,-18.516513264753655,-18.516513264753655,-18.516513264753655,-18.516513264753655,-18.516513264753655,-18.516513264753655,-18.516513264753655,,
1668034800,15100,17940,15100,17470,-14.613880742913002,-14.613880742913002,-17.749529190207156,-17.749529190207156,15.695364238410598,15.695364238410598,15.695364238410598,15.695364238410598,15.695364238410598,15.695364238410598,15.695364238410598,15.695364238410598,,
1668121200,17440,17465,15710,15985,-21.871945259042032,-21.871945259042032,-24.74105461393597,-24.74105461393597,-8.34288990825688,-8.34288990825688,-8.34288990825688,-8.34288990825688,-8.34288990825688,-8.34288990825688,-8.34288990825688,-8.34288990825688,,
1668380400,15860,16755,15250,16025,-21.67644183773216,-21.67644183773216,1.0403530895334174,1.0403530895334174,1.0403530895334174,1.0403530895334174,1.0403530895334174,1.0403530895334174,1.0403530895334174,1.0403530895334174,1.0403530895334174,1.0403530895334174,,
1668466800,16170,17000,16080,16760,-18.084066471163247,-18.084066471163247,5.674653215636822,5.674653215636822,3.6487322201607912,3.6487322201607912,3.6487322201607912,3.6487322201607912,3.6487322201607912,3.6487322201607912,3.6487322201607912,3.6487322201607912,,
1668553200,16665,16865,15975,16255,-20.552297165200393,-20.552297165200393,2.4905422446406056,2.4905422446406056,-2.4602460246024602,-2.4602460246024602,-2.4602460246024602,-2.4602460246024602,-2.4602460246024602,-2.4602460246024602,-2.4602460246024602,-2.4602460246024602,,
1668639600,16350,16640,16100,16580,-18.963831867057674,-18.963831867057674,4.539722572509458,4.539722572509458,1.4067278287461773,1.4067278287461773,1.4067278287461773,1.4067278287461773,1.4067278287461773,1.4067278287461773,1.4067278287461773,1.4067278287461773,,
1668726000,16505,16870,16370,16605,-18.841642228739,-18.841642228739,4.69735182849937,4.69735182849937,0.6058770069675856,0.6058770069675856,0.6058770069675856,0.6058770069675856,0.6058770069675856,0.6058770069675856,0.6058770069675856,0.6058770069675856,,
1668985200,16355,16355,15340,15580,-23.851417399804497,-23.851417399804497,-4.738612045246103,-4.738612045246103,-4.738612045246103,-4.738612045246103,-4.738612045246103,-4.738612045246103,-4.738612045246103,-4.738612045246103,-4.738612045246103,-4.738612045246103,,
1669071600,15580,16280,15500,16025,-21.67644183773216,-21.67644183773216,-2.0177315805564047,-2.0177315805564047,2.8562259306803597,2.8562259306803597,2.8562259306803597,2.8562259306803597,2.8562259306803597,2.8562259306803597,2.8562259306803597,2.8562259306803597,,
1669158000,15600,16280,15565,16130,-21.163245356793745,-21.163245356793745,-1.375726077652094,-1.375726077652094,3.3974358974358974,3.3974358974358974,3.3974358974358974,3.3974358974358974,3.3974358974358974,3.3974358974358974,3.3974358974358974,3.3974358974358974,,
1669244400,16185,16450,15990,16300,-20.332355816226784,-20.332355816226784,-0.3362885967594008,-0.3362885967594008,0.7105344454742045,0.7105344454742045,0.7105344454742045,0.7105344454742045,0.7105344454742045,0.7105344454742045,0.7105344454742045,0.7105344454742045,,
1669590000,16240,16400,15670,15945,-22.067448680351905,-22.067448680351905,-1.816502463054187,-1.816502463054187,-1.816502463054187,-1.816502463054187,-1.816502463054187,-1.816502463054187,-1.816502463054187,-1.816502463054187,-1.816502463054187,-1.816502463054187,,
1669676400,15910,16440,15825,16180,-20.918866080156402,-20.918866080156402,-0.3694581280788177,-0.3694581280788177,1.697045883092395,1.697045883092395,1.697045883092395,1.697045883092395,1.697045883092395,1.697045883092395,1.697045883092395,1.697045883092395,,
1669762800,16240,17140,16155,17095,-16.44672531769306,-16.44672531769306,5.264778325123152,5.264778325123152,5.264778325123152,5.264778325123152,5.264778325123152,5.264778325123152,5.264778325123152,5.264778325123152,5.264778325123152,5.264778325123152,,
1669849200,17150,17305,16765,16825,-1.8950437317784257,-1.8950437317784257,3.602216748768473,3.602216748768473,-1.8950437317784257,-1.8950437317784257,-1.8950437317784257,-1.8950437317784257,-1.8950437317784257,-1.8950437317784257,-1.8950437317784257,-1.8950437317784257,,
1669935600,16820,17055,16140,16945,-1.19533527696793,-1.19533527696793,4.3411330049261085,4.3411330049261085,0.7431629013079667,0.7431629013079667,0.7431629013079667,0.7431629013079667,0.7431629013079667,0.7431629013079667,0.7431629013079667,0.7431629013079667,,
1670194800,16985,17420,16750,16875,-1.6034985422740524,-1.6034985422740524,-0.6476302619958787,-0.6476302619958787,-0.6476302619958787,-0.6476302619958787,-0.6476302619958787,-0.6476302619958787,-0.6476302619958787,-0.6476302619958787,-0.6476302619958787,-0.6476302619958787,,
1670281200,16870,17015,16805,16950,-1.1661807580174928,-1.1661807580174928,-0.20606417427141593,-0.20606417427141593,0.4742145820983995,0.4742145820983995,0.4742145820983995,0.4742145820983995,0.4742145820983995,0.4742145820983995,0.4742145820983995,0.4742145820983995,,
1670367600,16850,17095,16580,16760,-2.2740524781341107,-2.2740524781341107,-1.3246982631733883,-1.3246982631733883,-0.5341246290801187,-0.5341246290801187,-0.5341246290801187,-0.5341246290801187,-0.5341246290801187,-0.5341246290801187,-0.5341246290801187,-0.5341246290801187,,
1670454000,16745,17300,16665,17185,0.20408163265306123,0.20408163265306123,1.177509567265234,1.177509567265234,2.627650044789489,2.627650044789489,2.627650044789489,2.627650044789489,2.627650044789489,2.627650044789489,2.627650044789489,2.627650044789489,,
1670540400,17200,17340,17015,17095,-0.3206997084548105,-0.3206997084548105,0.6476302619958787,0.6476302619958787,-0.6104651162790697,-0.6104651162790697,-0.6104651162790697,-0.6104651162790697,-0.6104651162790697,-0.6104651162790697,-0.6104651162790697,-0.6104651162790697,,
1670799600,17110,17230,16825,17165,0.08746355685131195,0.08746355685131195,0.3214494447691409,0.3214494447691409,0.3214494447691409,0.3214494447691409,0.3214494447691409,0.3214494447691409,0.3214494447691409,0.3214494447691409,0.3214494447691409,0.3214494447691409,,
1670886000,17135,18155,17065,17760,3.5568513119533525,3.5568513119533525,3.798947983635301,3.798947983635301,3.647505106507149,3.647505106507149,3.647505106507149,3.647505106507149,3.647505106507149,3.647505106507149,3.647505106507149,3.647505106507149,,
1670972400,17750,18435,17675,17850,4.081632653061225,4.081632653061225,4.324956165984804,4.324956165984804,0.5633802816901409,0.5633802816901409,0.5633802816901409,0.5633802816901409,0.5633802816901409,0.5633802816901409,0.5633802816901409,0.5633802816901409,,
1671058800,17850,17870,17300,17400,1.4577259475218658,1.4577259475218658,1.694915254237288,1.694915254237288,-2.5210084033613445,-2.5210084033613445,-2.5210084033613445,-2.5210084033613445,-2.5210084033613445,-2.5210084033613445,-2.5210084033613445,-2.5210084033613445,,
1671145200,17275,17515,16685,16740,-2.39067055393586,-2.39067055393586,-2.162478082992402,-2.162478082992402,-3.0969609261939217,-3.0969609261939217,-3.0969609261939217,-3.0969609261939217,-3.0969609261939217,-3.0969609261939217,-3.0969609261939217,-3.0969609261939217,,
1671404400,16870,16870,16370,16485,-3.877551020408163,-3.877551020408163,-2.2821576763485476,-2.2821576763485476,-2.2821576763485476,-2.2821576763485476,-2.2821576763485476,-2.2821576763485476,-2.2821576763485476,-2.2821576763485476,-2.2821576763485476,-2.2821576763485476,,
1671490800,16250,17070,16250,16815,-1.9533527696793003,-1.9533527696793003,-0.3260225251926497,-0.3260225251926497,3.4769230769230766,3.4769230769230766,3.4769230769230766,3.4769230769230766,3.4769230769230766,3.4769230769230766,3.4769230769230766,3.4769230769230766,,
1671577200,16880,16900,16685,16775,-2.186588921282799,-2.186588921282799,-0.5631298162418494,-0.5631298162418494,-0.6220379146919431,-0.6220379146919431,-0.6220379146919431,-0.6220379146919431,-0.6220379146919431,-0.6220379146919431,-0.6220379146919431,-0.6220379146919431,,
1671663600,16705,16850,16460,16735,-2.4198250728862973,-2.4198250728862973,-0.8002371072910491,-0.8002371072910491,0.17958695001496558,0.17958695001496558,0.17958695001496558,0.17958695001496558,0.17958695001496558,0.17958695001496558,0.17958695001496558,0.17958695001496558,,
1671750000,16550,16920,16550,16775,-2.186588921282799,-2.186588921282799,-0.5631298162418494,-0.5631298162418494,1.3595166163141994,1.3595166163141994,1.3595166163141994,1.3595166163141994,1.3595166163141994,1.3595166163141994,1.3595166163141994,1.3595166163141994,,
1672095600,16845,16970,16525,16655,-2.8862973760932946,-2.8862973760932946,-1.1279311368358562,-1.1279311368358562,-1.1279311368358562,-1.1279311368358562,-1.1279311368358562,-1.1279311368358562,-1.1279311368358562,-1.1279311368358562,-1.1279311368358562,-1.1279311368358562,,
1672182000,16645,16750,16430,16515,-3.702623906705539,-3.702623906705539,-1.9590382902938557,-1.9590382902938557,-0.7810153199158907,-0.7810153199158907,-0.7810153199158907,-0.7810153199158907,-0.7810153199158907,-0.7810153199158907,-0.7810153199158907,-0.7810153199158907,,
1672268400,16275,16470,16260,16410,-4.314868804664723,-4.314868804664723,-2.5823686553873553,-2.5823686553873553,0.8294930875576038,0.8294930875576038,0.8294930875576038,0.8294930875576038,0.8294930875576038,0.8294930875576038,0.8294930875576038,0.8294930875576038,,
1672354800,16415,16630,16085,16565,-3.411078717201166,-3.411078717201166,-1.662214306915999,-1.662214306915999,0.9137983551629607,0.9137983551629607,0.9137983551629607,0.9137983551629607,0.9137983551629607,0.9137983551629607,0.9137983551629607,0.9137983551629607,,
1672700400,16590,16765,16525,16670,0.48221820373719104,0.48221820373719104,0.48221820373719104,0.48221820373719104,0.48221820373719104,0.48221820373719104,0.48221820373719104,0.48221820373719104,0.48221820373719104,0.48221820373719104,0.48221820373719104,0.48221820373719104,,
1672786800,16585,17010,16585,16780,1.1452682338758287,1.1452682338758287,1.1452682338758287,1.1452682338758287,1.175761230027133,1.175761230027133,1.175761230027133,1.175761230027133,1.175761230027133,1.175761230027133,1.175761230027133,1.175761230027133,,
1672873200,16775,16880,16705,16860,1.62748643761302,1.62748643761302,1.62748643761302,1.62748643761302,0.5067064083457526,0.5067064083457526,0.5067064083457526,0.5067064083457526,0.5067064083457526,0.5067064083457526,0.5067064083457526,0.5067064083457526,,
1672959600,16845,17085,16630,16925,2.019288728149488,2.019288728149488,2.019288728149488,2.019288728149488,0.4749183734045711,0.4749183734045711,0.4749183734045711,0.4749183734045711,0.4749183734045711,0.4749183734045711,0.4749183734045711,0.4749183734045711,,
1673218800,17015,17435,16955,17225,3.8276069921639544,3.8276069921639544,1.2342051131354688,1.2342051131354688,1.2342051131354688,1.2342051131354688,1.2342051131354688,1.2342051131354688,1.2342051131354688,1.2342051131354688,1.2342051131354688,1.2342051131354688,,
1673305200,17215,17550,17125,17505,5.5153707052441225,5.5153707052441225,2.879811930649427,2.879811930649427,1.6845774034272436,1.6845774034272436,1.6845774034272436,1.6845774034272436,1.6845774034272436,1.6845774034272436,1.6845774034272436,1.6845774034272436,,
1673391600,17470,17630,17340,17575,5.937311633514166,5.937311633514166,3.291213635027917,3.291213635027917,0.6010303377218088,0.6010303377218088,0.6010303377218088,0.6010303377218088,0.6010303377218088,0.6010303377218088,0.6010303377218088,0.6010303377218088,,
1673478000,17615,19200,17610,18890,13.863773357444241,13.863773357444241,11.019688510138113,11.019688510138113,7.238149304569968,7.238149304569968,7.238149304569968,7.238149304569968,7.238149304569968,7.238149304569968,7.238149304569968,7.238149304569968,,
1673564400,19000,19980,18785,19885,19.86136226642556,19.86136226642556,16.867469879518072,16.867469879518072,4.657894736842105,4.657894736842105,4.657894736842105,4.657894736842105,4.657894736842105,4.657894736842105,4.657894736842105,4.657894736842105,,
1673823600,20885,21720,20695,21440,29.23447860156721,29.23447860156721,2.6574096241321525,2.6574096241321525,2.6574096241321525,2.6574096241321525,2.6574096241321525,2.6574096241321525,2.6574096241321525,2.6574096241321525,2.6574096241321525,2.6574096241321525,,
1673996400,21330,21790,20470,20840,25.617842073538277,25.617842073538277,-0.21546564519990424,-0.21546564519990424,-2.297233942803563,-2.297233942803563,-2.297233942803563,-2.297233942803563,-2.297233942803563,-2.297233942803563,-2.297233942803563,-2.297233942803563,,
1674082800,20905,21265,20735,21060,26.94394213381555,26.94394213381555,0.8379219535551832,0.8379219535551832,0.7414494140157857,0.7414494140157857,0.7414494140157857,0.7414494140157857,0.7414494140157857,0.7414494140157857,0.7414494140157857,0.7414494140157857,,
1674169200,21150,22520,20940,22380,34.9005424954792,34.9005424954792,7.1582475460857085,7.1582475460857085,5.815602836879433,5.815602836879433,5.815602836879433,5.815602836879433,5.815602836879433,5.815602836879433,5.815602836879433,5.815602836879433,,
1674428400,22605,23225,22500,23050,38.93911995177818,38.93911995177818,1.9685910196859102,1.9685910196859102,1.9685910196859102,1.9685910196859102,1.9685910196859102,1.9685910196859102,1.9685910196859102,1.9685910196859102,1.9685910196859102,1.9685910196859102,,
1674514800,22990,23210,22770,22900,38.034960819770944,38.034960819770944,1.3050210130502102,1.3050210130502102,-0.39147455415397997,-0.39147455415397997,-0.39147455415397997,-0.39147455415397997,-0.39147455415397997,-0.39147455415397997,-0.39147455415397997,-0.39147455415397997,,
1674601200,22765,23725,22360,23665,42.64617239300784,42.64617239300784,4.68922804689228,4.68922804689228,3.953437294091808,3.953437294091808,3.953437294091808,3.953437294091808,3.953437294091808,3.953437294091808,3.953437294091808,3.953437294091808,,
1674687600,23105,23450,23045,23330,40.62688366485835,40.62688366485835,3.20725503207255,3.20725503207255,0.9738151915169876,0.9738151915169876,0.9738151915169876,0.9738151915169876,0.9738151915169876,0.9738151915169876,0.9738151915169876,0.9738151915169876,,
1674774000,23145,23745,22780,23295,40.415913200723324,40.415913200723324,3.0524220305242205,3.0524220305242205,0.6480881399870383,0.6480881399870383,0.6480881399870383,0.6480881399870383,0.6480881399870383,0.6480881399870383,0.6480881399870383,0.6480881399870383,,
1675033200,23520,24090,22715,22885,37.94454490657022,37.94454490657022,-2.699829931972789,-2.699829931972789,-2.699829931972789,-2.699829931972789,-2.699829931972789,-2.699829931972789,-2.699829931972789,-2.699829931972789,-2.699829931972789,-2.699829931972789,,
1675119600,22830,23415,22830,23110,39.30078360458108,39.30078360458108,-1.7431972789115644,-1.7431972789115644,1.226456416995182,1.226456416995182,1.226456416995182,1.226456416995182,1.226456416995182,1.226456416995182,1.226456416995182,1.226456416995182,,
1675206000,23335,23965,22915,23880,2.3355474608956506,2.3355474608956506,1.530612244897959,1.530612244897959,2.3355474608956506,2.3355474608956506,2.3355474608956506,2.3355474608956506,2.3355474608956506,2.3355474608956506,2.3355474608956506,2.3355474608956506,,
1675292400,23895,24440,23570,23575,1.028497964431112,1.028497964431112,0.233843537414966,0.233843537414966,-1.339192299644277,-1.339192299644277,-1.339192299644277,-1.339192299644277,-1.339192299644277,-1.339192299644277,-1.339192299644277,-1.339192299644277,,
1675378800,24385,24385,23330,23575,1.028497964431112,1.028497964431112,0.233843537414966,0.233843537414966,-3.3217141685462375,-3.3217141685462375,-3.3217141685462375,-3.3217141685462375,-3.3217141685462375,-3.3217141685462375,-3.3217141685462375,-3.3217141685462375,,
1675638000,23230,23270,22765,22990,-1.4784658238697237,-1.4784658238697237,-1.0331467929401636,-1.0331467929401636,-1.0331467929401636,-1.0331467929401636,-1.0331467929401636,-1.0331467929401636,-1.0331467929401636,-1.0331467929401636,-1.0331467929401636,-1.0331467929401636,,
1675724400,22970,23455,22725,23265,-0.2999785729590743,-0.2999785729590743,0.15066724063710718,0.15066724063710718,1.2842838484980408,1.2842838484980408,1.2842838484980408,1.2842838484980408,1.2842838484980408,1.2842838484980408,1.2842838484980408,1.2842838484980408,,
1675810800,23295,23530,22680,23015,-1.3713306192414827,-1.3713306192414827,-0.9255273353422298,-0.9255273353422298,-1.2019746726765401,-1.2019746726765401,-1.2019746726765401,-1.2019746726765401,-1.2019746726765401,-1.2019746726765401,-1.2019746726765401,-1.2019746726765401,,
1675897200,23045,23070,21740,21905,-6.128133704735376,-6.128133704735376,-5.703831252690486,-5.703831252690486,-4.946843133000651,-4.946843133000651,-4.946843133000651,-4.946843133000651,-4.946843133000651,-4.946843133000651,-4.946843133000651,-4.946843133000651,,
1675983600,21800,21970,21500,21615,-7.3709020784229695,-7.3709020784229695,-6.952216960826517,-6.952216960826517,-0.8486238532110092,-0.8486238532110092,-0.8486238532110092,-0.8486238532110092,-0.8486238532110092,-0.8486238532110092,-0.8486238532110092,-0.8486238532110092,,
1676242800,21795,21935,21380,21685,-7.070923505463895,-7.070923505463895,-0.5047029135122735,-0.5047029135122735,-0.5047029135122735,-0.5047029135122735,-0.5047029135122735,-0.5047029135122735,-0.5047029135122735,-0.5047029135122735,-0.5047029135122735,-0.5047029135122735,,
1676329200,21710,22375,21580,22280,-4.521105635311764,-4.521105635311764,2.22528102775866,2.22528102775866,2.62551819438047,2.62551819438047,2.62551819438047,2.62551819438047,2.62551819438047,2.62551819438047,2.62551819438047,2.62551819438047,,
1676415600,22305,24405,22090,24280,4.049710734947504,4.049710734947504,11.401697637072724,11.401697637072724,8.8545169244564,8.8545169244564,8.8545169244564,8.8545169244564,8.8545169244564,8.8545169244564,8.8545169244564,8.8545169244564,,
1676502000,24350,25340,24255,24650,5.635311763445468,5.635311763445468,13.099334709795823,13.099334709795823,1.2320328542094456,1.2320328542094456,1.2320328542094456,1.2320328542094456,1.2320328542094456,1.2320328542094456,1.2320328542094456,1.2320328542094456,,
1676588400,24240,25095,23425,24505,5.013927576601671,5.013927576601671,12.434044505620555,12.434044505620555,1.0932343234323434,1.0932343234323434,1.0932343234323434,1.0932343234323434,1.0932343234323434,1.0932343234323434,1.0932343234323434,1.0932343234323434,,
1676847600,24500,25330,23915,24245,3.8997214484679668,3.8997214484679668,-1.0408163265306123,-1.0408163265306123,-1.0408163265306123,-1.0408163265306123,-1.0408163265306123,-1.0408163265306123,-1.0408163265306123,-1.0408163265306123,-1.0408163265306123,-1.0408163265306123,,
1677020400,24440,24485,23590,23820,2.078422969787872,2.078422969787872,-2.7755102040816326,-2.7755102040816326,-2.536824877250409,-2.536824877250409,-2.536824877250409,-2.536824877250409,-2.536824877250409,-2.536824877250409,-2.536824877250409,-2.536824877250409,,
1677106800,24215,24810,23865,24080,3.192629097921577,3.192629097921577,-1.7142857142857144,-1.7142857142857144,-0.5575056782985752,-0.5575056782985752,-0.5575056782985752,-0.5575056782985752,-0.5575056782985752,-0.5575056782985752,-0.5575056782985752,-0.5575056782985752,,
1677193200,24075,24355,22970,23225,-0.4713949003642597,-0.4713949003642597,-5.204081632653061,-5.204081632653061,-3.5306334371754935,-3.5306334371754935,-3.5306334371754935,-3.5306334371754935,-3.5306334371754935,-3.5306334371754935,-3.5306334371754935,-3.5306334371754935,,
1677452400,23400,24050,23230,23515,0.7713734733233341,0.7713734733233341,0.49145299145299143,0.49145299145299143,0.49145299145299143,0.49145299145299143,0.49145299145299143,0.49145299145299143,0.49145299145299143,0.49145299145299143,0.49145299145299143,0.49145299145299143,,
1677538800,23635,23770,23160,23280,-0.23569745018212984,-0.23569745018212984,-0.5128205128205128,-0.5128205128205128,-1.5020097313306537,-1.5020097313306537,-1.5020097313306537,-1.5020097313306537,-1.5020097313306537,-1.5020097313306537,-1.5020097313306537,-1.5020097313306537,,
1677625200,23340,24160,23120,23680,1.4567266495287061,1.4567266495287061,1.1965811965811968,1.1965811965811968,1.4567266495287061,1.4567266495287061,1.4567266495287061,1.4567266495287061,1.4567266495287061,1.4567266495287061,1.4567266495287061,1.4567266495287061,,
1677711600,23620,23900,23310,23535,0.8354755784061696,0.8354755784061696,0.576923076923077,0.576923076923077,-0.35986452159187127,-0.35986452159187127,-0.35986452159187127,-0.35986452159187127,-0.35986452159187127,-0.35986452159187127,-0.35986452159187127,-0.35986452159187127,,
1677798000,23590,23630,22020,22260,-4.627249357326478,-4.627249357326478,-4.871794871794872,-4.871794871794872,-5.637982195845697,-5.637982195845697,-5.637982195845697,-5.637982195845697,-5.637982195845697,-5.637982195845697,-5.637982195845697,-5.637982195845697,,
1678057200,22390,22655,22300,22440,-3.8560411311053984,-3.8560411311053984,0.2233139794551139,0.2233139794551139,0.2233139794551139,0.2233139794551139,0.2233139794551139,0.2233139794551139,0.2233139794551139,0.2233139794551139,0.2233139794551139,0.2233139794551139,,
1678143600,22460,22600,21955,22085,-5.377035132819195,-5.377035132819195,-1.3622152746761949,-1.3622152746761949,-1.6696349065004452,-1.6696349065004452,-1.6696349065004452,-1.6696349065004452,-1.6696349065004452,-1.6696349065004452,-1.6696349065004452,-1.6696349065004452,,
1678230000,22090,22285,21880,22020,-5.655526992287918,-5.655526992287918,-1.6525234479678428,-1.6525234479678428,-0.3168854685377999,-0.3168854685377999,-0.3168854685377999,-0.3168854685377999,-0.3168854685377999,-0.3168854685377999,-0.3168854685377999,-0.3168854685377999,,
1678316400,21875,21875,19965,20130,-13.753213367609254,-13.753213367609254,-10.093791871371147,-10.093791871371147,-7.977142857142858,-7.977142857142858,-7.977142857142858,-7.977142857142858,-7.977142857142858,-7.977142857142858,-7.977142857142858,-7.977142857142858,,
1678402800,20280,20330,19530,20100,-13.881748071979436,-13.881748071979436,-10.227780259044216,-10.227780259044216,-0.8875739644970414,-0.8875739644970414,-0.8875739644970414,-0.8875739644970414,-0.8875739644970414,-0.8875739644970414,-0.8875739644970414,-0.8875739644970414,,
1678658400,21125,24640,21120,24245,3.8774635818337613,3.8774635818337613,14.76923076923077,14.76923076923077,14.76923076923077,14.76923076923077,14.76923076923077,14.76923076923077,14.76923076923077,14.76923076923077,14.76923076923077,14.76923076923077,,
1678744800,24250,26590,24055,24750,6.041131105398458,6.041131105398458,17.159763313609467,17.159763313609467,2.0618556701030926,2.0618556701030926,2.0618556701030926,2.0618556701030926,2.0618556701030926,2.0618556701030926,2.0618556701030926,2.0618556701030926,,
1678831200,24630,25420,23995,24445,4.734361610968294,4.734361610968294,15.715976331360949,15.715976331360949,-0.7511165245635404,-0.7511165245635404,-0.7511165245635404,-0.7511165245635404,-0.7511165245635404,-0.7511165245635404,-0.7511165245635404,-0.7511165245635404,,
1678917600,24585,25310,24260,24790,6.212510711225364,6.212510711225364,17.349112426035504,17.349112426035504,0.8338417734390889,0.8338417734390889,0.8338417734390889,0.8338417734390889,0.8338417734390889,0.8338417734390889,0.8338417734390889,0.8338417734390889,,
1679004000,25035,27150,24960,26995,15.659811482433591,15.659811482433591,27.786982248520708,27.786982248520708,7.829039344917116,7.829039344917116,7.829039344917116,7.829039344917116,7.829039344917116,7.829039344917116,7.829039344917116,7.829039344917116,,
1679263200,28065,28730,27345,28180,20.7369323050557,20.7369323050557,0.40976305006235525,0.40976305006235525,0.40976305006235525,0.40976305006235525,0.40976305006235525,0.40976305006235525,0.40976305006235525,0.40976305006235525,0.40976305006235525,0.40976305006235525,,
1679349600,28200,28660,27555,28240,20.99400171379606,20.99400171379606,0.6235524674861928,0.6235524674861928,0.14184397163120568,0.14184397163120568,0.14184397163120568,0.14184397163120568,0.14184397163120568,0.14184397163120568,0.14184397163120568,0.14184397163120568,,
1679436000,28185,29035,26680,27425,17.502142245072836,17.502142245072836,-2.2804204525209335,-2.2804204525209335,-2.696469753414937,-2.696469753414937,-2.696469753414937,-2.696469753414937,-2.696469753414937,-2.696469753414937,-2.696469753414937,-2.696469753414937,,
1679522400,27230,28925,27080,28455,21.91516709511568,21.91516709511568,1.389631213254944,1.389631213254944,4.4987146529562985,4.4987146529562985,4.4987146529562985,4.4987146529562985,4.4987146529562985,4.4987146529562985,4.4987146529562985,4.4987146529562985,,
1679608800,28415,28580,27475,27745,18.87317909168809,18.87317909168809,-1.1402102262604668,-1.1402102262604668,-2.3579095548125992,-2.3579095548125992,-2.3579095548125992,-2.3579095548125992,-2.3579095548125992,-2.3579095548125992,-2.3579095548125992,-2.3579095548125992,,
1679868000,27925,28225,26530,27080,16.02399314481577,16.02399314481577,-3.025962399283796,-3.025962399283796,-3.025962399283796,-3.025962399283796,-3.025962399283796,-3.025962399283796,-3.025962399283796,-3.025962399283796,-3.025962399283796,-3.025962399283796,,
1679954400,27205,27560,26640,27345,17.159383033419022,17.159383033419022,-2.0769919427036707,-2.0769919427036707,0.5146112846903143,0.5146112846903143,0.5146112846903143,0.5146112846903143,0.5146112846903143,0.5146112846903143,0.5146112846903143,0.5146112846903143,,
1680040800,27260,28665,27105,28425,21.7866323907455,21.7866323907455,1.7905102954341987,1.7905102954341987,4.2736610418195164,4.2736610418195164,4.2736610418195164,4.2736610418195164,4.2736610418195164,4.2736610418195164,4.2736610418195164,4.2736610418195164,,
1680127200,28530,29440,27925,28385,21.615252784918596,21.615252784918596,1.647269471799463,1.647269471799463,-0.5082369435681738,-0.5082369435681738,-0.5082369435681738,-0.5082369435681738,-0.5082369435681738,-0.5082369435681738,-0.5082369435681738,-0.5082369435681738,,
1680213600,28370,29120,27735,28740,23.13624678663239,23.13624678663239,2.918531781557744,2.918531781557744,1.3041945717307015,1.3041945717307015,1.3041945717307015,1.3041945717307015,1.3041945717307015,1.3041945717307015,1.3041945717307015,1.3041945717307015,,
1680472800,28730,28845,27650,27775,-3.3240515140967632,-3.3240515140967632,-3.3240515140967632,-3.3240515140967632,-3.3240515140967632,-3.3240515140967632,-3.3240515140967632,-3.3240515140967632,-3.3240515140967632,-3.3240515140967632,-3.3240515140967632,-3.3240515140967632,,
1680559200,27910,28645,27850,28430,-1.0442046641141665,-1.0442046641141665,-1.0442046641141665,-1.0442046641141665,1.8631314940881403,1.8631314940881403,1.8631314940881403,1.8631314940881403,1.8631314940881403,1.8631314940881403,1.8631314940881403,1.8631314940881403,,
1680645600,28445,28985,27925,28285,-1.54890358510268,-1.54890358510268,-1.54890358510268,-1.54890358510268,-0.5624890138864475,-0.5624890138864475,-0.5624890138864475,-0.5624890138864475,-0.5624890138864475,-0.5624890138864475,-0.5624890138864475,-0.5624890138864475,,
1680732000,28265,28375,27775,28060,-2.332057083188305,-2.332057083188305,-2.332057083188305,-2.332057083188305,-0.7252786131257739,-0.7252786131257739,-0.7252786131257739,-0.7252786131257739,-0.7252786131257739,-0.7252786131257739,-0.7252786131257739,-0.7252786131257739,,
1680818400,28095,28195,27865,28060,-2.332057083188305,-2.332057083188305,-2.332057083188305,-2.332057083188305,-0.12457732692649937,-0.12457732692649937,-0.12457732692649937,-0.12457732692649937,-0.12457732692649937,-0.12457732692649937,-0.12457732692649937,-0.12457732692649937,,
1681077600,28410,29665,28270,29340,2.123216150365472,2.123216150365472,3.2734952481520594,3.2734952481520594,3.2734952481520594,3.2734952481520594,3.2734952481520594,3.2734952481520594,3.2734952481520594,3.2734952481520594,3.2734952481520594,3.2734952481520594,,
1681164000,29455,30765,29445,30375,5.725722241559346,5.725722241559346,6.9165786694825755,6.9165786694825755,3.123408589373621,3.123408589373621,3.123408589373621,3.123408589373621,3.123408589373621,3.123408589373621,3.123408589373621,3.123408589373621,,
1681250400,30415,30700,29800,30095,4.751131221719457,4.751131221719457,5.931010207673355,5.931010207673355,-1.0521124445175078,-1.0521124445175078,-1.0521124445175078,-1.0521124445175078,-1.0521124445175078,-1.0521124445175078,-1.0521124445175078,-1.0521124445175078,,
1681336800,30165,30895,29940,30430,5.9171597633136095,5.9171597633136095,7.110172474480817,7.110172474480817,0.8785015746726339,0.8785015746726339,0.8785015746726339,0.8785015746726339,0.8785015746726339,0.8785015746726339,0.8785015746726339,0.8785015746726339,,
1681423200,30455,31205,30065,30595,6.491472328576401,6.491472328576401,7.690953889475536,7.690953889475536,0.45969463142341155,0.45969463142341155,0.45969463142341155,0.45969463142341155,0.45969463142341155,0.45969463142341155,0.45969463142341155,0.45969463142341155,,
1681682400,30585,30585,29280,29525,2.767142359902541,2.767142359902541,-3.465751185221514,-3.465751185221514,-3.465751185221514,-3.465751185221514,-3.465751185221514,-3.465751185221514,-3.465751185221514,-3.465751185221514,-3.465751185221514,-3.465751185221514,,
1681768800,29505,30575,29155,30535,6.282631395753567,6.282631395753567,-0.16347882949158085,-0.16347882949158085,3.4909337400440603,3.4909337400440603,3.4909337400440603,3.4909337400440603,3.4909337400440603,3.4909337400440603,3.4909337400440603,3.4909337400440603,,
1681855200,30470,30500,29010,29280,1.9143752175426385,1.9143752175426385,-4.26679744973026,-4.26679744973026,-3.90548080078766,-3.90548080078766,-3.90548080078766,-3.90548080078766,-3.90548080078766,-3.90548080078766,-3.90548080078766,-3.90548080078766,,
1681941600,29230,29300,27995,28235,-1.7229376957883746,-1.7229376957883746,-7.683504986104299,-7.683504986104299,-3.404036948340746,-3.404036948340746,-3.404036948340746,-3.404036948340746,-3.404036948340746,-3.404036948340746,-3.404036948340746,-3.404036948340746,,
1682028000,28335,28365,27195,27245,-5.168813087365123,-5.168813087365123,-10.9203858100376,-10.9203858100376,-3.8468325392623965,-3.8468325392623965,-3.8468325392623965,-3.8468325392623965,-3.8468325392623965,-3.8468325392623965,-3.8468325392623965,-3.8468325392623965,,
1682287200,27300,28020,26975,27460,-4.420466411416638,-4.420466411416638,0.5860805860805861,0.5860805860805861,0.5860805860805861,0.5860805860805861,0.5860805860805861,0.5860805860805861,0.5860805860805861,0.5860805860805861,0.5860805860805861,0.5860805860805861,,
1682373600,27480,28060,27205,28015,-2.48868778280543,-2.48868778280543,2.619047619047619,2.619047619047619,1.9468704512372634,1.9468704512372634,1.9468704512372634,1.9468704512372634,1.9468704512372634,1.9468704512372634,1.9468704512372634,1.9468704512372634,,
1682460000,28250,30040,27240,28400,-1.148625130525583,-1.148625130525583,4.029304029304029,4.029304029304029,0.5309734513274336,0.5309734513274336,0.5309734513274336,0.5309734513274336,0.5309734513274336,0.5309734513274336,0.5309734513274336,0.5309734513274336,,
1682546400,28800,30105,28495,29860,3.933170901496694,3.933170901496694,9.377289377289378,9.377289377289378,3.680555555555556,3.680555555555556,3.680555555555556,3.680555555555556,3.680555555555556,3.680555555555556,3.680555555555556,3.680555555555556,,
1682632800,29910,29920,29070,29485,2.627915071353985,2.627915071353985,8.003663003663004,8.003663003663004,-1.420929455031762,-1.420929455031762,-1.420929455031762,-1.420929455031762,-1.420929455031762,-1.420929455031762,-1.420929455031762,-1.420929455031762,,
1682892000,29615,29700,27705,27705,-6.449434408239068,-6.449434408239068,-6.449434408239068,-6.449434408239068,-6.449434408239068,-6.449434408239068,-6.449434408239068,-6.449434408239068,-6.449434408239068,-6.449434408239068,-6.449434408239068,-6.449434408239068,,
1682978400,27995,29055,27950,28835,-2.6338004389667398,-2.6338004389667398,-2.6338004389667398,-2.6338004389667398,3.0005358099660655,3.0005358099660655,3.0005358099660655,3.0005358099660655,3.0005358099660655,3.0005358099660655,3.0005358099660655,3.0005358099660655,,
1683064800,28780,28975,28185,28655,-3.2416005402667563,-3.2416005402667563,-3.2416005402667563,-3.2416005402667563,-0.4343293954134816,-0.4343293954134816,-0.4343293954134816,-0.4343293954134816,-0.4343293954134816,-0.4343293954134816,-0.4343293954134816,-0.4343293954134816,,
1683151200,28850,29520,28775,29020,-2.0091170015195003,-2.0091170015195003,-2.0091170015195003,-2.0091170015195003,0.5892547660311959,0.5892547660311959,0.5892547660311959,0.5892547660311959,0.5892547660311959,0.5892547660311959,0.5892547660311959,0.5892547660311959,,
1683237600,28970,29900,28860,29685,0.2363667060611177,0.2363667060611177,0.2363667060611177,0.2363667060611177,2.4680704176734554,2.4680704176734554,2.4680704176734554,2.4680704176734554,2.4680704176734554,2.4680704176734554,2.4680704176734554,2.4680704176734554,,
1683496800,29480,29480,27325,27615,-6.753334458889077,-6.753334458889077,-6.3263229308005435,-6.3263229308005435,-6.3263229308005435,-6.3263229308005435,-6.3263229308005435,-6.3263229308005435,-6.3263229308005435,-6.3263229308005435,-6.3263229308005435,-6.3263229308005435,,
1683583200,27680,27860,27385,27720,-6.3987843997974,-6.3987843997974,-5.970149253731343,-5.970149253731343,0.1445086705202312,0.1445086705202312,0.1445086705202312,0.1445086705202312,0.1445086705202312,0.1445086705202312,0.1445086705202312,0.1445086705202312,,
1683669600,27695,28405,26750,27905,-5.774100962350161,-5.774100962350161,-5.342605156037992,-5.342605156037992,0.758259613648673,0.758259613648673,0.758259613648673,0.758259613648673,0.758259613648673,0.758259613648673,0.758259613648673,0.758259613648673,,
1683756000,27610,27795,26720,27000,-8.829984804997467,-8.829984804997467,-8.412483039348711,-8.412483039348711,-2.209344440420138,-2.209344440420138,-2.209344440420138,-2.209344440420138,-2.209344440420138,-2.209344440420138,-2.209344440420138,-2.209344440420138,,
1683842400,27040,27085,25840,26470,-10.619618436603073,-10.619618436603073,-10.210312075983717,-10.210312075983717,-2.1079881656804735,-2.1079881656804735,-2.1079881656804735,-2.1079881656804735,-2.1079881656804735,-2.1079881656804735,-2.1079881656804735,-2.1079881656804735,,
1684101600,26795,27740,26755,27415,-7.428667904777984,-7.428667904777984,2.313864526963986,2.313864526963986,2.313864526963986,2.313864526963986,2.313864526963986,2.313864526963986,2.313864526963986,2.313864526963986,2.313864526963986,2.313864526963986,,
1684188000,27415,27430,26875,26975,-8.914401485733581,-8.914401485733581,0.6717671207314798,0.6717671207314798,-1.6049607878898413,-1.6049607878898413,-1.6049607878898413,-1.6049607878898413,-1.6049607878898413,-1.6049607878898413,-1.6049607878898413,-1.6049607878898413,,
1684274400,27000,27535,26535,27395,-7.496201249366876,-7.496201249366876,2.239223735771599,2.239223735771599,1.462962962962963,1.462962962962963,1.462962962962963,1.462962962962963,1.462962962962963,1.462962962962963,1.462962962962963,1.462962962962963,,
1684360800,27440,27550,26365,26740,-9.707918284653047,-9.707918284653047,-0.20526217577906325,-0.20526217577906325,-2.5510204081632653,-2.5510204081632653,-2.5510204081632653,-2.5510204081632653,-2.5510204081632653,-2.5510204081632653,-2.5510204081632653,-2.5510204081632653,,
1684447200,26900,27215,26660,26885,-9.21830153638359,-9.21830153638359,0.3358835603657399,0.3358835603657399,-0.055762081784386616,-0.055762081784386616,-0.055762081784386616,-0.055762081784386616,-0.055762081784386616,-0.055762081784386616,-0.055762081784386616,-0.055762081784386616,,
1684706400,26855,27155,26545,26925,-9.083234847205809,-9.083234847205809,0.26065909514056973,0.26065909514056973,0.26065909514056973,0.26065909514056973,0.26065909514056973,0.26065909514056973,0.26065909514056973,0.26065909514056973,0.26065909514056973,0.26065909514056973,,
1684792800,26970,27565,26805,27245,-8.002701333783556,-8.002701333783556,1.4522435300688885,1.4522435300688885,1.0196514645902857,1.0196514645902857,1.0196514645902857,1.0196514645902857,1.0196514645902857,1.0196514645902857,1.0196514645902857,1.0196514645902857,,
1684879200,27200,27275,26015,26420,-10.788451798075299,-10.788451798075299,-1.6198100912306834,-1.6198100912306834,-2.8676470588235294,-2.8676470588235294,-2.8676470588235294,-2.8676470588235294,-2.8676470588235294,-2.8676470588235294,-2.8676470588235294,-2.8676470588235294,,
1684965600,26565,26640,25985,26535,-10.40013506668918,-10.40013506668918,-1.1915844349283187,-1.1915844349283187,-0.1129305477131564,-0.1129305477131564,-0.1129305477131564,-0.1129305477131564,-0.1129305477131564,-0.1129305477131564,-0.1129305477131564,-0.1129305477131564,,
1685052000,26500,27095,26390,26865,-9.28583488097248,-9.28583488097248,0.03723701359150996,0.03723701359150996,1.3773584905660377,1.3773584905660377,1.3773584905660377,1.3773584905660377,1.3773584905660377,1.3773584905660377,1.3773584905660377,1.3773584905660377,,
1685311200,27730,28665,27680,27950,-5.622150937025157,-5.622150937025157,0.7933645870897944,0.7933645870897944,0.7933645870897944,0.7933645870897944,0.7933645870897944,0.7933645870897944,0.7933645870897944,0.7933645870897944,0.7933645870897944,0.7933645870897944,,
1685484000,27875,28045,26915,27205,-8.137768022961337,-8.137768022961337,-1.8932564010097366,-1.8932564010097366,-2.403587443946188,-2.403587443946188,-2.403587443946188,-2.403587443946188,-2.403587443946188,-2.403587443946188,-2.403587443946188,-2.403587443946188,,
1685570400,27195,27445,26680,26920,-1.0112152969295827,-1.0112152969295827,-2.9210241615578796,-2.9210241615578796,-1.0112152969295827,-1.0112152969295827,-1.0112152969295827,-1.0112152969295827,-1.0112152969295827,-1.0112152969295827,-1.0112152969295827,-1.0112152969295827,,
1685656800,26990,27435,26565,27305,0.40448611877183305,0.40448611877183305,-1.5326361341507393,-1.5326361341507393,1.1670989255279733,1.1670989255279733,1.1670989255279733,1.1670989255279733,1.1670989255279733,1.1670989255279733,1.1670989255279733,1.1670989255279733,,
1685916000,28025,28025,25380,25675,-5.589262732119875,-5.589262732119875,-8.385370205173952,-8.385370205173952,-8.385370205173952,-8.385370205173952,-8.385370205173952,-8.385370205173952,-8.385370205173952,-8.385370205173952,-8.385370205173952,-8.385370205173952,,
1686002400,25625,27380,25330,27080,-0.42287185144328004,-0.42287185144328004,-3.3719892952720785,-3.3719892952720785,5.6780487804878055,5.6780487804878055,5.6780487804878055,5.6780487804878055,5.6780487804878055,5.6780487804878055,5.6780487804878055,5.6780487804878055,,
1686088800,27120,27515,26320,26495,-2.574002574002574,-2.574002574002574,-5.459411239964317,-5.459411239964317,-2.3045722713864305,-2.3045722713864305,-2.3045722713864305,-2.3045722713864305,-2.3045722713864305,-2.3045722713864305,-2.3045722713864305,-2.3045722713864305,,
1686175200,26250,26960,26200,26740,-1.673101673101673,-1.673101673101673,-4.585191793041927,-4.585191793041927,1.866666666666667,1.866666666666667,1.866666666666667,1.866666666666667,1.866666666666667,1.866666666666667,1.866666666666667,1.866666666666667,,
1686261600,26730,26930,26380,26535,-2.4269167126309985,-2.4269167126309985,-5.316681534344336,-5.316681534344336,-0.7295173961840629,-0.7295173961840629,-0.7295173961840629,-0.7295173961840629,-0.7295173961840629,-0.7295173961840629,-0.7295173961840629,-0.7295173961840629,,
1686520800,26150,26185,25670,25960,-4.541275969847399,-4.541275969847399,-0.7265774378585086,-0.7265774378585086,-0.7265774378585086,-0.7265774378585086,-0.7265774378585086,-0.7265774378585086,-0.7265774378585086,-0.7265774378585086,-0.7265774378585086,-0.7265774378585086,,
1686607200,26035,26550,25725,25875,-4.853833425261997,-4.853833425261997,-1.0516252390057361,-1.0516252390057361,-0.6145573266756289,-0.6145573266756289,-0.6145573266756289,-0.6145573266756289,-0.6145573266756289,-0.6145573266756289,-0.6145573266756289,-0.6145573266756289,,
1686693600,25890,26160,24820,24945,-8.27357970215113,-8.27357970215113,-4.6080305927342256,-4.6080305927342256,-3.650057937427578,-3.650057937427578,-3.650057937427578,-3.650057937427578,-3.650057937427578,-3.650057937427578,-3.650057937427578,-3.650057937427578,,
1686780000,25090,25590,24745,25580,-5.938591652877367,-5.938591652877367,-2.179732313575526,-2.179732313575526,1.9529693104822639,1.9529693104822639,1.9529693104822639,1.9529693104822639,1.9529693104822639,1.9529693104822639,1.9529693104822639,1.9529693104822639,,
1686866400,25605,26605,25135,26440,-2.7762456333884904,-2.7762456333884904,1.1089866156787764,1.1089866156787764,3.2610818199570395,3.2610818199570395,3.2610818199570395,3.2610818199570395,3.2610818199570395,3.2610818199570395,3.2610818199570395,3.2610818199570395,,
1687125600,26475,28450,26320,28340,4.210332781761354,4.210332781761354,7.04438149197356,7.04438149197356,7.04438149197356,7.04438149197356,7.04438149197356,7.04438149197356,7.04438149197356,7.04438149197356,7.04438149197356,7.04438149197356,,
1687298400,28300,30925,28270,30180,10.976282404853833,10.976282404853833,13.994334277620396,13.994334277620396,6.6431095406360425,6.6431095406360425,6.6431095406360425,6.6431095406360425,6.6431095406360425,6.6431095406360425,6.6431095406360425,6.6431095406360425,,
1687384800,30010,30675,29740,30330,11.527854384997243,11.527854384997243,14.560906515580738,14.560906515580738,1.0663112295901367,1.0663112295901367,1.0663112295901367,1.0663112295901367,1.0663112295901367,1.0663112295901367,1.0663112295901367,1.0663112295901367,,
1687471200,30215,31655,29975,31195,14.708586137157564,14.708586137157564,17.828139754485363,17.828139754485363,3.2434221413205364,3.2434221413205364,3.2434221413205364,3.2434221413205364,3.2434221413205364,3.2434221413205364,3.2434221413205364,3.2434221413205364,,
1687730400,30995,30995,29990,30215,11.104982533553962,11.104982533553962,-2.5165349249879014,-2.5165349249879014,-2.5165349249879014,-2.5165349249879014,-2.5165349249879014,-2.5165349249879014,-2.5165349249879014,-2.5165349249879014,-2.5165349249879014,-2.5165349249879014,,
1687816800,30160,31110,30160,30705,12.906784335355765,12.906784335355765,-0.935634779803194,-0.935634779803194,1.807029177718833,1.807029177718833,1.807029177718833,1.807029177718833,1.807029177718833,1.807029177718833,1.807029177718833,1.807029177718833,,
1687903200,30795,30800,29865,30115,10.737267880125023,10.737267880125023,-2.839167607678658,-2.839167607678658,-2.2081506738106835,-2.2081506738106835,-2.2081506738106835,-2.2081506738106835,-2.2081506738106835,-2.2081506738106835,-2.2081506738106835,-2.2081506738106835,,
1687989600,30405,31285,30405,30880,13.550284978856409,13.550284978856409,-0.37102758509437006,-0.37102758509437006,1.562243052129584,1.562243052129584,1.562243052129584,1.562243052129584,1.562243052129584,1.562243052129584,1.562243052129584,1.562243052129584,,
1688076000,30900,31740,29590,30675,12.796469939327082,12.796469939327082,-1.032424584610421,-1.032424584610421,-0.7281553398058253,-0.7281553398058253,-0.7281553398058253,-0.7281553398058253,-0.7281553398058253,-0.7281553398058253,-0.7281553398058253,-0.7281553398058253,,
1688335200,30810,31825,30740,31570,2.4667315806556314,2.4667315806556314,2.4667315806556314,2.4667315806556314,2.4667315806556314,2.4667315806556314,2.4667315806556314,2.4667315806556314,2.4667315806556314,2.4667315806556314,2.4667315806556314,2.4667315806556314,,
1688421600,31590,31725,30425,30710,-0.32456994482310936,-0.32456994482310936,-0.32456994482310936,-0.32456994482310936,-2.7856916745805633,-2.7856916745805633,-2.7856916745805633,-2.7856916745805633,-2.7856916745805633,-2.7856916745805633,-2.7856916745805633,-2.7856916745805633,,
1688594400,30705,31870,30075,30515,-0.9574813372281726,-0.9574813372281726,-0.9574813372281726,-0.9574813372281726,-0.6187917277316398,-0.6187917277316398,-0.6187917277316398,-0.6187917277316398,-0.6187917277316398,-0.6187917277316398,-0.6187917277316398,-0.6187917277316398,,
1688680800,30450,30690,29850,30425,-1.2495942875689712,-1.2495942875689712,-1.2495942875689712,-1.2495942875689712,-0.08210180623973727,-0.08210180623973727,-0.08210180623973727,-0.08210180623973727,-0.08210180623973727,-0.08210180623973727,-0.08210180623973727,-0.08210180623973727,,
1688940000,30370,31250,30070,30985,0.5679974034404414,0.5679974034404414,2.025024695423115,2.025024695423115,2.025024695423115,2.025024695423115,2.025024695423115,2.025024695423115,2.025024695423115,2.025024695423115,2.025024695423115,2.025024695423115,,
1689026400,30980,31000,30375,30725,-0.275884453099643,-0.275884453099643,1.1689166941060256,1.1689166941060256,-0.8231116849580375,-0.8231116849580375,-0.8231116849580375,-0.8231116849580375,-0.8231116849580375,-0.8231116849580375,-0.8231116849580375,-0.8231116849580375,,
1689112800,30740,31230,30325,30425,-1.2495942875689712,-1.2495942875689712,0.18109976950938428,0.18109976950938428,-1.0247234873129472,-1.0247234873129472,-1.0247234873129472,-1.0247234873129472,-1.0247234873129472,-1.0247234873129472,-1.0247234873129472,-1.0247234873129472,,
1689199200,30455,32170,30365,31605,2.5803310613437196,2.5803310613437196,4.066513006256174,4.066513006256174,3.7760630438351663,3.7760630438351663,3.7760630438351663,3.7760630438351663,3.7760630438351663,3.7760630438351663,3.7760630438351663,3.7760630438351663,,
1689285600,31455,31895,30005,30360,-1.4605647517039921,-1.4605647517039921,-0.03292723081988805,-0.03292723081988805,-3.481163567000477,-3.481163567000477,-3.481163567000477,-3.481163567000477,-3.481163567000477,-3.481163567000477,-3.481163567000477,-3.481163567000477,,
1689544800,30260,30495,29740,30010,-2.596559558584875,-2.596559558584875,-0.8261731658955718,-0.8261731658955718,-0.8261731658955718,-0.8261731658955718,-0.8261731658955718,-0.8261731658955718,-0.8261731658955718,-0.8261731658955718,-0.8261731658955718,-0.8261731658955718,,
1689631200,30350,30350,29535,29815,-3.2294709509899384,-3.2294709509899384,-1.4705882352941175,-1.4705882352941175,-1.7627677100494232,-1.7627677100494232,-1.7627677100494232,-1.7627677100494232,-1.7627677100494232,-1.7627677100494232,-1.7627677100494232,-1.7627677100494232,,
1689717600,29880,30275,29775,30045,-2.4829600778967866,-2.4829600778967866,-0.7105089226701917,-0.7105089226701917,0.5522088353413654,0.5522088353413654,0.5522088353413654,0.5522088353413654,0.5522088353413654,0.5522088353413654,0.5522088353413654,0.5522088353413654,,
1689804000,30050,30520,29560,29780,-3.3430704316780266,-3.3430704316780266,-1.5862524785194978,-1.5862524785194978,-0.8985024958402662,-0.8985024958402662,-0.8985024958402662,-0.8985024958402662,-0.8985024958402662,-0.8985024958402662,-0.8985024958402662,-0.8985024958402662,,
1689890400,29845,30125,29740,29870,-3.050957481337228,-3.050957481337228,-1.288830138797092,-1.288830138797092,0.08376612497905847,0.08376612497905847,0.08376612497905847,0.08376612497905847,0.08376612497905847,0.08376612497905847,0.08376612497905847,0.08376612497905847,,
1690149600,29860,30135,28820,29145,-5.404089581304771,-5.404089581304771,-2.39450770261219,-2.39450770261219,-2.39450770261219,-2.39450770261219,-2.39450770261219,-2.39450770261219,-2.39450770261219,-2.39450770261219,-2.39450770261219,-2.39450770261219,,
1690236000,29135,29375,29050,29225,-5.144433625446284,-5.144433625446284,-2.126590756865372,-2.126590756865372,0.3089068131113781,0.3089068131113781,0.3089068131113781,0.3089068131113781,0.3089068131113781,0.3089068131113781,0.3089068131113781,0.3089068131113781,,
1690322400,29235,29685,29070,29575,-4.008438818565401,-4.008438818565401,-0.9544541192230409,-0.9544541192230409,1.1629895672994697,1.1629895672994697,1.1629895672994697,1.1629895672994697,1.1629895672994697,1.1629895672994697,1.1629895672994697,1.1629895672994697,,
1690408800,29745,29830,29170,29295,-4.917234664070107,-4.917234664070107,-1.8921634293369054,-1.8921634293369054,-1.5128593040847202,-1.5128593040847202,-1.5128593040847202,-1.5128593040847202,-1.5128593040847202,-1.5128593040847202,-1.0471204188481675,-1.0471204188481675,,
1690495200,29340,29800,29265,29575,-4.008438818565401,-4.008438818565401,-0.9544541192230409,-0.9544541192230409,0.8009543285616906,0.8009543285616906,0.8009543285616906,0.8009543285616906,0.8009543285616906,0.8009543285616906,0.8009543285616906,0.8009543285616906,,
1690754400,29375,29755,29265,29355,-4.722492697176241,-4.722492697176241,-0.06808510638297872,-0.06808510638297872,-0.06808510638297872,-0.06808510638297872,-0.06808510638297872,-0.06808510638297872,-0.06808510638297872,-0.06808510638297872,-0.06808510638297872,-0.06808510638297872,,
1690840800,29380,29525,28635,29405,0.08509189925119127,0.08509189925119127,0.10212765957446808,0.10212765957446808,0.08509189925119127,0.08509189925119127,0.08509189925119127,0.08509189925119127,0.08509189925119127,0.08509189925119127,0.08509189925119127,0.08509189925119127,,
1690927200,29355,30240,29000,29265,-0.39142273655547993,-0.39142273655547993,-0.37446808510638296,-0.37446808510638296,-0.3065917220235054,-0.3065917220235054,-0.3065917220235054,-0.3065917220235054,-0.3065917220235054,-0.3065917220235054,-0.3065917220235054,-0.3065917220235054,,
1691013600,29310,29600,29065,29435,0.18720217835262082,0.18720217835262082,0.20425531914893616,0.20425531914893616,0.4264756055953599,0.4264756055953599,0.4264756055953599,0.4264756055953599,0.4264756055953599,0.4264756055953599,0.4264756055953599,0.4264756055953599,,
1691100000,29350,29490,28875,29055,-1.1061946902654867,-1.1061946902654867,-1.0893617021276596,-1.0893617021276596,-1.0051107325383306,-1.0051107325383306,-1.0051107325383306,-1.0051107325383306,-1.0051107325383306,-1.0051107325383306,-1.0051107325383306,-1.0051107325383306,,
1691359200,29100,29310,28725,29305,-0.2552756977535739,-0.2552756977535739,0.7044673539518901,0.7044673539518901,0.7044673539518901,0.7044673539518901,0.7044673539518901,0.7044673539518901,0.7044673539518901,0.7044673539518901,0.7044673539518901,0.7044673539518901,,
1691445600,29315,30250,29245,30145,2.6038121170864534,2.6038121170864534,3.5910652920962196,3.5910652920962196,2.831315026436978,2.831315026436978,2.831315026436978,2.831315026436978,2.831315026436978,2.831315026436978,2.831315026436978,2.831315026436978,,
1691532000,30065,30285,29455,29620,0.8168822328114363,0.8168822328114363,1.7869415807560136,1.7869415807560136,-1.4801263928155661,-1.4801263928155661,-1.4801263928155661,-1.4801263928155661,-1.4801263928155661,-1.4801263928155661,-1.4801263928155661,-1.4801263928155661,,
1691618400,29640,29860,29385,29515,0.4594962559564329,0.4594962559564329,1.4261168384879725,1.4261168384879725,-0.4217273954116059,-0.4217273954116059,-0.4217273954116059,-0.4217273954116059,-0.4217273954116059,-0.4217273954116059,-0.4217273954116059,-0.4217273954116059,,
1691704800,29520,29675,29300,29525,0.49353301565690944,0.49353301565690944,1.4604810996563573,1.4604810996563573,0.016937669376693765,0.016937669376693765,0.016937669376693765,0.016937669376693765,0.016937669376693765,0.016937669376693765,0.016937669376693765,0.016937669376693765,,
1691964000,29415,29800,29080,29415,0.1191286589516678,0.1191286589516678,0,0,0,0,0,0,0,0,0,0,,
1692050400,29445,29570,29115,29245,-0.4594962559564329,-0.4594962559564329,-0.5779364269930307,-0.5779364269930307,-0.6792324673119375,-0.6792324673119375,-0.6792324673119375,-0.6792324673119375,-0.6792324673119375,-0.6792324673119375,-0.6792324673119375,-0.6792324673119375,,
1692136800,29250,29300,28860,29000,-1.2933968686181077,-1.2933968686181077,-1.410844807071222,-1.410844807071222,-0.8547008547008548,-0.8547008547008548,-0.8547008547008548,-0.8547008547008548,-0.8547008547008548,-0.8547008547008548,-0.8547008547008548,-0.8547008547008548,,
1692223200,29010,29010,27475,27615,-6.007488087134105,-6.007488087134105,-6.119326874043855,-6.119326874043855,-4.808686659772492,-4.808686659772492,-4.808686659772492,-4.808686659772492,-4.808686659772492,-4.808686659772492,-4.808686659772492,-4.808686659772492,,
1692309600,26180,27020,25585,26055,-11.317222600408442,-11.317222600408442,-11.422743498215196,-11.422743498215196,-0.4774637127578304,-0.4774637127578304,-0.4774637127578304,-0.4774637127578304,-0.4774637127578304,-0.4774637127578304,-0.4774637127578304,-0.4774637127578304,,
1692568800,25900,26230,25800,26105,-11.147038801906058,-11.147038801906058,0.7915057915057915,0.7915057915057915,0.7915057915057915,0.7915057915057915,0.7915057915057915,0.7915057915057915,0.7915057915057915,0.7915057915057915,0.7915057915057915,0.7915057915057915,,
1692655200,26190,26210,25690,25840,-12.049012933968687,-12.049012933968687,-0.23166023166023164,-0.23166023166023164,-1.3363879343260787,-1.3363879343260787,-1.3363879343260787,-1.3363879343260787,-1.3363879343260787,-1.3363879343260787,-1.3363879343260787,-1.3363879343260787,,
1692741600,25705,26805,25570,26575,-9.547311095983662,-9.547311095983662,2.606177606177606,2.606177606177606,3.3845555339428124,3.3845555339428124,3.3845555339428124,3.3845555339428124,3.3845555339428124,3.3845555339428124,3.3845555339428124,3.3845555339428124,,
1692828000,26545,26665,25955,26070,-11.266167460857726,-11.266167460857726,0.6563706563706564,0.6563706563706564,-1.7894142022979846,-1.7894142022979846,-1.7894142022979846,-1.7894142022979846,-1.7894142022979846,-1.7894142022979846,-1.7894142022979846,-1.7894142022979846,,
1692914400,26100,26450,25875,26180,-10.891763104152483,-10.891763104152483,1.0810810810810811,1.0810810810810811,0.30651340996168586,0.30651340996168586,0.30651340996168586,0.30651340996168586,0.30651340996168586,0.30651340996168586,0.30651340996168586,0.30651340996168586,,
1693173600,26045,26345,25950,26075,-11.249149081007488,-11.249149081007488,0.11518525628719525,0.11518525628719525,0.11518525628719525,0.11518525628719525,0.11518525628719525,0.11518525628719525,0.11518525628719525,0.11518525628719525,0.11518525628719525,0.11518525628719525,,
1693260000,26075,28350,25985,27765,-5.496936691626957,-5.496936691626957,6.603954693799194,6.603954693799194,6.48130393096836,6.48130393096836,6.48130393096836,6.48130393096836,6.48130393096836,6.48130393096836,6.48130393096836,6.48130393096836,,
1693346400,27910,27970,27125,27345,-6.926480599046971,-6.926480599046971,4.99136110577846,4.99136110577846,-2.024364027230383,-2.024364027230383,-2.024364027230383,-2.024364027230383,-2.024364027230383,-2.024364027230383,-2.024364027230383,-2.024364027230383,,
1693432800,27350,27710,26015,26040,-11.368277739959156,-11.368277739959156,-0.01919754271453254,-0.01919754271453254,-4.789762340036563,-4.789762340036563,-4.789762340036563,-4.789762340036563,-4.789762340036563,-4.789762340036563,-4.789762340036563,-4.789762340036563,,
1693519200,26040,26230,25380,25870,-0.65284178187404,-0.65284178187404,-0.6719139950086389,-0.6719139950086389,-0.65284178187404,-0.65284178187404,-0.65284178187404,-0.65284178187404,-0.65284178187404,-0.65284178187404,-0.65284178187404,-0.65284178187404,,
1693778400,25820,26100,25580,25800,-0.9216589861751152,-0.9216589861751152,-0.0774593338497289,-0.0774593338497289,-0.0774593338497289,-0.0774593338497289,-0.0774593338497289,-0.0774593338497289,-0.0774593338497289,-0.0774593338497289,-0.0774593338497289,-0.0774593338497289,,
1693951200,25795,26145,25330,25730,-1.1904761904761905,-1.1904761904761905,-0.34856700232378,-0.34856700232378,-0.25198681915099824,-0.25198681915099824,-0.25198681915099824,-0.25198681915099824,-0.25198681915099824,-0.25198681915099824,-0.05826374053214216,-0.05826374053214216,,
1694037600,25730,26100,25645,26100,0.2304147465437788,0.2304147465437788,1.0844306738962044,1.0844306738962044,1.4380101049358724,1.4380101049358724,1.4380101049358724,1.4380101049358724,1.4380101049358724,1.4380101049358724,1.4380101049358724,1.4380101049358724,,
1694124000,26250,26555,25695,26035,-0.019201228878648235,-0.019201228878648235,0.8326878388845856,0.8326878388845856,-0.819047619047619,-0.819047619047619,-0.819047619047619,-0.819047619047619,-0.819047619047619,-0.819047619047619,-0.819047619047619,-0.819047619047619,,
1694383200,26005,26125,24910,25125,-3.513824884792627,-3.513824884792627,-3.3839646221880413,-3.3839646221880413,-3.3839646221880413,-3.3839646221880413,-3.3839646221880413,-3.3839646221880413,-3.3839646221880413,-3.3839646221880413,-3.3839646221880413,-3.3839646221880413,,
1694469600,25165,26705,25095,26160,0.4608294930875576,0.4608294930875576,0.5960392232263027,0.5960392232263027,3.953904232068349,3.953904232068349,3.953904232068349,3.953904232068349,3.953904232068349,3.953904232068349,3.953904232068349,3.953904232068349,,
1694556000,26190,26515,25865,26300,0.9984639016897081,0.9984639016897081,1.1343972313016728,1.1343972313016728,0.4200076365024819,0.4200076365024819,0.4200076365024819,0.4200076365024819,0.4200076365024819,0.4200076365024819,0.4200076365024819,0.4200076365024819,,
1694642400,26270,26970,26210,26670,2.4193548387096775,2.4193548387096775,2.557200538358008,2.557200538358008,1.5226494099733536,1.5226494099733536,1.5226494099733536,1.5226494099733536,1.5226494099733536,1.5226494099733536,1.5226494099733536,1.5226494099733536,,
1694728800,26615,26780,26265,26510,1.8049155145929339,1.8049155145929339,1.941934243414728,1.941934243414728,-0.3945143715949653,-0.3945143715949653,-0.3945143715949653,-0.3945143715949653,-0.3945143715949653,-0.3945143715949653,-0.3945143715949653,-0.3945143715949653,,
1694988000,26630,27550,26425,26835,3.052995391705069,3.052995391705069,0.7698084866691701,0.7698084866691701,0.7698084866691701,0.7698084866691701,0.7698084866691701,0.7698084866691701,0.7698084866691701,0.7698084866691701,0.7698084866691701,0.7698084866691701,,
1695074400,26850,27605,26720,27240,4.6082949308755765,4.6082949308755765,2.290649643259482,2.290649643259482,1.452513966480447,1.452513966480447,1.452513966480447,1.452513966480447,1.452513966480447,1.452513966480447,1.452513966480447,1.452513966480447,,
1695160800,27200,27460,26850,27135,4.205069124423963,4.205069124423963,1.8963574915508825,1.8963574915508825,-0.23897058823529413,-0.23897058823529413,-0.23897058823529413,-0.23897058823529413,-0.23897058823529413,-0.23897058823529413,-0.23897058823529413,-0.23897058823529413,,
1695247200,27150,27220,26385,26640,2.3041474654377883,2.3041474654377883,0.03755163349605708,0.03755163349605708,-1.8784530386740332,-1.8784530386740332,-1.8784530386740332,-1.8784530386740332,-1.8784530386740332,-1.8784530386740332,-1.8784530386740332,-1.8784530386740332,,
1695333600,26800,26820,26525,26565,2.0161290322580645,2.0161290322580645,-0.244085617724371,-0.244085617724371,-0.8768656716417911,-0.8768656716417911,-0.8768656716417911,-0.8768656716417911,-0.8768656716417911,-0.8768656716417911,-0.8768656716417911,-0.8768656716417911,,
1695592800,26515,26535,25990,26300,0.9984639016897081,0.9984639016897081,-0.8108617763530078,-0.8108617763530078,-0.8108617763530078,-0.8108617763530078,-0.8108617763530078,-0.8108617763530078,-0.8108617763530078,-0.8108617763530078,-0.8108617763530078,-0.8108617763530078,,
1695679200,26305,26410,26090,26175,0.5184331797235023,0.5184331797235023,-1.282293041674524,-1.282293041674524,-0.4942026230754609,-0.4942026230754609,-0.4942026230754609,-0.4942026230754609,-0.4942026230754609,-0.4942026230754609,-0.4942026230754609,-0.4942026230754609,,
1695765600,26160,26885,26095,26250,0.8064516129032258,0.8064516129032258,-0.9994342824816143,-0.9994342824816143,0.34403669724770647,0.34403669724770647,0.34403669724770647,0.34403669724770647,0.34403669724770647,0.34403669724770647,0.34403669724770647,0.34403669724770647,,
1695852000,26460,27580,26430,27360,5.0691244239631335,5.0691244239631335,3.1868753535734493,3.1868753535734493,3.4013605442176873,3.4013605442176873,3.4013605442176873,3.4013605442176873,3.4013605442176873,3.4013605442176873,3.4013605442176873,3.4013605442176873,,
1695938400,27305,27450,26795,27080,3.9938556067588324,3.9938556067588324,2.130869319253253,2.130869319253253,-0.8240249038637613,-0.8240249038637613,-0.8240249038637613,-0.8240249038637613,-0.8240249038637613,-0.8240249038637613,-0.8240249038637613,-0.8240249038637613,,
1696197600,27140,28930,27140,28030,3.2792925571112748,3.2792925571112748,3.2792925571112748,3.2792925571112748,3.2792925571112748,3.2792925571112748,3.2792925571112748,3.2792925571112748,3.2792925571112748,3.2792925571112748,3.2792925571112748,3.2792925571112748,,
1696284000,27770,27805,27300,27545,1.492262343404569,1.492262343404569,1.492262343404569,1.492262343404569,-0.810226863521786,-0.810226863521786,-0.810226863521786,-0.810226863521786,-0.810226863521786,-0.810226863521786,-0.810226863521786,-0.810226863521786,,
1696370400,27515,28015,27280,27835,2.5607958732498157,2.5607958732498157,2.5607958732498157,2.5607958732498157,1.1630019989096856,1.1630019989096856,1.1630019989096856,1.1630019989096856,1.1630019989096856,1.1630019989096856,1.1630019989096856,1.1630019989096856,,
1696456800,27885,28340,27470,27580,1.6212232866617537,1.6212232866617537,1.6212232866617537,1.6212232866617537,-1.09377801685494,-1.09377801685494,-1.09377801685494,-1.09377801685494,-1.09377801685494,-1.09377801685494,-1.09377801685494,-1.09377801685494,,
1696543200,27600,28270,27265,28190,3.8688282977155493,3.8688282977155493,3.8688282977155493,3.8688282977155493,2.1376811594202896,2.1376811594202896,2.1376811594202896,2.1376811594202896,2.1376811594202896,2.1376811594202896,2.1376811594202896,2.1376811594202896,,
1696802400,28165,28165,27385,27720,2.1370670596904935,2.1370670596904935,-1.5799751464583702,-1.5799751464583702,-1.5799751464583702,-1.5799751464583702,-1.5799751464583702,-1.5799751464583702,-1.5799751464583702,-1.5799751464583702,-1.5799751464583702,-1.5799751464583702,,
1696888800,27785,27850,27375,27530,1.4369933677229183,1.4369933677229183,-2.254571276406888,-2.254571276406888,-0.9177613820406695,-0.9177613820406695,-0.9177613820406695,-0.9177613820406695,-0.667508569366769,-0.667508569366769,-0.667508569366769,-0.667508569366769,,
1696975200,27555,27590,26595,26805,-1.234340456890199,-1.234340456890199,-4.828688088052548,-4.828688088052548,-2.7218290691344587,-2.7218290691344587,-2.7218290691344587,-2.7218290691344587,-2.7218290691344587,-2.7218290691344587,-2.7218290691344587,-2.7218290691344587,,
1697061600,26800,27025,26570,26810,-1.2159174649963154,-1.2159174649963154,-4.81093555831706,-4.81093555831706,0.0373134328358209,0.0373134328358209,0.0373134328358209,0.0373134328358209,0.0373134328358209,0.0373134328358209,0.0373134328358209,0.0373134328358209,,
1697148000,26840,27170,26695,27040,-0.36845983787767134,-0.36845983787767134,-3.9943191904846445,-3.9943191904846445,0.7451564828614009,0.7451564828614009,0.7451564828614009,0.7451564828614009,0.7451564828614009,0.7451564828614009,0.7451564828614009,0.7451564828614009,,
1697407200,27105,30285,27100,28510,5.047899778924098,5.047899778924098,5.183545471315256,5.183545471315256,5.183545471315256,5.183545471315256,5.183545471315256,5.183545471315256,5.183545471315256,5.183545471315256,5.183545471315256,5.183545471315256,,
1697493600,28605,28760,28240,28535,5.140014738393515,5.140014738393515,5.275779376498801,5.275779376498801,-0.24471246285614404,-0.24471246285614404,-0.24471246285614404,-0.24471246285614404,-0.24471246285614404,-0.24471246285614404,-0.24471246285614404,-0.24471246285614404,,
1697580000,28570,29120,28210,28320,4.3478260869565215,4.3478260869565215,4.482567791920309,4.482567791920309,-0.8750437521876094,-0.8750437521876094,-0.8750437521876094,-0.8750437521876094,-0.8750437521876094,-0.8750437521876094,-0.8750437521876094,-0.8750437521876094,,
1697666400,28315,29090,28180,28855,6.319086219602063,6.319086219602063,6.456373362848184,6.456373362848184,1.9071163694155042,1.9071163694155042,1.9071163694155042,1.9071163694155042,1.9071163694155042,1.9071163694155042,1.9071163694155042,1.9071163694155042,,
1697752800,28770,30465,28695,29665,9.303610906411201,9.303610906411201,9.444751890795056,9.444751890795056,3.110879388251651,3.110879388251651,3.110879388251651,3.110879388251651,3.110879388251651,3.110879388251651,3.110879388251651,3.110879388251651,,
1698012000,29770,31935,29770,31635,16.562269712601328,16.562269712601328,6.264696002687269,6.264696002687269,6.264696002687269,6.264696002687269,6.264696002687269,6.264696002687269,6.264696002687269,6.264696002687269,6.264696002687269,6.264696002687269,,
1698098400,31770,35260,31735,33715,24.22623434045689,24.22623434045689,13.251595566006047,13.251595566006047,6.1221277935158955,6.1221277935158955,6.1221277935158955,6.1221277935158955,6.1221277935158955,6.1221277935158955,6.1221277935158955,6.1221277935158955,,
1698184800,34200,35245,33745,34725,27.947678703021374,27.947678703021374,16.644272757809876,16.644272757809876,1.5350877192982455,1.5350877192982455,1.5350877192982455,1.5350877192982455,1.5350877192982455,1.5350877192982455,1.5350877192982455,1.5350877192982455,,
1698271200,34970,35325,34170,34520,27.192336035372143,27.192336035372143,15.955660060463552,15.955660060463552,-1.2868172719473836,-1.2868172719473836,-1.2868172719473836,-1.2868172719473836,-1.2868172719473836,-1.2868172719473836,-1.2868172719473836,-1.2868172719473836,,
1698357600,34445,34625,33645,34095,25.62638172439204,25.62638172439204,14.52804837084313,14.52804837084313,-1.0161126433444623,-1.0161126433444623,-1.0161126433444623,-1.0161126433444623,-1.0161126433444623,-1.0161126433444623,-1.0161126433444623,-1.0161126433444623,,
1698616800,34180,35175,34180,34705,27.87398673544584,27.87398673544584,1.5359859566998246,1.5359859566998246,1.5359859566998246,1.5359859566998246,1.5359859566998246,1.5359859566998246,1.5359859566998246,1.5359859566998246,1.5359859566998246,1.5359859566998246,,
1698703200,34770,35125,34300,35075,29.23728813559322,29.23728813559322,2.618490345231129,2.618490345231129,0.8771929824561403,0.8771929824561403,0.8771929824561403,0.8771929824561403,0.8771929824561403,0.8771929824561403,0.8771929824561403,0.8771929824561403,,
1698789600,34945,35960,34320,35875,2.661324939190156,2.661324939190156,4.959040374488004,4.959040374488004,2.661324939190156,2.661324939190156,2.661324939190156,2.661324939190156,2.661324939190156,2.661324939190156,2.661324939190156,2.661324939190156,,
1698876000,35880,36560,34585,35235,0.8298755186721992,0.8298755186721992,3.0866003510825046,3.0866003510825046,-1.797658862876254,-1.797658862876254,-1.797658862876254,-1.797658862876254,-1.797658862876254,-1.797658862876254,-1.797658862876254,-1.797658862876254,,
1698962400,35240,35270,34405,34860,-0.24323937616254113,-0.24323937616254113,1.989467524868344,1.989467524868344,-1.0783200908059023,-1.0783200908059023,-1.0783200908059023,-1.0783200908059023,-1.0783200908059023,-1.0783200908059023,-1.0783200908059023,-1.0783200908059023,,
1699225200,35320,35825,35040,35290,0.9872657032479611,0.9872657032479611,-0.08493771234428087,-0.08493771234428087,-0.08493771234428087,-0.08493771234428087,-0.08493771234428087,-0.08493771234428087,-0.08493771234428087,-0.08493771234428087,-0.08493771234428087,-0.08493771234428087,,
1699311600,35335,36330,34760,35900,2.7328659321791386,2.7328659321791386,1.6421291053227631,1.6421291053227631,1.5989811801330127,1.5989811801330127,1.5989811801330127,1.5989811801330127,1.5989811801330127,1.5989811801330127,1.5989811801330127,1.5989811801330127,,
1699398000,35740,36415,35300,35910,2.761482329374732,2.761482329374732,1.6704416761041903,1.6704416761041903,0.4756575265808618,0.4756575265808618,0.4756575265808618,0.4756575265808618,0.4756575265808618,0.4756575265808618,0.4756575265808618,0.4756575265808618,,
1699484400,35945,38380,35850,36835,5.408499069967091,5.408499069967091,4.289354473386184,4.289354473386184,2.4760050076505773,2.4760050076505773,2.4760050076505773,2.4760050076505773,2.4760050076505773,2.4760050076505773,2.4760050076505773,2.4760050076505773,,
1699570800,36895,37875,36600,37610,7.626269852625554,7.626269852625554,6.483578708946772,6.483578708946772,1.9379319691015042,1.9379319691015042,1.9379319691015042,1.9379319691015042,1.9379319691015042,1.9379319691015042,1.9379319691015042,1.9379319691015042,,
1699830000,37595,37710,36510,36655,4.893403920446416,4.893403920446416,-2.5003324910227427,-2.5003324910227427,-2.5003324910227427,-2.5003324910227427,-2.5003324910227427,-2.5003324910227427,-2.5003324910227427,-2.5003324910227427,-2.5003324910227427,-2.5003324910227427,,
1699916400,36915,36970,34820,35695,2.146229789669481,2.146229789669481,-5.053863545684266,-5.053863545684266,-3.3048896112691315,-3.3048896112691315,-3.3048896112691315,-3.3048896112691315,-3.3048896112691315,-3.3048896112691315,-3.3048896112691315,-3.3048896112691315,,
1700002800,35710,38125,35500,37905,8.47045356989555,8.47045356989555,0.8245777364011171,0.8245777364011171,6.146737608513021,6.146737608513021,6.146737608513021,6.146737608513021,6.146737608513021,6.146737608513021,6.146737608513021,6.146737608513021,,
1700089200,38150,38285,35630,36070,3.219344684504221,3.219344684504221,-4.056390477457109,-4.056390477457109,-5.4521625163827,-5.4521625163827,-5.4521625163827,-5.4521625163827,-5.4521625163827,-5.4521625163827,-5.4521625163827,-5.4521625163827,,
1700175600,36230,37010,35955,36530,4.535698955501502,4.535698955501502,-2.832823513765128,-2.832823513765128,0.8280430582390284,0.8280430582390284,0.8280430582390284,0.8280430582390284,0.8280430582390284,0.8280430582390284,0.8280430582390284,0.8280430582390284,,
1700434800,36850,37865,36730,37515,7.3544140792674195,7.3544140792674195,1.8046132971506104,1.8046132971506104,1.8046132971506104,1.8046132971506104,1.8046132971506104,1.8046132971506104,1.8046132971506104,1.8046132971506104,1.8046132971506104,1.8046132971506104,,
1700521200,37540,37750,36240,36850,5.451423665760481,5.451423665760481,0,0,-1.8380394246137453,-1.8380394246137453,-1.8380394246137453,-1.8380394246137453,-1.8380394246137453,-1.8380394246137453,-1.8380394246137453,-1.8380394246137453,,
1700607600,37000,38630,36140,38370,9.801116039490628,9.801116039490628,4.12483039348711,4.12483039348711,3.702702702702703,3.702702702702703,3.702702702702703,3.702702702702703,3.702702702702703,3.702702702702703,3.702702702702703,3.702702702702703,,
1700694000,38255,39370,37610,38295,9.586493060523681,9.586493060523681,3.921302578018996,3.921302578018996,0.10456149522938178,0.10456149522938178,0.10456149522938178,0.10456149522938178,0.10456149522938178,0.10456149522938178,0.10456149522938178,0.10456149522938178,,
1701039600,38475,38475,37100,37465,7.211332093289455,7.211332093289455,-2.6250812215724495,-2.6250812215724495,-2.6250812215724495,-2.6250812215724495,-2.6250812215724495,-2.6250812215724495,-2.6250812215724495,-2.6250812215724495,-2.6250812215724495,-2.6250812215724495,,
1701126000,37490,39250,37295,38640,10.573758763771641,10.573758763771641,0.42884990253411304,0.42884990253411304,3.067484662576687,3.067484662576687,3.067484662576687,3.067484662576687,3.067484662576687,3.067484662576687,3.067484662576687,3.067484662576687,,
1701212400,38900,39110,38005,38165,9.21447989698097,9.21447989698097,-0.8057179987004549,-0.8057179987004549,-1.8894601542416452,-1.8894601542416452,-1.8894601542416452,-1.8894601542416452,-1.8894601542416452,-1.8894601542416452,-1.8894601542416452,-1.8894601542416452,,
1701298800,38250,38615,37870,38195,9.30032908856775,9.30032908856775,-0.7277452891487979,-0.7277452891487979,-0.1437908496732026,-0.1437908496732026,-0.1437908496732026,-0.1437908496732026,-0.1437908496732026,-0.1437908496732026,-0.1437908496732026,-0.1437908496732026,,
1701385200,38180,39650,38045,39230,2.750130958617077,2.750130958617077,1.962313190383366,1.962313190383366,2.750130958617077,2.750130958617077,2.750130958617077,2.750130958617077,2.750130958617077,2.750130958617077,2.750130958617077,2.750130958617077,,
1701644400,40220,42725,40220,42540,11.41959140911472,11.41959140911472,5.768274490303331,5.768274490303331,5.768274490303331,5.768274490303331,5.768274490303331,5.768274490303331,5.768274490303331,5.768274490303331,5.768274490303331,5.768274490303331,,
1701730800,42575,44730,41805,44440,16.396018858040858,16.396018858040858,10.492292391844853,10.492292391844853,4.380504991192014,4.380504991192014,4.380504991192014,4.380504991192014,4.380504991192014,4.380504991192014,4.380504991192014,4.380504991192014,,
1701817200,44755,44835,43805,44305,16.04243059193295,16.04243059193295,10.156638488314272,10.156638488314272,-1.0054742486872974,-1.0054742486872974,-1.0054742486872974,-1.0054742486872974,-1.0054742486872974,-1.0054742486872974,-1.0054742486872974,-1.0054742486872974,,
1701903600,44280,44555,43360,43900,14.981665793609219,14.981665793609219,9.149676777722526,9.149676777722526,-0.8581752484191508,-0.8581752484191508,-0.8581752484191508,-0.8581752484191508,-0.8581752484191508,-0.8581752484191508,-0.8581752484191508,-0.8581752484191508,,
1701990000,43690,45245,43550,45070,18.046097433211106,18.046097433211106,12.058677274987568,12.058677274987568,3.158617532616159,3.158617532616159,3.158617532616159,3.158617532616159,3.158617532616159,3.158617532616159,3.158617532616159,3.158617532616159,,
1702249200,44465,44465,40450,41400,8.433734939759036,8.433734939759036,-6.893061958844035,-6.893061958844035,-6.893061958844035,-6.893061958844035,-6.893061958844035,-6.893061958844035,-6.893061958844035,-6.893061958844035,-6.893061958844035,-6.893061958844035,,
1702335600,41400,42300,40895,41270,8.093242535358828,8.093242535358828,-7.185426740132689,-7.185426740132689,-0.3140096618357488,-0.3140096618357488,-0.3140096618357488,-0.3140096618357488,-0.3140096618357488,-0.3140096618357488,-0.3140096618357488,-0.3140096618357488,,
1702422000,41500,43495,40780,43335,13.501833420639079,13.501833420639079,-2.541324637355223,-2.541324637355223,4.421686746987952,4.421686746987952,4.421686746987952,4.421686746987952,4.421686746987952,4.421686746987952,4.421686746987952,4.421686746987952,,
1702508400,43100,43715,42020,43265,13.318491356731274,13.318491356731274,-2.698751827279883,-2.698751827279883,0.382830626450116,0.382830626450116,0.382830626450116,0.382830626450116,0.382830626450116,0.382830626450116,0.382830626450116,0.382830626450116,,
1702594800,43375,43485,41855,42465,11.223153483499214,11.223153483499214,-4.497919712133138,-4.497919712133138,-2.0979827089337175,-2.0979827089337175,-2.0979827089337175,-2.0979827089337175,-2.0979827089337175,-2.0979827089337175,-2.0979827089337175,-2.0979827089337175,,
1702854000,41930,42970,40685,42870,12.283918281822944,12.283918281822944,2.2418316241354637,2.2418316241354637,2.2418316241354637,2.2418316241354637,2.2418316241354637,2.2418316241354637,2.2418316241354637,2.2418316241354637,2.2418316241354637,2.2418316241354637,,
1702940400,42830,43680,41915,42625,11.642221058145626,11.642221058145626,1.657524445504412,1.657524445504412,-0.47863646976418395,-0.47863646976418395,-0.47863646976418395,-0.47863646976418395,-0.47863646976418395,-0.47863646976418395,-0.47863646976418395,-0.47863646976418395,,
1703026800,42540,44600,42315,43590,14.169722367731797,14.169722367731797,3.95897925113284,3.95897925113284,2.4682651622002822,2.4682651622002822,2.4682651622002822,2.4682651622002822,2.4682651622002822,2.4682651622002822,2.4682651622002822,2.4682651622002822,,
1703113200,43825,44475,43445,44130,15.584075432163436,15.584075432163436,5.246839971380872,5.246839971380872,0.6959498003422704,0.6959498003422704,0.6959498003422704,0.6959498003422704,0.6959498003422704,0.6959498003422704,0.6959498003422704,0.6959498003422704,,
1703199600,44055,44650,43495,43830,14.798323729701416,14.798323729701416,4.531361793465299,4.531361793465299,-0.5107252298263534,-0.5107252298263534,-0.5107252298263534,-0.5107252298263534,-0.5107252298263534,-0.5107252298263534,-0.5107252298263534,-0.5107252298263534,,
1703545200,43780,43780,41640,42335,10.882661079099003,10.882661079099003,-3.3005938784833257,-3.3005938784833257,-3.3005938784833257,-3.3005938784833257,-3.3005938784833257,-3.3005938784833257,-3.3005938784833257,-3.3005938784833257,-3.3005938784833257,-3.3005938784833257,,
1703631600,42150,43670,42145,43395,13.658983761131482,13.658983761131482,-0.8793969849246231,-0.8793969849246231,2.9537366548042705,2.9537366548042705,2.9537366548042705,2.9537366548042705,2.9537366548042705,2.9537366548042705,2.9537366548042705,2.9537366548042705,,
1703718000,44080,44625,42880,43030,12.702985856469356,12.702985856469356,-1.7131110095934217,-1.7131110095934217,-2.382032667876588,-2.382032667876588,-2.382032667876588,-2.382032667876588,-2.382032667876588,-2.382032667876588,-2.382032667876588,-2.382032667876588,,
1703804400,42800,43700,41915,42435,11.144578313253012,11.144578313253012,-3.072179077204203,-3.072179077204203,-0.852803738317757,-0.852803738317757,-0.852803738317757,-0.852803738317757,-0.852803738317757,-0.852803738317757,-0.852803738317757,-0.852803738317757,,
1704150000,43855,47105,43855,45650,4.093033861589328,4.093033861589328,4.093033861589328,4.093033861589328,4.093033861589328,4.093033861589328,4.093033861589328,4.093033861589328,4.093033861589328,4.093033861589328,4.093033861589328,4.093033861589328,,
1704236400,45420,46000,40995,43370,-1.105917227226086,-1.105917227226086,-1.105917227226086,-1.105917227226086,-4.513430206957287,-4.513430206957287,-4.513430206957287,-4.513430206957287,-4.513430206957287,-4.513430206957287,-4.513430206957287,-4.513430206957287,,
1704322800,43215,45415,43005,44925,2.4398586250142515,2.4398586250142515,2.4398586250142515,2.4398586250142515,3.9569593891010064,3.9569593891010064,3.9569593891010064,3.9569593891010064,3.9569593891010064,3.9569593891010064,3.9569593891010064,3.9569593891010064,,
1704409200,44845,44860,43260,44355,1.1401208528103979,1.1401208528103979,1.1401208528103979,1.1401208528103979,-1.0926524696175717,-1.0926524696175717,-1.0926524696175717,-1.0926524696175717,-1.0926524696175717,-1.0926524696175717,-1.0926524696175717,-1.0926524696175717,,
1704668400,44335,47775,43490,47590,8.516702770493673,8.516702770493673,7.341829254539303,7.341829254539303,7.341829254539303,7.341829254539303,7.341829254539303,7.341829254539303,7.341829254539303,7.341829254539303,7.341829254539303,7.341829254539303,,
1704754800,46730,48490,45270,45715,4.24124957245468,4.24124957245468,3.112664937408368,3.112664937408368,-2.172052214851273,-2.172052214851273,-2.172052214851273,-2.172052214851273,-2.172052214851273,-2.172052214851273,-2.172052214851273,-2.172052214851273,,
1704841200,46420,47080,44520,46120,5.164747463231103,5.164747463231103,4.02616442990865,4.02616442990865,-0.6462731581214994,-0.6462731581214994,-0.6462731581214994,-0.6462731581214994,-0.6462731581214994,-0.6462731581214994,-0.6462731581214994,-0.6462731581214994,,
1704927600,46930,49430,45675,46195,5.335765591152662,5.335765591152662,4.195331002593887,4.195331002593887,-1.5661623694864693,-1.5661623694864693,-1.5661623694864693,-1.5661623694864693,-1.5661623694864693,-1.5661623694864693,-1.5661623694864693,-1.5661623694864693,,
1705014000,46435,46685,43145,43415,-1.00330635047315,-1.00330635047315,-2.0751099582722454,-2.0751099582722454,-6.503714870248735,-6.503714870248735,-6.503714870248735,-6.503714870248735,-6.503714870248735,-6.503714870248735,-6.503714870248735,-6.503714870248735,,
1705273200,42475,43645,41690,43500,-0.8094858054953824,-0.8094858054953824,2.413184226015303,2.413184226015303,2.413184226015303,2.413184226015303,2.413184226015303,2.413184226015303,2.413184226015303,2.413184226015303,2.413184226015303,2.413184226015303,,
1705446000,43345,43390,42215,42780,-2.4512598335423554,-2.4512598335423554,0.7180694526191878,0.7180694526191878,-1.3034952128273156,-1.3034952128273156,-1.3034952128273156,-1.3034952128273156,-1.3034952128273156,-1.3034952128273156,-1.3034952128273156,-1.3034952128273156,,
1705532400,42750,42920,40570,41110,-6.259263481929085,-6.259263481929085,-3.213655091230135,-3.213655091230135,-3.8362573099415203,-3.8362573099415203,-3.8362573099415203,-3.8362573099415203,-3.8362573099415203,-3.8362573099415203,-3.8362573099415203,-3.8362573099415203,,
1705618800,41255,42155,40295,41645,-5.039334169421958,-5.039334169421958,-1.9540906415538553,-1.9540906415538553,0.9453399587928737,0.9453399587928737,0.9453399587928737,0.9453399587928737,0.9453399587928737,0.9453399587928737,0.9453399587928737,0.9453399587928737,,
1705878000,41685,41700,39330,39870,-9.086763196898872,-9.086763196898872,-4.354084202950702,-4.354084202950702,-4.354084202950702,-4.354084202950702,-4.354084202950702,-4.354084202950702,-4.354084202950702,-4.354084202950702,-4.354084202950702,-4.354084202950702,,
1705964400,39860,40155,38540,39195,-10.625926348192909,-10.625926348192909,-5.973371716444764,-5.973371716444764,-1.6683391871550428,-1.6683391871550428,-1.6683391871550428,-1.6683391871550428,-1.6683391871550428,-1.6683391871550428,-1.6683391871550428,-1.6683391871550428,,
1706050800,39500,40540,39495,39850,-9.132368031011287,-9.132368031011287,-4.402063092239414,-4.402063092239414,0.8860759493670887,0.8860759493670887,0.8860759493670887,0.8860759493670887,0.8860759493670887,0.8860759493670887,0.8860759493670887,0.8860759493670887,,
1706137200,40300,40615,39865,40260,-8.19746893170676,-8.19746893170676,-3.418495861820799,-3.418495861820799,-0.09925558312655086,-0.09925558312655086,-0.09925558312655086,-0.09925558312655086,-0.09925558312655086,-0.09925558312655086,-0.09925558312655086,-0.09925558312655086,,
1706223600,40250,42605,40140,42335,-3.4659673925436096,-3.4659673925436096,1.5593139018831714,1.5593139018831714,5.180124223602484,5.180124223602484,5.180124223602484,5.180124223602484,5.180124223602484,5.180124223602484,5.180124223602484,5.180124223602484,,
1706482800,42280,43655,42050,43525,-0.7524797628548626,-0.7524797628548626,2.944654683065279,2.944654683065279,2.944654683065279,2.944654683065279,2.944654683065279,2.944654683065279,2.944654683065279,2.944654683065279,2.944654683065279,2.944654683065279,,
1706569200,43565,44285,43425,43855,0,0,3.7251655629139075,3.7251655629139075,0.6656719843911396,0.6656719843911396,0.6656719843911396,0.6656719843911396,0.6656719843911396,0.6656719843911396,0.6656719843911396,0.6656719843911396,,
1706655600,43890,44115,42550,42750,-2.519667084710979,-2.519667084710979,1.1116367076631977,1.1116367076631977,-2.5974025974025974,-2.5974025974025974,-2.5974025974025974,-2.5974025974025974,-2.5974025974025974,-2.5974025974025974,-2.5974025974025974,-2.5974025974025974,,
1706742000,42745,43610,42100,43445,1.6376184349046672,1.6376184349046672,2.755439924314097,2.755439924314097,1.6376184349046672,1.6376184349046672,1.6376184349046672,1.6376184349046672,1.6376184349046672,1.6376184349046672,1.6376184349046672,1.6376184349046672,,
1706828400,43245,43780,42810,43230,1.1346356298982336,1.1346356298982336,2.2469252601702934,2.2469252601702934,-0.0346860908775581,-0.0346860908775581,-0.0346860908775581,-0.0346860908775581,-0.0346860908775581,-0.0346860908775581,-0.0346860908775581,-0.0346860908775581,,
1707087600,42820,43835,42265,42560,-0.4327991577962335,-0.4327991577962335,-0.6071929005137786,-0.6071929005137786,-0.6071929005137786,-0.6071929005137786,-0.6071929005137786,-0.6071929005137786,-0.6071929005137786,-0.6071929005137786,-0.6071929005137786,-0.6071929005137786,,
1707174000,42595,43640,42595,43420,1.5791320622295004,1.5791320622295004,1.4012143858010275,1.4012143858010275,1.9368470477755604,1.9368470477755604,1.9368470477755604,1.9368470477755604,1.9368470477755604,1.9368470477755604,1.9368470477755604,1.9368470477755604,,
1707260400,43460,44700,42920,44520,4.152532459936835,4.152532459936835,3.9701074264362446,3.9701074264362446,2.4390243902439024,2.4390243902439024,2.4390243902439024,2.4390243902439024,2.4390243902439024,2.4390243902439024,2.4390243902439024,2.4390243902439024,,
1707346800,44445,45900,44445,45560,6.585565563223769,6.585565563223769,6.3988790284913595,6.3988790284913595,2.508718641016987,2.508718641016987,2.508718641016987,2.508718641016987,2.508718641016987,2.508718641016987,2.508718641016987,2.508718641016987,,
1707433200,45515,48505,45515,47805,11.837641829453737,11.837641829453737,11.64175618869687,11.64175618869687,5.031308359881358,5.031308359881358,5.031308359881358,5.031308359881358,5.031308359881358,5.031308359881358,5.031308359881358,5.031308359881358,,
1707692400,48370,50675,47940,50090,17.183296291963973,17.183296291963973,3.555923092826132,3.555923092826132,3.555923092826132,3.555923092826132,3.555923092826132,3.555923092826132,3.555923092826132,3.555923092826132,3.555923092826132,3.555923092826132,,
1707778800,50270,50725,48580,49830,16.575038016142237,16.575038016142237,3.018399834608228,3.018399834608228,-0.87527352297593,-0.87527352297593,-0.87527352297593,-0.87527352297593,-0.87527352297593,-0.87527352297593,-0.87527352297593,-0.87527352297593,,
1707865200,50125,52410,49565,52085,21.850508831442276,21.850508831442276,7.680380401075046,7.680380401075046,3.910224438902743,3.910224438902743,3.910224438902743,3.910224438902743,3.910224438902743,3.910224438902743,3.910224438902743,3.910224438902743,,
1707951600,52050,53135,51630,51645,20.821148672359342,20.821148672359342,6.770725656398595,6.770725656398595,-0.7780979827089337,-0.7780979827089337,-0.7780979827089337,-0.7780979827089337,-0.7780979827089337,-0.7780979827089337,-0.7780979827089337,-0.7780979827089337,,
1708038000,51945,52870,51835,52240,22.213124342028305,22.213124342028305,8.000826958858797,8.000826958858797,0.5679083646164212,0.5679083646164212,0.5679083646164212,0.5679083646164212,0.5679083646164212,0.5679083646164212,0.5679083646164212,0.5679083646164212,,
1708297200,52280,53205,50830,52125,21.944087027722542,21.944087027722542,-0.29648048967100227,-0.29648048967100227,-0.29648048967100227,-0.29648048967100227,-0.29648048967100227,-0.29648048967100227,-0.29648048967100227,-0.29648048967100227,-0.29648048967100227,-0.29648048967100227,,
1708470000,52210,52655,50575,51410,20.27137676921277,20.27137676921277,-1.6641162968630452,-1.6641162968630452,-1.5322735108216816,-1.5322735108216816,-1.5322735108216816,-1.5322735108216816,-1.5322735108216816,-1.5322735108216816,-1.5322735108216816,-1.5322735108216816,,
1708556400,52195,52845,51630,52420,22.63422622528951,22.63422622528951,0.26778882938026016,0.26778882938026016,0.431075773541527,0.431075773541527,0.431075773541527,0.431075773541527,0.431075773541527,0.431075773541527,0.431075773541527,0.431075773541527,,
1708642800,52200,52200,51255,51605,20.727570476079073,20.727570476079073,-1.2911247130833972,-1.2911247130833972,-1.1398467432950192,-1.1398467432950192,-1.1398467432950192,-1.1398467432950192,-1.1398467432950192,-1.1398467432950192,-1.1398467432950192,-1.1398467432950192,,
1708902000,52360,55740,51470,55485,29.804655515264944,29.804655515264944,5.96829640947288,5.96829640947288,5.96829640947288,5.96829640947288,5.96829640947288,5.96829640947288,5.96829640947288,5.96829640947288,5.96829640947288,5.96829640947288,,
1708988400,55650,58335,55260,57415,34.31980348578781,34.31980348578781,9.654316271963332,9.654316271963332,3.1716082659478886,3.1716082659478886,3.1716082659478886,3.1716082659478886,3.1716082659478886,3.1716082659478886,3.1716082659478886,3.1716082659478886,,
1709074800,57500,65000,57350,61275,43.35009942683355,43.35009942683355,17.026355996944233,17.026355996944233,6.565217391304349,6.565217391304349,6.565217391304349,6.565217391304349,6.565217391304349,6.565217391304349,6.565217391304349,6.565217391304349,,
1709161200,61510,64345,60975,62120,45.32693882325418,45.32693882325418,18.6401833460657,18.6401833460657,0.9917086652576818,0.9917086652576818,0.9917086652576818,0.9917086652576818,0.9917086652576818,0.9917086652576818,0.9917086652576818,0.9917086652576818,,
1709247600,61875,64060,61440,63400,2.4646464646464645,2.4646464646464645,21.08479755538579,21.08479755538579,2.4646464646464645,2.4646464646464645,2.4646464646464645,2.4646464646464645,2.4646464646464645,2.4646464646464645,2.4646464646464645,2.4646464646464645,,
1709506800,63950,68790,63040,68290,10.367676767676768,10.367676767676768,6.786551993745113,6.786551993745113,6.786551993745113,6.786551993745113,6.786551993745113,6.786551993745113,6.786551993745113,6.786551993745113,6.786551993745113,6.786551993745113,,
1709593200,68730,70215,60125,63895,3.2646464646464644,3.2646464646464644,-0.08600469116497264,-0.08600469116497264,-7.034773752364325,-7.034773752364325,-7.034773752364325,-7.034773752364325,-7.034773752364325,-7.034773752364325,-7.034773752364325,-7.034773752364325,,
1709679600,63845,68235,63345,67095,8.436363636363636,8.436363636363636,4.91790461297889,4.91790461297889,5.090453441929673,5.090453441929673,5.090453441929673,5.090453441929673,5.090453441929673,5.090453441929673,5.090453441929673,5.090453441929673,,
1709766000,66800,68835,66075,67900,9.737373737373737,9.737373737373737,6.17670054730258,6.17670054730258,1.6467065868263475,1.6467065868263475,1.6467065868263475,1.6467065868263475,1.6467065868263475,1.6467065868263475,1.6467065868263475,1.6467065868263475,,
1709852400,67770,71100,66760,69015,11.539393939393939,11.539393939393939,7.920250195465208,7.920250195465208,1.8370960602036297,1.8370960602036297,1.8370960602036297,1.8370960602036297,1.8370960602036297,1.8370960602036297,1.8370960602036297,1.8370960602036297,,
1710108000,69655,73560,67520,72845,17.729292929292928,17.729292929292928,4.57971430622353,4.57971430622353,4.57971430622353,4.57971430622353,4.57971430622353,4.57971430622353,4.57971430622353,4.57971430622353,4.57971430622353,4.57971430622353,,
1710194400,72945,73800,69115,71590,15.701010101010102,15.701010101010102,2.7779771732108247,2.7779771732108247,-1.8575639180204262,-1.8575639180204262,-1.8575639180204262,-1.8575639180204262,-1.8575639180204262,-1.8575639180204262,-1.8575639180204262,-1.8575639180204262,,
1710280800,71500,74365,71000,73720,19.143434343434343,19.143434343434343,5.8359055344196396,5.8359055344196396,3.104895104895105,3.104895104895105,3.104895104895105,3.104895104895105,3.104895104895105,3.104895104895105,3.104895104895105,3.104895104895105,,
1710367200,73725,74405,68780,71010,14.763636363636365,14.763636363636365,1.9453018448065467,1.9453018448065467,-3.6826042726347916,-3.6826042726347916,-3.6826042726347916,-3.6826042726347916,-3.6826042726347916,-3.6826042726347916,-3.6826042726347916,-3.6826042726347916,,
1710453600,71285,72875,66100,68240,10.286868686868686,10.286868686868686,-2.031440671882851,-2.031440671882851,-4.271585887634145,-4.271585887634145,-4.271585887634145,-4.271585887634145,-4.271585887634145,-4.271585887634145,-4.271585887634145,-4.271585887634145,,
1710712800,68420,69305,66835,67530,9.139393939393939,9.139393939393939,-1.3007892429114294,-1.3007892429114294,-1.3007892429114294,-1.3007892429114294,-1.3007892429114294,-1.3007892429114294,-1.3007892429114294,-1.3007892429114294,-1.3007892429114294,-1.3007892429114294,,
1710799200,67590,68385,62510,63900,3.272727272727273,3.272727272727273,-6.606255480853552,-6.606255480853552,-5.459387483355526,-5.459387483355526,-5.459387483355526,-5.459387483355526,-5.459387483355526,-5.459387483355526,-5.459387483355526,-5.459387483355526,,
1710885600,63990,68080,60955,67385,8.905050505050504,8.905050505050504,-1.5127155802396959,-1.5127155802396959,5.3055164869510865,5.3055164869510865,5.3055164869510865,5.3055164869510865,5.3055164869510865,5.3055164869510865,5.3055164869510865,5.3055164869510865,,
1710972000,67895,68475,64595,65560,5.955555555555556,5.955555555555556,-4.180064308681672,-4.180064308681672,-3.4391339568451285,-3.4391339568451285,-3.4391339568451285,-3.4391339568451285,-3.4391339568451285,-3.4391339568451285,-3.4391339568451285,-3.4391339568451285,,
1711058400,65715,66735,62635,63595,2.77979797979798,2.77979797979798,-7.0520315697164575,-7.0520315697164575,-3.2260518907403184,-3.2260518907403184,-3.2260518907403184,-3.2260518907403184,-3.2260518907403184,-3.2260518907403184,-3.2260518907403184,-3.2260518907403184,,
1711317600,66400,71415,66400,71110,14.925252525252525,14.925252525252525,7.093373493975903,7.093373493975903,7.093373493975903,7.093373493975903,7.093373493975903,7.093373493975903,7.093373493975903,7.093373493975903,7.093373493975903,7.093373493975903,,
1711404000,70215,71610,69320,69825,12.848484848484848,12.848484848484848,5.158132530120482,5.158132530120482,-0.5554368724631489,-0.5554368724631489,-0.5554368724631489,-0.5554368724631489,-0.5554368724631489,-0.5554368724631489,-0.5554368724631489,-0.5554368724631489,,
1711490400,70840,72530,69025,69510,12.33939393939394,12.33939393939394,4.683734939759036,4.683734939759036,-1.8774703557312251,-1.8774703557312251,-1.8774703557312251,-1.8774703557312251,-1.8774703557312251,-1.8774703557312251,-1.8774703557312251,-1.8774703557312251,,
1711576800,69620,72500,69420,71510,15.571717171717173,15.571717171717173,7.695783132530121,7.695783132530121,2.714737144498707,2.714737144498707,2.714737144498707,2.714737144498707,2.714737144498707,2.714737144498707,2.714737144498707,2.714737144498707,,
1711922400,71510,72270,68565,70395,-1.5592224863655433,-1.5592224863655433,-1.5592224863655433,-1.5592224863655433,-1.5592224863655433,-1.5592224863655433,-1.5592224863655433,-1.5592224863655433,-1.5592224863655433,-1.5592224863655433,-1.5592224863655433,-1.5592224863655433,,
1712008800,70225,70570,64990,65960,-7.761152286393512,-7.761152286393512,-7.761152286393512,-7.761152286393512,-6.073335706657174,-6.073335706657174,-6.073335706657174,-6.073335706657174,-6.073335706657174,-6.073335706657174,-6.073335706657174,-6.073335706657174,,
1712095200,66260,67480,64890,66110,-7.551391413788282,-7.551391413788282,-7.551391413788282,-7.551391413788282,-0.22638092363416845,-0.22638092363416845,-0.22638092363416845,-0.22638092363416845,-0.22638092363416845,-0.22638092363416845,-0.22638092363416845,-0.22638092363416845,,
1712181600,66200,69900,65390,68430,-4.307089917494056,-4.307089917494056,-4.307089917494056,-4.307089917494056,3.3685800604229605,3.3685800604229605,3.3685800604229605,3.3685800604229605,3.3685800604229605,3.3685800604229605,3.3685800604229605,3.3685800604229605,,
1712268000,68290,69175,66330,68035,-4.859460215354496,-4.859460215354496,-4.859460215354496,-4.859460215354496,-0.37340752672426414,-0.37340752672426414,-0.37340752672426414,-0.37340752672426414,-0.37340752672426414,-0.37340752672426414,-0.37340752672426414,-0.37340752672426414,,
1712527200,68650,73410,68650,72205,0.9718920430708992,0.9718920430708992,5.178441369264385,5.178441369264385,5.178441369264385,5.178441369264385,5.178441369264385,5.178441369264385,5.178441369264385,5.178441369264385,5.178441369264385,5.178441369264385,,
1712613600,72340,72465,68540,69450,-2.8807159837784924,-2.8807159837784924,1.1653313911143481,1.1653313911143481,-3.995023500138236,-3.995023500138236,-3.995023500138236,-3.995023500138236,-3.995023500138236,-3.995023500138236,-3.995023500138236,-3.995023500138236,,
1712700000,69470,70540,67750,70210,-1.8179275625786604,-1.8179275625786604,2.272396212672979,2.272396212672979,1.0652080034547287,1.0652080034547287,1.0652080034547287,1.0652080034547287,1.0652080034547287,1.0652080034547287,1.0652080034547287,1.0652080034547287,,
1712786400,70300,71795,69850,70950,-0.7831072577261922,-0.7831072577261922,3.3503277494537507,3.3503277494537507,0.9246088193456615,0.9246088193456615,0.9246088193456615,0.9246088193456615,0.9246088193456615,0.9246088193456615,0.9246088193456615,0.9246088193456615,,
1712872800,70700,71815,65375,67455,-5.670535589428052,-5.670535589428052,-1.7407137654770575,-1.7407137654770575,-4.589816124469589,-4.589816124469589,-4.589816124469589,-4.589816124469589,-4.589816124469589,-4.589816124469589,-4.589816124469589,-4.589816124469589,,
1713132000,64660,67255,62535,63265,-11.529855964200811,-11.529855964200811,-2.1574389112279615,-2.1574389112279615,-2.1574389112279615,-2.1574389112279615,-2.1574389112279615,-2.1574389112279615,-2.1574389112279615,-2.1574389112279615,-2.1574389112279615,-2.1574389112279615,,
1713218400,63500,64100,61860,63190,-11.634736400503426,-11.634736400503426,-2.273430250541293,-2.273430250541293,-0.4881889763779528,-0.4881889763779528,-0.4881889763779528,-0.4881889763779528,-0.4881889763779528,-0.4881889763779528,-0.4881889763779528,-0.4881889763779528,,
1713304800,63345,64685,59700,60900,-14.837085722276605,-14.837085722276605,-5.8150324775750075,-5.8150324775750075,-3.8598152971820983,-3.8598152971820983,-3.8598152971820983,-3.8598152971820983,-3.8598152971820983,-3.8598152971820983,-3.8598152971820983,-3.8598152971820983,,
1713391200,60995,64365,60880,63630,-11.019437840861418,-11.019437840861418,-1.5929477265697496,-1.5929477265697496,4.320026231658333,4.320026231658333,4.320026231658333,4.320026231658333,4.320026231658333,4.320026231658333,4.320026231658333,4.320026231658333,,
1713477600,63860,65650,59595,64130,-10.320234932177318,-10.320234932177318,-0.819672131147541,-0.819672131147541,0.42279987472596303,0.42279987472596303,0.42279987472596303,0.42279987472596303,0.42279987472596303,0.42279987472596303,0.42279987472596303,0.42279987472596303,,
1713736800,64550,66950,64500,66630,-6.824220388756817,-6.824220388756817,3.2223082881487217,3.2223082881487217,3.2223082881487217,3.2223082881487217,3.2223082881487217,3.2223082881487217,3.2223082881487217,3.2223082881487217,3.2223082881487217,3.2223082881487217,,
1713823200,66700,67300,65805,66305,-7.2787022794014815,-7.2787022794014815,2.718822618125484,2.718822618125484,-0.5922038980509745,-0.5922038980509745,-0.5922038980509745,-0.5922038980509745,-0.5922038980509745,-0.5922038980509745,-0.5922038980509745,-0.5922038980509745,,
1713909600,65955,67125,63455,64035,-10.453083484827296,-10.453083484827296,-0.7978311386522077,-0.7978311386522077,-2.911075733454628,-2.911075733454628,-2.911075733454628,-2.911075733454628,-2.911075733454628,-2.911075733454628,-2.911075733454628,-2.911075733454628,,
1713996000,64760,65585,63275,65440,-8.488323311424976,-8.488323311424976,1.3787761425251743,1.3787761425251743,1.0500308832612724,1.0500308832612724,1.0500308832612724,1.0500308832612724,1.0500308832612724,1.0500308832612724,1.0500308832612724,1.0500308832612724,,
1714082400,65390,65435,63755,64440,-9.886729128793176,-9.886729128793176,-0.17041053446940357,-0.17041053446940357,-1.4528215323443952,-1.4528215323443952,-1.4528215323443952,-1.4528215323443952,-1.4528215323443952,-1.4528215323443952,-1.4528215323443952,-1.4528215323443952,,
1714341600,64600,64875,62100,63460,-11.257166829814013,-11.257166829814013,-1.7647058823529411,-1.7647058823529411,-1.7647058823529411,-1.7647058823529411,-1.7647058823529411,-1.7647058823529411,-1.7647058823529411,-1.7647058823529411,-1.7647058823529411,-1.7647058823529411,,
1714428000,63485,65335,59320,60055,-16.018738637952733,-16.018738637952733,-7.035603715170279,-7.035603715170279,-5.402851067181224,-5.402851067181224,-5.402851067181224,-5.402851067181224,-5.402851067181224,-5.402851067181224,-5.402851067181224,-5.402851067181224,,
1714514400,60025,61160,56905,57650,-3.9566847147022077,-3.9566847147022077,-10.758513931888544,-10.758513931888544,-3.9566847147022077,-3.9566847147022077,-3.9566847147022077,-3.9566847147022077,-3.9566847147022077,-3.9566847147022077,-3.9566847147022077,-3.9566847147022077,,
1714600800,57900,60065,57260,59280,-1.241149521032903,-1.241149521032903,-8.235294117647058,-8.235294117647058,2.383419689119171,2.383419689119171,2.383419689119171,2.383419689119171,2.383419689119171,2.383419689119171,2.383419689119171,2.383419689119171,,
1714687200,59560,63665,59275,63360,5.556018325697626,5.556018325697626,-1.9195046439628483,-1.9195046439628483,6.3801208865010075,6.3801208865010075,6.3801208865010075,6.3801208865010075,6.3801208865010075,6.3801208865010075,6.3801208865010075,6.3801208865010075,,
1714946400,63920,66040,63065,63705,6.1307788421491045,6.1307788421491045,-0.33635794743429287,-0.33635794743429287,-0.33635794743429287,-0.33635794743429287,-0.33635794743429287,-0.33635794743429287,-0.33635794743429287,-0.33635794743429287,-0.33635794743429287,-0.33635794743429287,,
1715032800,63900,64850,63160,63250,5.372761349437734,5.372761349437734,-1.0481852315394244,-1.0481852315394244,-1.0172143974960877,-1.0172143974960877,-1.0172143974960877,-1.0172143974960877,-1.0172143974960877,-1.0172143974960877,-1.0172143974960877,-1.0172143974960877,,
1715119200,63020,63470,61720,61880,3.0903790087463556,3.0903790087463556,-3.1914893617021276,-3.1914893617021276,-1.808949539828626,-1.808949539828626,-1.808949539828626,-1.808949539828626,-1.808949539828626,-1.808949539828626,-1.808949539828626,-1.808949539828626,,
1715205600,61955,63105,60880,63040,5.022907122032486,5.022907122032486,-1.376720901126408,-1.376720901126408,1.7512710838511822,1.7512710838511822,1.7512710838511822,1.7512710838511822,1.7512710838511822,1.7512710838511822,1.7512710838511822,1.7512710838511822,,
1715292000,63000,63900,60410,60840,1.357767596834652,1.357767596834652,-4.818523153942428,-4.818523153942428,-3.428571428571429,-3.428571428571429,-3.428571428571429,-3.428571428571429,-3.428571428571429,-3.428571428571429,-3.428571428571429,-3.428571428571429,,
1715551200,61375,63850,61025,63410,5.639316951270304,5.639316951270304,3.3156822810590634,3.3156822810590634,3.3156822810590634,3.3156822810590634,3.3156822810590634,3.3156822810590634,3.3156822810590634,3.3156822810590634,3.3156822810590634,3.3156822810590634,,
1715637600,62525,63500,61345,61870,3.0737192836318203,3.0737192836318203,0.8065173116089613,0.8065173116089613,-1.0475809676129548,-1.0475809676129548,-1.0475809676129548,-1.0475809676129548,-1.0475809676129548,-1.0475809676129548,-1.0475809676129548,-1.0475809676129548,,
1715724000,61840,66875,61530,66365,10.562265722615576,10.562265722615576,8.130346232179226,8.130346232179226,7.317270375161708,7.317270375161708,7.317270375161708,7.317270375161708,7.317270375161708,7.317270375161708,7.317270375161708,7.317270375161708,,
1715810400,66365,67165,64865,65545,9.196168263223656,9.196168263223656,6.794297352342158,6.794297352342158,-1.235591049498983,-1.235591049498983,-1.235591049498983,-1.235591049498983,-1.235591049498983,-1.235591049498983,-1.235591049498983,-1.235591049498983,,
1715896800,65755,67870,65360,67270,12.06997084548105,12.06997084548105,9.604887983706721,9.604887983706721,2.304007299825108,2.304007299825108,2.304007299825108,2.304007299825108,2.304007299825108,2.304007299825108,2.304007299825108,2.304007299825108,,
1716156000,66650,70840,66280,69920,16.48479800083299,16.48479800083299,4.90622655663916,4.90622655663916,4.90622655663916,4.90622655663916,4.90622655663916,4.90622655663916,4.90622655663916,4.90622655663916,4.90622655663916,4.90622655663916,,
1716242400,70155,72340,69405,70005,16.62640566430654,16.62640566430654,5.033758439609903,5.033758439609903,-0.21381227282446014,-0.21381227282446014,-0.21381227282446014,-0.21381227282446014,-0.21381227282446014,-0.21381227282446014,-0.21381227282446014,-0.21381227282446014,,
1716328800,70045,71000,69430,69645,16.026655560183258,16.026655560183258,4.493623405851463,4.493623405851463,-0.5710614604896852,-0.5710614604896852,-0.5710614604896852,-0.5710614604896852,-0.5710614604896852,-0.5710614604896852,-0.5710614604896852,-0.5710614604896852,,
1716415200,69515,70375,66365,67875,13.077884214910455,13.077884214910455,1.837959489872468,1.837959489872468,-2.3592030497015033,-2.3592030497015033,-2.3592030497015033,-2.3592030497015033,-2.3592030497015033,-2.3592030497015033,-2.3592030497015033,-2.3592030497015033,,
1716501600,68155,69585,66745,69090,15.10204081632653,15.10204081632653,3.6609152288072018,3.6609152288072018,1.3718729366884308,1.3718729366884308,1.3718729366884308,1.3718729366884308,1.3718729366884308,1.3718729366884308,1.3718729366884308,1.3718729366884308,,
1716760800,69005,70890,67235,68385,13.92753019575177,13.92753019575177,-0.8984856169842764,-0.8984856169842764,-0.8984856169842764,-0.8984856169842764,-0.8984856169842764,-0.8984856169842764,-0.8984856169842764,-0.8984856169842764,-0.8984856169842764,-0.8984856169842764,,
1716933600,68555,68975,67095,67410,12.303206997084548,12.303206997084548,-2.31142670820955,-2.31142670820955,-1.6701918167894392,-1.6701918167894392,-1.6701918167894392,-1.6701918167894392,-1.6701918167894392,-1.6701918167894392,-1.6701918167894392,-1.6701918167894392,,
1717020000,68090,70320,67765,69245,15.360266555601832,15.360266555601832,0.3478008839939135,0.3478008839939135,1.6962843295638126,1.6962843295638126,1.6962843295638126,1.6962843295638126,1.6962843295638126,1.6962843295638126,1.6962843295638126,1.6962843295638126,,
1717106400,69210,69700,67030,68120,13.486047480216575,13.486047480216575,-1.2825157597275558,-1.2825157597275558,-1.5749169195203008,-1.5749169195203008,-1.5749169195203008,-1.5749169195203008,-1.5749169195203008,-1.5749169195203008,-1.5749169195203008,-1.5749169195203008,,
1717365600,68250,70985,68045,69550,1.9047619047619049,1.9047619047619049,1.9047619047619049,1.9047619047619049,1.9047619047619049,1.9047619047619049,1.9047619047619049,1.9047619047619049,1.9047619047619049,1.9047619047619049,1.9047619047619049,1.9047619047619049,,
1717452000,69555,71780,68950,71020,4.058608058608058,4.058608058608058,4.058608058608058,4.058608058608058,2.106246855006829,2.106246855006829,2.106246855006829,2.106246855006829,2.106246855006829,2.106246855006829,2.106246855006829,2.106246855006829,,
1717538400,71260,72470,70855,71760,5.142857142857142,5.142857142857142,5.142857142857142,5.142857142857142,0.7016559079427448,0.7016559079427448,0.7016559079427448,0.7016559079427448,0.7016559079427448,0.7016559079427448,0.7016559079427448,0.7016559079427448,,
1717624800,71980,72280,70515,71160,4.263736263736264,4.263736263736264,4.263736263736264,4.263736263736264,-1.1392053348152265,-1.1392053348152265,-1.1392053348152265,-1.1392053348152265,-1.1392053348152265,-1.1392053348152265,-1.1392053348152265,-1.1392053348152265,,
1717711200,71250,72655,68600,69605,1.9853479853479854,1.9853479853479854,1.9853479853479854,1.9853479853479854,-2.3087719298245615,-2.3087719298245615,-2.3087719298245615,-2.3087719298245615,-2.3087719298245615,-2.3087719298245615,-2.3087719298245615,-2.3087719298245615,,
1717970400,70045,70635,69485,69995,2.5567765567765566,2.5567765567765566,-0.07138268256121065,-0.07138268256121065,-0.07138268256121065,-0.07138268256121065,-0.07138268256121065,-0.07138268256121065,-0.07138268256121065,-0.07138268256121065,-0.07138268256121065,-0.07138268256121065,,
1718056800,69945,69945,66305,67575,-0.9890109890109889,-0.9890109890109889,-3.526304518523806,-3.526304518523806,-3.388376581599829,-3.388376581599829,-3.388376581599829,-3.388376581599829,-3.388376581599829,-3.388376581599829,-3.388376581599829,-3.388376581599829,,
1718143200,67785,70465,67220,68380,0.19047619047619047,0.19047619047619047,-2.3770433292883144,-2.3770433292883144,0.8777753190233828,0.8777753190233828,0.8777753190233828,0.8777753190233828,0.8777753190233828,0.8777753190233828,0.8777753190233828,0.8777753190233828,,
1718229600,68665,68855,66390,66875,-2.0146520146520146,-2.0146520146520146,-4.525662074380755,-4.525662074380755,-2.606859389791014,-2.606859389791014,-2.606859389791014,-2.606859389791014,-2.606859389791014,-2.606859389791014,-2.606859389791014,-2.606859389791014,,
1718316000,67275,67665,65205,65980,-3.326007326007326,-3.326007326007326,-5.803412092226426,-5.803412092226426,-1.924934968413229,-1.924934968413229,-1.924934968413229,-1.924934968413229,-1.924934968413229,-1.924934968413229,-1.924934968413229,-1.924934968413229,,
1718575200,66495,67525,65175,66565,-2.468864468864469,-2.468864468864469,0.1052710730130085,0.1052710730130085,0.1052710730130085,0.1052710730130085,0.1052710730130085,0.1052710730130085,0.1052710730130085,0.1052710730130085,0.1052710730130085,0.1052710730130085,,
1718661600,66750,66900,64095,64990,-4.7765567765567765,-4.7765567765567765,-2.2633280697796825,-2.2633280697796825,-2.636704119850187,-2.636704119850187,-2.636704119850187,-2.636704119850187,-2.636704119850187,-2.636704119850187,-2.636704119850187,-2.636704119850187,,
1718748000,65195,66665,64600,65195,-4.476190476190476,-4.476190476190476,-1.9550342130987293,-1.9550342130987293,0,0,0,0,0,0,0,0,,
1718920800,65145,65285,63370,64190,-5.948717948717949,-5.948717948717949,-3.4664260470712085,-3.4664260470712085,-1.4659605495433266,-1.4659605495433266,-1.4659605495433266,-1.4659605495433266,-1.4659605495433266,-1.4659605495433266,-1.4659605495433266,-1.4659605495433266,,
1719180000,64070,64070,58385,59410,-12.95238095238095,-12.95238095238095,-7.273294833775558,-7.273294833775558,-7.273294833775558,-7.273294833775558,-7.273294833775558,-7.273294833775558,-7.273294833775558,-7.273294833775558,-7.273294833775558,-7.273294833775558,,
1719266400,59700,62450,59700,61960,-9.216117216117215,-9.216117216117215,-3.2932729826751985,-3.2932729826751985,3.7855946398659968,3.7855946398659968,3.7855946398659968,3.7855946398659968,3.7855946398659968,3.7855946398659968,3.7855946398659968,3.7855946398659968,,
1719352800,62000,62525,60665,60955,-10.688644688644688,-10.688644688644688,-4.861869829873576,-4.861869829873576,-1.6854838709677418,-1.6854838709677418,-1.6854838709677418,-1.6854838709677418,-1.6854838709677418,-1.6854838709677418,-1.6854838709677418,-1.6854838709677418,,
1719439200,61515,62955,61010,61935,-9.252747252747252,-9.252747252747252,-3.33229280474481,-3.33229280474481,0.6827603023652767,0.6827603023652767,0.6827603023652767,0.6827603023652767,0.6827603023652767,0.6827603023652767,0.6827603023652767,0.6827603023652767,,
1719525600,61950,62625,60220,60470,-11.399267399267398,-11.399267399267398,-5.618854378024036,-5.618854378024036,-2.3890234059725586,-2.3890234059725586,-2.3890234059725586,-2.3890234059725586,-2.3890234059725586,-2.3890234059725586,-2.3890234059725586,-2.3890234059725586,,
1719784800,61320,64325,61320,63635,3.7752772341813436,3.7752772341813436,3.7752772341813436,3.7752772341813436,3.7752772341813436,3.7752772341813436,3.7752772341813436,3.7752772341813436,3.7752772341813436,3.7752772341813436,3.7752772341813436,3.7752772341813436,,
1719871200,63515,63685,62050,62235,1.4921722113502935,1.4921722113502935,1.4921722113502935,1.4921722113502935,-2.0152719829961425,-2.0152719829961425,-2.0152719829961425,-2.0152719829961425,-2.0152719829961425,-2.0152719829961425,-2.0152719829961425,-2.0152719829961425,,
1719957600,62150,62545,59700,59800,-2.4787997390737115,-2.4787997390737115,-2.4787997390737115,-2.4787997390737115,-3.781174577634755,-3.781174577634755,-3.781174577634755,-3.781174577634755,-3.781174577634755,-3.781174577634755,-3.781174577634755,-3.781174577634755,,
1720044000,60330,60645,53600,56575,-7.738095238095238,-7.738095238095238,-7.738095238095238,-7.738095238095238,-6.224100779048566,-6.224100779048566,-6.224100779048566,-6.224100779048566,-6.224100779048566,-6.224100779048566,-6.224100779048566,-6.224100779048566,,
1720389600,56825,58520,54550,56555,-7.770711024135682,-7.770711024135682,-0.47514298284205897,-0.47514298284205897,-0.47514298284205897,-0.47514298284205897,-0.47514298284205897,-0.47514298284205897,-0.47514298284205897,-0.47514298284205897,-0.47514298284205897,-0.47514298284205897,,
1720476000,56865,58570,56505,58190,-5.104370515329419,-5.104370515329419,2.402111746590409,2.402111746590409,2.3300800140684075,2.3300800140684075,2.3300800140684075,2.3300800140684075,2.3300800140684075,2.3300800140684075,2.3300800140684075,2.3300800140684075,,
1720562400,58115,59810,57340,57565,-6.123613829093281,-6.123613829093281,1.3022437307523096,1.3022437307523096,-0.9463993805385873,-0.9463993805385873,-0.9463993805385873,-0.9463993805385873,-0.9463993805385873,-0.9463993805385873,-0.9463993805385873,-0.9463993805385873,,
1720648800,57700,59880,57210,57725,-5.862687540769732,-5.862687540769732,1.583809942806863,1.583809942806863,0.04332755632582322,0.04332755632582322,0.04332755632582322,0.04332755632582322,0.04332755632582322,0.04332755632582322,0.04332755632582322,0.04332755632582322,,
1720735200,57610,58800,56690,57755,-5.813763861709067,-5.813763861709067,1.6366036075670918,1.6366036075670918,0.2516924145113696,0.2516924145113696,0.2516924145113696,0.2516924145113696,0.2516924145113696,0.2516924145113696,0.2516924145113696,0.2516924145113696,,
1720994400,60845,64190,60810,64025,4.411285061969993,4.411285061969993,5.226394937957104,5.226394937957104,5.226394937957104,5.226394937957104,5.226394937957104,5.226394937957104,5.226394937957104,5.226394937957104,5.226394937957104,5.226394937957104,,
1721080800,63865,65490,62615,64965,5.944227005870841,5.944227005870841,6.7713041334538575,6.7713041334538575,1.7223831519611683,1.7223831519611683,1.7223831519611683,1.7223831519611683,1.7223831519611683,1.7223831519611683,1.7223831519611683,1.7223831519611683,,
1721167200,64830,66320,64030,64710,5.528375733855186,5.528375733855186,6.352206426164845,6.352206426164845,-0.18509949097639983,-0.18509949097639983,-0.18509949097639983,-0.18509949097639983,-0.18509949097639983,-0.18509949097639983,-0.18509949097639983,-0.18509949097639983,,
1721253600,64700,65365,63355,63995,4.362361382909328,4.362361382909328,5.177089325334867,5.177089325334867,-1.089644513137558,-1.089644513137558,-1.089644513137558,-1.089644513137558,-1.089644513137558,-1.089644513137558,-1.089644513137558,-1.089644513137558,,
1721340000,64070,67740,63425,67250,9.67058056099152,9.67058056099152,10.526748294847565,10.526748294847565,4.963321367254565,4.963321367254565,4.963321367254565,4.963321367254565,4.963321367254565,4.963321367254565,4.963321367254565,4.963321367254565,,
1721599200,68450,68665,66610,68225,11.260600130463144,11.260600130463144,-0.3287070854638422,-0.3287070854638422,-0.3287070854638422,-0.3287070854638422,-0.3287070854638422,-0.3287070854638422,-0.3287070854638422,-0.3287070854638422,-0.3287070854638422,-0.3287070854638422,,
1721685600,68035,68035,65505,65910,7.4853228962818,7.4853228962818,-3.7107377647918187,-3.7107377647918187,-3.1233923715734546,-3.1233923715734546,-3.1233923715734546,-3.1233923715734546,-3.1233923715734546,-3.1233923715734546,-3.1233923715734546,-3.1233923715734546,,
1721772000,65900,67230,65540,66090,7.778864970645792,7.778864970645792,-3.4477720964207452,-3.4477720964207452,0.2883156297420334,0.2883156297420334,0.2883156297420334,0.2883156297420334,0.2883156297420334,0.2883156297420334,0.2883156297420334,0.2883156297420334,,
1721858400,66375,66430,64080,65940,7.534246575342466,7.534246575342466,-3.66691015339664,-3.66691015339664,-0.6553672316384181,-0.6553672316384181,-0.6553672316384181,-0.6553672316384181,-0.6553672316384181,-0.6553672316384181,-0.6553672316384181,-0.6553672316384181,,
1721944800,66195,68985,66195,68185,11.195368558382256,11.195368558382256,-0.38714390065741416,-0.38714390065741416,3.0062693556915177,3.0062693556915177,3.0062693556915177,3.0062693556915177,3.0062693556915177,3.0062693556915177,3.0062693556915177,3.0062693556915177,,
1722204000,68735,70825,67010,68000,10.893672537508154,10.893672537508154,-1.0693242161926237,-1.0693242161926237,-1.0693242161926237,-1.0693242161926237,-1.0693242161926237,-1.0693242161926237,-1.0693242161926237,-1.0693242161926237,-1.0693242161926237,-1.0693242161926237,,
1722290400,68005,68110,65810,66745,8.84703196347032,8.84703196347032,-2.8951771295555395,-2.8951771295555395,-1.8528049408131755,-1.8528049408131755,-1.8528049408131755,-1.8528049408131755,-1.8528049408131755,-1.8528049408131755,-1.8528049408131755,-1.8528049408131755,,
1722376800,66740,67355,65000,65095,6.156229615133724,6.156229615133724,-5.295700880192042,-5.295700880192042,-2.464788732394366,-2.464788732394366,-2.464788732394366,-2.464788732394366,-2.464788732394366,-2.464788732394366,-2.464788732394366,-2.464788732394366,,
1722463200,65240,65530,62625,65150,-0.13795217657878603,-0.13795217657878603,-5.215683421837492,-5.215683421837492,-0.13795217657878603,-0.13795217657878603,-0.13795217657878603,-0.13795217657878603,-0.13795217657878603,-0.13795217657878603,-0.13795217657878603,-0.13795217657878603,,
1722549600,65165,66045,62415,62920,-3.5561005518087065,-3.5561005518087065,-8.460027642394705,-8.460027642394705,-3.445100897721169,-3.445100897721169,-3.445100897721169,-3.445100897721169,-3.445100897721169,-3.445100897721169,-3.445100897721169,-3.445100897721169,,
1722808800,58995,59485,49340,54655,-16.22470876762722,-16.22470876762722,-7.3565556403085015,-7.3565556403085015,-7.3565556403085015,-7.3565556403085015,-7.3565556403085015,-7.3565556403085015,-7.3565556403085015,-7.3565556403085015,-7.3565556403085015,-7.3565556403085015,,
1722895200,54645,57410,54235,56890,-12.798896382587369,-12.798896382587369,-3.5680989914399523,-3.5680989914399523,4.108335620825327,4.108335620825327,4.108335620825327,4.108335620825327,4.108335620825327,4.108335620825327,4.108335620825327,4.108335620825327,,
1722981600,56650,58065,54845,55360,-15.144083384426732,-15.144083384426732,-6.161539113484194,-6.161539113484194,-2.2771403353927626,-2.2771403353927626,-2.2771403353927626,-2.2771403353927626,-2.2771403353927626,-2.2771403353927626,-2.2771403353927626,-2.2771403353927626,,
1723068000,55310,60240,54765,59835,-8.284794604537094,-8.284794604537094,1.4238494787693874,1.4238494787693874,8.181160730428495,8.181160730428495,8.181160730428495,8.181160730428495,8.181160730428495,8.181160730428495,8.181160730428495,8.181160730428495,,
1723154400,60655,63000,59795,61080,-6.376456161863888,-6.376456161863888,3.5341978133740146,3.5341978133740146,0.7006841975105103,0.7006841975105103,0.7006841975105103,0.7006841975105103,0.7006841975105103,0.7006841975105103,0.7006841975105103,0.7006841975105103,,
1723413600,59400,60955,57955,59085,-9.434396076026976,-9.434396076026976,-0.5303030303030304,-0.5303030303030304,-0.5303030303030304,-0.5303030303030304,-0.5303030303030304,-0.5303030303030304,-0.5303030303030304,-0.5303030303030304,-0.5303030303030304,-0.5303030303030304,,
1723500000,59260,61875,58620,60810,-6.790312691600245,-6.790312691600245,2.3737373737373737,2.3737373737373737,2.6155923050961865,2.6155923050961865,2.6155923050961865,2.6155923050961865,2.6155923050961865,2.6155923050961865,2.6155923050961865,2.6155923050961865,,
1723586400,61240,62100,58875,59320,-9.074187614960147,-9.074187614960147,-0.13468013468013468,-0.13468013468013468,-3.1352057478772046,-3.1352057478772046,-3.1352057478772046,-3.1352057478772046,-3.1352057478772046,-3.1352057478772046,-3.1352057478772046,-3.1352057478772046,,
1723672800,59180,60080,56290,56845,-12.867872470876762,-12.867872470876762,-4.301346801346801,-4.301346801346801,-3.9455897262588713,-3.9455897262588713,-3.9455897262588713,-3.9455897262588713,-3.9455897262588713,-3.9455897262588713,-3.9455897262588713,-3.9455897262588713,,
1723759200,57300,60115,57245,59555,-8.713979153893318,-8.713979153893318,0.260942760942761,0.260942760942761,3.9354275741710296,3.9354275741710296,3.9354275741710296,3.9354275741710296,3.9354275741710296,3.9354275741710296,3.9354275741710296,3.9354275741710296,,
1724018400,59825,59845,58000,59275,-9.14316370324954,-9.14316370324954,-0.9193480986209779,-0.9193480986209779,-0.9193480986209779,-0.9193480986209779,-0.9193480986209779,-0.9193480986209779,-0.9193480986209779,-0.9193480986209779,-0.9193480986209779,-0.9193480986209779,,
1724104800,59185,61665,58695,59440,-8.890251379521766,-8.890251379521766,-0.6435436690346845,-0.6435436690346845,0.43085241192869816,0.43085241192869816,0.43085241192869816,0.43085241192869816,0.43085241192869816,0.43085241192869816,0.43085241192869816,0.43085241192869816,,
1724191200,59400,61990,58920,61375,-5.924279583077866,-5.924279583077866,2.590890096113665,2.590890096113665,3.3249158249158253,3.3249158249158253,3.3249158249158253,3.3249158249158253,3.3249158249158253,3.3249158249158253,3.3249158249158253,3.3249158249158253,,
1724277600,61795,61915,59860,60790,-6.820968730839976,-6.820968730839976,1.613038027580443,1.613038027580443,-1.6263451735577312,-1.6263451735577312,-1.6263451735577312,-1.6263451735577312,-1.6263451735577312,-1.6263451735577312,-1.6263451735577312,-1.6263451735577312,,
1724364000,60605,63995,60380,63795,-2.214898835070509,-2.214898835070509,6.636021730045967,6.636021730045967,5.263592112861975,5.263592112861975,5.263592112861975,5.263592112861975,5.263592112861975,5.263592112861975,5.263592112861975,5.263592112861975,,
1724623200,64425,65190,63100,63475,-2.7053954629061927,-2.7053954629061927,-1.474582848273186,-1.474582848273186,-1.474582848273186,-1.474582848273186,-1.474582848273186,-1.474582848273186,-1.474582848273186,-1.474582848273186,-1.474582848273186,-1.474582848273186,,
1724709600,63265,63375,61450,61840,-5.211526670754139,-5.211526670754139,-4.0124175397749315,-4.0124175397749315,-2.252430253694776,-2.252430253694776,-2.252430253694776,-2.252430253694776,-2.252430253694776,-2.252430253694776,-2.252430253694776,-2.252430253694776,,
1724796000,60810,60810,57850,59355,-9.02053954629062,-9.02053954629062,-7.8696158323632135,-7.8696158323632135,-2.3926985693142577,-2.3926985693142577,-2.3926985693142577,-2.3926985693142577,-2.3926985693142577,-2.3926985693142577,-2.3926985693142577,-2.3926985693142577,,
1724882400,59460,61580,59170,59825,-8.300122624156959,-8.300122624156959,-7.140085370585952,-7.140085370585952,0.6138580558358561,0.6138580558358561,0.6138580558358561,0.6138580558358561,0.6138580558358561,0.6138580558358561,0.6138580558358561,0.6138580558358561,,
1724968800,59900,60320,58000,59300,-9.104843654199877,-9.104843654199877,-7.954986418315871,-7.954986418315871,-1.001669449081803,-1.001669449081803,-1.001669449081803,-1.001669449081803,-1.001669449081803,-1.001669449081803,-1.001669449081803,-1.001669449081803,,
1725228000,59165,60165,57325,58445,-1.2169356883292486,-1.2169356883292486,-1.2169356883292486,-1.2169356883292486,-1.2169356883292486,-1.2169356883292486,-1.2169356883292486,-1.2169356883292486,-1.2169356883292486,-1.2169356883292486,-1.2169356883292486,-1.2169356883292486,,
1725400800,58070,58825,55720,58305,-1.453562072171047,-1.453562072171047,-1.453562072171047,-1.453562072171047,0.4046840020664715,0.4046840020664715,0.4046840020664715,0.4046840020664715,0.4046840020664715,0.4046840020664715,0.4046840020664715,0.4046840020664715,,
1725487200,58450,58725,55965,56275,-4.884644637877123,-4.884644637877123,-4.884644637877123,-4.884644637877123,-3.721129170230967,-3.721129170230967,-3.721129170230967,-3.721129170230967,-3.721129170230967,-3.721129170230967,-3.721129170230967,-3.721129170230967,,
1725573600,56345,57275,52750,53000,-10.420011831319192,-10.420011831319192,-10.420011831319192,-10.420011831319192,-5.9366403407578305,-5.9366403407578305,-5.9366403407578305,-5.9366403407578305,-5.9366403407578305,-5.9366403407578305,-5.9366403407578305,-5.9366403407578305,,
1725832800,54445,57470,54445,57225,-3.27896560466492,-3.27896560466492,5.106070346220957,5.106070346220957,5.106070346220957,5.106070346220957,5.106070346220957,5.106070346220957,5.106070346220957,5.106070346220957,5.106070346220957,5.106070346220957,,
1725919200,57600,58260,56615,57805,-2.29865630017747,-2.29865630017747,6.171365598310221,6.171365598310221,0.3559027777777778,0.3559027777777778,0.3559027777777778,0.3559027777777778,0.3559027777777778,0.3559027777777778,0.3559027777777778,0.3559027777777778,,
1726005600,57770,58220,55645,57690,-2.493027972618947,-2.493027972618947,5.960143263844246,5.960143263844246,-0.138480180024234,-0.138480180024234,-0.138480180024234,-0.138480180024234,-0.138480180024234,-0.138480180024234,-0.138480180024234,-0.138480180024234,,
1726092000,57660,58775,57435,58395,-1.3014451111298908,-1.3014451111298908,7.255028009918266,7.255028009918266,1.2747138397502602,1.2747138397502602,1.2747138397502602,1.2747138397502602,1.2747138397502602,1.2747138397502602,1.2747138397502602,1.2747138397502602,,
1726178400,58160,60240,57810,60100,1.5803262063720105,1.5803262063720105,10.386628707870328,10.386628707870328,3.3356258596973865,3.3356258596973865,3.3356258596973865,3.3356258596973865,3.3356258596973865,3.3356258596973865,3.3356258596973865,3.3356258596973865,,
1726437600,59875,59950,57545,57750,-2.391616665258176,-2.391616665258176,-3.549060542797495,-3.549060542797495,-3.549060542797495,-3.549060542797495,-3.549060542797495,-3.549060542797495,-3.549060542797495,-3.549060542797495,-3.549060542797495,-3.549060542797495,,
1726524000,58000,61565,57660,60235,1.8085016479337448,1.8085016479337448,0.6012526096033404,0.6012526096033404,3.853448275862069,3.853448275862069,3.853448275862069,3.853448275862069,3.853448275862069,3.853448275862069,3.853448275862069,3.853448275862069,,
1726610400,60440,61475,59240,60265,1.8592073016141302,1.8592073016141302,0.651356993736952,0.651356993736952,-0.28954334877564525,-0.28954334877564525,-0.28954334877564525,-0.28954334877564525,-0.28954334877564525,-0.28954334877564525,-0.28954334877564525,-0.28954334877564525,,
1726696800,60255,64040,60250,63125,6.693146285810868,6.693146285810868,5.427974947807933,5.427974947807933,4.763090199983404,4.763090199983404,4.763090199983404,4.763090199983404,4.763090199983404,4.763090199983404,4.763090199983404,4.763090199983404,,
1726783200,63155,64260,62440,62940,6.380461421448491,6.380461421448491,5.118997912317328,5.118997912317328,-0.3404322698123664,-0.3404322698123664,-0.3404322698123664,-0.3404322698123664,-0.3404322698123664,-0.3404322698123664,-0.3404322698123664,-0.3404322698123664,,
1727042400,62720,64890,62460,63365,7.098791515253951,7.098791515253951,1.0283801020408163,1.0283801020408163,1.0283801020408163,1.0283801020408163,1.0283801020408163,1.0283801020408163,1.0283801020408163,1.0283801020408163,1.0283801020408163,1.0283801020408163,,
1727128800,63370,64710,62745,64335,8.738274317586411,8.738274317586411,2.574936224489796,2.574936224489796,1.5228025879753826,1.5228025879753826,1.5228025879753826,1.5228025879753826,1.5228025879753826,1.5228025879753826,1.5228025879753826,1.5228025879753826,,
1727215200,64250,64965,63010,63500,7.326966956815685,7.326966956815685,1.2436224489795917,1.2436224489795917,-1.1673151750972763,-1.1673151750972763,-1.1673151750972763,-1.1673151750972763,-1.1673151750972763,-1.1673151750972763,-1.1673151750972763,-1.1673151750972763,,
1727301600,63830,66420,63030,65235,10.259443927997971,10.259443927997971,4.009885204081633,4.009885204081633,2.201159329468902,2.201159329468902,2.201159329468902,2.201159329468902,2.201159329468902,2.201159329468902,2.201159329468902,2.201159329468902,,
1727388000,65470,67110,65215,66260,11.991887095411139,11.991887095411139,5.644132653061225,5.644132653061225,1.2066595387200245,1.2066595387200245,1.2066595387200245,1.2066595387200245,1.2066595387200245,1.2066595387200245,1.2066595387200245,1.2066595387200245,,
1727647200,66305,66430,63345,64090,8.324178145863263,8.324178145863263,-3.340622879119222,-3.340622879119222,-3.340622879119222,-3.340622879119222,-3.340622879119222,-3.340622879119222,-3.340622879119222,-3.340622879119222,-3.340622879119222,-3.340622879119222,,
1727733600,64065,64435,60410,61000,-4.78420354327636,-4.78420354327636,-8.000904909132041,-8.000904909132041,-4.78420354327636,-4.78420354327636,-4.78420354327636,-4.78420354327636,-4.78420354327636,-4.78420354327636,-4.78420354327636,-4.78420354327636,,
1727820000,61370,62665,60275,61160,-4.534457191914462,-4.534457191914462,-7.759595807254355,-7.759595807254355,-0.342186736190321,-0.342186736190321,-0.342186736190321,-0.342186736190321,-0.342186736190321,-0.342186736190321,-0.342186736190321,-0.342186736190321,,
1727906400,61125,61690,60060,61030,-4.737376102396004,-4.737376102396004,-7.955659452529976,-7.955659452529976,-0.15541922290388546,-0.15541922290388546,-0.15541922290388546,-0.15541922290388546,-0.15541922290388546,-0.15541922290388546,-0.15541922290388546,-0.15541922290388546,,
1727992800,61065,63100,60660,62680,-2.1618668539764303,-2.1618668539764303,-5.467159339416334,-5.467159339416334,2.644722836321952,2.644722836321952,2.644722836321952,2.644722836321952,2.644722836321952,2.644722836321952,2.644722836321952,2.644722836321952,,
1728252000,62650,64760,62530,63245,-1.2799500507297275,-1.2799500507297275,0.9497206703910615,0.9497206703910615,0.9497206703910615,0.9497206703910615,0.9497206703910615,0.9497206703910615,0.9497206703910615,0.9497206703910615,0.9497206703910615,0.9497206703910615,,
1728338400,63560,63645,61980,62565,-2.3413720440177945,-2.3413720440177945,-0.13567438148443736,-0.13567438148443736,-1.565449968533669,-1.565449968533669,-1.565449968533669,-1.565449968533669,-1.565449968533669,-1.565449968533669,-1.565449968533669,-1.565449968533669,,
1728424800,62550,62720,60405,60560,-5.47100600952158,-5.47100600952158,-3.3359936153232237,-3.3359936153232237,-3.181454836131095,-3.181454836131095,-3.181454836131095,-3.181454836131095,-3.181454836131095,-3.181454836131095,-3.181454836131095,-3.181454836131095,,
1728511200,60825,61435,58955,59815,-6.633887458050418,-6.633887458050418,-4.5251396648044695,-4.5251396648044695,-1.6605014385532264,-1.6605014385532264,-1.6605014385532264,-1.6605014385532264,-1.6605014385532264,-1.6605014385532264,-1.6605014385532264,-1.6605014385532264,,
1728597600,60245,63665,59980,63285,-1.217513462889253,-1.217513462889253,1.0135674381484436,1.0135674381484436,5.046061913851772,5.046061913851772,5.046061913851772,5.046061913851772,5.046061913851772,5.046061913851772,5.046061913851772,5.046061913851772,,
1728856800,63205,66580,62645,66170,3.2857254351049714,3.2857254351049714,4.691084566094455,4.691084566094455,4.691084566094455,4.691084566094455,4.691084566094455,4.691084566094455,4.691084566094455,4.691084566094455,4.691084566094455,4.691084566094455,,
1728943200,66095,68240,64970,66785,4.245687973152267,4.245687973152267,5.6641088521477725,5.6641088521477725,1.043951887434753,1.043951887434753,1.043951887434753,1.043951887434753,1.043951887434753,1.043951887434753,1.043951887434753,1.043951887434753,,
1729029600,66685,68685,66655,67825,5.869039257004605,5.869039257004605,7.309548295229808,7.309548295229808,1.7095298792831972,1.7095298792831972,1.7095298792831972,1.7095298792831972,1.7095298792831972,1.7095298792831972,1.7095298792831972,1.7095298792831972,,
1729116000,67805,68140,66760,67100,4.737376102396004,4.737376102396004,6.16248714500435,6.16248714500435,-1.0397463313914903,-1.0397463313914903,-1.0397463313914903,-1.0397463313914903,-1.0397463313914903,-1.0397463313914903,-1.0397463313914903,-1.0397463313914903,,
1729202400,67275,69250,67205,68535,6.977288691173028,6.977288691173028,8.432877145795429,8.432877145795429,1.8729096989966554,1.8729096989966554,1.8729096989966554,1.8729096989966554,1.8729096989966554,1.8729096989966554,1.8729096989966554,1.8729096989966554,,
1729461600,69060,69655,66850,67780,5.79879809568407,5.79879809568407,-1.853460758760498,-1.853460758760498,-1.853460758760498,-1.853460758760498,-1.853460758760498,-1.853460758760498,-1.853460758760498,-1.853460758760498,-1.853460758760498,-1.853460758760498,,
1729548000,67780,67845,66570,67530,5.408569421681105,5.408569421681105,-2.215464813205908,-2.215464813205908,-0.3688403658896429,-0.3688403658896429,-0.39088428350173315,-0.39088428350173315,-0.39088428350173315,-0.39088428350173315,-0.39088428350173315,-0.39088428350173315,,
1729634400,67715,67880,65195,66620,3.98813704831031,3.98813704831031,-3.5331595713871997,-3.5331595713871997,-1.6170715498781658,-1.6170715498781658,-1.6170715498781658,-1.6170715498781658,-1.6170715498781658,-1.6170715498781658,-1.6170715498781658,-1.6170715498781658,,
1729720800,67045,68965,66860,68800,7.390931085616172,7.390931085616172,-0.3764842166232262,-0.3764842166232262,2.617644865388918,2.617644865388918,2.617644865388918,2.617644865388918,2.617644865388918,2.617644865388918,2.617644865388918,2.617644865388918,,
1729807200,68990,69490,66385,67470,5.314914539920394,5.314914539920394,-2.3023457862728063,-2.3023457862728063,-2.2032178576605306,-2.2032178576605306,-2.2032178576605306,-2.2032178576605306,-2.2032178576605306,-2.2032178576605306,-2.2032178576605306,-2.2032178576605306,,
1730066400,68235,70595,68065,70355,9.818153437914617,9.818153437914617,3.106909943577343,3.106909943577343,3.106909943577343,3.106909943577343,3.106909943577343,3.106909943577343,3.106909943577343,3.106909943577343,3.106909943577343,3.106909943577343,,
1730152800,70500,74470,70450,73140,14.165300866307657,14.165300866307657,7.188393053418333,7.188393053418333,3.74468085106383,3.74468085106383,3.74468085106383,3.74468085106383,3.74468085106383,3.74468085106383,3.74468085106383,3.74468085106383,,
1730239200,73140,73825,72160,73655,14.969171934753767,14.969171934753767,7.943137685938302,7.943137685938302,0.7041290675417008,0.7041290675417008,0.7041290675417008,0.7041290675417008,0.7041290675417008,0.7041290675417008,0.7041290675417008,0.7041290675417008,,
1730325600,73660,73700,70000,70395,9.880590025755092,9.880590025755092,3.165530885908991,3.165530885908991,-4.432527830572903,-4.432527830572903,-4.432527830572903,-4.432527830572903,-4.432527830572903,-4.432527830572903,-4.432527830572903,-4.432527830572903,,
1730412000,70700,72200,69200,69700,-1.4144271570014144,-1.4144271570014144,2.1469920128966073,2.1469920128966073,-1.4144271570014144,-1.4144271570014144,-1.4144271570014144,-1.4144271570014144,-1.4144271570014144,-1.4144271570014144,-1.4144271570014144,-1.4144271570014144,,
1730674800,69305,69795,67130,67400,-4.667609618104668,-4.667609618104668,-2.748719428612654,-2.748719428612654,-2.748719428612654,-2.748719428612654,-2.748719428612654,-2.748719428612654,-2.748719428612654,-2.748719428612654,-2.748719428612654,-2.748719428612654,,
1730761200,67980,70955,67730,69620,-1.5275813295615277,-1.5275813295615277,0.45451266142413965,0.45451266142413965,2.4124742571344515,2.4124742571344515,2.4124742571344515,2.4124742571344515,2.4124742571344515,2.4124742571344515,2.4124742571344515,2.4124742571344515,,
1730847600,69885,77110,69660,76655,8.422913719943423,8.422913719943423,10.605295433229927,10.605295433229927,9.687343492881162,9.687343492881162,9.687343492881162,9.687343492881162,9.687343492881162,9.687343492881162,9.687343492881162,9.687343492881162,,
1730934000,76470,77535,75075,76515,8.224893917963225,8.224893917963225,10.403289805930308,10.403289805930308,0.05884660651235779,0.05884660651235779,0.05884660651235779,0.05884660651235779,0.05884660651235779,0.05884660651235779,0.05884660651235779,0.05884660651235779,,
1731020400,76480,77935,76230,77100,9.052333804809052,9.052333804809052,11.247384748575138,11.247384748575138,0.8106694560669456,0.8106694560669456,0.8106694560669456,0.8106694560669456,0.8106694560669456,0.8106694560669456,0.8106694560669456,0.8106694560669456,,
1731279600,81060,89185,80625,88700,25.459688826025463,25.459688826025463,9.425117197137922,9.425117197137922,9.425117197137922,9.425117197137922,9.425117197137922,9.425117197137922,9.425117197137922,9.425117197137922,9.425117197137922,9.425117197137922,,
1731366000,88530,90740,85860,88985,25.86280056577086,25.86280056577086,9.776708610905501,9.776708610905501,0.5139500734214391,0.5139500734214391,0.5139500734214391,0.5139500734214391,0.5139500734214391,0.5139500734214391,0.5139500734214391,0.5139500734214391,,
1731452400,89205,94095,86925,89040,25.940594059405942,25.940594059405942,9.844559585492227,9.844559585492227,-0.18496721035816377,-0.18496721035816377,-0.18496721035816377,-0.18496721035816377,-0.18496721035816377,-0.18496721035816377,-0.18496721035816377,-0.18496721035816377,,
1731538800,89895,92335,87310,88515,25.198019801980198,25.198019801980198,9.196891191709843,9.196891191709843,-1.53512431169698,-1.53512431169698,-1.53512431169698,-1.53512431169698,-1.53512431169698,-1.53512431169698,-1.53512431169698,-1.53512431169698,,
1731625200,88070,92415,86970,92285,30.530410183875528,30.530410183875528,13.847767086109055,13.847767086109055,4.785965709095038,4.785965709095038,4.785965709095038,4.785965709095038,4.785965709095038,4.785965709095038,4.785965709095038,4.785965709095038,,
1731884400,90255,93195,89725,91940,30.04243281471004,30.04243281471004,1.86693257991247,1.86693257991247,1.86693257991247,1.86693257991247,1.86693257991247,1.86693257991247,1.86693257991247,1.86693257991247,1.86693257991247,1.86693257991247,,
1731970800,91825,94730,90765,92870,31.357850070721362,31.357850070721362,2.897346407401252,2.897346407401252,1.1380343043833379,1.1380343043833379,1.1380343043833379,1.1380343043833379,1.1380343043833379,1.1380343043833379,1.1380343043833379,1.1380343043833379,,
1732057200,92530,95550,91990,94945,34.292786421499294,34.292786421499294,5.196388011744501,5.196388011744501,2.6099643358910622,2.6099643358910622,2.6099643358910622,2.6099643358910622,2.6099643358910622,2.6099643358910622,2.6099643358910622,2.6099643358910622,,
1732143600,94750,99580,94310,98580,39.43422913719943,39.43422913719943,9.22386571381087,9.22386571381087,4.04221635883905,4.04221635883905,4.04221635883905,4.04221635883905,4.04221635883905,4.04221635883905,4.04221635883905,4.04221635883905,,
1732230000,98805,100145,97420,99785,41.13861386138613,41.13861386138613,10.558971802116227,10.558971802116227,0.991852639036486,0.991852639036486,0.991852639036486,0.991852639036486,0.991852639036486,0.991852639036486,0.991852639036486,0.991852639036486,,
1732489200,98630,99285,93550,93695,32.524752475247524,32.524752475247524,-5.003548616039744,-5.003548616039744,-5.003548616039744,-5.003548616039744,-5.003548616039744,-5.003548616039744,-5.003548616039744,-5.003548616039744,-5.003548616039744,-5.003548616039744,,
1732575600,94300,96245,91715,92665,31.067892503536065,31.067892503536065,-6.0478556220216975,-6.0478556220216975,-1.7338282078472957,-1.7338282078472957,-1.7338282078472957,-1.7338282078472957,-1.7338282078472957,-1.7338282078472957,-1.7338282078472957,-1.7338282078472957,,
1732662000,92855,98585,92480,97670,38.147100424328144,38.147100424328144,-0.9733346851870628,-0.9733346851870628,5.18550428086802,5.18550428086802,5.18550428086802,5.18550428086802,5.18550428086802,5.18550428086802,5.18550428086802,5.18550428086802,,
1732748400,97665,100325,95980,98545,39.38472418670438,39.38472418670438,-0.08618067525093785,-0.08618067525093785,0.9010392668816875,0.9010392668816875,0.9010392668816875,0.9010392668816875,0.9010392668816875,0.9010392668816875,0.9010392668816875,0.9010392668816875,,
1733094000,98655,99615,95300,96425,-2.2604024124474176,-2.2604024124474176,-2.2604024124474176,-2.2604024124474176,-2.2604024124474176,-2.2604024124474176,-2.2604024124474176,-2.2604024124474176,-2.2604024124474176,-2.2604024124474176,-2.2604024124474176,-2.2604024124474176,,
1733180400,96425,97400,94420,96980,-1.6978358927575896,-1.6978358927575896,-1.6978358927575896,-1.6978358927575896,0.5755768732175265,0.5755768732175265,0.5755768732175265,0.5755768732175265,0.5755768732175265,0.5755768732175265,0.5755768732175265,0.5755768732175265,,
1733266800,96950,100275,95450,98930,0.2787491764228879,0.2787491764228879,0.2787491764228879,0.2787491764228879,2.042289840123775,2.042289840123775,2.042289840123775,2.042289840123775,2.042289840123775,2.042289840123775,2.042289840123775,2.042289840123775,,
1733353200,99390,105300,98560,99765,1.1251330393796564,1.1251330393796564,1.1251330393796564,1.1251330393796564,0.3773015393902807,0.3773015393902807,0.3773015393902807,0.3773015393902807,0.3773015393902807,0.3773015393902807,0.3773015393902807,0.3773015393902807,,
1733439600,97475,102995,96155,101595,2.9800821043028733,2.9800821043028733,2.9800821043028733,2.9800821043028733,4.226724801231085,4.226724801231085,4.226724801231085,4.226724801231085,4.226724801231085,4.226724801231085,4.226724801231085,4.226724801231085,,
1733698800,101265,102290,94730,97450,-1.221428209416654,-1.221428209416654,-3.767343109662766,-3.767343109662766,-3.767343109662766,-3.767343109662766,-3.767343109662766,-3.767343109662766,-3.767343109662766,-3.767343109662766,-3.767343109662766,-3.767343109662766,,
1733785200,97315,98965,94780,97375,-1.2974507120774417,-1.2974507120774417,-3.841406211425468,-3.841406211425468,0.06165544880028772,0.06165544880028772,0.06165544880028772,0.06165544880028772,0.06165544880028772,0.06165544880028772,0.06165544880028772,0.06165544880028772,,
1733871600,97465,102450,96260,102230,3.623739293497542,3.623739293497542,0.9529452426800968,0.9529452426800968,4.888934489303852,4.888934489303852,4.888934489303852,4.888934489303852,4.888934489303852,4.888934489303852,4.888934489303852,4.888934489303852,,
1733958000,101995,103250,99770,100200,1.5660635548122244,1.5660635548122244,-1.0516960450303658,-1.0516960450303658,-1.7598901906956221,-1.7598901906956221,-1.7598901906956221,-1.7598901906956221,-1.7598901906956221,-1.7598901906956221,-1.7598901906956221,-1.7598901906956221,,
1734044400,100725,102605,99620,101815,3.203081445441184,3.203081445441184,0.54312941292648,0.54312941292648,1.0821543807396377,1.0821543807396377,1.0821543807396377,1.0821543807396377,1.0821543807396377,1.0821543807396377,1.0821543807396377,1.0821543807396377,,
1734303600,103660,108490,103620,106535,7.987430946226749,7.987430946226749,2.773490256608142,2.773490256608142,2.773490256608142,2.773490256608142,2.773490256608142,2.773490256608142,2.773490256608142,2.773490256608142,2.773490256608142,2.773490256608142,,
1734390000,106460,108970,106010,106965,8.423293294815265,8.423293294815265,3.188307929770403,3.188307929770403,0.47435656584632724,0.47435656584632724,0.47435656584632724,0.47435656584632724,0.47435656584632724,0.47435656584632724,0.47435656584632724,0.47435656584632724,,
1734476400,106630,106990,100310,101175,2.554356089402463,2.554356089402463,-2.3972602739726026,-2.3972602739726026,-5.115821063490575,-5.115821063490575,-5.115821063490575,-5.115821063490575,-5.115821063490575,-5.115821063490575,-5.115821063490575,-5.115821063490575,,
1734562800,101390,103185,95765,97535,-1.1352693730677614,-1.1352693730677614,-5.908740111904303,-5.908740111904303,-3.8021501134234144,-3.8021501134234144,-3.8021501134234144,-3.8021501134234144,-3.8021501134234144,-3.8021501134234144,-3.8021501134234144,-3.8021501134234144,,
1734649200,98315,98870,92330,96680,-2.00192590340074,-2.00192590340074,-6.7335519969129844,-6.7335519969129844,-1.663021919340894,-1.663021919340894,-1.663021919340894,-1.663021919340894,-1.663021919340894,-1.663021919340894,-1.663021919340894,-1.663021919340894,,
1734908400,95835,96655,92445,93975,-4.743804166033145,-4.743804166033145,-1.9408358115511035,-1.9408358115511035,-1.9408358115511035,-1.9408358115511035,-1.9408358115511035,-1.9408358115511035,-1.9408358115511035,-1.9408358115511035,-1.9408358115511035,-1.9408358115511035,,
1734994800,95770,100775,94500,99990,1.3532005473620192,1.3532005473620192,4.335576772577868,4.335576772577868,4.406390310117992,4.406390310117992,4.406390310117992,4.406390310117992,4.406390310117992,4.406390310117992,4.406390310117992,4.406390310117992,,
1735167600,100000,101575,96050,96665,-2.0171304039328977,-2.0171304039328977,0.8660718944018365,0.8660718944018365,-3.335,-3.335,-3.335,-3.335,-3.335,-3.335,-3.335,-3.335,,
1735254000,96815,98390,93955,95140,-3.562921291368912,-3.562921291368912,-0.7252047790473208,-0.7252047790473208,-1.7301038062283738,-1.7301038062283738,-1.7301038062283738,-1.7301038062283738,-1.7301038062283738,-1.7301038062283738,-1.7301038062283738,-1.7301038062283738,,
1735513200,94360,95615,91725,92680,-6.056459378642745,-6.056459378642745,-1.7804154302670623,-1.7804154302670623,-1.7804154302670623,-1.7804154302670623,-1.7804154302670623,-1.7804154302670623,-1.7804154302670623,-1.7804154302670623,-1.7804154302670623,-1.7804154302670623,,
1735599600,93130,97015,92600,94440,-4.272464649536262,-4.272464649536262,0.0847816871555744,0.0847816871555744,1.4066358853215934,1.4066358853215934,1.4066358853215934,1.4066358853215934,1.4066358853215934,1.4066358853215934,1.4066358853215934,1.4066358853215934,,
1735772400,95180,98740,94795,98005,2.9680605169153185,2.9680605169153185,3.8628656210258585,3.8628656210258585,2.9680605169153185,2.9680605169153185,2.9680605169153185,2.9680605169153185,2.9680605169153185,2.9680605169153185,2.9680605169153185,2.9680605169153185,,
1735858800,98020,99910,96765,99195,4.218323177138054,4.218323177138054,5.123993217465028,5.123993217465028,1.1987349520506019,1.1987349520506019,1.1987349520506019,1.1987349520506019,1.1987349520506019,1.1987349520506019,1.1987349520506019,1.1987349520506019,,
1736118000,99570,103555,98655,102650,7.848287455347762,7.848287455347762,3.093301195139098,3.093301195139098,3.093301195139098,3.093301195139098,3.093301195139098,3.093301195139098,3.093301195139098,3.093301195139098,3.093301195139098,3.093301195139098,,
1736204400,102915,103670,96505,96880,1.7860895146039084,1.7860895146039084,-2.7016169528974587,-2.7016169528974587,-5.864062575912161,-5.864062575912161,-5.864062575912161,-5.864062575912161,-5.864062575912161,-5.864062575912161,-5.864062575912161,-5.864062575912161,,
1736290800,97500,97715,92775,94785,-0.41500315192267284,-0.41500315192267284,-4.805664356733956,-4.805664356733956,-2.7846153846153845,-2.7846153846153845,-2.7846153846153845,-2.7846153846153845,-2.7846153846153845,-2.7846153846153845,-2.7846153846153845,-2.7846153846153845,,
1736377200,95520,95800,91330,92430,-2.8892624500945576,-2.8892624500945576,-7.170834588731545,-7.170834588731545,-3.234924623115578,-3.234924623115578,-3.234924623115578,-3.234924623115578,-3.234924623115578,-3.234924623115578,-3.234924623115578,-3.234924623115578,,
1736463600,92800,96385,92315,95115,-0.06829165791132591,-0.06829165791132591,-4.474239228683338,-4.474239228683338,2.4946120689655173,2.4946120689655173,2.4946120689655173,2.4946120689655173,2.4946120689655173,2.4946120689655173,2.4946120689655173,2.4946120689655173,,
1736722800,94475,96470,89525,94510,-0.7039293969321286,-0.7039293969321286,0.03704683778777454,0.03704683778777454,0.03704683778777454,0.03704683778777454,0.03704683778777454,0.03704683778777454,0.03704683778777454,0.03704683778777454,0.03704683778777454,0.03704683778777454,,
1736809200,94505,97825,94505,96765,1.6652658121454087,1.6652658121454087,2.423921672400106,2.423921672400106,2.3914078620178825,2.3914078620178825,2.3914078620178825,2.3914078620178825,2.3914078620178825,2.3914078620178825,2.3914078620178825,2.3914078620178825,,
1736895600,97095,101240,96825,100125,5.195419205715487,5.195419205715487,5.980418100026462,5.980418100026462,3.1206550285802566,3.1206550285802566,3.1206550285802566,3.1206550285802566,3.1206550285802566,3.1206550285802566,3.1206550285802566,3.1206550285802566,,
1736982000,100225,101425,97540,100520,5.610422357638159,5.610422357638159,6.398518126488489,6.398518126488489,0.2943377400848092,0.2943377400848092,0.2943377400848092,0.2943377400848092,0.2943377400848092,0.2943377400848092,0.2943377400848092,0.2943377400848092,,
1737068400,100410,106565,100070,105195,10.522168522798907,10.522168522798907,11.346917173855516,11.346917173855516,4.7654616074096205,4.7654616074096205,4.7654616074096205,4.7654616074096205,4.7654616074096205,4.7654616074096205,4.7654616074096205,4.7654616074096205,,
1737327600,104100,110135,99725,107280,12.712754780416056,12.712754780416056,3.054755043227666,3.054755043227666,3.054755043227666,3.054755043227666,3.054755043227666,3.054755043227666,3.054755043227666,3.054755043227666,3.054755043227666,3.054755043227666,,
1737500400,106450,106750,103485,104240,9.518806471947888,9.518806471947888,0.1344860710854947,0.1344860710854947,-2.0760920620009395,-2.0760920620009395,-2.0760920620009395,-2.0760920620009395,-2.0760920620009395,-2.0760920620009395,-2.0760920620009395,-2.0760920620009395,,
1737586800,104345,107110,101275,103225,8.45240596764026,8.45240596764026,-0.8405379442843419,-0.8405379442843419,-1.0733624035650966,-1.0733624035650966,-1.0733624035650966,-1.0733624035650966,-1.0733624035650966,-1.0733624035650966,-1.0733624035650966,-1.0733624035650966,,
1737673200,103885,107465,102835,105125,10.448623660432864,10.448623660432864,0.9846301633045149,0.9846301633045149,1.193627568946431,1.193627568946431,1.193627568946431,1.193627568946431,1.193627568946431,1.193627568946431,1.193627568946431,1.193627568946431,,
1737932400,104730,104730,97610,101420,6.555999159487287,6.555999159487287,-3.160507972882651,-3.160507972882651,-3.160507972882651,-3.160507972882651,-3.160507972882651,-3.160507972882651,-3.160507972882651,-3.160507972882651,-3.160507972882651,-3.160507972882651,,
1738018800,101540,103885,100145,100360,5.4423198150872025,5.4423198150872025,-4.172634393201566,-4.172634393201566,-1.162103604490841,-1.162103604490841,-1.162103604490841,-1.162103604490841,-1.162103604490841,-1.162103604490841,-1.162103604490841,-1.162103604490841,,
1738105200,102040,105755,101500,104815,10.122924984240386,10.122924984240386,0.08116108087463,0.08116108087463,2.7195217561740495,2.7195217561740495,2.7195217561740495,2.7195217561740495,2.7195217561740495,2.7195217561740495,2.7195217561740495,2.7195217561740495,,
1738191600,104425,107470,104095,105950,11.31540239546123,11.31540239546123,1.1649002196123364,1.1649002196123364,1.4603782619104622,1.4603782619104622,1.4603782619104622,1.4603782619104622,1.4603782619104622,1.4603782619104622,1.4603782619104622,1.4603782619104622,,
1738278000,106055,106930,102020,102645,7.843034250893045,7.843034250893045,-1.9908335720423949,-1.9908335720423949,-3.2153128093913534,-3.2153128093913534,-3.2153128093913534,-3.2153128093913534,-3.2153128093913534,-3.2153128093913534,-3.2153128093913534,-3.2153128093913534,,
1738537200,98500,102855,91435,102580,4.1421319796954315,4.1421319796954315,4.1421319796954315,4.1421319796954315,4.1421319796954315,4.1421319796954315,4.1421319796954315,4.1421319796954315,4.1421319796954315,4.1421319796954315,4.1421319796954315,4.1421319796954315,,
1738623600,102610,102840,96900,97100,-1.4213197969543148,-1.4213197969543148,-1.4213197969543148,-1.4213197969543148,-5.369846993470422,-5.369846993470422,-5.369846993470422,-5.369846993470422,-5.369846993470422,-5.369846993470422,-5.369846993470422,-5.369846993470422,,
1738710000,98020,99750,96875,97295,-1.2233502538071066,-1.2233502538071066,-1.2233502538071066,-1.2233502538071066,-0.7396449704142012,-0.7396449704142012,-0.7396449704142012,-0.7396449704142012,-0.7396449704142012,-0.7396449704142012,-0.7396449704142012,-0.7396449704142012,,
1738796400,96630,99750,96005,97150,-1.3705583756345179,-1.3705583756345179,-1.3705583756345179,-1.3705583756345179,0.538135154713857,0.538135154713857,0.538135154713857,0.538135154713857,0.538135154713857,0.538135154713857,0.538135154713857,0.538135154713857,,
1738882800,97245,100765,95885,96260,-2.2741116751269037,-2.2741116751269037,-2.2741116751269037,-2.2741116751269037,-1.0129055478430766,-1.0129055478430766,-1.0129055478430766,-1.0129055478430766,-1.0129055478430766,-1.0129055478430766,-1.0129055478430766,-1.0129055478430766,,
1739142000,96000,98765,95520,97750,-0.7614213197969544,-0.7614213197969544,1.8229166666666667,1.8229166666666667,1.8229166666666667,1.8229166666666667,1.8229166666666667,1.8229166666666667,1.8229166666666667,1.8229166666666667,1.8229166666666667,1.8229166666666667,,
1739228400,97670,98935,95040,96620,-1.9086294416243654,-1.9086294416243654,0.6458333333333334,0.6458333333333334,-1.0750486331524522,-1.0750486331524522,-1.0750486331524522,-1.0750486331524522,-1.0750486331524522,-1.0750486331524522,-1.0750486331524522,-1.0750486331524522,,
1739314800,96040,98295,94265,97980,-0.5279187817258884,-0.5279187817258884,2.0625,2.0625,2.0199916701374425,2.0199916701374425,2.0199916701374425,2.0199916701374425,2.0199916701374425,2.0199916701374425,2.0199916701374425,2.0199916701374425,,
1739401200,97980,98480,95365,96720,-1.8071065989847714,-1.8071065989847714,0.75,0.75,-1.2859767299448868,-1.2859767299448868,-1.2859767299448868,-1.2859767299448868,-1.2859767299448868,-1.2859767299448868,-1.2859767299448868,-1.2859767299448868,,
1739487600,96675,99330,96450,97840,-0.6700507614213198,-0.6700507614213198,1.9166666666666665,1.9166666666666665,1.2050685285751228,1.2050685285751228,1.2050685285751228,1.2050685285751228,1.2050685285751228,1.2050685285751228,1.2050685285751228,1.2050685285751228,,
1739746800,97390,97390,93320,95020,-3.5329949238578675,-3.5329949238578675,-2.4335147345723382,-2.4335147345723382,-2.4335147345723382,-2.4335147345723382,-2.4335147345723382,-2.4335147345723382,-2.4335147345723382,-2.4335147345723382,-2.4335147345723382,-2.4335147345723382,,
1739919600,95400,96875,95055,96380,-2.152284263959391,-2.152284263959391,-1.0370674607249204,-1.0370674607249204,1.0272536687631026,1.0272536687631026,1.0272536687631026,1.0272536687631026,1.0272536687631026,1.0272536687631026,1.0272536687631026,1.0272536687631026,,
1740006000,96660,98980,96510,98280,-0.2233502538071066,-0.2233502538071066,0.9138515247972071,0.9138515247972071,1.675977653631285,1.675977653631285,1.675977653631285,1.675977653631285,1.675977653631285,1.675977653631285,1.675977653631285,1.675977653631285,,
1740092400,98425,99785,94580,95140,-3.411167512690355,-3.411167512690355,-2.3102987986446246,-2.3102987986446246,-3.33756667513335,-3.33756667513335,-3.33756667513335,-3.33756667513335,-3.33756667513335,-3.33756667513335,-3.33756667513335,-3.33756667513335,,
1740351600,95600,96630,93555,93940,-4.629441624365482,-4.629441624365482,-1.7364016736401675,-1.7364016736401675,-1.7364016736401675,-1.7364016736401675,-1.7364016736401675,-1.7364016736401675,-1.7364016736401675,-1.7364016736401675,-1.7364016736401675,-1.7364016736401675,,
1740438000,92710,92765,85770,88680,-9.969543147208123,-9.969543147208123,-7.2384937238493725,-7.2384937238493725,-4.346888145831087,-4.346888145831087,-4.346888145831087,-4.346888145831087,-4.346888145831087,-4.346888145831087,-4.346888145831087,-4.346888145831087,,
1740524400,89205,89840,82680,84790,-13.918781725888325,-13.918781725888325,-11.307531380753138,-11.307531380753138,-4.949274143826019,-4.949274143826019,-4.949274143826019,-4.949274143826019,-4.949274143826019,-4.949274143826019,-4.949274143826019,-4.949274143826019,,
1740610800,85025,87560,82985,84670,-14.040609137055837,-14.040609137055837,-11.433054393305438,-11.433054393305438,-0.41752425757130257,-0.41752425757130257,-0.41752425757130257,-0.41752425757130257,-0.41752425757130257,-0.41752425757130257,-0.41752425757130257,-0.41752425757130257,,
1740697200,85000,85775,78690,84745,-13.964467005076141,-13.964467005076141,-11.354602510460252,-11.354602510460252,-0.3,-0.3,-0.3,-0.3,-0.3,-0.3,-0.3,-0.3,,
1740956400,94785,95750,85450,85665,-9.621775597404653,-9.621775597404653,-9.621775597404653,-9.621775597404653,-9.621775597404653,-9.621775597404653,-9.621775597404653,-9.621775597404653,-9.621775597404653,-9.621775597404653,-9.621775597404653,-9.621775597404653,,
1741042800,86780,89395,81760,87970,-7.1899562167009545,-7.1899562167009545,-7.1899562167009545,-7.1899562167009545,1.3712837059230236,1.3712837059230236,1.3712837059230236,1.3712837059230236,1.3712837059230236,1.3712837059230236,1.3712837059230236,1.3712837059230236,,
1741129200,87850,91465,86730,90830,-4.172601149970987,-4.172601149970987,-4.172601149970987,-4.172601149970987,3.392145702902675,3.392145702902675,3.392145702902675,3.392145702902675,3.392145702902675,3.392145702902675,3.392145702902675,3.392145702902675,,
1741215600,90915,93225,88110,89915,-5.1379437674737565,-5.1379437674737565,-5.1379437674737565,-5.1379437674737565,-1.099928504647198,-1.099928504647198,-1.099928504647198,-1.099928504647198,-1.099928504647198,-1.099928504647198,-1.099928504647198,-1.099928504647198,,
1741302000,90500,91685,84815,86635,-8.598406920926308,-8.598406920926308,-8.598406920926308,-8.598406920926308,-4.2707182320441985,-4.2707182320441985,-4.2707182320441985,-4.2707182320441985,-4.2707182320441985,-4.2707182320441985,-4.2707182320441985,-4.2707182320441985,,
1741557600,82510,84265,77515,79430,-16.199820646726803,-16.199820646726803,-3.732880862925706,-3.732880862925706,-3.732880862925706,-3.732880862925706,-3.732880862925706,-3.732880862925706,-3.732880862925706,-3.732880862925706,-3.732880862925706,-3.732880862925706,,
1741644000,79570,83890,76735,83045,-12.385926043150288,-12.385926043150288,0.6484062537874197,0.6484062537874197,4.3672238280759075,4.3672238280759075,4.3672238280759075,4.3672238280759075,4.3672238280759075,4.3672238280759075,4.3672238280759075,4.3672238280759075,,
1741730400,83180,84690,80730,83330,-12.085245555731392,-12.085245555731392,0.9938189310386619,0.9938189310386619,0.18033181053137773,0.18033181053137773,0.18033181053137773,0.18033181053137773,0.18033181053137773,0.18033181053137773,0.18033181053137773,0.18033181053137773,,
1741816800,83235,84530,80035,80450,-15.123701007543389,-15.123701007543389,-2.496667070658102,-2.496667070658102,-3.3459482188983003,-3.3459482188983003,-3.3459482188983003,-3.3459482188983003,-3.3459482188983003,-3.3459482188983003,-3.3459482188983003,-3.3459482188983003,,
1741903200,80700,85595,80700,84430,-10.924724376219865,-10.924724376219865,2.3269906677978427,2.3269906677978427,4.622057001239158,4.622057001239158,4.622057001239158,4.622057001239158,4.622057001239158,4.622057001239158,4.622057001239158,4.622057001239158,,
1742162400,83225,84930,82120,84145,-11.225404863638762,-11.225404863638762,1.1054370681886452,1.1054370681886452,1.1054370681886452,1.1054370681886452,1.1054370681886452,1.1054370681886452,1.1054370681886452,1.1054370681886452,1.1054370681886452,1.1054370681886452,,
1742248800,84145,84390,81105,82070,-13.41456981589914,-13.41456981589914,-1.3878041453890055,-1.3878041453890055,-2.465981341731535,-2.465981341731535,-2.465981341731535,-2.465981341731535,-2.465981341731535,-2.465981341731535,-2.465981341731535,-2.465981341731535,,
1742335200,82035,86145,81980,85590,-9.700902041462257,-9.700902041462257,2.841694202463202,2.841694202463202,4.333516182117389,4.333516182117389,4.333516182117389,4.333516182117389,4.333516182117389,4.333516182117389,4.333516182117389,4.333516182117389,,
1742421600,85615,87675,83665,84545,-10.803397161998205,-10.803397161998205,1.586061880444578,1.586061880444578,-1.2497809963207382,-1.2497809963207382,-1.2497809963207382,-1.2497809963207382,-1.2497809963207382,-1.2497809963207382,-1.2497809963207382,-1.2497809963207382,,
1742508000,84505,84885,83130,84175,-11.19375428601572,-11.19375428601572,1.1414839291078402,1.1414839291078402,-0.3905094373114017,-0.3905094373114017,-0.3905094373114017,-0.3905094373114017,-0.3905094373114017,-0.3905094373114017,-0.3905094373114017,-0.3905094373114017,,
1742767200,85040,88860,85040,87990,-7.168855831618927,-7.168855831618927,3.4689557855127,3.4689557855127,3.4689557855127,3.4689557855127,3.4689557855127,3.4689557855127,3.4689557855127,3.4689557855127,3.4689557855127,3.4689557855127,,
1742853600,88170,88600,86300,87965,-7.195231312971462,-7.195231312971462,3.439557855126999,3.439557855126999,-0.2325053873199501,-0.2325053873199501,-0.2325053873199501,-0.2325053873199501,-0.2325053873199501,-0.2325053873199501,-0.2325053873199501,-0.2325053873199501,,
1742940000,88485,88815,86260,87695,-7.480086511578836,-7.480086511578836,3.12206020696143,3.12206020696143,-0.8928066903995028,-0.8928066903995028,-0.8928066903995028,-0.8928066903995028,-0.8928066903995028,-0.8928066903995028,-0.8928066903995028,-0.8928066903995028,,
1743026400,87380,88250,86180,87700,-7.47481141530833,-7.47481141530833,3.12793979303857,3.12793979303857,0.3662165255207141,0.3662165255207141,0.3662165255207141,0.3662165255207141,0.3662165255207141,0.3662165255207141,0.3662165255207141,0.3662165255207141,,
1743112800,88000,88055,83785,84020,-11.357282270401434,-11.357282270401434,-1.1994355597365944,-1.1994355597365944,-4.5227272727272725,-4.5227272727272725,-4.5227272727272725,-4.5227272727272725,-4.5227272727272725,-4.5227272727272725,-4.5227272727272725,-4.5227272727272725,,
1743372000,82580,84260,81465,82680,-12.771008070897294,-12.771008070897294,0.1210946960523129,0.1210946960523129,0.1210946960523129,0.1210946960523129,0.1210946960523129,0.1210946960523129,0.1210946960523129,0.1210946960523129,0.1210946960523129,0.1210946960523129,,
1743458400,82730,85955,82460,85595,3.4630726459567267,3.4630726459567267,3.651005085977234,3.651005085977234,3.4630726459567267,3.4630726459567267,3.4630726459567267,3.4630726459567267,3.4630726459567267,3.4630726459567267,3.4630726459567267,3.4630726459567267,,
1743544800,85625,89045,84280,86055,4.019098271485555,4.019098271485555,4.208040687817874,4.208040687817874,0.5021897810218978,0.5021897810218978,0.5021897810218978,0.5021897810218978,0.5021897810218978,0.5021897810218978,0.5021897810218978,0.5021897810218978,,
1743631200,85150,85155,81400,82550,-0.21757524477215034,-0.21757524477215034,-0.03632840881569387,-0.03632840881569387,-3.0534351145038165,-3.0534351145038165,-3.0534351145038165,-3.0534351145038165,-3.0534351145038165,-3.0534351145038165,-3.0534351145038165,-3.0534351145038165,,
1743717600,82745,85065,81875,84500,2.139489906926145,2.139489906926145,2.325018164204408,2.325018164204408,2.1209740769835035,2.1209740769835035,2.1209740769835035,2.1209740769835035,2.1209740769835035,2.1209740769835035,2.1209740769835035,2.1209740769835035,,
1743976800,79465,81485,74635,79145,-4.333373625045328,-4.333373625045328,-0.4026930095010382,-0.4026930095010382,-0.4026930095010382,-0.4026930095010382,-0.4026930095010382,-0.4026930095010382,-0.4026930095010382,-0.4026930095010382,-0.4026930095010382,-0.4026930095010382,,
1744063200,79505,81130,76385,77100,-6.805270155928926,-6.805270155928926,-2.9761530233436106,-2.9761530233436106,-3.024966983208603,-3.024966983208603,-3.024966983208603,-3.024966983208603,-3.024966983208603,-3.024966983208603,-3.024966983208603,-3.024966983208603,,
1744149600,77200,83535,74605,83420,0.8340384382932432,0.8340384382932432,4.977033914301894,4.977033914301894,8.05699481865285,8.05699481865285,8.05699481865285,8.05699481865285,8.05699481865285,8.05699481865285,8.05699481865285,8.05699481865285,,
1744236000,83435,83855,78475,79975,-3.330109996373746,-3.330109996373746,0.6417919838922796,0.6417919838922796,-4.146940732306586,-4.146940732306586,-4.146940732306586,-4.146940732306586,-4.146940732306586,-4.146940732306586,-4.146940732306586,-4.146940732306586,,
1744322400,79820,84475,79065,84135,1.698295660582618,1.698295660582618,5.876801107405776,5.876801107405776,5.405913304936106,5.405913304936106,5.405913304936106,5.405913304936106,5.405913304936106,5.405913304936106,5.405913304936106,5.405913304936106,,
1744581600,83860,86055,83220,85095,2.858696966034087,2.858696966034087,1.4726925828762223,1.4726925828762223,1.4726925828762223,1.4726925828762223,1.4726925828762223,1.4726925828762223,1.4726925828762223,1.4726925828762223,1.4726925828762223,1.4726925828762223,,
1744668000,84905,86750,83975,84150,1.7164269309802975,1.7164269309802975,0.3458144526591939,0.3458144526591939,-0.8892291384488545,-0.8892291384488545,-0.8892291384488545,-0.8892291384488545,-0.8892291384488545,-0.8892291384488545,-0.8892291384488545,-0.8892291384488545,,
1744754400,84160,85740,83195,84560,2.212014988516862,2.212014988516862,0.8347245409015025,0.8347245409015025,0.4752851711026616,0.4752851711026616,0.4752851711026616,0.4752851711026616,0.4752851711026616,0.4752851711026616,0.4752851711026616,0.4752851711026616,,
1744840800,84830,85690,83880,85400,3.227366130786897,3.227366130786897,1.8363939899833055,1.8363939899833055,0.6719320994931038,0.6719320994931038,0.6719320994931038,0.6719320994931038,0.6719320994931038,0.6719320994931038,0.6719320994931038,0.6719320994931038,,
1745186400,85280,88800,84765,87470,5.729481445666627,5.729481445666627,2.5680112570356473,2.5680112570356473,2.5680112570356473,2.5680112570356473,2.5680112570356473,2.5680112570356473,2.5680112570356473,2.5680112570356473,2.5680112570356473,2.5680112570356473,,
1745272800,87470,91970,87070,91380,10.455699262661671,10.455699262661671,7.1529080675422145,7.1529080675422145,4.470104035669372,4.470104035669372,4.470104035669372,4.470104035669372,4.470104035669372,4.470104035669372,4.470104035669372,4.470104035669372,,
1745359200,92875,95495,92725,94515,14.245134775776622,14.245134775776622,10.82903377110694,10.82903377110694,1.765814266487214,1.765814266487214,1.765814266487214,1.765814266487214,1.765814266487214,1.765814266487214,1.765814266487214,1.765814266487214,,
1745445600,94400,94710,92540,94290,13.973165719811433,13.973165719811433,10.565196998123827,10.565196998123827,-0.11652542372881357,-0.11652542372881357,-0.11652542372881357,-0.11652542372881357,-0.11652542372881357,-0.11652542372881357,-0.11652542372881357,-0.11652542372881357,,
1745532000,94470,96800,93715,95785,15.780249002780128,15.780249002780128,12.318245778611631,12.318245778611631,1.3919762887689213,1.3919762887689213,1.3919762887689213,1.3919762887689213,1.3919762887689213,1.3919762887689213,1.3919762887689213,1.3919762887689213,,
1745791200,95415,96480,93560,95175,15.042910673274507,15.042910673274507,-0.2515327778651156,-0.2515327778651156,-0.2515327778651156,-0.2515327778651156,-0.2515327778651156,-0.2515327778651156,-0.2515327778651156,-0.2515327778651156,-0.2515327778651156,-0.2515327778651156,,
1745877600,95150,96265,94900,95560,15.508279946814941,15.508279946814941,0.15196771996017397,0.15196771996017397,0.43089858118759855,0.43089858118759855,0.43089858118759855,0.43089858118759855,0.43089858118759855,0.43089858118759855,0.43089858118759855,0.43089858118759855,,
1745964000,95555,96040,93480,95175,15.042910673274507,15.042910673274507,-0.2515327778651156,-0.2515327778651156,-0.3976767306786667,-0.3976767306786667,-0.3976767306786667,-0.3976767306786667,-0.3976767306786667,-0.3976767306786667,-0.3976767306786667,-0.3976767306786667,,
1746050400,95070,98330,94610,97100,2.1352687493425897,2.1352687493425897,1.765969711261332,1.765969711261332,2.1352687493425897,2.1352687493425897,2.1352687493425897,2.1352687493425897,2.1352687493425897,2.1352687493425897,2.1352687493425897,2.1352687493425897,,
1746136800,97200,98605,96875,97680,2.745345534869044,2.745345534869044,2.373840591102028,2.373840591102028,0.49382716049382713,0.49382716049382713,0.49382716049382713,0.49382716049382713,0.49382716049382713,0.49382716049382713,0.49382716049382713,0.49382716049382713,,
1746396000,96455,96455,93920,94585,-0.5101504154833281,-0.5101504154833281,-1.938727904204033,-1.938727904204033,-1.938727904204033,-1.938727904204033,-1.938727904204033,-1.938727904204033,-1.938727904204033,-1.938727904204033,-1.938727904204033,-1.938727904204033,,
1746482400,95205,95660,93690,95200,0.1367413484800673,0.1367413484800673,-1.3011248768855943,-1.3011248768855943,-0.005251825009190693,-0.005251825009190693,-0.005251825009190693,-0.005251825009190693,-0.005251825009190693,-0.005251825009190693,-0.005251825009190693,-0.005251825009190693,,
1746568800,95190,98225,95080,97300,2.3456400546965397,2.3456400546965397,0.8760561920066353,0.8760561920066353,2.2166193927933606,2.2166193927933606,2.2166193927933606,2.2166193927933606,2.2166193927933606,2.2166193927933606,2.2166193927933606,2.2166193927933606,,
1746655200,97440,103325,97350,103105,8.45166719259493,8.45166719259493,6.894406718158727,6.894406718158727,5.813834154351396,5.813834154351396,5.813834154351396,5.813834154351396,5.813834154351396,5.813834154351396,5.813834154351396,5.813834154351396,,
1746741600,103295,104805,102765,103700,9.077521826022931,9.077521826022931,7.511274687678192,7.511274687678192,0.3920809332494312,0.3920809332494312,0.3920809332494312,0.3920809332494312,0.3920809332494312,0.3920809332494312,0.3920809332494312,0.3920809332494312,,
1747000800,104705,106270,101055,103025,8.36751867045335,8.36751867045335,-1.6045079031564873,-1.6045079031564873,-1.6045079031564873,-1.6045079031564873,-1.6045079031564873,-1.6045079031564873,-1.6045079031564873,-1.6045079031564873,-1.6045079031564873,-1.6045079031564873,,
1747087200,102725,105460,101790,105010,10.455453876091301,10.455453876091301,0.291294589561148,0.291294589561148,2.2243854952543196,2.2243854952543196,2.2243854952543196,2.2243854952543196,2.2243854952543196,2.2243854952543196,2.2243854952543196,2.2243854952543196,,
1747173600,104900,104985,102935,103925,9.314189544546124,9.314189544546124,-0.7449500978940834,-0.7449500978940834,-0.9294566253574834,-0.9294566253574834,-0.9294566253574834,-0.9294566253574834,-0.9294566253574834,-0.9294566253574834,-0.9294566253574834,-0.9294566253574834,,
1747260000,104030,104560,101695,103775,9.156411065530662,9.156411065530662,-0.8882097321044841,-0.8882097321044841,-0.24512159953859464,-0.24512159953859464,-0.24512159953859464,-0.24512159953859464,-0.24512159953859464,-0.24512159953859464,-0.24512159953859464,-0.24512159953859464,,
1747346400,103620,105015,103485,104090,9.487745871463133,9.487745871463133,-0.5873645002626426,-0.5873645002626426,0.45358038988612237,0.45358038988612237,0.45358038988612237,0.45358038988612237,0.45358038988612237,0.45358038988612237,0.45358038988612237,0.45358038988612237,,
1747605600,104415,107580,102330,105850,11.33901335857789,11.33901335857789,1.3743236125077816,1.3743236125077816,1.3743236125077816,1.3743236125077816,1.3743236125077816,1.3743236125077816,1.3743236125077816,1.3743236125077816,1.3743236125077816,1.3743236125077816,,
1747692000,105760,107665,104420,107390,12.958872409803302,12.958872409803302,2.8492074893454005,2.8492074893454005,1.5412254160363086,1.5412254160363086,1.5412254160363086,1.5412254160363086,1.5412254160363086,1.5412254160363086,1.5412254160363086,1.5412254160363086,,
1747778400,107240,110200,106310,108560,14.189544546123908,14.189544546123908,3.9697361490207346,3.9697361490207346,1.2308839985080196,1.2308839985080196,1.2308839985080196,1.2308839985080196,1.2308839985080196,1.2308839985080196,1.2308839985080196,1.2308839985080196,,
1747864800,108750,112330,108570,111325,17.097927842642264,17.097927842642264,6.6178231097064595,6.6178231097064595,2.367816091954023,2.367816091954023,2.367816091954023,2.367816091954023,2.367816091954023,2.367816091954023,2.367816091954023,2.367816091954023,,
1747951200,111335,112075,107555,108335,13.952876827600717,13.952876827600717,3.754249868313939,3.754249868313939,-2.6945704405622672,-2.6945704405622672,-2.6945704405622672,-2.6945704405622672,-2.6945704405622672,-2.6945704405622672,-2.6945704405622672,-2.6945704405622672,,
1748210400,107860,110965,107400,109680,15.367623856106027,15.367623856106027,1.6873725199332466,1.6873725199332466,1.6873725199332466,1.6873725199332466,1.6873725199332466,1.6873725199332466,1.6873725199332466,1.6873725199332466,1.6873725199332466,1.6873725199332466,,
1748383200,110210,110285,107465,108030,13.632060586935943,13.632060586935943,0.1576117188948637,0.1576117188948637,-1.9780419199709645,-1.9780419199709645,-1.9780419199709645,-1.9780419199709645,-1.9780419199709645,-1.9780419199709645,-1.9780419199709645,-1.9780419199709645,,
1748469600,108070,109795,106200,106710,12.243609971599874,12.243609971599874,-1.0661969219358427,-1.0661969219358427,-1.2584436013694829,-1.2584436013694829,-1.2584436013694829,-1.2584436013694829,-1.2584436013694829,-1.2584436013694829,-1.2584436013694829,-1.2584436013694829,,
1748556000,106780,107175,104225,105075,10.523824550331334,10.523824550331334,-2.5820508066011496,-2.5820508066011496,-1.5967409627271025,-1.5967409627271025,-1.5967409627271025,-1.5967409627271025,-1.5967409627271025,-1.5967409627271025,-1.5967409627271025,-1.5967409627271025,,
1748815200,105755,106555,104115,105505,-0.23639544229587256,-0.23639544229587256,-0.23639544229587256,-0.23639544229587256,-0.23639544229587256,-0.23639544229587256,-0.23639544229587256,-0.23639544229587256,-0.23639544229587256,-0.23639544229587256,-0.23639544229587256,-0.23639544229587256,,
1748901600,105515,107495,105390,106300,0.5153420642050022,0.5153420642050022,0.5153420642050022,0.5153420642050022,0.7439700516514239,0.7439700516514239,0.7439700516514239,0.7439700516514239,0.7439700516514239,0.7439700516514239,0.7439700516514239,0.7439700516514239,,
1748988000,106200,106565,104600,105170,-0.5531653349723417,-0.5531653349723417,-0.5531653349723417,-0.5531653349723417,-0.9698681732580037,-0.9698681732580037,-0.9698681732580037,-0.9698681732580037,-0.9698681732580037,-0.9698681732580037,-0.9698681732580037,-0.9698681732580037,,
1749074400,105285,106550,100800,100900,-4.590799489385844,-4.590799489385844,-4.590799489385844,-4.590799489385844,-4.164885786199363,-4.164885786199363,-4.164885786199363,-4.164885786199363,-4.164885786199363,-4.164885786199363,-4.164885786199363,-4.164885786199363,,
1749160800,101770,105945,101360,105060,-0.6571793295825257,-0.6571793295825257,-0.6571793295825257,-0.6571793295825257,3.2327797975827846,3.2327797975827846,3.2327797975827846,3.2327797975827846,3.2327797975827846,3.2327797975827846,3.2327797975827846,3.2327797975827846,,
1749420000,106585,109340,105740,109280,3.3331757363718024,3.3331757363718024,2.5284983815733924,2.5284983815733924,2.5284983815733924,2.5284983815733924,2.5284983815733924,2.5284983815733924,2.5284983815733924,2.5284983815733924,2.5284983815733924,2.5284983815733924,,
1749506400,110120,110915,108730,110420,4.4111389532409815,4.4111389532409815,3.598067270253788,3.598067270253788,0.2724300762804214,0.2724300762804214,0.2724300762804214,0.2724300762804214,0.2724300762804214,0.2724300762804214,0.2724300762804214,0.2724300762804214,,
1749592800,110280,110885,108755,109350,3.399366460214647,3.399366460214647,2.594173664211662,2.594173664211662,-0.8433079434167573,-0.8433079434167573,-0.8433079434167573,-0.8433079434167573,-0.8433079434167573,-0.8433079434167573,-0.8433079434167573,-0.8433079434167573,,
1749679200,109000,109225,106110,106280,0.4964304288213323,0.4964304288213323,-0.2861565886381761,-0.2861565886381761,-2.495412844036697,-2.495412844036697,-2.495412844036697,-2.495412844036697,-2.495412844036697,-2.495412844036697,-2.495412844036697,-2.495412844036697,,
1749765600,106270,106630,103010,105745,-0.009455817691834902,-0.009455817691834902,-0.7881033916592391,-0.7881033916592391,-0.49402465418274205,-0.49402465418274205,-0.49402465418274205,-0.49402465418274205,-0.49402465418274205,-0.49402465418274205,-0.49402465418274205,-0.49402465418274205,,
1750024800,105140,109250,105030,109080,3.144059382535105,3.144059382535105,3.74738443979456,3.74738443979456,3.74738443979456,3.74738443979456,3.74738443979456,3.74738443979456,3.74738443979456,3.74738443979456,3.74738443979456,3.74738443979456,,
1750111200,108780,109320,103510,104480,-1.2056167557089499,-1.2056167557089499,-0.6277344493056877,-0.6277344493056877,-3.9529325243610955,-3.9529325243610955,-3.9529325243610955,-3.9529325243610955,-3.9529325243610955,-3.9529325243610955,-3.9529325243610955,-3.9529325243610955,,
1750197600,104550,105740,103620,104950,-0.7611933241927096,-0.7611933241927096,-0.18071143237587978,-0.18071143237587978,0.38259206121472983,0.38259206121472983,0.38259206121472983,0.38259206121472983,0.38259206121472983,0.38259206121472983,0.38259206121472983,0.38259206121472983,,
1750284000,105200,106725,102425,103740,-1.9053472649047325,-1.9053472649047325,-1.3315579227696404,-1.3315579227696404,-1.3878326996197718,-1.3878326996197718,-1.3878326996197718,-1.3878326996197718,-1.3878326996197718,-1.3878326996197718,-1.3878326996197718,-1.3878326996197718,,
1750629600,100005,104070,98920,103905,-1.7493262729894568,-1.7493262729894568,3.899805009749512,3.899805009749512,3.899805009749512,3.899805009749512,3.899805009749512,3.899805009749512,3.899805009749512,3.899805009749512,3.899805009749512,3.899805009749512,,
1750716000,103815,106465,103780,106225,0.4444234315162404,0.4444234315162404,6.219689015549223,6.219689015549223,2.3214371718923084,2.3214371718923084,2.3214371718923084,2.3214371718923084,2.3214371718923084,2.3214371718923084,2.3214371718923084,2.3214371718923084,,
1750802400,106970,109000,106585,108575,2.6665405890974423,2.6665405890974423,8.569571521423928,8.569571521423928,1.5004206786949612,1.5004206786949612,1.5004206786949612,1.5004206786949612,1.5004206786949612,1.5004206786949612,1.5004206786949612,1.5004206786949612,,
1750888800,108550,109090,107255,108500,2.59562195640868,2.59562195640868,8.494575271236437,8.494575271236437,-0.046061722708429294,-0.046061722708429294,-0.046061722708429294,-0.046061722708429294,-0.046061722708429294,-0.046061722708429294,-0.046061722708429294,-0.046061722708429294,,
1750975200,108000,108570,107015,107795,1.9289868091343199,1.9289868091343199,7.789610519474026,7.789610519474026,-0.18981481481481483,-0.18981481481481483,-0.18981481481481483,-0.18981481481481483,-0.18981481481481483,-0.18981481481481483,-0.18981481481481483,-0.18981481481481483,,
1751234400,108245,109555,107190,108125,2.2410287929648716,2.2410287929648716,-0.1108596240011086,-0.1108596240011086,-0.1108596240011086,-0.1108596240011086,-0.1108596240011086,-0.1108596240011086,-0.1108596240011086,-0.1108596240011086,-0.1108596240011086,-0.1108596240011086,,
1751320800,107690,108090,105565,106250,-1.3371715108180888,-1.3371715108180888,-1.8430412490184302,-1.8430412490184302,-1.3371715108180888,-1.3371715108180888,-1.3371715108180888,-1.3371715108180888,-1.3371715108180888,-1.3371715108180888,-1.3371715108180888,-1.3371715108180888,,
1751407200,106150,110450,105420,109795,1.9546847432444983,1.9546847432444983,1.4319368100143193,1.4319368100143193,3.4338200659444187,3.4338200659444187,3.4338200659444187,3.4338200659444187,3.4338200659444187,3.4338200659444187,3.4338200659444187,3.4338200659444187,,
1751493600,110000,111225,109165,110600,2.702200761444888,2.702200761444888,2.175620121021756,2.175620121021756,0.5454545454545455,0.5454545454545455,0.5454545454545455,0.5454545454545455,0.5454545454545455,0.5454545454545455,0.5454545454545455,0.5454545454545455,,
1751580000,109505,110265,107825,108190,0.4642956634785031,0.4642956634785031,-1.2008584082918587,-1.2008584082918587,-1.2008584082918587,-1.2008584082918587,-1.895175915850562,-1.895175915850562,-1.895175915850562,-1.895175915850562,-1.895175915850562,-1.895175915850562,,
1751925600,108590,109700,107685,109085,1.2953849011050238,1.2953849011050238,-0.38354413040500435,-0.38354413040500435,0.455843079473248,0.455843079473248,0.455843079473248,0.455843079473248,0.455843079473248,0.455843079473248,0.455843079473248,0.455843079473248,,
1752012000,109365,112575,108640,111295,3.3475717336800077,3.3475717336800077,1.634628555773709,1.634628555773709,1.764732775568052,1.764732775568052,1.764732775568052,1.764732775568052,1.764732775568052,1.764732775568052,1.764732775568052,1.764732775568052,,
1752098400,111435,114400,110875,114030,5.887269012907419,5.887269012907419,4.132231404958678,4.132231404958678,2.328711805088168,2.328711805088168,2.328711805088168,2.328711805088168,2.328711805088168,2.328711805088168,2.328711805088168,2.328711805088168,,
1752184800,115145,119450,115145,118165,9.72699414987464,9.72699414987464,7.9083146888269935,7.9083146888269935,2.6227799730774244,2.6227799730774244,2.6227799730774244,2.6227799730774244,2.6227799730774244,2.6227799730774244,2.6227799730774244,2.6227799730774244,,
1752444000,118900,123610,118600,120590,11.97882811774538,11.97882811774538,1.4213624894869639,1.4213624894869639,1.4213624894869639,1.4213624894869639,1.4213624894869639,1.4213624894869639,1.4213624894869639,1.4213624894869639,1.4213624894869639,1.4213624894869639,,
1752530400,120385,120710,116075,116780,8.440895162039187,8.440895162039187,-1.7830109335576116,-1.7830109335576116,-2.994559122814304,-2.994559122814304,-2.994559122814304,-2.994559122814304,-2.994559122814304,-2.994559122814304,-2.994559122814304,-2.994559122814304,,
1752616800,117635,120375,117265,120330,11.73739437273656,11.73739437273656,1.2026913372582002,1.2026913372582002,2.2909848259446592,2.2909848259446592,2.2909848259446592,2.2909848259446592,2.2909848259446592,2.2909848259446592,2.2909848259446592,2.2909848259446592,,
1752703200,119735,120260,117695,119830,11.273098709258056,11.273098709258056,0.7821698906644239,0.7821698906644239,0.0793418799849668,0.0793418799849668,0.0793418799849668,0.0793418799849668,0.0793418799849668,0.0793418799849668,0.0793418799849668,0.0793418799849668,,
1752789600,120675,121160,117025,117625,9.225554833317858,9.225554833317858,-1.0723296888141296,-1.0723296888141296,-2.5274497617567846,-2.5274497617567846,-2.5274497617567846,-2.5274497617567846,-2.5274497617567846,-2.5274497617567846,-2.5274497617567846,-2.5274497617567846,,
1753048800,117945,119870,116625,117045,8.686971863682794,8.686971863682794,-0.7630675314765357,-0.7630675314765357,-0.7630675314765357,-0.7630675314765357,-0.7630675314765357,-0.7630675314765357,-0.7630675314765357,-0.7630675314765357,-0.7630675314765357,-0.7630675314765357,,
1753135200,117375,120535,116250,120025,11.454174018014672,11.454174018014672,1.7635338505235492,1.7635338505235492,2.2577209797657085,2.2577209797657085,2.2577209797657085,2.2577209797657085,2.2577209797657085,2.2577209797657085,2.2577209797657085,2.2577209797657085,,
1753221600,122000,122000,118340,118970,10.47451016807503,10.47451016807503,0.8690491330704989,0.8690491330704989,-2.483606557377049,-2.483606557377049,-2.483606557377049,-2.483606557377049,-2.483606557377049,-2.483606557377049,-2.483606557377049,-2.483606557377049,,
1753308000,119005,120695,118225,119960,11.393815581762466,11.393815581762466,1.7084234176946882,1.7084234176946882,0.8024872904499811,0.8024872904499811,0.8024872904499811,0.8024872904499811,0.8024872904499811,0.8024872904499811,0.8024872904499811,0.8024872904499811,,
1753394400,119940,119940,115675,118260,9.815210325935556,9.815210325935556,0.2670736360167875,0.2670736360167875,-1.4007003501750876,-1.4007003501750876,-1.4007003501750876,-1.4007003501750876,-1.4007003501750876,-1.4007003501750876,-1.4007003501750876,-1.4007003501750876,,
1753653600,120050,121260,118295,119050,10.54879747423159,10.54879747423159,-0.8329862557267805,-0.8329862557267805,-0.8329862557267805,-0.8329862557267805,-0.8329862557267805,-0.8329862557267805,-0.8329862557267805,-0.8329862557267805,-0.8329862557267805,-0.8329862557267805,,
1753740000,119115,120385,117720,118265,9.81985328257034,9.81985328257034,-1.4868804664723032,-1.4868804664723032,-0.7135961046047937,-0.7135961046047937,-0.7135961046047937,-0.7135961046047937,-0.7135961046047937,-0.7135961046047937,-0.7135961046047937,-0.7135961046047937,,
1753826400,118370,119740,116455,117805,9.392701272170118,9.392701272170118,-1.8700541441066223,-1.8700541441066223,-0.4773168877249303,-0.4773168877249303,-0.4773168877249303,-0.4773168877249303,-0.4773168877249303,-0.4773168877249303,-0.4773168877249303,-0.4773168877249303,,
1753912800,118050,119795,117065,117100,8.738044386665429,8.738044386665429,-2.4573094543940024,-2.4573094543940024,-0.8047437526471835,-0.8047437526471835,-0.8047437526471835,-0.8047437526471835,-0.8047437526471835,-0.8047437526471835,-0.8047437526471835,-0.8047437526471835,,
1753999200,117165,117245,113425,114185,-2.54342167029403,-2.54342167029403,-4.885464389837567,-4.885464389837567,-2.54342167029403,-2.54342167029403,-2.54342167029403,-2.54342167029403,-2.54342167029403,-2.54342167029403,-2.54342167029403,-2.54342167029403,,
1754258400,114520,116305,114270,115370,-1.5320274826099944,-1.5320274826099944,0.7422284317149843,0.7422284317149843,0.7422284317149843,0.7422284317149843,0.7422284317149843,0.7422284317149843,0.7422284317149843,0.7422284317149843,0.7422284317149843,0.7422284317149843,,
1754344800,115555,115895,113030,114175,-2.551956642341996,-2.551956642341996,-0.3012574222843172,-0.3012574222843172,-1.1942365107524555,-1.1942365107524555,-1.1942365107524555,-1.1942365107524555,-1.1942365107524555,-1.1942365107524555,-1.1942365107524555,-1.1942365107524555,,
1754431200,114040,116340,113830,115575,-1.3570605556266804,-1.3570605556266804,0.9212364652462453,0.9212364652462453,1.3460189407225536,1.3460189407225536,1.3460189407225536,1.3460189407225536,1.3460189407225536,1.3460189407225536,1.3460189407225536,1.3460189407225536,,
1754517600,115580,118245,114685,117945,0.6657278197413904,0.6657278197413904,2.9907439748515543,2.9907439748515543,2.0462017650112476,2.0462017650112476,2.0462017650112476,2.0462017650112476,2.0462017650112476,2.0462017650112476,2.0462017650112476,2.0462017650112476,,
1754604000,117870,118405,116295,117355,0.16216446891136432,0.16216446891136432,2.4755501222493885,2.4755501222493885,-0.43692203274794267,-0.43692203274794267,-0.43692203274794267,-0.43692203274794267,-0.43692203274794267,-0.43692203274794267,-0.43692203274794267,-0.43692203274794267,,
1754863200,119045,122940,118970,119375,1.8862288226006059,1.8862288226006059,0.2772060985341677,0.2772060985341677,0.2772060985341677,0.2772060985341677,0.2772060985341677,0.2772060985341677,0.2772060985341677,0.2772060985341677,0.2772060985341677,0.2772060985341677,,
1754949600,119175,120770,118575,120705,3.021380104980156,3.021380104980156,1.3944306774749045,1.3944306774749045,1.2838263058527377,1.2838263058527377,1.2838263058527377,1.2838263058527377,1.2838263058527377,1.2838263058527377,1.2838263058527377,1.2838263058527377,,
1755036000,120385,123750,119310,123655,5.5391968591302865,5.5391968591302865,3.8724851946742826,3.8724851946742826,2.7162852514848197,2.7162852514848197,2.7162852514848197,2.7162852514848197,2.7162852514848197,2.7162852514848197,2.7162852514848197,2.7162852514848197,,
1755122400,123430,125235,117550,118355,1.0156616737080186,1.0156616737080186,-0.5796127514805326,-0.5796127514805326,-4.111642226363121,-4.111642226363121,-4.111642226363121,-4.111642226363121,-4.111642226363121,-4.111642226363121,-4.111642226363121,-4.111642226363121,-4.111642226363121,-4.111642226363121
1755208800,118345,119815,117170,117635,0.4011436862544275,0.4011436862544275,-1.1844260573732623,-1.1844260573732623,-0.5999408509020238,-0.5999408509020238,-0.5999408509020238,-0.5999408509020238,-0.5999408509020238,-0.5999408509020238,-0.5999408509020238,-0.5999408509020238,-0.5999408509020238,-0.5999408509020238
1755468000,117970,118390,114915,116760,-0.345666367942645,-0.345666367942645,-1.02568449605832,-1.02568449605832,-1.02568449605832,-1.02568449605832,-1.02568449605832,-1.02568449605832,-1.02568449605832,-1.02568449605832,-1.02568449605832,-1.02568449605832,-1.02568449605832,-1.02568449605832
1755554400,116950,117320,112825,113680,-2.9744377587163404,-2.9744377587163404,-3.636517758752225,-3.636517758752225,-2.7960666951688755,-2.7960666951688755,-2.7960666951688755,-2.7960666951688755,-2.7960666951688755,-2.7960666951688755,-2.7960666951688755,-2.7960666951688755,-2.7960666951688755,-2.7960666951688755
1755640800,113585,114645,112465,114575,-2.2105577604233346,-2.2105577604233346,-2.8778503009239635,-2.8778503009239635,0.8715939604701325,0.8715939604701325,0.8715939604701325,0.8715939604701325,0.8715939604701325,0.8715939604701325,0.8715939604701325,0.8715939604701325,0.8715939604701325,0.8715939604701325
1755727200,114475,115030,112070,112565,-3.9260871420646097,-3.9260871420646097,-4.581673306772909,-4.581673306772909,-1.6684865691198953,-1.6684865691198953,-1.6684865691198953,-1.6684865691198953,-1.6684865691198953,-1.6684865691198953,-1.6684865691198953,-1.6684865691198953,-1.6684865691198953,-1.6684865691198953
1755813600,112765,117635,111795,117270,0.0896172065036487,0.0896172065036487,-0.5933711960667967,-0.5933711960667967,3.9950339200993215,3.9950339200993215,3.9950339200993215,3.9950339200993215,3.9950339200993215,3.9950339200993215,3.9950339200993215,3.9950339200993215,3.9950339200993215,3.9950339200993215
1756072800,113460,113790,109580,109790,-6.294541885375325,-6.294541885375325,-3.234620130442447,-3.234620130442447,-3.234620130442447,-3.234620130442447,-3.234620130442447,-3.234620130442447,-3.234620130442447,-3.234620130442447,-3.234620130442447,-3.234620130442447,-3.234620130442447,-3.234620130442447
1756159200,109980,111530,108825,111465,-4.864934067340929,-4.864934067340929,-1.7583289264939188,-1.7583289264939188,1.3502454991816693,1.3502454991816693,1.3502454991816693,1.3502454991816693,1.3502454991816693,1.3502454991816693,1.3502454991816693,1.3502454991816693,1.3502454991816693,1.3502454991816693
1756245600,112085,113430,111095,113215,-3.3713139589467844,-3.3713139589467844,-0.2159351313238146,-0.2159351313238146,1.008163447383682,1.008163447383682,1.008163447383682,1.008163447383682,1.008163447383682,1.008163447383682,1.008163447383682,1.008163447383682,1.008163447383682,1.008163447383682
1756332000,112595,114265,111615,112695,-3.8151325054410448,-3.8151325054410448,-0.674246430460074,-0.674246430460074,0.08881389049247303,0.08881389049247303,0.08881389049247303,0.08881389049247303,0.08881389049247303,0.08881389049247303,0.08881389049247303,0.08881389049247303,0.08881389049247303,0.08881389049247303
1756418400,112895,113435,108025,108315,-7.553450262450391,-7.553450262450391,-4.534637757800105,-4.534637757800105,-4.056867000310023,-4.056867000310023,-4.056867000310023,-4.056867000310023,-4.056867000310023,-4.056867000310023,-4.056867000310023,-4.056867000310023,-4.056867000310023,-4.056867000310023
1756677600,109460,112445,107760,112080,2.3935684268225836,2.3935684268225836,2.3935684268225836,2.3935684268225836,2.3935684268225836,2.3935684268225836,2.3935684268225836,2.3935684268225836,2.3935684268225836,2.3935684268225836,2.3935684268225836,2.3935684268225836,2.3935684268225836,2.3935684268225836
1756850400,111835,113245,111125,112885,3.1289968938425,3.1289968938425,3.1289968938425,3.1289968938425,0.9388831761076586,0.9388831761076586,0.9388831761076586,0.9388831761076586,0.9388831761076586,0.9388831761076586,0.9388831761076586,0.9388831761076586,0.9388831761076586,0.9388831761076586
1756936800,112670,112845,109720,110845,1.2653023935684269,1.2653023935684269,1.2653023935684269,1.2653023935684269,-1.619774562882755,-1.619774562882755,-1.619774562882755,-1.619774562882755,-1.619774562882755,-1.619774562882755,-1.619774562882755,-1.619774562882755,-1.619774562882755,-1.619774562882755
1757023200,110860,113805,110465,112060,2.375296912114014,2.375296912114014,2.375296912114014,2.375296912114014,1.0824463287028685,1.0824463287028685,1.0824463287028685,1.0824463287028685,1.0824463287028685,1.0824463287028685,1.0824463287028685,1.0824463287028685,1.0824463287028685,1.0824463287028685
1757282400,111535,113415,111000,112470,2.749862963639686,2.749862963639686,0.8383018783341553,0.8383018783341553,0.8383018783341553,0.8383018783341553,0.8383018783341553,0.8383018783341553,0.8383018783341553,0.8383018783341553,0.8383018783341553,0.8383018783341553,0.8383018783341553,0.8383018783341553
1757368800,112830,113825,111025,111915,2.2428284304768864,2.2428284304768864,0.340700228627785,0.340700228627785,-0.8109545333687849,-0.8109545333687849,-0.8109545333687849,-0.8109545333687849,-0.8109545333687849,-0.8109545333687849,-0.8109545333687849,-0.8109545333687849,-0.8109545333687849,-0.8109545333687849
1757455200,111695,114920,111235,114070,4.2115841403252325,4.2115841403252325,2.272829156766934,2.272829156766934,2.1263261560499576,2.1263261560499576,2.1263261560499576,2.1263261560499576,2.1263261560499576,2.1263261560499576,2.1263261560499576,2.1263261560499576,2.1263261560499576,2.1263261560499576
1757541600,114240,115200,113810,114810,4.8876301845422985,4.8876301845422985,2.9362980230420943,2.9362980230420943,0.4989495798319327,0.4989495798319327,0.4989495798319327,0.4989495798319327,0.4989495798319327,0.4989495798319327,0.4989495798319327,0.4989495798319327,0.4989495798319327,0.4989495798319327
1757628000,114880,117325,114850,116835,6.737621048784945,6.737621048784945,4.751871609808581,4.751871609808581,1.701775766016713,1.701775766016713,1.701775766016713,1.701775766016713,1.701775766016713,1.701775766016713,1.701775766016713,1.701775766016713,1.701775766016713,1.701775766016713
1757887200,116710,117240,114630,115640,5.645898044947926,5.645898044947926,-0.9168023305629337,-0.9168023305629337,-0.9168023305629337,-0.9168023305629337,-0.9168023305629337,-0.9168023305629337,-0.9168023305629337,-0.9168023305629337,-0.9168023305629337,-0.9168023305629337,-0.9168023305629337,-0.9168023305629337
1757973600,115845,117345,114970,117175,7.048236798830623,7.048236798830623,0.39842344272127495,0.39842344272127495,1.14808580430748,1.14808580430748,1.14808580430748,1.14808580430748,1.14808580430748,1.14808580430748,1.14808580430748,1.14808580430748,1.14808580430748,1.14808580430748
1758060000,117190,117675,114835,115850,5.837748949387904,5.837748949387904,-0.736869162882358,-0.736869162882358,-1.1434422732315044,-1.1434422732315044,-1.1434422732315044,-1.1434422732315044,-1.1434422732315044,-1.1434422732315044,-1.1434422732315044,-1.1434422732315044,-1.1434422732315044,-1.1434422732315044
1758146400,116175,118280,116175,117870,7.683171934953408,7.683171934953408,0.9939165452831805,0.9939165452831805,1.459005810200129,1.459005810200129,1.459005810200129,1.459005810200129,1.459005810200129,1.459005810200129,1.459005810200129,1.459005810200129,1.459005810200129,1.459005810200129
1758232800,117560,117820,115225,115445,5.467750776539375,5.467750776539375,-1.0838831291234685,-1.0838831291234685,-1.7990813201769311,-1.7990813201769311,-1.7990813201769311,-1.7990813201769311,-1.7990813201769311,-1.7990813201769311,-1.7990813201769311,-1.7990813201769311,-1.7990813201769311,-1.7990813201769311
1758492000,115560,115695,111890,112885,3.1289968938425,3.1289968938425,-2.314814814814815,-2.314814814814815,-2.314814814814815,-2.314814814814815,-2.314814814814815,-2.314814814814815,-2.314814814814815,-2.314814814814815,-2.314814814814815,-2.314814814814815,-2.314814814814815,-2.314814814814815
1758578400,113030,113450,111515,112050,2.3661611547597294,2.3661611547597294,-3.0373831775700935,-3.0373831775700935,-0.8670264531540298,-0.8670264531540298,-0.8670264531540298,-0.8670264531540298,-0.8670264531540298,-0.8670264531540298,-0.8670264531540298,-0.8670264531540298,-0.8670264531540298,-0.8670264531540298
1758664800,112800,114895,111880,114455,4.563310798465193,4.563310798465193,-0.9562132225683627,-0.9562132225683627,1.4671985815602837,1.4671985815602837,1.4671985815602837,1.4671985815602837,1.4671985815602837,1.4671985815602837,1.4671985815602837,1.4671985815602837,1.4671985815602837,1.4671985815602837
1758751200,114060,114580,109200,109835,0.3425909007856751,0.3425909007856751,-4.954136379370024,-4.954136379370024,-3.704190776784148,-3.704190776784148,-3.704190776784148,-3.704190776784148,-3.704190776784148,-3.704190776784148,-3.704190776784148,-3.704190776784148,-3.704190776784148,-3.704190776784148
1758837600,110015,111000,109245,109900,0.4019733235885255,0.4019733235885255,-4.897888542748356,-4.897888542748356,-0.10453120029086942,-0.10453120029086942,-0.10453120029086942,-0.10453120029086942,-0.10453120029086942,-0.10453120029086942,-0.10453120029086942,-0.10453120029086942,-0.10453120029086942,-0.10453120029086942
1759096800,111210,115340,111210,115155,5.20281381326512,5.20281381326512,3.547342864850283,3.547342864850283,3.547342864850283,3.547342864850283,3.547342864850283,3.547342864850283,3.547342864850283,3.547342864850283,3.547342864850283,3.547342864850283,3.547342864850283,3.547342864850283
1759183200,115030,115770,113440,115475,5.495158048602229,5.495158048602229,3.8350867727722324,3.8350867727722324,0.3868556028862036,0.3868556028862036,0.3868556028862036,0.3868556028862036,0.3868556028862036,0.3868556028862036,0.3868556028862036,0.3868556028862036,0.3868556028862036,0.3868556028862036
1759269600,115045,119130,114585,118425,2.9379807901256028,2.9379807901256028,6.487725923927705,6.487725923927705,2.9379807901256028,2.9379807901256028,2.9379807901256028,2.9379807901256028,2.9379807901256028,2.9379807901256028,2.9379807901256028,2.9379807901256028,2.9379807901256028,2.9379807901256028
1759356000,118425,122030,118390,121710,5.7933851970967885,5.7933851970967885,9.441596978688967,9.441596978688967,2.773907536415453,2.773907536415453,2.773907536415453,2.773907536415453,2.773907536415453,2.773907536415453,2.773907536415453,2.773907536415453,2.773907536415453,2.773907536415453
1759442400,121375,125025,120370,123435,7.292798470163849,7.292798470163849,10.992716482330726,10.992716482330726,1.6972193614830071,1.6972193614830071,1.6972193614830071,1.6972193614830071,1.6972193614830071,1.6972193614830071,1.6972193614830071,1.6972193614830071,1.6972193614830071,1.6972193614830071
1759701600,123630,127240,123630,126130,9.635360076491807,9.635360076491807,2.0221629054436625,2.0221629054436625,2.0221629054436625,2.0221629054436625,2.0221629054436625,2.0221629054436625,2.0221629054436625,2.0221629054436625,2.0221629054436625,2.0221629054436625,2.0221629054436625,2.0221629054436625
1759788000,126090,126285,121410,122680,6.636533530357686,6.636533530357686,-0.7684219040685917,-0.7684219040685917,-2.7044174795780793,-2.7044174795780793,-2.7044174795780793,-2.7044174795780793,-2.7044174795780793,-2.7044174795780793,-2.7044174795780793,-2.7044174795780793,-2.7044174795780793,-2.7044174795780793
1759874400,122805,124950,121855,123355,7.223260463296971,7.223260463296971,-0.22243791959880285,-0.22243791959880285,0.4478645006310818,0.4478645006310818,0.4478645006310818,0.4478645006310818,0.4478645006310818,0.4478645006310818,0.4478645006310818,0.4478645006310818,0.4478645006310818,0.4478645006310818
1759960800,123975,124460,120360,121790,5.862923203963667,5.862923203963667,-1.4883118984065355,-1.4883118984065355,-1.7624521072796935,-1.7624521072796935,-1.7624521072796935,-1.7624521072796935,-1.7624521072796935,-1.7624521072796935,-1.7624521072796935,-1.7624521072796935,-1.7624521072796935,-1.7624521072796935
1760047200,122210,123280,113210,114665,-0.3303055326176713,-0.3303055326176713,-7.251476178920973,-7.251476178920973,-6.173799198101628,-6.173799198101628,-6.173799198101628,-6.173799198101628,-6.173799198101628,-6.173799198101628,-6.173799198101628,-6.173799198101628,-6.173799198101628,-6.173799198101628
1760306400,115540,116570,114085,116345,1.1299926115867704,1.1299926115867704,0.6967284057469275,0.6967284057469275,0.6967284057469275,0.6967284057469275,0.6967284057469275,0.6967284057469275,0.6967284057469275,0.6967284057469275,0.6967284057469275,0.6967284057469275,0.6967284057469275,0.6967284057469275
1760392800,116255,116460,110285,113470,-1.369029510191664,-1.369029510191664,-1.7915873290635278,-1.7915873290635278,-2.3955958883488884,-2.3955958883488884,-2.3955958883488884,-2.3955958883488884,-2.3955958883488884,-2.3955958883488884,-2.3955958883488884,-2.3955958883488884,-2.3955958883488884,-2.3955958883488884
1760479200,113575,114130,110395,111400,-3.1683254378721366,-3.1683254378721366,-3.5831746581270556,-3.5831746581270556,-1.915034118423949,-1.915034118423949,-1.915034118423949,-1.915034118423949,-1.915034118423949,-1.915034118423949,-1.915034118423949,-1.915034118423949,-1.915034118423949,-1.915034118423949
1760565600,111190,112300,107710,108080,-6.054152722847581,-6.054152722847581,-6.456638393629912,-6.456638393629912,-2.797014119974818,-2.797014119974818,-2.797014119974818,-2.797014119974818,-2.797014119974818,-2.797014119974818,-2.797014119974818,-2.797014119974818,-2.797014119974818,-2.797014119974818
1760652000,108630,109525,103740,107195,-6.823416923812421,-6.823416923812421,-7.222606889388956,-7.222606889388956,-1.3209978827211637,-1.3209978827211637,-1.3209978827211637,-1.3209978827211637,-1.3209978827211637,-1.3209978827211637,-1.3209978827211637,-1.3209978827211637,-1.3209978827211637,-1.3209978827211637
1760911200,108850,111960,107605,111405,-3.163979312442957,-3.163979312442957,2.347266881028939,2.347266881028939,2.347266881028939,2.347266881028939,2.347266881028939,2.347266881028939,2.347266881028939,2.347266881028939,2.347266881028939,2.347266881028939,2.347266881028939,2.347266881028939
1760997600,110890,114360,107665,111115,-3.4160545873353905,-3.4160545873353905,2.080845199816261,2.080845199816261,0.20290377851925329,0.20290377851925329,0.20290377851925329,0.20290377851925329,0.20290377851925329,0.20290377851925329,0.20290377851925329,0.20290377851925329,0.20290377851925329,0.20290377851925329
1761084000,111110,111110,106900,107790,-6.306227997740015,-6.306227997740015,-0.9738171796049611,-0.9738171796049611,-2.988029880298803,-2.988029880298803,-2.988029880298803,-2.988029880298803,-2.988029880298803,-2.988029880298803,-2.988029880298803,-2.988029880298803,-2.988029880298803,-2.988029880298803
1761170400,107220,111570,107025,109775,-4.580816202355599,-4.580816202355599,0.8497932935231971,0.8497932935231971,2.382950941988435,2.382950941988435,2.382950941988435,2.382950941988435,2.382950941988435,2.382950941988435,2.382950941988435,2.382950941988435,2.382950941988435,2.382950941988435
1761256800,109775,112390,109660,111005,-3.5116693467773477,-3.5116693467773477,1.9797887000459349,1.9797887000459349,1.120473696196766,1.120473696196766,1.120473696196766,1.120473696196766,1.120473696196766,1.120473696196766,1.120473696196766,1.120473696196766,1.120473696196766,1.120473696196766
1761516000,113385,116550,113350,114660,-0.3346516580468512,-0.3346516580468512,1.124487366053711,1.124487366053711,1.124487366053711,1.124487366053711,1.124487366053711,1.124487366053711,1.124487366053711,1.124487366053711,1.124487366053711,1.124487366053711,1.124487366053711,1.124487366053711
1761602400,114480,116290,112390,112915,-1.8514494328306315,-1.8514494328306315,-0.41451691140803454,-0.41451691140803454,-1.3670510132774283,-1.3670510132774283,-1.3670510132774283,-1.3670510132774283,-1.3670510132774283,-1.3670510132774283,-1.3670510132774283,-1.3670510132774283,-1.3670510132774283,-1.3670510132774283
1761688800,113550,114320,109750,111950,-2.69025164066235,-2.69025164066235,-1.2655995061075098,-1.2655995061075098,-1.4090708938793484,-1.4090708938793484,-1.4090708938793484,-1.4090708938793484,-1.4090708938793484,-1.4090708938793484,-1.4090708938793484,-1.4090708938793484,-1.4090708938793484,-1.4090708938793484
1761775200,112110,112205,106735,107960,-6.1584597331478985,-6.1584597331478985,-4.7845834986991225,-4.7845834986991225,-3.7017215235037018,-3.7017215235037018,-3.7017215235037018,-3.7017215235037018,-3.7017215235037018,-3.7017215235037018,-3.7017215235037018,-3.7017215235037018,-3.7017215235037018,-3.7017215235037018
1761861600,108335,111650,107855,109900,-4.472163066626103,-4.472163066626103,-3.07359880054681,-3.07359880054681,1.444593160105229,1.444593160105229,1.444593160105229,1.444593160105229,1.444593160105229,1.444593160105229,1.444593160105229,1.444593160105229,1.444593160105229,1.444593160105229
1762124400,110390,111320,105760,107070,-3.007518796992481,-3.007518796992481,-3.007518796992481,-3.007518796992481,-3.007518796992481,-3.007518796992481,-3.007518796992481,-3.007518796992481,-3.007518796992481,-3.007518796992481,-3.007518796992481,-3.007518796992481,-3.007518796992481,-3.007518796992481
1762210800,107050,107785,99205,100570,-8.895733309176554,-8.895733309176554,-8.895733309176554,-8.895733309176554,-6.053246146660439,-6.053246146660439,-6.053246146660439,-6.053246146660439,-6.053246146660439,-6.053246146660439,-6.053246146660439,-6.053246146660439,-6.053246146660439,-6.053246146660439
1762297200,101570,105020,99285,104080,-5.716097472597156,-5.716097472597156,-5.716097472597156,-5.716097472597156,2.4712021266121886,2.4712021266121886,2.4712021266121886,2.4712021266121886,2.4712021266121886,2.4712021266121886,2.4712021266121886,2.4712021266121886,2.4712021266121886,2.4712021266121886
1762383600,104015,104630,100605,101375,-8.166500588821451,-8.166500588821451,-8.166500588821451,-8.166500588821451,-2.538095466999952,-2.538095466999952,-2.538095466999952,-2.538095466999952,-2.538095466999952,-2.538095466999952,-2.538095466999952,-2.538095466999952,-2.538095466999952,-2.538095466999952
1762470000,101635,104220,99465,104105,-5.69345049370414,-5.69345049370414,-5.69345049370414,-5.69345049370414,2.430265164559453,2.430265164559453,2.430265164559453,2.430265164559453,2.430265164559453,2.430265164559453,2.430265164559453,2.430265164559453,2.430265164559453,2.430265164559453
1762729200,104895,107035,104520,105920,-4.049279826071202,-4.049279826071202,0.9771676438343104,0.9771676438343104,0.9771676438343104,0.9771676438343104,0.9771676438343104,0.9771676438343104,0.9771676438343104,0.9771676438343104,0.9771676438343104,0.9771676438343104,0.9771676438343104,0.9771676438343104
1762815600,106255,107925,102640,102895,-6.789564272126099,-6.789564272126099,-1.90666857333524,-1.90666857333524,-3.1622041315702796,-3.1622041315702796,-3.1622041315702796,-3.1622041315702796,-3.1622041315702796,-3.1622041315702796,-3.1622041315702796,-3.1622041315702796,-3.1622041315702796,-3.1622041315702796
1762902000,103130,105655,101020,102060,-7.545973367152822,-7.545973367152822,-2.7027027027027026,-2.7027027027027026,-1.0375254533113547,-1.0375254533113547,-1.0375254533113547,-1.0375254533113547,-1.0375254533113547,-1.0375254533113547,-1.0375254533113547,-1.0375254533113547,-1.0375254533113547,-1.0375254533113547
1762988400,102140,104330,97935,98750,-10.544433372588097,-10.544433372588097,-5.858239191572525,-5.858239191572525,-3.318973957313491,-3.318973957313491,-3.318973957313491,-3.318973957313491,-3.318973957313491,-3.318973957313491,-3.318973957313491,-3.318973957313491,-3.318973957313491,-3.318973957313491
1763074800,99785,100470,94225,95040,-13.905245040311623,-13.905245040311623,-9.395109395109396,-9.395109395109396,-4.7552237310216965,-4.7552237310216965,-4.7552237310216965,-4.7552237310216965,-4.7552237310216965,-4.7552237310216965,-4.7552237310216965,-4.7552237310216965,-4.7552237310216965,-4.7552237310216965
1763334000,94275,96145,91300,91935,-16.71799981882417,-16.71799981882417,-2.4821002386634845,-2.4821002386634845,-2.4821002386634845,-2.4821002386634845,-2.4821002386634845,-2.4821002386634845,-2.4821002386634845,-2.4821002386634845,-2.4821002386634845,-2.4821002386634845,-2.4821002386634845,-2.4821002386634845
1763420400,92165,93970,89280,92585,-16.12917836760576,-16.12917836760576,-1.79262795014585,-1.79262795014585,0.4557044431183204,0.4557044431183204,0.4557044431183204,0.4557044431183204,0.4557044431183204,0.4557044431183204,0.4557044431183204,0.4557044431183204,0.4557044431183204,0.4557044431183204
1763506800,93180,93300,88585,90575,-17.94999547060422,-17.94999547060422,-3.92468841156192,-3.92468841156192,-2.7956643056449884,-2.7956643056449884,-2.7956643056449884,-2.7956643056449884,-2.7956643056449884,-2.7956643056449884,-2.7956643056449884,-2.7956643056449884,-2.7956643056449884,-2.7956643056449884
1763593200,90580,93230,86040,87215,-20.993749433825528,-20.993749433825528,-7.488729779899231,-7.488729779899231,-3.714948112166041,-3.714948112166041,-3.714948112166041,-3.714948112166041,-3.714948112166041,-3.714948112166041,-3.714948112166041,-3.714948112166041,-3.714948112166041,-3.714948112166041
1763679600,87970,88200,80745,85225,-22.796448953709575,-22.796448953709575,-9.599575709360913,-9.599575709360913,-3.120381948391497,-3.120381948391497,-3.120381948391497,-3.120381948391497,-3.120381948391497,-3.120381948391497,-3.120381948391497,-3.120381948391497,-3.120381948391497,-3.120381948391497
1763938800,87665,89265,85215,88790,-19.56698976356554,-19.56698976356554,1.2832943592083499,1.2832943592083499,1.2832943592083499,1.2832943592083499,1.2832943592083499,1.2832943592083499,1.2832943592083499,1.2832943592083499,1.2832943592083499,1.2832943592083499,1.2832943592083499,1.2832943592083499
1764025200,89125,89165,86460,87375,-20.848808768910228,-20.848808768910228,-0.3308047681514858,-0.3308047681514858,-1.9635343618513323,-1.9635343618513323,-1.9635343618513323,-1.9635343618513323,-1.9635343618513323,-1.9635343618513323,-1.9635343618513323,-1.9635343618513323,-1.9635343618513323,-1.9635343618513323
1764111600,87760,90950,86550,90705,-17.832231180360537,-17.832231180360537,3.4677465351052303,3.4677465351052303,3.3557429352780312,3.3557429352780312,3.3557429352780312,3.3557429352780312,3.3557429352780312,3.3557429352780312,3.3557429352780312,3.3557429352780312,3.3557429352780312,3.3557429352780312
1764198000,90980,93645,90290,91520,-17.09393966844823,-17.09393966844823,4.397422004220613,4.397422004220613,0.5935370411079358,0.5935370411079358,0.5935370411079358,0.5935370411079358,0.5935370411079358,0.5935370411079358,0.5935370411079358,0.5935370411079358,0.5935370411079358,0.5935370411079358
1764543600,91610,91960,84125,86830,-5.217770985700251,-5.217770985700251,-5.217770985700251,-5.217770985700251,-5.217770985700251,-5.217770985700251,-5.217770985700251,-5.217770985700251,-5.217770985700251,-5.217770985700251,-5.217770985700251,-5.217770985700251,-5.217770985700251,-5.217770985700251
1764630000,86890,92720,86495,91950,0.37113852199541536,0.37113852199541536,0.37113852199541536,0.37113852199541536,5.823454943031419,5.823454943031419,5.823454943031419,5.823454943031419,5.823454943031419,5.823454943031419,5.823454943031419,5.823454943031419,5.823454943031419,5.823454943031419
1764716400,92305,94350,91370,94100,2.7180438816723065,2.7180438816723065,2.7180438816723065,2.7180438816723065,1.9446400520015166,1.9446400520015166,1.9446400520015166,1.9446400520015166,1.9446400520015166,1.9446400520015166,1.9446400520015166,1.9446400520015166,1.9446400520015166,1.9446400520015166
1764802800,94095,94485,91165,92500,0.9715096605174108,0.9715096605174108,0.9715096605174108,0.9715096605174108,-1.6950953823263721,-1.6950953823263721,-1.6950953823263721,-1.6950953823263721,-1.6950953823263721,-1.6950953823263721,-1.6950953823263721,-1.6950953823263721,-1.6950953823263721,-1.6950953823263721
1764889200,92690,93020,88410,89410,-2.4014845540879817,-2.4014845540879817,-2.4014845540879817,-2.4014845540879817,-3.5386773114683354,-3.5386773114683354,-3.5386773114683354,-3.5386773114683354,-3.5386773114683354,-3.5386773114683354,-3.5386773114683354,-3.5386773114683354,-3.5386773114683354,-3.5386773114683354
1765148400,89800,92625,89760,91525,-0.09278463049885384,-0.09278463049885384,1.920935412026726,1.920935412026726,1.920935412026726,1.920935412026726,1.920935412026726,1.920935412026726,1.920935412026726,1.920935412026726,1.920935412026726,1.920935412026726,1.920935412026726,1.920935412026726
1765234800,91080,94965,89750,92910,1.4190590546883528,1.4190590546883528,3.463251670378619,3.463251670378619,2.0092226613965742,2.0092226613965742,2.0092226613965742,2.0092226613965742,2.0092226613965742,2.0092226613965742,2.0092226613965742,2.0092226613965742,2.0092226613965742,2.0092226613965742
1765321200,93075,94825,91755,92665,1.1516210020740094,1.1516210020740094,3.1904231625835187,3.1904231625835187,-0.440504969110932,-0.440504969110932,-0.440504969110932,-0.440504969110932,-0.440504969110932,-0.440504969110932,-0.440504969110932,-0.440504969110932,-0.440504969110932,-0.440504969110932
1765407600,92720,93835,89430,93145,1.675581268420478,1.675581268420478,3.724944320712695,3.724944320712695,0.4583692838654012,0.4583692838654012,0.4583692838654012,0.4583692838654012,0.4583692838654012,0.4583692838654012,0.4583692838654012,0.4583692838654012,0.4583692838654012,0.4583692838654012
1765494000,92800,93120,89620,90315,-1.4136011352472437,-1.4136011352472437,0.5734966592427617,0.5734966592427617,-2.677801724137931,-2.677801724137931,-2.677801724137931,-2.677801724137931,-2.677801724137931,-2.677801724137931,-2.677801724137931,-2.677801724137931,-2.677801724137931,-2.677801724137931
1765753200,89030,90240,85270,86290,-5.807226285340028,-5.807226285340028,-3.077614287318881,-3.077614287318881,-3.077614287318881,-3.077614287318881,-3.077614287318881,-3.077614287318881,-3.077614287318881,-3.077614287318881,-3.077614287318881,-3.077614287318881,-3.077614287318881,-3.077614287318881
1765839600,86270,88360,85335,87940,-4.006112869774042,-4.006112869774042,-1.22430641356846,-1.22430641356846,1.9357830068389938,1.9357830068389938,1.9357830068389938,1.9357830068389938,1.9357830068389938,1.9357830068389938,1.9357830068389938,1.9357830068389938,1.9357830068389938,1.9357830068389938
1765926000,87920,90545,85395,86120,-5.992795546337736,-5.992795546337736,-3.268561159159834,-3.268561159159834,-2.0473157415832577,-2.0473157415832577,-2.0473157415832577,-2.0473157415832577,-2.0473157415832577,-2.0473157415832577,-2.0473157415832577,-2.0473157415832577,-2.0473157415832577,-2.0473157415832577
1766012400,86390,89635,84485,85675,-6.478550376596441,-6.478550376596441,-3.768392676625856,-3.768392676625856,-0.8276420882046532,-0.8276420882046532,-0.8276420882046532,-0.8276420882046532,-0.8276420882046532,-0.8276420882046532,-0.8276420882046532,-0.8276420882046532,-0.8276420882046532,-0.8276420882046532
1766098800,85640,89530,85125,87910,-4.038860386420697,-4.038860386420697,-1.2580029203639223,-1.2580029203639223,2.6506305464736104,2.6506305464736104,2.6506305464736104,2.6506305464736104,2.6506305464736104,2.6506305464736104,2.6506305464736104,2.6506305464736104,2.6506305464736104,2.6506305464736104
1766358000,88475,90685,87870,88245,-3.6731797838663898,-3.6731797838663898,-0.2599604408024866,-0.2599604408024866,-0.2599604408024866,-0.2599604408024866,-0.2599604408024866,-0.2599604408024866,-0.2599604408024866,-0.2599604408024866,-0.2599604408024866,-0.2599604408024866,-0.2599604408024866,-0.2599604408024866
1766444400,89060,89465,86970,88085,-3.84783320598188,-3.84783320598188,-0.44080248657812937,-0.44080248657812937,-1.0947675724230856,-1.0947675724230856,-1.0947675724230856,-1.0947675724230856,-1.0947675724230856,-1.0947675724230856,-1.0947675724230856,-1.0947675724230856,-1.0947675724230856,-1.0947675724230856
1766530800,87750,88235,86720,87845,-4.109813339155114,-4.109813339155114,-0.7120655552415937,-0.7120655552415937,0.10826210826210828,0.10826210826210828,0.10826210826210828,0.10826210826210828,0.10826210826210828,0.10826210826210828,0.10826210826210828,0.10826210826210828,0.10826210826210828,0.10826210826210828
1766703600,88010,90070,86930,87815,-4.142560855801769,-4.142560855801769,-0.7459734388245267,-0.7459734388245267,-0.22156573116691286,-0.22156573116691286,-0.22156573116691286,-0.22156573116691286,-0.22156573116691286,-0.22156573116691286,-0.22156573116691286,-0.22156573116691286,-0.22156573116691286,-0.22156573116691286
1766962800,88155,90990,87085,87645,-4.328130116799476,-4.328130116799476,-0.5785264590777608,-0.5785264590777608,-0.5785264590777608,-0.5785264590777608,-0.5785264590777608,-0.5785264590777608,-0.5785264590777608,-0.5785264590777608,-0.5785264590777608,-0.5785264590777608,-0.5785264590777608,-0.5785264590777608
1767049200,87640,89960,87105,88730,-3.1437615980788127,-3.1437615980788127,0.6522602234700244,0.6522602234700244,1.2437243267914195,1.2437243267914195,1.2437243267914195,1.2437243267914195,1.2437243267914195,1.2437243267914195,1.2437243267914195,1.2437243267914195,1.2437243267914195,1.2437243267914195
1767135600,88795,89705,87450,88085,-3.84783320598188,-3.84783320598188,-0.07940559242243775,-0.07940559242243775,-0.7995945717664283,-0.7995945717664283,-0.7995945717664283,-0.7995945717664283,-0.7995945717664283,-0.7995945717664283,-0.7995945717664283,-0.7995945717664283,-0.7995945717664283,-0.7995945717664283
1767308400,88710,91580,88700,90575,2.1023559914327583,2.1023559914327583,2.7451647666042764,2.7451647666042764,2.1023559914327583,2.1023559914327583,2.1023559914327583,2.1023559914327583,2.1023559914327583,2.1023559914327583,2.1023559914327583,2.1023559914327583,2.1023559914327583,2.1023559914327583
1767567600,91605,95270,91605,94585,6.622703190170218,6.622703190170218,3.253097538343977,3.253097538343977,3.253097538343977,3.253097538343977,3.253097538343977,3.253097538343977,3.253097538343977,3.253097538343977,3.253097538343977,3.253097538343977,3.253097538343977,3.253097538343977
1767654000,94660,94890,91480,93620,5.534888964040131,5.534888964040131,2.199661590524535,2.199661590524535,-1.0986689203465032,-1.0986689203465032,-1.0986689203465032,-1.0986689203465032,-1.0986689203465032,-1.0986689203465032,-1.0986689203465032,-1.0986689203465032,-1.0986689203465032,-1.0986689203465032
1767740400,93640,94195,90865,91320,2.942171119377748,2.942171119377748,-0.3111183887342394,-0.3111183887342394,-2.4775736864587783,-2.4775736864587783,-2.4775736864587783,-2.4775736864587783,-2.4775736864587783,-2.4775736864587783,-2.4775736864587783,-2.4775736864587783,-2.4775736864587783,-2.4775736864587783
1767826800,91440,91845,89415,91485,3.128170443016571,3.128170443016571,-0.13099721630915342,-0.13099721630915342,0.049212598425196846,0.049212598425196846,0.049212598425196846,0.049212598425196846,0.049212598425196846,0.049212598425196846,0.049212598425196846,0.049212598425196846,0.049212598425196846,0.049212598425196846
1767913200,91505,92285,89810,90645,2.181264795400744,2.181264795400744,-1.0479777304732274,-1.0479777304732274,-0.9398393530408173,-0.9398393530408173,-0.9398393530408173,-0.9398393530408173,-0.9398393530408173,-0.9398393530408173,-0.9398393530408173,-0.9398393530408173,-0.9398393530408173,-0.9398393530408173
1768172400,90700,92830,90170,91200,2.8068988840040583,2.8068988840040583,0.5512679162072767,0.5512679162072767,0.5512679162072767,0.5512679162072767,0.5512679162072767,0.5512679162072767,0.5512679162072767,0.5512679162072767,0.5512679162072767,0.5512679162072767,0.5512679162072767,0.5512679162072767
1768258800,91315,94865,91135,94430,6.447976552812536,6.447976552812536,4.112458654906284,4.112458654906284,3.411268685320046,3.411268685320046,3.411268685320046,3.411268685320046,3.411268685320046,3.411268685320046,3.411268685320046,3.411268685320046,3.411268685320046,3.411268685320046
1768345200,95705,98235,94810,97890,10.348326006087252,10.348326006087252,7.92723263506064,7.92723263506064,2.283057311530223,2.283057311530223,2.283057311530223,2.283057311530223,2.283057311530223,2.283057311530223,2.283057311530223,2.283057311530223,2.283057311530223,2.283057311530223
1768431600,97445,97745,95260,95690,7.868335024236275,7.868335024236275,5.501653803748622,5.501653803748622,-1.801015957719739,-1.801015957719739,-1.801015957719739,-1.801015957719739,-1.801015957719739,-1.801015957719739,-1.801015957719739,-1.801015957719739,-1.801015957719739,-1.801015957719739
1768518000,95725,96065,94360,95730,7.913425769360839,7.913425769360839,5.545755237045204,5.545755237045204,0.005223295899712719,0.005223295899712719,0.005223295899712719,0.005223295899712719,0.005223295899712719,0.005223295899712719,0.005223295899712719,0.005223295899712719,0.005223295899712719,0.005223295899712719
1768777200,95505,95655,89255,89520,0.9130875887724046,0.9130875887724046,-6.26668760797864,-6.26668760797864,-6.26668760797864,-6.26668760797864,-6.26668760797864,-6.26668760797864,-6.26668760797864,-6.26668760797864,-6.26668760797864,-6.26668760797864,-6.26668760797864,-6.26668760797864
1768950000,88630,90625,87250,90305,1.7979934618419569,1.7979934618419569,-5.444741113030731,-5.444741113030731,1.8898792733837302,1.8898792733837302,1.8898792733837302,1.8898792733837302,1.8898792733837302,1.8898792733837302,1.8898792733837302,1.8898792733837302,1.8898792733837302,1.8898792733837302
1769036400,89855,90430,88475,89335,0.7045428925712997,0.7045428925712997,-6.460394743730695,-6.460394743730695,-0.578710144121084,-0.578710144121084,-0.578710144121084,-0.578710144121084,-0.578710144121084,-0.578710144121084,-0.578710144121084,-0.578710144121084,-0.578710144121084,-0.578710144121084
1769122800,89425,91315,88520,89325,0.6932702062901589,0.6932702062901589,-6.470865399717292,-6.470865399717292,-0.11182555213866369,-0.11182555213866369,-0.11182555213866369,-0.11182555213866369,-0.11182555213866369,-0.11182555213866369,-0.11182555213866369,-0.11182555213866369,-0.11182555213866369,-0.11182555213866369
1769382000,86600,88880,85960,88045,-0.7496336376958629,-0.7496336376958629,1.668591224018476,1.668591224018476,1.668591224018476,1.668591224018476,1.668591224018476,1.668591224018476,1.668591224018476,1.668591224018476,1.668591224018476,1.668591224018476,1.668591224018476,1.668591224018476
1769468400,88055,89565,87200,89100,0.439634764964491,0.439634764964491,2.886836027713626,2.886836027713626,1.1867582760774515,1.1867582760774515,1.1867582760774515,1.1867582760774515,1.1867582760774515,1.1867582760774515,1.1867582760774515,1.1867582760774515,1.1867582760774515,1.1867582760774515
1769554800,89630,90935,89110,89735,1.1554503438169317,1.1554503438169317,3.6200923787528874,3.6200923787528874,0.11714827624679236,0.11714827624679236,0.11714827624679236,0.11714827624679236,0.11714827624679236,0.11714827624679236,0.11714827624679236,0.11714827624679236,0.11714827624679236,0.11714827624679236
1769641200,89585,89780,83465,84710,-4.509074512456318,-4.509074512456318,-2.1824480369515014,-2.1824480369515014,-5.4417592230842216,-5.4417592230842216,-5.4417592230842216,-5.4417592230842216,-5.4417592230842216,-5.4417592230842216,-5.4417592230842216,-5.4417592230842216,-5.4417592230842216,-5.4417592230842216
1769727600,84795,84930,81285,84640,-4.587983316424304,-4.587983316424304,-2.2632794457274827,-2.2632794457274827,-0.18279379680405686,-0.18279379680405686,-0.18279379680405686,-0.18279379680405686,-0.18279379680405686,-0.18279379680405686,-0.18279379680405686,-0.18279379680405686,-0.18279379680405686,-0.18279379680405686
1769986800,77800,79690,74785,78755,1.2275064267352185,1.2275064267352185,1.2275064267352185,1.2275064267352185,1.2275064267352185,1.2275064267352185,1.2275064267352185,1.2275064267352185,1.2275064267352185,1.2275064267352185,1.2275064267352185,1.2275064267352185,1.2275064267352185,1.2275064267352185
1770073200,78820,79455,73090,76420,-1.7737789203084835,-1.7737789203084835,-1.7737789203084835,-1.7737789203084835,-3.044912458766811,-3.044912458766811,-3.044912458766811,-3.044912458766811,-3.044912458766811,-3.044912458766811,-3.044912458766811,-3.044912458766811,-3.044912458766811,-3.044912458766811
1770159600,76000,77155,72100,72795,-6.433161953727506,-6.433161953727506,-6.433161953727506,-6.433161953727506,-4.217105263157895,-4.217105263157895,-4.217105263157895,-4.217105263157895,-4.217105263157895,-4.217105263157895,-4.217105263157895,-4.217105263157895,-4.217105263157895,-4.217105263157895
1770246000,72350,73560,62445,63270,-18.676092544987146,-18.676092544987146,-18.676092544987146,-18.676092544987146,-12.55010366275052,-12.55010366275052,-12.55010366275052,-12.55010366275052,-12.55010366275052,-12.55010366275052,-12.55010366275052,-12.55010366275052,-12.55010366275052,-12.55010366275052
1770332400,63770,71720,60205,70505,-9.376606683804626,-9.376606683804626,-9.376606683804626,-9.376606683804626,10.561392504312373,10.561392504312373,10.561392504312373,10.561392504312373,10.561392504312373,10.561392504312373,10.561392504312373,10.561392504312373,10.561392504312373,10.561392504312373
1770591600,71050,72615,68370,70565,-9.299485861182518,-9.299485861182518,-0.6826178747361012,-0.6826178747361012,-0.6826178747361012,-0.6826178747361012,-0.6826178747361012,-0.6826178747361012,-0.6826178747361012,-0.6826178747361012,-0.6826178747361012,-0.6826178747361012,-0.6826178747361012,-0.6826178747361012
1770678000,70535,70745,68010,68820,-11.54241645244216,-11.54241645244216,-3.138634764250528,-3.138634764250528,-2.4314170270078685,-2.4314170270078685,-2.4314170270078685,-2.4314170270078685,-2.4314170270078685,-2.4314170270078685,-2.4314170270078685,-2.4314170270078685,-2.4314170270078685,-2.4314170270078685
1770764400,68750,69440,65825,67885,-12.744215938303341,-12.744215938303341,-4.4546094299788885,-4.4546094299788885,-1.2581818181818183,-1.2581818181818183,-1.2581818181818183,-1.2581818181818183,-1.2581818181818183,-1.2581818181818183,-1.2581818181818183,-1.2581818181818183,-1.2581818181818183,-1.2581818181818183
1770850800,67620,68535,65180,65830,-15.38560411311054,-15.38560411311054,-7.346938775510205,-7.346938775510205,-2.6471458148476783,-2.6471458148476783,-2.6471458148476783,-2.6471458148476783,-2.6471458148476783,-2.6471458148476783,-2.6471458148476783,-2.6471458148476783,-2.6471458148476783,-2.6471458148476783
1770937200,66400,69600,65915,69000,-11.311053984575835,-11.311053984575835,-2.8852920478536244,-2.8852920478536244,3.91566265060241,3.91566265060241,3.91566265060241,3.91566265060241,3.91566265060241,3.91566265060241,3.91566265060241,3.91566265060241,3.91566265060241,3.91566265060241
1771196400,69040,70190,66625,67750,-12.917737789203084,-12.917737789203084,-1.8684820393974506,-1.8684820393974506,-1.8684820393974506,-1.8684820393974506,-1.8684820393974506,-1.8684820393974506,-1.8684820393974506,-1.8684820393974506,-1.8684820393974506,-1.8684820393974506,-1.8684820393974506,-1.8684820393974506
1771369200,67770,68570,65880,66415,-14.633676092544986,-14.633676092544986,-3.8021436848203938,-3.8021436848203938,-1.9994097683340712,-1.9994097683340712,-1.9994097683340712,-1.9994097683340712,-1.9994097683340712,-1.9994097683340712,-1.9994097683340712,-1.9994097683340712,-1.9994097683340712,-1.9994097683340712
1771455600,66290,67425,65670,67035,-13.83676092544987,-13.83676092544987,-2.904113557358053,-2.904113557358053,1.1238497510936793,1.1238497510936793,1.1238497510936793,1.1238497510936793,1.1238497510936793,1.1238497510936793,1.1238497510936793,1.1238497510936793,1.1238497510936793,1.1238497510936793
1771542000,66950,68455,66545,67870,-12.76349614395887,-12.76349614395887,-1.6946697566628044,-1.6946697566628044,1.3741598207617625,1.3741598207617625,1.3741598207617625,1.3741598207617625,1.3741598207617625,1.3741598207617625,1.3741598207617625,1.3741598207617625,1.3741598207617625,1.3741598207617625
1771801200,67705,67850,63920,64625,-16.934447300771208,-16.934447300771208,-4.54914703493095,-4.54914703493095,-4.54914703493095,-4.54914703493095,-4.54914703493095,-4.54914703493095,-4.54914703493095,-4.54914703493095,-4.54914703493095,-4.54914703493095,-4.54914703493095,-4.54914703493095
1771887600,64600,65070,62580,64105,-17.602827763496144,-17.602827763496144,-5.3171848460231885,-5.3171848460231885,-0.7662538699690403,-0.7662538699690403,-0.7662538699690403,-0.7662538699690403,-0.7662538699690403,-0.7662538699690403,-0.7662538699690403,-0.7662538699690403,-0.7662538699690403,-0.7662538699690403
1771974000,64465,70360,64170,69305,-10.919023136246786,-10.919023136246786,2.3631932648991953,2.3631932648991953,7.507950050414953,7.507950050414953,7.39965907329924,7.39965907329924,8.28060307788454,8.28060307788454,8.15387016229713,8.15387016229713,8.128559169982058,8.128559169982058
1772060400,68775,69190,66785,67740,-12.930591259640103,-12.930591259640103,0.05169485266966989,0.05169485266966989,-1.504907306434024,-1.504907306434024,-1.504907306434024,-1.504907306434024,-1.504907306434024,-1.504907306434024,-1.504907306434024,-1.504907306434024,-1.504907306434024,-1.504907306434024
1772146800,67830,68585,65380,65775,-15.456298200514137,-15.456298200514137,-2.850601875784654,-2.850601875784654,-3.0296329057938967,-3.0296329057938967,-3.0296329057938967,-3.0296329057938967,-3.0296329057938967,-3.0296329057938967,-3.0296329057938967,-3.0296329057938967,-3.0296329057938967,-3.0296329057938967
1772406000,65500,70445,65185,69730,6.458015267175572,6.458015267175572,6.458015267175572,6.458015267175572,6.458015267175572,6.458015267175572,6.458015267175572,6.458015267175572,6.458015267175572,6.458015267175572,6.458015267175572,6.458015267175572,6.458015267175572,6.458015267175572
1772492400,69730,69800,66365,68250,4.198473282442748,4.198473282442748,4.198473282442748,4.198473282442748,-2.122472393517855,-2.122472393517855,-2.122472393517855,-2.122472393517855,-2.122472393517855,-2.122472393517855,-2.122472393517855,-2.122472393517855,-2.122472393517855,-2.122472393517855
1772578800,68475,74365,67605,73615,12.389312977099237,12.389312977099237,12.389312977099237,12.389312977099237,7.506389193136181,7.506389193136181,7.506389193136181,7.506389193136181,7.506389193136181,7.506389193136181,7.506389193136181,7.506389193136181,7.506389193136181,7.506389193136181
1772665200,72810,73840,70825,71340,8.916030534351146,8.916030534351146,8.916030534351146,8.916030534351146,-2.018953440461475,-2.018953440461475,-2.018953440461475,-2.018953440461475,-2.018953440461475,-2.018953440461475,-2.018953440461475,-2.018953440461475,-2.018953440461475,-2.018953440461475
1772751600,71510,71710,67870,68435,4.480916030534351,4.480916030534351,4.480916030534351,4.480916030534351,-4.300097888407215,-4.300097888407215,-4.300097888407215,-4.300097888407215,-4.300097888407215,-4.300097888407215,-4.300097888407215,-4.300097888407215,-4.300097888407215,-4.300097888407215
1773007200,67225,69750,65680,69155,5.580152671755726,5.580152671755726,2.870955745630346,2.870955745630346,2.870955745630346,2.870955745630346,2.870955745630346,2.870955745630346,2.870955745630346,2.870955745630346,2.870955745630346,2.870955745630346,2.870955745630346,2.870955745630346
1773093600,69260,72025,68490,70385,7.458015267175573,7.458015267175573,4.700632205280773,4.700632205280773,1.6243141784579844,1.6243141784579844,1.6243141784579844,1.6243141784579844,1.6243141784579844,1.6243141784579844,1.6243141784579844,1.6243141784579844,1.6243141784579844,1.6243141784579844
1773180000,70280,71570,69100,70780,8.061068702290077,8.061068702290077,5.28821123094087,5.28821123094087,0.7114399544678429,0.7114399544678429,0.7114399544678429,0.7114399544678429,0.7114399544678429,0.7114399544678429,0.7114399544678429,0.7114399544678429,0.7114399544678429,0.7114399544678429
1773266400,70750,71165,69335,70355,7.412213740458015,7.412213740458015,4.656005950167348,4.656005950167348,-0.558303886925795,-0.558303886925795,-0.558303886925795,-0.558303886925795,-0.558303886925795,-0.558303886925795,-0.558303886925795,-0.558303886925795,-0.558303886925795,-0.558303886925795
1773352800,70500,74205,70160,71540,9.221374045801527,9.221374045801527,6.418743027147639,6.418743027147639,1.475177304964539,1.475177304964539,1.475177304964539,1.475177304964539,1.475177304964539,1.475177304964539,1.475177304964539,1.475177304964539,1.475177304964539,1.475177304964539
1773612000,73925,74750,73100,74335,13.488549618320612,13.488549618320612,0.5546161650321272,0.5546161650321272,0.5546161650321272,0.5546161650321272,4.183601962158375,4.183601962158375,3.994124230554001,3.994124230554001,3.950496434065166,3.950496434065166,3.8560950052392595,3.8560950052392595
1773698400,74425,76200,73490,74640,13.954198473282442,13.954198473282442,0.9671964829218803,0.9671964829218803,0.2888814242526033,0.2888814242526033,0.2888814242526033,0.2888814242526033,0.2888814242526033,0.2888814242526033,0.2888814242526033,0.2888814242526033,0.2888814242526033,0.2888814242526033
1773784800,74650,74965,70570,71280,8.82442748091603,8.82442748091603,-3.577950625634089,-3.577950625634089,-4.514400535833891,-4.514400535833891,-4.514400535833891,-4.514400535833891,-4.514400535833891,-4.514400535833891,-4.514400535833891,-4.514400535833891,-4.514400535833891,-4.514400535833891
1773871200,71280,71730,68820,70525,7.67175572519084,7.67175572519084,-4.599256002705444,-4.599256002705444,-1.0592031425364759,-1.0592031425364759,-1.0592031425364759,-1.0592031425364759,-1.0592031425364759,-1.0592031425364759,-1.0592031425364759,-1.0592031425364759,-1.0592031425364759,-1.0592031425364759
1773957600,70580,71480,69420,70155,7.106870229007633,7.106870229007633,-5.0997632735880964,-5.0997632735880964,-0.6021535845848682,-0.6021535845848682,-0.6021535845848682,-0.6021535845848682,-0.6021535845848682,-0.6021535845848682,-0.6021535845848682,-0.6021535845848682,-0.6021535845848682,-0.6021535845848682
1774216800,68320,71920,67460,70960,8.33587786259542,8.33587786259542,3.864168618266979,3.864168618266979,3.864168618266979,3.864168618266979,3.864168618266979,3.864168618266979,3.864168618266979,3.864168618266979,3.864168618266979,3.864168618266979,3.864168618266979,3.864168618266979
1774303200,70700,71460,68930,70115,7.0458015267175576,7.0458015267175576,2.6273419203747075,2.6273419203747075,-0.8274398868458275,-0.8274398868458275,-0.8274398868458275,-0.8274398868458275,-0.8274398868458275,-0.8274398868458275,-0.8274398868458275,-0.8274398868458275,-0.8274398868458275,-0.8274398868458275
1774389600,70650,72360,70415,71260,8.793893129770993,8.793893129770993,4.30327868852459,4.30327868852459,0.8634111818825195,0.8634111818825195,0.8634111818825195,0.8634111818825195,0.8634111818825195,0.8634111818825195,0.8634111818825195,0.8634111818825195,0.8634111818825195,0.8634111818825195
1774476000,71500,71895,68305,69145,5.564885496183206,5.564885496183206,1.2075526932084308,1.2075526932084308,-3.2937062937062938,-3.2937062937062938,-3.2937062937062938,-3.2937062937062938,-3.2937062937062938,-3.2937062937062938,-3.2937062937062938,-3.2937062937062938,-3.2937062937062938,-3.2937062937062938
1774562400,69125,69375,65690,66190,1.0534351145038168,1.0534351145038168,-3.11768149882904,-3.11768149882904,-4.245931283905968,-4.245931283905968,-4.245931283905968,-4.245931283905968,-4.245931283905968,-4.245931283905968,-4.245931283905968,-4.245931283905968,-4.245931283905968,-4.245931283905968
1774821600,66690,68425,65105,66835,2.0381679389312977,2.0381679389312977,0.21742390163442793,0.21742390163442793,0.21742390163442793,0.21742390163442793,0.21742390163442793,0.21742390163442793,0.21742390163442793,0.21742390163442793,0.21742390163442793,0.21742390163442793,0.21742390163442793,0.21742390163442793
1774908000,66935,68800,66130,68420,4.458015267175573,4.458015267175573,2.594092067776278,2.594092067776278,2.218570254724733,2.218570254724733,2.218570254724733,2.218570254724733,2.218570254724733,2.218570254724733,2.218570254724733,2.218570254724733,2.218570254724733,2.218570254724733
1774994400,68395,69600,67755,68375,-0.029241903647927482,-0.029241903647927482,2.5266156845104213,2.5266156845104213,-0.029241903647927482,-0.029241903647927482,-0.029241903647927482,-0.029241903647927482,-0.029241903647927482,-0.029241903647927482,-0.029241903647927482,-0.029241903647927482,-0.029241903647927482,-0.029241903647927482
1775080800,68500,68870,65850,67110,-1.8787923093793406,-1.8787923093793406,0.6297795771479981,0.6297795771479981,-2.0291970802919708,-2.0291970802919708,-2.0291970802919708,-2.0291970802919708,-2.0291970802919708,-2.0291970802919708,-2.0291970802919708,-2.0291970802919708,-2.0291970802919708,-2.0291970802919708
1775167200,67085,67835,66455,67155,-1.812998026171504,-1.812998026171504,0.6972559604138552,0.6972559604138552,0.10434523365879109,0.10434523365879109,0.10434523365879109,0.10434523365879109,0.10434523365879109,0.10434523365879109,0.10434523365879109,0.10434523365879109,0.10434523365879109,0.10434523365879109
1775426400,67670,70630,67550,70030,2.3905256232180716,2.3905256232180716,3.4875129303975174,3.4875129303975174,3.4875129303975174,3.4875129303975174,3.4875129303975174,3.4875129303975174,3.4875129303975174,3.4875129303975174,3.4875129303975174,3.4875129303975174,3.4875129303975174,3.4875129303975174
1775512800,69775,69835,67840,69510,1.630236128371957,1.630236128371957,2.7190778779370475,2.7190778779370475,-0.3797921891795055,-0.3797921891795055,-0.3797921891795055,-0.3797921891795055,-0.3797921891795055,-0.3797921891795055,-0.3797921891795055,-0.3797921891795055,-0.3797921891795055,-0.3797921891795055
1775599200,69935,73095,69935,71575,4.649462680020469,4.649462680020469,5.770651692034875,5.770651692034875,2.3450346750554085,2.3450346750554085,2.3450346750554085,2.3450346750554085,2.3450346750554085,2.3450346750554085,2.3450346750554085,2.3450346750554085,2.3450346750554085,2.3450346750554085
1775685600,71735,72795,70635,72600,6.148110241976753,6.148110241976753,7.2853554012117625,7.2853554012117625,1.2058270021607305,1.2058270021607305,1.2058270021607305,1.2058270021607305,1.2058270021607305,1.2058270021607305,1.2058270021607305,1.2058270021607305,1.2058270021607305,1.2058270021607305
1775772000,72505,73725,71570,73615,7.632136852109072,7.632136852109072,8.78528151322595,8.78528151322595,1.530928901455072,1.530928901455072,1.530928901455072,1.530928901455072,1.530928901455072,1.530928901455072,1.530928901455072,1.530928901455072,1.530928901455072,1.530928901455072
1776031200,71620,73655,70585,73350,7.244681628774033,7.244681628774033,2.4155263892767382,2.4155263892767382,2.4155263892767382,2.4155263892767382,2.4155263892767382,2.4155263892767382,2.4155263892767382,2.4155263892767382,2.4155263892767382,2.4155263892767382,2.4155263892767382,2.4155263892767382
1776117600,73400,76325,73320,74280,8.604430148402662,8.604430148402662,3.7140463557665453,3.7140463557665453,1.1989100817438691,1.1989100817438691,1.1989100817438691,1.1989100817438691,1.1989100817438691,1.1989100817438691,1.1989100817438691,1.1989100817438691,1.1989100817438691,1.1989100817438691
1776204000,74430,75450,73550,75010,9.671759631552014,9.671759631552014,4.7333147165596205,4.7333147165596205,0.7792556764745397,0.7792556764745397,0.7792556764745397,0.7792556764745397,0.7792556764745397,0.7792556764745397,0.7792556764745397,0.7792556764745397,0.7792556764745397,0.7792556764745397
1776290400,74935,75675,73130,75355,10.176182469478762,10.176182469478762,5.215023736386485,5.215023736386485,0.560485754320411,0.560485754320411,0.560485754320411,0.560485754320411,0.560485754320411,0.560485754320411,0.560485754320411,0.560485754320411,0.560485754320411,0.560485754320411
1776376800,75085,78540,74650,77555,13.392791870750786,13.392791870750786,8.286791399050545,8.286791399050545,3.2896051142039022,3.2896051142039022,3.2896051142039022,3.2896051142039022,3.2896051142039022,3.2896051142039022,3.2896051142039022,3.2896051142039022,3.2896051142039022,3.2896051142039022
1776636000,74655,76670,73780,76375,11.667519555523064,11.667519555523064,2.3039314178554684,2.3039314178554684,2.3039314178554684,2.3039314178554684,2.3039314178554684,2.3039314178554684,2.3039314178554684,2.3039314178554684,2.3039314178554684,2.3039314178554684,2.3039314178554684,2.3039314178554684
1776722400,75900,77030,74860,75735,10.731778638789386,10.731778638789386,1.4466546112115732,1.4466546112115732,-0.21739130434782608,-0.21739130434782608,-0.21739130434782608,-0.21739130434782608,-0.21739130434782608,-0.21739130434782608,-0.21739130434782608,-0.21739130434782608,-0.21739130434782608,-0.21739130434782608
1776808800,76000,80000,75745,78945,15.425104174281746,15.425104174281746,5.74643359453486,5.74643359453486,3.875,3.875,3.875,3.875,3.875,3.875,3.875,3.875,3.875,3.875
1776895200,79180,79340,77355,78350,14.555157540755904,14.555157540755904,4.9494340633581135,4.9494340633581135,-1.0482445061884313,-1.0482445061884313,-1.0482445061884313,-1.0482445061884313,-1.0482445061884313,-1.0482445061884313,-1.0482445061884313,-1.0482445061884313,-1.0482445061884313,-1.0482445061884313
1776981600,78320,79085,77720,78120,14.218875648804739,14.218875648804739,4.641350210970464,4.641350210970464,-0.2553626149131767,-0.2553626149131767,-0.2553626149131767,-0.2553626149131767,-0.2553626149131767,-0.2553626149131767,-0.2553626149131767,-0.2553626149131767,-0.2553626149131767,-0.2553626149131767
1777240800,78675,79940,76765,77330,13.063820454711603,13.063820454711603,-1.7095646647600888,-1.7095646647600888,-1.7095646647600888,-1.7095646647600888,-1.7095646647600888,-1.7095646647600888,-1.7095646647600888,-1.7095646647600888,-1.7095646647600888,-1.7095646647600888,-1.7095646647600888,-1.7095646647600888
1777327200,77190,77880,75930,76795,12.281599532129542,12.281599532129542,-2.3895773752780425,-2.3895773752780425,-0.511724316621324,-0.511724316621324,-0.511724316621324,-0.511724316621324,-0.511724316621324,-0.511724316621324,-0.511724316621324,-0.511724316621324,-0.511724316621324,-0.511724316621324
1777413600,76650,78320,75160,75970,11.075371006652533,11.075371006652533,-3.4381951064505882,-3.4381951064505882,-0.8871493803000652,-0.8871493803000652,-0.8871493803000652,-0.8871493803000652,-0.8871493803000652,-0.8871493803000652,-0.8871493803000652,-0.8871493803000652,-0.8871493803000652,-0.8871493803000652
1777500000,76170,77035,75565,76800,12.288910008041523,12.288910008041523,-2.3832221163012393,-2.3832221163012393,0.8270972823946435,0.8270972823946435,0.8270972823946435,0.8270972823946435,0.8270972823946435,0.8270972823946435,0.8270972823946435,0.8270972823946435,0.8270972823946435,0.8270972823946435
1777586400,76555,79420,76505,78270,2.240219450068578,2.240219450068578,-0.5147759771210677,-0.5147759771210677,2.240219450068578,2.240219450068578,2.240219450068578,2.240219450068578,2.240219450068578,2.240219450068578,2.240219450068578,2.240219450068578,2.240219450068578,2.240219450068578
1777845600,78960,81155,78515,80250,4.826595258311018,4.826595258311018,1.6337386018237081,1.6337386018237081,1.6337386018237081,1.6337386018237081,1.6337386018237081,1.6337386018237081,1.6337386018237081,1.6337386018237081,1.6337386018237081,1.6337386018237081,1.6337386018237081,1.6337386018237081
1777932000,80600,82135,80045,81950,7.047220952256547,7.047220952256547,3.7867274569402225,3.7867274569402225,1.6749379652605458,1.6749379652605458,1.6749379652605458,1.6749379652605458,1.6749379652605458,1.6749379652605458,1.6749379652605458,1.6749379652605458,1.6749379652605458,1.6749379652605458
1778018400,81765,83195,81025,81725,6.753314610410816,6.753314610410816,3.50177304964539,3.50177304964539,-0.04892068733565706,-0.04892068733565706,-0.04892068733565706,-0.04892068733565706,-0.04892068733565706,-0.04892068733565706,-0.04892068733565706,-0.04892068733565706,-0.04892068733565706,-0.04892068733565706
1778104800,81855,81985,79675,80110,4.643720201162563,4.643720201162563,1.456433637284701,1.456433637284701,-2.1318184594710154,-2.1318184594710154,-2.1318184594710154,-2.1318184594710154,-2.1318184594710154,-2.1318184594710154,-2.1318184594710154,-2.1318184594710154,-2.1318184594710154,-2.1318184594710154
1778191200,80025,80755,79355,80380,4.996407811377441,4.996407811377441,1.7983789260385006,1.7983789260385006,0.44361137144642304,0.44361137144642304,0.44361137144642304,0.44361137144642304,0.44361137144642304,0.44361137144642304,0.44361137144642304,0.44361137144642304,0.44361137144642304,0.44361137144642304
1778450400,80980,82725,80565,82035,7.158252236953825,7.158252236953825,1.3027908125463077,1.3027908125463077,1.3027908125463077,1.3027908125463077,1.3027908125463077,1.3027908125463077,1.3027908125463077,1.3027908125463077,1.3027908125463077,1.3027908125463077,1.3027908125463077,1.3027908125463077
1778536800,82080,82220,79940,80875,5.643001763438051,5.643001763438051,-0.12966164485058038,-0.12966164485058038,-1.4680799220272904,-1.4680799220272904,-1.4680799220272904,-1.4680799220272904,-1.4680799220272904,-1.4680799220272904,-1.4680799220272904,-1.4680799220272904,-1.4680799220272904,-1.4680799220272904
1778623200,80760,81520,78820,79845,4.297563842988701,4.297563842988701,-1.4015806371943689,-1.4015806371943689,-1.1329866270430906,-1.1329866270430906,-1.1329866270430906,-1.1329866270430906,-1.1329866270430906,-1.1329866270430906,-1.1329866270430906,-1.1329866270430906,-1.1329866270430906,-1.1329866270430906
1778709600,79550,82320,78990,81620,6.616158317549474,6.616158317549474,0.7903185971844899,0.7903185971844899,2.602137020741672,2.602137020741672,2.602137020741672,2.602137020741672,2.602137020741672,2.602137020741672,2.602137020741672,2.602137020741672,2.602137020741672,2.602137020741672
1778796000,81580,81895,78670,79175,3.422376069492522,3.422376069492522,-2.228945418621882,-2.228945418621882,-2.948026477077715,-2.948026477077715,-2.948026477077715,-2.948026477077715,-2.948026477077715,-2.948026477077715,-2.948026477077715,-2.948026477077715,-2.948026477077715,-2.948026477077715
1779055200,78380,78495,76015,76945,0.5094376591992685,0.5094376591992685,-1.8308241898443482,-1.8308241898443482,-1.8308241898443482,-1.8308241898443482,-1.8308241898443482,-1.8308241898443482,-1.8308241898443482,-1.8308241898443482,-1.8308241898443482,-1.8308241898443482,-1.8308241898443482,-1.8308241898443482
1779141600,77055,77420,76060,77070,0.672718960224675,0.672718960224675,-1.6713447307986733,-1.6713447307986733,0.019466614755693987,0.019466614755693987,0.019466614755693987,0.019466614755693987,0.019466614755693987,0.019466614755693987,0.019466614755693987,0.019466614755693987,0.019466614755693987,0.019466614755693987
1779228000,77000,77935,76475,77700,1.4956567173927242,1.4956567173927242,-0.8675682572084715,-0.8675682572084715,0.9090909090909091,0.9090909090909091,0.9090909090909091,0.9090909090909091,0.9090909090909091,0.9090909090909091,0.9090909090909091,0.9090909090909091,0.9090909090909091,0.9090909090909091
1779314400,77560,78280,76665,77735,1.5413754816798382,1.5413754816798382,-0.8229140086756825,-0.8229140086756825,0.22563176895306858,0.22563176895306858,0.22563176895306858,0.22563176895306858,0.22563176895306858,0.22563176895306858,0.22563176895306858,0.22563176895306858,0.22563176895306858,0.22563176895306858
1779400800,77675,77945,75585,75935,-0.8098752530860166,-0.8098752530860166,-3.1194182189334017,-3.1194182189334017,-2.2401029932410688,-2.2401029932410688,-2.2401029932410688,-2.2401029932410688,-2.2401029932410688,-2.2401029932410688,-2.2401029932410688,-2.2401029932410688,-2.2401029932410688,-2.2401029932410688
1779660000,76300,78085,75610,75960,-0.7772189928809353,-0.7772189928809353,-0.4456094364351245,-0.4456094364351245,-0.4456094364351245,-0.4456094364351245,-0.4456094364351245,-0.4456094364351245,-0.4456094364351245,-0.4456094364351245,-0.4456094364351245,-0.4456094364351245,-0.4456094364351245,-0.4456094364351245
1779832800,76080,76295,74740,75400,-1.508719221474757,-1.508719221474757,-1.1795543905635648,-1.1795543905635648,-0.8937960042060988,-0.8937960042060988,-0.8937960042060988,-0.8937960042060988,-0.8937960042060988,-0.8937960042060988,-0.8937960042060988,-0.8937960042060988,-0.8937960042060988,-0.8937960042060988
1779919200,75095,75095,72655,73780,-3.624844882764026,-3.624844882764026,-3.302752293577982,-3.302752293577982,-1.7511152540115853,-1.7511152540115853,-1.7511152540115853,-1.7511152540115853,-1.7511152540115853,-1.7511152540115853,-1.7511152540115853,-1.7511152540115853,-1.7511152540115853,-1.7511152540115853
1780005600,74000,74535,72590,73750,-3.6640323950101235,-3.6640323950101235,-3.3420707732634334,-3.3420707732634334,-0.33783783783783783,-0.33783783783783783,-0.33783783783783783,-0.33783783783783783,-0.33783783783783783,-0.33783783783783783,-0.33783783783783783,-0.33783783783783783,-0.33783783783783783,-0.33783783783783783
1780088400,74050,74395,70740,71170,-3.8892640108035117,-3.8892640108035117,-3.8892640108035117,-3.8892640108035117,-3.8892640108035117,-3.8892640108035117,-3.570218819863153,-3.570218819863153,-3.674629491777763,-3.674629491777763,-3.661590524534687,-3.661590524534687,-3.5898130587916555,-3.5898130587916555
1780347600,71215,71725,66510,67800,-8.440243079000675,-8.440243079000675,-8.440243079000675,-8.440243079000675,-4.7953380608017975,-4.7953380608017975,-5.5644543491886616,-5.5644543491886616,-5.5644543491886616,-5.5644543491886616,-5.5644543491886616,-5.5644543491886616,-5.5644543491886616,-5.5644543491886616
1780434000,67695,67695,64890,65565,-11.458474004051316,-11.458474004051316,-11.458474004051316,-11.458474004051316,-3.146465765566142,-3.146465765566142,-3.146465765566142,-3.146465765566142,-3.146465765566142,-3.146465765566142,-3.146465765566142,-3.146465765566142,-3.146465765566142,-3.146465765566142
1780520400,65850,65925,61545,63540,-14.193112761647535,-14.193112761647535,-14.193112761647535,-14.193112761647535,-3.507972665148064,-3.507972665148064,-2.5534851621808143,-2.5534851621808143,-2.5534851621808143,-2.5534851621808143,-2.5534851621808143,-2.5534851621808143,-2.5534851621808143,-2.5534851621808143
1780606800,63385,64085,59270,61200,-17.35313977042539,-17.35313977042539,-17.35313977042539,-17.35313977042539,-3.4471878204622546,-3.4471878204622546,-4.21036155892941,-4.21036155892941,-4.21036155892941,-4.21036155892941,-4.21036155892941,-4.21036155892941,-4.21036155892941,-4.21036155892941
1780693200,61870,64375,61815,64230,-13.261309925725861,-13.261309925725861,3.814449652497171,3.814449652497171,3.814449652497171,3.814449652497171,3.8984147525072794,3.8984147525072794,3.8984147525072794,3.8984147525072794,3.8984147525072794,3.8984147525072794,3.8984147525072794,3.8984147525072794
1780952400,63840,63875,60805,61875,-16.441593517893317,-16.441593517893317,0.008081461128171973,0.008081461128171973,-3.0780075187969924,-3.0780075187969924,-2.986829727187206,-2.986829727187206,-2.986829727187206,-2.986829727187206,-2.986829727187206,-2.986829727187206,-2.986829727187206,-2.986829727187206
1781038800,61805,62970,60805,61765,-16.590141796083728,-16.590141796083728,-0.16971068369161144,-0.16971068369161144,-0.06471968287355392,-0.06471968287355392,-0.5394524959742351,-0.5394524959742351,-0.5394524959742351,-0.5394524959742351,-0.5394524959742351,-0.5394524959742351,-0.5394524959742351,-0.5394524959742351
1781125200,61370,64000,61145,63670,-14.01755570560432,-14.01755570560432,2.9093260061419106,2.9093260061419106,3.7477594916082775,3.7477594916082775,3.2346980137819212,3.2346980137819212,3.2346980137819212,3.2346980137819212,3.2346980137819212,3.2346980137819212,3.2346980137819212,3.2346980137819212
1781211600,63625,64490,62840,63540,-14.193112761647535,-14.193112761647535,2.6992080168094392,2.6992080168094392,-0.13359528487229863,-0.13359528487229863,0.6175771971496438,0.6175771971496438,0.6175771971496438,0.6175771971496438,0.6175771971496438,0.6175771971496438,0.6175771971496438,0.6175771971496438
1781298000,65380,67370,65005,66455,-10.25658338960162,-10.25658338960162,1.644233710614867,1.644233710614867,1.644233710614867,1.644233710614867,4.744266687682244,4.744266687682244,4.744266687682244,4.744266687682244,4.744266687682244,4.744266687682244,4.744266687682244,4.744266687682244
1781557200,66380,67025,65360,65775,-11.174881836596894,-11.174881836596894,0.6041602936677883,0.6041602936677883,-0.9114191021391986,-0.9114191021391986,-1.2016522718738265,-1.2016522718738265,-1.2016522718738265,-1.2016522718738265,-1.2016522718738265,-1.2016522718738265,-1.2016522718738265,-1.2016522718738265
1781643600,65780,66505,64035,64235,-13.254557731262661,-13.254557731262661,-1.7513000917711838,-1.7513000917711838,-2.3487382183034358,-2.3487382183034358,-2.4154956323585264,-2.4154956323585264,-2.4154956323585264,-2.4154956323585264,-2.4154956323585264,-2.4154956323585264,-2.4154956323585264,-2.4154956323585264
1781730000,64215,64840,62215,62875,-15.091154625253209,-15.091154625253209,-3.831446925665341,-3.831446925665341,-2.0867398582885617,-2.0867398582885617,-2.3755919571461845,-2.3755919571461845,-2.3755919571461845,-2.3755919571461845,-2.3755919571461845,-2.3755919571461845,-2.3755919571461845,-2.3755919571461845
1781816400,63825,65610,63220,64185,-13.322079675894665,-13.322079675894665,0.564042303172738,0.564042303172738,0.564042303172738,0.564042303172738,1.8082322150844634,1.8082322150844634,1.8082322150844634,1.8082322150844634,1.8082322150844634,1.8082322150844634,1.8082322150844634,1.8082322150844634
1782162000,64285,64370,61880,62650,-15.395003376097232,-15.395003376097232,-1.8409714061887974,-1.8409714061887974,-2.543361592906588,-2.543361592906588,-2.8154812689056077,-2.8154812689056077,-2.8154812689056077,-2.8154812689056077,-2.8154812689056077,-2.8154812689056077,-2.8154812689056077,-2.8154812689056077
1782248400,62755,63440,59205,61280,-17.245104659014178,-17.245104659014178,-3.9874657265961613,-3.9874657265961613,-2.3504103258704485,-2.3504103258704485,-2.2569582901347798,-2.2569582901347798,-1.818473123447889,-1.818473123447889,-1.7791312710370253,-1.7791312710370253,-1.7161186848436247,-1.7161186848436247
1782334800,61180,62170,58200,59910,-19.09520594193113,-19.09520594193113,-6.133960047003526,-6.133960047003526,-2.075841778358941,-2.075841778358941,-1.625615763546798,-1.625615763546798,-1.625615763546798,-1.625615763546798,-1.625615763546798,-1.625615763546798,-1.625615763546798,-1.625615763546798
1782421200,60275,60995,58465,60175,-18.7373396353815,-18.7373396353815,-5.718762240501371,-5.718762240501371,-0.16590626296142677,-0.16590626296142677,0.9393608991025749,0.9393608991025749,0.9393608991025749,0.9393608991025749,0.9393608991025749,0.9393608991025749,1.2109999159027836,1.2109999159027836
1782507600,59405,62095,58940,60650,-18.09588116137745,-18.09588116137745,2.0957831832337344,2.0957831832337344,2.0957831832337344,2.0957831832337344,1.2689931541158792,1.2689931541158792,1.2689931541158792,1.2689931541158792,1.2689931541158792,1.2689931541158792,1.2689931541158792,1.2689931541158792
1782766800,60620,60640,58205,58800,-20.594193112761648,-20.594193112761648,-1.0184327918525378,-1.0184327918525378,-3.0023094688221708,-3.0023094688221708,-2.817948929840509,-2.817948929840509,-2.817948929840509,-2.817948929840509,-2.817948929840509,-2.817948929840509,-2.817948929840509,-2.817948929840509
1782853200,58665,61800,57855,61050,4.065456405011506,4.065456405011506,2.7691271778469826,2.7691271778469826,4.065456405011506,4.065456405011506,3.9148936170212765,3.9148936170212765,3.9148936170212765,3.9148936170212765,3.9148936170212765,3.9148936170212765,3.9148936170212765,3.9148936170212765
1782939600,60955,62445,59715,61635,5.062643825108668,5.062643825108668,3.7538927699688576,3.7538927699688576,1.1155770650479861,1.1155770650479861,2.1800397877984086,2.1800397877984086,2.1800397877984086,2.1800397877984086,2.1800397877984086,2.1800397877984086,2.1800397877984086,2.1800397877984086
1783026000,63320,64905,61425,64415,9.801414812920822,9.801414812920822,1.7293114339861022,1.7293114339861022,1.7293114339861022,1.7293114339861022,4.231391585760518,4.231391585760518,4.231391585760518,4.231391585760518,4.231391585760518,4.231391585760518,4.231391585760518,4.231391585760518
1783371600,64565,64675,62740,63605,8.420693769709366,8.420693769709366,0.4500947567909033,0.4500947567909033,-1.486873693177418,-1.486873693177418,-0.5705799593559481,-0.5705799593559481,-0.5705799593559481,-0.5705799593559481,-0.5705799593559481,-0.5705799593559481,-0.5705799593559481,-0.5705799593559481
1783458000,63550,63940,61025,62250,6.110969061621069,6.110969061621069,-1.6898294377763738,-1.6898294377763738,-2.0456333595594023,-2.0456333595594023,-2.245603015075377,-2.245603015075377,-2.245603015075377,-2.245603015075377,-2.245603015075377,-2.245603015075377,-2.245603015075377,-2.245603015075377
1783544400,62300,63675,61785,63365,8.011591238387455,8.011591238387455,0.07106759317751106,0.07106759317751106,1.709470304975923,1.709470304975923,1.6931471673888623,1.6931471673888623,1.6931471673888623,1.6931471673888623,1.6931471673888623,1.6931471673888623,1.6931471673888623,1.6931471673888623
1783630800,63395,64915,63060,64200,9.434927128611609,9.434927128611609,1.3897662665824384,1.3897662665824384,1.2698162315640034,1.2698162315640034,1.1103236475313016,1.1103236475313016,1.1103236475313016,1.1103236475313016,1.1103236475313016,1.1103236475313016,1.1103236475313016,1.1103236475313016
1783717200,64140,64565,61745,62125,5.897894826557573,5.897894826557573,-3.1415653258497036,-3.1415653258497036,-3.1415653258497036,-3.1415653258497036,-2.9372705257401766,-2.9372705257401766,-2.9372705257401766,-2.9372705257401766,-2.9372705257401766,-2.9372705257401766,-2.9372705257401766,-2.9372705257401766
1783976400,62120,65405,61905,64850,10.542913150941787,10.542913150941787,1.1069535391331462,1.1069535391331462,4.3947198969736,4.3947198969736,4.235313027404967,4.235313027404967,4.235313027404967,4.235313027404967,4.235313027404967,4.235313027404967,4.235313027404967,4.235313027404967
1784062800,64825,65740,64585,64600,10.116764680814796,10.116764680814796,0.7171811661989398,0.7171811661989398,-0.34708831469340534,-0.34708831469340534,-0.20854251950258748,-0.20854251950258748,-0.20854251950258748,-0.20854251950258748,-0.20854251950258748,-0.20854251950258748,-0.20854251950258748,-0.20854251950258748
1784149200,64970,65130,63920,64395,9.767322935310663,9.767322935310663,0.39756782039289057,0.39756782039289057,-0.8850238571648452,-0.8850238571648452,-1.143690512741787,-1.143690512741787,-1.143690512741787,-1.143690512741787,-1.143690512741787,-1.143690512741787,-1.143690512741787,-1.143690512741787
1784235600,64305,64525,62570,64185,9.40935822040399,9.40935822040399,0.07015902712815715,0.07015902712815715,-0.18661068346162818,-0.18661068346162818,0.031169640769890126,0.031169640769890126,0.031169640769890126,0.031169640769890126,0.031169640769890126,0.031169640769890126,0.031169640769890126,0.031169640769890126
1784322000,64525,65895,63820,65525,11.693514020284667,11.693514020284667,1.5497869043006587,1.5497869043006587,1.5497869043006587,1.5497869043006587,1.9606317591223839,1.9606317591223839,1.9606317591223839,1.9606317591223839,1.9606317591223839,1.9606317591223839,1.9606317591223839,1.9606317591223839
1784581200,65320,67115,65145,66515,13.381061961987555,13.381061961987555,3.0840759395583106,3.0840759395583106,1.8294549908144517,1.8294549908144517,1.6660298051203666,1.6660298051203666,1.6660298051203666,1.6660298051203666,1.6660298051203666,1.6660298051203666,1.6660298051203666,1.6660298051203666
1784667600,66495,66850,65570,66225,12.886729736640245,12.886729736640245,2.63463773731112,2.63463773731112,-0.4060455673358899,-0.4060455673358899,-0.4060455673358899,-0.4060455673358899,-0.4060455673358899,-0.4060455673358899,-0.4060455673358899,-0.4060455673358899,-0.4060455673358899,-0.4060455673358899
1784754000,66115,66390,64645,65120,11.00315349867894,11.00315349867894,0.9221232080588918,0.9221232080588918,-1.5049534901308326,-1.5049534901308326,-1.4154870940882598,-1.4154870940882598,-1.4154870940882598,-1.4154870940882598,-1.4154870940882598,-1.4154870940882598,-1.3034252803879964,-1.3034252803879964
1784840400,65205,65900,63695,64220,9.469019006221767,9.469019006221767,-0.4726850058117009,-0.4726850058117009,-1.5106203512000613,-1.5106203512000613,-1.4274750575594781,-1.4274750575594781,-1.4274750575594781,-1.4274750575594781,-1.4274750575594781,-1.4274750575594781,-1.4274750575594781,-1.4274750575594781
1784926800,64825,66070,64400,64880,10.594050967357028,10.594050967357028,0.08484381025838797,0.08484381025838797,0.08484381025838797,0.08484381025838797,1.090682455593643,1.090682455593643,1.090682455593643,1.090682455593643,1.090682455593643,1.090682455593643,1.090682455593643,1.090682455593643
1785186000,64820,64820,62665,64125,9.307082587573511,9.307082587573511,-1.0798303123794832,-1.0798303123794832,-1.072199938290651,-1.072199938290651,-1.2169760455980898,-1.2169760455980898,-1.2169760455980898,-1.2169760455980898,-1.2169760455980898,-1.2169760455980898,-1.2169760455980898,-1.2169760455980898
1785272400,64135,64970,62900,63900,8.923548964459217,8.923548964459217,-1.4269186270728884,-1.4269186270728884,-0.36641459421532707,-0.36641459421532707,-0.4440289787333489,-0.4440289787333489,-0.007824113919098662,-0.007824113919098662,-0.07818608287724785,-0.07818608287724785,-0.04692632566870014,-0.04692632566870014
1785358800,64095,65450,63795,64995,10.790079263615443,10.790079263615443,0.26224450443501734,0.26224450443501734,1.404165691551603,1.404165691551603,2.3543307086614176,2.3543307086614176,2.3543307086614176,2.3543307086614176,2.3543307086614176,2.3543307086614176,2.3543307086614176,2.3543307086614176
1785445200,64955,65795,62500,63125,7.602488707065541,7.602488707065541,-2.6224450443501737,-2.6224450443501737,-2.8173350781310136,-2.8173350781310136,-2.6599845797995374,-2.6599845797995374,-2.6599845797995374,-2.6599845797995374,-2.6599845797995374,-2.6599845797995374,-2.6599845797995374,-2.6599845797995374
1785531600,63730,64300,62340,63805,0.11768397928761964,0.11768397928761964,0.11768397928761964,0.11768397928761964,0.11768397928761964,0.11768397928761964,1.277777777777778,1.277777777777778,1.277777777777778,1.277777777777778,1.277777777777778,1.277777777777778,1.277777777777778,1.277777777777778
1785790800,63785,64800,63540,64485,1.184685391495371,1.184685391495371,1.184685391495371,1.184685391495371,1.0974367014188289,1.0974367014188289,0.8208255159474672,0.8208255159474672,0.8208255159474672,0.8208255159474672,0.8208255159474672,0.8208255159474672,0.8208255159474672,0.8208255159474672
1785877200,64400,65280,64040,64910,1.8515612741252157,1.8515612741252157,1.8515612741252157,1.8515612741252157,0.7919254658385093,0.7919254658385093,1.0980453235729306,1.0980453235729306,1.0980453235729306,1.0980453235729306,1.0980453235729306,1.0980453235729306,1.0980453235729306,1.0980453235729306
1785963600,64950,65255,64315,64690,1.5063549348815315,1.5063549348815315,1.5063549348815315,1.5063549348815315,-0.4003079291762895,-0.4003079291762895,-0.4462911665127732,-0.4462911665127732,-0.4462911665127732,-0.4462911665127732,-0.4462911665127732,-0.4462911665127732,-0.6679462571976967,-0.6679462571976967
1786050000,64610,65735,64290,65250,2.3850619802290915,2.3850619802290915,2.3850619802290915,2.3850619802290915,0.9905587370376103,0.9905587370376103,0.8656670273612613,0.8656670273612613,0.8656670273612613,0.8656670273612613,0.8656670273612613,0.8656670273612613,0.9749303621169917,0.9749303621169917
1786136400,65375,65710,63875,64130,0.6276478895339714,0.6276478895339714,-1.904397705544933,-1.904397705544933,-1.904397705544933,-1.904397705544933,-1.6863406408094435,-1.6863406408094435,-1.6863406408094435,-1.6863406408094435,-1.6863406408094435,-1.6863406408094435,-1.6863406408094435,-1.6863406408094435
1786395600,64035,64610,63265,63680,-0.07845598619174643,-0.07845598619174643,-2.592734225621415,-2.592734225621415,-0.5543843210744124,-0.5543843210744124,-0.809968847352025,-0.809968847352025,-0.809968847352025,-0.809968847352025,-0.809968847352025,-0.809968847352025,-0.809968847352025,-0.809968847352025
1786482000,63750,64795,63350,63555,-0.2745959516711125,-0.2745959516711125,-2.783938814531549,-2.783938814531549,-0.3058823529411765,-0.3058823529411765,-0.33714912968480476,-0.33714912968480476,-0.33714912968480476,-0.33714912968480476,-0.33714912968480476,-0.33714912968480476,-0.39181882297625575,-0.39181882297625575
1786568400,63645,64115,62875,63485,-0.38443433233955754,-0.38443433233955754,-2.891013384321224,-2.891013384321224,-0.25139445360986723,-0.25139445360986723,-0.25139445360986723,-0.25139445360986723,-0.25139445360986723,-0.25139445360986723,-0.25139445360986723,-0.25139445360986723,-0.25139445360986723,-0.25139445360986723