time,open,high,low,close,TheStrat Label 1,TheStrat Label 2,TheStrat Label 3,2-1-2 BLR,2-1-2 BLC,3-1-2 BLR,3-2-2 BLR,Rev Strat 1-2-2 BLR,2-2 BLR,2-1-2 BRR,2-1-2 BRC,3-1-2 BRR,3-2-2 BRR,Rev Strat 1-2-2 BRR,2-2 BRR,Double Inside,PMG BLR,PMG BRR,Volume
1748239200,21202,21285.75,21189.25,21250.75,0,1,,0,0,0,0,0,0,0,0,0,0,0,0,0,0,0,74180
1748253600,21250.75,21307.75,21245.5,21279.25,0,1,,0,0,0,0,0,0,0,0,0,0,0,0,0,0,0,70594
1748268000,21279.75,21296.25,21215.5,21284.5,0,1,,0,0,0,0,0,0,0,0,0,0,0,0,0,0,0,88015
1748296800,21284.5,21292.5,21173,21176,0,1,,0,0,0,0,0,0,0,0,0,0,0,0,0,0,0,85034
1748311200,21175.75,21218.5,21142,21208.25,0,1,,0,0,0,0,0,0,0,0,0,0,0,0,0,0,0,59797
1748325600,21208.25,21360,21204.5,21332.75,0,1,,0,0,0,0,0,0,0,0,0,0,0,1,0,0,0,107729
1748340000,21333.25,21351.5,21193.25,21295.25,0,1,,0,0,0,0,0,1,0,0,0,0,0,0,0,0,0,255419
1748354400,21294.25,21480.25,21292,21476.5,0,1,,0,0,0,0,0,0,0,0,0,0,0,0,0,0,0,424366
1748368800,21477,21488.25,21413,21477.5,0,1,,0,0,0,0,0,0,0,0,0,0,0,0,0,0,0,222816
1748383200,21478.5,21484.75,21452.25,21463,1,,,0,0,0,0,0,0,1,0,0,0,0,0,0,0,0,50332
1748397600,21462.75,21477,21434.5,21452.25,0,1,,0,0,0,0,0,0,0,0,0,0,0,0,0,0,0,38390
1748412000,21452.5,21462.25,21407,21430.25,0,1,,0,0,0,0,0,1,0,0,0,0,0,0,0,0,0,63899
1748426400,21429.75,21564.75,21424,21466.75,0,1,,0,0,0,0,0,0,0,0,0,0,0,0,0,0,0,272959
1748440800,21467,21491.25,21426.25,21469.75,1,,,0,0,0,0,0,0,0,0,0,0,0,0,0,0,0,399991
1748455200,21469.75,21528.75,21320,21525,0,,1,0,0,0,0,0,0,0,0,0,0,0,0,0,0,0,341669
1748469600,21518,21833.25,21490,21794.25,0,1,,0,0,0,0,0,0,0,0,0,0,0,0,0,0,0,228609
1748484000,21794.25,21825,21775.75,21805.25,1,,,0,0,0,0,0,0,0,0,0,0,0,0,0,0,0,70984
1748498400,21804.75,21858.75,21746.25,21785,0,,1,0,0,0,0,0,0,0,0,0,0,0,0,0,0,0,93321
1748512800,21785.75,21788,21485.5,21518,0,1,,0,0,0,0,0,0,0,0,0,0,0,0,0,0,0,345475
1748527200,21517.75,21534,21301,21372.25,0,1,,0,0,0,0,0,0,0,0,0,0,0,0,0,0,0,682555
1748541600,21372.5,21447.75,21317,21384.5,1,,,0,0,0,0,0,0,0,1,0,0,0,0,0,0,0,274298
1748556000,21370.75,21397,21268.25,21342.25,0,1,,0,0,0,0,1,0,0,0,0,0,0,0,0,0,0,102420
1748570400,21343,21412.5,21330.75,21387.25,0,1,,0,0,0,0,0,0,0,0,0,0,0,1,0,0,0,57578
1748584800,21386.5,21398,21319.25,21363,0,1,,0,0,0,0,0,0,0,0,0,0,0,0,0,0,0,76050
1748599200,21363.25,21421.5,21226,21260,0,,1,0,0,0,0,0,0,0,0,0,0,0,0,0,0,0,312291
1748613600,21258.75,21399.5,21071.5,21176.25,0,1,,0,0,0,0,0,1,0,0,0,0,0,0,0,0,0,703803
1748628000,21176.5,21433.25,21174.75,21369,0,1,,0,0,0,0,0,0,0,0,0,0,0,0,0,0,0,349817
1748815200,21304.5,21348.5,21267,21278.75,1,,,0,0,0,0,0,0,1,0,0,0,0,0,0,0,0,89465
1748829600,21278.25,21285,21213,21231.25,0,1,,0,0,0,0,0,0,0,0,0,0,0,0,0,0,0,64667
1748844000,21231.25,21268,21163,21225.25,0,1,,0,0,0,0,0,1,0,0,0,0,0,0,0,0,0,95966
1748858400,21225.5,21458,21214.5,21308,0,1,,0,0,0,0,0,0,0,0,0,0,0,0,0,0,0,254603
1748872800,21308,21475.25,21234.5,21445.5,0,1,,0,0,0,0,0,0,0,0,0,0,0,0,0,0,0,478606
1748887200,21445.5,21576.75,21426.75,21554.75,0,1,,0,0,0,0,0,0,0,0,0,0,0,0,0,0,0,201676
1748901600,21551.75,21554.75,21466,21486.75,1,,,0,0,0,0,0,0,1,0,0,0,0,0,0,0,0,64259
1748916000,21487,21490.75,21437.25,21464.25,0,1,,0,0,0,0,0,0,0,0,0,0,0,0,0,0,0,44858
1748930400,21464.5,21481,21398.25,21450.25,0,1,,0,0,0,0,0,1,0,0,0,0,0,0,0,0,0,78770
1748944800,21451,21606,21437.25,21589.25,0,1,,0,0,0,0,0,0,0,0,0,0,0,0,0,0,0,241040
1748959200,21593.25,21759.75,21557.5,21717.5,0,1,,0,0,0,0,0,0,0,0,0,0,0,0,0,0,0,451657
1748973600,21718.25,21726,21635,21688,1,,,0,0,0,0,0,0,0,0,0,0,0,0,0,0,0,257754
1748988000,21685.75,21727,21671.5,21681.25,0,1,,0,0,0,0,0,0,0,0,0,0,0,0,0,0,0,52787
1749002400,21682,21696.25,21667,21694.75,0,1,,0,0,0,0,0,0,0,0,0,0,0,0,0,0,0,33186
1749016800,21695,21748.75,21674.5,21736.75,0,1,,0,0,0,0,0,0,0,0,0,0,0,0,0,0,0,64826
1749031200,21736.75,21793.5,21655.25,21749.5,0,,1,0,0,0,0,0,0,0,0,0,0,0,0,0,0,0,252506
1749045600,21712,21791,21641,21786.25,0,1,,0,0,0,0,0,0,0,0,0,0,0,0,0,0,0,522749
1749060000,21786,21802.75,21740.75,21747.5,0,1,,0,0,0,0,0,0,0,0,0,0,0,0,0,0,0,195997
1749074400,21745.25,21774.25,21712,21756,0,1,,0,0,0,0,0,0,0,0,0,0,0,0,0,0,0,45091
1749088800,21756.75,21759.75,21723.25,21734.25,1,,,0,0,0,0,0,0,0,0,0,0,0,0,0,0,0,28562
1749103200,21734,21842.5,21723.5,21776.5,0,1,,0,0,0,0,0,0,0,0,0,0,0,0,0,0,0,82855
1749117600,21775.75,21899,21691.75,21723.75,0,,1,0,0,0,0,0,0,0,0,0,0,0,0,0,0,0,318116
1749132000,21724,21936.25,21660,21729.5,0,,1,0,0,0,0,0,0,0,0,0,0,0,0,0,0,0,693765
1749146400,21729.75,21740.25,21503.5,21513.5,0,1,,0,0,0,0,0,0,0,0,0,0,0,0,0,0,0,441507
1749160800,21487.5,21600.75,21471,21584.5,0,1,,0,0,0,0,0,0,0,0,0,0,0,0,0,0,0,76633
1749175200,21584.5,21669.75,21572,21657.5,0,1,,0,0,0,0,0,0,0,0,0,0,0,0,0,0,0,43420
1749189600,21657.75,21691.25,21629.25,21685.5,0,1,,0,0,0,0,0,0,0,0,0,0,0,0,0,0,0,67725
1749204000,21685.25,21863.5,21642.25,21840,0,1,,0,0,0,0,0,0,0,0,0,0,0,0,0,0,0,290046
1749218400,21840,21870.25,21721.5,21821.5,0,1,,0,0,0,0,0,0,0,0,0,0,0,0,0,0,0,526407
1749232800,21822.25,21880,21780.25,21809.75,0,1,,0,0,0,0,0,0,0,0,0,0,0,0,0,0,0,214309
1749420000,21799.25,21821,21726.75,21742.75,0,1,,0,0,0,0,0,0,0,0,0,0,0,0,0,0,0,82535
1749434400,21742,21755.75,21716.5,21746.25,0,1,,0,0,0,0,0,0,0,0,0,0,0,0,0,0,0,45280
1749448800,21746.75,21800.5,21732,21780,0,1,,0,0,0,0,0,0,0,0,0,0,0,0,0,0,0,64894
1749463200,21779.5,21824,21750.25,21787,0,1,,0,0,0,0,0,0,0,0,0,0,0,0,0,0,0,201778
1749477600,21787.25,21892.5,21787.25,21867.25,0,1,,0,0,0,0,0,0,0,0,0,0,0,0,0,0,0,425368
1749492000,21867,21878.75,21796.5,21821.5,1,,,0,1,0,0,0,0,0,0,0,0,0,0,0,0,0,169804
1749506400,21822,21973.5,21815,21966.5,0,1,,0,0,0,0,0,0,0,0,0,0,1,0,0,0,0,78361
1749520800,21966.5,21968.5,21756.5,21828.75,0,1,,0,0,0,0,0,0,0,0,0,0,0,0,0,0,0,106508
1749535200,21829,21841.75,21732,21829.5,0,1,,0,0,0,0,0,0,0,0,0,0,0,0,0,0,0,97427
1749549600,21828.25,21893.25,21804.5,21857.75,0,1,,0,0,0,0,0,0,0,0,0,0,0,0,0,0,0,220034
1749564000,21857,21930.5,21743,21873.75,0,,1,0,0,0,0,0,0,0,0,0,0,0,0,0,0,0,453924
1749578400,21873,21992.25,21821,21951.5,0,1,,0,0,0,0,0,0,0,0,0,0,0,0,0,0,0,278183
1749592800,21950.75,22002,21881.75,21907.75,0,1,,0,0,0,0,0,0,0,0,0,0,0,0,0,0,0,91671
1749607200,21908.25,21917.5,21866.25,21881.5,0,1,,0,0,0,0,0,1,0,0,0,0,0,0,0,0,0,43991
1749621600,21881,21959.75,21874,21916.75,0,1,,0,0,0,0,0,0,0,0,0,0,0,0,0,0,0,60812
1749636000,21916.75,22094,21881.5,21980.25,0,1,,0,0,0,0,0,0,0,0,0,0,0,0,0,0,0,345905
1749650400,21980.75,22066.75,21907.25,21917.5,1,,,0,0,0,0,0,0,1,0,0,0,0,0,0,0,0,542170
1749664800,21917.25,21930.5,21790.25,21882.75,0,1,,0,0,0,0,0,0,0,0,0,0,0,0,0,0,0,439858
1749679200,21871,21895,21753.5,21786.5,0,1,,0,0,0,0,0,0,0,0,0,0,0,0,0,0,0,101657
1749693600,21786.75,21840,21772.75,21827,1,,,0,0,0,0,0,0,0,0,0,0,0,0,0,0,0,51442
1749708000,21826.5,21858.75,21716.5,21810.25,0,,1,0,0,0,0,0,0,0,0,0,0,0,0,0,0,0,112716
1749722400,21810,21892,21720,21857.25,0,1,,0,0,0,0,0,0,0,0,0,0,0,0,0,0,0,270522
1749736800,21857,21977.5,21839.75,21936.5,0,1,,0,0,0,0,0,0,0,0,0,0,0,0,0,0,0,522485
1749751200,21936.5,21953,21892,21908.25,1,,,0,0,0,0,0,0,1,0,0,0,0,0,0,0,0,182271
1749765600,21911,21920,21489,21612.75,0,1,,0,0,0,0,0,0,0,0,0,0,0,0,0,0,0,264691
1749780000,21612.75,21614.5,21470.5,21569.75,0,1,,0,0,0,0,0,1,0,0,0,0,0,0,0,0,0,117434
1749794400,21569.5,21664,21563,21621.5,0,1,,0,0,0,0,0,0,0,0,0,0,0,0,0,0,0,119953
1749808800,21621.75,21796.25,21593,21731.25,0,1,,0,0,0,0,0,0,0,0,0,0,0,0,0,0,0,263813
1749823200,21731.25,21855.75,21617.5,21788,0,1,,0,0,0,0,0,0,0,0,0,0,0,1,0,0,0,548820
1749837600,21788,21805,21601.25,21654,0,1,,0,0,0,0,0,1,0,0,0,0,0,0,0,0,0,353931
1750024800,21784,21921.5,21722,21904.75,0,1,,0,0,0,0,0,0,0,0,0,0,0,0,0,0,0,59774
1750039200,21905.25,21958.75,21888.5,21935,0,1,,0,0,0,0,0,0,0,0,0,0,0,0,0,0,0,23140
1750053600,21934.5,22013.25,21925.75,21969.5,0,1,,0,0,0,0,0,0,0,0,0,0,0,0,0,0,0,49272
1750068000,21968.75,22168,21963.25,22151.5,0,1,,0,0,0,0,0,0,0,0,0,0,0,0,0,0,1,155652
1750082400,22152,22224.5,22143.5,22165,0,1,,0,0,0,0,0,0,0,0,0,0,0,1,0,0,1,278375
1750096800,22165.5,22186.75,22136.5,22163.25,0,1,,0,0,0,0,0,0,0,0,0,0,0,0,0,0,0,139435
1750111200,22163.5,22177.5,22006.75,22081,0,1,,0,0,0,0,0,0,0,0,0,0,0,0,0,0,0,133598
1750125600,22081.25,22117.25,22021.25,22081.75,1,,,0,0,0,0,0,0,0,0,0,0,0,0,0,0,0,64906
1750140000,22082,22123.25,22003.5,22034,0,,1,0,0,0,0,0,0,0,0,0,0,0,0,0,0,0,83794
1750154400,22033.5,22110,21995.75,22095.5,0,1,,0,0,0,0,0,0,0,0,0,0,0,0,0,0,0,196497
1750168800,22095.25,22136.5,21941.5,21962.25,0,,1,0,0,0,0,0,0,0,0,0,0,0,0,0,0,0,514342
1750183200,21962,22001.5,21908,21953.25,0,1,,0,0,0,0,0,0,0,0,0,0,0,0,0,0,0,234136
1750197600,21937.5,22011,21862.75,21974,0,,1,0,0,0,0,0,0,0,0,0,0,0,0,0,0,0,97429
1750212000,21974.5,22003,21944.5,21988.25,1,,,0,0,0,0,0,0,0,0,0,0,0,0,0,0,0,40986
1750226400,21988.5,22065.25,21981.25,22031.75,0,1,,0,0,0,0,0,0,0,0,0,0,1,0,0,0,0,61805
1750240800,22031.25,22035.5,21926.5,22001,0,1,,0,0,0,0,0,1,0,0,0,0,0,0,0,0,0,197974
1750255200,22001.25,22098.75,21940,22031.75,0,1,,0,0,0,0,0,0,0,0,0,0,0,1,0,0,0,398647
1750269600,22032,22083,21883,21961.25,0,1,,0,0,0,0,0,0,0,0,0,0,0,0,0,0,0,430060
1750284000,21960.25,21971.25,21790,21840,0,1,,0,0,0,0,0,0,0,0,0,0,0,0,0,0,0,89525
1750298400,21839.75,21903.75,21822.25,21852.25,1,,,0,0,0,0,0,0,0,1,0,0,0,0,0,0,0,43459
1750312800,21851.75,21874.5,21783,21832.5,0,1,,0,0,0,0,0,0,0,0,0,0,0,0,0,0,0,70811
1750327200,21832.5,21856.5,21650.25,21684.75,0,1,,0,0,0,0,0,0,0,0,0,0,0,0,0,0,0,128614
1750341600,21685.25,21742,21671.25,21704.25,1,,,1,0,0,0,0,0,0,0,0,0,0,0,0,0,0,139368
1750370400,21736.25,21928.25,21736,21875.5,0,1,,0,0,0,0,0,0,0,0,0,0,0,0,0,0,0,123157
1750384800,21875.75,21924,21867.5,21922.75,1,,,0,0,0,0,0,0,0,0,0,0,0,0,0,0,0,45423
1750399200,21922.25,21949.5,21858.5,21900,0,,1,0,0,0,0,0,0,0,0,0,0,0,0,0,0,0,88755
1750413600,21899.75,22130.75,21882.75,22018.5,0,1,,0,0,0,0,0,0,0,0,0,0,0,1,0,0,0,301455
1750428000,22018.25,22030,21760,21838.75,0,1,,0,0,0,0,0,0,0,0,0,0,0,0,0,0,0,760790
1750442400,21838.75,21911,21798,21874,1,,,0,0,0,0,0,0,0,0,0,0,0,0,0,0,0,261091
1750629600,21648.25,21786,21562,21739.25,0,1,,0,0,0,0,1,0,0,0,0,0,0,0,0,0,0,134762
1750644000,21739.5,21817.5,21737.25,21808.75,0,1,,0,0,0,0,0,0,0,0,0,0,0,0,0,0,0,50907
1750658400,21809.5,21944.75,21798,21883.5,0,1,,0,0,0,0,0,0,0,0,0,0,0,0,0,0,0,104896
1750672800,21883.75,21929.25,21758.5,21925.25,0,1,,0,0,0,0,0,0,0,0,0,0,0,0,0,0,0,273852
1750687200,21925.25,22082.75,21738.5,22051.25,0,,1,0,0,0,0,0,0,0,0,0,0,0,0,0,0,0,784601
1750701600,22051.75,22093,22021.5,22072,0,1,,0,0,0,0,0,0,0,0,0,0,0,0,0,0,0,218017
1750716000,22077.25,22272,22064.5,22265.5,0,1,,0,0,0,0,0,0,0,0,0,0,0,0,0,0,0,133630
1750730400,22265,22303,22215.25,22294.5,0,1,,0,0,0,0,0,0,0,0,0,0,0,0,0,0,0,58436
1750744800,22294.5,22383.25,22262.25,22314.25,0,1,,0,0,0,0,0,0,0,0,0,0,0,1,0,0,1,135489
1750759200,22314,22333.25,22251.25,22293.25,0,1,,0,0,0,0,0,1,0,0,0,0,0,0,0,0,0,242106
1750773600,22288.75,22426.25,22265.75,22417.5,0,1,,0,0,0,0,0,0,0,0,0,0,0,0,0,0,0,396783
1750788000,22417.5,22447.75,22394,22409.5,0,1,,0,0,0,0,0,0,0,0,0,0,0,0,0,0,0,173648
1750802400,22410.75,22434.75,22385,22399.25,0,1,,0,0,0,0,0,1,0,0,0,0,0,0,0,0,0,52778
1750816800,22399.75,22438.75,22393.75,22426.5,0,1,,0,0,0,0,0,0,0,0,0,0,0,0,0,0,0,25916
1750831200,22426.5,22453.75,22405.25,22425.5,0,1,,0,0,0,0,0,0,0,0,0,0,0,0,0,0,0,52960
1750845600,22425.25,22548.25,22414.25,22522.5,0,1,,0,0,0,0,0,0,0,0,0,0,0,1,0,0,0,217992
1750860000,22522.75,22529.25,22388.25,22412.5,0,1,,0,0,0,0,0,0,0,0,0,0,0,0,0,0,0,512120
1750874400,22412.75,22481,22401.25,22472.75,1,,,1,0,0,0,0,0,0,0,0,0,0,0,0,0,0,176979
1750888800,22466,22488,22438,22468,0,1,,0,0,0,0,0,0,0,0,0,0,0,0,0,0,0,48413
1750903200,22467.75,22512.25,22467.25,22511.25,0,1,,0,0,0,0,0,0,0,0,0,0,0,0,0,0,0,32333
1750917600,22511,22577.25,22508.25,22550,0,1,,0,0,0,0,0,0,0,0,0,0,0,0,0,0,1,63506
1750932000,22550.5,22585,22476.25,22544,0,,1,0,0,0,0,0,0,0,0,0,0,0,0,0,0,0,248739
1750946400,22544,22651.5,22537.5,22640,0,1,,0,0,0,0,0,0,0,0,0,0,0,0,0,0,0,414499
1750960800,22640.5,22692.75,22634.5,22672.75,0,1,,0,0,0,0,0,0,0,0,0,0,0,0,0,0,0,204977
1750975200,22676.5,22711.25,22660,22680.75,0,1,,0,0,0,0,0,0,0,0,0,0,0,0,0,0,0,53982
1750989600,22680.75,22718.25,22675.75,22708.75,0,1,,0,0,0,0,0,0,0,0,0,0,0,0,0,0,1,35289
1751004000,22709,22759.5,22705.75,22744.75,0,1,,0,0,0,0,0,0,0,0,0,0,0,0,0,0,1,56608
1751018400,22744.75,22787.5,22682,22764.5,0,,1,0,0,0,0,0,0,0,0,0,0,0,0,0,0,0,215568
1751032800,22764.5,22823.75,22697,22736,0,1,,0,0,0,0,0,0,0,0,0,0,0,0,0,0,0,496628
1751047200,22736.25,22760,22600,22740.25,0,1,,0,0,0,0,0,0,0,0,0,0,0,0,0,0,0,361555
1751234400,22751.25,22847,22750,22823,0,1,,0,0,0,0,0,0,0,0,0,0,0,0,0,0,0,82601
1751248800,22822.25,22886.5,22819,22876,0,1,,0,0,0,0,0,0,0,0,0,0,0,0,0,0,0,50173
1751263200,22876.75,22916,22849.5,22880.75,0,1,,0,0,0,0,0,0,0,0,0,0,0,1,0,0,0,69869
1751277600,22881.25,22909,22795,22827,0,1,,0,0,0,0,0,0,0,0,0,0,0,0,0,0,0,207919
1751292000,22826.5,22867.25,22785,22821,0,1,,0,0,0,0,0,0,0,0,0,0,0,0,0,0,0,435500
1751306400,22821.25,22934,22780,22865.75,0,,1,0,0,0,0,0,0,0,0,0,0,0,0,0,0,0,289821
1751320800,22866.75,22915,22845.5,22912,1,,,0,0,0,0,0,0,0,0,1,0,0,0,0,0,0,56163
1751335200,22911.75,22914,22835.75,22842.25,0,1,,0,0,0,0,0,0,0,0,0,0,0,0,0,0,0,44097
1751349600,22841.75,22866,22812.75,22831.25,0,1,,0,0,0,0,0,0,0,0,0,0,0,0,0,0,0,70136
1751364000,22831,22848.25,22756,22782.25,0,1,,0,0,0,0,0,0,0,0,0,0,0,0,0,0,0,193228
1751378400,22788.75,22845,22593.75,22742.75,0,1,,0,0,0,0,0,0,0,0,0,0,0,0,0,1,0,683644
1751392800,22742.75,22753.75,22647.75,22691.5,1,,,0,0,0,0,0,0,0,0,0,0,0,0,1,1,0,249847
1751407200,22696.5,22728.5,22681.25,22690,1,,,0,0,0,0,0,0,0,0,0,0,0,0,0,1,0,43804
1751421600,22690,22781,22675.25,22769.25,0,,1,0,0,0,0,0,0,0,0,0,0,0,0,0,0,0,52060
1751436000,22768.75,22779,22693.5,22713.75,1,,,0,0,0,0,0,0,0,0,1,0,0,0,0,0,0,61839
1751450400,22713.5,22728.75,22584.75,22706.75,0,1,,0,0,0,0,1,0,0,0,0,0,0,0,0,0,0,252232
1751464800,22706.5,22850,22702.75,22825.5,0,1,,0,0,0,0,0,0,0,0,0,0,0,0,0,0,0,433267
1751479200,22825.5,22858.75,22813.25,22853.25,0,1,,0,0,0,0,0,0,0,0,0,0,0,0,0,0,0,163371
1751493600,22846.75,22871.5,22831,22850,0,1,,0,0,0,0,0,0,0,0,0,0,0,0,0,0,0,34013
1751508000,22850.25,22882.25,22827,22873.25,0,,1,0,0,0,0,0,0,0,0,0,0,0,0,0,0,0,36552
1751522400,22873,22901.25,22845,22849.75,0,1,,0,0,0,0,0,0,0,0,0,0,0,0,0,0,0,48202
1751536800,22850.25,23004.75,22830,22997.5,0,,1,0,0,0,0,0,0,0,0,0,0,0,0,0,0,0,228668
1751551200,22995.25,23101.25,22995,23059,0,1,,0,0,0,0,0,0,0,0,0,0,0,0,0,0,0,313374
1751580000,23059,23062.25,23016.5,23027.25,1,,,0,0,0,0,0,0,1,0,0,0,0,0,0,0,0,37617
1751594400,23027.5,23030.5,22987.25,23005.5,0,1,,0,0,0,0,0,0,0,0,0,0,0,0,0,0,0,31961
1751608800,23005,23007,22909.5,22946,0,1,,0,0,0,0,0,0,0,0,0,0,0,0,0,0,0,70616
1751623200,22945.5,22950.5,22881.25,22923.5,0,1,,0,0,0,0,0,0,0,0,0,0,0,0,0,1,0,80473
1751637600,22924.25,22946,22895.5,22904.5,1,,,0,0,0,0,0,0,0,0,0,0,0,0,0,1,0,58193
1751839200,22968.5,23027.25,22914.5,22943,0,1,,0,0,0,0,0,0,0,0,0,0,0,0,0,0,0,93269
1751853600,22942.5,22990.75,22931.75,22949.5,1,,,0,0,0,0,0,0,0,0,0,0,0,0,0,0,0,48881
1751868000,22949.5,22965.75,22908.25,22964.5,0,1,,0,0,0,0,0,0,0,0,0,0,0,0,0,0,0,53887
1751882400,22964.25,23002.75,22900.25,22945.25,0,,1,0,0,0,0,0,0,0,0,0,0,0,0,0,0,0,213658
1751896800,22945,22963,22833.25,22871,0,1,,0,0,0,0,0,0,0,0,0,0,0,0,0,0,0,602528
1751911200,22871.25,22892.75,22780.25,22838,0,1,,0,0,0,0,0,1,0,0,0,0,0,0,0,0,0,247731
1751925600,22840.25,22923,22809.5,22893.5,0,1,,0,0,0,0,0,0,0,0,0,0,0,0,0,0,0,65050
1751940000,22893.5,22938.75,22885.5,22933.25,0,1,,0,0,0,0,0,0,0,0,0,0,0,0,0,0,0,39478
1751954400,22934,22972,22915.75,22924.25,0,1,,0,0,0,0,0,0,0,0,0,0,0,0,0,0,0,58058
1751968800,22924.75,22957,22880,22881.25,0,1,,0,0,0,0,0,0,0,0,0,0,0,0,0,0,0,187967
1751983200,22881.75,22962.75,22841,22934,0,,1,0,0,0,0,0,0,0,0,0,0,0,0,0,0,0,573422
1751997600,22934,22942.5,22870,22903.5,1,,,0,0,0,0,0,0,0,0,1,0,0,0,0,0,0,167454
1752012000,22909,22924,22853,22889.75,0,1,,0,0,0,0,0,0,0,0,0,0,0,0,0,0,0,52168
1752026400,22890.5,22900.75,22868.25,22874,1,,,0,0,0,0,0,0,0,0,0,0,0,0,0,0,0,32364
1752040800,22874.25,22942.5,22843.25,22924,0,,1,0,0,0,0,0,0,0,0,0,0,0,0,0,0,0,60677
1752055200,22924.5,23097,22910,23085.5,0,1,,0,0,0,0,0,0,0,0,0,0,0,0,0,0,0,204510
1752069600,23085.75,23111.25,22917,22983.5,0,1,,0,0,0,0,0,0,0,0,0,0,0,0,0,0,0,594732
1752084000,22983.5,23060.5,22981.75,23043.25,1,,,0,0,0,0,0,0,0,0,0,0,0,0,0,0,0,179923
1752098400,23043.25,23066,22988.25,22990.75,0,1,,0,0,0,0,0,0,0,0,0,0,0,0,0,0,0,53341
1752112800,22990.25,23021.5,22978,22992.5,0,1,,0,0,0,0,0,0,0,0,0,0,0,0,0,0,0,37957
1752127200,22992,23050,22980.5,23024.5,0,1,,0,0,0,0,0,0,0,0,0,0,0,0,0,0,0,55898
1752141600,23024.5,23089.75,22939,22960,0,,1,0,0,0,0,0,0,0,0,0,0,0,0,0,0,0,232733
1752156000,22960,23041,22901,23036.5,0,1,,0,0,0,0,0,0,0,0,0,0,0,0,0,0,0,505594
1752170400,23036.75,23050,22990.5,23009.75,0,1,,0,0,0,0,0,0,0,0,0,0,0,0,0,0,0,157677
1752184800,23010.75,23048.75,22830.75,22926.5,0,1,,0,0,0,0,0,0,0,0,0,0,0,0,0,0,0,148042
1752199200,22927,22978,22918.25,22942,1,,,0,0,0,0,0,0,0,1,0,0,0,0,0,0,0,42606
1752213600,22942.25,22969.75,22858.75,22864.75,0,1,,0,0,0,0,0,0,0,0,0,0,0,0,0,0,0,86831
1752228000,22864.25,22967.75,22852.75,22964,0,1,,0,0,0,0,0,0,0,0,0,0,0,0,0,0,0,240581
1752242400,22963.75,23021.75,22908.75,22998.5,0,1,,0,0,0,0,0,0,0,0,0,0,0,0,0,0,0,485149
1752256800,22998.25,23018.5,22924.25,22937.25,1,,,0,0,0,0,0,0,1,0,0,0,0,0,0,0,0,198264
1752444000,22864.5,22889.25,22802.25,22857.25,0,1,,0,0,0,0,0,0,0,0,0,0,0,0,0,0,0,100946
1752458400,22856.75,22879.5,22827,22831.25,1,,,0,0,0,0,0,0,0,0,0,0,0,0,0,0,0,37298
1752472800,22830.25,22903.5,22805,22899.5,0,,1,0,0,0,0,0,0,0,0,0,0,0,0,0,0,0,73298
1752487200,22899,22979,22842.5,22911.75,0,1,,0,0,0,0,0,0,0,0,0,0,0,0,0,0,0,243547
1752501600,22912,23067.75,22905.5,23044.75,0,1,,0,0,0,0,0,0,0,0,0,0,0,0,0,0,0,416237
1752516000,23045,23060,23016,23036.25,1,,,0,0,0,0,0,0,0,0,0,0,0,0,0,0,0,144815
1752530400,23036.5,23173.75,22996.25,23143,0,,1,0,0,0,0,0,0,0,0,0,0,0,0,0,0,0,80799
1752544800,23143,23170,23039.25,23147,1,,,0,0,0,0,0,0,0,0,0,0,0,0,0,0,0,101837
1752559200,23147.25,23181,23132,23174,0,1,,0,0,0,0,0,0,0,0,0,0,0,0,0,0,0,60912
1752573600,23174,23222.75,23122.75,23138,0,,1,0,0,0,0,0,0,0,0,0,0,0,0,0,0,0,280548
1752588000,23138.75,23198.25,23082.5,23170,0,1,,0,0,0,0,0,0,0,0,0,0,0,0,0,0,0,577725
1752602400,23169.75,23180,23010.5,23018,0,1,,0,0,0,0,0,0,0,0,0,0,0,0,0,0,0,257673
1752616800,23018.75,23033.5,22973.75,23030.5,0,1,,0,0,0,0,0,0,0,0,0,0,0,0,0,0,0,77256
1752631200,23030.5,23045.75,22993.75,23007,0,1,,0,0,0,0,0,0,0,0,0,0,0,0,0,0,0,41741
1752645600,23006.5,23014.5,22928.5,23000.75,0,1,,0,0,0,0,0,0,0,0,0,0,0,0,0,0,0,71716
1752660000,23001,23090,22957.5,22967.75,0,1,,0,0,0,0,0,0,0,0,0,0,0,0,0,0,0,258878
1752674400,22968.25,23068,22835.75,23028,0,1,,0,0,0,0,0,0,0,0,0,0,0,0,0,0,0,762691
1752688800,23028.5,23100,23016.25,23063,0,1,,0,0,0,0,0,0,0,0,0,0,0,0,0,0,0,160690
1752703200,23069.25,23071,23024.75,23034,1,,,0,0,0,0,0,0,0,0,0,0,0,0,0,0,0,52823
1752717600,23033.75,23100,23017,23087.25,0,,1,0,0,0,0,0,0,0,0,0,0,0,0,0,0,0,38725
1752732000,23087,23151.75,23086.5,23109,0,1,,0,0,0,0,0,0,0,0,0,0,0,0,0,0,0,80588
1752746400,23109,23158.5,23065.75,23150,0,,1,0,0,0,0,0,0,0,0,0,0,0,0,0,0,0,242872
1752760800,23150.5,23276,23114.5,23275.75,0,1,,0,0,0,0,0,0,0,0,0,0,0,0,0,0,0,423349
1752775200,23275.75,23281,23234.25,23265.5,0,1,,0,0,0,0,0,0,0,0,0,0,0,0,0,0,0,195827
1752789600,23260,23288.5,23245.5,23267,0,1,,0,0,0,0,0,0,0,0,0,0,0,0,0,0,0,44661
1752804000,23266.25,23309,23260,23303.5,0,1,,0,0,0,0,0,0,0,0,0,0,0,0,0,0,0,31456
1752818400,23303,23309.5,23260.5,23278.5,0,1,,0,0,0,0,0,0,0,0,0,0,0,0,0,0,0,45705
1752832800,23277.75,23320.5,23251,23259.5,0,,1,0,0,0,0,0,0,0,0,0,0,0,0,0,0,0,217054
1752847200,23257.5,23293.25,23170,23198.5,0,1,,0,0,0,0,0,0,0,0,0,0,0,0,0,0,0,544008
1752861600,23199.25,23231.5,23193,23228.75,1,,,1,0,0,0,0,0,0,0,0,0,0,0,0,0,0,154629
1753048800,23240,23278,23204.5,23264.75,0,1,,0,0,0,0,0,0,0,0,0,0,0,0,0,0,0,54055
1753063200,23264.5,23276,23242.25,23268.25,1,,,0,1,0,0,0,0,0,0,0,0,0,0,0,0,0,28692
1753077600,23268.5,23309,23265.75,23289.5,0,1,,0,0,0,0,0,0,0,0,0,0,0,0,0,0,1,46232
1753092000,23289.25,23396,23223.5,23375.5,0,,1,0,0,0,0,0,0,0,0,0,0,0,0,0,0,0,222626
1753106400,23376.25,23425,23358.75,23411.75,0,1,,0,0,0,0,0,0,0,0,0,0,0,1,0,0,0,381266
1753120800,23411.5,23417.5,23328.25,23346.75,0,1,,0,0,0,0,0,0,0,0,0,0,0,0,0,0,0,217278
1753135200,23338,23367.75,23333.25,23365.25,1,,,0,0,0,0,0,0,0,1,0,0,0,0,0,0,0,41557
1753149600,23365.5,23366.25,23297.25,23314,0,1,,0,0,0,0,0,0,0,0,0,0,0,0,0,0,0,43254
1753164000,23314.5,23347.75,23267.25,23282,0,1,,0,0,0,0,0,0,0,0,0,0,0,0,0,0,0,73360
1753178400,23282.25,23349.75,23112,23142.5,0,,1,0,0,0,0,0,0,0,0,0,0,0,0,0,0,0,311079
1753192800,23142.25,23250.5,23105,23217.75,0,1,,0,0,0,0,0,0,0,0,0,0,0,0,0,0,0,535469
1753207200,23217.25,23257,23171,23198.5,0,1,,0,0,0,0,0,0,0,0,0,0,0,0,0,0,0,217967
1753221600,23190,23267,23170.25,23251.75,0,,1,0,0,0,0,0,0,0,0,0,0,0,0,0,0,0,94970
1753236000,23251.5,23259.75,23226.25,23250.75,1,,,0,0,0,0,0,0,0,0,0,0,0,0,0,0,0,36105
1753250400,23251,23283.25,23243,23271.75,0,1,,0,0,0,0,0,0,0,0,0,0,1,0,0,0,0,54855
1753264800,23272,23281.5,23157.75,23165.75,0,1,,0,0,0,0,0,0,0,0,0,0,0,0,0,0,0,252862
1753279200,23165.5,23294,23142.5,23263,0,,1,0,0,0,0,0,0,0,0,0,0,0,0,0,0,0,558392
1753293600,23263.5,23416.5,23263.5,23410.75,0,1,,0,0,0,0,0,0,0,0,0,0,0,0,0,0,0,249288
1753308000,23401,23422.5,23380.25,23408.75,0,1,,0,0,0,0,0,0,0,0,0,0,0,1,0,0,0,51302
1753322400,23408.25,23415.25,23372.25,23373.5,0,1,,0,0,0,0,0,0,0,0,0,0,0,0,0,0,0,28337
1753336800,23373.25,23397,23347.25,23390.25,0,1,,0,0,0,0,0,0,0,0,0,0,0,0,0,0,0,54181
1753351200,23390.25,23403,23326.75,23363.25,0,,1,0,0,0,0,0,0,0,0,0,0,0,0,0,0,0,241745
1753365600,23363.25,23421.75,23298.5,23384,0,,1,0,0,0,0,0,0,0,0,0,0,0,0,0,0,0,460398
1753380000,23384.25,23425,23366.75,23395,0,1,,0,0,0,0,0,0,0,0,0,0,0,0,0,0,0,196661
1753394400,23391.25,23438.25,23385,23427,0,1,,0,0,0,0,0,0,0,0,0,0,0,0,0,0,0,45077
1753408800,23427,23442,23392.75,23408,0,1,,0,0,0,0,0,0,0,0,0,0,0,0,0,0,0,33058
1753423200,23408,23413,23348.75,23374,0,1,,0,0,0,0,0,0,0,0,0,0,0,0,0,0,0,59669
1753437600,23374,23408,23330.25,23389.75,0,1,,0,0,0,0,0,0,0,0,0,0,0,0,0,0,0,200761
1753452000,23389.5,23477,23383.5,23439,0,1,,0,0,0,0,0,0,0,0,0,0,0,0,0,0,0,394536
1753466400,23439.25,23460,23406.75,23447.25,1,,,0,1,0,0,0,0,0,0,0,0,0,0,0,0,0,168427
1753653600,23516,23557.5,23504.75,23542.25,0,1,,0,0,0,0,0,0,0,0,0,0,0,0,0,0,0,68904
1753668000,23541.75,23578,23537.25,23574,0,1,,0,0,0,0,0,0,0,0,0,0,0,0,0,0,1,32906
1753682400,23574,23585,23522.75,23526.75,0,,1,0,0,0,0,0,0,0,0,0,0,0,0,0,0,0,52008
1753696800,23526.5,23527.25,23462.5,23520,0,1,,0,0,0,0,0,0,0,0,0,0,0,0,0,0,0,224888
1753711200,23520.25,23527.75,23437,23461.25,0,,1,0,0,0,0,0,0,0,0,0,0,0,0,0,0,0,397681
1753725600,23461,23516.5,23440,23509,1,,,0,0,1,0,0,0,0,0,0,0,0,0,0,0,0,170683
1753740000,23505.25,23545.5,23503,23528,0,1,,0,0,0,0,0,0,0,0,0,0,0,0,0,0,0,38809
1753754400,23527.25,23553,23521.25,23547.25,0,1,,0,0,0,0,0,0,0,0,0,0,0,0,0,0,0,24767
1753768800,23547.75,23606.75,23541.5,23598.75,0,1,,0,0,0,0,0,0,0,0,0,0,0,0,0,0,1,52982
1753783200,23598,23652.25,23556,23589.75,0,1,,0,0,0,0,0,0,0,0,0,0,0,0,0,0,0,238447
1753797600,23583.25,23592.75,23438,23491.75,0,1,,0,0,0,0,0,0,0,0,0,0,0,0,0,0,0,578865
1753812000,23491.75,23506,23422,23451.5,0,1,,0,0,0,0,0,0,0,0,0,0,0,0,0,0,0,198998
1753826400,23451.5,23492.25,23448.25,23485.75,1,,,1,0,0,0,0,0,0,0,0,0,0,0,0,0,0,38732
1753840800,23485.75,23510,23480.5,23503.5,0,1,,0,0,0,0,0,0,0,0,0,0,0,0,0,0,0,23129
1753855200,23503,23512,23463,23492.25,0,,1,0,0,0,0,0,0,0,0,0,0,0,0,0,0,0,48893
1753869600,23492.75,23526.5,23450.25,23483.25,0,,1,0,0,0,0,0,0,0,0,0,0,0,0,0,0,0,205587
1753884000,23483.25,23551.25,23463.75,23540.25,0,1,,0,0,0,0,0,0,0,0,0,0,0,0,0,0,0,341933
1753898400,23541.75,23688,23355,23662.25,0,,1,0,0,0,0,0,0,0,0,0,0,0,0,0,0,0,555149
1753912800,23698,23780,23688.25,23769.75,0,1,,0,0,0,0,0,0,0,0,0,0,0,0,0,0,0,74048
1753927200,23769.75,23809.75,23767.75,23799.75,0,1,,0,0,0,0,0,0,0,0,0,0,0,0,0,0,0,43581
1753941600,23799.75,23848,23777.25,23783.25,0,1,,0,0,0,0,0,0,0,0,0,0,0,0,0,0,0,68714
1753956000,23783.5,23809.5,23608.25,23671,0,1,,0,0,0,0,0,0,0,0,0,0,0,0,0,0,0,314751
1753970400,23671.25,23700,23364.75,23389.25,0,1,,0,0,0,0,0,0,0,0,0,0,0,0,0,0,0,770447
1753984800,23389.5,23465.25,23286.5,23329.25,0,1,,0,0,0,0,0,0,0,0,0,0,0,0,0,0,0,473670
1753999200,23323.5,23347.5,23231.5,23322.5,0,1,,0,0,0,0,0,0,0,0,0,0,0,0,0,1,0,119414
1754013600,23321.75,23343,23290.25,23292.75,1,,,0,0,0,0,0,0,0,1,0,0,0,0,0,1,0,44891
1754028000,23293.25,23296.75,23062.25,23126.5,0,1,,0,0,0,0,0,0,0,0,0,0,0,0,0,1,0,183527
1754042400,23126.75,23167.25,22858,22882,0,1,,0,0,0,0,0,0,0,0,0,0,0,0,0,1,0,441392
1754056800,22879.75,23045.5,22799.25,22845,0,1,,0,0,0,0,0,0,0,0,0,0,0,0,0,1,0,796019
1754071200,22844.75,22945,22788.25,22869,0,1,,0,0,0,0,0,0,0,0,0,0,0,0,0,0,0,330333
1754258400,22850.5,22973,22822,22959,0,1,,0,0,0,0,0,0,0,0,0,0,0,0,0,0,0,120182
1754272800,22958.75,22995.75,22949.75,22983.25,0,1,,0,0,0,0,0,0,0,0,0,0,0,0,0,0,0,57067
1754287200,22983.75,23077.75,22947.5,23055,0,,1,0,0,0,0,0,0,0,0,0,0,0,0,0,0,0,101213
1754301600,23055.5,23258,23031.5,23246.5,0,1,,0,0,0,0,0,0,0,0,0,0,0,0,0,0,0,264749
1754316000,23246.5,23286.5,23187.5,23268,0,1,,0,0,0,0,0,0,0,0,0,0,0,0,0,0,0,446374
1754330400,23268.25,23353.75,23252.5,23351.5,0,1,,0,0,0,0,0,0,0,0,0,0,0,0,0,0,0,226804
1754344800,23352.5,23374.75,23314,23340.5,0,1,,0,0,0,0,0,0,0,0,0,0,0,0,0,0,0,80147
1754359200,23340.75,23368,23324.25,23363.25,1,,,0,0,0,0,0,0,0,0,0,0,0,0,0,0,0,34815
1754373600,23363.25,23397.25,23312.25,23348.5,0,,1,0,0,0,0,0,0,0,0,0,0,0,0,0,0,0,79995
1754388000,23348,23404.25,23303.5,23378,0,,1,0,0,0,0,0,0,0,0,0,0,0,0,0,0,0,264052
1754402400,23345,23362.25,23113.5,23241,0,1,,0,0,0,0,0,0,0,0,0,0,0,0,0,0,0,772064
1754416800,23241,23248.75,23082,23090.75,0,1,,0,0,0,0,0,0,0,0,0,0,0,0,0,0,0,293735
1754431200,23092,23140.5,23045.25,23136.75,0,1,,0,0,0,0,0,0,0,0,0,0,0,0,0,0,0,90273
1754445600,23137,23202.5,23123,23184.75,0,1,,0,0,0,0,0,0,0,0,0,0,0,0,0,0,0,56820
1754460000,23185,23227.25,23132,23146.25,0,1,,0,0,0,0,0,0,0,0,0,0,0,0,0,0,0,79543
1754474400,23147,23245,23107.5,23200.75,0,,1,0,0,0,0,0,0,0,0,0,0,0,0,0,0,0,329172
1754488800,23201.5,23396.5,23164.25,23373.25,0,1,,0,0,0,0,0,0,0,0,0,0,0,0,0,0,0,604385
1754503200,23373,23444.75,23370.5,23413,0,1,,0,0,0,0,0,0,0,0,0,0,0,0,0,0,0,194651
1754517600,23416.75,23511,23385.25,23495.75,0,1,,0,0,0,0,0,0,0,0,0,0,0,0,0,0,0,92986
1754532000,23495.75,23505.75,23454.5,23483,1,,,0,1,0,0,0,0,0,0,0,0,0,0,0,0,0,42000
1754546400,23482.5,23607,23467.25,23602,0,1,,0,0,0,0,0,0,0,0,0,0,0,0,0,0,0,100365
1754560800,23601.5,23659,23569.5,23654.5,0,1,,0,0,0,0,0,0,0,0,0,0,0,0,0,0,0,301400
1754575200,23654.25,23671.25,23381.25,23419.75,0,,1,0,0,0,0,0,0,0,0,0,0,0,0,0,0,0,805060
1754589600,23419,23535.25,23330,23521.5,0,1,,0,0,0,1,0,0,0,0,0,0,0,0,0,0,0,287078
1754604000,23519.5,23583.25,23515.5,23562.5,0,1,,0,0,0,0,0,0,0,0,0,0,0,1,0,0,0,63177
1754618400,23562.75,23579.75,23503.25,23509.25,0,1,,0,0,0,0,0,0,0,0,0,0,0,0,0,0,0,38216
1754632800,23510,23578,23508,23562.5,1,,,1,0,0,0,0,0,0,0,0,0,0,0,0,0,0,54140
1754647200,23563.25,23649,23516,23643.75,0,1,,0,0,0,0,0,0,0,0,0,0,0,0,0,0,0,212122
1754661600,23643.5,23706.75,23612,23700.25,0,1,,0,0,0,0,0,0,0,0,0,0,0,0,0,0,0,530912
1754676000,23700.25,23768.5,23676,23767.25,0,1,,0,0,0,0,0,0,0,0,0,0,0,0,0,0,1,208301
1754863200,23767.25,23770,23701.25,23757.25,0,1,,0,0,0,0,0,0,0,0,0,0,0,0,0,0,0,71057
1754877600,23757.75,23773.5,23731.25,23738.75,0,1,,0,0,0,0,0,0,0,0,0,0,0,0,0,0,0,42690
1754892000,23739,23765,23667.75,23723.25,0,1,,0,0,0,0,0,0,0,0,0,0,0,0,0,0,0,73945
1754906400,23723,23756.25,23681,23745,1,,,0,0,0,0,0,0,0,0,0,0,0,0,0,0,0,195533
1754920800,23744.75,23804.5,23688.25,23697.75,0,1,,0,0,0,0,0,0,0,0,0,0,1,0,0,0,0,450252
1754935200,23698,23701.25,23587,23630,0,1,,0,0,0,0,0,0,0,0,0,0,0,0,0,0,0,254124
1754949600,23632,23666.25,23614.25,23658.25,1,,,0,0,0,0,0,0,0,0,0,0,0,0,0,0,0,57574
1754964000,23658.5,23676.75,23596,23629.25,0,,1,0,0,0,0,0,0,0,0,0,0,0,0,0,0,0,51518
1754978400,23630,23675.75,23627.75,23635.5,1,,,0,0,0,0,0,0,0,0,0,0,0,0,0,0,0,52485
1754992800,23635.5,23822.25,23608.5,23653.5,0,,1,0,0,0,0,0,0,0,0,0,0,0,0,0,0,0,379445
1755007200,23654,23917,23622,23914,0,1,,0,0,0,0,0,0,0,0,0,0,0,0,0,0,0,482684
1755021600,23914.25,23952.5,23901,23948.75,0,1,,0,0,0,0,0,0,0,0,0,0,0,0,0,0,0,157652
1755036000,23947.25,23967.75,23925.5,23928.75,0,1,,0,0,0,0,0,0,0,0,0,0,0,0,0,0,0,57826
1755050400,23928.25,23962.5,23921,23945.25,0,1,,0,0,0,0,0,0,0,0,0,0,0,0,0,0,0,30994
1755064800,23945.25,24017,23933.25,24006,0,1,,0,0,0,0,0,0,0,0,0,0,0,0,0,0,0,57004
1755079200,24006,24069,23984,24017.25,0,1,,0,0,0,0,0,0,0,0,0,0,0,1,0,0,0,203660
1755093600,24017.5,24017.75,23886,23938.75,0,1,,0,0,0,0,0,0,0,0,0,0,0,0,0,0,0,560170
1755108000,23939,23960.5,23887.25,23927.75,1,,,1,0,0,0,0,0,0,0,0,0,0,0,0,0,0,200448
1755122400,23930,23964.25,23912.25,23931.25,0,1,,0,0,0,0,0,0,0,0,0,0,0,1,0,0,0,44119
1755136800,23931.25,23945.25,23897.5,23909.75,0,1,,0,0,0,0,0,0,0,0,0,0,0,0,0,0,0,27416
1755151200,23909.5,23941.75,23899.5,23926.75,1,,,0,0,0,0,0,0,0,0,0,0,0,0,0,0,0,36727
1755165600,23926.25,23965,23793.25,23936.5,0,,1,0,0,0,0,0,0,0,0,0,0,0,0,0,0,0,297017
1755180000,23936,24005.5,23862.75,23962.5,0,1,,0,0,0,0,0,0,0,0,0,0,0,0,0,0,0,557038
1755194400,23963,23963,23870.25,23891,1,,,0,0,0,0,0,0,0,0,0,0,0,0,1,0,0,224302
1755208800,23891.25,23914,23872,23903.5,1,,,0,0,0,0,0,0,0,0,0,0,0,0,0,0,0,46602
1755223200,23904,23946.5,23902.75,23942,0,1,,0,0,0,0,0,0,0,0,0,0,0,0,0,0,0,36332
1755237600,23941,23962.75,23877.25,23879.25,0,,1,0,0,0,0,0,0,0,0,0,0,0,0,0,0,0,55316
1755252000,23879.75,23927.25,23770.5,23806.75,0,1,,0,0,0,0,0,0,0,0,0,0,0,0,0,0,0,249842
1755266400,23803.75,23883.25,23734.75,23839.75,0,1,,0,0,0,0,0,0,0,0,0,0,0,0,0,0,0,554966
1755280800,23839.75,23847.75,23775.75,23796.5,1,,,0,0,0,0,0,0,0,0,0,0,0,0,0,0,0,198848
1755468000,23795,23882,23792,23881.75,0,1,,0,0,0,0,0,0,0,0,0,0,0,0,0,0,0,49884
1755482400,23881.25,23881.75,23841,23852.25,1,,,0,0,0,0,0,0,1,0,0,0,0,0,0,0,0,29707
1755496800,23852.25,23855,23738.75,23759,0,1,,0,0,0,0,0,0,0,0,0,0,0,0,0,0,0,83007
1755511200,23759,23818.25,23735,23748.75,0,1,,0,0,0,0,0,0,0,0,0,0,0,0,0,0,0,207665
1755525600,23749,23824.5,23718.75,23760,0,,1,0,0,0,0,0,0,0,0,0,0,0,0,0,0,0,476697
1755540000,23760.25,23816,23747,23789.5,1,,,0,0,0,0,0,0,0,0,0,0,0,0,0,0,0,161165
1755554400,23799,23839.75,23762.5,23771.5,0,1,,0,0,0,0,0,0,0,0,0,0,1,0,0,0,0,54488
1755568800,23771,23786.75,23730.75,23736.25,0,1,,0,0,0,0,0,1,0,0,0,0,0,0,0,0,0,45171
1755583200,23735.75,23805,23734.25,23787.75,0,1,,0,0,0,0,0,0,0,0,0,0,0,1,0,0,0,50814
1755597600,23787.75,23790.25,23639.25,23678.75,0,1,,0,0,0,0,0,0,0,0,0,0,0,0,0,0,0,284979
1755612000,23678.25,23728,23445.25,23506.75,0,1,,0,0,0,0,0,0,0,0,0,0,0,0,0,0,0,721679
1755626400,23506.75,23508,23425.25,23473.25,0,1,,0,0,0,0,0,0,0,0,0,0,0,0,0,0,0,238047
1755640800,23456,23489,23367.75,23379,0,1,,0,0,0,0,0,0,0,0,0,0,0,0,0,1,0,91436
1755655200,23379.25,23395.5,23334.25,23365.75,0,1,,0,0,0,0,0,1,0,0,0,0,0,0,0,1,0,60374
1755669600,23365.25,23439.5,23344.75,23432.25,0,1,,0,0,0,0,0,0,0,0,0,0,0,0,0,0,0,89421
1755684000,23432.75,23452,23146,23173.75,0,,1,0,0,0,0,0,0,0,0,0,0,0,0,0,0,0,345495
1755698400,23174.25,23315.5,23035.25,23265.25,0,1,,0,0,0,1,0,0,0,0,0,0,0,0,0,0,0,869912
1755712800,23264.75,23368.5,23191,23318.75,0,1,,0,0,0,0,0,0,0,0,0,0,0,0,0,0,0,297526
1755727200,23322,23355.75,23267.5,23353,1,,,0,0,0,0,0,0,0,0,0,0,0,0,0,0,0,76283
1755741600,23353,23369.5,23311.5,23341.25,0,1,,0,0,0,0,0,0,0,0,0,0,1,0,0,0,0,49176
1755756000,23341.25,23368.25,23289.75,23304.5,0,1,,0,0,0,0,0,0,0,0,0,0,0,0,0,0,0,70634
1755770400,23304.5,23335,23175,23186.5,0,1,,0,0,0,0,0,0,0,0,0,0,0,0,0,0,0,351212
1755784800,23186,23348.25,23119.5,23215.25,0,,1,0,0,0,0,0,0,0,0,0,0,0,0,0,0,0,809476
1755799200,23214.5,23254.75,23179.25,23222.5,1,,,0,0,0,0,0,0,0,0,0,0,0,0,0,0,0,234743
1755813600,23228,23253,23180.25,23206,1,,,0,0,0,0,0,0,0,0,0,0,0,0,1,0,0,70931
1755828000,23206.5,23234,23180.75,23191,1,,,0,0,0,0,0,0,0,0,0,0,0,0,0,0,0,42977
1755842400,23190.75,23256.75,23074.25,23252.25,0,,1,0,0,0,0,0,0,0,0,0,0,0,0,0,0,0,104979
1755856800,23252.75,23343,23206.25,23265.25,0,1,,0,0,0,0,0,0,0,0,0,0,0,0,0,0,0,261601
1755871200,23269.5,23650,23269.5,23605.5,0,1,,0,0,0,0,0,0,0,0,0,0,0,0,0,0,0,841455
1755885600,23606.25,23617,23531.25,23582.75,1,,,0,0,0,0,0,0,0,0,0,0,0,0,1,0,0,204191
1756072800,23600,23610,23534.25,23535.25,1,,,0,0,0,0,0,0,0,0,0,0,0,0,0,0,0,79415
1756087200,23534.75,23568.5,23518.5,23565.5,0,1,,0,0,0,0,0,0,0,0,0,0,0,0,0,0,0,42324
1756101600,23565.5,23568.5,23486.25,23504,0,1,,0,0,0,0,0,0,0,0,0,0,0,0,0,0,0,65022
1756116000,23504,23520.5,23445,23519.5,0,1,,0,0,0,0,0,0,0,0,0,0,0,0,0,0,0,255865
1756130400,23519,23616.75,23504.5,23578,0,1,,0,0,0,0,0,0,0,0,0,0,0,1,0,0,0,501235
1756144800,23578.25,23584.75,23485.5,23502.25,0,1,,0,0,0,0,0,0,0,0,0,0,0,0,0,0,0,193783
1756159200,23510.25,23520.5,23371.25,23424.75,0,1,,0,0,0,0,0,0,0,0,0,0,0,0,0,0,0,132493
1756173600,23425,23484.25,23423.25,23476.25,1,,,0,0,0,0,0,0,0,1,0,0,0,0,0,0,0,45782
1756188000,23476.5,23484.25,23415.25,23474.25,0,1,,0,0,0,0,0,1,0,0,0,0,0,0,0,0,0,72247
1756202400,23474.25,23518.5,23426.75,23494.5,0,1,,0,0,0,0,0,0,0,0,0,0,0,0,0,0,0,278753
1756216800,23493.5,23556.25,23479,23502.25,0,1,,0,0,0,0,0,0,0,0,0,0,0,0,0,0,0,499397
1756231200,23502.75,23611,23498.75,23607.25,0,1,,0,0,0,0,0,0,0,0,0,0,0,0,0,0,0,232788
1756245600,23607.25,23629,23594.5,23627.5,0,1,,0,0,0,0,0,0,0,0,0,0,0,1,0,0,1,42256
1756260000,23627.5,23628.75,23592.25,23600.5,0,1,,0,0,0,0,0,0,0,0,0,0,0,0,0,0,0,31620
1756274400,23600.25,23619.75,23567.5,23596.75,0,1,,0,0,0,0,0,0,0,0,0,0,0,0,0,0,0,51461
1756288800,23596.25,23621,23488.5,23534.75,0,,1,0,0,0,0,0,0,0,0,0,0,0,0,0,0,0,269545
1756303200,23534.75,23631.75,23526.25,23621.25,0,1,,0,0,0,0,0,0,0,0,0,0,0,0,0,0,0,469949
1756317600,23621.25,23685,23429,23542.25,0,,1,0,0,0,0,0,0,0,0,0,0,0,0,0,0,0,294177
1756332000,23543,23552.5,23486.75,23547.5,1,,,0,0,0,0,0,0,0,0,0,0,0,0,0,0,0,75411
1756346400,23548,23584.5,23539,23542.75,0,1,,0,0,0,0,0,0,0,0,0,0,0,0,0,0,0,49149
1756360800,23542.75,23662,23540,23614.25,0,1,,0,0,0,0,0,0,0,0,0,0,0,0,0,0,0,79327
1756375200,23614.75,23743.25,23572.5,23609.25,0,1,,0,0,0,0,0,0,0,0,0,0,0,0,0,0,0,371757
1756389600,23609.5,23774.5,23593.25,23766.25,0,1,,0,0,0,0,0,0,0,0,0,0,0,0,0,0,0,600051
1756404000,23766.25,23803.75,23751.25,23761.25,0,1,,0,0,0,0,0,0,0,0,0,0,0,0,0,0,0,186232
1756418400,23761,23762.75,23729.5,23733,0,1,,0,0,0,0,0,0,0,0,0,0,0,0,0,0,0,42956
1756432800,23732.75,23741,23713.5,23724.5,0,1,,0,0,0,0,0,0,0,0,0,0,0,0,0,0,0,32183
1756447200,23724.25,23737,23612,23645.5,0,1,,0,0,0,0,0,0,0,0,0,0,0,0,0,0,0,86613
1756461600,23646.25,23680.75,23507,23519.25,0,1,,0,0,0,0,0,0,0,0,0,0,0,0,0,1,0,316464
1756476000,23519.5,23551.75,23401.5,23459.75,0,1,,0,0,0,0,0,0,0,0,0,0,0,0,0,1,0,705704
1756490400,23459.5,23495,23425.5,23454.5,1,,,1,0,0,0,0,0,0,0,0,0,0,0,0,1,0,233554
1756677600,23478.5,23555.25,23464.25,23517.5,0,1,,0,0,0,0,0,0,0,0,0,0,1,0,0,0,0,54111
1756692000,23517.75,23518.25,23407.5,23430.25,0,1,,0,0,0,0,0,0,0,0,0,0,0,0,0,0,0,68903
1756706400,23429.75,23502.5,23371.5,23485.25,0,1,,0,0,0,0,0,0,0,0,0,0,0,0,0,0,0,76230
1756720800,23485.5,23501.75,23443.25,23488.75,1,,,0,0,0,0,0,0,0,0,0,0,0,0,0,0,0,65324
1756735200,23488.5,23507,23476,23502.75,0,1,,0,0,0,0,0,0,0,0,0,0,0,0,0,0,0,57409
1756764000,23502.75,23511,23428.25,23438.5,0,,1,0,0,0,0,0,0,0,0,0,0,0,0,0,0,0,74438
1756778400,23439,23450.75,23404.75,23413.25,0,1,,0,0,0,0,0,0,0,0,0,0,0,0,0,0,0,54062
1756792800,23413,23452.25,23267.5,23292.5,0,,1,0,0,0,0,0,0,0,0,0,0,0,0,0,0,0,134273
1756807200,23292,23311.5,23025,23233.25,0,1,,0,0,0,0,0,0,0,0,0,0,0,0,0,0,0,437798
1756821600,23230.25,23280.25,23026.5,23189,1,,,1,0,0,0,0,0,0,0,0,0,0,0,0,0,0,750035
1756836000,23189.25,23386.5,23157.5,23379.25,0,1,,0,0,0,0,0,0,0,0,0,0,0,0,0,0,0,305892
1756850400,23381.5,23387.5,23311.75,23336.75,0,1,,0,0,0,0,0,0,0,0,0,0,0,0,0,0,0,67257
1756864800,23336.5,23339.25,23299.75,23317.25,0,1,,0,0,0,0,0,1,0,0,0,0,0,0,0,0,0,41190
1756879200,23316.5,23444.5,23309.25,23438.25,0,1,,0,0,0,0,0,0,0,0,0,0,0,0,0,0,0,92810
1756893600,23437.75,23458.5,23369.75,23381.75,0,1,,0,0,0,0,0,0,0,0,0,0,0,0,0,0,0,286708
1756908000,23382.5,23526,23346.25,23365.25,0,,1,0,0,0,0,0,0,0,0,0,0,0,0,0,0,0,746211
1756922400,23365.5,23480,23318.25,23455.5,0,1,,0,0,0,1,0,0,0,0,0,0,0,0,0,0,0,286776
1756936800,23456,23515.25,23430.5,23497.5,0,1,,0,0,0,0,0,0,0,0,0,0,0,0,0,0,0,63249
1756951200,23498.25,23532.5,23458.5,23468.5,0,1,,0,0,0,0,0,0,0,0,0,0,0,0,0,0,0,54704
1756965600,23468.5,23518,23450.5,23516.25,0,1,,0,0,0,0,0,0,0,0,0,0,0,0,0,0,0,59537
1756980000,23516,23548.25,23457.25,23479.25,0,1,,0,0,0,0,0,0,0,0,0,0,0,0,0,0,0,273380
1756994400,23479.25,23604.25,23410,23583.25,0,,1,0,0,0,0,0,0,0,0,0,0,0,0,0,0,0,619559
1757008800,23583.5,23709,23582.5,23683.75,0,1,,0,0,0,0,0,0,0,0,0,0,0,0,0,0,0,220047
1757023200,23694,23739.5,23691.75,23735,0,1,,0,0,0,0,0,0,0,0,0,0,0,0,0,0,0,47627
1757037600,23734.75,23770.25,23718,23761.25,0,1,,0,0,0,0,0,0,0,0,0,0,0,0,0,0,0,33159
1757052000,23761.5,23792,23743.5,23783.75,0,1,,0,0,0,0,0,0,0,0,0,0,0,0,0,0,1,57398
1757066400,23784,23902.5,23725,23852.75,0,,1,0,0,0,0,0,0,0,0,0,0,0,0,0,0,0,398469
1757080800,23852.75,23854,23505,23614,0,1,,0,0,0,0,0,0,0,0,0,0,0,0,0,0,0,1031283
1757095200,23614,23696.25,23602.75,23673,1,,,1,0,0,0,0,0,0,0,0,0,0,0,0,0,0,254442
1757282400,23676.5,23792,23650.5,23768,0,1,,0,0,0,0,0,0,0,0,0,0,0,0,0,0,0,92133
1757296800,23768.75,23771.25,23726.25,23731.25,1,,,0,1,0,0,0,0,0,0,0,0,0,0,0,0,0,44581
1757311200,23730.75,23785.25,23730.25,23781.5,0,1,,0,0,0,0,0,0,0,0,0,0,0,0,0,0,0,54704
1757325600,23781.25,23876.5,23744,23845.5,0,1,,0,0,0,0,0,0,0,0,0,0,0,0,0,0,0,262909
1757340000,23846.25,23888,23762.25,23782.5,0,1,,0,0,0,0,0,0,0,0,0,0,0,0,0,0,0,574271
1757354400,23782.75,23819.75,23758.5,23798.5,0,1,,0,0,0,0,0,0,0,0,0,0,0,0,0,0,0,223971
1757368800,23799.75,23831.25,23790.75,23813.75,0,1,,0,0,0,0,0,0,0,0,0,0,0,0,0,0,0,46019
1757383200,23814.25,23847.5,23814.25,23834.5,0,1,,0,0,0,0,0,0,0,0,0,0,0,0,0,0,0,37716
1757397600,23834.75,23885.25,23830.25,23844.5,0,1,,0,0,0,0,0,0,0,0,0,0,0,1,0,0,0,57086
1757412000,23844.5,23860,23800.25,23815,0,1,,0,0,0,0,0,0,0,0,0,0,0,0,0,0,0,227901
1757426400,23816,23855.25,23726.5,23839.5,0,1,,0,0,0,0,0,0,0,0,0,0,0,0,0,0,0,595596
1757440800,23839,23918,23822,23889,0,1,,0,0,0,0,0,0,0,0,0,0,0,0,0,0,0,214455
1757455200,23900.25,23911.75,23874,23902.5,1,,,0,1,0,0,0,0,0,0,0,0,0,0,0,0,0,45122
1757469600,23903.25,23930,23897.25,23918.75,0,1,,0,0,0,0,0,0,0,0,0,0,0,0,0,0,0,30472
1757484000,23918.75,23953.75,23881,23908.75,0,,1,0,0,0,0,0,0,0,0,0,0,0,0,0,0,0,61576
1757498400,23909,24041,23894.25,23930.75,0,1,,0,0,0,0,0,0,0,0,0,0,0,1,0,0,0,319096
1757512800,23930.5,23990.75,23875.5,23898,0,1,,0,0,0,0,0,0,0,0,0,0,0,0,0,0,0,570250
1757527200,23897.5,23899.75,23785,23859,0,1,,0,0,0,0,0,1,0,0,0,0,0,0,0,0,0,300769
1757541600,23856.75,23916.75,23851.5,23907.5,0,1,,0,0,0,0,0,0,0,0,0,0,0,0,0,0,0,53093
1757556000,23907.5,23919,23871.5,23885.5,0,1,,0,0,0,0,0,0,0,0,0,0,0,0,0,0,0,33370
1757570400,23885,23942,23878.25,23920.25,0,1,,0,0,0,0,0,0,0,0,0,0,0,0,0,0,0,45887
1757584800,23920,23997.75,23845,23979.25,0,,1,0,0,0,0,0,0,0,0,0,0,0,0,0,0,0,332699
1757599200,23978.75,24048.75,23946.75,24032.5,0,1,,0,0,0,0,0,0,0,0,0,0,0,0,0,0,0,517900
1757613600,24032.75,24044.25,24003.75,24006.5,1,,,0,0,0,0,0,0,1,0,0,0,0,0,0,0,0,176526
1757628000,24028,24029.5,24001,24004.75,0,1,,0,0,0,0,0,0,0,0,0,0,0,0,0,0,0,40857
1757642400,24004.5,24039.5,23992,24035,0,,1,0,0,0,0,0,0,0,0,0,0,0,0,0,0,0,28217
1757656800,24035,24036.25,23968.75,24010.75,0,1,,0,0,0,0,0,1,0,0,0,0,0,0,0,0,0,56940
1757671200,24010.75,24063.5,24002,24046,0,1,,0,0,0,0,0,0,0,0,0,0,0,0,0,0,0,210329
1757685600,24044.75,24129,24018,24124,0,1,,0,0,0,0,0,0,0,0,0,0,0,0,0,0,0,453016
1757700000,24124,24159,24087.5,24114.5,0,1,,0,0,0,0,0,0,0,0,0,0,0,0,0,0,0,239576
1757887200,24112.25,24129.75,24091.5,24114.75,1,,,0,0,0,0,0,0,0,0,0,0,0,0,0,0,0,29606
1757901600,24114,24144.75,24108.25,24140,0,1,,0,0,0,0,0,0,0,0,0,0,0,0,0,0,0,16495
1757916000,24140,24159.25,24075.5,24095.5,0,,1,0,0,0,0,0,0,0,0,0,0,0,0,0,0,0,39872
1757930400,24095.75,24262.25,24091.25,24260.75,0,1,,0,0,0,0,0,0,0,0,0,0,0,0,0,0,0,117601
1757944800,24260.5,24294.25,24221,24287.25,0,1,,0,0,0,0,0,0,0,0,0,0,0,0,0,0,0,207673
1757959200,24286.75,24315.75,24245.25,24295.75,0,1,,0,0,0,0,0,0,0,0,0,0,0,0,0,0,0,94166
1757973600,24536,24562.75,24525,24556.25,0,1,,0,0,0,0,0,0,0,0,0,0,0,0,0,0,1,25235
1757988000,24556.5,24602,24553.75,24594.5,0,1,,0,0,0,0,0,0,0,0,0,0,0,0,0,0,1,21965
1758002400,24594.75,24646.75,24582,24626.5,0,1,,0,0,0,0,0,0,0,0,0,0,0,1,0,0,1,42522
1758016800,24626.5,24632.25,24523.5,24538,0,1,,0,0,0,0,0,0,0,0,0,0,0,0,0,0,0,173798
1758031200,24538,24561,24499,24534.25,0,1,,0,0,0,0,0,0,0,0,0,0,0,0,0,0,0,351272
1758045600,24534.25,24561.25,24516.75,24531,0,1,,0,0,0,0,0,0,0,0,0,0,0,0,0,0,0,144956
1758060000,24531,24551.5,24525.25,24530.75,1,,,0,0,0,0,0,0,0,0,0,0,0,0,0,0,0,29504
1758074400,24530.75,24533.5,24499.75,24518.25,0,1,,0,0,0,0,0,0,0,0,0,0,0,0,0,0,0,21162
1758088800,24518.25,24553,24456,24511.75,0,,1,0,0,0,0,0,0,0,0,0,0,0,0,0,0,0,61382
1758103200,24511.75,24540.75,24462,24477.75,1,,,0,0,0,0,0,0,0,0,0,0,0,0,0,0,0,199381
1758117600,24477.5,24480.75,24374.75,24454.75,0,1,,0,0,0,0,0,0,0,0,0,0,0,0,0,0,0,362088
1758132000,24459.25,24550.75,24241.75,24501.25,0,,1,0,0,0,0,0,0,0,0,0,0,0,0,0,0,0,644588
1758146400,24504,24597.25,24492.5,24593.25,0,1,,0,0,0,0,0,0,0,0,0,0,0,0,0,0,0,58903
1758160800,24593,24653.75,24587,24614.75,0,1,,0,0,0,0,0,0,0,0,0,0,0,0,0,0,0,47797
1758175200,24614.75,24733.5,24586,24717,0,,1,0,0,0,0,0,0,0,0,0,0,0,0,0,0,0,90149
1758189600,24717.5,24766,24598.75,24697.25,0,1,,0,0,0,0,0,0,0,0,0,0,0,0,0,0,0,323109
1758204000,24697,24815.75,24694,24734.75,0,1,,0,0,0,0,0,0,0,0,0,0,0,1,0,0,0,529087
1758218400,24734.75,24766.25,24684.75,24713.75,0,1,,0,0,0,0,0,0,0,0,0,0,0,0,0,0,0,205193
1758232800,24715,24749.25,24694.75,24716.25,1,,,0,0,0,0,0,0,0,1,0,0,0,0,0,0,0,55840
1758247200,24716.5,24736.75,24682,24707,0,1,,0,0,0,0,0,0,0,0,0,0,0,0,0,0,0,45630
1758261600,24705.75,24730,24655,24707,0,1,,0,0,0,0,0,0,0,0,0,0,0,0,0,0,0,66141
1758276000,24707.25,24816,24700.5,24790.5,0,1,,0,0,0,0,0,0,0,0,0,0,0,0,0,0,0,249367
1758290400,24790.75,24834.5,24708,24816.5,0,1,,0,0,0,0,0,0,0,0,0,0,0,0,0,0,0,499933
1758304800,24816.5,24888,24804.5,24861.25,0,1,,0,0,0,0,0,0,0,0,0,0,0,0,0,0,0,204033
1758492000,24851.5,24876,24826.75,24844.5,1,,,0,0,0,0,0,0,0,0,0,0,0,0,1,0,0,59418
1758506400,24844.5,24864.75,24840,24840.75,1,,,0,0,0,0,0,0,0,0,0,0,0,0,0,0,0,26877
1758520800,24841,24847,24748.5,24784.75,0,1,,0,0,0,0,1,0,0,0,0,0,0,0,0,0,0,81635
1758535200,24784.25,24880.5,24766.25,24872.25,0,1,,0,0,0,0,0,0,0,0,0,0,0,0,0,0,0,211068
1758549600,24872.5,25001,24854.75,24989,0,1,,0,0,0,0,0,0,0,0,0,0,0,0,0,0,0,477402
1758564000,24988.5,25027.25,24980.25,24996.5,0,1,,0,0,0,0,0,0,0,0,0,0,0,1,0,0,0,194374
1758578400,24999.75,25008.75,24974.5,24995,0,1,,0,0,0,0,0,1,0,0,0,0,0,0,0,0,0,42835
1758592800,24995,25015,24977.5,24997,0,1,,0,0,0,0,0,0,0,0,0,0,0,0,0,0,0,28822
1758607200,24997,25026.25,24980,25013,0,1,,0,0,0,0,0,0,0,0,0,0,0,1,0,0,0,52330
1758621600,25013.75,25016.5,24932.5,24940.25,0,1,,0,0,0,0,0,0,0,0,0,0,0,0,0,0,0,210000
1758636000,24940.5,24975,24779.25,24835,0,1,,0,0,0,0,0,0,0,0,0,0,0,0,0,0,0,642849
1758650400,24835.25,24856.25,24784,24834.25,1,,,0,0,0,0,0,0,0,0,0,0,0,0,0,0,0,281762
1758664800,24839.75,24863,24810.75,24822.75,0,1,,0,0,0,0,0,0,0,0,0,0,0,0,0,0,0,43334
1758679200,24823.25,24861.25,24817.5,24861,1,,,0,0,0,0,0,0,0,0,0,0,0,0,0,0,0,23510
1758693600,24861.25,24910.75,24846.25,24905.5,0,1,,0,0,0,0,0,0,0,0,0,0,0,0,0,0,0,63855
1758708000,24906,24913.25,24785,24820.5,0,,1,0,0,0,0,0,0,0,0,0,0,0,0,0,0,0,234685
1758722400,24821.25,24841,24628,24709.75,0,1,,0,0,0,0,0,0,0,0,0,0,0,0,0,0,0,687673
1758736800,24709.5,24754.75,24682,24747.75,1,,,1,0,0,0,0,0,0,0,0,0,0,0,0,0,0,209607
1758751200,24747,24792.5,24739.25,24783.5,0,1,,0,0,0,0,0,0,0,0,0,0,0,1,0,0,0,37958
1758765600,24784,24791,24737.75,24753,0,1,,0,0,0,0,0,0,0,0,0,0,0,0,0,0,0,28957
1758780000,24752.75,24762.25,24688.5,24706.25,0,1,,0,0,0,0,0,0,0,0,0,0,0,0,0,0,0,78071
1758794400,24706.25,24714.5,24422,24452.75,0,1,,0,0,0,0,0,0,0,0,0,0,0,0,0,0,0,429257
1758808800,24452.5,24697,24444.5,24517.25,1,,,0,0,0,0,0,0,0,0,0,0,0,0,1,0,0,835799
1758823200,24517.5,24648.75,24453.5,24635.25,1,,,0,0,0,0,0,0,0,0,0,0,0,0,0,0,0,386957
1758837600,24640,24665.75,24593.25,24597.75,0,1,,0,0,0,0,0,0,0,0,0,0,0,0,0,0,0,62861
1758852000,24597.75,24623.25,24575.25,24615.75,0,1,,0,0,0,0,0,0,0,0,0,0,0,0,0,0,0,47111
1758866400,24615.75,24671.5,24568.25,24616.25,0,,1,0,0,0,0,0,0,0,0,0,0,0,0,0,0,0,95546
1758880800,24616.5,24747.25,24584,24706.5,0,1,,0,0,0,0,0,0,0,0,0,0,0,1,0,0,0,351410
1758895200,24706.25,24733.25,24520,24692,0,1,,0,0,0,0,0,1,0,0,0,0,0,0,0,0,0,804303
1758909600,24692,24746.5,24671.5,24727.5,0,1,,0,0,0,0,0,0,0,0,0,0,0,0,0,0,0,201131
1759096800,24727.25,24807,24723.75,24793.25,0,1,,0,0,0,0,0,0,0,0,0,0,0,0,0,0,0,69803
1759111200,24792.75,24837.75,24786,24825.75,0,1,,0,0,0,0,0,0,0,0,0,0,0,0,0,0,0,35684
1759125600,24826,24899,24812.5,24871.5,0,1,,0,0,0,0,0,0,0,0,0,0,0,0,0,0,1,76026
1759140000,24872,24955,24845.75,24941.25,0,1,,0,0,0,0,0,0,0,0,0,0,0,0,0,0,1,254513
1759154400,24941.75,24975,24800,24845.25,0,,1,0,0,0,0,0,0,0,0,0,0,0,0,0,0,0,613226
1759168800,24845,24869.25,24780.5,24811.5,0,1,,0,0,0,0,0,0,0,0,0,0,0,0,0,0,0,226340
1759183200,24812,24842,24805.5,24819.75,1,,,1,0,0,0,0,0,0,0,0,0,0,0,0,0,0,46341
1759197600,24820,24856.75,24815.25,24836,0,1,,0,0,0,0,0,0,0,0,0,0,0,1,0,0,0,35711
1759212000,24836.5,24856,24754.25,24795,0,1,,0,0,0,0,0,0,0,0,0,0,0,0,0,0,0,101492
1759226400,24794.5,24845,24722.5,24788.25,0,1,,0,0,0,0,0,0,0,0,0,0,0,0,0,0,0,283263
1759240800,24788,24864,24731.25,24769,0,1,,0,0,0,0,0,0,0,0,0,0,0,0,0,0,0,690195
1759255200,24768.5,24913.75,24762,24838.5,0,1,,0,0,0,0,0,0,0,0,0,0,0,0,0,0,0,307253
1759269600,24844.5,24877,24783.5,24804,1,,,0,0,0,0,0,0,1,0,0,0,0,0,0,0,0,76444
1759284000,24804,24805.5,24758,24761,0,1,,0,0,0,0,0,0,0,0,0,0,0,0,0,0,0,45056
1759298400,24762,24769.75,24633.75,24746,0,1,,0,0,0,0,0,1,0,0,0,0,0,0,0,0,0,141703
1759312800,24746,24841.5,24721,24782.75,0,1,,0,0,0,0,0,0,0,0,0,0,0,0,0,0,0,328560
1759327200,24777.75,24990,24755,24983.25,0,1,,0,0,0,0,0,0,0,0,0,0,0,0,0,0,0,516994
1759341600,24983,25037,24977.5,25009,0,1,,0,0,0,0,0,0,0,0,0,0,0,0,0,0,0,234409
1759356000,25009.5,25076.75,25001,25073.25,0,1,,0,0,0,0,0,0,0,0,0,0,0,0,0,0,1,56620
1759370400,25073.25,25076.5,25043.25,25069,1,,,0,1,0,0,0,0,0,0,0,0,0,0,0,0,0,36201
1759384800,25068.75,25116.25,25053.75,25095.75,0,1,,0,0,0,0,0,0,0,0,0,0,0,0,0,0,0,76717
1759399200,25095,25180,25014.25,25063.5,0,,1,0,0,0,0,0,0,0,0,0,0,0,0,0,0,0,300801
1759413600,25063.5,25107.5,24993.75,25085.75,0,1,,0,0,0,1,0,0,0,0,0,0,0,0,0,0,0,633703
1759428000,25085.75,25126.75,25076.25,25105.5,0,1,,0,0,0,0,0,0,0,0,0,0,0,0,0,0,0,175259
1759442400,25105,25161.75,25073,25160.75,0,,1,0,0,0,0,0,0,0,0,0,0,0,0,0,0,0,49859
1759456800,25161,25192.25,25146,25171,0,1,,0,0,0,0,0,0,0,0,0,0,0,0,0,0,0,31603
1759471200,25171,25194,25155.75,25192.5,0,1,,0,0,0,0,0,0,0,0,0,0,0,0,0,0,0,46786
1759485600,25192.5,25197,25100,25106.75,0,,1,0,0,0,0,0,0,0,0,0,0,0,0,0,0,0,254766
1759500000,25106.75,25156,24923,24973.75,0,1,,0,0,0,0,0,0,0,0,0,0,0,0,0,0,0,713155
1759514400,24973.25,25044.75,24926,24981.5,1,,,1,0,0,0,0,0,0,0,0,0,0,0,0,0,0,291956
1759701600,24994,25087.25,24994,25076.5,0,1,,0,0,0,0,0,0,0,0,0,0,0,0,0,0,0,68716
1759716000,25076,25109.25,25068,25088,0,1,,0,0,0,0,0,0,0,0,0,0,0,0,0,0,0,36911
1759730400,25088.75,25139.75,25045,25134.25,0,,1,0,0,0,0,0,0,0,0,0,0,0,0,0,0,0,75182
1759744800,25134.5,25241.5,25117,25155.5,0,1,,0,0,0,0,0,0,0,0,0,0,0,0,0,0,0,304949
1759759200,25155.75,25232,25110.25,25227.5,0,1,,0,0,0,0,0,0,0,0,0,0,0,0,0,0,0,440783
1759773600,25227.75,25253,25174.25,25184,0,1,,0,0,0,0,0,0,0,0,0,0,0,0,0,0,0,199161
1759788000,25184,25196.75,25122.75,25147.5,0,1,,0,0,0,0,0,0,0,0,0,0,0,0,0,0,0,62731
1759802400,25147.5,25186.75,25139.25,25171.75,1,,,0,0,0,0,0,0,0,0,0,0,0,0,0,0,0,32623
1759816800,25171.5,25192.25,25128,25189.25,0,,1,0,0,0,0,0,0,0,0,0,0,0,0,0,0,0,72893
1759831200,25189.5,25274.75,25170,25241.75,0,1,,0,0,0,0,0,0,0,0,0,0,0,1,0,0,0,246939
1759845600,25242,25257.25,24985.25,25015.75,0,1,,0,0,0,0,0,0,0,0,0,0,0,0,0,0,0,871819
1759860000,25016,25071.5,24991,25055,1,,,1,0,0,0,0,0,0,0,0,0,0,0,0,0,0,205276
1759874400,25055,25084.75,25027.25,25073,0,1,,0,0,0,0,0,0,0,0,0,0,0,0,0,0,0,61331
1759888800,25073.5,25094.5,25057.5,25058.25,0,1,,0,0,0,0,0,0,0,0,0,0,0,0,0,0,0,33612
1759903200,25058.75,25111.25,25026.25,25088,0,,1,0,0,0,0,0,0,0,0,0,0,0,0,0,0,0,75929
1759917600,25088.5,25183.5,25042.75,25174,0,1,,0,0,0,0,0,0,0,0,0,0,0,0,0,0,0,254754
1759932000,25174,25284.25,25172.75,25273.25,0,1,,0,0,0,0,0,0,0,0,0,0,0,0,0,0,0,490191
1759946400,25273.5,25364.75,25264.75,25354.5,0,1,,0,0,0,0,0,0,0,0,0,0,0,0,0,0,0,231311
1759960800,25354.5,25393,25320.75,25331.75,0,1,,0,0,0,0,0,0,0,0,0,0,0,0,0,0,0,65616
1759975200,25331.25,25364.25,25307.25,25355.5,0,1,,0,0,0,0,0,0,0,0,0,0,0,0,0,0,0,49013
1759989600,25355.5,25368,25294.25,25320.75,0,,1,0,0,0,0,0,0,0,0,0,0,0,0,0,0,0,79814
1760004000,25321,25341.5,25250,25279,0,1,,0,0,0,0,0,0,0,0,0,0,0,0,0,0,0,275571
1760018400,25279.5,25289,25160.75,25215.75,0,1,,0,0,0,0,0,1,0,0,0,0,0,0,0,0,0,695845
1760032800,25215.25,25300,25183,25287.5,0,1,,0,0,0,0,0,0,0,0,0,0,0,0,0,0,0,233371
1760047200,25284.75,25352.75,25284.5,25351.75,0,1,,0,0,0,0,0,0,0,0,0,0,0,0,0,0,0,53782
1760061600,25351.25,25356.25,25296.25,25333.25,0,1,,0,0,0,0,0,0,0,0,0,0,0,0,0,0,0,46466
1760076000,25333.5,25354.25,25251.25,25256.5,0,1,,0,0,0,0,0,1,0,0,0,0,0,0,0,0,0,96200
1760090400,25256,25388,25253.75,25357.5,0,1,,0,0,0,0,0,0,0,0,0,0,0,1,0,0,0,250859
1760104800,25357.25,25371.25,24603.5,24679.25,0,1,,0,0,0,0,0,0,0,0,0,0,0,0,0,0,0,1426513
1760119200,24679.75,24718.75,24157.75,24188.25,0,1,,0,0,0,0,0,1,0,0,0,0,0,0,0,0,0,540945
1760306400,24482,24855.75,24482,24853,0,1,,0,0,0,0,0,0,0,0,0,0,0,0,0,0,0,227987
1760320800,24852.5,24855.25,24763.25,24836.75,1,,,0,1,0,0,0,0,0,0,0,0,0,0,0,0,0,102596
1760335200,24837,24945,24785.25,24846.25,0,1,,0,0,0,0,0,0,0,0,0,0,0,0,0,0,0,159133
1760349600,24846,24893.25,24724.5,24888.25,0,1,,0,0,0,0,0,0,0,0,0,0,0,0,0,0,0,464778
1760364000,24887.25,24958.5,24743.5,24926.75,0,1,,0,0,0,0,0,0,0,0,0,0,0,0,0,0,0,781054
1760378400,24926.25,24965,24882.5,24905,0,1,,0,0,0,0,0,0,0,0,0,0,0,0,0,0,0,237047
1760392800,24905,25044.5,24897.5,25005.75,0,1,,0,0,0,0,0,0,0,0,0,0,0,1,0,0,0,109772
1760407200,25005.25,25021.25,24651.25,24706.25,0,1,,0,0,0,0,0,0,0,0,0,0,0,0,0,0,0,202095
1760421600,24706,24749.5,24586,24639.25,0,1,,0,0,0,0,0,0,0,0,0,0,0,0,0,0,0,240862
1760436000,24638.75,24665.5,24423.25,24575.75,0,1,,0,0,0,0,0,1,0,0,0,0,0,0,0,0,0,552141
1760450400,24575.25,24947.25,24554.5,24900,0,1,,0,0,0,0,0,0,0,0,0,0,0,0,0,0,0,862452
1760464800,24900.25,24928.25,24686,24755.75,1,,,0,0,0,0,0,0,0,0,0,0,0,0,1,0,0,376636
1760479200,24752.5,24818.5,24740.5,24801,1,,,0,0,0,0,0,0,0,0,0,0,0,0,0,0,0,100930
1760493600,24801.5,24919.25,24788.5,24885.25,0,1,,0,0,0,0,0,0,0,0,0,0,0,0,0,0,0,92072
1760508000,24885.5,24991,24868.25,24971.75,0,1,,0,0,0,0,0,0,0,0,0,0,0,0,0,0,0,123302
1760522400,24972,25025.25,24897,25014.25,0,1,,0,0,0,0,0,0,0,0,0,0,0,0,0,0,1,376778
1760536800,25013.75,25117.75,24663.5,24903.5,0,,1,0,0,0,0,0,0,0,0,0,0,0,0,0,0,0,1089462
1760551200,24903.75,24964.5,24846.25,24942,1,,,0,0,0,0,0,0,0,0,0,0,0,0,0,0,0,341157
1760565600,24939,24992.25,24874.5,24937.25,0,1,,0,0,0,0,0,0,0,0,0,0,0,0,0,0,0,107808
1760580000,24937.75,24977.75,24895.5,24953,1,,,0,0,0,0,0,0,0,0,0,0,0,0,0,0,0,80072
1760594400,24953.25,25057.5,24953.25,25041.25,0,1,,0,0,0,0,0,0,0,0,0,0,0,0,0,0,0,136718
1760608800,25042,25125.5,25020.75,25061.75,0,1,,0,0,0,0,0,0,0,0,0,0,0,0,0,0,0,373257
1760623200,25062,25179.75,24731.5,24865,0,,1,0,0,0,0,0,0,0,0,0,0,0,0,0,0,0,1328107
1760637600,24865.25,24871.75,24643.25,24793.75,0,1,,0,0,0,0,0,0,0,0,0,0,0,0,0,0,0,549768
1760652000,24793.75,24858.5,24720.5,24757.75,1,,,0,0,0,0,0,0,0,1,0,0,0,0,0,0,0,154091
1760666400,24758.5,24772.5,24616,24661,0,1,,0,0,0,0,0,0,0,0,0,0,0,0,0,0,0,131194
1760680800,24660.75,24691,24410.25,24495.5,0,1,,0,0,0,0,0,1,0,0,0,0,0,0,0,1,0,317514
1760695200,24496.75,24890,24482.5,24822.5,0,1,,0,0,0,0,0,0,0,0,0,0,0,0,0,0,0,600198
1760709600,24822.75,24980,24674.5,24935.5,0,1,,0,0,0,0,0,0,0,0,0,0,0,0,0,0,0,1092170
1760724000,24935.5,25054.25,24935,25033,0,1,,0,0,0,0,0,0,0,0,0,0,0,0,0,0,0,280451
1760911200,25067,25100,24956,25047,0,1,,0,0,0,0,0,0,0,0,0,0,0,0,0,0,0,135941
1760925600,25046.25,25127.75,25026,25112.5,0,1,,0,0,0,0,0,0,0,0,0,0,0,0,0,0,0,77307
1760940000,25112.25,25152.75,25061.5,25087,0,1,,0,0,0,0,0,0,0,0,0,0,0,0,0,0,0,110178
1760954400,25087.25,25239.5,25037.25,25222,0,,1,0,0,0,0,0,0,0,0,0,0,0,0,0,0,0,285347
1760968800,25222.25,25355,25210.25,25336.75,0,1,,0,0,0,0,0,0,0,0,0,0,0,0,0,0,0,512029
1760983200,25336,25353,25289.25,25326.25,1,,,0,1,0,0,0,0,0,0,0,0,0,0,0,0,0,206489
1760997600,25326.25,25358.25,25308,25344.5,0,1,,0,0,0,0,0,0,0,0,0,0,0,0,0,0,0,58931
1761012000,25344.25,25368,25275.75,25296.75,0,,1,0,0,0,0,0,0,0,0,0,0,0,0,0,0,0,59113
1761026400,25296.75,25298,25252.75,25281.5,0,1,,0,0,0,0,0,0,0,0,0,0,0,0,0,0,0,90400
1761040800,25281.75,25315.75,25213.75,25234.75,0,,1,0,0,0,0,0,0,0,0,0,0,0,0,0,0,0,282677
1761055200,25235,25347.5,25203,25313.25,0,,1,0,0,0,0,0,0,0,0,0,0,0,0,0,0,0,693542
1761069600,25313.5,25334,25228.75,25265,1,,,0,0,0,0,0,0,0,0,1,0,0,0,0,0,0,194750
1761084000,25277,25285,25216,25266.25,0,1,,0,0,0,0,0,1,0,0,0,0,0,0,0,0,0,70840
1761098400,25266.5,25333,25243.75,25307.25,0,1,,0,0,0,0,0,0,0,0,0,0,0,0,0,0,0,58807
1761112800,25308.5,25338.5,25231,25272.25,0,,1,0,0,0,0,0,0,0,0,0,0,0,0,0,0,0,88151
1761127200,25272,25305,25172.75,25258,0,1,,0,0,0,0,0,0,0,0,0,0,0,0,0,0,0,296917
1761141600,25257.75,25281,24805.25,24873.5,0,1,,0,0,0,0,0,0,0,0,0,0,0,0,0,0,0,1186481
1761156000,24873.75,25077,24827.5,25040,1,,,1,0,0,0,0,0,0,0,0,0,0,0,0,0,0,385849
1761170400,25014.75,25105.25,24951,25098.75,0,1,,0,0,0,0,0,0,0,0,0,0,0,0,0,0,0,106078
1761184800,25099,25113.5,25053.25,25091,0,1,,0,0,0,0,0,0,0,0,0,0,0,0,0,0,0,57143
1761199200,25091,25128.25,25025,25058.75,0,,1,0,0,0,0,0,0,0,0,0,0,0,0,0,0,0,95529
1761213600,25060,25179.75,24933.25,25160.5,0,,1,0,0,0,0,0,0,0,0,0,0,0,0,0,0,0,340105
1761228000,25160.5,25283.5,25083.75,25279.25,0,1,,0,0,0,0,0,0,0,0,0,0,0,0,0,0,0,746989
1761242400,25279.5,25295,25230.75,25277.25,0,1,,0,0,0,0,0,0,0,0,0,0,0,0,0,0,0,201003
1761256800,25285,25321,25275.5,25318.25,0,1,,0,0,0,0,0,0,0,0,0,0,0,0,0,0,0,46791
1761271200,25317.75,25347.75,25303,25346.5,0,1,,0,0,0,0,0,0,0,0,0,0,0,0,0,0,0,38118
1761285600,25347,25394,25323.5,25377.25,0,1,,0,0,0,0,0,0,0,0,0,0,0,0,0,0,0,77373
1761300000,25377,25550.5,25326.5,25475.25,0,1,,0,0,0,0,0,0,0,0,0,0,0,0,0,0,1,334934
1761314400,25492.5,25569,25432.5,25549,0,1,,0,0,0,0,0,0,0,0,0,0,0,0,0,0,1,539232
1761328800,25549,25567,25497.5,25510.25,1,,,0,1,0,0,0,0,0,0,0,0,0,0,0,0,0,188610
1761516000,25698.5,25788,25698.5,25718.25,0,1,,0,0,0,0,0,0,0,0,0,0,0,0,0,0,0,97468
1761530400,25718,25787.5,25712.25,25782.25,1,,,0,1,0,0,0,0,0,0,0,0,0,0,0,0,0,44730
1761544800,25783,25839.5,25768.5,25839.5,0,1,,0,0,0,0,0,0,0,0,0,0,0,0,0,0,0,78110
1761559200,25839.5,25859.75,25796.25,25848.25,0,1,,0,0,0,0,0,0,0,0,0,0,0,0,0,0,1,212415
1761573600,25848.75,25929.5,25822,25927,0,1,,0,0,0,0,0,0,0,0,0,0,0,0,0,0,1,371908
1761588000,25926.75,26026,25919.5,26004,0,1,,0,0,0,0,0,0,0,0,0,0,0,0,0,0,1,175921
1761602400,26002.5,26018.5,25961.25,25969.5,1,,,0,0,0,0,0,0,1,0,0,0,0,0,0,0,0,55579
1761616800,25970,25989,25944.5,25961,0,1,,0,0,0,0,0,0,0,0,0,0,0,0,0,0,0,36161
1761631200,25961.5,25985,25942.25,25975.25,0,1,,0,0,0,0,0,0,0,0,0,0,0,0,0,0,0,58713
1761645600,25975.5,26094,25967.5,26064.5,0,1,,0,0,0,0,0,0,0,0,0,0,0,0,0,0,0,243311
1761660000,26064.75,26160,26006,26153.5,0,1,,0,0,0,0,0,0,0,0,0,0,0,0,0,0,0,499919
1761674400,26153.5,26232,26147.5,26172.5,0,1,,0,0,0,0,0,0,0,0,0,0,0,0,0,0,0,253475
1761688800,26180.25,26223,26164.75,26215.5,1,,,0,1,0,0,0,0,0,0,0,0,0,0,0,0,1,62833
1761703200,26215.75,26264.5,26213.75,26260.75,0,1,,0,0,0,0,0,0,0,0,0,0,0,0,0,0,1,55896
1761717600,26260.5,26310,26226.25,26237.5,0,1,,0,0,0,0,0,0,0,0,0,0,0,0,0,0,0,93997
1761732000,26237.5,26319.25,26230.25,26319,0,1,,0,0,0,0,0,0,0,0,0,0,0,0,0,0,0,245049
1761746400,26318.75,26326.5,26203.5,26245.75,0,,1,0,0,0,0,0,0,0,0,0,0,0,0,0,0,0,498342
1761760800,26246.25,26378.5,26047.5,26223.75,0,,1,0,0,0,0,0,0,0,0,0,0,0,0,0,0,0,689084
1761775200,26160.5,26318,26151.5,26298.5,1,,,0,0,0,0,0,0,0,0,0,0,0,0,0,0,0,120432
1761789600,26298.5,26399.5,26139.25,26281.25,0,,1,0,0,0,0,0,0,0,0,0,0,0,0,0,0,0,219914
1761804000,26280.25,26291.25,26188.5,26206,1,,,0,0,0,0,0,0,0,0,0,0,0,0,0,0,0,118149
1761818400,26206.5,26287,25941.5,26125.25,0,1,,0,0,0,0,0,0,0,0,0,0,0,0,0,0,0,432739
1761832800,26124.75,26179.5,25967,26068,1,,,0,0,0,0,0,0,0,0,0,0,0,0,0,0,0,776827
1761847200,26067.5,26149,25853,26149,0,1,,0,0,0,0,1,0,0,0,0,0,0,0,0,0,0,443025
1761861600,26156,26209,26127.25,26207.25,0,1,,0,0,0,0,0,0,0,0,0,0,0,0,0,0,0,91540
1761876000,26207,26214,26160,26165.25,0,1,,0,0,0,0,0,0,0,0,0,0,0,0,0,0,0,58450
1761890400,26164.5,26219.5,26144.25,26181.5,0,,1,0,0,0,0,0,0,0,0,0,0,0,0,0,0,0,82778
1761904800,26182.25,26273,26080.25,26102.75,0,,1,0,0,0,0,0,0,0,0,0,0,0,0,0,0,0,309180
1761919200,26102.5,26183,25887.75,25948,0,1,,0,0,0,0,0,0,0,0,0,0,0,0,0,0,0,894399
1761933600,25948,26118.25,25944.25,25983.75,1,,,1,0,0,0,0,0,0,0,0,0,0,0,0,0,0,334245
1762124400,26026,26123,26012.5,26083,0,1,,0,0,0,0,0,0,0,0,0,0,0,0,0,0,0,90117
1762138800,26082.5,26088,26031.5,26048,1,,,0,0,0,0,0,0,0,0,0,0,0,0,0,0,0,63520
1762153200,26048.25,26163.25,26016.75,26138.75,0,,1,0,0,0,0,0,0,0,0,0,0,0,0,0,0,0,94766
1762167600,26138.5,26265.75,26119.5,26133.5,0,1,,0,0,0,0,0,0,0,0,0,1,0,0,0,0,0,303770
1762182000,26139.5,26166,26012.75,26129.5,0,1,,0,0,0,0,0,0,0,0,0,0,0,0,0,0,0,629726
1762196400,26129,26178,26066,26109.5,0,1,,0,0,0,0,0,0,0,0,0,0,0,0,0,0,0,243245
1762210800,26105.5,26105.5,25941,25941.5,0,1,,0,0,0,0,0,0,0,0,0,0,0,0,0,0,0,107457
1762225200,25941.5,25976.25,25744.25,25775.5,0,1,,0,0,0,0,0,0,0,0,0,0,0,0,0,0,0,154706
1762239600,25775.25,25803.5,25644.75,25758,0,1,,0,0,0,0,0,1,0,0,0,0,0,0,0,0,0,203033
1762254000,25757.25,25881,25663,25874.75,0,1,,0,0,0,0,0,0,0,0,0,0,0,0,0,0,0,400237
1762268400,25874.75,25893.75,25603,25668.75,0,,1,0,0,0,0,0,0,0,0,0,0,0,0,0,0,0,789518
1762282800,25667.5,25688.5,25517,25575.5,0,1,,0,0,0,0,0,0,0,0,0,0,0,0,0,0,0,364577
1762297200,25545,25574.5,25282.75,25414,0,1,,0,0,0,0,0,0,0,0,0,0,0,0,0,0,0,262194
1762311600,25415.25,25553.25,25415.25,25528.75,1,,,0,0,0,0,0,0,0,1,0,0,0,0,0,0,0,161942
1762326000,25528.25,25552,25411.75,25413.5,0,1,,0,0,0,0,0,0,0,0,0,0,0,0,0,0,0,127239
1762340400,25413,25690.75,25403.75,25686.75,0,,1,0,0,0,0,0,0,0,0,0,0,0,0,0,0,0,370966
1762354800,25686.25,25872.75,25618.5,25864.75,0,1,,0,0,0,0,0,0,0,0,0,0,0,0,0,0,0,586519
1762369200,25864,25878.5,25694.25,25728.75,0,1,,0,0,0,0,0,0,0,0,0,0,0,0,0,0,0,256783
1762383600,25732,25776.25,25616.75,25714.5,0,1,,0,0,0,0,0,0,0,0,0,0,0,0,0,0,0,153925
1762398000,25714.5,25743,25672.25,25681.75,1,,,0,0,0,0,0,0,0,0,0,0,0,0,0,0,0,78813
1762412400,25681.5,25777.25,25628.25,25752,0,,1,0,0,0,0,0,0,0,0,0,0,0,0,0,0,0,118184
1762426800,25752,25823.75,25509.5,25513.5,0,,1,0,0,0,0,0,0,0,0,0,0,0,0,0,0,0,391821
1762441200,25513.25,25544,25197.25,25330.5,0,1,,0,0,0,0,0,0,0,0,0,0,0,0,0,0,0,1119807
1762455600,25330.75,25438.75,25226.25,25310.5,1,,,0,0,0,0,0,0,0,1,0,0,0,0,0,0,0,410627
1762470000,25311,25350,25200.75,25268.5,0,1,,0,0,0,0,0,0,0,0,0,0,0,0,0,0,0,182925
1762484400,25268.25,25341.75,25162,25325.25,0,1,,0,0,0,0,0,0,0,0,0,0,0,0,0,0,0,119492
1762498800,25325.25,25354.75,25186,25218.75,0,1,,0,0,0,0,0,0,0,0,0,0,0,0,0,0,0,144681
1762513200,25219,25220.25,24917.5,25025,0,1,,0,0,0,0,0,0,0,0,0,0,0,0,0,0,0,564240
1762527600,25006.5,25045,24709,24922.75,0,1,,0,0,0,0,0,1,0,0,0,0,0,0,0,0,0,1073914
1762542000,24922.75,25228.5,24900.5,25227.25,0,1,,0,0,0,0,0,0,0,0,0,0,0,0,0,0,0,485055
1762729200,25319.75,25449,25268.75,25431.75,0,1,,0,0,0,0,0,0,0,0,0,0,0,0,0,0,0,175994
1762743600,25432,25502.75,25431.25,25470.5,0,1,,0,0,0,0,0,0,0,0,0,0,0,0,0,0,0,89899
1762758000,25470,25569.5,25456,25530,0,1,,0,0,0,0,0,0,0,0,0,0,0,0,0,0,1,107434
1762772400,25529.75,25657.75,25504.75,25638.25,0,1,,0,0,0,0,0,0,0,0,0,0,0,0,0,0,1,309032
1762786800,25637.25,25683,25452.25,25647.25,0,,1,0,0,0,0,0,0,0,0,0,0,0,0,0,0,0,795635
1762801200,25647.25,25760,25642.5,25721,0,1,,0,0,0,0,0,0,0,0,0,0,0,0,0,0,0,282803
1762815600,25721,25768.75,25702.25,25735.25,0,1,,0,0,0,0,0,0,0,0,0,0,0,1,0,0,0,101575
1762830000,25735.25,25745.75,25652,25684.5,0,1,,0,0,0,0,0,0,0,0,0,0,0,0,0,0,0,95238
1762844400,25684.5,25690.5,25596.25,25621,0,1,,0,0,0,0,0,0,0,0,0,0,0,0,0,0,0,108195
1762858800,25621.25,25646,25560.5,25627,0,1,,0,0,0,0,0,0,0,0,0,0,0,0,0,0,0,309306
1762873200,25627,25695.75,25478.5,25690.75,0,,1,0,0,0,0,0,0,0,0,0,0,0,0,0,0,0,752115
1762887600,25690.75,25691.25,25619.25,25659.25,1,,,0,0,0,0,0,0,0,0,0,0,0,0,0,0,0,218477
1762902000,25676.5,25761,25629.25,25724.75,0,1,,0,0,0,0,0,0,0,0,0,0,0,0,0,0,0,96293
1762916400,25725.75,25774.75,25694.25,25771.25,0,1,,0,0,0,0,0,0,0,0,0,0,0,0,0,0,0,56239
1762930800,25771.5,25830.5,25763.75,25796.75,0,1,,0,0,0,0,0,0,0,0,0,0,0,1,0,0,0,86725
1762945200,25797,25812.25,25561.5,25593.75,0,1,,0,0,0,0,0,0,0,0,0,0,0,0,0,0,0,329727
1762959600,25594.25,25659.75,25488.75,25613,0,1,,0,0,0,0,0,0,0,0,0,0,0,0,0,0,0,874247
1762974000,25613,25654.5,25544,25625.5,1,,,0,0,0,0,0,0,0,0,0,0,0,0,0,0,0,304367
1762988400,25626.25,25720.5,25502,25659,0,,1,0,0,0,0,0,0,0,0,0,0,0,0,0,0,0,200676
1763002800,25659.5,25721.25,25633,25711.5,0,1,,0,0,0,0,0,0,0,0,0,0,0,0,0,0,0,72939
1763017200,25712.25,25721.75,25530.75,25597.25,0,,1,0,0,0,0,0,0,0,0,0,0,0,0,0,0,0,135177
1763031600,25597,25627,25280.75,25381.25,0,1,,0,0,0,0,0,0,0,0,0,0,0,0,0,0,0,461834
1763046000,25382,25497,25012.5,25070.5,0,1,,0,0,0,0,0,0,0,0,0,0,0,0,0,0,0,1247491
1763060400,25070.5,25167,25002,25088,0,1,,0,0,0,0,0,0,0,0,0,0,0,0,0,0,0,479624
1763074800,25100,25155.75,25087.5,25134.25,1,,,0,0,0,0,0,0,0,0,0,0,0,0,0,0,0,121845
1763089200,25134,25144.75,24974.25,25069.5,0,1,,0,0,0,0,0,0,0,0,0,0,0,0,0,0,0,160702
1763103600,25068.25,25074.25,24900,24943.75,0,1,,0,0,0,0,0,0,0,0,0,0,0,0,0,0,0,216893
1763118000,24943.75,24970.5,24626,24953.25,0,1,,0,0,0,0,0,0,0,0,0,0,0,0,0,0,0,676253
1763132400,24953,25293.5,24862.5,25172.75,0,1,,0,0,0,0,0,0,0,0,0,0,0,0,0,0,0,1156163
1763146800,25171.75,25251.25,25070.75,25147.5,1,,,0,0,0,0,0,0,0,0,0,0,0,0,0,0,0,375826
1763334000,25144,25259.25,25021.5,25251.25,0,,1,0,0,0,0,0,0,0,0,0,0,0,0,0,0,0,202756
1763348400,25251,25286.25,25228.25,25238.25,0,1,,0,0,0,0,0,0,0,0,0,0,0,0,0,0,0,82739
1763362800,25237.75,25362,25169.75,25198.5,0,,1,0,0,0,0,0,0,0,0,0,0,0,0,0,0,0,149113
1763377200,25199.25,25254.75,24955.25,25199.75,0,1,,0,0,0,0,0,0,0,0,0,0,0,0,0,0,0,496976
1763391600,25199.75,25216,24886.75,24895.75,0,1,,0,0,0,0,0,0,0,0,0,0,0,0,0,0,0,1131459
1763406000,24895.5,24926,24732,24905.75,0,1,,0,0,0,0,0,0,0,0,0,0,0,0,0,0,0,539242
1763420400,24904.75,24959.75,24830.25,24840,0,1,,0,0,0,0,0,0,0,0,0,0,0,0,0,0,0,176684
1763434800,24840,24841.5,24607.5,24660,0,1,,0,0,0,0,0,0,0,0,0,0,0,0,0,0,0,226344
1763449200,24660.25,24859.75,24603.75,24826,0,,1,0,0,0,0,0,0,0,0,0,0,0,0,0,0,0,206760
1763463600,24825.5,24835.5,24522,24523.25,0,1,,0,0,0,0,0,0,0,0,0,0,0,0,0,0,0,577120
1763478000,24522.5,24804.5,24380,24709.25,0,1,,0,0,0,0,0,0,0,0,0,0,0,0,0,0,0,1396826
1763492400,24710,24810.25,24524,24531.75,0,1,,0,0,0,0,0,0,0,0,0,0,0,0,0,0,0,499720
1763506800,24547,24649,24497.75,24647.25,0,1,,0,0,0,0,0,0,0,0,0,0,0,0,0,0,0,188160
1763521200,24646.75,24656.75,24446.5,24553.25,0,,1,0,0,0,0,0,0,0,0,0,0,0,0,0,0,0,158803
1763535600,24553.25,24710,24532,24700.25,0,1,,0,0,0,0,0,0,0,0,0,0,0,0,0,0,0,140303
1763550000,24700,24901.5,24572.75,24894.25,0,1,,0,0,0,0,0,0,0,0,0,0,0,0,0,0,0,445035
1763564400,24894,24988,24508,24689.75,0,,1,0,0,0,0,0,0,0,0,0,0,0,0,0,0,0,1359362
1763578800,24688.25,24976.25,24570,24959.75,1,,,0,0,1,0,0,0,0,0,0,0,0,0,0,0,0,582318
1763593200,24968.75,25174.75,24950.5,25168.5,0,1,,0,0,0,0,0,0,0,0,0,0,0,0,0,0,0,162072
1763607600,25167.75,25209,25132.5,25176,0,1,,0,0,0,0,0,0,0,0,0,0,0,1,0,0,0,98386
1763622000,25176,25207,25022,25113,0,1,,0,0,0,0,0,1,0,0,0,0,0,0,0,0,0,141472
1763636400,25113.5,25293.5,25047.5,25273.75,0,1,,0,0,0,0,0,0,0,0,0,0,0,0,0,0,0,511913
1763650800,25275.25,25310,24236.25,24278.75,0,,1,0,0,0,0,0,0,0,0,0,0,0,0,0,0,0,1769701
1763665200,24278.75,24402,24069.75,24075.5,0,1,,0,0,0,0,0,0,0,0,0,0,0,0,0,0,0,548639
1763679600,24096.75,24235,24018,24173,0,1,,0,0,0,0,0,0,0,0,0,0,0,0,0,0,0,214818
1763694000,24172.75,24237.75,24097.5,24175.25,0,1,,0,0,0,0,0,0,0,0,0,0,0,1,0,0,0,136298
1763708400,24174.75,24217.25,23904,24092.25,0,1,,0,0,0,0,0,1,0,0,0,0,0,0,0,0,0,235259
1763722800,24092,24298.25,23952.5,24180.25,0,1,,0,0,0,0,0,0,0,0,0,0,0,0,0,0,0,600388
1763737200,24175.5,24558,23927.25,24477.25,0,,1,0,0,0,0,0,0,0,0,0,0,0,0,0,0,0,1300017
1763751600,24477.5,24596.5,24285,24349.25,0,1,,0,0,0,0,0,0,0,0,0,0,0,0,0,0,0,461917
1763938800,24449.75,24536.25,24404,24515.25,1,,,0,0,0,0,0,0,0,0,0,0,0,0,1,0,0,153036
1763953200,24515.5,24523,24431.5,24476.25,1,,,0,0,0,0,0,0,0,0,0,0,0,0,0,0,0,103308
1763967600,24475.75,24563.25,24361.25,24402,0,,1,0,0,0,0,0,0,0,0,0,0,0,0,0,0,0,187451
1763982000,24401.5,24722.25,24378,24683.75,0,1,,0,0,0,0,0,0,0,0,0,0,0,0,0,0,0,464725
1763996400,24683.25,24954.25,24664,24926,0,1,,0,0,0,0,0,0,0,0,0,0,0,0,0,0,0,717874
1764010800,24926,24993.25,24893.25,24962.5,0,1,,0,0,0,0,0,0,0,0,0,0,0,0,0,0,0,287205
1764025200,24973.25,24986.75,24918.75,24946.75,1,,,0,0,0,0,0,0,1,0,0,0,0,0,0,0,0,96341
1764039600,24947.25,24959,24894,24901.75,0,1,,0,0,0,0,0,0,0,0,0,0,0,0,0,0,0,69018
1764054000,24902,24936,24821.75,24886.5,0,1,,0,0,0,0,0,0,0,0,0,0,0,0,0,0,0,124464
1764068400,24887,24975.5,24602,24815.5,0,,1,0,0,0,0,0,0,0,0,0,0,0,0,0,0,0,533291
1764082800,24817.5,25061.25,24654,25023.75,0,1,,0,0,0,0,0,0,0,0,0,0,0,0,0,0,0,998508
1764097200,25024.25,25135.75,24938,25064.5,0,1,,0,0,0,0,0,0,0,0,0,0,0,0,0,0,0,285648
1764111600,25070,25184,25061.75,25181.75,0,1,,0,0,0,0,0,0,0,0,0,0,0,0,0,0,0,84477
1764126000,25181.75,25221.5,25160.5,25210.75,0,1,,0,0,0,0,0,0,0,0,0,0,0,0,0,0,1,60383
1764140400,25211,25236,25137.5,25196.5,0,,1,0,0,0,0,0,0,0,0,0,0,0,0,0,0,0,99399
1764154800,25196.75,25281.5,25118.75,25167.25,0,,1,0,0,0,0,0,0,0,0,0,0,0,0,0,0,0,401980
1764169200,25167.5,25375.5,25134.75,25317,0,1,,0,0,0,0,0,0,0,0,0,0,0,0,0,0,0,780634
1764183600,25316.5,25360.25,25293.5,25314.5,1,,,0,0,0,0,0,0,0,0,0,0,0,0,1,0,0,239553
1764198000,25316.75,25339.5,25303.25,25316,1,,,0,0,0,0,0,0,0,0,0,0,0,0,0,0,0,47097
1764212400,25317,25337,25298.75,25302.5,0,1,,0,0,0,0,0,0,0,0,0,0,0,0,0,0,0,29943
1764226800,25304,25328.75,25292.75,25317.25,0,1,,0,0,0,0,0,0,0,0,0,0,0,0,0,0,0,46844
1764241200,25317.5,25325.25,25287,25296.25,0,1,,0,0,0,0,0,0,0,0,0,0,0,0,0,0,0,59424
1764255600,25296.25,25307.75,25285.75,25299.75,0,1,,0,0,0,0,0,0,0,0,0,0,0,0,0,0,0,36748
1764284400,25303.5,25366,25303,25345,0,1,,0,0,0,0,0,0,0,0,0,0,0,0,0,0,0,35428
1764327600,25363.25,25421.5,25329.5,25370,0,1,,0,0,0,0,0,0,0,0,0,0,0,0,0,0,0,73980
1764342000,25370,25500.25,25348.5,25484.75,0,1,,0,0,0,0,0,0,0,0,0,0,0,0,0,0,0,248802
1764543600,25484,25542.25,25265.75,25282.75,0,,1,0,0,0,0,0,0,0,0,0,0,0,0,0,0,0,220950
1764558000,25282,25284.75,25193.5,25268.5,0,1,,0,0,0,0,0,1,0,0,0,0,0,0,0,0,0,122832
1764572400,25268,25343,25237.75,25312.75,0,1,,0,0,0,0,0,0,0,0,0,0,0,0,0,0,0,115036
1764586800,25313.25,25379.75,25209,25360.5,0,,1,0,0,0,0,0,0,0,0,0,0,0,0,0,0,0,354048
1764601200,25364.25,25495.75,25266.25,25486.25,0,1,,0,0,0,0,0,0,0,0,0,0,0,0,0,0,0,685326
1764615600,25486.75,25488.25,25356.75,25400.25,1,,,0,0,0,0,0,0,0,0,0,0,0,0,1,0,0,325191
1764630000,25422.75,25445.75,25378.75,25424.5,1,,,0,0,0,0,0,0,0,0,0,0,0,0,0,0,0,91323
1764644400,25423.75,25426.75,25334.5,25369.25,0,1,,0,0,0,0,0,0,0,0,0,0,0,0,0,0,0,78749
1764658800,25369.5,25499.75,25324,25489.75,0,,1,0,0,0,0,0,0,0,0,0,0,0,0,0,0,0,100038
1764673200,25489.25,25613,25457.75,25597.25,0,1,,0,0,0,0,0,0,0,0,0,0,0,0,0,0,0,333906
1764687600,25597.25,25670,25413.75,25577,0,,1,0,0,0,0,0,0,0,0,0,0,0,0,0,0,0,981309
1764702000,25577.5,25646.75,25563.5,25606.75,1,,,0,0,1,0,0,0,0,0,0,0,0,0,0,0,0,244459
1764716400,25613.5,25674,25575.25,25654.75,0,1,,0,0,0,0,0,0,0,0,0,0,0,0,0,0,0,86925
1764730800,25654.75,25678.5,25637.75,25657.5,0,1,,0,0,0,0,0,0,0,0,0,0,0,1,0,0,0,47922
1764745200,25657.5,25676.75,25605.5,25624,0,1,,0,0,0,0,0,0,0,0,0,0,0,0,0,0,0,83839
1764759600,25624.75,25678.25,25420.75,25495.25,0,,1,0,0,0,0,0,0,0,0,0,0,0,0,0,0,0,440253
1764774000,25500,25654.25,25488.75,25629.25,1,,,0,0,1,0,0,0,0,0,0,0,0,0,0,0,0,721372
1764788400,25628.75,25685.75,25625.75,25645.75,0,1,,0,0,0,0,0,0,0,0,0,0,1,0,0,0,0,190938
1764802800,25649.75,25666,25618.75,25648.5,0,1,,0,0,0,0,0,0,0,0,0,0,0,0,0,0,0,66326
1764817200,25649.25,25663.75,25614,25654.75,0,1,,0,0,0,0,0,0,0,0,0,0,0,0,0,0,0,49476
1764831600,25655,25693.5,25602.75,25644.75,0,,1,0,0,0,0,0,0,0,0,0,0,0,0,0,0,0,89341
1764846000,25644,25732.5,25540,25554.5,0,,1,0,0,0,0,0,0,0,0,0,0,0,0,0,0,0,370689
1764860400,25555.25,25654.25,25505.25,25604.25,0,1,,0,0,0,0,0,0,0,0,0,0,0,0,0,0,0,705204
1764874800,25603.75,25638,25487,25632.25,0,1,,0,0,0,0,0,0,0,0,0,0,0,0,0,0,0,333307
1764889200,25631,25713.25,25608.5,25689,0,1,,0,0,0,0,0,0,0,0,0,0,0,0,0,0,0,74445
1764903600,25689,25731,25683.25,25712.5,0,1,,0,0,0,0,0,0,0,0,0,0,0,0,0,0,0,50507
1764918000,25712.5,25755.5,25705,25716.5,0,1,,0,0,0,0,0,0,0,0,0,0,0,0,0,0,0,65429
1764932400,25716.25,25803.25,25579,25791,0,,1,0,0,0,0,0,0,0,0,0,0,0,0,0,0,0,350419
1764946800,25791,25867.75,25651,25727,0,1,,0,0,0,0,0,0,0,0,0,0,0,0,0,0,0,772988
1764961200,25727.25,25743.75,25677.75,25735,1,,,0,0,0,0,0,0,0,0,0,0,0,0,0,0,0,220141
1765148400,25748.5,25783.75,25700,25782.75,0,1,,0,0,0,0,0,0,0,0,0,0,0,0,0,0,0,77613
1765162800,25782.25,25811.5,25777,25790,0,1,,0,0,0,0,0,0,0,0,0,0,0,0,0,0,0,41626
1765177200,25789.75,25821,25762,25793.5,0,,1,0,0,0,0,0,0,0,0,0,0,0,0,0,0,0,65527
1765191600,25793.5,25860.75,25722,25744.5,0,,1,0,0,0,0,0,0,0,0,0,0,0,0,0,0,0,277664
1765206000,25744,25778.5,25563.75,25592.25,0,1,,0,0,0,0,0,0,0,0,0,0,0,0,0,0,0,679794
1765220400,25592.5,25708.25,25567.25,25706.5,1,,,0,0,0,0,0,0,0,0,0,0,0,0,0,0,0,249261
1765234800,25713,25729.5,25675.25,25692.5,0,1,,0,0,0,0,0,0,0,0,0,0,0,0,0,0,0,75620
1765249200,25691.75,25702,25646.75,25683.5,0,1,,0,0,0,0,0,0,0,0,0,0,0,0,0,0,0,46637
1765263600,25683.25,25712.5,25601,25667.75,0,,1,0,0,0,0,0,0,0,0,0,0,0,0,0,0,0,82779
1765278000,25668,25681.5,25560,25630.25,0,1,,0,0,0,0,0,1,0,0,0,0,0,0,0,0,0,276174
1765292400,25630.75,25738.5,25615.25,25721.75,0,1,,0,0,0,0,0,0,0,0,0,0,0,0,0,0,0,538659
1765306800,25722,25724.25,25674.75,25676.5,1,,,0,0,0,0,0,0,1,0,0,0,0,0,0,0,0,181338
1765321200,25681,25693.75,25640,25673.5,0,1,,0,0,0,0,0,1,0,0,0,0,0,0,0,0,0,55605
1765335600,25673.5,25713.75,25663.25,25704,0,1,,0,0,0,0,0,0,0,0,0,0,0,0,0,0,0,44263
1765350000,25703,25746.25,25615.75,25650.75,0,,1,0,0,0,0,0,0,0,0,0,0,0,0,0,0,0,87587
1765364400,25650.5,25718,25567,25630.75,0,1,,0,0,0,0,0,0,0,0,0,0,0,0,0,0,0,303516
1765378800,25630.75,25682,25528.25,25614,0,1,,0,0,0,0,0,1,0,0,0,0,0,0,0,0,0,553767
1765393200,25616.75,25869.75,25579,25800.25,0,1,,0,0,0,0,0,0,0,0,0,0,0,1,0,0,0,657477
1765407600,25777.75,25792.5,25523.25,25549.75,0,1,,0,0,0,0,0,0,0,0,0,0,0,0,0,0,0,130606
1765422000,25548.75,25550.75,25382,25509.25,0,1,,0,0,0,0,0,1,0,0,0,0,0,0,0,0,0,152173
1765436400,25509.25,25623.5,25474,25597.5,0,1,,0,0,0,0,0,0,0,0,0,0,0,0,0,0,0,113537
1765450800,25597.5,25700.75,25400.5,25414.25,0,,1,0,0,0,0,0,0,0,0,0,0,0,0,0,0,0,419818
1765465200,25414.5,25686.75,25390.25,25637.75,0,1,,0,0,0,1,0,0,0,0,0,0,0,0,0,0,0,886696
1765479600,25637.5,25862.5,25635,25835,0,1,,0,0,0,0,0,0,0,0,0,0,0,0,0,0,0,246741
1765494000,25719.5,25733.75,25641.25,25694.25,1,,,0,0,0,0,0,0,0,0,0,0,0,0,1,0,0,92984
1765508400,25694.25,25704.5,25653.5,25679.75,1,,,0,0,0,0,0,0,0,0,0,0,0,0,0,0,0,49575
1765522800,25679.25,25682.75,25562.25,25583.75,0,1,,0,0,0,0,0,0,0,0,0,0,0,0,0,0,0,95189
1765537200,25584,25632.5,25501.5,25558,0,1,,0,0,0,0,0,0,0,0,0,0,0,0,0,1,0,348158
1765551600,25558.5,25559.25,25117.75,25278.5,0,1,,0,0,0,0,0,0,0,0,0,0,0,0,0,1,0,1260395
1765566000,25279,25286,25145.5,25203,1,,,0,0,0,0,0,0,0,0,0,0,0,0,0,1,0,345060
1765753200,25214.5,25284,25131.25,25261.75,0,1,,0,0,0,0,0,0,0,0,0,0,0,0,0,0,0,72731
1765767600,25261,25282.75,25233,25273,1,,,0,0,0,0,0,0,0,0,0,0,0,0,0,0,0,37968
1765782000,25273,25342.5,25230.25,25336,0,,1,0,0,0,0,0,0,0,0,0,0,0,0,0,0,0,44764
1765796400,25336.75,25410,25213.75,25225.75,0,,1,0,0,0,0,0,0,0,0,0,0,0,0,0,0,0,182214
1765810800,25225.75,25266.75,25034.5,25153,0,1,,0,0,0,0,0,0,0,0,0,0,0,0,0,0,0,448109
1765825200,25152,25183.5,25077.5,25102.5,1,,,0,0,0,0,0,0,0,0,0,0,0,0,0,0,0,118285
1765839600,25356,25373.5,25112.5,25149.75,0,1,,0,0,0,0,0,0,0,0,0,0,1,0,0,0,0,116970
1765854000,25149.75,25175.5,25103.25,25133,0,1,,0,0,0,0,0,0,0,0,0,0,0,0,0,0,0,62245
1765868400,25133.25,25274.5,25073.75,25246,0,,1,0,0,0,0,0,0,0,0,0,0,0,0,0,0,0,81894
1765882800,25246.25,25399,25203.25,25394.5,0,1,,0,0,0,0,0,0,0,0,0,0,0,0,0,0,0,374393
1765897200,25394.25,25408.5,25170,25316.25,0,,1,0,0,0,0,0,0,0,0,0,0,0,0,0,0,0,795349
1765911600,25315.75,25444,25224.75,25321.5,0,1,,0,0,0,0,0,0,0,0,0,0,0,0,0,0,0,274299
1765926000,25333,25375,25265.25,25363.25,1,,,0,1,0,0,0,0,0,0,0,0,0,0,0,0,0,101136
1765940400,25362.75,25417,25291.5,25393.5,0,1,,0,0,0,0,0,0,0,0,0,0,0,0,0,0,0,62296
1765954800,25394,25491.75,25381.5,25483,0,1,,0,0,0,0,0,0,0,0,0,0,0,0,0,0,1,81561
1765969200,25482.5,25508,25245.25,25332.75,0,,1,0,0,0,0,0,0,0,0,0,0,0,0,0,0,0,367127
1765983600,25332.5,25346.5,24932.5,24958.5,0,1,,0,0,0,0,0,0,0,0,0,0,0,0,0,0,0,923425
1765998000,24958,24995.75,24887.75,24951.75,0,1,,0,0,0,0,0,0,0,0,0,0,0,0,0,0,0,276435
1766012400,24980,25012,24901.25,24969,0,1,,0,0,0,0,0,0,0,0,0,0,0,0,0,0,0,106520
1766026800,24969.25,24995,24902.5,24983,1,,,0,0,0,0,0,0,0,0,0,0,0,0,0,0,0,64159
1766041200,24983.5,25100,24982.25,25079,0,1,,0,0,0,0,0,0,0,0,0,0,0,0,0,0,0,86041
1766055600,25079.5,25329.5,25064.75,25277.5,0,1,,0,0,0,0,0,0,0,0,0,0,0,0,0,0,0,412356
1766070000,25277.5,25417,25174.75,25338.5,0,1,,0,0,0,0,0,0,0,0,0,0,0,0,0,0,1,859190
1766084400,25338.5,25342.5,25192.75,25219,1,,,0,0,0,0,0,0,0,0,0,0,0,0,1,0,0,356942
1766098800,25237.5,25286.75,25209,25251.25,1,,,0,0,0,0,0,0,0,0,0,0,0,0,0,0,0,88267
1766113200,25252.25,25322,25236.25,25298.75,0,1,,0,0,0,0,0,0,0,0,0,0,0,0,0,0,0,67368
1766127600,25299,25393.5,25298.5,25361.25,0,1,,0,0,0,0,0,0,0,0,0,0,0,0,0,0,0,85461
1766142000,25360.5,25573.25,25273.75,25557.75,0,,1,0,0,0,0,0,0,0,0,0,0,0,0,0,0,0,377852
1766156400,25558.25,25601,25459.75,25551.75,0,1,,0,0,0,0,0,0,0,0,0,0,0,0,0,0,0,569640
1766170800,25551.5,25599.5,25549.75,25598.25,1,,,0,0,0,0,0,0,0,0,0,0,0,0,0,0,0,176401
1766358000,25635,25698.25,25631.5,25696,0,1,,0,0,0,0,0,0,0,0,0,0,0,0,0,0,0,78974
1766372400,25696,25700,25662.25,25690.25,0,1,,0,0,0,0,0,0,0,0,0,0,0,0,0,0,0,41690
1766386800,25690,25725.75,25681.25,25707.25,0,1,,0,0,0,0,0,0,0,0,0,0,0,0,0,0,0,52744
1766401200,25707.5,25795,25671,25747.75,0,,1,0,0,0,0,0,0,0,0,0,0,0,0,0,0,0,281195
1766415600,25747.25,25754.5,25629.5,25689.5,0,1,,0,0,0,0,0,0,0,0,0,0,0,0,0,0,0,456458
1766430000,25689.75,25712.25,25676.25,25700.5,1,,,1,0,0,0,0,0,0,0,0,0,0,0,0,0,0,137999
1766444400,25701.25,25738.5,25695.5,25723,0,1,,0,0,0,0,0,0,0,0,0,0,0,1,0,0,0,47857
1766458800,25723.25,25731.25,25653.75,25667.75,0,1,,0,0,0,0,0,0,0,0,0,0,0,0,0,0,0,43262
1766473200,25668.25,25728.75,25658,25706.5,1,,,0,0,0,0,0,0,0,0,0,0,0,0,0,0,0,44957
1766487600,25706.25,25751.25,25608.5,25692.25,0,,1,0,0,0,0,0,0,0,0,0,0,0,0,0,0,0,267672
1766502000,25691,25780.5,25627.25,25773.75,0,1,,0,0,0,0,0,0,0,0,0,0,0,0,0,0,0,372818
1766516400,25774,25822.25,25771.5,25811.5,0,1,,0,0,0,0,0,0,0,0,0,0,0,0,0,0,0,125313
1766530800,25812,25825.75,25782.75,25793.75,0,1,,0,0,0,0,0,0,0,0,0,0,0,0,0,0,0,35433
1766545200,25793.5,25803.25,25777.5,25792.75,0,1,,0,0,0,0,0,0,0,0,0,0,0,0,0,0,0,24863
1766559600,25792.75,25807,25783,25792.75,0,1,,0,0,0,0,0,0,0,0,0,0,0,0,0,0,0,23441
1766574000,25793,25831.75,25781.75,25809.75,0,,1,0,0,0,0,0,0,0,0,0,0,0,0,0,0,0,126626
1766588400,25809.5,25892.25,25804,25861.75,0,1,,0,0,0,0,0,0,0,0,0,0,0,0,0,0,0,215241
1766703600,25870,25916.5,25862,25896.5,0,1,,0,0,0,0,0,0,0,0,0,0,0,0,0,0,0,35547
1766718000,25896.75,25903,25867.5,25871.75,1,,,0,0,0,0,0,0,0,0,0,0,0,0,0,0,0,23808
1766732400,25871.5,25892.25,25842.5,25883.5,0,1,,0,0,0,0,0,0,0,0,0,0,0,0,0,0,0,32131
1766746800,25884,25935,25864.5,25880.75,0,1,,0,0,0,0,0,0,0,0,0,0,0,0,0,0,0,158150
1766761200,25881,25911,25834.25,25891.75,0,1,,0,0,0,0,0,0,0,0,0,0,0,0,0,0,0,310546
1766775600,25891.75,25898.5,25852.25,25857,1,,,0,0,0,0,0,0,0,0,0,0,0,0,0,0,0,95821
1766962800,25869,25893.5,25824.25,25845.5,0,1,,0,0,0,0,0,0,0,0,0,0,0,0,0,0,0,64165
1766977200,25845.75,25867.75,25810.25,25815.5,0,1,,0,0,0,0,0,0,0,0,0,0,0,0,0,0,0,56618
1766991600,25815.75,25822.75,25731.5,25746.5,0,1,,0,0,0,0,0,0,0,0,0,0,0,0,0,1,0,71577
1767006000,25747.25,25818.75,25656,25723,0,1,,0,0,0,0,0,0,0,0,0,0,0,0,0,1,0,286999
1767020400,25722.75,25773.25,25647.75,25694,0,1,,0,0,0,0,0,1,0,0,0,0,0,0,0,1,0,473703
1767034800,25694.25,25774.5,25683.5,25744.5,0,1,,0,0,0,0,0,0,0,0,0,0,0,0,0,0,0,157547
1767049200,25747.5,25747.75,25696.5,25710.25,1,,,0,1,0,0,0,0,0,0,0,0,0,0,0,0,0,42019
1767063600,25710.5,25755,25709,25726,0,1,,0,0,0,0,0,0,0,0,0,0,0,0,0,0,0,41321
1767078000,25725.75,25754,25684,25727.5,0,1,,0,0,0,0,0,0,0,0,0,0,0,0,0,0,0,51103
1767092400,25728.25,25774.75,25673.5,25756.75,0,,1,0,0,0,0,0,0,0,0,0,0,0,0,0,0,0,223093
1767106800,25756,25794,25678.25,25733.25,0,1,,0,0,0,0,0,0,0,0,0,1,0,0,0,0,0,396721
1767121200,25732.25,25743.25,25668.25,25676.5,0,1,,0,0,0,0,0,0,0,0,0,0,0,0,0,0,0,145635
1767135600,25678.25,25690.5,25588,25626,0,1,,0,0,0,0,0,0,0,0,0,0,0,0,0,0,0,67916
1767150000,25625.25,25634.75,25577,25596,0,1,,0,0,0,0,0,0,0,0,0,0,0,0,0,0,0,41788
1767164400,25595.25,25609.75,25552.25,25584.75,0,1,,0,0,0,0,0,1,0,0,0,0,0,0,0,1,0,46667
1767178800,25585,25718.25,25581.75,25605.75,0,1,,0,0,0,0,0,0,0,0,0,0,0,0,0,0,0,223716
1767193200,25606,25629.75,25542.5,25614.75,0,1,,0,0,0,0,0,0,0,0,0,0,0,0,0,0,0,353848
1767207600,25614.25,25634.75,25426.5,25434.5,0,,1,0,0,0,0,0,0,0,0,0,0,0,0,0,0,0,276829
1767308400,25460,25608,25449.25,25603.5,1,,,0,0,1,0,0,0,0,0,0,0,0,0,0,0,0,70380
1767322800,25603.25,25650,25595,25637.25,0,1,,0,0,0,0,0,0,0,0,0,0,0,0,0,0,0,53522
1767337200,25637,25738.75,25623.75,25731,0,1,,0,0,0,0,0,0,0,0,0,0,0,0,0,0,0,81574
1767351600,25730.75,25803.5,25638,25733.25,0,1,,0,0,0,0,0,0,0,0,0,0,0,1,0,0,1,290804
1767366000,25733.75,25780,25265.25,25295,0,1,,0,0,0,0,0,0,0,0,0,0,0,0,0,0,0,927946
1767380400,25294.5,25457,25287,25393.75,1,,,1,0,0,0,0,0,0,0,0,0,0,0,0,0,0,258752
1767567600,25430,25488,25406,25474.25,0,1,,0,0,0,0,0,0,0,0,0,0,0,0,0,0,0,116624
1767582000,25474,25508.25,25456,25506.25,0,1,,0,0,0,0,0,0,0,0,0,0,0,0,0,0,0,48638
1767596400,25506.25,25558.75,25455.25,25553.75,0,,1,0,0,0,0,0,0,0,0,0,0,0,0,0,0,0,85625
1767610800,25554.25,25673.25,25520,25594.75,0,1,,0,0,0,0,0,0,0,0,0,0,0,0,0,0,0,360831
1767625200,25594.75,25708,25557,25612.75,0,1,,0,0,0,0,0,0,0,0,0,0,0,1,0,0,0,556418
1767639600,25613,25618.75,25548.5,25578.5,0,1,,0,0,0,0,0,1,0,0,0,0,0,0,0,0,0,198513
1767654000,25581,25625.25,25552.25,25624,0,1,,0,0,0,0,0,0,0,0,0,0,0,0,0,0,0,63227
1767668400,25623.75,25674.5,25616.5,25669,0,1,,0,0,0,0,0,0,0,0,0,0,0,1,0,0,0,43182
1767682800,25669.25,25669.75,25527,25592.25,0,1,,0,0,0,0,0,1,0,0,0,0,0,0,0,0,0,93396
1767697200,25593.25,25761.5,25589.5,25753,0,1,,0,0,0,0,0,0,0,0,0,0,0,0,0,0,0,318834
1767711600,25753.25,25806,25639,25805,0,1,,0,0,0,0,0,0,0,0,0,0,0,0,0,0,0,672957
1767726000,25805,25837.75,25794,25831.25,0,1,,0,0,0,0,0,0,0,0,0,0,0,0,0,0,0,177442
1767740400,25834.5,25844.75,25801.75,25806.75,0,1,,0,0,0,0,0,0,0,0,0,0,0,0,0,0,0,55281
1767754800,25807,25822,25768,25768.75,0,1,,0,0,0,0,0,0,0,0,0,0,0,0,0,0,0,46081
1767769200,25768,25788.25,25727,25739.25,0,1,,0,0,0,0,0,1,0,0,0,0,0,0,0,0,0,63718
1767783600,25739.75,25880,25731.75,25857,0,1,,0,0,0,0,0,0,0,0,0,0,0,0,0,0,0,274587
1767798000,25855,25998,25809,25955.5,0,1,,0,0,0,0,0,0,0,0,0,0,0,0,0,0,0,652129
1767812400,25956,25956.5,25814.25,25836.5,1,,,0,0,0,0,0,0,1,0,0,0,0,0,0,0,0,292827
1767826800,25839.25,25850.25,25773.75,25785.75,0,1,,0,0,0,0,0,0,0,0,0,0,0,0,0,0,0,64771
1767841200,25786,25795.5,25671,25705,0,1,,0,0,0,0,0,1,0,0,0,0,0,0,0,0,0,77612
1767855600,25705.5,25804.5,25680.25,25772.5,0,1,,0,0,0,0,0,0,0,0,0,0,0,0,0,0,0,98489
1767870000,25772.5,25818.75,25597.5,25603.5,0,,1,0,0,0,0,0,0,0,0,0,0,0,0,0,0,0,389255
1767884400,25603.25,25713.5,25569.5,25631.5,0,1,,0,0,0,1,0,0,0,0,0,0,0,0,0,0,0,731999
1767898800,25631,25741.75,25597,25711.5,0,1,,0,0,0,0,0,0,0,0,0,0,0,0,0,0,0,278873
1767913200,25720.5,25727,25627,25684.25,1,,,0,0,0,0,0,0,0,0,0,0,0,0,1,0,0,73531
1767927600,25683.75,25702,25657.75,25691,1,,,0,0,0,0,0,0,0,0,0,0,0,0,0,0,0,43395
1767942000,25691,25737.75,25652,25727.75,0,,1,0,0,0,0,0,0,0,0,0,0,0,0,0,0,0,68382
1767956400,25727.75,25824.75,25648.25,25734,0,,1,0,0,0,0,0,0,0,0,0,0,0,0,0,0,0,415587
1767970800,25738.25,25968.25,25615.75,25961.25,0,,1,0,0,0,0,0,0,0,0,0,0,0,0,0,0,0,819487
1767985200,25962.25,25986,25923.5,25931.5,0,1,,0,0,0,0,0,0,0,0,0,1,0,0,0,0,0,182994
1768172400,25946.5,25955.75,25723.5,25747.75,0,1,,0,0,0,0,0,0,0,0,0,0,0,0,0,0,0,170871
1768186800,25747.75,25753.5,25677.25,25717.5,0,1,,0,0,0,0,0,0,0,0,0,0,0,0,0,0,0,78932
1768201200,25717.5,25750,25632.75,25708,0,1,,0,0,0,0,0,1,0,0,0,0,0,0,0,0,0,103875
1768215600,25707.75,25924.75,25705.5,25901,0,1,,0,0,0,0,0,0,0,0,0,0,0,0,0,0,0,304891
1768230000,25901.25,25997.25,25863.5,25978.5,0,1,,0,0,0,0,0,0,0,0,0,0,0,0,0,0,0,499722
1768244400,25978.75,26020.5,25932.75,25942.25,0,1,,0,0,0,0,0,0,0,0,0,0,0,0,0,0,0,208737
1768258800,25948,25954,25846,25878.25,0,1,,0,0,0,0,0,0,0,0,0,0,0,0,0,0,0,89352
1768273200,25878.25,25932.75,25861.25,25915.75,1,,,0,0,0,0,0,0,0,0,0,0,0,0,0,0,0,53879
1768287600,25916,25937.25,25867.25,25878.5,0,1,,0,0,0,0,0,0,0,0,0,0,0,0,0,0,0,63172
1768302000,25878.5,26046.25,25870.75,25947,0,1,,0,0,0,0,0,0,0,0,0,0,0,1,0,0,0,399735
1768316400,25946.25,26026,25806,25840,0,1,,0,0,0,0,0,0,0,0,0,0,0,0,0,0,0,910768
1768330800,25840.25,25926.75,25803.25,25898.25,0,1,,0,0,0,0,0,0,0,0,0,0,0,0,0,0,0,303079
1768345200,25900,25924.75,25873,25893.75,1,,,0,0,0,0,0,0,0,0,0,0,0,0,0,0,0,58502
1768359600,25893.5,25926,25835.5,25859.75,0,,1,0,0,0,0,0,0,0,0,0,0,0,0,0,0,0,59062
1768374000,25860.75,25878.75,25711.5,25737,0,1,,0,0,0,0,0,0,0,0,0,0,0,0,0,0,0,88698
1768388400,25737.5,25807.75,25578.25,25585.25,0,1,,0,0,0,0,0,0,0,0,0,0,0,0,0,0,0,456524
1768402800,25585.75,25695,25421.25,25515,0,1,,0,0,0,0,0,0,0,0,0,0,0,0,0,0,0,1048836
1768417200,25515,25658.5,25462.25,25610.5,1,,,0,0,0,0,0,0,0,0,0,0,0,0,1,0,0,431594
1768431600,25597.25,25643.5,25562.5,25609,1,,,0,0,0,0,0,0,0,0,0,0,0,0,0,0,0,95501
1768446000,25609.25,25722.75,25570,25700.75,0,1,,0,0,0,0,0,0,0,0,0,0,0,0,0,0,0,93622
1768460400,25700.25,25833.25,25673.5,25817.25,0,1,,0,0,0,0,0,0,0,0,0,0,0,0,0,0,1,105137
1768474800,25818,25954.25,25811,25864,0,1,,0,0,0,0,0,0,0,0,0,0,0,0,0,0,1,408893
1768489200,25863.75,25939.75,25803.5,25885.5,0,1,,0,0,0,0,0,0,0,0,0,0,0,0,0,0,0,707232
1768503600,25885,25885,25680.75,25705.75,0,1,,0,0,0,0,0,0,0,0,0,0,0,0,0,0,0,403383
1768518000,25720,25797.75,25704.25,25787,1,,,1,0,0,0,0,0,0,0,0,0,0,0,0,0,0,62859
1768532400,25787.5,25827.25,25784,25823.5,0,1,,0,0,0,0,0,0,0,0,0,0,0,0,0,0,0,39653
1768546800,25823.75,25864.5,25795.25,25854.25,0,1,,0,0,0,0,0,0,0,0,0,0,0,0,0,0,0,70511
1768561200,25854.75,25891.25,25726.25,25728.75,0,,1,0,0,0,0,0,0,0,0,0,0,0,0,0,0,0,341374
1768575600,25729,25765.5,25590.25,25716.5,0,1,,0,0,0,0,0,0,0,0,0,0,0,0,0,0,0,749912
1768590000,25716.25,25748.25,25670.75,25681.75,1,,,0,0,0,0,0,0,0,1,0,0,0,0,0,0,0,267139
1768777200,25556,25559,25375,25416.25,0,1,,0,0,0,0,0,0,0,0,0,0,0,0,0,0,0,186554
1768791600,25416.5,25419.25,25356,25384.75,0,1,,0,0,0,0,0,0,0,0,0,0,0,0,0,1,0,82090
1768806000,25385,25410.5,25257.5,25269.25,0,1,,0,0,0,0,0,0,0,0,0,0,0,0,0,1,0,161558
1768820400,25269.25,25348.75,25236.25,25316.25,0,1,,0,0,0,0,0,0,0,0,0,0,0,0,0,0,0,193201
1768834800,25316,25418,25287.75,25397.75,0,1,,0,0,0,0,0,0,0,0,0,0,0,0,0,0,0,200079
1768863600,25396.25,25438.75,25324.25,25423.75,0,1,,0,0,0,0,0,0,0,0,0,0,0,1,0,0,0,126693
1768878000,25424.25,25431.5,25259.75,25311,0,1,,0,0,0,0,0,0,0,0,0,0,0,0,0,0,0,99694
1768892400,25310.75,25320.5,25095.25,25175.25,0,1,,0,0,0,0,0,1,0,0,0,0,0,0,0,0,0,218987
1768906800,25175,25369,25173,25323,0,1,,0,0,0,0,0,0,0,0,0,0,0,0,0,0,0,513100
1768921200,25322.75,25430,25170.75,25199.25,0,,1,0,0,0,0,0,0,0,0,0,0,0,0,0,0,0,1009086
1768935600,25199.25,25225.25,25099,25143.25,0,1,,0,0,0,0,0,0,0,0,0,0,0,0,0,0,0,393342
1768950000,25147,25218.75,25103.5,25180,1,,,1,0,0,0,0,0,0,0,0,0,0,0,0,0,0,100963
1768964400,25179.75,25234.5,25178.5,25196.25,0,1,,0,0,0,0,0,0,0,0,0,0,0,0,0,0,0,71516
1768978800,25196.25,25246.75,25121.75,25153,0,,1,0,0,0,0,0,0,0,0,0,0,0,0,0,0,0,103594
1768993200,25153,25339.75,25026,25325,0,,1,0,0,0,0,0,0,0,0,0,0,0,0,0,0,0,568784
1769007600,25324.5,25496.5,25142.75,25282.75,0,1,,0,0,0,0,0,0,0,0,0,0,0,0,0,0,0,1257268
1769022000,25282.5,25653.25,25232.75,25509,0,1,,0,0,0,0,0,0,0,0,0,0,0,0,0,0,0,599730
1769036400,25529,25602.75,25523,25568.25,1,,,0,0,0,0,0,0,1,0,0,0,0,0,0,0,0,80776
1769050800,25569.25,25595.25,25483.25,25539.75,0,1,,0,0,0,0,0,1,0,0,0,0,0,0,0,0,0,72735
1769065200,25539.75,25715.75,25498.25,25688.5,0,1,,0,0,0,0,0,0,0,0,0,0,0,0,0,0,0,122859
1769079600,25688.75,25739.75,25554.25,25580.25,0,1,,0,0,0,0,0,0,0,0,0,0,0,0,0,0,0,423759
1769094000,25580,25721.25,25534.75,25673.5,0,1,,0,0,0,0,0,0,0,0,0,0,0,0,0,0,0,718230
1769108400,25673.5,25715,25584.25,25630,1,,,0,0,0,0,0,0,0,0,0,0,0,0,0,0,0,318965
1769122800,25609.75,25689.75,25577.25,25668.75,0,1,,0,0,0,0,0,0,0,0,0,0,0,0,0,0,0,78794
1769137200,25669,25731.75,25668.25,25705.75,0,1,,0,0,0,0,0,0,0,0,0,0,0,1,0,0,0,54469
1769151600,25705.75,25725,25540,25573.75,0,1,,0,0,0,0,0,0,0,0,0,0,0,0,0,0,0,117311
1769166000,25574.5,25674,25556.75,25667.25,1,,,1,0,0,0,0,0,0,0,0,0,0,0,0,0,0,377203
1769180400,25673.25,25845.5,25662.5,25725.5,0,1,,0,0,0,0,0,0,0,0,0,0,0,0,0,0,0,788021
1769194800,25725.25,25775,25672,25679,1,,,0,0,0,0,0,0,0,0,0,0,0,0,0,0,0,298360
1769382000,25590.25,25669.25,25399.5,25610,0,1,,0,0,0,0,1,0,0,0,0,0,0,0,0,0,0,199399
1769396400,25609.75,25703.5,25600,25669,0,1,,0,0,0,0,0,0,0,0,0,0,0,0,0,0,0,87802
1769410800,25668.75,25742.25,25582.25,25651.5,0,,1,0,0,0,0,0,0,0,0,0,0,0,0,0,0,0,98298
1769425200,25651.5,25853.5,25641.75,25838,0,1,,0,0,0,0,0,0,0,0,0,0,0,0,0,0,0,315146
1769439600,25837.5,25932.75,25803,25899,0,1,,0,0,0,0,0,0,0,0,0,0,0,0,0,0,0,597108
1769454000,25898.75,25914.25,25833.75,25861.75,1,,,0,1,0,0,0,0,0,0,0,0,0,0,0,0,0,222087
1769468400,25857.25,25975,25839.75,25970.75,0,1,,0,0,0,0,0,0,0,0,0,0,0,0,0,0,0,75699
1769482800,25970.5,26028.25,25962,26001.5,0,1,,0,0,0,0,0,0,0,0,0,0,0,0,0,0,0,60381
1769497200,26002.5,26020.75,25967,26005.75,1,,,0,0,0,0,0,0,0,0,0,0,0,0,0,0,0,73367
1769511600,26006,26061,25917.25,26052.75,0,,1,0,0,0,0,0,0,0,0,0,0,0,0,0,0,0,347748
1769526000,26052.5,26107,26022,26090.25,0,1,,0,0,0,0,0,0,0,0,0,0,0,0,0,0,0,520141
1769540400,26090,26119,26061,26109.5,0,1,,0,0,0,0,0,0,0,0,0,0,0,0,0,0,0,197295
1769554800,26112,26228.5,26109.5,26213.75,0,1,,0,0,0,0,0,0,0,0,0,0,0,0,0,0,0,81623
1769569200,26214.25,26349,26190.25,26302.5,0,1,,0,0,0,0,0,0,0,0,0,0,0,0,0,0,1,84916
1769583600,26301.75,26332,26252,26316.75,1,,,0,0,0,0,0,0,1,0,0,0,0,0,0,0,1,89209
1769598000,26317.25,26326.75,26213.5,26253.5,0,1,,0,0,0,0,0,0,0,0,0,0,0,0,0,0,0,326331
1769612400,26253,26265.5,26100.75,26168,0,1,,0,0,0,0,0,0,0,0,0,0,0,0,0,0,0,583637
1769626800,26168,26287.75,25996.25,26268.5,0,,1,0,0,0,0,0,0,0,0,0,0,0,0,0,0,0,493732
1769641200,26278,26294.5,26085.75,26162.25,0,1,,0,0,0,0,0,0,0,0,0,0,0,0,0,0,0,161489
1769655600,26161.5,26268.5,26161.5,26246.75,1,,,0,0,0,0,0,0,0,0,0,0,0,0,0,0,0,59304
1769670000,26246.25,26280.75,26186.75,26191.5,0,1,,0,0,0,0,0,0,0,0,0,0,0,0,0,0,0,92328
1769684400,26192,26222,25858.25,25864,0,1,,0,0,0,0,0,0,0,0,0,0,0,0,0,0,0,461632
1769698800,25864.25,25890.25,25536,25837,0,1,,0,0,0,0,0,1,0,0,0,0,0,0,0,0,0,1318846
1769713200,25836.25,26040.25,25820.25,25982.5,0,1,,0,0,0,0,0,0,0,0,0,0,0,1,0,0,0,355277
1769727600,25994.5,26019,25736.25,25843.75,0,1,,0,0,0,0,0,0,0,0,0,0,0,0,0,0,0,188921
1769742000,25844.25,25896.5,25736.75,25751.25,1,,,0,0,0,0,0,0,0,0,0,0,0,0,0,0,0,107083
1769756400,25751,25804.75,25649,25764.25,0,1,,0,0,0,0,1,0,0,0,0,0,0,0,0,0,0,147003
1769770800,25765.5,25939.25,25763,25827,0,1,,0,0,0,0,0,0,0,0,0,0,0,1,0,0,0,428933
1769785200,25826.75,25934.25,25568.75,25741.25,0,1,,0,0,0,0,0,0,0,0,0,0,0,0,0,0,0,1225818
1769799600,25741.75,25781.25,25571,25638.75,1,,,0,0,0,0,0,0,0,1,0,0,0,0,0,0,0,538884
1769986800,25530,25646,25356.75,25366.75,0,1,,0,0,0,0,0,0,0,0,0,0,0,0,0,0,0,298262
1770001200,25366.75,25388,25180.25,25233.25,0,1,,0,0,0,0,0,1,0,0,0,0,0,0,0,1,0,223482
1770015600,25233.75,25472,25231.75,25406.5,0,1,,0,0,0,0,0,0,0,0,0,0,0,0,0,0,0,156322
1770030000,25407.75,25799.25,25400,25752.75,0,1,,0,0,0,0,0,0,0,0,0,0,0,0,0,0,0,378368
1770044400,25753.25,25949,25714,25941.75,0,1,,0,0,0,0,0,0,0,0,0,0,0,0,0,0,0,646026
1770058800,25941.75,25945.5,25821.5,25873,1,,,0,1,0,0,0,0,0,0,0,0,0,0,0,0,0,304081
1770073200,25873.25,25990.75,25866,25928.25,0,1,,0,0,0,0,0,0,0,0,0,0,0,0,0,0,0,115281
1770087600,25927.5,26008.5,25913,25992,0,1,,0,0,0,0,0,0,0,0,0,0,0,0,0,0,0,64816
1770102000,25992,26027.75,25944.5,25956,0,1,,0,0,0,0,0,0,0,0,0,0,0,0,0,0,0,89574
1770116400,25955.75,26003.5,25623,25631.25,0,1,,0,0,0,0,0,0,0,0,0,0,0,0,0,0,0,444607
1770130800,25632,25647.25,25246,25246.25,0,1,,0,0,0,0,0,0,0,0,0,0,0,0,0,0,0,1265358
1770145200,25246,25478,25218,25421.5,0,1,,0,0,0,0,0,0,0,0,0,0,0,0,0,0,0,632463
1770159600,25390.25,25473.5,25361.5,25413.5,1,,,0,0,0,0,0,0,0,0,0,0,0,0,0,0,0,117020
1770174000,25412.75,25489.75,25402.75,25470.5,0,1,,0,0,0,0,0,0,0,0,0,0,0,0,0,0,0,61275
1770188400,25470.75,25514.5,25355,25449.5,0,,1,0,0,0,0,0,0,0,0,0,0,0,0,0,0,0,133257
1770202800,25450.25,25491,25186,25199.5,0,1,,0,0,0,0,0,0,0,0,0,0,0,0,0,0,0,449954
1770217200,25196.75,25305.75,24784,24923.75,0,1,,0,0,0,0,0,0,0,0,0,0,0,0,0,0,0,1461394
1770231600,24923.75,25181.25,24863.25,25118.25,1,,,0,0,0,0,0,0,0,0,0,0,0,0,1,0,0,417929
1770246000,25067.25,25169.25,24958.5,24961.25,1,,,0,0,0,0,0,0,0,0,0,0,0,0,0,0,0,170061
1770260400,24961.75,25076.75,24915.5,25072,0,1,,0,0,0,0,0,0,0,0,0,0,0,0,0,0,0,139571
1770274800,25072.25,25124,24978,25033.75,0,1,,0,0,0,0,0,0,0,0,0,0,0,0,0,0,0,146807
1770289200,25033.25,25065.25,24651.75,24769.75,0,1,,0,0,0,0,0,0,0,0,0,0,0,0,0,0,0,610090
1770303600,24770,24887.75,24537,24700.5,0,1,,0,0,0,0,0,0,0,0,0,0,0,0,0,0,0,1068186
1770318000,24700.5,24839,24407,24425.75,0,1,,0,0,0,0,0,0,0,0,0,0,0,0,0,0,0,508818
1770332400,24410,24578.25,24240.5,24534.25,0,1,,0,0,0,0,0,0,0,0,0,0,0,0,0,0,0,252342
1770346800,24533.75,24614.25,24426.25,24547.25,0,1,,0,0,0,0,0,0,0,0,0,0,0,0,0,0,0,125917
1770361200,24548,24798.5,24490.5,24795.25,0,1,,0,0,0,0,0,0,0,0,0,0,0,0,0,0,0,169929
1770375600,24793.5,24984,24700.5,24855,0,1,,0,0,0,0,0,0,0,0,0,0,0,0,0,0,0,463530
1770390000,24854.75,25123.75,24742,25084.25,0,1,,0,0,0,0,0,0,0,0,0,0,0,0,0,0,1,860311
1770404400,25084.25,25221.5,25055.75,25107.75,0,1,,0,0,0,0,0,0,0,0,0,0,0,0,0,0,1,267840
1770591600,25150.25,25347,25148,25228.25,0,1,,0,0,0,0,0,0,0,0,0,0,0,0,0,0,1,159856
1770606000,25228.25,25242.25,25156.75,25167,1,,,0,0,0,0,0,0,1,0,0,0,0,0,0,0,0,87746
1770620400,25167.25,25214.75,24967.75,25044,0,1,,0,0,0,0,0,0,0,0,0,0,0,0,0,0,0,149303
1770634800,25045.25,25188.5,24955.5,25113.5,0,1,,0,0,0,0,0,0,0,0,0,0,0,0,0,0,0,403938
1770649200,25112.5,25416.75,25103.25,25369.75,0,1,,0,0,0,0,0,0,0,0,0,0,0,0,0,0,0,625022
1770663600,25370,25429,25334,25361.5,0,1,,0,0,0,0,0,0,0,0,0,0,0,0,0,0,0,246885
1770678000,25361.25,25396.25,25287,25306,0,1,,0,0,0,0,0,0,0,0,0,0,0,0,0,0,0,111600
1770692400,25307.75,25358,25278.5,25313.25,0,1,,0,0,0,0,0,0,0,0,0,0,0,0,0,0,0,69227
1770706800,25314,25405.75,25306.75,25355.5,0,1,,0,0,0,0,0,0,0,0,0,0,0,0,0,0,0,100592
1770721200,25355.5,25421.75,25251.25,25391.75,0,,1,0,0,0,0,0,0,0,0,0,0,0,0,0,0,0,454227
1770735600,25392,25447,25271,25312.75,0,1,,0,0,0,0,0,0,0,0,0,1,0,0,0,0,0,877958
1770750000,25312.5,25323,25197.5,25257.75,0,1,,0,0,0,0,0,1,0,0,0,0,0,0,0,0,0,314355
1770764400,25254,25330,25254,25322,0,1,,0,0,0,0,0,0,0,0,0,0,0,0,0,0,0,64796
1770778800,25321.5,25345.25,25266.75,25269.25,0,1,,0,0,0,0,0,0,0,0,0,0,0,0,0,0,0,61191
1770793200,25269.25,25290.25,25147,25207.5,0,1,,0,0,0,0,0,1,0,0,0,0,0,0,0,0,0,112998
1770807600,25207.25,25465.5,25205.5,25305,0,1,,0,0,0,0,0,0,0,0,0,0,0,1,0,0,0,469795
1770822000,25305.5,25342.75,25058,25301.5,0,1,,0,0,0,0,0,0,0,0,0,0,0,0,0,0,0,1180403
1770836400,25301.5,25360.75,25257.75,25277.75,0,1,,0,0,0,0,0,0,0,0,0,0,0,0,0,0,0,307994
1770850800,25281.75,25314.75,25205.5,25293,0,1,,0,0,0,0,0,0,0,0,0,0,0,0,0,0,0,107138
1770865200,25293.25,25344.5,25282,25320.25,0,1,,0,0,0,0,0,0,0,0,0,0,0,0,0,0,0,60886
1770879600,25320.75,25374,25313.25,25349.5,0,1,,0,0,0,0,0,0,0,0,0,0,0,0,0,0,0,76018
1770894000,25350,25420,25186.25,25206.25,0,,1,0,0,0,0,0,0,0,0,0,0,0,0,0,0,0,411784
1770908400,25208.25,25260.25,24801,24905.5,0,1,,0,0,0,0,0,0,0,0,0,0,0,0,0,0,0,1363914
1770922800,24906.5,24944,24721.5,24822,0,1,,0,0,0,0,0,0,0,0,0,0,0,0,0,0,0,442353
1770937200,24838.75,24864.5,24708.5,24802.5,0,1,,0,0,0,0,0,0,0,0,0,0,0,0,0,0,0,180753
1770951600,24803.5,24820.5,24642.75,24713.75,0,1,,0,0,0,0,0,0,0,0,0,0,0,0,0,1,0,110091
1770966000,24713.25,24808.75,24674.5,24729.25,1,,,0,0,0,0,0,0,0,0,0,0,0,0,0,0,0,137565
1770980400,24729.75,24849.75,24578.75,24699,0,,1,0,0,0,0,0,0,0,0,0,0,0,0,0,0,0,623099
1770994800,24697.75,24995.5,24691.75,24939.75,0,1,,0,0,0,0,0,0,0,0,0,0,0,0,0,0,0,1031158
1771009200,24940,24968.75,24731.5,24772.75,1,,,0,0,0,0,0,0,0,0,0,0,0,0,0,0,0,441950
1771196400,24789.25,24872.5,24754.25,24831.25,1,,,0,0,0,0,0,0,0,0,0,0,0,0,1,0,0,97791
1771210800,24831.25,24840.5,24794,24823.75,1,,,0,0,0,0,0,0,0,0,0,0,0,0,0,0,0,49370
1771225200,24823.75,24922.25,24821.5,24878.25,0,1,,0,0,0,0,0,0,0,0,0,0,1,0,0,0,0,77654
1771239600,24878.25,24881,24692.25,24768.5,0,1,,0,0,0,0,0,0,0,0,0,0,0,0,0,0,0,167659
1771254000,24768.25,24797.5,24670.5,24746,0,1,,0,0,0,0,0,0,0,0,0,0,0,0,0,0,0,255949
1771282800,24746,24842,24617.5,24662,0,,1,0,0,0,0,0,0,0,0,0,0,0,0,0,0,0,175157
1771297200,24662.5,24665,24558,24629.25,0,1,,0,0,0,0,0,0,0,0,0,0,0,0,0,0,0,128771
1771311600,24629.25,24727,24584,24606.5,0,1,,0,0,0,0,0,0,0,0,0,0,0,0,0,0,0,130247
1771326000,24605.5,24815.5,24475.75,24484.75,0,,1,0,0,0,0,0,0,0,0,0,0,0,0,0,0,0,520201
1771340400,24484.25,24872.75,24449.25,24845.25,0,,1,0,0,0,0,0,0,0,0,0,0,0,0,0,0,0,1101988
1771354800,24845.5,24889.5,24735.75,24770.25,0,1,,0,0,0,0,0,0,0,0,0,1,0,0,0,0,0,353620
1771369200,24786,24786,24702,24758,0,1,,0,0,0,0,0,1,0,0,0,0,0,0,0,0,0,99497
1771383600,24758.75,24848.25,24736.25,24824,0,1,,0,0,0,0,0,0,0,0,0,0,0,0,0,0,0,62475
1771398000,24823.5,24942,24802,24922,0,1,,0,0,0,0,0,0,0,0,0,0,0,0,0,0,0,96845
1771412400,24921.75,24962.25,24752,24940.5,0,,1,0,0,0,0,0,0,0,0,0,0,0,0,0,0,0,456267
1771426800,24941,25128.5,24937,25027.25,0,1,,0,0,0,0,0,0,0,0,0,0,0,1,0,0,0,706953
1771441200,25027.75,25036.75,24856,24937,0,1,,0,0,0,0,0,0,0,0,0,0,0,0,0,0,0,406740
1771455600,24940.25,24994.75,24916.25,24979.75,1,,,1,0,0,0,0,0,0,0,0,0,0,0,0,0,0,100850
1771470000,24979.75,25022.25,24940.5,25018.75,0,1,,0,0,0,0,0,0,0,0,0,0,0,0,0,0,0,64296
1771484400,25019.5,25054.25,24825.25,24854.5,0,,1,0,0,0,0,0,0,0,0,0,0,0,0,0,0,0,150242
1771498800,24855,24920,24762.5,24881.75,0,1,,0,0,0,0,0,0,0,0,0,0,0,0,0,0,0,430656
1771513200,24880.25,24961.75,24748,24840.75,0,,1,0,0,0,0,0,0,0,0,0,0,0,0,0,0,0,1006977
1771527600,24841.25,24872,24751.5,24836.25,1,,,0,0,1,0,0,0,0,0,0,0,0,0,0,0,0,343643
1771542000,24844,24936,24825.25,24896.75,0,1,,0,0,0,0,0,0,0,0,0,0,0,0,0,0,0,101647
1771556400,24896.5,24960,24885.25,24943.25,0,1,,0,0,0,0,0,0,0,0,0,0,0,0,0,0,0,51408
1771570800,24943,24985.25,24896.25,24902.5,0,1,,0,0,0,0,0,0,0,0,0,0,0,0,0,0,0,85235
1771585200,24902.25,24958,24677,24900,0,1,,0,0,0,0,0,1,0,0,0,0,0,0,0,0,0,476994
1771599600,24899.25,25139.75,24858.25,25098.25,0,1,,0,0,0,0,0,0,0,0,0,0,0,0,0,0,0,1237911
1771614000,25098.5,25120,25013.75,25078.5,1,,,0,0,0,0,0,0,1,0,0,0,0,0,0,0,0,241274
1771801200,25036,25059.25,24810.75,24839,0,1,,0,0,0,0,0,0,0,0,0,0,0,0,0,0,0,192532
1771815600,24838.5,24869.25,24807,24868.25,0,1,,0,0,0,0,0,0,0,0,0,0,0,0,0,0,0,75784
1771830000,24867.75,25004.25,24863.25,24970.75,0,1,,0,0,0,0,0,0,0,0,0,0,0,0,0,0,0,106496
1771844400,24970.5,25040,24857.5,24913.25,0,,1,0,0,0,0,0,0,0,0,0,0,0,0,0,0,0,403358
1771858800,24912.75,24952.75,24667.75,24727.25,0,1,,0,0,0,0,0,0,0,0,0,0,0,0,0,0,0,909680
1771873200,24727.5,24796.75,24678.5,24787,1,,,1,0,0,0,0,0,0,0,0,0,0,0,0,0,0,299480
1771887600,24787,24879.5,24769.25,24869.25,0,1,,0,0,0,0,0,0,0,0,0,0,0,0,0,0,0,110325
1771902000,24869.5,24890.25,24822.75,24838,0,1,,0,0,0,0,0,0,0,0,0,0,0,0,0,0,0,56740
1771916400,24837.5,24869,24761,24841.75,0,1,,0,0,0,0,0,0,0,0,0,0,0,0,0,0,0,110946
1771930800,24842.25,24964.25,24694,24876.75,0,,1,0,0,0,0,0,0,0,0,0,0,0,0,0,0,0,467237
1771945200,24877.25,25080.75,24819.5,25029.5,0,1,,0,0,0,0,0,0,0,0,0,0,0,0,0,0,0,784726
1771959600,25029.75,25071.75,24988.25,25017,1,,,0,1,0,0,0,0,0,0,0,0,0,0,0,0,0,256201
1771974000,25020.5,25118,24992.25,25107.25,0,1,,0,0,0,0,0,0,0,0,0,0,0,0,0,0,0,102602
1771988400,25106.75,25110,24995,25041.25,1,,,0,0,0,0,0,0,0,0,0,0,0,0,1,0,0,83936
1772002800,25042.25,25094.25,25017.5,25073.5,1,,,0,0,0,0,0,0,0,0,0,0,0,0,0,0,0,71935
1772017200,25073.75,25352,25068.25,25343.25,0,1,,0,0,0,0,0,0,0,0,0,0,0,0,0,0,0,361729
1772031600,25343,25361,25264.75,25350.5,0,1,,0,0,0,0,0,0,0,0,0,0,0,0,0,0,0,552587
1772046000,25350.75,25495,25349.5,25460.75,0,1,,0,0,0,0,0,0,0,0,0,0,0,1,0,0,1,244955
1772060400,25398.75,25418.5,25264.75,25307.5,0,1,,0,0,0,0,0,0,0,0,0,0,0,0,0,0,0,145781
1772074800,25306.25,25344.5,25281.5,25327.5,1,,,1,0,0,0,0,0,0,0,0,0,0,0,0,0,0,48022
1772089200,25327.25,25402,25326,25356.5,0,1,,0,0,0,0,0,0,0,0,0,0,0,0,0,0,0,79425
1772103600,25358,25415.5,25182.5,25193,0,,1,0,0,0,0,0,0,0,0,0,0,0,0,0,0,0,432972
1772118000,25193,25211,24862,25001.75,0,1,,0,0,0,0,0,0,0,0,0,0,0,0,0,0,0,1172277
1772132400,25002,25099,24988.25,25028.75,1,,,0,0,0,0,0,0,0,0,0,0,0,0,0,0,0,324579
1772146800,25026,25036.75,24954,25032,0,1,,0,0,0,0,0,0,0,0,0,0,0,0,0,0,0,130004
1772161200,25031.75,25060.5,24991.75,25031.75,0,1,,0,0,0,0,0,0,0,0,0,0,0,0,0,0,0,60319
1772175600,25033.75,25098.75,24966,25000.75,0,,1,0,0,0,0,0,0,0,0,0,0,0,0,0,0,0,117028
1772190000,25001,25012.5,24780,24880.5,0,1,,0,0,0,0,0,1,0,0,0,0,0,0,0,0,0,539697
1772204400,24880.5,25036.75,24866.25,24902.75,0,1,,0,0,0,0,0,0,0,0,0,0,0,0,0,0,0,927559
1772218800,24902.5,25022.75,24873.5,24952.5,1,,,0,0,0,0,0,0,0,0,0,0,0,0,0,0,0,358900
1772406000,24684.75,24901.25,24631,24821,0,1,,0,0,0,0,0,0,0,0,0,0,0,0,0,0,0,259427
1772420400,24820.5,24835.25,24534.5,24590.5,0,1,,0,0,0,0,0,0,0,0,0,0,0,0,0,0,0,153468
1772434800,24590.25,24685,24477,24657.75,0,1,,0,0,0,0,0,0,0,0,0,0,0,0,0,0,0,251202
1772449200,24657.75,24899,24594.5,24863,0,1,,0,0,0,0,0,0,0,0,0,0,0,0,0,0,0,468862
1772463600,24859.25,25076.5,24803,24971.75,0,1,,0,0,0,0,0,0,0,0,0,0,0,0,0,0,0,844148
1772478000,24972,25100,24947,24997.5,0,1,,0,0,0,0,0,0,0,0,0,0,0,1,0,0,0,383959
1772492400,25002.75,25011.25,24808.25,24861.25,0,1,,0,0,0,0,0,0,0,0,0,0,0,0,0,0,0,163277
1772506800,24861,24884.75,24737.25,24753.25,0,1,,0,0,0,0,0,0,0,0,0,0,0,0,0,0,0,146363
1772521200,24753.5,24768,24392.75,24452.5,0,1,,0,0,0,0,0,0,0,0,0,0,0,0,0,0,0,354404
1772535600,24450.75,24661,24369.5,24489.75,0,1,,0,0,0,0,0,0,0,0,0,0,0,0,0,0,0,673028
1772550000,24489.5,24835,24350.75,24800,0,,1,0,0,0,0,0,0,0,0,0,0,0,0,0,0,0,1133515
1772564400,24799.75,24850.25,24693,24711.5,0,1,,0,0,0,0,0,0,0,0,0,1,0,0,0,0,0,383428
1772578800,24711.5,24804.25,24588.75,24636.5,0,1,,0,0,0,0,0,0,0,0,0,0,0,0,0,0,0,233845
1772593200,24636.25,24644.75,24498.5,24571.5,0,1,,0,0,0,0,0,1,0,0,0,0,0,0,0,0,0,188288
1772607600,24570.25,24866,24535.75,24842.25,0,1,,0,0,0,0,0,0,0,0,0,0,0,0,0,0,0,198290
1772622000,24842.5,24970.5,24720,24921,0,1,,0,0,0,0,0,0,0,0,0,0,0,0,0,0,0,460573
1772636400,24922.5,25215,24890.25,25192.5,0,1,,0,0,0,0,0,0,0,0,0,0,0,0,0,0,0,857216
1772650800,25192.5,25217,25093.75,25137.75,0,1,,0,0,0,0,0,0,0,0,0,0,0,0,0,0,0,268754
1772665200,25154.5,25243,25044,25091,0,,1,0,0,0,0,0,0,0,0,0,0,0,0,0,0,0,189270
1772679600,25091.5,25106.5,24980.75,25091.75,0,1,,0,0,0,0,0,0,0,0,0,0,0,0,0,0,0,143045
1772694000,25092,25206.5,24973,25107,0,,1,0,0,0,0,0,0,0,0,0,0,0,0,0,0,0,262397
1772708400,25107.25,25188,24962.25,25185.75,0,1,,0,0,0,0,0,0,0,0,0,0,0,0,0,0,0,455577
1772722800,25185.25,25208.25,24774,24814.25,0,,1,0,0,0,0,0,0,0,0,0,0,0,0,0,0,0,1101720
1772737200,24814.25,25056,24792.75,25010.5,1,,,0,0,1,0,0,0,0,0,0,0,0,0,0,0,0,378832
1772751600,25015.75,25116.25,25000.75,25069.5,0,1,,0,0,0,0,0,0,0,0,0,0,0,0,0,0,0,124485
1772766000,25070,25141.5,25069.75,25106.75,0,1,,0,0,0,0,0,0,0,0,0,0,0,1,0,0,0,83669
1772780400,25106.5,25140.25,24882,24948,0,1,,0,0,0,0,0,0,0,0,0,0,0,0,0,0,0,219935
1772794800,24947.5,24963,24611.75,24691,0,1,,0,0,0,0,0,0,0,0,0,0,0,0,0,0,0,687443
1772809200,24691.5,24921,24664.25,24800.5,1,,,0,0,0,0,0,0,0,1,0,0,0,0,0,0,0,1128425
1772823600,24801,24854,24605,24660.75,0,1,,0,0,0,0,0,0,0,0,0,0,0,0,0,0,0,433955
1773007200,24500,24500,24005,24008.25,0,1,,0,0,0,0,0,0,0,0,0,0,0,0,0,0,0,355044
1773021600,24010.5,24258.5,23999,24257.75,0,1,,0,0,0,0,0,0,0,0,0,0,0,0,0,0,0,204322
1773036000,24258,24495,24210.25,24420,0,1,,0,0,0,0,0,0,0,0,0,0,0,0,0,0,0,278964
1773050400,24420.25,24526,24313.25,24371.25,0,1,,0,0,0,0,0,0,0,0,0,0,0,0,0,0,0,434412
1773064800,24371.25,24750,24323.5,24610.75,0,1,,0,0,0,0,0,0,0,0,0,0,0,0,0,0,0,879401
1773079200,24611.75,25055,24608.75,24958.25,0,1,,0,0,0,0,0,0,0,0,0,0,0,0,0,0,0,494366
1773093600,24978,24998.25,24832.5,24987.75,1,,,0,0,0,0,0,0,0,0,0,0,0,0,0,0,0,175024
1773108000,24987,24999.25,24854.25,24957,0,1,,0,0,0,0,0,0,0,0,0,0,0,0,0,0,0,110363
1773122400,24957,25146.75,24939.5,25090.75,0,1,,0,0,0,0,0,0,0,0,0,0,0,1,0,0,0,167538
1773136800,25091.25,25108,24892.5,24964.25,0,1,,0,0,0,0,0,1,0,0,0,0,0,0,0,0,0,450276
1773151200,24964.5,25217.75,24892.5,25169.25,0,1,,0,0,0,0,0,0,0,0,0,0,0,0,0,0,0,887497
1773165600,25169.5,25180.75,24940.75,25008.75,1,,,0,0,0,0,0,0,0,0,0,0,0,0,1,0,0,548527
1773180000,25015,25098,24951.5,25091,1,,,0,0,0,0,0,0,0,0,0,0,0,0,0,0,0,107323
1773194400,25091,25123.5,25025.25,25030.25,0,1,,0,0,0,0,0,0,0,0,0,0,0,0,0,0,0,65321
1773208800,25029.5,25053.5,24899.5,24902.25,0,1,,0,0,0,0,0,0,0,0,0,0,0,0,0,0,0,155494
1773223200,24902,25115.5,24895.25,25101.5,0,,1,0,0,0,0,0,0,0,0,0,0,0,0,0,0,0,391792
1773237600,25101.5,25180,24873.75,24952.25,0,,1,0,0,0,0,0,0,0,0,0,0,0,0,0,0,0,949959
1773252000,24951.5,25006.75,24890.25,24947.5,1,,,0,0,0,0,0,0,0,0,0,0,0,0,0,0,0,261942
1773266400,24940,24949.75,24732.5,24789.25,0,1,,0,0,0,0,0,0,0,0,0,0,0,0,0,0,0,187643
1773280800,24790,24795.75,24696.25,24771.25,0,1,,0,0,0,0,0,1,0,0,0,0,0,0,0,0,0,116048
1773295200,24770.75,24921.5,24746.25,24917,0,1,,0,0,0,0,0,0,0,0,0,0,0,0,0,0,0,130735
1773309600,24917,24929,24630.5,24657.5,0,,1,0,0,0,0,0,0,0,0,0,0,0,0,0,0,0,440486
1773324000,24658.75,24750,24561,24624.25,0,1,,0,0,0,0,0,0,0,0,0,0,0,0,0,0,0,1009145
1773338400,24625.5,24671.5,24517,24567.25,0,1,,0,0,0,0,0,0,0,0,0,0,0,0,0,0,0,300362
1773352800,24565,24661.25,24491.5,24630.25,0,1,,0,0,0,0,0,0,0,0,0,0,0,0,0,0,0,158809
1773367200,24629.75,24651,24553.25,24585.75,1,,,0,0,0,0,0,0,0,0,0,0,0,0,0,0,0,96506
1773381600,24585,24596,24397.5,24530.25,0,1,,0,0,0,0,1,0,0,0,0,0,0,0,0,0,0,203243
1773396000,24532,24805,24525,24727.75,0,1,,0,0,0,0,0,0,0,0,0,0,0,1,0,0,0,463556
1773410400,24728,24765.5,24353,24374.25,0,1,,0,0,0,0,0,0,0,0,0,0,0,0,0,0,0,1093754
1773424800,24374.25,24472.75,24333.75,24335.25,0,1,,0,0,0,0,0,0,0,0,0,0,0,0,0,0,0,317335
1773612000,24287.75,24526.25,24270,24516.5,0,,1,0,0,0,0,0,0,0,0,0,0,0,0,0,0,0,151983
1773626400,24515.5,24562,24474.5,24560,0,1,,0,0,0,0,0,0,0,0,0,0,0,0,0,0,0,52109
1773640800,24559.75,24585.25,24478,24491.75,0,1,,0,0,0,0,0,0,0,0,0,0,0,0,0,0,0,68915
1773655200,24491.25,24744.25,24487.5,24736.75,0,1,,0,0,0,0,0,0,0,0,0,0,0,0,0,0,0,196793
1773669600,24736,24765.75,24602.25,24681.5,0,1,,0,0,0,0,0,0,0,0,0,0,0,0,0,0,0,369173
1773684000,24682.75,24816.25,24636.5,24659.5,0,1,,0,0,0,0,0,0,0,0,0,0,0,0,0,0,0,141665
1773698400,24876,24882.5,24804.75,24835.25,0,1,,0,0,0,0,0,0,0,0,0,0,0,0,0,0,0,81978
1773712800,24835.75,24853,24752.75,24755.5,0,1,,0,0,0,0,0,0,0,0,0,0,0,0,0,0,0,59981
1773727200,24755,24850.5,24729,24844,0,1,,0,0,0,0,0,0,0,0,0,0,0,0,0,0,0,102627
1773741600,24843.25,25114.5,24793.5,25093,0,1,,0,0,0,0,0,0,0,0,0,0,0,0,0,0,0,276327
1773756000,25092.75,25098,24946,25034.25,1,,,0,0,0,0,0,0,0,0,0,0,0,0,1,0,0,622836
1773770400,25034.25,25058.25,24981.5,25027,1,,,0,0,0,0,0,0,0,0,0,0,0,0,0,0,0,190493
1773784800,25026,25099,24990,25096.5,0,1,,0,0,0,0,0,0,0,0,0,0,0,0,0,0,0,78414
1773799200,25096.25,25171.5,25094.25,25168.25,0,1,,0,0,0,0,0,0,0,0,0,0,0,0,0,0,0,60937
1773813600,25168.75,25210.75,25153.5,25169.25,0,1,,0,0,0,0,0,0,0,0,0,0,0,1,0,0,0,73820
1773828000,25169.25,25197.75,24863,24970.5,0,1,,0,0,0,0,0,0,0,0,0,0,0,0,0,0,0,426259
1773842400,24969.25,24985,24795.5,24880.75,0,1,,0,0,0,0,0,0,0,0,0,0,0,0,0,0,0,606449
1773856800,24880.75,24916.75,24564,24606.25,0,1,,0,0,0,0,0,0,0,0,0,0,0,0,0,0,0,395276
1773871200,24615,24670.5,24560.5,24639.5,0,1,,0,0,0,0,0,0,0,0,0,0,0,0,0,0,0,133769
1773885600,24639.75,24725.25,24576.25,24598,0,1,,0,0,0,0,0,0,0,0,0,0,0,0,0,0,0,123674
1773900000,24597.75,24650.25,24500.25,24628,0,1,,0,0,0,0,0,0,0,0,0,0,0,0,0,0,0,233614
1773914400,24627.75,24628.5,24324.25,24502,0,1,,0,0,0,0,0,0,0,0,0,0,0,0,0,0,0,519200
1773928800,24502.25,24577.75,24377.25,24453.5,1,,,1,0,0,0,0,0,0,0,0,0,0,0,0,0,0,871045
1773943200,24453.25,24691.5,24417.25,24617,0,1,,0,0,0,0,0,0,0,0,0,0,0,0,0,0,0,436931
1773957600,24629.25,24660.75,24582.25,24617.5,1,,,0,0,0,0,0,0,1,0,0,0,0,0,0,0,0,114317
1773972000,24618,24642,24559,24593,0,1,,0,0,0,0,0,0,0,0,0,0,0,0,0,0,0,58973
1773986400,24592,24616.5,24408,24431.5,0,1,,0,0,0,0,0,0,0,0,0,0,0,0,0,0,0,162984
1774000800,24431.75,24527.25,24279.5,24285.5,0,1,,0,0,0,0,0,0,0,0,0,0,0,0,0,1,0,467364
1774015200,24285.75,24359,24164.5,24211.75,0,1,,0,0,0,0,0,0,0,0,0,0,0,0,0,1,0,805421
1774029600,24212.25,24222.25,23970.75,24217,0,1,,0,0,0,0,0,0,0,0,0,0,0,0,0,0,0,419619
1774216800,23914,24095.75,23888,24044,0,1,,0,0,0,0,0,0,0,0,0,0,0,0,0,0,0,264842
1774231200,24044.75,24068.5,23933.75,23973.5,1,,,0,0,0,0,0,0,0,0,0,0,0,0,0,0,0,137512
1774245600,23973.5,23976.5,23772.75,23883,0,1,,0,0,0,0,1,0,0,0,0,0,0,0,0,0,0,224400
1774260000,23883.25,24763.5,23815.75,24600,0,1,,0,0,0,0,0,0,0,0,0,0,0,0,0,0,0,597587
1774274400,24600.25,24690,24305,24467.75,1,,,0,0,0,0,0,0,0,0,0,0,0,0,1,0,0,867976
1774288800,24468.25,24537,24357.75,24400.25,1,,,0,0,0,0,0,0,0,0,0,0,0,0,0,0,0,269186
1774303200,24408.25,24490,24225.5,24264,0,1,,0,0,0,0,0,0,0,0,0,0,0,0,0,0,0,173389
1774317600,24263,24307.25,24193.5,24262,0,1,,0,0,0,0,0,1,0,0,0,0,0,0,0,1,0,122031
1774332000,24262.25,24507,24259.25,24420.5,0,1,,0,0,0,0,0,0,0,0,0,0,0,1,0,0,0,198664
1774346400,24421,24434.25,24134.75,24216,0,1,,0,0,0,0,0,0,0,0,0,0,0,0,0,0,0,411331
1774360800,24215.75,24384.75,24160.25,24242.5,1,,,1,0,0,0,0,0,0,0,0,0,0,0,0,0,0,926044
1774375200,24242.25,24547.75,24189.25,24403.5,0,1,,0,0,0,0,0,0,0,0,0,0,0,0,0,0,0,391018
1774389600,24422.5,24494,24379.75,24396.5,1,,,0,0,0,0,0,0,1,0,0,0,0,0,0,0,0,141885
1774404000,24396.75,24429.5,24320.25,24381.5,0,1,,0,0,0,0,0,1,0,0,0,0,0,0,0,0,0,94335
1774418400,24381.5,24534.75,24324.5,24455,0,1,,0,0,0,0,0,0,0,0,0,0,0,0,0,0,0,165399
1774432800,24454.5,24540,24360,24368.5,0,1,,0,0,0,0,0,0,0,0,0,0,0,0,0,0,0,435792
1774447200,24368.5,24519.25,24287.25,24426,0,1,,0,0,0,0,0,0,0,0,0,0,0,0,0,0,0,884500
1774461600,24426,24453.75,24312,24368.25,1,,,0,0,0,0,0,0,0,0,0,0,0,0,0,0,0,260073
1774476000,24368.25,24410,24283.75,24360.75,0,1,,0,0,0,0,0,0,0,0,0,0,0,0,0,0,0,129654
1774490400,24360.75,24421.25,24243,24255.25,0,,1,0,0,0,0,0,0,0,0,0,0,0,0,0,0,0,155228
1774504800,24255.25,24298,24108.5,24155,0,1,,0,0,0,0,0,0,0,0,0,0,0,0,0,0,0,185362
1774519200,24155.5,24233.25,24066,24215.75,0,1,,0,0,0,0,0,0,0,0,0,0,0,0,0,0,0,420853
1774533600,24216.25,24241.25,23851.5,23861.5,0,,1,0,0,0,0,0,0,0,0,0,0,0,0,0,0,0,853774
1774548000,23861.5,24024.5,23762,23821.25,0,1,,0,0,0,0,0,0,0,0,0,0,0,0,0,0,0,412244
1774562400,23830,23909.75,23805.25,23872,1,,,1,0,0,0,0,0,0,0,0,0,0,0,0,0,0,133589
1774576800,23871.75,23975.75,23839.25,23927,0,1,,0,0,0,0,0,0,0,0,0,0,0,1,0,0,0,85686
1774591200,23926.5,23955,23709.75,23739.25,0,1,,0,0,0,0,0,0,0,0,0,0,0,0,0,0,0,148240
1774605600,23739.25,23767.5,23472,23479.25,0,1,,0,0,0,0,0,0,0,0,0,0,0,0,0,0,0,434584
1774620000,23483.5,23611,23345.75,23360.5,0,1,,0,0,0,0,0,0,0,0,0,0,0,0,0,0,0,783127
1774634400,23360.25,23396.75,23231,23255,0,1,,0,0,0,0,0,0,0,0,0,0,0,0,0,1,0,342054
1774821600,23191.5,23263,23093.75,23201.75,0,1,,0,0,0,0,0,0,0,0,0,0,0,0,0,0,0,256145
1774836000,23201.25,23364.25,23193,23345.5,0,1,,0,0,0,0,0,0,0,0,0,0,0,0,0,0,0,125535
1774850400,23345.5,23451.5,23336.75,23403.25,0,1,,0,0,0,0,0,0,0,0,0,0,0,0,0,0,0,137112
1774864800,23404,23580,23293,23302.5,0,,1,0,0,0,0,0,0,0,0,0,0,0,0,0,0,0,368263
1774879200,23302.5,23437.75,23169,23210.75,0,1,,0,0,0,0,0,0,0,0,0,0,0,0,0,0,0,806185
1774893600,23210.5,23213,23024.25,23106,0,1,,0,0,0,0,0,0,0,0,0,0,0,0,0,0,0,343075
1774908000,23112,23397.5,22960.5,23339.5,0,,1,0,0,0,0,0,0,0,0,0,0,0,0,0,0,0,270523
1774922400,23340,23405.75,23234,23309.75,0,1,,0,0,0,0,0,0,0,0,0,0,0,0,0,0,0,135200
1774936800,23310.25,23391.25,23238,23305.25,1,,,0,0,0,0,0,0,0,0,0,0,0,0,0,0,0,147901
1774951200,23305.75,23577.5,23238,23577.5,0,1,,0,0,0,0,0,0,0,0,0,0,0,0,0,0,0,430285
1774965600,23577.25,23877.25,23377.5,23761.75,0,1,,0,0,0,0,0,0,0,0,0,0,0,0,0,0,0,1141555
1774980000,23760.25,23974,23760,23904.75,0,1,,0,0,0,0,0,0,0,0,0,0,0,0,0,0,0,397086
1774994400,23895,24049,23880.25,23977.5,0,1,,0,0,0,0,0,0,0,0,0,0,0,0,0,0,0,151300
1775008800,23978.25,24074,23956,24040.5,0,1,,0,0,0,0,0,0,0,0,0,0,0,0,0,0,1,76889
1775023200,24041.5,24181.5,24003.75,24069.75,0,1,,0,0,0,0,0,0,0,0,0,0,0,0,0,0,1,188573
1775037600,24070.5,24245,24036.25,24119.5,0,1,,0,0,0,0,0,0,0,0,0,0,0,0,0,0,1,457150
1775052000,24119.75,24349,24108,24266.5,0,1,,0,0,0,0,0,0,0,0,0,0,0,0,0,0,1,701518
1775066400,24266.75,24274.5,24124.75,24188.25,1,,,0,0,0,0,0,0,1,0,0,0,0,0,0,0,0,404242
1775080800,24181.5,24245.75,23912.25,23940.25,0,1,,0,0,0,0,0,0,0,0,0,0,0,0,0,0,0,276114
1775095200,23940.75,23967,23754.5,23757.25,0,1,,0,0,0,0,0,0,0,0,0,0,0,0,0,0,0,177413
1775109600,23757.25,23882.25,23752,23830.5,0,1,,0,0,0,0,0,0,0,0,0,0,0,0,0,0,0,139757
1775124000,23830.5,23907.75,23666.5,23897.75,0,,1,0,0,0,0,0,0,0,0,0,0,0,0,0,0,0,460425
1775138400,23897.75,24267.75,23858.5,24090.25,0,1,,0,0,0,0,0,0,0,0,0,0,0,0,0,0,0,972506
1775152800,24090.75,24235.75,24090.75,24219.75,1,,,0,0,0,0,0,0,0,0,0,0,0,0,0,0,0,260420
1775167200,24213.75,24255.5,24177.5,24197.25,0,1,,0,0,0,0,0,0,0,0,0,0,0,0,0,0,0,66012
1775181600,24198,24205.5,24151,24181,0,1,,0,0,0,0,0,0,0,0,0,0,0,0,0,0,0,47709
1775196000,24181.25,24184.25,24120.25,24139,0,1,,0,0,0,0,0,0,0,0,0,0,0,0,0,0,0,36514
1775210400,24139,24240.25,24105.75,24132.25,0,,1,0,0,0,0,0,0,0,0,0,0,0,0,0,0,0,70727
1775426400,24093.25,24241.25,23981,24193.75,0,,1,0,0,0,0,0,0,0,0,0,0,0,0,0,0,0,178374
1775440800,24192.75,24326.5,24128.75,24232.75,0,1,,0,0,0,0,0,0,0,0,0,0,0,0,0,0,0,128419
1775455200,24232.25,24398.25,24207.5,24336.75,0,1,,0,0,0,0,0,0,0,0,0,0,0,0,0,0,0,121070
1775469600,24337.75,24418,24245.25,24418,0,1,,0,0,0,0,0,0,0,0,0,0,0,0,0,0,0,348999
1775484000,24417.75,24453,24202.5,24263.75,0,,1,0,0,0,0,0,0,0,0,0,0,0,0,0,0,0,748911
1775498400,24264.25,24376.25,24245.5,24349.75,1,,,0,0,0,0,0,0,0,0,0,0,0,0,0,0,0,233860
1775512800,24342,24383,24168.5,24177.5,0,,1,0,0,0,0,0,0,0,0,0,0,0,0,0,0,0,146744
1775527200,24177.5,24262.75,24152.5,24228,0,1,,0,0,0,1,0,0,0,0,0,0,0,0,0,0,0,103908
1775541600,24228,24421,24207.25,24385.75,0,1,,0,0,0,0,0,0,0,0,0,0,0,1,0,0,0,162748
1775556000,24386,24399.75,24118,24120.25,0,1,,0,0,0,0,0,0,0,0,0,0,0,0,0,0,0,529744
1775570400,24121,24299.25,23941.5,24225.5,0,1,,0,0,0,0,0,0,0,0,0,0,0,0,0,0,0,988778
1775584800,24225.75,24451.5,24076.5,24397.75,0,1,,0,0,0,0,0,0,0,0,0,0,0,0,0,0,0,526120
1775599200,24490,25116.5,24360,25094.5,0,1,,0,0,0,0,0,0,0,0,0,0,0,0,0,0,0,366431
1775613600,25094,25194.75,25086.25,25191.75,0,1,,0,0,0,0,0,0,0,0,0,0,0,0,0,0,0,101045
1775628000,25192,25245.25,25134.25,25200.5,0,1,,0,0,0,0,0,0,0,0,0,0,0,0,0,0,1,160812
1775642400,25199.5,25257.25,25065,25081,0,,1,0,0,0,0,0,0,0,0,0,0,0,0,0,0,0,459198
1775656800,25081.25,25157.5,24926.5,25094.5,0,1,,0,0,0,0,0,0,0,0,0,0,0,0,0,0,0,798767
1775671200,25094,25131.75,24943.25,25038.75,1,,,0,0,0,0,0,0,0,0,0,0,0,0,0,0,0,396820
1775685600,25038.75,25066.25,24980.75,25022.75,1,,,0,0,0,0,0,0,0,0,0,0,0,0,1,0,0,110335
1775700000,25022.5,25049.75,24994.25,25029.5,1,,,0,0,0,0,0,0,0,0,0,0,0,0,0,0,0,64329
1775714400,25029.5,25058.25,24953,25016,0,,1,0,0,0,0,0,0,0,0,0,0,0,0,0,0,0,100897
1775728800,25017.25,25112.75,24976.25,25033.25,0,1,,0,0,0,0,0,0,0,0,0,0,0,0,0,0,0,332849
1775743200,25033.25,25264.5,24960.25,25226.5,0,,1,0,0,0,0,0,0,0,0,0,0,0,0,0,0,0,836872
1775757600,25226.75,25273.25,25145,25242.25,0,1,,0,0,0,0,0,0,0,0,0,0,0,0,0,0,0,309428
1775772000,25242.25,25298.75,25193.25,25284.5,0,1,,0,0,0,0,0,0,0,0,0,0,0,0,0,0,0,93955
1775786400,25285,25304,25253.75,25262.25,0,1,,0,0,0,0,0,0,0,0,0,0,0,0,0,0,0,54389
1775800800,25261.75,25275,25203.25,25258.75,0,1,,0,0,0,0,0,1,0,0,0,0,0,0,0,0,0,103282
1775815200,25259,25372,25240.25,25319.25,0,1,,0,0,0,0,0,0,0,0,0,0,0,0,0,0,0,296859
1775829600,25319.5,25393.5,25222,25272,0,,1,0,0,0,0,0,0,0,0,0,0,0,0,0,0,0,727893
1775844000,25272,25337.25,25236.5,25333,1,,,0,0,0,0,0,0,0,0,0,0,0,0,0,0,0,245919
1776031200,25004.25,25091.75,24914.5,25082.75,0,1,,0,0,0,0,0,0,0,0,0,0,0,0,0,0,0,226986
1776045600,25083.5,25096.25,25044,25079.75,0,1,,0,0,0,0,0,0,0,0,0,0,0,0,0,0,0,80918
1776060000,25079.75,25134,25077.75,25116.5,0,1,,0,0,0,0,0,0,0,0,0,0,0,0,0,0,0,95401
1776074400,25116.5,25311.25,25073.25,25307.5,0,,1,0,0,0,0,0,0,0,0,0,0,0,0,0,0,0,396019
1776088800,25306.75,25441.25,25245,25404,0,1,,0,0,0,0,0,0,0,0,0,0,0,0,0,0,0,685283
1776103200,25404.5,25590.25,25396,25585.25,0,1,,0,0,0,0,0,0,0,0,0,0,0,0,0,0,0,254445
1776117600,25581,25618.75,25559.5,25581.5,0,1,,0,0,0,0,0,0,0,0,0,0,0,0,0,0,0,94940
1776132000,25581.5,25599,25571.25,25574,1,,,0,0,0,0,0,0,0,0,0,0,0,0,0,0,0,37519
1776146400,25574.25,25674,25564.5,25637.75,0,,1,0,0,0,0,0,0,0,0,0,0,0,0,0,0,0,95216
1776160800,25638,25763.75,25619.75,25722,0,1,,0,0,0,0,0,0,0,0,0,0,0,0,0,0,0,321824
1776175200,25721.75,25969.25,25710.5,25958.5,0,1,,0,0,0,0,0,0,0,0,0,0,0,0,0,0,0,641114
1776189600,25958.75,26005.25,25885,25990.75,0,1,,0,0,0,0,0,0,0,0,0,0,0,0,0,0,0,308828
1776204000,25986.75,26044.25,25976.25,26038.25,0,1,,0,0,0,0,0,0,0,0,0,0,0,0,0,0,1,93968
1776218400,26038.25,26058.25,25966,25978.25,0,,1,0,0,0,0,0,0,0,0,0,0,0,0,0,0,0,72312
1776232800,25978.5,26038,25967.75,25978.5,1,,,0,0,0,0,0,0,0,0,0,0,0,0,0,0,0,81385
1776247200,25978.75,26073.5,25934.5,26069,0,,1,0,0,0,0,0,0,0,0,0,0,0,0,0,0,0,326607
1776261600,26069,26252.75,26047.25,26190.25,0,1,,0,0,0,0,0,0,0,0,0,0,0,0,0,0,0,724101
1776276000,26190.25,26377.25,26172.75,26360,0,1,,0,0,0,0,0,0,0,0,0,0,0,0,0,0,0,312370
1776290400,26345.25,26466,26344,26441,0,1,,0,0,0,0,0,0,0,0,0,0,0,0,0,0,0,96308
1776304800,26441.25,26461.75,26416.5,26454.5,1,,,0,0,0,0,0,0,0,0,0,0,0,0,0,0,1,55890
1776319200,26455,26487.25,26410.75,26453,0,,1,0,0,0,0,0,0,0,0,0,0,0,0,0,0,0,80246
1776333600,26453.25,26466,26275.75,26321.25,0,1,,0,0,0,0,0,1,0,0,0,0,0,0,0,0,0,378352
1776348000,26321.25,26562.75,26288.75,26460.75,0,1,,0,0,0,0,0,0,0,0,0,0,0,0,0,0,0,927028
1776362400,26460.75,26498.75,26355,26464.75,1,,,0,0,0,0,0,0,0,0,0,0,0,0,1,0,0,340784
1776376800,26464.25,26497.75,26446.5,26489,1,,,0,0,0,0,0,0,0,0,0,0,0,0,0,0,0,73297
1776391200,26489.25,26495,26443.25,26465.25,0,1,,0,0,0,0,0,1,0,0,0,0,0,0,0,0,0,55507
1776405600,26466,26540.75,26446.75,26536.75,0,1,,0,0,0,0,0,0,0,0,0,0,0,0,0,0,0,74203
1776420000,26536.75,26812.5,26504,26731.5,0,1,,0,0,0,0,0,0,0,0,0,0,0,0,0,0,0,546708
1776434400,26731.5,26883,26699,26808.25,0,1,,0,0,0,0,0,0,0,0,0,0,0,0,0,0,0,836931
1776448800,26808.25,26844.75,26755.25,26842,1,,,0,0,0,0,0,0,0,0,0,0,0,0,0,0,1,315355
1776636000,26603.25,26715,26534.75,26705.25,0,1,,0,0,0,0,0,0,0,0,0,0,0,0,0,0,0,169045
1776650400,26705.5,26706.25,26612.25,26635.25,1,,,0,0,0,0,0,0,0,0,0,0,0,0,0,0,0,65514
1776664800,26635.25,26721.5,26618.75,26694.5,0,1,,0,0,0,0,0,0,0,0,0,0,0,0,0,0,0,111392
1776679200,26695,26826,26680.25,26781,0,1,,0,0,0,0,0,0,0,0,0,0,0,1,0,0,0,331321
1776693600,26781.5,26788.75,26569,26707.5,0,1,,0,0,0,0,0,1,0,0,0,0,0,0,0,0,0,787519
1776708000,26707.5,26810,26695.5,26774.25,0,1,,0,0,0,0,0,0,0,0,0,0,0,0,0,0,0,240728
1776722400,26776.5,26838.75,26751.5,26812.5,0,1,,0,0,0,0,0,0,0,0,0,0,0,0,0,0,0,80195
1776736800,26812.75,26843.5,26791.5,26826.25,0,1,,0,0,0,0,0,0,0,0,0,0,0,0,0,0,0,46053
1776751200,26825.75,26857.25,26797,26841,0,1,,0,0,0,0,0,0,0,0,0,0,0,0,0,0,1,80859
1776765600,26841.25,26902,26726.25,26839,0,,1,0,0,0,0,0,0,0,0,0,0,0,0,0,0,0,357628
1776780000,26838.5,26885,26600,26699.5,0,1,,0,0,0,0,0,0,0,0,0,0,0,0,0,0,0,1092570
1776794400,26699,26794.5,26551.75,26722,0,1,,0,0,0,0,0,0,0,0,0,0,0,0,0,0,0,452057
1776808800,26735,26831.75,26728,26821.25,0,1,,0,0,0,0,0,0,0,0,0,0,0,0,0,0,0,80439
1776823200,26822,26856.75,26768.5,26832.75,0,1,,0,0,0,0,0,0,0,0,0,0,0,0,0,0,0,73592
1776837600,26831.75,26864.5,26779.75,26825.5,0,1,,0,0,0,0,0,0,0,0,0,0,0,0,0,0,0,95507
1776852000,26826,26900.5,26805,26865,0,1,,0,0,0,0,0,0,0,0,0,0,0,0,0,0,0,344880
1776866400,26864.5,27050,26852.25,27029.75,0,1,,0,0,0,0,0,0,0,0,0,0,0,0,0,0,0,733873
1776880800,27029.5,27138,26977.75,27105.75,0,1,,0,0,0,0,0,0,0,0,0,0,0,1,0,0,0,281881
1776895200,27080.75,27100,26848,27000.25,0,1,,0,0,0,0,0,0,0,0,0,0,0,0,0,0,0,173208
1776909600,27001,27001,26865.25,26978.25,1,,,0,0,0,0,0,0,0,0,0,0,0,0,0,0,0,133875
1776924000,26978,27014,26890.5,26942,0,1,,0,0,0,0,0,0,0,0,0,0,0,0,0,0,0,112544
1776938400,26941.75,27102.5,26916.25,27017.25,0,1,,0,0,0,0,0,0,0,0,0,0,0,0,0,0,0,391837
1776952800,27017,27156,26680,26879.25,0,,1,0,0,0,0,0,0,0,0,0,0,0,0,0,0,0,1098090
1776967200,26879.25,26989,26841.75,26942.25,1,,,0,0,1,0,0,0,0,0,0,0,0,0,0,0,0,392220
1776981600,26990.75,27137.5,26990.75,27118.75,0,1,,0,0,0,0,0,0,0,0,0,0,0,0,0,0,0,107080
1776996000,27118.25,27120.5,27015.25,27086,1,,,0,1,0,0,0,0,0,0,0,0,0,0,0,0,0,94575
1777010400,27086.25,27154,27063.75,27109.75,0,1,,0,0,0,0,0,0,0,0,0,0,0,0,0,0,0,94823
1777024800,27109.25,27366,27108.25,27194.25,0,1,,0,0,0,0,0,0,0,0,0,0,0,0,0,0,0,487626
1777039200,27194,27462.75,27155.75,27432.75,0,1,,0,0,0,0,0,0,0,0,0,0,0,0,0,0,0,831129
1777053600,27432.5,27454.25,27383.75,27440.75,1,,,0,0,0,0,0,0,0,0,0,0,0,0,0,0,1,259453
1777240800,27404,27539.25,27343.75,27537.75,0,,1,0,0,0,0,0,0,0,0,0,0,0,0,0,0,0,160417
1777255200,27537.5,27542,27443.5,27449,0,1,,0,0,0,0,0,0,0,0,0,0,0,0,0,0,0,86893
1777269600,27448.75,27466.75,27387.75,27455.25,0,1,,0,0,0,0,0,0,0,0,0,0,0,0,0,0,0,85797
1777284000,27455.75,27500.75,27298,27401.75,0,,1,0,0,0,0,0,0,0,0,0,0,0,0,0,0,0,395511
1777298400,27402.25,27440,27307.25,27428.75,1,,,0,0,0,0,0,0,0,0,0,0,0,0,0,0,0,666448
1777312800,27428.75,27452.25,27389.75,27418.25,0,1,,0,0,0,0,0,0,0,0,0,0,0,0,0,0,0,211273
1777327200,27425.75,27512.5,27417.5,27421.75,0,1,,0,0,0,0,0,0,0,0,0,0,0,0,0,0,0,112728
1777341600,27422.75,27439.5,27350.25,27363.25,0,1,,0,0,0,0,0,0,0,0,0,0,0,0,0,0,0,92221
1777356000,27363.25,27378.25,27255.75,27284.25,0,1,,0,0,0,0,0,0,0,0,0,0,0,0,0,0,0,119697
1777370400,27285,27301,27036,27202.25,0,1,,0,0,0,0,0,0,0,0,0,0,0,0,0,0,0,569346
1777384800,27203.25,27234.5,27006.25,27141.5,0,1,,0,0,0,0,0,0,0,0,0,0,0,0,0,1,0,880216
1777399200,27141.5,27224.75,27120.75,27191,1,,,1,0,0,0,0,0,0,0,0,0,0,0,0,0,0,267933
1777413600,27196,27294,27191.5,27247,0,1,,0,0,0,0,0,0,0,0,0,0,0,0,0,0,0,112957
1777428000,27247.25,27312.5,27243.25,27297.25,0,1,,0,0,0,0,0,0,0,0,0,0,0,0,0,0,0,68158
1777442400,27297.25,27318.25,27198.25,27228.25,0,,1,0,0,0,0,0,0,0,0,0,0,0,0,0,0,0,114903
1777456800,27227.75,27288.25,27124.25,27220.75,0,1,,0,0,0,0,0,1,0,0,0,0,0,0,0,0,0,327619
1777471200,27220,27315.75,27153,27248,0,1,,0,0,0,0,0,0,0,0,0,0,0,0,0,0,0,680729
1777485600,27251.25,27411,27089,27150.5,0,,1,0,0,0,0,0,0,0,0,0,0,0,0,0,0,0,453666
1777500000,27202.75,27623,27202.75,27581.25,0,1,,0,0,0,0,0,0,0,0,0,0,0,0,0,0,0,221434
1777514400,27580.25,27588,27221.75,27224,1,,,0,0,0,0,0,0,0,0,0,0,0,0,0,0,0,221597
1777528800,27224,27442.75,27185.5,27368,0,1,,0,0,0,0,0,0,0,0,0,0,0,0,0,0,0,182104
1777543200,27368.25,27548.5,27204.5,27247.25,0,1,,0,0,0,0,0,0,0,0,0,0,0,0,0,0,0,503982
1777557600,27247.25,27548.25,27163,27543,0,1,,0,0,0,0,0,0,0,0,0,0,0,0,0,0,0,869859
1777572000,27543.25,27624.5,27541.75,27597.25,0,1,,0,0,0,0,0,0,0,0,0,0,0,0,0,0,0,309755
1777586400,27630,27659.75,27554.75,27649.75,0,1,,0,0,0,0,0,0,0,0,0,0,0,0,0,0,0,122401
1777600800,27649.5,27673.75,27612,27617,0,1,,0,0,0,0,0,0,0,0,0,0,0,0,0,0,0,60839
1777615200,27617.75,27629.25,27545.25,27570.75,0,1,,0,0,0,0,0,0,0,0,0,0,0,0,0,0,0,81639
1777629600,27570.25,27887.5,27535,27871.25,0,,1,0,0,0,0,0,0,0,0,0,0,0,0,0,0,0,387724
1777644000,27883,27917.5,27751.5,27883.5,0,1,,0,0,0,0,0,0,0,0,0,0,0,0,0,0,0,768469
1777658400,27883.5,27900.75,27755.5,27782.75,1,,,0,1,0,0,0,0,0,0,0,0,0,0,0,0,0,297863
1777845600,27888,27926.25,27800.75,27919.25,0,1,,0,0,0,0,0,0,0,0,0,0,0,0,0,0,0,167613
1777860000,27919,27966.5,27881.5,27935,0,1,,0,0,0,0,0,0,0,0,0,0,0,1,0,0,0,94307
1777874400,27935,27956.25,27864.25,27890.75,0,1,,0,0,0,0,0,0,0,0,0,0,0,0,0,0,0,111206
1777888800,27890.75,27897.75,27651,27896.5,0,1,,0,0,0,0,0,0,0,0,0,0,0,0,0,0,0,425724
1777903200,27895.75,27941,27614.25,27792.25,0,,1,0,0,0,0,0,0,0,0,0,0,0,0,0,0,0,949556
1777917600,27792.25,27818.25,27718.5,27743.5,1,,,0,0,1,0,0,0,0,0,0,0,0,0,0,0,0,270074
1777932000,27754,27833,27727.5,27815,0,1,,0,0,0,0,0,0,0,0,0,0,0,0,0,0,0,94665
1777946400,27815.5,27859.25,27801.5,27853,0,1,,0,0,0,0,0,0,0,0,0,0,0,0,0,0,0,59755
1777960800,27853.25,27956.25,27818.5,27935.5,0,1,,0,0,0,0,0,0,0,0,0,0,0,0,0,0,0,104167
1777975200,27936.5,28112,27899.75,28080.5,0,1,,0,0,0,0,0,0,0,0,0,0,0,0,0,0,1,304918
1777989600,28087,28167.75,28032.25,28159,0,1,,0,0,0,0,0,0,0,0,0,0,0,0,0,0,1,623449
1778004000,28159.25,28247,28104.75,28208,0,1,,0,0,0,0,0,0,0,0,0,0,0,0,0,0,1,271649
1778018400,28246.5,28464,28245.25,28292,0,1,,0,0,0,0,0,0,0,0,0,0,0,0,0,0,1,194915
1778032800,28291.75,28359.5,28262.5,28355,1,,,0,1,0,0,0,0,0,0,0,0,0,0,0,0,1,78192
1778047200,28354.25,28519,28300,28507,0,1,,0,0,0,0,0,0,0,0,0,0,0,0,0,0,1,173106
1778061600,28507,28634.75,28336.5,28468.75,0,1,,0,0,0,0,0,0,0,0,0,0,0,0,0,0,0,533309
1778076000,28468.75,28610.5,28384.75,28600,1,,,0,0,0,0,0,0,0,0,0,0,0,0,0,0,0,682696
1778090400,28600,28800,28592.25,28713,0,1,,0,0,0,0,0,0,0,0,0,0,0,0,0,0,0,309327
1778104800,28663.75,28717.25,28637.5,28697.75,1,,,0,1,0,0,0,0,0,0,0,0,0,0,0,0,0,124557
1778119200,28697.75,28728.5,28652.25,28720.25,0,1,,0,0,0,0,0,0,0,0,0,0,0,0,0,0,1,73280
1778133600,28720,28814.75,28694.5,28729.75,0,1,,0,0,0,0,0,0,0,0,0,0,0,0,0,0,1,133524
1778148000,28730.25,28802.75,28692.75,28781.5,0,1,,0,0,0,0,0,0,0,0,0,0,0,0,0,0,0,349607
1778162400,28781.5,28945,28553.5,28696,0,,1,0,0,0,0,0,0,0,0,0,0,0,0,0,0,0,1182631
1778176800,28696.25,28767,28582.25,28643,1,,,0,0,0,0,0,0,0,0,0,0,0,0,0,0,0,464665
1778191200,28588,28782.5,28542,28760.5,0,,1,0,0,0,0,0,0,0,0,0,0,0,0,0,0,0,116103
1778205600,28761,28829.5,28709.5,28805,0,1,,0,0,0,0,0,0,0,0,0,0,0,0,0,0,0,76868
1778220000,28804.25,28897.25,28783.75,28852,0,1,,0,0,0,0,0,0,0,0,0,0,0,0,0,0,0,94707
1778234400,28852.25,29110.75,28840.25,29110.75,0,1,,0,0,0,0,0,0,0,0,0,0,0,0,0,0,0,384983
1778248800,29105.5,29320.75,29073,29263.75,0,1,,0,0,0,0,0,0,0,0,0,0,0,0,0,0,1,752111
1778263200,29264,29383.25,29237,29335.5,0,1,,0,0,0,0,0,0,0,0,0,0,0,0,0,0,1,311490
1778450400,29294.5,29402.5,29222.25,29340,0,,1,0,0,0,0,0,0,0,0,0,0,0,0,0,0,0,228443
1778464800,29339.25,29361.25,29292.5,29321.5,1,,,0,0,0,0,0,0,0,0,0,0,0,0,0,0,0,90457
1778479200,29321.25,29366.25,29263.75,29316.25,0,,1,0,0,0,0,0,0,0,0,0,0,0,0,0,0,0,107657
1778493600,29315,29437.25,29259,29310.75,0,,1,0,0,0,0,0,0,0,0,0,0,0,0,0,0,0,421066
1778508000,29311.25,29480.5,29247,29442,0,,1,0,0,0,0,0,0,0,0,0,0,0,0,0,0,0,788091
1778522400,29442,29475.25,29320.75,29398.75,1,,,0,0,0,0,0,0,0,0,1,0,0,0,0,0,0,316612
1778536800,29399.75,29456.5,29226.75,29269.75,0,1,,0,0,0,0,0,0,0,0,0,0,0,0,0,0,0,150372
1778551200,29270.25,29364.75,29259.25,29281.75,1,,,0,0,0,0,0,0,0,1,0,0,0,0,0,0,0,100800
1778565600,29281.75,29291.75,29173.75,29220,0,1,,0,0,0,0,0,0,0,0,0,0,0,0,0,0,0,122299
1778580000,29221.75,29295.75,29113.25,29129.5,0,,1,0,0,0,0,0,0,0,0,0,0,0,0,0,0,0,493308
1778594400,29129.5,29227.25,28741.25,28920,0,1,,0,0,0,0,0,0,0,0,0,0,0,0,0,0,0,1100704
1778608800,28920.25,29188,28911,29133.5,1,,,1,0,0,0,0,0,0,0,0,0,0,0,0,0,0,380217
1778623200,29148,29261,29056.25,29215,0,1,,0,0,0,0,0,0,0,0,0,0,0,0,0,0,0,163318
1778637600,29215.25,29310.25,29201.5,29296.25,0,1,,0,0,0,0,0,0,0,0,0,0,0,0,0,0,0,89313
1778652000,29296.5,29448.25,29288.75,29420.25,0,1,,0,0,0,0,0,0,0,0,0,0,0,1,0,0,1,126445
1778666400,29420.25,29423.25,29075.25,29169.5,0,1,,0,0,0,0,0,1,0,0,0,0,0,0,0,0,0,539810
1778680800,29169.5,29496.25,29114,29444,0,1,,0,0,0,0,0,0,0,0,0,0,0,0,0,0,0,793823
1778695200,29444.5,29565.25,29441.75,29537,0,1,,0,0,0,0,0,0,0,0,0,0,0,0,0,0,0,346102
1778709600,29537,29693.5,29528,29608.75,0,1,,0,0,0,0,0,0,0,0,0,0,0,1,0,0,0,168721
1778724000,29608.75,29635.25,29514.25,29603.75,0,1,,0,0,0,0,0,0,0,0,0,0,0,0,0,0,0,135306
1778738400,29603.5,29640.25,29481,29533.75,0,,1,0,0,0,0,0,0,0,0,0,0,0,0,0,0,0,128122
1778752800,29533.5,29684.75,29448.25,29541.75,0,,1,0,0,0,0,0,0,0,0,0,0,0,0,0,0,0,473778
1778767200,29542,29783.75,29533.25,29731.5,0,1,,0,0,0,0,0,0,0,0,0,0,0,0,0,0,0,959514
1778781600,29731.25,29739,29636.75,29689,1,,,0,0,0,0,0,0,1,0,0,0,0,0,0,0,0,363095
1778796000,29695.25,29733.5,29513.25,29518.25,0,1,,0,0,0,0,0,0,0,0,0,0,0,0,0,0,0,175455
1778810400,29519,29598.5,29280,29281,0,1,,0,0,0,0,0,0,0,0,0,0,0,0,0,0,0,210639
1778824800,29281,29469.5,29177.25,29223.5,0,1,,0,0,0,0,0,0,0,0,0,0,0,0,0,1,0,314082
1778839200,29224.75,29369.25,29089.5,29143,0,1,,0,0,0,0,0,1,0,0,0,0,0,0,0,1,0,643542
1778853600,29143,29451,29131.25,29448.5,0,1,,0,0,0,0,0,0,0,0,0,0,0,0,0,0,0,1032708
1778868000,29448.5,29487,29110.75,29172.75,0,,1,0,0,0,0,0,0,0,0,0,0,0,0,0,0,0,457765
1779055200,29135.25,29283.75,28924,29023,0,1,,0,0,0,0,0,0,0,0,0,0,0,0,0,0,0,339800
1779069600,29022.75,29117.25,28988.75,29043.75,1,,,1,0,0,0,0,0,0,0,0,0,0,0,0,0,0,152278
1779084000,29043,29249,28990,29189.5,0,1,,0,0,0,0,0,0,0,0,0,0,0,0,0,0,0,183323
1779098400,29190.5,29419.75,29050,29244,0,1,,0,0,0,0,0,0,0,0,0,0,0,1,0,0,0,539496
1779112800,29242,29298.75,28843,29013.25,0,1,,0,0,0,0,0,0,0,0,0,0,0,0,0,0,0,1100343
1779127200,29014,29113.5,28814.25,29075.25,0,1,,0,0,0,0,0,0,0,0,0,0,0,0,0,0,0,466430
1779141600,29100,29190,28989,29012.75,0,1,,0,0,0,0,0,0,0,0,0,0,0,0,0,0,0,190066
1779156000,29013.5,29039,28885,28936.25,0,1,,0,0,0,0,0,0,0,0,0,0,0,0,0,0,0,156673
1779170400,28936,29125.25,28837.75,28915.5,0,,1,0,0,0,0,0,0,0,0,0,0,0,0,0,0,0,169867
1779184800,28914.5,29068,28802.25,28937.5,0,1,,0,0,0,0,0,0,0,0,0,0,0,0,0,0,0,534943
1779199200,28938.75,29126.25,28663,29068.75,0,,1,0,0,0,0,0,0,0,0,0,0,0,0,0,0,0,1206536
1779213600,29069.5,29101.75,28866.5,28899,1,,,0,0,0,0,0,0,0,0,0,0,0,0,0,0,0,440869
1779228000,28930,29024.5,28796,28981.25,0,1,,0,0,0,0,0,0,0,0,0,0,0,0,0,0,0,264310
1779242400,28981.25,29017,28838.75,28955,1,,,0,0,0,0,0,0,0,0,0,0,0,0,0,0,0,178342
1779256800,28955.25,29149.75,28950.5,29123.75,0,1,,0,0,0,0,0,0,0,0,0,0,0,0,0,0,0,168785
1779271200,29124.75,29195.25,29022.75,29099.75,0,1,,0,0,0,0,0,0,0,0,0,0,0,0,0,0,0,485909
1779285600,29100.5,29395.5,29008,29301.25,0,,1,0,0,0,0,0,0,0,0,0,0,0,0,0,0,0,1023803
1779300000,29302,29397,29247.5,29278.25,0,1,,0,0,0,0,0,0,0,0,0,0,0,0,0,0,0,322209
1779314400,29260,29321.25,29113,29313,0,1,,0,0,0,0,0,0,0,0,0,0,0,0,0,0,0,200958
1779328800,29313,29440,29298,29366.75,0,1,,0,0,0,0,0,0,0,0,0,0,0,0,0,0,0,141156
1779343200,29366.5,29463.25,29205,29381,0,,1,0,0,0,0,0,0,0,0,0,0,0,0,0,0,0,210518
1779357600,29381,29393.25,29172.25,29287.75,0,1,,0,0,0,0,0,0,0,0,0,0,0,0,0,0,0,532227
1779372000,29287.25,29553.75,29127.25,29496.75,0,,1,0,0,0,0,0,0,0,0,0,0,0,0,0,0,0,1071137
1779386400,29497,29521.75,29296.5,29455,1,,,0,0,0,0,0,0,0,0,0,0,0,0,0,0,0,388310
1779400800,29450,29603,29443.5,29529.75,0,1,,0,0,0,0,0,0,0,0,0,0,0,0,0,0,0,159042
1779415200,29529,29606.75,29504,29546.25,0,1,,0,0,0,0,0,0,0,0,0,0,0,0,0,0,0,97403
1779429600,29546.5,29665.5,29477,29526.25,0,,1,0,0,0,0,0,0,0,0,0,0,0,0,0,0,0,174998
1779444000,29526.5,29718.25,29437.5,29642.25,0,,1,0,0,0,0,0,0,0,0,0,0,0,0,0,0,0,464173
1779458400,29641,29747.75,29490.25,29679,0,1,,0,0,0,0,0,0,0,0,0,0,0,0,0,0,0,779142
1779472800,29679.5,29689.75,29502,29520,1,,,0,1,0,0,0,0,0,0,0,0,0,0,0,0,0,333471
1779660000,29675.75,29948.75,29672,29924.25,0,1,,0,0,0,0,0,0,0,0,0,0,0,0,0,0,0,156248
1779674400,29925,29995,29902.75,29969.5,0,1,,0,0,0,0,0,0,0,0,0,0,0,1,0,0,0,83788
1779688800,29968,29987.25,29888.75,29956.25,0,1,,0,0,0,0,0,1,0,0,0,0,0,0,0,0,0,89164
1779703200,29955.75,29994.75,29936,29993,0,1,,0,0,0,0,0,0,0,0,0,0,0,1,0,0,0,86053
1779717600,29993.25,29994.25,29908.75,29963,0,1,,0,0,0,0,0,0,0,0,0,0,0,0,0,0,0,162139
1779746400,29961.75,29990,29770.5,29811.75,0,1,,0,0,0,0,0,0,0,0,0,0,0,0,0,0,0,211325
1779760800,29812.25,29831,29783.25,29806,1,,,0,0,0,0,0,0,0,0,0,0,0,0,0,0,0,80354
1779775200,29805.5,29851,29743,29846.75,0,,1,0,0,0,0,0,0,0,0,0,0,0,0,0,0,0,127011
1779789600,29847.75,30006.25,29818,30006.25,0,1,,0,0,0,0,0,0,0,0,0,0,0,0,0,0,0,438786
1779804000,30006,30119,29885.5,29996.5,0,1,,0,0,0,0,0,0,0,0,0,0,0,0,0,0,0,931800
1779818400,29996.75,30112,29982.25,30043.5,1,,,0,0,0,0,0,0,0,0,0,0,0,0,0,0,0,299619
1779832800,30053.75,30159,30027,30122.75,0,1,,0,0,0,0,0,0,0,0,0,0,0,0,0,0,0,139451
1779847200,30122.5,30162.5,30067,30103.25,0,1,,0,0,0,0,0,0,0,0,0,0,0,0,0,0,0,94105
1779861600,30103.5,30218,30055.5,30213,0,,1,0,0,0,0,0,0,0,0,0,0,0,0,0,0,0,114678
1779876000,30213.5,30380,29937.5,30060.25,0,,1,0,0,0,0,0,0,0,0,0,0,0,0,0,0,0,657047
1779890400,30060.75,30099.25,29876,29973.25,0,1,,0,0,0,0,0,1,0,0,0,0,0,0,0,0,0,1090293
1779904800,29973,30130,29962.75,30125,0,1,,0,0,0,0,0,0,0,0,0,0,0,0,0,0,0,300422
1779919200,30114,30137.5,29962.5,30071.25,0,,1,0,0,0,0,0,0,0,0,0,0,0,0,0,0,0,174578
1779933600,30071.75,30080,29763.25,29904.5,0,1,,0,0,0,0,0,0,0,0,0,0,0,0,0,0,0,229451
1779948000,29905,29998.75,29880.25,29975.75,1,,,0,0,0,0,0,0,0,0,0,0,0,0,0,0,0,126483
1779962400,29975,30112.5,29862.5,29992.75,0,,1,0,0,0,0,0,0,0,0,0,0,0,0,0,0,0,495915
1779976800,29992.75,30342,29963,30319.75,0,1,,0,0,0,0,0,0,0,0,0,0,0,0,0,0,0,843697
1779991200,30319.5,30339,30274.5,30313.5,1,,,0,0,0,0,0,0,0,0,0,0,0,0,0,0,0,280197
1780005600,30323,30364.75,30216.25,30248,0,,1,0,0,0,0,0,0,0,0,0,0,0,0,0,0,0,139318
1780020000,30247.75,30318.5,30227,30300,1,,,0,0,1,0,0,0,0,0,0,0,0,0,0,0,0,89056
1780034400,30300.75,30369.5,30266.5,30331.75,0,1,,0,0,0,0,0,0,0,0,0,0,0,0,0,0,0,140130
1780048800,30332.5,30520.5,30294.25,30518.5,0,1,,0,0,0,0,0,0,0,0,0,0,0,0,0,0,0,434544
1780063200,30518.25,30535.75,30269.75,30302.5,0,,1,0,0,0,0,0,0,0,0,0,0,0,0,0,0,0,1141461
1780077600,30301.75,30445.5,30291,30386.75,1,,,0,0,1,0,0,0,0,0,0,0,0,0,0,0,0,365528
1780264800,30416.5,30560,30360.5,30548.25,0,1,,0,0,0,0,0,0,0,0,0,0,0,0,0,0,0,175259
1780279200,30548.75,30595,30536.25,30579.5,0,1,,0,0,0,0,0,0,0,0,0,0,0,1,0,0,0,107054
1780293600,30579.5,30592,30444,30462.25,0,1,,0,0,0,0,0,0,0,0,0,0,0,0,0,0,0,129975
1780308000,30462.25,30505,30291,30316,0,1,,0,0,0,0,0,1,0,0,0,0,0,0,0,0,0,523450
1780322400,30313.75,30692,30295,30670.5,0,1,,0,0,0,0,0,0,0,0,0,0,0,0,0,0,0,942237
1780336800,30670,30675,30505,30523.75,1,,,0,0,0,0,0,0,1,0,0,0,0,0,0,0,0,295733
1780351200,30542.75,30550,30332.75,30333.5,0,1,,0,0,0,0,0,0,0,0,0,0,0,0,0,0,0,193608
1780365600,30333.5,30493.5,30317.75,30476.5,0,1,,0,0,0,0,0,0,0,0,0,0,0,0,0,0,0,135561
1780380000,30476.5,30587.75,30466.5,30565.5,0,1,,0,0,0,0,0,0,0,0,0,0,0,0,0,0,0,122867
1780394400,30565.25,30604,30423.75,30604,0,,1,0,0,0,0,0,0,0,0,0,0,0,0,0,0,0,441845
1780408800,30602.75,30712.5,30526.75,30627.75,0,1,,0,0,0,0,0,0,0,0,0,0,0,0,0,0,0,831097
1780423200,30628.25,30763.5,30597.75,30743,0,1,,0,0,0,0,0,0,0,0,0,0,0,1,0,0,0,299508
1780437600,30743,30757.25,30566.25,30683,0,1,,0,0,0,0,0,0,0,0,0,0,0,0,0,0,0,227959
1780452000,30683.25,30730.75,30664.25,30689.25,1,,,1,0,0,0,0,0,0,0,0,0,0,0,0,0,0,87072
1780466400,30689.5,30772.25,30672.5,30734,0,1,,0,0,0,0,0,0,0,0,0,0,0,0,0,0,0,132125
1780480800,30734.5,30807.75,30495.5,30558.5,0,,1,0,0,0,0,0,0,0,0,0,0,0,0,0,0,0,603472
1780495200,30562.25,30739.5,30505.5,30642.75,1,,,0,0,0,0,0,0,0,0,0,0,0,0,0,0,0,1127163
1780509600,30643.25,30694.75,30477.75,30494.25,0,1,,0,0,0,0,0,0,0,0,0,0,0,0,0,0,0,442964
1780524000,30460.5,30531,30367.75,30453.75,0,1,,0,0,0,0,0,0,0,0,0,0,0,0,0,0,0,276361
1780538400,30453.5,30508.5,30352.5,30483.75,0,1,,0,0,0,0,0,0,0,0,0,0,0,0,0,0,0,162019
1780552800,30484.5,30546,30245.5,30336.5,0,,1,0,0,0,0,0,0,0,0,0,0,0,0,0,0,0,232851
1780567200,30336.25,30364.5,30163,30248,0,1,,0,0,0,0,0,0,0,0,0,0,0,0,0,0,0,724427
1780581600,30248,30563.75,30152.25,30559.5,0,,1,0,0,0,0,0,0,0,0,0,0,0,0,0,0,0,967075
1780596000,30559.25,30603.25,30397,30400.25,0,1,,0,0,0,0,0,0,0,0,0,1,0,0,0,0,0,406432
1780610400,30410,30423,30052.25,30195.5,0,1,,0,0,0,0,0,0,0,0,0,0,0,0,0,0,0,312653
1780624800,30195.5,30249,30144.25,30170,1,,,0,0,0,0,0,0,0,0,0,0,0,0,0,0,0,184416
1780639200,30170,30260,30062,30198.5,0,,1,0,0,0,0,0,0,0,0,0,0,0,0,0,0,0,180854
1780653600,30199,30236.5,29770.5,29773.75,0,1,,0,0,0,0,0,0,0,0,0,0,0,0,0,0,0,609700
1780668000,29773.75,29942,29361,29471,0,1,,0,0,0,0,0,0,0,0,0,0,0,0,0,0,0,1601974
1780682400,29471,29477,28778.5,28828.25,0,1,,0,0,0,0,0,0,0,0,0,0,0,0,0,0,0,958563
1780869600,28843.5,29288.25,28821,29158.25,1,,,0,0,0,0,0,0,0,0,0,0,0,0,1,0,0,420640
1780884000,29159.5,29244.5,28972.5,29016.5,1,,,0,0,0,0,0,0,0,0,0,0,0,0,0,0,0,203363
1780898400,29016.5,29280.5,29000.5,29239.25,0,1,,0,0,0,0,0,0,0,0,0,0,0,0,0,0,0,221281
1780912800,29239.75,29604.25,29174.75,29350,0,1,,0,0,0,0,0,0,0,0,0,0,0,0,0,0,0,641429
1780927200,29350,29743,29331.25,29558.25,0,1,,0,0,0,0,0,0,0,0,0,0,0,0,0,0,0,1176391
1780941600,29558.75,29618,29377,29436.75,1,,,0,0,0,0,0,0,0,0,0,0,0,0,0,0,0,417634
1780956000,29436.75,29547.25,29302.5,29491.75,0,1,,0,0,0,0,1,0,0,0,0,0,0,0,0,0,0,322925
1780970400,29492.25,29651.5,29458.5,29633.25,0,1,,0,0,0,0,0,0,0,0,0,0,0,0,0,0,0,172177
1780984800,29634,29696.75,29566,29679.25,0,1,,0,0,0,0,0,0,0,0,0,0,0,0,0,0,0,182837
1780999200,29680,29847,29615.25,29672,0,1,,0,0,0,0,0,0,0,0,0,0,0,0,0,0,0,575498
1781013600,29672,29713.75,28227.25,28832.5,0,1,,0,0,0,0,0,0,0,0,0,0,0,0,0,0,0,2300943
1781028000,28832.75,29195.75,28784.75,29139.75,1,,,0,0,0,0,0,0,0,0,0,0,0,0,1,0,0,768525
1781042400,29102,29169,28965,29034.5,1,,,0,0,0,0,0,0,0,0,0,0,0,0,0,0,0,338995
1781056800,29033.5,29046,28853,28943.5,0,1,,0,0,0,0,0,0,0,0,0,0,0,0,0,0,0,204070
1781071200,28945,29013.5,28684,28777.75,0,1,,0,0,0,0,0,0,0,0,0,0,0,0,0,0,0,225975
1781085600,28779.25,29162.25,28610.25,29021.25,0,,1,0,0,0,0,0,0,0,0,0,0,0,0,0,0,0,790621
1781100000,29023.25,29251,28616.25,28779.25,0,1,,0,0,0,0,0,0,0,0,0,1,0,0,0,0,0,1539225
1781114400,28779.25,28833,28410,28471.5,0,1,,0,0,0,0,0,0,0,0,0,0,0,0,0,0,0,583755
1781128800,28458,28763.5,28264.25,28643.25,0,1,,0,0,0,0,0,0,0,0,0,0,0,0,0,0,0,438687
1781143200,28644,28807.75,28533,28747,0,1,,0,0,0,0,0,0,0,0,0,0,0,0,0,0,0,236512
1781157600,28746.5,28935,28688.25,28877.5,0,1,,0,0,0,0,0,0,0,0,0,0,0,0,0,0,0,186938
1781172000,28877.5,29014.75,28638.25,28900.75,0,,1,0,0,0,0,0,0,0,0,0,0,0,0,0,0,0,699341
1781186400,28900.5,29302,28577.5,29214.75,0,,1,0,0,0,0,0,0,0,0,0,0,0,0,0,0,0,1542091
1781200800,29214.75,29542.25,29068.75,29432.25,0,1,,0,0,0,0,0,0,0,0,0,0,0,0,0,0,0,567350
1781215200,29450,29647.5,29445,29552.25,0,1,,0,0,0,0,0,0,0,0,0,0,0,1,0,0,0,196297
1781229600,29552.25,29588,29374.25,29402.25,0,1,,0,0,0,0,0,0,0,0,0,0,0,0,0,0,0,148891
1781244000,29402,29668,29261,29622,0,,1,0,0,0,0,0,0,0,0,0,0,0,0,0,0,0,198779
1781258400,29622,29659.75,29231.25,29351,0,1,,0,0,0,0,0,1,0,0,0,0,0,0,0,0,0,523063
1781272800,29352.5,29759.25,29336.25,29683,0,1,,0,0,0,0,0,0,0,0,0,0,0,0,0,0,0,1130796
1781287200,29683,29730.75,29580.75,29677,1,,,0,1,0,0,0,0,0,0,0,0,0,0,0,0,0,322562
1781474400,30100,30486.75,30100,30468,0,1,,0,0,0,0,0,0,0,0,0,0,0,0,0,0,0,210514
1781488800,30467.5,30550,30461.25,30536,0,1,,0,0,0,0,0,0,0,0,0,0,0,0,0,0,0,83560
1781503200,30536.5,30628.5,30509.5,30549,0,1,,0,0,0,0,0,0,0,0,0,0,0,0,0,0,0,123728
1781517600,30549.75,30800,30529.5,30703.25,0,1,,0,0,0,0,0,0,0,0,0,0,0,0,0,0,1,382733
1781532000,30703.25,30918.5,30670.25,30858.75,0,1,,0,0,0,0,0,0,0,0,0,0,0,0,0,0,1,661513
1781546400,30858.75,30895.75,30815.25,30831.25,1,,,0,0,0,0,0,0,1,0,0,0,0,0,0,0,0,259716
1781560800,30833,30869,30755.25,30784.25,0,1,,0,0,0,0,0,0,0,0,0,0,0,0,0,0,0,159107
1781575200,30784.25,30857.25,30769.5,30806.25,1,,,1,0,0,0,0,0,0,0,0,0,0,0,0,0,0,89359
1781589600,30805.5,30944.25,30797.5,30870,0,1,,0,0,0,0,0,0,0,0,0,0,0,0,0,0,0,122809
1781604000,30870.25,30975.5,30750.75,30807.5,0,,1,0,0,0,0,0,0,0,0,0,0,0,0,0,0,0,538138
1781618400,30807.5,30857.75,30403.25,30477,0,1,,0,0,0,0,0,0,0,0,0,0,0,0,0,0,0,1432249
1781632800,30476.75,30496.25,30273.75,30300.25,0,1,,0,0,0,0,0,0,0,0,0,0,0,0,0,0,0,433644
1781647200,30314,30449.5,30308,30446.75,1,,,1,0,0,0,0,0,0,0,0,0,0,0,0,0,0,150204
1781661600,30447,30526.75,30417,30500.25,0,1,,0,0,0,0,0,0,0,0,0,0,0,0,0,0,0,101856
1781676000,30499.75,30584.25,30448.25,30461.75,0,1,,0,0,0,0,0,0,0,0,0,0,0,0,0,0,0,149209
1781690400,30463,30540.75,30346,30347.75,0,1,,0,0,0,0,0,0,0,0,0,0,0,0,0,0,0,571623
1781704800,30347.75,30544.75,30289,30471.75,0,,1,0,0,0,0,0,0,0,0,0,0,0,0,0,0,0,1024737
1781719200,30465.25,30520,29922,30140.75,0,1,,0,0,0,0,0,0,0,0,0,0,0,0,0,0,0,1087146
1781733600,30146,30439,30092.25,30381.25,1,,,0,0,0,0,0,0,0,0,0,0,0,0,1,0,0,240394
1781748000,30382,30431,30284,30354.5,1,,,0,0,0,0,0,0,0,0,0,0,0,0,0,0,0,138404
1781762400,30354.25,30499.25,30321.5,30488.75,0,1,,0,0,0,0,0,0,0,0,0,0,0,0,0,0,0,157597
1781776800,30488.75,30615,30359.5,30467,0,1,,0,0,0,0,0,0,0,0,0,0,0,0,0,0,0,597208
1781791200,30468,30737.75,30448.75,30708.5,0,1,,0,0,0,0,0,0,0,0,0,0,0,0,0,0,0,1092307
1781805600,30708.5,30783.25,30645,30726.5,0,1,,0,0,0,0,0,0,0,0,0,0,0,1,0,0,0,357926
1781820000,30740,30771,30592.25,30595,0,1,,0,0,0,0,0,0,0,0,0,0,0,0,0,0,0,149583
1781834400,30595,30619.75,30388,30482.25,0,1,,0,0,0,0,0,1,0,0,0,0,0,0,0,0,0,165668
1781848800,30481.5,30667.25,30478.75,30626,0,1,,0,0,0,0,0,0,0,0,0,0,0,0,0,0,0,134690
1781863200,30626.25,30696,30522.25,30681.75,0,1,,0,0,0,0,0,0,0,0,0,0,0,0,0,0,0,241349
1781877600,30681.25,30705,30636.5,30651,0,1,,0,0,0,0,0,0,0,0,0,0,0,0,0,0,0,169543
1782079200,30580.75,30662,30336.75,30607.25,0,1,,0,0,0,0,0,0,0,0,0,0,0,0,0,0,0,331486
1782093600,30607.5,30664.5,30524,30640.75,0,1,,0,0,0,0,0,0,0,0,0,0,0,0,0,0,0,154567
1782108000,30641,30782,30637.5,30699.75,0,1,,0,0,0,0,0,0,0,0,0,0,0,0,0,0,0,127912
1782122400,30699.5,30937.75,30699,30937.5,0,1,,0,0,0,0,0,0,0,0,0,0,0,0,0,0,0,592387
1782136800,30936.75,30967.75,30502.75,30614.75,0,,1,0,0,0,0,0,0,0,0,0,0,0,0,0,0,0,1293130
1782151200,30615,30677.75,30534,30662,1,,,0,0,0,0,0,0,0,0,0,0,0,0,0,0,0,327103
1782165600,30662,30699.75,30405,30460.5,0,,1,0,0,0,0,0,0,0,0,0,0,0,0,0,0,0,277774
1782180000,30460.25,30474,30092,30107.75,0,1,,0,0,0,0,0,0,0,0,0,0,0,0,0,0,0,289616
1782194400,30108.25,30134.25,29776,29886,0,1,,0,0,0,0,0,0,0,0,0,0,0,0,0,0,0,380531
1782208800,29886.75,29934,29616.5,29926,0,1,,0,0,0,0,0,0,0,0,0,0,0,0,0,0,0,714954
1782223200,29926,30046.75,29695,29732.5,0,1,,0,0,0,0,0,0,0,0,0,0,0,0,0,0,0,1348191
1782237600,29732.75,29782.5,29577.25,29750.25,0,1,,0,0,0,0,0,0,0,0,0,0,0,0,0,0,0,532644
1782252000,29766.25,29891.75,29581.5,29826.5,0,1,,0,0,0,0,0,0,0,0,0,0,0,0,0,0,0,330273
1782266400,29827,29884.75,29614.75,29819.75,1,,,0,0,0,0,0,0,0,0,0,0,0,0,1,0,0,233867
1782280800,29820,29866.75,29754.25,29809,1,,,0,0,0,0,0,0,0,0,0,0,0,0,0,0,0,154937
1782295200,29808.75,29874,29564,29684.5,0,,1,0,0,0,0,0,0,0,0,0,0,0,0,0,0,0,605282
1782309600,29685.75,29907.5,29364.75,29388.25,0,,1,0,0,0,0,0,0,0,0,0,0,0,0,0,0,0,1509125
1782324000,29388.75,30158.75,29263,30099,0,,1,0,0,0,0,0,0,0,0,0,0,0,0,0,0,0,784191
1782338400,30095.75,30169,29936.5,29997.5,0,1,,0,0,0,0,0,0,0,0,0,0,0,0,0,0,0,286288
1782352800,29998,30121.75,29924,30089.25,0,1,,0,0,0,0,0,0,0,0,0,0,0,0,0,0,0,167261
1782367200,30090,30217.75,30077.75,30131.75,0,1,,0,0,0,0,0,0,0,0,0,0,0,0,0,0,0,157708
1782381600,30132.25,30264.25,29296.5,29317,0,,1,0,0,0,0,0,0,0,0,0,0,0,0,0,0,0,824983
1782396000,29318.25,29871.5,29307.75,29794,1,,,0,0,0,0,0,0,0,0,0,0,0,0,0,0,0,1661693
1782410400,29794.5,29919.5,29615.5,29760.5,0,1,,0,0,0,0,0,0,0,0,0,0,0,0,0,0,0,611971
1782424800,29748,29893.75,29462.25,29492.5,0,1,,0,0,0,0,0,0,0,0,0,0,0,0,0,0,0,354127
1782439200,29493,29507.75,29160,29326,0,1,,0,0,0,0,0,1,0,0,0,0,0,0,0,0,0,376685
1782453600,29326,29563.25,29286,29371.25,0,1,,0,0,0,0,0,0,0,0,0,0,0,0,0,0,0,235584
1782468000,29371.75,29464.5,29182,29443,0,1,,0,0,0,0,0,0,0,0,0,0,0,0,0,0,0,603193
1782482400,29442.75,29717.25,29409,29544.5,0,1,,0,0,0,0,0,0,0,0,0,0,0,1,0,0,0,1197240
1782496800,29544.75,29582,29254.75,29290,0,1,,0,0,0,0,0,1,0,0,0,0,0,0,0,0,0,538259
1782684000,29280.5,29684.75,29280,29516.5,0,1,,0,0,0,0,0,0,0,0,0,0,0,0,0,0,0,421134
1782698400,29516.75,29672.75,29388.75,29669.75,1,,,0,0,0,0,0,0,0,0,0,0,0,0,0,0,0,259711
1782712800,29669.5,29732,29578,29665,0,1,,0,0,0,0,0,0,0,0,0,0,0,0,0,0,0,194859
1782727200,29664.75,29838.5,29557,29617.25,0,,1,0,0,0,0,0,0,0,0,0,0,0,0,0,0,0,622270
1782741600,29618,30038.75,29274,30003.75,0,,1,0,0,0,0,0,0,0,0,0,0,0,0,0,0,0,1346642
1782756000,30004,30069,29973.5,29995.5,0,1,,0,0,0,0,0,0,0,0,0,0,0,0,0,0,0,320149
1782770400,30005.5,30088,29935.25,30053.75,0,,1,0,0,0,0,0,0,0,0,0,0,0,0,0,0,0,255899
1782784800,30054,30217.25,29978,30167.25,0,1,,0,0,0,0,0,0,0,0,0,0,0,0,0,0,0,157729
1782799200,30167.25,30173.5,30019.5,30081.75,1,,,0,0,0,0,0,0,0,0,0,0,0,0,0,0,0,153005
1782813600,30082.5,30367.75,29996.5,30362,0,,1,0,0,0,0,0,0,0,0,0,0,0,0,0,0,0,544346
1782828000,30365.75,30563,30274.25,30523.75,0,1,,0,0,0,0,0,0,0,0,0,0,0,0,0,0,0,927623
1782842400,30524.5,30600,30484.25,30501,0,1,,0,0,0,0,0,0,0,0,0,0,0,0,0,0,0,372388
1782856800,30502.5,30555.75,30450.75,30453,0,1,,0,0,0,0,0,0,0,0,0,0,0,0,0,0,0,183141
1782871200,30453.25,30477.25,30367,30429.25,0,1,,0,0,0,0,0,0,0,0,0,0,0,0,0,0,0,157383
1782885600,30429.75,30444.25,30298.75,30384.25,0,1,,0,0,0,0,0,0,0,0,0,0,0,0,0,0,0,161574
1782900000,30384.25,30435.5,30087.25,30282.5,0,1,,0,0,0,0,0,0,0,0,0,0,0,0,0,1,0,715518
1782914400,30282.5,30357.75,30136.5,30163,1,,,0,0,0,0,0,0,0,1,0,0,0,0,0,1,0,1133741
1782928800,30163.5,30231.75,30009.25,30064.5,0,1,,0,0,0,0,0,0,0,0,0,0,0,0,0,1,0,437042
1782943200,30084.75,30227.25,29953,30202.75,0,1,,0,0,0,0,0,0,0,0,0,0,0,0,0,0,0,243905
1782957600,30203.25,30239,30037,30050.25,0,1,,0,0,0,0,0,0,0,0,0,0,0,0,0,0,0,192430
1782972000,30050.75,30066.5,29826,29958.75,0,1,,0,0,0,0,0,1,0,0,0,0,0,0,0,0,0,256451
1782986400,29958.25,30319.75,29919.25,30258,0,1,,0,0,0,0,0,0,0,0,0,0,0,1,0,0,0,725498
1783000800,30259,30293,29328.5,29338.5,0,1,,0,0,0,0,0,0,0,0,0,0,0,0,0,0,0,1906135
1783015200,29339.25,29588,29330.75,29551.75,1,,,1,0,0,0,0,0,0,0,0,0,0,0,0,0,0,655239
1783029600,29566,29699,29522.5,29682.75,0,1,,0,0,0,0,0,0,0,0,0,0,0,0,0,0,0,200591
1783044000,29683,29842,29681.25,29824,0,1,,0,0,0,0,0,0,0,0,0,0,0,0,0,0,0,125970
1783058400,29824.75,29901,29821,29871,0,1,,0,0,0,0,0,0,0,0,0,0,0,0,0,0,1,106767
1783072800,29870.75,29956,29857.75,29939.75,0,1,,0,0,0,0,0,0,0,0,0,0,0,0,0,0,1,141408
1783087200,29939.5,29947,29880.75,29903.75,1,,,0,0,0,0,0,0,0,0,0,0,0,0,0,0,0,134557
1783288800,29936.75,30010,29750.75,29792.75,0,,1,0,0,0,0,0,0,0,0,0,0,0,0,0,0,0,319373
1783303200,29793.5,29840.5,29683.25,29791,0,1,,0,0,0,0,0,1,0,0,0,0,0,0,0,0,0,234794
1783317600,29791.75,29889,29754.5,29877.25,0,1,,0,0,0,0,0,0,0,0,0,0,0,0,0,0,0,151998
1783332000,29877.75,30008.5,29776,29935.75,0,1,,0,0,0,0,0,0,0,0,0,0,0,0,0,0,0,526578
1783346400,29935.5,30094,29881.75,29897,0,1,,0,0,0,0,0,0,0,0,0,0,0,0,0,0,0,953784
1783360800,29896.5,30052,29895,29946.5,1,,,0,0,0,0,0,0,0,0,0,0,0,0,0,0,0,367025
1783375200,29960,29974,29717,29773.25,0,1,,0,0,0,0,0,0,0,0,0,0,0,0,0,0,0,267378
1783389600,29773,29819.75,29557.5,29688.75,0,1,,0,0,0,0,0,0,0,0,0,0,0,0,0,0,0,233103
1783404000,29688.5,29744,29622.25,29662.5,1,,,0,0,0,0,0,0,0,1,0,0,0,0,0,0,0,160215
1783418400,29662.75,29716.25,29420.25,29469.75,0,1,,0,0,0,0,0,0,0,0,0,0,0,0,0,1,0,617446
1783432800,29469,29581,29209.75,29567.25,0,1,,0,0,0,0,0,0,0,0,0,0,0,0,0,0,0,1380582
1783447200,29567.25,29574.5,29270.5,29419.5,1,,,0,0,0,0,0,0,0,0,0,0,0,0,0,0,0,571830
1783461600,29387,29558,29266,29436.5,0,1,,0,0,0,0,0,0,0,0,0,0,0,0,0,0,0,304908
1783476000,29436,29532,29312,29347.5,1,,,0,0,0,0,0,0,0,0,0,0,0,0,0,0,0,228868
1783490400,29347.5,29415.25,28910.25,28958.75,0,1,,0,0,0,0,0,0,0,0,0,0,0,0,0,0,0,366644
1783504800,28959.25,29399,28923.75,29365.5,1,,,0,0,0,0,0,0,0,0,0,0,0,0,0,0,0,661959
1783519200,29365.75,29458.5,29034,29352.75,0,1,,0,0,0,0,0,0,0,0,0,0,0,0,0,0,0,1424103
1783533600,29352.5,29500,29327.5,29390,0,1,,0,0,0,0,0,0,0,0,0,0,0,0,0,0,0,401106
1783548000,29410,29582.5,29395,29449.5,0,1,,0,0,0,0,0,0,0,0,0,0,0,0,0,0,0,259488
1783562400,29449.5,29609.25,29396,29606.75,0,1,,0,0,0,0,0,0,0,0,0,0,0,0,0,0,0,241562
1783576800,29606.5,29736,29572,29645,0,1,,0,0,0,0,0,0,0,0,0,0,0,0,0,0,1,190480
1783591200,29644.75,29930.5,29564,29911.25,0,,1,0,0,0,0,0,0,0,0,0,0,0,0,0,0,0,543744
1783605600,29911.25,29993.25,29613.75,29974.5,0,1,,0,0,0,0,0,0,0,0,0,0,0,0,0,0,0,1049983
1783620000,29974.5,29984.75,29894,29930.75,1,,,0,0,0,0,0,0,1,0,0,0,0,0,0,0,0,323815
1783634400,29936.5,29964.75,29803.5,29892,0,1,,0,0,0,0,0,0,0,0,0,0,0,0,0,0,0,222449
1783648800,29892.25,29963.75,29840,29845.75,1,,,0,0,0,0,0,0,0,1,0,0,0,0,0,0,0,146531
1783663200,29846,29857.5,29716.25,29815.5,0,1,,0,0,0,0,1,0,0,0,0,0,0,0,0,1,0,173128
1783677600,29815,29968.5,29771,29922.5,0,1,,0,0,0,0,0,0,0,0,0,0,0,0,0,0,0,516940
1783692000,29922.25,30072.5,29677.5,30038.75,0,,1,0,0,0,0,0,0,0,0,0,0,0,0,0,0,0,1090674
1783706400,30038.75,30076.75,30023,30069,0,1,,0,0,0,0,0,0,0,0,0,0,0,1,0,0,0,244218
1783893600,29956.75,30042.5,29737.25,29761,0,1,,0,0,0,0,0,0,0,0,0,0,0,0,0,0,0,339883
1783908000,29762.25,29809.75,29546.5,29651.5,0,1,,0,0,0,0,0,0,0,0,0,0,0,0,0,0,0,251829
1783922400,29650,29776.75,29585.25,29771,1,,,0,0,0,0,0,0,0,0,0,0,0,0,0,0,0,177959
1783936800,29771,29800,29517.75,29631,0,,1,0,0,0,0,0,0,0,0,0,0,0,0,0,0,0,563570
1783951200,29631,29752.25,29460.25,29480,0,1,,0,0,0,0,0,0,0,0,0,0,0,0,0,0,0,1156513
1783965600,29479.5,29539.5,29386.5,29430.75,0,1,,0,0,0,0,0,0,0,0,0,0,0,0,0,0,0,418066
1783980000,29440,29541,29325,29448.25,0,,1,0,0,0,0,0,0,0,0,0,0,0,0,0,0,0,307223
1783994400,29447.5,29632.25,29303.25,29592.75,0,,1,0,0,0,0,0,0,0,0,0,0,0,0,0,0,0,227497
1784008800,29592.5,29649.75,29545.5,29602,0,1,,0,0,0,0,0,0,0,0,0,0,0,0,0,0,0,152895
1784023200,29602.25,29922,29554,29780.5,0,1,,0,0,0,0,0,0,0,0,0,0,0,0,0,0,0,603740
1784037600,29780.5,29896,29567.25,29862.5,1,,,0,0,0,0,0,0,0,0,0,0,0,0,1,0,0,1131971
1784052000,29863,29877.75,29764.5,29794.75,1,,,0,0,0,0,0,0,0,0,0,0,0,0,0,0,0,303381
1784066400,29798,29959.25,29745.75,29956,0,,1,0,0,0,0,0,0,0,0,0,0,0,0,0,0,0,236552
1784080800,29956.75,30058.5,29946.75,30030.75,0,1,,0,0,0,0,0,0,0,0,0,0,0,0,0,0,0,154034
1784095200,30031,30062.5,29871.75,29923.25,0,,1,0,0,0,0,0,0,0,0,0,0,0,0,0,0,0,157324
1784109600,29924.75,29999.25,29755,29823.75,0,1,,0,0,0,0,0,0,0,0,0,0,0,0,0,0,0,522315
1784124000,29823.25,29892.25,29396.75,29686.25,0,1,,0,0,0,0,0,0,0,0,0,0,0,0,0,0,0,1361898
1784138400,29686.5,29743,29589,29708,1,,,0,0,0,0,0,0,0,0,0,0,0,0,0,0,0,432330
1784152800,29707.75,29765.25,29593.5,29650.75,0,1,,0,0,0,0,0,0,0,0,0,0,0,0,0,0,0,236083
1784167200,29650.75,29796.5,29620,29687,0,1,,0,0,0,0,0,0,0,0,0,0,0,1,0,0,0,165392
1784181600,29688,29748.75,29478,29531.25,0,1,,0,0,0,0,0,0,0,0,0,0,0,0,0,0,0,186993
1784196000,29530.5,29562,29257.75,29346.5,0,1,,0,0,0,0,0,0,0,0,0,0,0,0,0,0,0,588084
1784210400,29346.75,29509,29219.25,29243.5,0,1,,0,0,0,0,0,0,0,0,0,0,0,0,0,0,0,1153562
1784224800,29243.75,29304.25,29079,29178.5,0,1,,0,0,0,0,0,0,0,0,0,0,0,0,0,1,0,468819
1784239200,29186.75,29220,28946.25,28971.25,0,1,,0,0,0,0,0,0,0,0,0,0,0,0,0,1,0,258647
1784253600,28971,29026.5,28726.5,28755.75,0,1,,0,0,0,0,0,0,0,0,0,0,0,0,0,1,0,265393
1784268000,28755.5,28825,28554.75,28711.25,0,1,,0,0,0,0,0,0,0,0,0,0,0,0,0,1,0,274306
1784282400,28711.25,28826,28408.25,28677,0,,1,0,0,0,0,0,0,0,0,0,0,0,0,0,0,0,645676
1784296800,28678.25,29047,28665,28896,0,1,,0,0,0,0,0,0,0,0,0,0,0,0,0,0,0,1444065
1784311200,28896.25,28935.75,28712.5,28768.75,1,,,0,0,0,0,0,0,0,0,0,0,0,0,0,0,0,493296
1784498400,28747.5,28964,28706.75,28796.5,0,,1,0,0,0,0,0,0,0,0,0,0,0,0,0,0,0,346329
1784512800,28797.25,28942.75,28788,28807.75,1,,,0,0,0,0,0,0,0,0,0,0,0,0,0,0,0,217400
1784527200,28807.75,28997.75,28765.5,28952,0,,1,0,0,0,0,0,0,0,0,0,0,0,0,0,0,0,176068
1784541600,28952.5,29192.5,28921,28996.25,0,1,,0,0,0,0,0,0,0,0,0,0,0,1,0,0,0,475536
1784556000,28996.25,29118.5,28873.25,28957,0,1,,0,0,0,0,0,0,0,0,0,0,0,0,0,0,0,1138894
1784570400,28956.5,29010.5,28750,28777.75,0,1,,0,0,0,0,0,0,0,0,0,0,0,0,0,0,0,442038
1784584800,28783.25,28921.25,28700,28884,0,1,,0,0,0,0,0,0,0,0,0,0,0,0,0,0,0,273095
1784599200,28884.5,29104.75,28859.25,29098.5,0,1,,0,0,0,0,0,0,0,0,0,0,0,0,0,0,0,169822
1784613600,29097.5,29196.5,29087.75,29154,0,1,,0,0,0,0,0,0,0,0,0,0,0,0,0,0,0,153966
1784628000,29154.75,29246.75,29092.5,29153.25,0,1,,0,0,0,0,0,0,0,0,0,0,0,0,0,0,0,559798
1784642400,29153.75,29363.5,29063,29341.25,0,,1,0,0,0,0,0,0,0,0,0,0,0,0,0,0,0,880702
1784656800,29341.75,29363,29279.25,29290,1,,,0,0,0,0,0,0,0,0,1,0,0,0,0,0,0,298220
1784671200,29309,29337.25,29231.75,29276.5,0,1,,0,0,0,0,0,0,0,0,0,0,0,0,0,0,0,203297
1784685600,29277,29285.5,29140.25,29173.25,0,1,,0,0,0,0,0,0,0,0,0,0,0,0,0,0,0,161075
1784700000,29172.5,29173,29026,29127.75,0,1,,0,0,0,0,0,0,0,0,0,0,0,0,0,1,0,199502
1784714400,29127.75,29278,28961.25,29277,0,,1,0,0,0,0,0,0,0,0,0,0,0,0,0,0,0,512592
1784728800,29276.75,29342.5,29172.5,29244,0,1,,0,0,0,0,0,0,0,0,0,1,0,0,0,0,0,861419
1784743200,29244.25,29271,29119,29169,0,1,,0,0,0,0,0,0,0,0,0,0,0,0,0,0,0,396792
1784757600,29107.5,29283,29025.75,29177,0,,1,0,0,0,0,0,0,0,0,0,0,0,0,0,0,0,259840
1784772000,29176.5,29200.5,29030,29087.25,1,,,0,0,0,0,0,0,0,0,1,0,0,0,0,0,0,209088
1784786400,29087.75,29137.75,28922,29054.5,0,1,,0,0,0,0,0,0,0,0,0,0,0,0,0,0,0,189433
1784800800,29054.5,29122.75,28656,28707.5,0,1,,0,0,0,0,0,0,0,0,0,0,0,0,0,0,0,700013
1784815200,28708.5,28801.75,28432.5,28567.25,0,1,,0,0,0,0,0,0,0,0,0,0,0,0,0,1,0,1338950
1784829600,28568,28782,28485.75,28740.75,1,,,0,0,0,0,0,0,0,0,0,0,0,0,1,0,0,414965
1784844000,28708,28734.75,28608.5,28614,1,,,0,0,0,0,0,0,0,0,0,0,0,0,0,0,0,247729
1784858400,28613.75,28632,28466.25,28545.25,0,1,,0,0,0,0,1,0,0,0,0,0,0,0,0,0,0,206572
1784872800,28546,28704.25,28481.5,28699.75,0,1,,0,0,0,0,0,0,0,0,0,0,0,0,0,0,0,187506
1784887200,28699.75,28705.75,28313.25,28323,0,,1,0,0,0,0,0,0,0,0,0,0,0,0,0,0,0,588710
1784901600,28323.25,28631.25,28254.25,28466.5,0,1,,0,0,0,0,0,0,0,0,0,0,0,0,0,0,0,1356776
1784916000,28467,28487,28212.5,28306.75,0,1,,0,0,0,0,0,1,0,0,0,0,0,0,0,0,0,495022
1785103200,28501.5,28733.5,28501.5,28614.25,0,1,,0,0,0,0,0,0,0,0,0,0,0,0,0,0,0,329155
1785117600,28614.5,28705.5,28587,28694.75,1,,,0,1,0,0,0,0,0,0,0,0,0,0,0,0,0,155048
1785132000,28694.75,28763.75,28658.75,28744.5,0,1,,0,0,0,0,0,0,0,0,0,0,1,0,0,0,0,134381
1785146400,28744.25,28758.75,28341.5,28347,0,1,,0,0,0,0,0,0,0,0,0,0,0,0,0,0,0,574908
1785160800,28347.5,28372.5,27938.5,28104.5,0,1,,0,0,0,0,0,0,0,0,0,0,0,0,0,0,0,1557710
1785175200,28104.5,28255,28018.75,28210.25,1,,,0,0,0,0,0,0,0,1,0,0,0,0,0,0,0,401386
1785189600,28210.5,28229,27969.25,28020.25,0,1,,0,0,0,0,0,0,0,0,0,0,0,0,0,0,0,275287
1785204000,28021,28071,27871.25,27881.25,0,1,,0,0,0,0,0,0,0,0,0,0,0,0,0,0,0,227807
1785218400,27881.25,28052.75,27839.25,27956.5,0,1,,0,0,0,0,0,0,0,0,0,0,0,0,0,0,0,187582
1785232800,27956.5,28034,27640.25,27666,0,1,,0,0,0,0,0,0,0,0,0,0,0,0,0,0,0,576148
1785247200,27662.75,28079.75,27603.25,27974,0,,1,0,0,0,0,0,0,0,0,0,0,0,0,0,0,0,1177055
1785261600,27974.5,28024,27884,27959.75,1,,,0,0,0,0,0,0,0,0,0,0,0,0,0,0,0,367197
1785276000,27962.25,28177.25,27731.5,27785.25,0,,1,0,0,0,0,0,0,0,0,0,0,0,0,0,0,0,406856
1785290400,27785.75,27912,27640.5,27794.75,0,1,,0,0,0,1,0,0,0,0,0,0,0,0,0,0,0,315449
1785304800,27794.5,28060,27736.75,28019.5,0,1,,0,0,0,0,0,0,0,0,0,0,0,1,0,0,0,189573
1785319200,28019,28046,27667.75,27734.5,0,1,,0,0,0,0,0,0,0,0,0,0,0,0,0,0,0,502068
1785333600,27734.75,27827,27409,27721.75,0,1,,0,0,0,0,0,0,0,0,0,0,0,0,0,0,0,1072116
1785348000,27723,28099.75,27200,27259.75,0,,1,0,0,0,0,0,0,0,0,0,0,0,0,0,0,0,899886
1785362400,27208,27697,27204.75,27651,1,,,0,0,0,0,0,0,0,0,0,0,0,0,1,0,0,398979
1785376800,27651.25,27687.75,27420.5,27487.75,1,,,0,0,0,0,0,0,0,0,0,0,0,0,0,0,0,256159
1785391200,27487.25,27586,27337,27517,0,1,,0,0,0,0,0,0,0,0,0,0,0,0,0,0,0,216614
1785405600,27516.25,28155,27488,28151.25,0,1,,0,0,0,0,0,0,0,0,0,0,0,0,0,0,0,602608
1785420000,28150.5,28245.75,27995.5,28177.25,0,1,,0,0,0,0,0,0,0,0,0,0,0,0,0,0,0,1168743
1785434400,28177.75,28410,28147.75,28333.5,0,1,,0,0,0,0,0,0,0,0,0,0,0,0,0,0,0,388835
1785448800,28317.25,28580,28304.25,28476.75,0,1,,0,0,0,0,0,0,0,0,0,0,0,0,0,0,1,260947
1785463200,28477.75,28592,28389.75,28586.25,0,1,,0,0,0,0,0,0,0,0,0,0,0,0,0,0,1,189036
1785477600,28585.75,28642,28450.25,28532.25,0,1,,0,0,0,0,0,0,0,0,0,0,0,0,0,0,0,196498
1785492000,28531.5,28725.75,28294.75,28359.5,0,,1,0,0,0,0,0,0,0,0,0,0,0,0,0,0,0,561509
1785506400,28359.75,28502.75,28079.75,28429,0,1,,0,0,0,0,0,0,0,0,0,0,0,0,0,0,0,1220814
1785520800,28428.75,28524.5,28266,28284,0,1,,0,0,0,0,0,0,0,0,0,0,0,0,0,0,0,400112
1785708000,28567.5,28650,28536.5,28643.75,0,1,,0,0,0,0,0,0,0,0,0,0,0,0,0,0,0,242394
1785722400,28644.25,28698.25,28617.5,28641.75,0,1,,0,0,0,0,0,0,0,0,0,0,0,0,0,0,0,127522
1785736800,28642,28661.25,28472,28558.5,0,1,,0,0,0,0,0,0,0,0,0,0,0,0,0,0,0,180533
1785751200,28559.25,28629.25,28313,28629.25,0,1,,0,0,0,0,0,0,0,0,0,0,0,0,0,0,0,546196
1785765600,28624.25,28921.75,28525,28917.75,0,1,,0,0,0,0,0,0,0,0,0,0,0,0,0,0,0,893896
1785780000,28917.5,28965,28865.75,28929.25,0,1,,0,0,0,0,0,0,0,0,0,0,0,0,0,0,0,386540
1785794400,28930,29049.25,28831.5,29041,0,,1,0,0,0,0,0,0,0,0,0,0,0,0,0,0,0,233051
1785808800,29041.25,29074.75,28930,29072.75,0,1,,0,0,0,0,0,0,0,0,0,0,0,0,0,0,0,180895
1785823200,29073,29132.25,29007.5,29077.75,0,1,,0,0,0,0,0,0,0,0,0,0,0,0,0,0,0,156208
1785837600,29077.5,29504.5,29066,29469,0,1,,0,0,0,0,0,0,0,0,0,0,0,0,0,0,0,565270
1785852000,29466.75,29898.25,29432.5,29834.5,0,1,,0,0,0,0,0,0,0,0,0,0,0,0,0,0,1,968560
1785866400,29835,29956.5,29757.75,29819,0,1,,0,0,0,0,0,0,0,0,0,0,0,0,0,0,0,525182
1785880800,29781.25,29887,29775.5,29869.75,1,,,0,0,0,0,0,0,0,0,0,0,0,0,0,0,0,202609
1785895200,29869.5,29986.75,29842.25,29980.25,0,1,,0,0,0,0,0,0,0,0,0,0,0,0,0,0,0,123449
1785909600,29980.25,29990.75,29796.75,29858.25,0,,1,0,0,0,0,0,0,0,0,0,0,0,0,0,0,0,184322
1785924000,29857.5,30073.25,29833,30049.5,0,1,,0,0,0,0,0,0,0,0,0,0,0,1,0,0,0,566621
1785938400,30048.25,30048.25,29701.75,29757,0,1,,0,0,0,0,0,0,0,0,0,0,0,0,0,0,0,1230500
1785952800,29756.25,29786.25,29530.75,29594.75,0,1,,0,0,0,0,0,0,0,0,0,0,0,0,0,0,0,361974
1785967200,29576,29678.75,29454.25,29498,0,1,,0,0,0,0,0,0,0,0,0,0,0,0,0,0,0,237716
1785981600,29497.75,29621,29487.75,29580.25,1,,,0,0,0,0,0,0,0,1,0,0,0,0,0,0,0,161072
1785996000,29580.25,29581.5,29437.75,29526.75,0,1,,0,0,0,0,0,0,0,0,0,0,0,0,0,0,0,155298
1786010400,29526.25,29551,29241,29528,0,1,,0,0,0,0,0,0,0,0,0,0,0,0,0,0,0,619067
1786024800,29528.25,29686.25,29448.75,29529.25,0,1,,0,0,0,0,0,0,0,0,0,0,0,0,0,0,0,1304456
1786039200,29528.75,29576,29475,29504.5,1,,,0,1,0,0,0,0,0,0,0,0,0,0,0,0,0,376302
1786053600,29515,29619.25,29482.75,29526.5,0,1,,0,0,0,0,0,0,0,0,0,0,0,1,0,0,0,237361
1786068000,29526.75,29557,29455,29522.75,0,1,,0,0,0,0,0,1,0,0,0,0,0,0,0,0,0,128508
1786082400,29523.25,29650.5,29520.5,29617.25,0,1,,0,0,0,0,0,0,0,0,0,0,0,0,0,0,0,106597
1786096800,29618.25,29867.25,29592.25,29678.75,0,1,,0,0,0,0,0,0,0,0,0,0,0,0,0,0,0,605401
1786111200,29679,29855,29564.25,29743.25,0,1,,0,0,0,0,0,0,0,0,0,0,0,0,0,0,0,1041201
1786125600,29743.5,29860.5,29676.75,29841,0,1,,0,0,0,0,0,0,0,0,0,0,0,0,0,0,0,328248
1786312800,29851.5,29906.5,29788,29884.5,0,1,,0,0,0,0,0,0,0,0,0,0,0,0,0,0,0,234630
1786327200,29885.75,29930.5,29848.5,29929.5,0,1,,0,0,0,0,0,0,0,0,0,0,0,0,0,0,0,112584
1786341600,29929.75,29985,29886.75,29938.25,0,1,,0,0,0,0,0,0,0,0,0,0,0,1,0,0,1,121802
1786356000,29939,29959.25,29719,29806.75,0,1,,0,0,0,0,0,0,0,0,0,0,0,0,0,0,0,539246
1786370400,29806.5,29900,29730.25,29759.25,1,,,0,0,0,0,0,0,0,0,0,0,0,0,0,0,0,946989
1786384800,29759.5,29796.5,29722.75,29763.75,0,1,,0,0,0,0,0,0,0,0,0,0,0,0,0,0,0,264289
1786399200,29764.25,29842.75,29666,29818.5,0,,1,0,0,0,0,0,0,0,0,0,0,0,0,0,0,0,182530
1786413600,29818,29862,29788.25,29792.75,0,1,,0,0,0,0,0,0,0,0,0,1,0,0,0,0,0,97298
1786428000,29793.25,29827.5,29717.5,29769.5,0,1,,0,0,0,0,0,0,0,0,0,0,0,0,0,0,0,158701
1786442400,29769.5,29887,29636,29732.5,0,,1,0,0,0,0,0,0,0,0,0,0,0,0,0,0,0,516653
1786456800,29733,29805,29573,29629,0,1,,0,0,0,0,0,0,0,0,0,0,0,0,0,0,0,944420
1786471200,29629,29677.5,29533.5,29647.25,0,1,,0,0,0,0,0,0,0,0,0,0,0,0,0,0,0,345555
1786485600,29663,29684.75,29625,29658.5,0,1,,0,0,0,0,0,0,0,0,0,0,0,0,0,0,0,134509
1786500000,29658.5,29718.5,29649.5,29715.5,0,1,,0,0,0,0,0,0,0,0,0,0,0,0,0,0,0,83327
1786514400,29715,29849,29697.75,29815.75,0,1,,0,0,0,0,0,0,0,0,0,0,0,0,0,0,0,101067
1786528800,29815.75,30001.5,29745,29907.25,0,1,,0,0,0,0,0,0,0,0,0,0,0,0,,0,0,536188
1786543200,29907.5,29946.25,29818.75,29917,1,,,,,,,,,,,,,,,,0,1,820183