time,open,high,low,close
1253480400,1066.5,1068.3,1057.2,1065.3
1253566800,1065.3,1074.8,1065,1072.2
1253653200,1072.2,1081.2,1060.6,1063.9
1253739600,1063.9,1069.4,1046.2,1049.7
1253826000,1049.7,1054.7,1041.4,1046.2
1254085200,1046.2,1066.1,1040.8,1064.6
1254171600,1064.6,1070.8,1058.2,1059.7
1254258000,1059.7,1067.2,1046.4,1057.2
1254344400,1057.2,1060.9,1029.2,1032.2
1254430800,1032.2,1032.5,1016.6,1026.6
1254690000,1026.6,1043,1024,1041.5
1254776400,1041.5,1061.3,1040,1053.8
1254862800,1053.8,1062.7,1050,1061.2
1254949200,1061.2,1071.7,1060.2,1068.5
1255035600,1068.5,1072.9,1062.9,1072.7
1255294800,1072.7,1081,1071.3,1075.2
1255381200,1075.2,1079.9,1067.2,1078.9
1255467600,1078.9,1093.9,1078.7,1092.7
1255554000,1092.7,1097.4,1084.6,1094.1
1255640400,1094.1,1099.6,1081.5,1086.3
1255899600,1086.3,1100.6,1080.1,1099.4
1255986000,1099.4,1102.8,1085.8,1091.8
1256072400,1091.8,1102.3,1076.4,1080.7
1256158800,1080.7,1095.9,1073.9,1094.7
1256245200,1094.7,1098.9,1075,1080
1256504400,1080,1091.9,1064.6,1068.8
1256590800,1068.8,1073,1060.5,1065.3
1256677200,1065.3,1066.3,1040.6,1041.4
1256763600,1041.4,1067.1,1040.4,1063.4
1256850000,1063.4,1065.9,1032.5,1035
1257112800,1035,1052.3,1028.8,1043.8
1257199200,1043.8,1046.6,1029.2,1044.5
1257285600,1044.5,1061,1043.5,1049.5
1257372000,1049.5,1066.9,1041.7,1066.4
1257458400,1066.4,1071.9,1056.1,1069.1
1257717600,1069.1,1094.5,1067.5,1094
1257804000,1094,1097,1087.4,1095.7
1257890400,1095.7,1105.7,1093.6,1098.4
1257976800,1098.4,1103.3,1084.8,1088.8
1258063200,1088.8,1098.3,1085,1093.7
1258322400,1093.7,1114.3,1093.1,1108.3
1258408800,1108.3,1111,1102,1109.5
1258495200,1109.5,1112.8,1103,1111
1258581600,1111,1111.5,1088.4,1094.3
1258668000,1094.3,1096.8,1085.3,1091.8
1258927200,1091.8,1113.1,1090.7,1104.6
1259013600,1104.6,1108.6,1097.5,1105
1259100000,1105,1112.8,1103.8,1110.5
1259186400,1110.5,1112.7,1084.4,1086.2
1259272800,1086.2,1099.6,1068.3,1090.6
1259532000,1090.6,1099,1085.7,1094.9
1259618400,1094.9,1112.9,1093.4,1108.8
1259704800,1108.8,1116.3,1105.3,1108.8
1259791200,1108.8,1118,1097.5,1097.7
1259877600,1097.7,1119.9,1096.2,1109.4
1260136800,1109.4,1111.5,1099.5,1106.2
1260223200,1106.2,1108.2,1088.4,1090.4
1260309600,1090.4,1098.1,1085.6,1096.8
1260396000,1096.8,1106.8,1093,1104
1260482400,1104,1111,1101.7,1108.9
1260741600,1108.9,1118.3,1104.8,1112.5
1260828000,1112.5,1116,1105.4,1109.4
1260914400,1109.4,1116.9,1107.9,1108.9
1261000800,1108.9,1111.1,1095.8,1099
1261087200,1099,1107.5,1093.2,1102.5
1261346400,1102.5,1117.7,1101.1,1112.4
1261432800,1112.4,1120.4,1112.4,1118.3
1261519200,1118.3,1124.3,1115.8,1120.8
1261605600,1120.8,1127,1119.8,1126.8
1261951200,1126.8,1130.3,1121.8,1127.3
1262037600,1127.3,1132.5,1124.8,1126.3
1262124000,1126.3,1127.2,1117.7,1127.2
1262210400,1127.2,1129.4,1114.1,1117.1
1262556000,1117.1,1133.7,1117.1,1132.5
1262642400,1132.5,1136.9,1128.9,1135.7
1262728800,1135.7,1139.4,1131.1,1136.4
1262815200,1136.4,1142.6,1130.8,1141.3
1262901600,1141.3,1145.5,1134.8,1145.3
1263160800,1145.3,1151.7,1141.4,1143.6
1263247200,1143.6,1146.6,1131.3,1137.5
1263333600,1137.5,1148.8,1132.7,1145.3
1263420000,1145.3,1150.7,1141.7,1150.2
1263506400,1150.2,1150.5,1130.9,1135.6
1263765600,1135.6,1140.2,1132.8,1140
1263852000,1140,1150.2,1129.4,1147.7
1263938400,1147.7,1149.7,1128.3,1137.9
1264024800,1137.9,1142.3,1111.5,1113
1264111200,1113,1118.7,1089.1,1094.4
1264370400,1094.4,1105.8,1092.5,1096.2
1264456800,1096.2,1102.7,1083.7,1091.7
1264543200,1091.7,1098.6,1081.1,1097.9
1264629600,1097.9,1106.1,1077,1084.8
1264716000,1084.8,1095.8,1069,1071.5
1264975200,1071.5,1088.9,1070.4,1088.1
1265061600,1088.1,1103.8,1084.3,1100.8
1265148000,1100.8,1102.6,1092.8,1099.8
1265234400,1099.8,1100.5,1061.4,1063.7
1265320800,1063.7,1067.1,1042.8,1062.1
1265580000,1062.1,1070.5,1054.9,1056.9
1265666400,1056.9,1078.9,1055.9,1069.2
1265752800,1069.2,1074.4,1058.1,1065.6
1265839200,1065.6,1080.6,1059.3,1080.3
1265925600,1080.3,1081.6,1061.8,1080.8
1266184800,1080.8,1080.8,1075.2,1077.1
1266271200,1077.1,1095.6,1076.9,1095.1
1266357600,1095.1,1101.6,1094.3,1100.3
1266444000,1100.3,1108.3,1094.8,1098
1266530400,1098,1112.5,1094,1107.7
1266789600,1107.7,1114.1,1104.8,1107.8
1266876000,1107.8,1114,1091.5,1098
1266962400,1098,1106.5,1093.7,1103.7
1267048800,1103.7,1104.7,1085.6,1102.9
1267135200,1102.9,1108.6,1097.3,1106.3
1267394400,1106.3,1116.4,1105.2,1115.7
1267480800,1115.7,1123.7,1113.7,1119.1
1267567200,1119.1,1125.8,1115.9,1118.8
1267653600,1118.8,1124.3,1114.8,1123
1267740000,1123,1139.5,1122.5,1137.2
1267999200,1137.2,1141.1,1135.6,1137.8
1268085600,1137.8,1145.5,1132,1141
1268172000,1141,1148.5,1138.3,1146
1268258400,1146,1151.4,1138.9,1150.9
1268344800,1150.9,1157.1,1147.1,1151.6
1268600400,1151.6,1152,1141.5,1151
1268686800,1151,1160.7,1149.2,1159.4
1268773200,1159.4,1170.1,1159.1,1166.8
1268859600,1166.8,1169.1,1161,1166.3
1268946000,1166.3,1170.3,1155.4,1161.5
1269205200,1161.5,1168.3,1151.8,1167.8
1269291600,1167.8,1175.5,1164,1174.8
1269378000,1174.8,1175,1165.9,1168.9
1269464400,1168.9,1181.4,1164.9,1165.4
1269550800,1165.4,1174.6,1161.3,1168.3
1269810000,1168.3,1175.7,1168.3,1173.4
1269896400,1173.4,1178.4,1168.9,1173.1
1269982800,1173.1,1175.1,1165.8,1171.5
1270069200,1171.5,1182,1170.3,1178.3
1270155600,1178.3,1183,1174.7,1182.2
1270414800,1182.2,1188.1,1178.8,1188.1
1270501200,1188.1,1192.3,1181.5,1189.3
1270587600,1189.3,1190.5,1177.4,1182.9
1270674000,1182.9,1189.2,1175.4,1188.1
1270760400,1188.1,1197.1,1187.1,1197.1
1271019600,1197.1,1202.5,1194.7,1196.4
1271106000,1196.4,1200.1,1188.9,1199.6
1271192400,1199.6,1211.4,1198.4,1210.9
1271278800,1210.9,1214.3,1204.8,1210
1271365200,1210,1211.3,1186.4,1193.4
1271624400,1193.4,1199.8,1183.3,1198.5
1271710800,1198.5,1212,1197.5,1211
1271797200,1211,1213,1198.4,1200.9
1271883600,1200.9,1210.4,1189.8,1206.1
1271970000,1206.1,1217.1,1200.8,1216.1
1272229200,1216.1,1220,1210.4,1211.2
1272315600,1211.2,1213.1,1180.5,1184.3
1272402000,1184.3,1195,1179.7,1193.5
1272488400,1193.5,1209.2,1191,1207.7
1272574800,1207.7,1210.9,1185.6,1188.9
1272834000,1188.9,1204.7,1186.5,1200.5
1272920400,1200.5,1202.5,1166.8,1173.6
1273006800,1173.6,1177.6,1157.5,1166.3
1273093200,1166.3,1171.2,1059,1118.9
1273179600,1118.9,1137.6,1093.3,1110
1273438800,1110,1164.3,1110,1160.2
1273525200,1160.2,1171.2,1142.7,1152.4
1273611600,1152.4,1173.4,1143.1,1170.1
1273698000,1170.1,1176.9,1156,1157.3
1273784400,1157.3,1161.5,1125.7,1137
1274043600,1137,1142.1,1114.5,1138.5
1274130000,1138.5,1149,1116.9,1117.2
1274216400,1117.2,1124.4,1100.4,1116.6
1274302800,1116.6,1118.1,1064.5,1066.8
1274389200,1066.8,1090.3,1052.7,1086.2
1274648400,1086.2,1089.8,1067.8,1069.6
1274734800,1069.6,1077.8,1038.2,1077.8
1274821200,1077.8,1090.7,1060.2,1063.4
1274907600,1063.4,1104.2,1056.7,1102.2
1274994000,1102.2,1107.9,1084.4,1088.6
1275253200,1088.6,1097,1086.8,1091.5
1275339600,1091.5,1095.4,1068.4,1071.1
1275426000,1071.1,1099.1,1068.1,1098.6
1275512400,1098.6,1106.1,1091.5,1102.8
1275598800,1102.8,1108.3,1060,1067
1275858000,1067,1071.3,1047.6,1049.8
1275944400,1049.8,1063.8,1041.8,1060.8
1276030800,1060.8,1078,1051.7,1055
1276117200,1055,1088.2,1052.7,1085.4
1276203600,1085.4,1092.6,1074.9,1089.9
1276462800,1089.9,1106.2,1089,1090.2
1276549200,1090.2,1115.9,1088.7,1112.9
1276635600,1112.9,1119.1,1104.4,1113.1
1276722000,1113.1,1121.3,1105.5,1116
1276808400,1116,1121.8,1113,1115
1277067600,1115,1134.4,1108,1115.5
1277154000,1115.5,1121.8,1094.2,1096.7
1277240400,1096.7,1102.4,1084.8,1090.6
1277326800,1090.6,1095.6,1071,1077.7
1277413200,1077.7,1084,1067.2,1079.4
1277672400,1079.4,1084.1,1070.8,1074.5
1277758800,1074.5,1079,1034.5,1038.3
1277845200,1038.3,1048.6,1027,1029
1277931600,1029,1033.5,1010.1,1025.7
1278018000,1025.7,1036.2,1014.6,1018.1
1278277200,1018.1,1022.2,1014.9,1015.4
1278363600,1015.4,1042,1006.9,1028.2
1278450000,1028.2,1063.5,1019.9,1062.7
1278536400,1062.7,1072.2,1057.7,1070.2
1278622800,1070.2,1078.7,1066.9,1075.7
1278882000,1075.7,1082.3,1069,1082
1278968400,1082,1101.8,1076.5,1100.5
1279054800,1100.5,1102.6,1087,1095.2
1279141200,1095.2,1102.2,1079.9,1096.2
1279227600,1096.2,1098.2,1062.3,1066.8
1279486800,1066.8,1074.2,1060.1,1063.1
1279573200,1063.1,1088.1,1053.8,1084.6
1279659600,1084.6,1090.9,1064,1065.8
1279746000,1065.8,1097.6,1064.3,1089.8
1279832400,1089.8,1104.5,1087.2,1103.8
1280091600,1103.8,1114.6,1099.9,1112.4
1280178000,1112.4,1121.6,1108.8,1113.3
1280264400,1113.3,1118.6,1102,1105.3
1280350800,1105.3,1115.7,1091.7,1099.4
1280437200,1099.4,1105.9,1086.1,1103.1
1280696400,1103.1,1126.8,1103.1,1124.3
1280782800,1124.3,1125,1115.7,1121.2
1280869200,1121.2,1128.4,1114.7,1127.4
1280955600,1127.4,1130.2,1117.9,1126.6
1281042000,1126.6,1129.3,1106,1122.3
1281301200,1122.3,1128.9,1118.7,1127.4
1281387600,1127.4,1127.9,1110.6,1121.6
1281474000,1121.6,1121.6,1083.2,1083.5
1281560400,1083.5,1089.4,1072.4,1081.4
1281646800,1081.4,1090.9,1074.3,1078.1
1281906000,1078.1,1083.2,1067.9,1078.9
1281992400,1078.9,1100.2,1076.4,1091.4
1282078800,1091.4,1100.1,1085.3,1090.1
1282165200,1090.1,1096.3,1070.3,1073.8
1282251600,1073.8,1077.5,1063.2,1072
1282510800,1072,1081.6,1065.5,1066.5
1282597200,1066.5,1067,1045.5,1049.2
1282683600,1049.2,1058.9,1038.7,1056.4
1282770000,1056.4,1062.9,1043.6,1044.9
1282856400,1044.9,1065.6,1038.6,1065.1
1283115600,1065.1,1073.7,1045.4,1046.9
1283202000,1046.9,1055.1,1038.4,1053.6
1283288400,1053.6,1083.3,1051.6,1081.8
1283374800,1081.8,1091.3,1077.3,1090
1283461200,1090,1105.3,1087,1104.3
1283720400,1104.3,1107.6,1102.4,1105.1
1283806800,1105.1,1107.8,1090.5,1091.8
1283893200,1091.8,1103.5,1086.7,1100.2
1283979600,1100.2,1112.4,1097.2,1102.2
1284066000,1102.2,1110.9,1100.9,1110.1
1284325200,1110.1,1124.2,1110.1,1122.7
1284411600,1122.7,1127.7,1115.4,1118.7
1284498000,1118.7,1126.8,1114.4,1125.3
1284584400,1125.3,1129.5,1118.1,1128.8
1284670800,1128.8,1137.8,1124.4,1127.2
1284930000,1127.2,1147.6,1124.2,1143.3
1285016400,1143.3,1151.3,1137.7,1141.2
1285102800,1141.2,1147.5,1133.6,1138.6
1285189200,1138.6,1141.6,1124.2,1126.7
1285275600,1126.7,1151.5,1125.4,1150
1285534800,1150,1156.6,1143.7,1145
1285621200,1145,1152.7,1133.8,1149.2
1285707600,1149.2,1153.2,1142.1,1147.1
1285794000,1147.1,1160.1,1137.7,1142.5
1285880400,1142.5,1153,1140.9,1148.7
1286139600,1148.7,1150.2,1133.1,1141.4
1286226000,1141.4,1164.9,1138.8,1160.9
1286312400,1160.9,1166.1,1157,1162.3
1286398800,1162.3,1169.8,1153.2,1162
1286485200,1162,1169.9,1151.9,1166.7
1286744400,1166.7,1170.8,1163.4,1167.7
1286830800,1167.7,1174.6,1157.3,1171.6
1286917200,1171.6,1186.6,1169.8,1179.6
1287003600,1179.6,1186.3,1167.9,1181
1287090000,1181,1185.4,1168.4,1180.4
1287349200,1180.4,1187.4,1169.9,1177.1
1287435600,1177.1,1183.1,1160.5,1167.7
1287522000,1167.7,1184.7,1165.5,1181.5
1287608400,1181.5,1191.2,1172.3,1179.9
1287694800,1179.9,1186.3,1178.1,1186.3
1287954000,1186.3,1197.6,1185.1,1186.8
1288040400,1186.8,1188.8,1178.7,1187.7
1288126800,1187.7,1190.7,1172.1,1182.4
1288213200,1182.4,1191.3,1177.8,1184
1288299600,1184,1186.7,1176.2,1184.7
1288558800,1184.7,1196.8,1177.7,1186.2
1288645200,1186.2,1197.4,1184.7,1196.9
1288731600,1196.9,1201.8,1183.5,1200.8
1288818000,1200.8,1222.6,1199,1221.3
1288904400,1221.3,1228.3,1216.2,1225.7
1289167200,1225.7,1225.8,1218.2,1221.7
1289253600,1221.7,1228.2,1209.6,1213.8
1289340000,1213.8,1220.3,1205,1213.5
1289426400,1213.5,1216.5,1205.2,1213.4
1289512800,1213.4,1214.9,1194.5,1197.5
1289772000,1197.5,1208.6,1195.3,1197.3
1289858400,1197.3,1197.5,1173.6,1178.6
1289944800,1178.6,1184.6,1176.1,1179.8
1290031200,1179.8,1201.5,1179.5,1199.3
1290117600,1199.3,1202.4,1189.9,1200.9
1290376800,1200.9,1208.3,1184.7,1198.9
1290463200,1198.9,1199.9,1176.8,1178.8
1290549600,1178.8,1199.5,1177.5,1197.2
1290636000,1197.2,1202.4,1194.7,1201.9
1290722400,1201.9,1201.9,1184.3,1185
1290981600,1185,1195.3,1173.8,1188.5
1291068000,1188.5,1189.8,1174.5,1179.2
1291154400,1179.2,1209.2,1177.7,1205.9
1291240800,1205.9,1224.6,1203.3,1223.6
1291327200,1223.6,1228.5,1214.2,1224.7
1291586400,1224.7,1227.8,1217.2,1222.2
1291672800,1222.2,1235.9,1219.9,1222.4
1291759200,1222.4,1231,1218.1,1230.8
1291845600,1230.8,1238.7,1227.2,1232.7
1291932000,1232.7,1242.1,1232.7,1241.4
1292191200,1241.4,1247.3,1237.7,1241.6
1292277600,1241.6,1247.5,1238.3,1241.7
1292364000,1241.7,1244.4,1234.2,1238.7
1292450400,1238.7,1244.6,1232.8,1244.3
1292536800,1244.3,1245.8,1239.5,1242.7
1292796000,1242.7,1250.4,1238.6,1246.1
1292882400,1246.1,1255.8,1245.6,1254.8
1292968800,1254.8,1259.5,1253.5,1259
1293055200,1259,1260.3,1253.7,1257.2
1293400800,1257.2,1258.5,1249.8,1257.5
1293487200,1257.5,1260.8,1255.7,1257.7
1293573600,1257.7,1262.7,1257.5,1260.2
1293660000,1260.2,1261.7,1255.6,1258.6
1293746400,1258.6,1261.8,1253.6,1261.8
1294005600,1261.8,1276.2,1259.2,1269.4
1294092000,1269.4,1273.9,1262.1,1269.4
1294178400,1269.4,1277.6,1259.6,1275.1
1294264800,1275.1,1280.8,1270,1273.5
1294351200,1273.5,1277.8,1261.5,1271
1294610400,1271,1271.6,1261.5,1268.8
1294696800,1268.8,1277.3,1267.5,1273
1294783200,1273,1287.8,1272.8,1286.3
1294869600,1286.3,1288,1279.7,1285.7
1294956000,1285.7,1293.4,1277.6,1293.4
1295215200,1293.4,1294.8,1286,1288.8
1295301600,1288.8,1299.5,1287.2,1296.7
1295388000,1296.7,1299.4,1278.3,1281.4
1295474400,1281.4,1284.6,1270.5,1280.8
1295560800,1280.8,1291,1276.3,1283
1295820000,1283,1292.6,1280.6,1290.6
1295906400,1290.6,1294.3,1280,1289.8
1295992800,1289.8,1299.5,1288.8,1296
1296079200,1296,1301,1292,1298
1296165600,1298,1302.2,1273.1,1273.4
1296424800,1273.4,1286.2,1264.7,1284.7
1296511200,1284.7,1308.2,1283.7,1304.7
1296597600,1304.7,1307.9,1300.4,1302.6
1296684000,1302.6,1308.1,1293.8,1305.8
1296770400,1305.8,1310.5,1300.3,1309.8
1297029600,1309.8,1322.2,1308.2,1316.6
1297116000,1316.6,1324.3,1315.1,1323.3
1297202400,1323.3,1324.1,1313.8,1320.8
1297288800,1320.8,1322.5,1310.5,1316.5
1297375200,1316.5,1330.7,1311.9,1329.4
1297634400,1329.4,1333,1326.3,1327.8
1297720800,1327.8,1331,1324,1328
1297807200,1328,1337.7,1327.7,1334.7
1297893600,1334.7,1341.6,1330.1,1339.6
1297980000,1339.6,1344.3,1336.6,1344.3
1298239200,1344.3,1344.3,1330.4,1331.4
1298325600,1331.4,1335.8,1311.6,1315.3
1298412000,1315.3,1321.8,1298.8,1307.8
1298498400,1307.8,1312,1293.9,1303.4
1298584800,1303.4,1321.2,1303.4,1319.7
1298844000,1319.7,1330,1314,1328.2
1298930400,1328.2,1337.5,1298.9,1299.2
1299016800,1299.2,1314.6,1297.2,1306.6
1299103200,1306.6,1332.8,1305.9,1330.3
1299189600,1330.3,1335.3,1312,1320.8
1299448800,1320.8,1327.9,1303.3,1310.3
1299535200,1310.3,1326.3,1306.8,1320.8
1299621600,1320.8,1325.5,1312,1316.2
1299708000,1316.2,1317.7,1292.9,1294.4
1299794400,1294.4,1309.1,1283.9,1306.9
1300050000,1306.9,1306.9,1286.2,1296.5
1300136400,1296.5,1298.2,1256.2,1279.7
1300222800,1279.7,1288.4,1248.1,1257.3
1300309200,1257.3,1279.3,1246.6,1273
1300395600,1273,1293.3,1266.3,1280.9
1300654800,1280.9,1302.6,1280.9,1298.8
1300741200,1298.8,1302.8,1293.7,1294.7
1300827600,1294.7,1302.2,1285.1,1297.7
1300914000,1297.7,1312.9,1295.4,1311.7
1301000400,1311.7,1320.6,1311.1,1316.6
1301259600,1316.6,1321.2,1307.8,1308.6
1301346000,1308.6,1324.3,1306,1323.1
1301432400,1323.1,1333.6,1320.6,1329.8
1301518800,1329.8,1331.5,1326.2,1327.7
1301605200,1327.7,1339.5,1326.7,1332.9
1301864400,1332.9,1338.2,1330,1335.5
1301950800,1335.5,1339.7,1328.4,1331.6
1302037200,1331.6,1341.8,1331.6,1333.5
1302123600,1333.5,1340.5,1327.7,1334
1302210000,1334,1341,1323.9,1329.4
1302469200,1329.4,1335,1321.9,1323.4
1302555600,1323.4,1323.6,1310.3,1313.8
1302642000,1313.8,1323.5,1310,1313.2
1302728400,1313.2,1317.9,1302.9,1315.1
1302814800,1315.1,1323.9,1310.3,1323.3
1303074000,1323.3,1323.3,1294.8,1303.8
1303160400,1303.8,1316.8,1298.3,1315.3
1303246800,1315.3,1338,1314.5,1337.5
1303333200,1337.5,1341.8,1333,1334.7
1303678800,1334.7,1339.2,1331.2,1335.9
1303765200,1335.9,1349.9,1331.9,1345.8
1303851600,1345.8,1358.1,1344.3,1355.6
1303938000,1355.6,1362.3,1350.5,1359
1304024400,1359,1367.4,1356.5,1367.2
1304283600,1367.2,1376.5,1358.2,1361
1304370000,1361,1361,1349.1,1353.8
1304456400,1353.8,1358.3,1340.8,1347.3
1304542800,1347.3,1352,1328.4,1338.2
1304629200,1338.2,1354.4,1335.1,1337.8
1304888400,1337.8,1349.2,1337.4,1346.6
1304974800,1346.6,1359.3,1341.8,1357.3
1305061200,1357.3,1361.1,1335.7,1338.5
1305147600,1338.5,1351.4,1331.7,1349.4
1305234000,1349.4,1355.2,1333.3,1336.8
1305493200,1336.8,1343.6,1323.6,1324.8
1305579600,1324.8,1334.3,1318.5,1329
1305666000,1329,1342.7,1326.7,1341.7
1305752400,1341.7,1347.7,1336.7,1343.9
1305838800,1343.9,1346.1,1329,1330.5
1306098000,1330.5,1330.5,1312.6,1316.3
1306184400,1316.3,1324,1313,1314.2
1306270800,1314.2,1326.2,1304.2,1317.9
1306357200,1317.9,1329.1,1314.1,1328.6
1306443600,1328.6,1335.3,1326.1,1331.3
1306702800,1331.3,1334.3,1329.6,1331.8
1306789200,1331.8,1347,1331.8,1345.3
1306875600,1345.3,1349,1312.4,1314.2
1306962000,1314.2,1318.9,1305.3,1314.1
1307048400,1314.1,1314.6,1295.5,1296.7
1307307600,1296.7,1299.8,1284,1285.8
1307394000,1285.8,1296.2,1283.2,1286.4
1307480400,1286.4,1288.4,1276.1,1276.1
1307566800,1276.1,1294.6,1276.1,1288
1307653200,1288,1289.3,1267.7,1270.7
1307912400,1270.7,1277.5,1265.3,1273
1307998800,1273,1292.7,1270.8,1288.7
1308085200,1288.7,1289.2,1261.4,1265.9
1308171600,1265.9,1274.6,1258.1,1270.5
1308258000,1270.5,1282.5,1264.3,1272.2
1308517200,1272.2,1281.3,1262.2,1279.3
1308603600,1279.3,1298.8,1277.7,1294.8
1308690000,1294.8,1299.7,1284.7,1285.4
1308776400,1285.4,1285.9,1262.8,1285.3
1308862800,1285.3,1291.8,1266.9,1269.7
1309122000,1269.7,1285.6,1262.5,1283.3
1309208400,1283.3,1300.6,1277.2,1299.8
1309294800,1299.8,1311,1297,1309.5
1309381200,1309.5,1323,1307.8,1319.3
1309467600,1319.3,1342,1318,1340.8
1309726800,1340.8,1340.8,1333.6,1339.3
1309813200,1339.3,1343,1334.5,1340.7
1309899600,1340.7,1346,1331.6,1343.2
1309986000,1343.2,1357.9,1342.2,1356.4
1310072400,1356.4,1359.6,1334.3,1346.8
1310331600,1346.8,1346.8,1316.5,1322.7
1310418000,1322.7,1327.9,1299.9,1314.9
1310504400,1314.9,1332.4,1311.9,1317.1
1310590800,1317.1,1327.8,1306.5,1311.2
1310677200,1311.2,1319.9,1305,1318.9
1310936400,1318.9,1319,1295.4,1305.7
1311022800,1305.7,1328.9,1304.4,1326.9
1311109200,1326.9,1333.9,1321.1,1321.3
1311195600,1321.3,1348.6,1319,1347.3
1311282000,1347.3,1351.8,1336.8,1344.8
1311541200,1344.8,1344.8,1325.8,1337.3
1311627600,1337.3,1343.5,1329.2,1329.7
1311714000,1329.7,1332.2,1301.5,1304
1311800400,1304,1316.5,1298.7,1302
1311886800,1302,1304.2,1281.9,1295.9
1312146000,1295.9,1313,1273.4,1282.7
1312232400,1282.7,1288.2,1248.5,1249.3
1312318800,1249.3,1261,1233.2,1257.7
1312405200,1257.7,1267.2,1196,1198.3
1312491600,1198.3,1221.8,1165.9,1200.2
1312750800,1200.2,1200.2,1111.8,1115.8
1312837200,1115.8,1177.6,1079.2,1175.6
1312923600,1175.6,1181.1,1116,1129.7
1313010000,1129.7,1186.3,1105.1,1171.8
1313096400,1171.8,1189,1148.9,1179.2
1313355600,1179.2,1203.8,1178.3,1199.8
1313442000,1199.8,1203.5,1179.5,1193.7
1313528400,1193.7,1208.7,1183.4,1189.2
1313614800,1189.2,1190.9,1130,1144.5
1313701200,1144.5,1155,1119.2,1125.4
1313960400,1125.4,1148,1112.8,1124.5
1314046800,1124.5,1162.2,1120,1162
1314133200,1162,1178.2,1143.9,1172.7
1314219600,1172.7,1189.9,1154.3,1157.1
1314306000,1157.1,1181.1,1134,1176.8
1314565200,1176.8,1209.9,1173.4,1208.7
1314651600,1208.7,1219.8,1194.6,1205.3
1314738000,1205.3,1230.8,1202.3,1219.5
1314824400,1219.5,1229.5,1200,1201.7
1314910800,1201.7,1204.2,1169.4,1170.6
1315170000,1170.6,1170.6,1138.9,1146.2
1315256400,1146.2,1167.1,1136.6,1165.9
1315342800,1165.9,1201.6,1165.4,1199.8
1315429200,1199.8,1204.3,1182.5,1186
1315515600,1186,1194.5,1147.2,1158.7
1315774800,1158.7,1167.2,1129.8,1164.2
1315861200,1164.2,1176.9,1145.2,1169.7
1315947600,1169.7,1202.6,1154.4,1187.6
1316034000,1187.6,1212,1182.3,1209.3
1316120400,1209.3,1221.5,1201.8,1219
1316379600,1219,1219,1188.4,1204.4
1316466000,1204.4,1221.5,1192.1,1205.9
1316552400,1205.9,1210.6,1161.5,1164
1316638800,1164,1165.5,1112.9,1134
1316725200,1134,1144.8,1108.1,1137
1316984400,1137,1165.2,1121,1164.9
1317070800,1164.9,1196.3,1161.1,1175.9
1317157200,1175.9,1187.9,1149.4,1153.2
1317243600,1153.2,1176.8,1139.3,1163.4
1317330000,1163.4,1165.7,1127.2,1127.9
1317589200,1127.9,1139,1090.5,1091.8
1317675600,1091.8,1125.1,1073.1,1118.3
1317762000,1118.3,1146.7,1112,1140.9
1317848400,1140.9,1165.9,1134.3,1162.9
1317934800,1162.9,1179.2,1150,1161.1
1318194000,1161.1,1197.5,1161.1,1195.2
1318280400,1195.2,1200,1185.9,1190.9
1318366800,1190.9,1221.2,1185.8,1203.9
1318453200,1203.9,1209.3,1190.3,1203.3
1318539600,1203.3,1226.5,1198,1224.8
1318798800,1224.8,1235.6,1195.4,1196.7
1318885200,1196.7,1234.5,1190.1,1221.7
1318971600,1221.7,1232,1206.1,1212.1
1319058000,1212.1,1220.8,1197,1214.5
1319144400,1214.5,1240.3,1213.5,1239.5
1319403600,1239.5,1256.9,1231.1,1251.3
1319490000,1251.3,1258.8,1226.4,1228.9
1319576400,1228.9,1247.7,1220.6,1246.4
1319662800,1246.4,1293.5,1241.9,1286.5
1319749200,1286.5,1288.5,1276.9,1286.4
1320008400,1286.4,1286.4,1245.7,1246.7
1320094800,1246.7,1251.8,1212.1,1227.6
1320181200,1227.6,1242.3,1220.1,1238.6
1320267600,1238.6,1263.3,1217,1258.8
1320354000,1258.8,1262.2,1237.9,1254.2
1320616800,1254.2,1262.8,1235.2,1262.5
1320703200,1262.5,1278.4,1251.7,1276.7
1320789600,1276.7,1277.2,1225.7,1229.7
1320876000,1229.7,1248,1221.2,1241.9
1320962400,1241.9,1267.7,1236.6,1264.6
1321221600,1264.6,1273.5,1246.1,1255.1
1321308000,1255.1,1264.8,1236.5,1257.3
1321394400,1257.3,1261.3,1230.7,1232.7
1321480800,1232.7,1244.1,1208.8,1218
1321567200,1218,1232,1211,1215.7
1321826400,1215.7,1215.7,1182.4,1189.9
1321912800,1189.9,1200.9,1181.1,1184.6
1321999200,1184.6,1186.8,1160.2,1161.5
1322085600,1161.5,1175.5,1157.7,1160.9
1322172000,1160.9,1172.9,1149.1,1155.1
1322431200,1155.1,1197.7,1155.1,1192.4
1322517600,1192.4,1207.4,1187.6,1191.8
1322604000,1191.8,1248,1184.3,1245.5
1322690400,1245.5,1252.2,1237,1244.5
1322776800,1244.5,1263.9,1243.1,1245.1
1323036000,1245.1,1267.2,1245.1,1253.4
1323122400,1253.4,1266.6,1246.1,1257.5
1323208800,1257.5,1268.8,1244.7,1264
1323295200,1264,1272.7,1231.4,1233.1
1323381600,1233.1,1261.1,1229.1,1260.3
1323640800,1260.3,1260.9,1226.3,1235
1323727200,1235,1250,1218.7,1227
1323813600,1227,1232.7,1209.1,1213.1
1323900000,1213.1,1227.1,1204.6,1217.8
1323986400,1217.8,1231.8,1214.9,1216.7
1324245600,1216.7,1226.3,1201.9,1205.9
1324332000,1205.9,1244.3,1205.7,1243.3
1324418400,1243.3,1255.6,1229.4,1241.7
1324504800,1241.7,1258.2,1238.7,1257.5
1324591200,1257.5,1267.2,1256.1,1265.9
1324936800,1265.9,1270.2,1262.1,1265.9
1325023200,1265.9,1270.6,1249,1251
1325109600,1251,1264.5,1250.2,1262.5
1325196000,1262.5,1266.4,1256.6,1258.9
1325541600,1258.9,1285.7,1258.9,1278.9
1325628000,1278.9,1280.3,1268.3,1278.6
1325714400,1278.6,1283.5,1265.2,1278.5
1325800800,1278.5,1287.5,1272.2,1279.4
1326060000,1279.4,1283,1272.5,1279.9
1326146400,1279.9,1297.2,1279.9,1290.1
1326232800,1290.1,1294.6,1284.3,1293.3
1326319200,1293.3,1302.6,1285.7,1296.5
1326405600,1296.5,1300,1277.6,1294.4
1326664800,1294.4,1297,1286,1296.5
1326751200,1296.5,1307.2,1290.6,1295.1
1326837600,1295.1,1308.8,1291,1307.3
1326924000,1307.3,1316,1303.8,1314.8
1327010400,1314.8,1316.2,1309.2,1315.7
1327269600,1315.7,1322.5,1309.2,1314.2
1327356000,1314.2,1320.6,1305.6,1318.9
1327442400,1318.9,1328.8,1307,1324.8
1327528800,1324.8,1333.8,1313.2,1320.2
1327615200,1320.2,1323.2,1310.9,1316.6
1327874400,1316.6,1318.2,1299.6,1312.9
1327960800,1312.9,1321.1,1305.8,1309.8
1328047200,1309.8,1330.5,1307.3,1324
1328133600,1324,1329.5,1320.5,1326.4
1328220000,1326.4,1345.4,1323.4,1342.9
1328479200,1342.9,1343.7,1333.4,1343.4
1328565600,1343.4,1348.8,1334.8,1347.3
1328652000,1347.3,1351.3,1341.3,1349
1328738400,1349,1355.7,1343.7,1350.4
1328824800,1350.4,1350.7,1336.6,1343.1
1329084000,1343.1,1354.9,1343.1,1351.6
1329170400,1351.6,1354.6,1340.3,1350
1329256800,1350,1360.5,1340.4,1341.7
1329343200,1341.7,1359.6,1336.6,1357.1
1329429600,1357.1,1363.6,1355.3,1362.3
1329688800,1362.3,1371.6,1362.3,1368.8
1329775200,1368.8,1369.8,1357.7,1362.7
1329861600,1362.7,1365.9,1354.9,1358.6
1329948000,1358.6,1365.5,1352.1,1364.8
1330034400,1364.8,1370.3,1363.2,1364.5
1330293600,1364.5,1372.2,1354.5,1368.2
1330380000,1368.2,1375.2,1365.9,1372.9
1330466400,1372.9,1378.4,1358.1,1361.6
1330552800,1361.6,1377.6,1360.1,1376.1
1330639200,1376.1,1378.1,1366.2,1369.7
1330898400,1369.7,1369.7,1359.2,1364.2
1330984800,1364.2,1366.3,1339.4,1342.9
1331071200,1342.9,1354.8,1342.6,1352.5
1331157600,1352.5,1369,1351.5,1366.2
1331244000,1366.2,1375.2,1363.9,1372.9
1331499600,1372.9,1373,1366.4,1372.7
1331586000,1372.7,1399.25,1372.7,1398.2
1331672400,1398.2,1400.2,1390.4,1392.9
1331758800,1392.9,1403.4,1391.15,1401.4
1331845200,1401.4,1406.4,1400.1,1404.1
1332104400,1404.1,1413.65,1399.35,1410.25
1332190800,1410.25,1410.65,1397.85,1406.55
1332277200,1406.55,1411.15,1399.95,1402.95
1332363600,1402.95,1406.25,1388.35,1395.05
1332450000,1395.05,1400.55,1386.05,1399.05
1332709200,1399.05,1420.25,1397.95,1419.95
1332795600,1419.95,1424.95,1411.35,1411.35
1332882000,1411.35,1417.15,1397.25,1404.95
1332968400,1404.95,1409.05,1391.45,1403.75
1333054800,1403.75,1411.05,1400.95,1409.45
1333314000,1409.45,1422.55,1403.95,1416.25
1333400400,1416.25,1418.95,1404.45,1412.65
1333486800,1412.65,1412.95,1393.35,1397.35
1333573200,1397.35,1402.25,1388.75,1395.65
1333659600,1395.65,1399.25,1376.6,1379.1
1333918800,1379.1,1387,1376.2,1379.65
1334005200,1379.65,1384.95,1356.75,1363.35
1334091600,1363.35,1374.55,1362.85,1369.55
1334178000,1369.55,1390.25,1367.45,1389.05
1334264400,1389.05,1392.55,1368.85,1370.35
1334523600,1370.35,1379.25,1364.45,1368.45
1334610000,1368.45,1392.45,1363.15,1387.15
1334696400,1387.15,1390.45,1381.85,1383.65
1334782800,1383.65,1393.65,1369.35,1377.85
1334869200,1377.85,1386.75,1375.05,1378.75
1335128400,1378.75,1378.75,1357.45,1367.75
1335214800,1367.75,1380.7,1364.45,1379.7
1335301200,1379.7,1391.2,1376.55,1391.2
1335387600,1391.2,1402.15,1384.6,1398.35
1335474000,1398.35,1406.05,1389.85,1402.1
1335733200,1402.1,1405.45,1392.85,1398.15
1335819600,1398.15,1414.55,1394.35,1404.05
1335906000,1404.05,1407.45,1392.25,1400.75
1335992400,1400.75,1405.45,1387.45,1389.65
1336078800,1389.65,1391.65,1366.05,1366.25
1336338000,1366.25,1372.65,1344.85,1368.85
1336424400,1368.85,1370.25,1346.25,1362.25
1336510800,1362.25,1362.95,1341.45,1350.45
1336597200,1350.45,1365.95,1348.15,1353.55
1336683600,1353.55,1365.15,1346.35,1352.35
1336942800,1352.35,1352.95,1334.35,1335.65
1337029200,1335.65,1348.75,1327.55,1331.45
1337115600,1331.45,1341.55,1322.95,1325.25
1337202000,1325.25,1332.45,1301.65,1304.65
1337288400,1304.65,1312.05,1291.55,1293.55
1337547600,1293.55,1317.15,1288.95,1315.85
1337634000,1315.85,1328.15,1309.05,1315.85
1337720400,1315.85,1320.25,1295.55,1315.85
1337806800,1315.85,1325.75,1307.45,1325.45
1337893200,1325.45,1330.95,1313.45,1315.9
1338152400,1315.9,1329.55,1315.9,1324.65
1338238800,1324.65,1335.15,1318.8,1333.95
1338325200,1333.95,1333.95,1308.85,1308.85
1338411600,1308.85,1319.8,1298.3,1307.5
1338498000,1307.5,1308.3,1275.2,1275.9
1338757200,1275.9,1282.05,1262.8,1274.8
1338843600,1274.8,1287.25,1268.35,1285.25
1338930000,1285.25,1316.65,1283.75,1315.65
1339016400,1315.65,1329.65,1312.35,1317.35
1339102800,1317.35,1328.05,1306.05,1327.75
1339362000,1327.75,1349.15,1306.5,1307
1339448400,1307,1326.55,1304.1,1325.35
1339534800,1325.35,1328.05,1310.45,1313.15
1339621200,1313.15,1334.5,1312.15,1334.2
1339707600,1334.2,1343.65,1331.4,1343.65
1339966800,1343.65,1354.35,1334.1,1348.3
1340053200,1348.3,1363.55,1343.2,1356.45
1340139600,1356.45,1361.9,1345.4,1358.2
1340226000,1358.2,1359.65,1323.95,1324.95
1340312400,1324.95,1337.95,1324.65,1333.2
1340571600,1333.2,1333.2,1308.55,1312.85
1340658000,1312.85,1323.85,1309.25,1321.35
1340744400,1321.35,1334.35,1318.05,1331.5
1340830800,1331.5,1333.5,1312.65,1326
1340917200,1326,1365.35,1321.9,1364.35
1341176400,1364.35,1367.85,1355.35,1362.6
1341262800,1362.6,1375.05,1360.75,1372.05
1341349200,1372.05,1375.55,1369.55,1374.15
1341435600,1374.15,1380.45,1362.85,1368.6
1341522000,1368.6,1369.25,1347.75,1357.05
1341781200,1357,1357,1346.25,1352.35
1341867600,1352.35,1361.55,1335.65,1341.15
1341954000,1341.15,1347.45,1332.85,1342.85
1342040400,1342.85,1344.15,1324.75,1335.25
1342126800,1335.25,1358.05,1333.75,1356.75
1342386000,1356.8,1357.05,1347.85,1352.05
1342472400,1352.05,1365.05,1343.95,1362.45
1342558800,1362.45,1375.05,1357.25,1374.75
1342645200,1374.75,1380.45,1370.65,1375.9
1342731600,1375.9,1376.4,1361.55,1362.85
1342990800,1362.85,1362.85,1336.25,1344.55
1343077200,1344.55,1350.55,1325.25,1326.15
1343163600,1326.15,1343.95,1325.55,1338.6
1343250000,1338.6,1362.65,1331.8,1358.9
1343336400,1358.9,1388.85,1356.95,1386.65
1343595600,1386.65,1391.25,1379.65,1384.15
1343682000,1384.15,1390.45,1374.8,1376.6
1343768400,1376.6,1385.05,1371.6,1373.5
1343854800,1373.5,1386.5,1352.85,1365.2
1343941200,1365.2,1393.95,1363.6,1391.35
1344200400,1391.35,1398.95,1390.75,1392.45
1344286800,1392.45,1406.65,1390.95,1400.25
1344373200,1400.25,1403.35,1393.8,1400.9
1344459600,1400.9,1407.05,1397.05,1403.2
1344546000,1403.2,1405.95,1394.95,1405.15
1344805200,1405.2,1406.7,1396.95,1404.7
1344891600,1404.7,1412.2,1400.15,1403.6
1344978000,1403.6,1408.35,1399.8,1407.3
1345064400,1407.3,1418.25,1404.55,1416.8
1345150800,1416.8,1419.15,1413.5,1417.95
1345410000,1417.95,1420.25,1411.95,1417.45
1345496400,1417.45,1426.95,1410.35,1414.3
1345582800,1414.3,1416.35,1406.6,1414.6
1345669200,1414.6,1420.05,1400.25,1402.2
1345755600,1402.2,1413.95,1397.45,1411.65
1346014800,1411.65,1417.75,1408.9,1409.7
1346101200,1409.7,1413.65,1405.15,1409.1
1346187600,1409.1,1414.35,1406.55,1408.55
1346274000,1408.55,1409.25,1396.95,1398
1346360400,1398,1413.7,1397.2,1407.35
1346619600,1407.35,1410.6,1398,1408.8
1346706000,1408.8,1410.4,1395.9,1405.3
1346792400,1405.3,1409.25,1398.6,1406.25
1346878800,1406.25,1433.45,1404.55,1433.45
1346965200,1433.45,1439.45,1431.75,1438.95
1347224400,1438.95,1438.95,1425.2,1425.4
1347310800,1425.4,1438.15,1422.4,1430.8
1347397200,1430.8,1440.3,1429.3,1438.8
1347483600,1438.8,1464.7,1435.7,1457.7
1347570000,1457.7,1475.15,1457.7,1466.15
1347829200,1466.1,1466.1,1457.65,1461.2
1347915600,1461.2,1463.3,1456.3,1461.3
1348002000,1461.3,1465.9,1457.7,1458.2
1348088400,1458.2,1461.6,1449.85,1461.4
1348174800,1461.4,1468.35,1456.75,1457.75
1348434000,1457.75,1460.35,1450.85,1458.1
1348520400,1458.1,1462.55,1440.9,1443.8
1348606800,1443.8,1445.45,1430.65,1434.8
1348693200,1434.8,1450.05,1434.8,1447.1
1348779600,1447.1,1449.1,1434.95,1440.75
1349038800,1440.75,1456.85,1433.3,1442.3
1349125200,1442.3,1451.3,1437.85,1445.55
1349211600,1445.55,1454.1,1441.5,1450.45
1349298000,1450.45,1462.95,1450.45,1461.45
1349384400,1461.45,1471.15,1456.55,1460.55
1349643600,1460.55,1462.15,1452.7,1454.1
1349730000,1454.1,1459.4,1440.45,1441.95
1349816400,1441.95,1442.45,1426.15,1428.65
1349902800,1428.65,1443.85,1426.15,1434.55
1349989200,1434.55,1439.35,1424.75,1426.75
1350248400,1426.75,1440.85,1421.05,1440.35
1350334800,1440.35,1455.85,1439.05,1454.55
1350421200,1454.55,1462.5,1450.8,1461.5
1350507600,1461.5,1463.95,1452.2,1455.15
1350594000,1455.15,1457.65,1428.75,1429.5
1350853200,1429.5,1436.6,1420.85,1436.1
1350939600,1436.1,1437.15,1406,1412.2
1351026000,1412.2,1418.75,1405.6,1410.7
1351112400,1410.7,1420.35,1400.85,1410.05
1351198800,1410.05,1416.1,1398.3,1410.9
1351458000,1410.9,1410.9,1400.6,1406.1
1351544400,1406.1,1415.6,1396.5,1414.8
1351630800,1414.8,1421.5,1403.95,1404.9
1351717200,1404.9,1428.7,1401.9,1427.7
1351803600,1427.7,1434.6,1408.6,1409.1
1352066400,1409.1,1418.35,1405.85,1413.65
1352152800,1413.65,1432.1,1412.85,1428.55
1352239200,1428.55,1434.6,1387,1394.2
1352325600,1394.2,1400.15,1375.4,1378.9
1352412000,1378.9,1390.55,1366.5,1379.85
1352671200,1379.85,1384.15,1375.4,1381.15
1352757600,1381.15,1388.55,1368.35,1377.05
1352844000,1377.05,1384.05,1351.95,1356.65
1352930400,1356.65,1361.15,1347.65,1354.35
1353016800,1354.35,1362.3,1342.55,1362.3
1353276000,1362.3,1386.65,1362.3,1386.45
1353362400,1386.45,1389.35,1376.05,1387.75
1353448800,1387.75,1391.45,1379.35,1390.75
1353535200,1390.75,1395.75,1390.75,1393.3
1353621600,1393.3,1409.2,1388.95,1408
1353880800,1408,1408,1396.7,1405.45
1353967200,1405.45,1409.25,1397.2,1398.95
1354053600,1398.95,1410.1,1384.7,1408.35
1354140000,1408.35,1419.7,1406.25,1416.15
1354226400,1416.15,1420.75,1411.25,1415.45
1354485600,1415.45,1425.1,1406.05,1407.05
1354572000,1407.05,1412.75,1402.75,1404.75
1354658400,1404.75,1415.65,1398.05,1407.55
1354744800,1407.55,1414.35,1405.15,1414.05
1354831200,1414.05,1423.1,1409.5,1417.25
1355090400,1417.25,1421.75,1411.65,1418.55
1355176800,1418.55,1434.65,1415.8,1432.75
1355263200,1432.75,1439.25,1426.55,1426.55
1355349600,1426.55,1431.95,1416.35,1417.85
1355436000,1417.85,1425.85,1412.05,1415.45
1355695200,1415.45,1434.85,1415.35,1434.55
1355781600,1434.55,1449.45,1431.45,1447.05
1355868000,1447.05,1452.05,1436.15,1436.45
1355954400,1436.45,1447.15,1433.4,1446.05
1356040800,1446.05,1447.05,1389.8,1432.25
1356300000,1432.25,1432.25,1423.35,1427.05
1356472800,1427.05,1430.15,1416.35,1418.85
1356559200,1418.85,1423.85,1401.45,1419.75
1356645600,1419.75,1422.05,1391.75,1392.85
1356904800,1392.85,1416.55,1388.45,1411.65
1357077600,1411.65,1463.05,1411.65,1462.55
1357164000,1462.55,1465.45,1455.15,1459.45
1357250400,1459.45,1467.95,1456.6,1463.65
1357509600,1463.65,1465.25,1455.65,1461.15
1357596000,1461.15,1461.7,1450.85,1456.05
1357682400,1456.05,1463.95,1456.05,1460.75
1357768800,1460.75,1473.25,1459.5,1473.25
1357855200,1473.25,1475.55,1467.05,1471.45
1358114400,1471.45,1475.5,1464.65,1469.15
1358200800,1469.15,1472.35,1461,1470.65
1358287200,1470.65,1472.95,1464.35,1468.75
1358373600,1468.75,1484.65,1464.8,1479.35
1358460000,1479.35,1484.95,1474.65,1482.95
1358719200,1482.95,1487.45,1482.05,1487.15
1358805600,1487.15,1493.65,1479.05,1493.65
1358892000,1493.65,1494.95,1488.35,1489.35
1358978400,1489.35,1501.35,1486.55,1492.55
1359064800,1492.55,1502.75,1490.5,1498.95
1359324000,1498.95,1503.25,1494.75,1499.05
1359410400,1499.05,1508.55,1494.55,1508.15
1359496800,1508.15,1509.15,1497.55,1497.55
1359583200,1497.55,1502.95,1494.65,1498.75
1359669600,1498.75,1513.25,1498.75,1509.95
1359928800,1509.95,1511.3,1493.25,1495.95
1360015200,1495.95,1513.65,1495.25,1510.65
1360101600,1510.65,1512.85,1501.85,1510.35
1360188000,1510.35,1513.45,1497.25,1508.55
1360274400,1508.55,1517.45,1506.45,1515.85
1360533600,1515.85,1519.15,1512.35,1515.95
1360620000,1515.95,1521.15,1511,1519.15
1360706400,1519.15,1524.15,1515.35,1519.25
1360792800,1519.25,1522.65,1512.25,1520.75
1360879200,1520.75,1523.75,1513.55,1519.65
1361138400,1519.65,1520.7,1517.7,1519.85
1361224800,1519.85,1530.65,1517.2,1530.25
1361311200,1530.25,1531.65,1508.65,1509.55
1361397600,1509.55,1511.3,1496.85,1503.75
1361484000,1503.75,1516.45,1503.45,1515.65
1361743200,1515.65,1525.75,1483.15,1484.75
1361829600,1484.75,1498.85,1484.15,1494.35
1361916000,1494.35,1520.35,1491.35,1517.55
1362002400,1517.55,1525.45,1510.05,1510.25
1362088800,1510.25,1519.95,1500.65,1517.35
1362348000,1517.35,1527.65,1508,1527.65
1362434400,1527.65,1543.35,1525.4,1539.65
1362520800,1539.65,1545.35,1537.75,1540.05
1362607200,1540.05,1545.65,1538,1544.35
1362693600,1544.35,1553,1540.6,1549.45
1362949200,1549.45,1556.35,1545.85,1556.15
1363035600,1556.15,1556.65,1547.15,1552.75
1363122000,1552.75,1555.95,1547.55,1555.95
1363208400,1555.95,1562.15,1554.2,1560.65
1363294800,1560.65,1563.7,1554.15,1558.85
1363554000,1558.85,1558.85,1534.4,1552.55
1363640400,1552.55,1555.95,1536.65,1544.85
1363726800,1544.85,1560.35,1541.4,1555.25
1363813200,1555.25,1555.4,1541.25,1544.05
1363899600,1544.05,1556.65,1539.8,1556.15
1364158800,1556.15,1564.85,1543.55,1552.75
1364245200,1552.75,1563.05,1551.35,1562.35
1364331600,1562.35,1564.7,1550.35,1561.55
1364418000,1561.55,1568.75,1554.4,1567.75
1364504400,1567.75,1568.25,1567.75,1568.25
1364763600,1568.25,1568.95,1556.85,1560.05
1364850000,1560.05,1571.95,1558.5,1569.45
1364936400,1569.45,1571.95,1548.15,1552.75
1365022800,1552.75,1561.35,1549.85,1557.35
1365109200,1557.35,1558.85,1537.35,1550.15
1365368400,1550.15,1566.35,1546.85,1566.35
1365454800,1566.35,1572.65,1559.35,1567.35
1365541200,1567.35,1588.15,1564.9,1587.65
1365627600,1587.65,1596.45,1584.7,1591.85
1365714000,1591.85,1593.25,1578.45,1585.55
1365973200,1585.55,1586.4,1542.25,1545.55
1366059600,1545.55,1573.85,1544.65,1572.55
1366146000,1572.55,1572.95,1541.55,1549.15
1366232400,1549.15,1556.65,1534.05,1540.95
1366318800,1540.95,1553.85,1538.55,1550.45
1366578000,1550.45,1563.95,1545.65,1560.95
1366664400,1560.95,1579.95,1551.65,1578.45
1366750800,1578.45,1581.85,1573.85,1577.15
1366837200,1577.15,1590.95,1574,1584.05
1366923600,1584.05,1585.3,1575.75,1579.25
1367182800,1579.25,1594.85,1576.8,1592.15
1367269200,1592.15,1596.35,1584.05,1596.05
1367355600,1596.05,1597.95,1578.85,1581.35
1367442000,1581.35,1596.75,1581.35,1595.25
1367528400,1595.25,1616.75,1592.15,1611.35
1367787600,1611.35,1617.45,1609.85,1615.25
1367874000,1615.25,1624.05,1611.8,1623.55
1367960400,1623.55,1631.75,1619.45,1631.05
1368046800,1631.05,1634.45,1622.15,1628.45
1368133200,1628.45,1633.15,1622.65,1631.65
1368392400,1631.65,1635.25,1623.75,1632.65
1368478800,1632.65,1650.65,1628.65,1649.95
1368565200,1649.95,1661.65,1644.85,1656.65
1368651600,1656.65,1660.45,1648.05,1651.65
1368738000,1651.65,1667.55,1650.45,1665.05
1368997200,1665.05,1672.65,1661.65,1665.75
1369083600,1665.75,1674.85,1661.85,1667.45
1369170000,1667.45,1687.35,1648.35,1658.95
1369256400,1658.95,1660.35,1634.55,1652.65
1369342800,1652.65,1656.7,1636.05,1651.35
1369602000,1651.35,1656.75,1645.75,1653.85
1369688400,1653.85,1673.95,1652.55,1658.15
1369774800,1658.15,1658.15,1639.35,1647.15
1369861200,1647.15,1661.85,1642.5,1654.85
1369947600,1654.85,1659.05,1627.65,1630.45
1370206800,1630.45,1639.85,1621.85,1637.35
1370293200,1637.35,1646.45,1622.55,1631.75
1370379600,1631.75,1633,1606.35,1608.75
1370466000,1608.75,1624.95,1597.55,1623.95
1370552400,1623.95,1644.65,1619,1640.35
1370811600,1640.35,1648.95,1635.25,1642.35
1370898000,1642.35,1642.95,1622.15,1628.25
1370984400,1628.25,1638.65,1610.55,1611.25
1371070800,1611.25,1639.85,1598,1637.35
1371157200,1637.35,1641.05,1623.55,1624.65
1371416400,1624.65,1646.85,1624.05,1640.55
1371502800,1640.55,1654.45,1638.2,1652.45
1371589200,1652.45,1654.65,1626.35,1627.75
1371675600,1627.75,1628.55,1582.85,1589.25
1371762000,1589.25,1602.75,1576.15,1590.35
1372021200,1590.35,1591.75,1558.35,1572.25
1372107600,1572.25,1592.95,1563.7,1586.15
1372194000,1586.15,1606.35,1578.6,1601.65
1372280400,1601.65,1619.35,1599.85,1611.55
1372366800,1611.55,1619.55,1599.25,1604.05
1372626000,1604.05,1625.45,1598.4,1611.45
1372712400,1611.45,1623.45,1605.25,1612.25
1372798800,1612.25,1617.75,1598.95,1614.35
1372885200,1614.35,1629.15,1613.45,1628.35
1372971600,1628.35,1635.45,1612.85,1632.15
1373230800,1632.15,1644.05,1630.8,1641.65
1373317200,1641.65,1653.45,1640.5,1650.45
1373403600,1650.45,1659.15,1645.95,1658.45
1373490000,1658.45,1676.15,1658.15,1674.45
1373576400,1674.45,1678.65,1670.9,1674.85
1373835600,1674.85,1683.95,1674.35,1681.95
1373922000,1681.95,1683.65,1670.55,1676.05
1374008400,1676.05,1684.45,1670.05,1679.75
1374094800,1679.75,1692.55,1676,1684.25
1374181200,1684.25,1693.15,1679.5,1693.15
1374440400,1693.15,1698.1,1689.55,1694.45
1374526800,1694.45,1699.4,1690.05,1694.15
1374613200,1694.15,1698.95,1681.05,1687.95
1374699600,1687.95,1689.95,1675.55,1689.15
1374786000,1689.15,1692.6,1674.35,1690.35
1375045200,1690.35,1691.25,1680.05,1685.75
1375131600,1685.75,1691.65,1680.85,1687.75
1375218000,1687.75,1697.15,1683.65,1688.95
1375304400,1688.95,1706.85,1687.85,1705.65
1375390800,1705.65,1707.95,1699.05,1707.55
1375650000,1707.55,1707.85,1701.85,1704.95
1375736400,1704.95,1706.35,1691.55,1696.15
1375822800,1696.15,1696.55,1683.55,1691.95
1375909200,1691.95,1699.65,1687.45,1697.05
1375995600,1697.05,1698.85,1685.35,1689.35
1376254800,1689.35,1690.85,1677.85,1690.65
1376341200,1690.65,1696.85,1681.85,1693.35
1376427600,1693.35,1695.55,1683.45,1684.45
1376514000,1684.45,1684.45,1657.85,1657.85
1376600400,1657.85,1664.15,1651.85,1653.55
1376859600,1653.55,1658.95,1644.35,1646.15
1376946000,1646.15,1658.45,1643.1,1652.55
1377032400,1652.55,1656.55,1636.95,1637.35
1377118800,1637.35,1659.45,1633.3,1657.35
1377205200,1657.35,1664.35,1652.55,1663.35
1377464400,1663.35,1669.25,1654.95,1656.15
1377550800,1656.15,1657.15,1627.85,1630.25
1377637200,1630.25,1640.45,1626.35,1631.65
1377723600,1631.65,1646.05,1629.35,1639.25
1377810000,1639.25,1646.1,1627.05,1634.55
1378069200,1634.55,1649.55,1634.55,1648.65
1378155600,1648.65,1650.95,1631.95,1639.65
1378242000,1639.65,1655.65,1636.15,1655.35
1378328400,1655.35,1658.95,1651.35,1653.35
1378414800,1653.35,1664.75,1639.85,1654.35
1378674000,1654.35,1672.35,1652.85,1671.05
1378760400,1671.05,1683.75,1669.8,1683.15
1378846800,1683.15,1690.35,1678.45,1690.35
1378933200,1690.35,1690.95,1681.85,1685.85
1379019600,1685.85,1689.35,1681.1,1688.95
1379278800,1688.95,1710.65,1688.95,1697.95
1379365200,1697.95,1706.65,1694.85,1706.15
1379451600,1706.15,1730.15,1700.25,1725.35
1379538000,1725.35,1733.85,1720.25,1723.25
1379624400,1723.25,1726.25,1708.15,1709.65
1379883600,1709.65,1713.95,1696.15,1699.55
1379970000,1699.55,1707.35,1694.05,1698.85
1380056400,1698.85,1701.25,1690.95,1692.75
1380142800,1692.75,1703.75,1692.25,1699.95
1380229200,1699.95,1701.55,1686.35,1692.55
1380488400,1692.55,1692.55,1672.85,1683.85
1380574800,1683.85,1697.95,1681.25,1696.75
1380661200,1696.75,1697.95,1679.15,1689.35
1380747600,1689.35,1690.35,1669.05,1673.35
1380834000,1673.35,1691.45,1673.3,1690.15
1381093200,1690.15,1690.15,1672.05,1673.25
1381179600,1673.25,1676.75,1651.85,1651.85
1381266000,1651.85,1663.35,1645.35,1653.85
1381352400,1653.85,1692.85,1653.45,1687.75
1381438800,1687.75,1704.35,1678.35,1703.55
1381698000,1703.55,1711.65,1685.85,1710.65
1381784400,1710.65,1714.65,1694.55,1699.25
1381870800,1699.25,1721.75,1696.25,1717.05
1381957200,1717.05,1733.45,1711.15,1732.75
1382043600,1732.75,1744.95,1731.95,1741.65
1382302800,1741.65,1746.95,1739.55,1742.35
1382389200,1742.35,1758.95,1740.65,1754.35
1382475600,1754.35,1754.65,1739.05,1747.05
1382562000,1747.05,1756.1,1744.45,1753.25
1382648400,1753.25,1759.95,1747.15,1758.45
1382907600,1758.45,1766.3,1755.85,1761.85
1382994000,1761.85,1772.15,1758.7,1771.85
1383080400,1771.85,1777.15,1755.75,1763.25
1383166800,1763.25,1767.75,1754.35,1759.75
1383253200,1759.75,1764.95,1750.85,1758.35
1383516000,1758.35,1767.45,1757.05,1766.55
1383602400,1766.55,1767.4,1754.05,1760.55
1383688800,1760.55,1773.15,1759.45,1768.65
1383775200,1768.65,1777.75,1745.65,1748.85
1383861600,1748.85,1771.15,1739.55,1769.35
1384120800,1769.35,1773.15,1765.9,1770.65
1384207200,1770.65,1772.6,1761.25,1768.25
1384293600,1768.25,1784.85,1757.25,1783.25
1384380000,1783.25,1791.65,1780.15,1790.65
1384466400,1790.65,1798.65,1789.4,1796.35
1384725600,1796.35,1802.15,1787.35,1792.15
1384812000,1792.15,1795.95,1784.55,1788.05
1384898400,1788.05,1796.45,1777.05,1782.65
1384984800,1782.65,1797.65,1778.05,1796.15
1385071200,1796.15,1805.35,1794.4,1803.45
1385330400,1803.45,1811.2,1800.55,1804.05
1385416800,1804.05,1808.75,1800.75,1804.45
1385503200,1804.45,1809.15,1803.15,1806.15
1385589600,1806.15,1811.65,1805.95,1810.35
1385676000,1810.35,1814.05,1804.55,1805.85
1385935200,1805.85,1810.15,1798.55,1801.25
1386021600,1801.25,1803,1787.65,1792.95
1386108000,1792.95,1800.65,1779.15,1794.15
1386194400,1794.15,1795.55,1783.25,1784.75
1386280800,1784.75,1806.95,1784.25,1805.75
1386540000,1805.75,1812.45,1805.75,1809.65
1386626400,1809.65,1812.35,1801.85,1804.45
1386712800,1804.45,1808.9,1780.55,1781.75
1386799200,1781.75,1784.85,1772.55,1774.45
1386885600,1774.45,1783.45,1772.55,1774.45
1387144800,1774.45,1792.85,1761,1785.75
1387231200,1785.75,1789.15,1776.95,1778.45
1387317600,1778.45,1813.25,1767.6,1810.55
1387404000,1810.55,1813.15,1801.65,1808.15
1387490400,1808.15,1824.15,1808.15,1821.05
1387749600,1821.05,1830.65,1821.05,1829.75
1387836000,1829.75,1834.45,1827,1834.05
1388008800,1834.05,1843.85,1834.05,1842.85
1388095200,1842.85,1846.05,1839.35,1842.45
1388354400,1842.45,1844.45,1839.55,1841.15
1388440800,1841.15,1849.25,1840.3,1847.15
1388613600,1847.15,1847.15,1827.55,1832.25
1388700000,1832.25,1838.45,1826.3,1831.05
1388959200,1831.05,1837.65,1822.85,1825.05
1389045600,1825.05,1839.95,1825.05,1835.55
1389132000,1835.55,1840.15,1830.85,1837.35
1389218400,1837.35,1844.05,1829.55,1838.55
1389304800,1838.55,1847.55,1831.55,1842.85
1389564000,1842.85,1843.35,1814.55,1819.65
1389650400,1819.65,1838.95,1817.35,1837.45
1389736800,1837.45,1850.35,1836.4,1846.45
1389823200,1846.45,1848.4,1839.25,1841.65
1389909600,1841.65,1847.15,1834.05,1838.15
1390168800,1838.15,1839.05,1834.7,1838.35
1390255200,1838.35,1848.15,1830.65,1841.55
1390341600,1841.55,1847.4,1839.15,1843.35
1390428000,1843.35,1847.95,1818.05,1828.95
1390514400,1828.95,1832,1786.55,1787.05
1390773600,1787.05,1795.65,1770.85,1776.85
1390860000,1776.85,1792.65,1774.85,1792.25
1390946400,1792.25,1804.75,1767.65,1773.45
1391032800,1773.45,1797.15,1771.45,1787.95
1391119200,1787.95,1791.55,1764.65,1782.75
1391378400,1782.75,1786.95,1736.25,1740.05
1391464800,1740.05,1756.45,1737.25,1747.45
1391551200,1747.45,1753.65,1735.15,1748.55
1391637600,1748.55,1772.65,1747.15,1770.85
1391724000,1770.85,1796.55,1761.35,1795.75
1391983200,1795.75,1798.1,1789.15,1797.85
1392069600,1797.85,1822.15,1797.15,1815.45
1392156000,1815.45,1825.85,1814.05,1819.25
1392242400,1819.25,1829.45,1804.95,1827.45
1392328800,1827.45,1841.05,1818.65,1837.75
1392588000,1837.75,1842.45,1834.25,1839.45
1392674400,1839.45,1842.15,1833.85,1839.95
1392760800,1839.95,1846.55,1825.65,1828.25
1392847200,1828.25,1842.25,1819.45,1837.65
1392933600,1837.65,1845.95,1834.85,1835.85
1393192800,1835.85,1858.45,1831.25,1846.65
1393279200,1846.65,1852.65,1839.15,1848.85
1393365600,1848.85,1855.05,1839.75,1844.55
1393452000,1844.55,1856.95,1834.6,1856.75
1393538400,1856.75,1867.95,1846.85,1861.35
1393797600,1861.35,1861.35,1833.45,1845.05
1393884000,1845.05,1875.85,1844.95,1872.35
1393970400,1872.35,1876.55,1869.05,1874.05
1394056800,1874.05,1881.95,1872.25,1877.75
1394143200,1877.75,1888.7,1870.4,1879.1
1394398800,1879.1,1879.7,1866.65,1878.35
1394485200,1878.35,1882.95,1863.95,1865.35
1394571600,1865.35,1869.5,1854.7,1869.5
1394658000,1869.5,1875.7,1842.3,1848.5
1394744400,1848.5,1853.7,1839.85,1840.05
1395003600,1840.05,1863.1,1831.15,1859.3
1395090000,1859.3,1874.4,1853.05,1871.2
1395176400,1871.2,1874.75,1849.4,1857.3
1395262800,1857.3,1873.7,1852.1,1872.6
1395349200,1872.6,1883.9,1862.8,1864.3
1395608400,1864.3,1873.1,1848.3,1857.2
1395694800,1857.2,1871.3,1855,1865.75
1395781200,1865.75,1875.5,1848.3,1850.7
1395867600,1850.7,1855.15,1840.6,1848.9
1395954000,1848.9,1866,1848.2,1857
1396213200,1857,1874.2,1857,1870.3
1396299600,1870.3,1884.9,1868.8,1884.6
1396386000,1884.6,1892.4,1882.7,1889.7
1396472400,1889.7,1893.6,1881.6,1890.5
1396558800,1890.5,1898.6,1861.9,1866.4
1396818000,1866.4,1867.3,1840.4,1844.9
1396904400,1844.9,1854.5,1836.6,1850.6
1396990800,1850.6,1872.1,1849.6,1871.2
1397077200,1871.2,1873.1,1829.4,1834.9
1397163600,1834.9,1837.3,1812.7,1817
1397422800,1817,1833.1,1808.6,1829.9
1397509200,1829.9,1848.4,1814.4,1848.3
1397595600,1848.3,1862,1845.8,1856.7
1397682000,1856.7,1868.7,1852.4,1863.2
1397768400,1863.2,1864.3,1863.2,1863.3
1398027600,1863.3,1870.4,1861.4,1869.4
1398114000,1869.4,1883.3,1865.6,1878
1398200400,1878,1883.4,1872.2,1882.7
1398286800,1882.7,1886.9,1868.3,1878.4
1398373200,1878.4,1878.6,1857.5,1863.9
1398632400,1863.9,1875.8,1848.3,1870.3
1398718800,1870.3,1879.3,1869.3,1874.5
1398805200,1874.5,1884.2,1870.4,1883.2
1398891600,1883.2,1886.6,1875.6,1882.7
1398978000,1882.7,1889.6,1876,1878.3
1399237200,1878.3,1883.4,1864.3,1881
1399323600,1881,1884.9,1865.4,1867.9
1399410000,1867.9,1879.1,1858.1,1878.1
1399496400,1878.1,1888.1,1868.6,1873.6
1399582800,1873.6,1878.2,1865.9,1876.9
1399842000,1876.9,1896.7,1876.9,1896.6
1399928400,1896.6,1901.4,1895.2,1897.7
1400014800,1897.7,1900.1,1885.3,1888.1
1400101200,1888.1,1891.3,1861.7,1869.8
1400187600,1869.8,1878.4,1864.1,1877.9
1400446800,1877.9,1885.5,1868.2,1884.3
1400533200,1884.3,1887,1867.3,1871.3
1400619600,1871.3,1888.9,1869,1886.1
1400706000,1886.1,1896.2,1885.15,1892.7
1400792400,1892.7,1901.25,1891.9,1899.15
1401051600,1899.15,1906.65,1899.15,1905.25
1401138000,1905.25,1911.8,1904.05,1911.4
1401224400,1911.4,1915.8,1906.45,1911.25
1401310800,1911.25,1919.85,1909.15,1919.35
1401397200,1919.35,1923.85,1916.05,1922.05
1401656400,1922.05,1925.85,1915.05,1923.55
1401742800,1923.55,1924.25,1917.55,1924.15
1401829200,1924.15,1928.15,1917.45,1927.55
1401915600,1927.55,1941.85,1922.35,1939.55
1402002000,1939.55,1950.55,1939.05,1950.55
1402261200,1950.55,1955.55,1946.75,1950.05
1402347600,1950.05,1952.15,1943.95,1952.15
1402434000,1952.15,1952.45,1939.35,1944.55
1402520400,1944.55,1948.35,1925.55,1932.15
1402606800,1932.15,1937.45,1927.05,1936.05
1402866000,1936.05,1941.15,1926.95,1937.15
1402952400,1937.15,1943.25,1931.55,1942.05
1403038800,1942.05,1957.85,1937.65,1956.35
1403125200,1956.35,1959.65,1951.85,1957.45
1403211600,1957.45,1964.15,1956.05,1961.25
1403470800,1961.25,1966.95,1957.55,1959.55
1403557200,1959.55,1967.15,1947.05,1949.55
1403643600,1949.55,1960.15,1944.55,1955.95
1403730000,1955.95,1959.55,1943.35,1956.15
1403816400,1956.15,1960.85,1949.55,1958.35
1404075600,1958.35,1963.35,1954.85,1960.95
1404162000,1960.95,1978.35,1960.35,1972.65
1404248400,1972.65,1976.45,1971.25,1974.85
1404334800,1974.85,1984.65,1972.65,1984.05
1404421200,1984.05,1984.05,1981.15,1981.95
1404680400,1981.95,1983.65,1973.55,1976.55
1404766800,1976.55,1976.95,1958.95,1966.25
1404853200,1966.25,1974.25,1964.45,1973.75
1404939600,1973.75,1974.25,1951.35,1962.75
1405026000,1962.75,1969.45,1958.95,1968.05
1405285200,1968.05,1979.45,1968.05,1976.75
1405371600,1976.75,1981.95,1964.35,1973.65
1405458000,1973.65,1983.35,1972.55,1977.65
1405544400,1977.65,1981.45,1953.95,1954.65
1405630800,1954.65,1979.65,1947.95,1976.95
1405890000,1976.95,1976.95,1964.15,1970.65
1405976400,1970.65,1985.35,1970.35,1977.35
1406062800,1977.35,1988.35,1977.35,1986.05
1406149200,1986.05,1990.55,1981.75,1984.15
1406235600,1984.15,1985.45,1972.95,1976.35
1406494800,1976.35,1980.45,1965.35,1976.65
1406581200,1976.65,1983.85,1966.55,1969.05
1406667600,1969.05,1978.55,1960.95,1969.45
1406754000,1969.45,1969.75,1927.75,1928.55
1406840400,1928.55,1936.15,1914.55,1922.95
1407099600,1922.95,1941.35,1918.65,1935.65
1407186000,1935.65,1936.85,1911.25,1917.55
1407272400,1917.55,1926.95,1906.75,1918.65
1407358800,1918.65,1929.15,1903.35,1907.55
1407445200,1907.55,1931.45,1893.75,1927.05
1407704400,1927.05,1944.05,1927.05,1936.45
1407790800,1936.45,1941.75,1926.75,1935.45
1407877200,1935.45,1949.45,1933.95,1949.15
1407963600,1949.15,1957.45,1945.15,1956.95
1408050000,1956.95,1963.75,1940.35,1955.05
1408309200,1955.05,1971.55,1955.05,1971.25
1408395600,1971.25,1982.35,1971.05,1980.05
1408482000,1980.05,1988.35,1975.75,1985.65
1408568400,1985.65,1994.35,1983.05,1992.25
1408654800,1992.25,1994.05,1983.95,1989.45
1408914000,1989.45,2001.75,1989.45,1996.85
1409000400,1996.85,2004.65,1994.45,2000.85
1409086800,2000.85,2002.35,1995.55,1998.75
1409173200,1998.75,2000.45,1989.35,2000.45
1409259600,2000.45,2005.45,1994.15,2001.85
1409518800,2001.85,2002.95,1998.65,2002.25
1409605200,2002.25,2007.85,1994.15,2002.05
1409691600,2002.05,2012.25,1997.85,2000.35
1409778000,2000.35,2011.25,1991.95,2000.75
1409864400,2000.75,2007.25,1989.55,2006.95
1410123600,2006.95,2007.15,1995.05,2002.05
1410210000,2002.05,2003.55,1984.15,1990.15
1410296400,1990.15,1996.85,1982.35,1995.95
1410382800,1995.95,1999.55,1985.75,1999.55
1410469200,1999.55,1999.85,1980.15,1985.55
1410728400,1985.55,1987.45,1971.85,1984.95
1410814800,1984.95,2002.95,1978.95,2000.15
1410901200,2000.15,2011.25,1992.1,2002.9
1410987600,2002.9,2015.05,2001.6,2014.85
1411074000,2014.85,2022.75,2006.75,2012.95
1411333200,2012.95,2012.95,1990.55,1992.85
1411419600,1992.85,1995.65,1976.15,1976.45
1411506000,1976.45,2000.15,1976.15,1998.25
1411592400,1998.25,1999.25,1965.55,1968.55
1411678800,1968.55,1986.65,1964.15,1983.45
1411938000,1983.45,1984.35,1962.95,1975.85
1412024400,1975.85,1985.25,1968.05,1969.05
1412110800,1969.05,1974.05,1941.05,1948.55
1412197200,1948.55,1952.55,1925.15,1945.25
1412283600,1945.25,1971.25,1942.45,1966.75
1412542800,1966.75,1977.55,1957.15,1960.95
1412629200,1960.95,1962.65,1930.95,1931.45
1412715600,1931.45,1970.55,1924.45,1969.05
1412802000,1969.05,1974.75,1921.55,1924.45
1412888400,1924.45,1937.25,1901.25,1904.45
1413147600,1904.45,1911.95,1870.7,1870.8
1413234000,1870.8,1898.35,1869.5,1883.45
1413320400,1883.45,1888.75,1818.55,1850.85
1413406800,1850.85,1875.05,1820.65,1856.15
1413493200,1856.15,1897.05,1855.45,1883.35
1413752400,1883.35,1907.55,1877.45,1906.85
1413838800,1906.85,1944.45,1890.95,1944.35
1413925200,1944.35,1948.75,1925.45,1929.85
1414011600,1929.85,1961.15,1927.45,1951.35
1414098000,1951.35,1964.35,1936.85,1964.25
1414357200,1964.25,1970.65,1949.35,1962.35
1414443600,1962.35,1984.75,1961.55,1984.25
1414530000,1984.25,1990.25,1966.65,1976.45
1414616400,1976.45,1998.55,1963.55,1993.65
1414702800,1993.65,2021.15,1991.35,2014.75
1414965600,2014.75,2023.35,2011.35,2014.65
1415052000,2014.65,2018.05,1999.45,2009.95
1415138400,2009.95,2024.45,2007.95,2022.35
1415224800,2022.35,2033.05,2015.05,2032.85
1415311200,2032.85,2037.05,2024.45,2030.35
1415570400,2030.35,2038.75,2024.55,2037.85
1415656800,2037.85,2042.35,2034.65,2040.05
1415743200,2040.05,2040.55,2030.35,2038.55
1415829600,2038.55,2046.75,2030.35,2036.95
1415916000,2036.95,2042.65,2035.35,2041.35
1416175200,2041.35,2043.35,2028.35,2042.55
1416261600,2042.55,2056.95,2038.75,2051.45
1416348000,2051.45,2053.15,2040.65,2049.85
1416434400,2049.85,2055.35,2038.05,2055.05
1416520800,2055.05,2074.75,2052.55,2063.95
1416780000,2063.95,2071.25,2063.25,2069.95
1416866400,2069.95,2075.15,2065.15,2070.45
1416952800,2070.45,2077.3,2067.3,2076.5
1417039200,2076.5,2076.7,2070.5,2075.6
1417125600,2075.6,2075.6,2065.9,2068.6
1417384800,2068.6,2068.6,2050.15,2052.05
1417471200,2052.05,2069.75,2052.05,2068.15
1417557600,2068.15,2077.25,2064.65,2073.95
1417644000,2073.95,2078.55,2062.65,2073.45
1417730400,2073.45,2080.15,2070.05,2077.65
1417989600,2077.65,2078.45,2054.85,2061.85
1418076000,2061.85,2063.05,2034.25,2059.05
1418162400,2059.05,2060.75,2024.35,2027.35
1418248800,2027.35,2057.15,2024.55,2028.05
1418335200,2028.05,2033.05,1997.55,1999.25
1418594400,1999.25,2019.45,1981.95,1989.35
1418680800,1989.35,2018.25,1968.85,1974.05
1418767200,1974.05,2017.95,1973.05,2014.55
1418853600,2014.55,2069.25,2011.65,2068.85
1418940000,2068.85,2083.15,2063.75,2075.15
1419199200,2075.15,2082.75,2072.15,2079.05
1419285600,2079.05,2091.25,2078.25,2085.95
1419372000,2085.95,2090.1,2083.9,2085.35
1419544800,2085.35,2095.2,2085.35,2091
1419804000,2091,2095.25,2082.45,2094.25
1419890400,2094.25,2094.75,2079.35,2082.95
1419976800,2082.95,2089.05,2073.65,2074.85
1420149600,2074.85,2074.85,2044.75,2052.55
1420408800,2052.55,2054.15,2015.25,2023.85
1420495200,2023.85,2029.25,1989.95,2000.35
1420581600,2000.35,2029.15,2000.15,2026.15
1420668000,2026.15,2063.85,2025.85,2058.95
1420754400,2058.95,2067.15,2036.75,2041.15
1421013600,2041.15,2053.35,2020.45,2028.75
1421100000,2028.75,2056.75,2006.15,2023.45
1421186400,2023.45,2024.65,1986.05,2015.35
1421272800,2015.35,2032.05,1988.45,1988.45
1421359200,1988.45,2019.2,1975.15,2016.6
1421618400,2016.6,2028.3,2007.65,2013.25
1421704800,2013.25,2030.85,2002.05,2020.05
1421791200,2020.05,2036.95,2009.75,2031.45
1421877600,2031.45,2063.45,2023.75,2061.85
1421964000,2061.85,2066.65,2048.45,2048.85
1422223200,2048.85,2058.95,2029.75,2058.45
1422309600,2058.45,2058.75,2017.05,2041.65
1422396000,2041.65,2050.65,1995.25,1998.15
1422482400,1998.15,2023.55,1985.95,2022.85
1422568800,2022.85,2024.15,1990.05,1993.85
1422828000,1993.85,2021.75,1977.35,2018.65
1422914400,2018.65,2047.35,2010.45,2045.05
1423000800,2045.05,2052.55,2026.25,2028.15
1423087200,2028.15,2061.95,2024.15,2059.85
1423173600,2059.85,2071.05,2047.95,2056.45
1423432800,2056.45,2056.45,2039.45,2046.05
1423519200,2046.05,2069.35,2043.55,2065.85
1423605600,2065.85,2082.25,2056.25,2077.05
1423692000,2077.05,2088.15,2061.45,2085.45
1423778400,2085.45,2096.95,2084.45,2095.95
1424037600,2095.95,2096.15,2086.15,2089.05
1424124000,2089.05,2101.05,2083.35,2099.95
1424210400,2099.95,2100.75,2091.05,2097.75
1424296800,2097.75,2101.65,2089.65,2098.65
1424383200,2098.65,2110.85,2084.55,2109.25
1424642400,2109.25,2110.05,2101.85,2108.75
1424728800,2108.75,2117.65,2104.75,2116.15
1424815200,2116.15,2119.35,2109.35,2112.75
1424901600,2112.75,2116.65,2103.35,2111.75
1424988000,2111.75,2112.55,2102.85,2106.05
1425247200,2106.05,2116.75,2102.05,2115.75
1425333600,2115.75,2116.05,2096.95,2106.15
1425420000,2106.15,2106.35,2086.65,2097.45
1425506400,2097.45,2104.55,2094.55,2100.75
1425592800,2100.75,2104.45,2066.55,2072.15
1425848400,2072.15,2083.25,2067.05,2078.55
1425934800,2078.55,2078.75,2042.35,2044.55
1426021200,2044.55,2052.85,2039.15,2042.75
1426107600,2042.75,2066.85,2039.05,2065.75
1426194000,2065.75,2069.25,2040.75,2050.45
1426453200,2050.45,2081.95,2044.95,2076.45
1426539600,2076.45,2078.55,2064.25,2074.25
1426626000,2074.25,2107.85,2060.45,2101.15
1426712400,2101.15,2107.35,2084.45,2088.65
1426798800,2088.65,2114.65,2085.95,2106.85
1427058000,2106.85,2114.75,2101.15,2102.85
1427144400,2102.85,2108.55,2090.75,2092.55
1427230800,2092.55,2096.95,2059.75,2062.55
1427317200,2062.55,2066.25,2040.65,2057.05
1427403600,2057.05,2064.95,2048.55,2058.85
1427662800,2058.85,2088.65,2054.45,2081.45
1427749200,2081.45,2083.55,2063.25,2065.35
1427835600,2065.35,2067.45,2040.45,2060.95
1427922000,2060.95,2071.35,2050.85,2067.55
1428008400,2067.55,2070.35,2044.95,2046.05
1428267600,2046.05,2086.35,2045.35,2078.75
1428354000,2078.75,2089.25,2072.45,2074.65
1428440400,2074.65,2086.45,2070.95,2082.65
1428526800,2082.65,2093.05,2072.95,2091.15
1428613200,2091.15,2102.05,2089.25,2101.35
1428872400,2101.35,2107.05,2090.95,2092.35
1428958800,2092.35,2098.65,2081.65,2096.75
1429045200,2096.75,2111.05,2093.05,2106.55
1429131600,2106.55,2110.15,2094.95,2106.05
1429218000,2106.05,2107.25,2069.85,2081.05
1429477200,2081.05,2102.65,2081.05,2096.05
1429563600,2096.05,2110.35,2092.55,2096.75
1429650000,2096.75,2108.75,2085.15,2104.35
1429736400,2104.35,2119.45,2092.65,2112.25
1429822800,2112.25,2119.55,2108.15,2116.35
1430082000,2116.35,2124.35,2105.05,2108.05
1430168400,2108.05,2116.75,2092.65,2116.25
1430254800,2116.25,2117.05,2095.05,2102.95
1430341200,2102.95,2106.25,2074.65,2086.65
1430427600,2086.65,2106.65,2084.95,2105.45
1430686800,2105.45,2118.95,2102.15,2113.45
1430773200,2113.45,2115.65,2085.55,2089.45
1430859600,2089.45,2097.5,2065.2,2078.9
1430946000,2078.9,2091.65,2060.85,2087.55
1431032400,2087.55,2117.05,2087.55,2112.15
1431291600,2112.15,2117.15,2099.35,2100.35
1431378000,2100.35,2104.35,2082.85,2099.15
1431464400,2099.15,2109.65,2094.95,2099.45
1431550800,2099.45,2121.35,2095.25,2120.85
1431637200,2120.85,2125.85,2116.25,2121.65
1431896400,2121.65,2131.45,2115.25,2129.55
1431982800,2129.55,2136.65,2124.15,2126.65
1432069200,2126.65,2134.75,2122.15,2124.55
1432155600,2124.55,2134.55,2117.85,2131.45
1432242000,2131.45,2133.55,2125.5,2126.8
1432501200,2126.8,2129.2,2120.95,2125.55
1432587600,2125.55,2126.85,2098.35,2107.55
1432674000,2107.55,2126.35,2103.55,2121.95
1432760400,2121.95,2124.6,2112.4,2124.4
1432846800,2124.4,2124.8,2104,2108.6
1433106000,2108.6,2119.25,2101.95,2112.35
1433192400,2112.35,2117.35,2096.05,2108.45
1433278800,2108.45,2122.15,2108.05,2117.45
1433365200,2117.45,2117.55,2092.75,2100.25
1433451600,2100.25,2104.25,2085.05,2093.15
1433710800,2093.15,2094.45,2077.45,2080.95
1433797200,2080.95,2085.45,2069.85,2081.55
1433883600,2081.55,2108.65,2080.95,2107.35
1433970000,2107.35,2115.3,2104.15,2110.4
1434056400,2110.4,2111.1,2090.95,2094.05
1434315600,2094.05,2094.05,2071.85,2084.25
1434402000,2084.25,2098.4,2070.7,2098.4
1434488400,2098.4,2107.45,2087.65,2096.75
1434574800,2096.75,2127.9,2090.95,2123
1434661200,2123,2126.4,2106.3,2106.7
1434920400,2106.7,2130.35,2106.7,2123.35
1435006800,2123.35,2128.65,2119.7,2125.4
1435093200,2125.4,2126.6,2107.05,2108.85
1435179600,2108.85,2120.85,2100.1,2101.5
1435266000,2101.5,2108.55,2094.15,2102.55
1435525200,2102.55,2102.55,2054.9,2060.5
1435611600,2060.5,2076.35,2054.45,2064.15
1435698000,2064.15,2085.05,2061.75,2079
1435784400,2079,2086.3,2069.6,2076.3
1435870800,2076.3,2079.1,2070.65,2072.95
1436130000,2072.95,2077.6,2041.45,2073.8
1436216400,2073.8,2084.8,2041.8,2080.1
1436302800,2080.1,2080.9,2043.1,2045.7
1436389200,2045.7,2074.5,2044.8,2048.5
1436475600,2048.5,2081.2,2047.5,2074.5
1436734800,2074.5,2100.7,2060.8,2100.1
1436821200,2100.1,2111.7,2096.9,2109.1
1436907600,2109.1,2113.9,2101.4,2110.5
1436994000,2110.5,2124.6,2109.2,2122.8
1437080400,2122.8,2126,2118.7,2124.9
1437339600,2124.9,2132,2122.2,2127.5
1437426000,2127.5,2130.7,2112.8,2114
1437512400,2114,2117.5,2108.1,2115.9
1437598800,2115.9,2119.5,2096.8,2106.5
1437685200,2106.5,2109.3,2075.2,2082.5
1437944400,2082.5,2085.8,2061.7,2069.5
1438030800,2069.5,2093.7,2066.6,2093
1438117200,2093,2109,2089.2,2104.8
1438203600,2104.8,2108.7,2092.5,2108
1438290000,2108,2113.8,2100,2104.4
1438549200,2104.4,2106.75,2084.4,2095.7
1438635600,2095.7,2100.35,2085.55,2088.15
1438722000,2088.15,2111.1,2086.55,2098.7
1438808400,2098.7,2103.1,2074.1,2084
1438894800,2084,2086.6,2066,2077.5
1439154000,2077.5,2104.7,2075.6,2104.4
1439240400,2104.4,2105.3,2074.4,2084.1
1439326800,2084.1,2088.7,2050,2087.3
1439413200,2087.3,2096.3,2076.8,2084.3
1439499600,2084.3,2091.95,2076.95,2091.75
1439758800,2091.75,2103.4,2077.6,2101.7
1439845200,2101.7,2106.6,2093.4,2095.9
1439931600,2095.9,2100.9,2069.5,2076.1
1440018000,2076.1,2080.5,2027.9,2028.5
1440104400,2028.5,2031.6,1970.6,1977
1440363600,1977,1977,1833,1876.25
1440450000,1876.25,1950.55,1862.5,1871.45
1440536400,1871.45,1944.85,1852.45,1939.05
1440622800,1939.05,1991.6,1936.75,1990.8
1440709200,1990.8,1994.6,1969.25,1991.45
1440968400,1991.45,1991.45,1961.25,1966.8
1441054800,1966.8,1967.9,1900.35,1914.25
1441141200,1914.25,1950.2,1908.85,1949.2
1441227600,1949.2,1974.7,1943.2,1948.2
1441314000,1948.2,1950.7,1909.05,1923.15
1441573200,1923.15,1945.15,1918.15,1931.9
1441659600,1931.9,1969.7,1931.4,1966.6
1441746000,1966.6,1992.75,1936.35,1943.45
1441832400,1943.45,1968.05,1929.3,1951.3
1441918800,1951.3,1962.3,1938,1961.1
1442178000,1961.1,1974.5,1947.1,1953.6
1442264400,1953.6,1983.3,1945.55,1981.5
1442350800,1981.5,1998.7,1973.4,1997.9
1442437200,1997.9,2022,1982.1,1986.6
1442523600,1986.6,1993.1,1951.3,1961.4
1442782800,1961.4,1978.7,1948.3,1973.7
1442869200,1973.7,1974.7,1927.1,1939.3
1442955600,1939.3,1951,1920,1940.9
1443042000,1940.9,1945.55,1906.45,1929.25
1443128400,1929.25,1959.95,1919.55,1924.35
1443387600,1924.35,1938.5,1877.5,1883.2
1443474000,1883.2,1898.25,1869.5,1882.65
1443560400,1882.65,1919.1,1879.75,1911.3
1443646800,1911.3,1938.05,1898.7,1926.4
1443733200,1926.4,1952,1891.3,1951.3
1443992400,1951.3,1988.15,1945.6,1982.95
1444078800,1982.95,1990.4,1970.8,1972.3
1444165200,1972.3,1999.2,1967.7,1996.3
1444251600,1996.3,2016.8,1979.25,2013.4
1444338000,2013.4,2021.8,2006.75,2014.55
1444597200,2014.55,2021.4,2009.55,2020.2
1444683600,2020.2,2022.05,1998.7,1999.8
1444770000,1999.8,2008.9,1989.8,1992.5
1444856400,1992.5,2026.5,1992.5,2025.9
1444942800,2025.9,2033.6,2019.6,2033.6
1445202000,2033.6,2034.85,2021.25,2033.95
1445288400,2033.95,2038.25,2025.45,2026.35
1445374800,2026.35,2040.85,2014.1,2016.9
1445461200,2016.9,2062.1,2015.1,2062
1445547600,2062,2080.95,2059.85,2071.5
1445806800,2071.5,2074.05,2063.75,2069.45
1445893200,2069.45,2070.55,2057.35,2069.25
1445979600,2069.25,2091.05,2061.45,2087.55
1446066000,2087.55,2092.25,2079.25,2090.65
1446152400,2090.65,2100.45,2075.55,2079.65
1446415200,2079.65,2105.3,2069.75,2098.4
1446501600,2098.4,2115.4,2094.4,2107.7
1446588000,2107.7,2114.8,2095.8,2100.6
1446674400,2100.6,2109.45,2089.15,2100.15
1446760800,2100.15,2103.55,2082.55,2098.25
1447020000,2098.25,2102.25,2066.65,2076.55
1447106400,2076.55,2083.55,2069.05,2081.55
1447192800,2081.55,2091.45,2072.15,2073.05
1447279200,2073.05,2081.65,2043.95,2044.75
1447365600,2044.75,2049.95,2015.5,2016.7
1447624800,2016.7,2054.5,2002.5,2052.3
1447711200,2052.3,2066.95,2045.15,2053.45
1447797600,2053.45,2085.85,2046.65,2082.05
1447884000,2082.05,2092.55,2078.45,2082.55
1447970400,2082.55,2097.95,2079.25,2092.25
1448229600,2092.25,2096.05,2081.25,2086.45
1448316000,2086.45,2094.15,2068.45,2086.85
1448402400,2086.85,2095.25,2085.15,2091.45
1448488800,2091.45,2100.75,2090.95,2097.45
1448575200,2097.45,2098.45,2084.1,2092.5
1448834400,2092.5,2097.05,2080.65,2087.55
1448920800,2087.55,2103.25,2085.65,2101.55
1449007200,2101.55,2106.75,2076.95,2085.25
1449093600,2085.25,2097.05,2041.85,2055.55
1449180000,2055.55,2094.5,2048.55,2090.2
1449439200,2090.2,2096.55,2065.85,2082.35
1449525600,2082.35,2082.55,2051.4,2061.9
1449612000,2061.9,2080.75,2035.25,2046.45
1449698400,2046.45,2068.05,2044.85,2051.75
1449784800,2051.75,2057.05,2005.8,2008
1450044000,2008,2028.55,1992.3,2021
1450130400,2021,2054.85,2019.1,2046.95
1450216800,2046.95,2077.95,2041.15,2070.05
1450303200,2070.05,2082.15,2031.75,2032.65
1450389600,2032.65,2038.45,1999.75,2003.85
1450648800,2003.85,2027.7,2003.85,2026.95
1450735200,2026.95,2044.85,2015.75,2042.45
1450821600,2042.45,2066.05,2039.35,2061.55
1450908000,2061.55,2068.15,2057.55,2059.55
1451253600,2059.55,2062.65,2043.25,2058.15
1451340000,2058.15,2082.35,2055.25,2081.15
1451426400,2081.15,2082.75,2061.35,2063.65
1451512800,2063.65,2065.35,2044.75,2057.75
1451858400,2043.35,2050.55,1987.35,2016.75
1451944800,2016.75,2023.95,1999.35,2017.45
1452031200,2017.45,2020.05,1977.45,1994.55
1452117600,1994.55,1997.75,1935.25,1940.55
1452204000,1940.55,1971.25,1916.55,1919.15
1452463200,1919.15,1934.85,1898.65,1919.45
1452549600,1919.45,1946.25,1905.25,1929.15
1452636000,1929.15,1952.75,1883.75,1889.05
1452722400,1889.05,1933.35,1876.95,1918.65
1452808800,1918.65,1926.75,1854.95,1882.05
1453068000,1882.05,1895.25,1865.25,1878.15
1453154400,1878.15,1912.75,1861.65,1877.65
1453240800,1877.65,1883.55,1809.25,1857.15
1453327200,1857.15,1888.15,1841.45,1866.05
1453413600,1866.05,1907.25,1860.75,1904.05
1453672800,1904.05,1909.05,1872.05,1876.15
1453759200,1876.15,1904.55,1855.75,1893.15
1453845600,1893.15,1914.55,1869.15,1882.65
1453932000,1882.65,1906.85,1870.35,1886.15
1454018400,1886.15,1936.65,1881.15,1935.55
1454277600,1935.55,1944.3,1916.6,1933
1454364000,1933,1933.5,1893.15,1899.95
1454450400,1899.95,1916.15,1869.05,1912.45
1454536800,1912.45,1926.15,1894.35,1909.75
1454623200,1909.75,1918.15,1869.65,1877.85
1454882400,1877.85,1887.95,1825.35,1855.05
1454968800,1855.05,1866.95,1829.15,1849.85
1455055200,1849.85,1880.85,1841.95,1845.95
1455141600,1845.95,1850.35,1806.25,1829.55
1455228000,1829.55,1863.75,1826.25,1862.75
1455487200,1862.75,1892.75,1862.75,1887.85
1455573600,1887.85,1895.45,1873.15,1891.75
1455660000,1891.75,1930.25,1884.35,1930.25
1455746400,1930.25,1936.15,1914.05,1920.65
1455832800,1920.65,1925.45,1900.95,1916.95
1456092000,1916.95,1945.95,1910.85,1936.25
1456178400,1936.25,1940.15,1916.05,1916.45
1456264800,1916.45,1935.35,1888.95,1935.35
1456351200,1935.35,1953.35,1922.45,1951.25
1456437600,1951.25,1970.55,1943.35,1943.45
1456696800,1943.45,1957.85,1928.35,1930.15
1456783200,1930.15,1980.05,1922.45,1978.85
1456869600,1978.85,1986.15,1967.85,1983.25
1456956000,1983.25,1993.75,1976.15,1993.25
1457042400,1993.25,2008.75,1985.45,1995.95
1457301600,1995.95,2005.35,1985.75,2000.75
1457388000,2000.75,2001.15,1976.85,1983.25
1457474400,1983.25,1994.75,1979.05,1990.75
1457560800,1990.75,2010.95,1968.15,1991.25
1457647200,1991.25,2022.85,1988.35,2021.65
1457902800,2021.65,2025.15,2012.35,2019.25
1457989200,2019.25,2019.85,2005.05,2016.55
1458075600,2016.55,2032.55,2007.25,2027.75
1458162000,2027.75,2046.75,2015.65,2041.95
1458248400,2041.95,2052.45,2036.85,2048.65
1458507600,2048.65,2053.85,2040.35,2053.05
1458594000,2053.05,2056.95,2038.15,2052.05
1458680400,2052.05,2054.45,2034.45,2037.25
1458766800,2037.25,2038.75,2021.35,2038.75
1459112400,2038.75,2048.15,2030.65,2036.65
1459198800,2036.65,2057.95,2027.65,2057.45
1459285200,2057.45,2073.05,2055.55,2064.35
1459371600,2064.35,2067.95,2055.75,2060.65
1459458000,2060.65,2075.25,2043.65,2073.05
1459717200,2073.05,2079.35,2062.25,2064.25
1459803600,2064.25,2064.25,2042.05,2049.55
1459890000,2049.55,2068.05,2042.75,2067.05
1459976400,2067.05,2069.55,2033.45,2042.35
1460062800,2042.35,2061.65,2037.85,2049.25
1460322000,2049.25,2063.55,2039.65,2039.85
1460408400,2039.85,2065.45,2036.8,2062.45
1460494800,2062.45,2083.85,2061.25,2082.75
1460581200,2082.75,2088.55,2075.55,2084.25
1460667600,2084.25,2086.75,2076.15,2081.75
1460926800,2081.75,2095.15,2065.05,2092.55
1461013200,2092.55,2104.85,2091.35,2100.35
1461099600,2100.35,2111.45,2092.05,2104.05
1461186000,2104.05,2110.15,2085.05,2088.25
1461272400,2088.25,2095.05,2080.95,2092.15
1461531600,2092.15,2097.25,2076.85,2089.75
1461618000,2089.75,2097.05,2085.25,2090.45
1461704400,2090.45,2099.7,2081.9,2098.2
1461790800,2098.2,2099.9,2070.45,2079.55
1461877200,2079.55,2081.45,2051.05,2065.75
1462136400,2065.75,2082.35,2060.35,2080.55
1462222800,2080.55,2081.05,2052.65,2062.45
1462309200,2062.45,2064.95,2043.85,2050.75
1462395600,2050.75,2064.55,2044.15,2048.05
1462482000,2048.05,2058.75,2035.05,2058.75
1462741200,2058.75,2064.05,2052.55,2058.55
1462827600,2058.55,2084,2052.35,2081.5
1462914000,2081.5,2082.7,2061.55,2063.15
1463000400,2063.15,2076.55,2052.25,2063.85
1463086800,2063.85,2067.05,2042.15,2046.45
1463346000,2046.45,2071.75,2038.55,2065.05
1463432400,2065.05,2072.65,2040.1,2047.9
1463518800,2047.9,2060.75,2034.15,2046.15
1463605200,2046.15,2047.75,2025.15,2041.75
1463691600,2041.75,2058.65,2040.45,2052.85
1463950800,2052.85,2058.55,2046.15,2047.75
1464037200,2047.75,2079.95,2043.75,2077.75
1464123600,2077.75,2094.75,2076.15,2090.95
1464210000,2090.95,2094.25,2085.15,2092.95
1464296400,2092.95,2100.85,2090.15,2100.85
1464555600,2100.85,2105.65,2100.85,2103.35
1464642000,2103.35,2104.55,2087.95,2096.65
1464728400,2096.65,2100.95,2085.15,2098.55
1464814800,2098.55,2106.25,2088.55,2105.55
1464901200,2105.55,2107.45,2084.35,2098.95
1465160400,2098.95,2113.35,2095.35,2110.15
1465246800,2110.15,2118.95,2107.75,2111.35
1465333200,2111.35,2120.55,2107.65,2118.65
1465419600,2118.65,2119.35,2107.25,2114.95
1465506000,2114.95,2114.95,2089.35,2096.65
1465765200,2096.65,2098.65,2075.95,2076.25
1465851600,2076.25,2081.85,2063.65,2073.25
1465938000,2073.25,2086.35,2068.95,2070.75
1466024400,2070.75,2079.85,2050.35,2077.95
1466110800,2077.95,2083.15,2061.65,2068.35
1466370000,2068.35,2100.85,2068.35,2091.65
1466456400,2091.65,2094.35,2077.85,2087.85
1466542800,2087.85,2099.75,2083.95,2085.65
1466629200,2085.65,2119.65,2085.65,2119.35
1466715600,2119.35,2127.35,2006.85,2026.15
1466974800,2026.15,2030.15,1989.35,1990.05
1467061200,1990.05,2037.55,1990.05,2036.25
1467147600,2036.25,2081.15,2030.85,2081.15
1467234000,2081.15,2098.85,2064.55,2094.35
1467320400,2094.35,2108.15,2089.15,2103.55
1467579600,2103.55,2112.15,2101.65,2107.25
1467666000,2107.25,2107.25,2079.85,2091.85
1467752400,2091.85,2101.35,2073.35,2099.85
1467838800,2099.85,2108.85,2088.85,2099.05
1467925200,2099.05,2131.75,2094.35,2127.05
1468184400,2127.05,2143.15,2126.65,2137.45
1468270800,2137.45,2155.65,2135.35,2152.15
1468357200,2152.15,2158.65,2146.15,2152.05
1468443600,2152.05,2174.35,2149.55,2164.05
1468530000,2164.05,2170.75,2149.55,2152.25
1468789200,2152.25,2169.25,2152.25,2165.85
1468875600,2165.85,2166.85,2157.55,2165.55
1468962000,2165.55,2175.45,2161.35,2174.65
1469048400,2174.65,2175.95,2159.25,2165.05
1469134800,2165.05,2174.95,2161.65,2172.95
1469394000,2172.95,2178.15,2161.65,2169.15
1469480400,2169.15,2173.65,2159.65,2171.45
1469566800,2171.45,2174.95,2158.15,2168.75
1469653200,2168.75,2174.15,2159.45,2171.65
1469739600,2171.65,2177.55,2163.15,2176.75
1469998800,2176.75,2183.45,2165.65,2171.15
1470085200,2171.15,2176.55,2147.45,2158.45
1470171600,2158.45,2163.95,2151.15,2163.05
1470258000,2163.05,2169.95,2159.65,2165.65
1470344400,2165.65,2182.85,2164.95,2182.05
1470603600,2182.05,2187.35,2177.75,2180.85
1470690000,2180.85,2187.35,2177.85,2182.15
1470776400,2182.15,2185.35,2171.85,2176.45
1470862800,2176.45,2189.25,2174.15,2185.65
1470949200,2185.65,2187.85,2179.15,2184.65
1471208400,2184.65,2193.85,2184.15,2188.85
1471294800,2188.85,2189.15,2178.35,2181.15
1471381200,2181.15,2184.85,2168.85,2184.35
1471467600,2184.35,2187.15,2178.75,2185.65
1471554000,2185.65,2186.65,2175.35,2184.95
1471813200,2184.95,2187.05,2176.05,2184.05
1471899600,2184.05,2193.75,2181.85,2188.25
1471986000,2188.25,2189.95,2171.25,2177.35
1472072400,2177.35,2179.45,2169.85,2176.35
1472158800,2176.35,2188.85,2159.65,2169.35
1472418000,2169.35,2183.85,2166.65,2181.55
1472504400,2181.55,2183.05,2170.35,2177.35
1472590800,2177.35,2177.75,2160.95,2170.15
1472677200,2170.15,2178.45,2156.15,2167.75
1472763600,2167.75,2184.75,2165.45,2180.05
1473022800,2180.05,2183.25,2176.25,2179.65
1473109200,2179.65,2187.35,2174.25,2186.55
1473195600,2186.55,2187.75,2178.55,2185.55
1473282000,2185.55,2190.25,2177.05,2178.95
1473368400,2178.95,2178.95,2120.75,2122.15
1473627600,2122.15,2163.45,2107.95,2158.85
1473714000,2158.85,2158.85,2119.25,2132.35
1473800400,2132.35,2140.65,2118.15,2121.45
1473886800,2121.45,2150.35,2113.85,2142.75
1473973200,2142.75,2143.15,2128.85,2138.75
1474232400,2138.75,2152.55,2133.65,2139.85
1474318800,2139.85,2149.35,2135.15,2135.85
1474405200,2135.85,2162.85,2132.35,2161.95
1474491600,2161.95,2178.15,2158.35,2174.35
1474578000,2174.35,2174.85,2161.65,2163.05
1474837200,2163.05,2165.15,2142.35,2145.05
1474923600,2145.05,2159.35,2138.35,2157.65
1475010000,2157.65,2170.85,2149.35,2168.25
1475096400,2168.25,2172.35,2142.65,2153.05
1475182800,2153.05,2173.75,2141.35,2162.35
1475442000,2162.35,2169.35,2152.15,2159.85
1475528400,2159.85,2165.35,2141.15,2148.85
1475614800,2148.85,2162.85,2146.15,2158.85
1475701200,2158.85,2162.15,2148.35,2160.75
1475787600,2160.75,2166.35,2142.65,2150.85
1476046800,2150.85,2168.15,2150.85,2163.95
1476133200,2163.95,2165.35,2126.35,2137.95
1476219600,2137.95,2145.15,2130.85,2133.05
1476306000,2133.05,2136.45,2112.35,2130.15
1476392400,2130.15,2147.65,2126.55,2130.75
1476651600,2130.75,2134.25,2121.65,2126.75
1476738000,2126.75,2143.95,2124.65,2136.65
1476824400,2136.65,2146.85,2130.95,2142.55
1476910800,2142.55,2148.45,2130.95,2140.95
1476997200,2140.95,2142.45,2127.45,2139.95
1477256400,2139.95,2152.95,2138.95,2149.75
1477342800,2149.75,2153.55,2139.45,2140.25
1477429200,2140.25,2144.15,2128.85,2137.65
1477515600,2137.65,2147.65,2126.85,2131.45
1477602000,2131.45,2139.15,2116.65,2127.65
1477861200,2127.65,2134.35,2120.35,2127.35
1477947600,2127.35,2133.35,2095.05,2106.15
1478034000,2106.15,2110.15,2091.25,2093.95
1478120400,2093.95,2102.65,2083.45,2087.45
1478206800,2087.45,2097.25,2082.25,2084.85
1478469600,2084.85,2133.75,2084.85,2133.35
1478556000,2133.35,2146.45,2122.35,2138.35
1478642400,2138.35,2169.6,2031.45,2163.4
1478728800,2163.4,2183.25,2150.65,2167.15
1478815200,2167.15,2172.85,2150.85,2162.45
1479074400,2162.45,2176.65,2154.65,2163.45
1479160800,2163.45,2181.55,2160.95,2181.55
1479247200,2181.55,2187.05,2171.05,2174.55
1479333600,2174.55,2186.95,2174.15,2186.35
1479420000,2186.35,2189.05,2178.25,2182.15
1479679200,2182.15,2197.55,2180.35,2195.15
1479765600,2195.15,2204.25,2193.25,2203.25
1479852000,2203.25,2204.75,2193.55,2202.05
1479938400,2202.05,2208.15,2199.05,2206.85
1480024800,2206.85,2212.35,2203.95,2211.85
1480284000,2211.85,2211.85,2199.55,2200.95
1480370400,2200.95,2210.15,2197.55,2203.95
1480456800,2203.95,2214.25,2198.25,2199.25
1480543200,2199.25,2203.95,2186.75,2192.25
1480629600,2192.25,2197.75,2184.95,2191.55
1480888800,2191.55,2209.15,2179.75,2205.85
1480975200,2205.85,2212.35,2200.65,2211.75
1481061600,2211.75,2241.65,2207.15,2237.15
1481148000,2237.15,2251.85,2233.35,2247.85
1481234400,2247.85,2261.25,2245.65,2261.05
1481493600,2261.05,2270.35,2252.55,2256.25
1481580000,2256.25,2278.35,2253.45,2273.45
1481666400,2273.45,2277.35,2248.15,2257.05
1481752800,2257.05,2272.85,2252.15,2264.85
1481839200,2264.85,2268.85,2254.65,2260.55
1482098400,2260.55,2268.65,2258.85,2265.75
1482184800,2265.75,2274.25,2265.15,2271.85
1482271200,2271.85,2272.75,2263.05,2263.05
1482357600,2263.05,2264.85,2255.65,2261.95
1482444000,2261.95,2264.85,2258.35,2263.95
1482789600,2263.95,2273.35,2261.95,2264.95
1482876000,2264.95,2271.65,2247.65,2249.15
1482962400,2249.15,2253.75,2243.65,2250.15
1483048800,2250.15,2256.75,2232.15,2238.75
1483394400,2238.75,2263.4,2238.75,2256.55
1483480800,2256.55,2271.2,2255.2,2268.45
1483567200,2268.45,2269.8,2258.15,2268.55
1483653600,2268.55,2280.85,2262.35,2274.95
1483912800,2274.95,2279.2,2267.6,2268.25
1483999200,2268.25,2277.8,2263.6,2268.35
1484085600,2268.35,2275.6,2259.2,2275.15
1484172000,2275.15,2275.15,2252.4,2268.05
1484258400,2268.05,2277,2266.6,2274.35
1484517600,2274.35,2274.35,2268.8,2269.75
1484604000,2269.75,2270.85,2261,2266.05
1484690400,2266.05,2272.4,2262.2,2269.15
1484776800,2269.15,2273,2256.8,2264.85
1484863200,2264.85,2276.4,2263.6,2270.15
1485122400,2270.15,2271,2255.6,2265.25
1485208800,2265.25,2284,2263.35,2279.55
1485295200,2279.55,2299,2278.75,2297.55
1485381600,2297.55,2302.85,2293,2297.85
1485468000,2297.85,2300.05,2290.6,2293.05
1485727200,2293.05,2293.05,2266.6,2279.55
1485813600,2279.55,2281.4,2265.8,2281.15
1485900000,2281.15,2288.2,2271.8,2278.35
1485986400,2278.35,2283,2268,2278.05
1486072800,2278.05,2297.2,2274,2295.05
1486332000,2295.05,2297.6,2287,2289.85
1486418400,2289.85,2298.2,2287.6,2288.75
1486504800,2288.75,2294.45,2283.8,2293.15
1486591200,2293.15,2310.2,2290.4,2306.35
1486677600,2306.35,2318,2305.55,2315.25
1486936800,2315.25,2331.2,2315.25,2329.05
1487023200,2329.05,2339.65,2321.8,2337.65
1487109600,2337.65,2353.4,2333.4,2352.45
1487196000,2352.45,2352.6,2338,2347.05
1487282400,2347.05,2350.05,2338.2,2349.75
1487541600,2349.75,2358,2347.6,2354.45
1487628000,2354.45,2366.2,2350.2,2361.55
1487714400,2361.55,2365,2356.6,2363.45
1487800800,2363.45,2368.65,2354.6,2363.65
1487887200,2363.65,2366.8,2351,2365.55
1488146400,2365.55,2371.8,2362.4,2366.75
1488232800,2366.75,2369.85,2358.6,2365.75
1488319200,2365.75,2401.8,2364.2,2393.55
1488405600,2393.55,2395.05,2378.6,2381.85
1488492000,2381.85,2383.6,2374.35,2380.85
1488751200,2380.85,2380.85,2367.6,2371.55
1488837600,2371.55,2376.2,2365.2,2367.05
1488924000,2367.05,2373.4,2360.2,2363.75
1489010400,2363.75,2369.45,2354.4,2367.85
1489096800,2367.85,2379.6,2362.4,2371.35
1489352400,2371.35,2375.2,2368.35,2374.55
1489438800,2374.55,2374.6,2358.2,2366.85
1489525200,2366.85,2390.6,2366.6,2382.55
1489611600,2382.55,2392,2377,2382.95
1489698000,2382.95,2385.45,2376.15,2378.55
1489957200,2378.55,2379.2,2369,2372.55
1490043600,2372.55,2382,2341.4,2344.05
1490130000,2344.05,2352,2335.75,2345.15
1490216400,2345.15,2359.2,2341.6,2343.85
1490302800,2343.85,2356,2335,2345.75
1490562000,2345.75,2345.75,2321,2342.95
1490648400,2342.95,2363.4,2336.8,2355.15
1490734800,2355.15,2362.8,2352,2360.05
1490821200,2360.05,2369.8,2356.55,2368.35
1490907600,2368.35,2369.8,2360,2360.85
1491166800,2360.85,2366.4,2343.2,2357.65
1491253200,2357.65,2361.65,2347.8,2361.45
1491339600,2361.45,2378.2,2347,2348.15
1491426000,2348.15,2363.8,2341.2,2357.55
1491512400,2357.55,2363.4,2339.6,2355.45
1491771600,2355.45,2365.8,2350.4,2356.45
1491858000,2356.45,2358.4,2336,2354.45
1491944400,2354.45,2359,2340.2,2342.15
1492030800,2342.15,2347.4,2326.4,2330.05
1492376400,2330.05,2348.4,2325.2,2347.85
1492462800,2347.85,2349.4,2333,2340.85
1492549200,2340.85,2351.8,2334,2334.95
1492635600,2334.95,2360.8,2334.95,2354.55
1492722000,2354.55,2358.45,2343.2,2347.95
1492981200,2347.95,2379.2,2347.95,2372.85
1493067600,2372.85,2391.4,2370.8,2386.15
1493154000,2386.15,2397.05,2384.2,2384.35
1493240400,2384.35,2391,2381,2389.95
1493326800,2389.95,2391,2380.8,2382.85
1493586000,2382.85,2393,2379.6,2389.45
1493672400,2389.45,2391,2384.2,2386.95
1493758800,2386.95,2388.2,2377.95,2384.45
1493845200,2384.45,2393.2,2378.6,2388.85
1493931600,2388.85,2401.2,2381.4,2401.05
1494190800,2401.05,2405.6,2392,2396.95
1494277200,2396.95,2402.2,2390.8,2395.05
1494363600,2395.05,2398.6,2389.75,2396.75
1494450000,2396.75,2397.2,2380.6,2392.35
1494536400,2392.35,2393.2,2386.2,2390.45
1494795600,2390.45,2403.8,2389.8,2401.85
1494882000,2401.85,2406,2395.6,2398.85
1494968400,2398.85,2398.85,2356.2,2357.55
1495054800,2357.55,2376,2346.2,2364.75
1495141200,2364.75,2389,2362.4,2383.55
1495400400,2383.55,2395.4,2379.6,2394.85
1495486800,2394.85,2400.6,2388,2398.55
1495573200,2398.55,2405.2,2396,2404.35
1495659600,2404.35,2418.6,2403.75,2414.45
1495746000,2414.45,2416.8,2409.2,2415.55
1496005200,2415.55,2417.85,2414.8,2415.15
1496091600,2415.15,2415.45,2408.6,2412.35
1496178000,2412.35,2417.4,2403.6,2415.05
1496264400,2415.05,2431,2411.35,2430.25
1496350800,2430.25,2440.2,2427.8,2437.95
1496610000,2437.95,2439.4,2433.6,2435.65
1496696400,2435.65,2436,2427,2430.25
1496782800,2430.25,2435.4,2424.6,2432.45
1496869200,2432.45,2439.2,2427.6,2434.95
1496955600,2434.95,2446.2,2415.2,2430.75
1497214800,2430.75,2431.2,2419.4,2429.55
1497301200,2429.55,2441.4,2427.6,2440.15
1497387600,2440.15,2445.8,2428.4,2436.65
1497474000,2436.65,2436.8,2418.8,2434.25
1497560400,2434.25,2438.8,2422.6,2436.55
1497819600,2436.55,2453.2,2435,2449.85
1497906000,2449.85,2452.85,2435.8,2438.85
1497992400,2438.85,2441.8,2429.8,2434.25
1498078800,2434.25,2440.85,2430.2,2433.75
1498165200,2433.75,2440.8,2430.6,2433.95
1498424400,2433.95,2449.2,2431.95,2437.75
1498510800,2437.75,2439.2,2418.6,2419.85
1498597200,2419.85,2444.2,2416,2444.05
1498683600,2444.05,2446.8,2404.4,2423.15
1498770000,2423.15,2431.8,2417.4,2423.75
1499029200,2423.55,2438.6,2423.55,2426.25
1499115600,2426.25,2433.2,2423.2,2427.05
1499202000,2427.05,2434,2421,2430.25
1499288400,2430.25,2432.25,2407.4,2410.25
1499374800,2410.25,2426.6,2409.6,2424.75
1499634000,2424.75,2431.45,2421,2425.85
1499720400,2425.85,2429.4,2412,2426.55
1499806800,2426.55,2445.2,2424.2,2442.75
1499893200,2442.75,2448.4,2440.8,2447.75
1499979600,2447.75,2462.8,2443.8,2458.95
1500238800,2458.95,2462,2455.8,2461.25
1500325200,2461.25,2462.4,2449.4,2461.75
1500411600,2461.75,2473.35,2459.4,2472.95
1500498000,2472.95,2477.8,2467.2,2474.45
1500584400,2474.45,2476.8,2464.4,2471.35
1500843600,2471.35,2472,2465.15,2468.95
1500930000,2468.95,2480.4,2468.25,2476.65
1501016400,2476.65,2481.2,2473.2,2475.85
1501102800,2475.85,2481.8,2458.6,2473.65
1501189200,2473.65,2473.65,2462.8,2471.95
1501448400,2471.95,2476.25,2466.8,2470.25
1501534800,2470.25,2478.6,2467.95,2476.05
1501621200,2476.05,2477.2,2464.8,2475.05
1501707600,2475.05,2475.65,2467.4,2471.45
1501794000,2471.45,2479,2469,2473.15
1502053200,2473.15,2479.4,2473.15,2479.15
1502139600,2479.15,2489.4,2468.6,2472.95
1502226000,2472.95,2475.6,2460.4,2475.25
1502312400,2475.25,2475.25,2433.8,2435.65
1502398800,2435.65,2447.2,2431.55,2441.65
1502658000,2441.65,2467.25,2441.65,2466.05
1502744400,2466.05,2474,2461,2465.15
1502830800,2465.15,2474.4,2462.6,2467.25
1502917200,2467.25,2469.05,2424.4,2426.95
1503003600,2426.95,2440,2420.2,2425.75
1503262800,2425.75,2432,2416.4,2429.05
1503349200,2429.05,2454.6,2428.2,2453.95
1503435600,2453.95,2455.2,2439.6,2440.15
1503522000,2440.15,2449.4,2435.2,2443.15
1503608400,2443.15,2453.6,2437.8,2442.95
1503867600,2442.95,2449.6,2436.8,2445.05
1503954000,2445.05,2449,2421.6,2447.45
1504040400,2447.45,2460.05,2443.2,2456.15
1504126800,2456.15,2474.4,2455.35,2470.75
1504213200,2470.75,2479.8,2470.4,2474.15
1504472400,2474.15,2474.15,2461,2468.25
1504558800,2468.25,2471.6,2445.8,2460.55
1504645200,2460.55,2469,2456.8,2464.45
1504731600,2464.45,2468.8,2457.8,2466.45
1504818000,2466.45,2467.45,2457,2462.45
1505077200,2462.45,2488.85,2462.45,2488.35
1505163600,2488.35,2496.8,2486.8,2496.65
1505250000,2496.65,2497.05,2490.8,2496.55
1505336400,2496.55,2497.8,2489.35,2495.65
1505422800,2495.65,2501.6,2488.8,2501.55
1505682000,2501.55,2507.6,2499.4,2504.55
1505768400,2504.55,2507.8,2502.8,2505.05
1505854800,2505.05,2508.85,2496,2506.45
1505941200,2506.45,2507.8,2498.4,2502.35
1506027600,2502.35,2502.65,2493.8,2501.55
1506286800,2501.55,2506,2486.8,2499.35
1506373200,2499.35,2502.85,2494,2496.35
1506459600,2496.35,2511,2494.8,2505.55
1506546000,2505.55,2509.85,2500.8,2509.55
1506632400,2509.55,2519.4,2506.6,2519.35
1506891600,2519.35,2529.6,2519,2529.35
1506978000,2529.35,2535,2527,2534.75
1507064400,2534.75,2539.6,2530.8,2537.55
1507150800,2537.55,2552.2,2536.35,2550.55
1507237200,2550.55,2551.6,2543.35,2546.65
1507496400,2546.65,2552,2541,2545.05
1507582800,2545.05,2555,2544.4,2550.95
1507669200,2550.95,2555,2546,2554.15
1507755600,2554.15,2555,2548.05,2550.55
1507842000,2550.55,2557.2,2548.8,2554.15
1508101200,2554.15,2559.2,2552.35,2557.25
1508187600,2557.25,2559.25,2554,2558.45
1508274000,2558.45,2563.8,2557.95,2562.25
1508360400,2562.25,2563,2544.2,2562.65
1508446800,2562.65,2576,2561.2,2575.25
1508706000,2575.25,2578.65,2563.35,2564.25
1508792400,2564.25,2571.6,2563.8,2566.25
1508878800,2566.25,2567.65,2543.2,2560.75
1508965200,2560.75,2566.4,2557.2,2563.15
1509051600,2563.15,2582.2,2558.8,2578.55
1509310800,2578.55,2579.65,2566.8,2569.25
1509397200,2569.25,2576.65,2568.4,2573.95
1509483600,2573.95,2586.85,2572.8,2574.25
1509570000,2574.25,2579.85,2563.8,2579.35
1509656400,2579.35,2586.8,2575.2,2582.95
1509919200,2582.95,2591.2,2577.2,2589.95
1510005600,2589.95,2595,2582.2,2586.85
1510092000,2586.85,2593.45,2581.15,2591.95
1510178400,2591.95,2595.6,2564.4,2584.25
1510264800,2584.25,2586.6,2572.4,2579.65
1510524000,2579.65,2586.2,2571.2,2581.65
1510610400,2581.65,2583.05,2565.2,2578.35
1510696800,2578.35,2578.35,2556.6,2564.95
1510783200,2564.95,2590,2563.15,2585.75
1510869600,2585.75,2586.4,2575.6,2576.45
1511128800,2576.45,2584.4,2568.2,2583.25
1511215200,2583.25,2601,2580,2596.75
1511301600,2596.75,2600.45,2593.4,2594.05
1511388000,2594.05,2598.45,2590,2597.25
1511474400,2597.25,2603.4,2595,2601.35
1511733600,2601.75,2605.8,2597.2,2603.15
1511820000,2603.15,2627.6,2598,2626.25
1511906400,2626.25,2634.4,2620,2625.65
1511992800,2625.65,2658.4,2622.25,2641.85
1512079200,2641.85,2650.8,2605.4,2642.85
1512338400,2642.85,2665.4,2634,2637.05
1512424800,2637.05,2648.8,2627.55,2627.55
1512511200,2627.55,2634.8,2620.4,2631.35
1512597600,2631.35,2641.4,2626.8,2639.85
1512684000,2639.85,2652.6,2638,2652.05
1512943200,2652.05,2664.65,2649.6,2663.55
1513029600,2663.55,2670.4,2660.4,2665.65
1513116000,2665.65,2672.4,2656.6,2666.55
1513202400,2666.55,2670.8,2649,2649.35
1513288800,2649.35,2680.2,2649.35,2680.15
1513548000,2680.15,2695.6,2679.8,2692.85
1513634400,2692.85,2695.6,2680.4,2682.55
1513720800,2682.55,2693,2677,2679.25
1513807200,2679.25,2693.65,2678.55,2684.85
1513893600,2684.85,2689.05,2680,2683.65
1514239200,2683.65,2687,2681.45,2685.25
1514325600,2685.25,2688.6,2679.35,2683.05
1514412000,2683.05,2686.6,2680.8,2683.15
1514498400,2683.15,2695.85,2665.6,2666.05
1514844000,2666.05,2693.6,2666.05,2691.55
1514930400,2691.55,2712.2,2690.15,2706.95
1515016800,2706.95,2726.85,2706.6,2722.75
1515103200,2722.75,2741.2,2721.8,2740.15
1515362400,2740.15,2746.4,2734.75,2745.05
1515448800,2745.05,2757.85,2740.8,2748.15
1515535200,2748.15,2749.85,2734.6,2748.65
1515621600,2748.65,2768.6,2745.8,2767.85
1515708000,2767.85,2788.05,2765.35,2787.45
1515967200,2787.45,2795.6,2787.45,2793.05
1516053600,2793.05,2807,2767.6,2781.55
1516140000,2781.55,2807.6,2777.4,2802.15
1516226400,2802.15,2806.2,2792.15,2795.25
1516312800,2795.25,2813.4,2790.2,2811.15
1516572000,2811.15,2836.4,2800.4,2833.95
1516658400,2833.95,2843,2827.2,2836.45
1516744800,2836.45,2853.4,2824,2839.25
1516831200,2839.25,2852,2829.4,2840.65
1516917600,2840.65,2874.2,2839.6,2872.95
1517176800,2872.95,2876.65,2850,2851.15
1517263200,2851.15,2856,2817,2821.45
1517349600,2821.45,2838.2,2811.6,2824.95
1517436000,2824.95,2835.85,2808.2,2822.35
1517522400,2822.35,2829.4,2753.8,2755.85
1517781600,2755.85,2761.4,2594.4,2613.85
1517868000,2613.85,2698.4,2528.2,2683.35
1517954400,2683.35,2725.4,2659.2,2666.75
1518040800,2666.75,2685,2575.8,2592.85
1518127200,2592.85,2636.4,2529.2,2620.35
1518386400,2620.35,2670.6,2619.2,2651.55
1518472800,2651.55,2666.4,2633.8,2661.95
1518559200,2661.95,2700.6,2626.2,2695.15
1518645600,2695.15,2735.8,2687.8,2734.25
1518732000,2734.25,2753.8,2721.4,2735.55
1518991200,2735.55,2746.8,2719,2727.95
1519077600,2727.95,2737,2705.2,2714.75
1519164000,2714.75,2747,2693,2697.55
1519250400,2697.55,2730.2,2681.6,2713.25
1519336800,2713.25,2749.6,2709.4,2745.45
1519596000,2745.45,2785.25,2742.2,2783.85
1519682400,2783.85,2789.2,2741.6,2745.85
1519768800,2745.85,2761.2,2711.8,2718.55
1519855200,2718.55,2730.4,2658.2,2679.05
1519941600,2679.05,2695.65,2647,2690.1
1520200800,2690.1,2727.4,2663.6,2718.75
1520287200,2718.75,2734.2,2710.2,2723.45
1520373600,2723.45,2730,2681.2,2721.85
1520460000,2721.85,2740.2,2719.95,2738.15
1520546400,2738.15,2786.8,2730.5,2783.45
1520802000,2783.45,2800.4,2778.8,2783.15
1520888400,2783.15,2802.4,2758.4,2764.55
1520974800,2764.55,2779.4,2743.4,2750.35
1521061200,2750.35,2762.4,2740.2,2753.15
1521147600,2753.15,2761.2,2745.35,2750.55
1521406800,2750.55,2750.85,2692.4,2717.95
1521493200,2717.95,2724.4,2708.2,2718.95
1521579600,2718.95,2738.8,2707.6,2712.95
1521666000,2712.95,2721.6,2637.15,2641.05
1521752400,2641.05,2654,2581.4,2591.85
1522011600,2591.85,2658.15,2586.4,2655.25
1522098000,2655.25,2675,2591.6,2606.85
1522184400,2606.85,2629,2588.6,2603.75
1522270800,2603.75,2655,2596.6,2632.15
1522616400,2632.15,2637,2547.4,2578.25
1522702800,2578.25,2614.2,2569,2608.45
1522789200,2608.45,2645.25,2555.2,2640.75
1522875600,2640.75,2668,2639.75,2658.25
1522962000,2658.25,2659.65,2580.4,2600.65
1523221200,2600.65,2649.8,2600.65,2614.35
1523307600,2614.35,2662.2,2608.2,2650.35
1523394000,2650.35,2657.2,2622,2638.45
1523480400,2638.45,2671.2,2635.8,2661.75
1523566800,2661.75,2676.6,2641.2,2655.4
1523826000,2655.4,2683.4,2655.4,2676.6
1523912400,2676.6,2710.2,2675.2,2702
1523998800,2702,2714.8,2700.4,2707.2
1524085200,2707.2,2709.6,2678.4,2689.8
1524171600,2689.8,2694.6,2656.4,2667.4
1524430800,2667.4,2679.8,2654,2669.2
1524517200,2669.2,2685.4,2612.6,2632.2
1524603600,2632.2,2644.8,2608,2643.2
1524690000,2643.2,2674.4,2636.2,2669.2
1524776400,2669.2,2672.8,2654.6,2668.4
1525035600,2668.4,2678.8,2641.8,2641.8
1525122000,2641.8,2654.6,2619.8,2650.4
1525208400,2650.4,2655.4,2621,2622.8
1525294800,2622.8,2632.8,2588,2629
1525381200,2629,2666.2,2609.2,2660
1525640400,2660,2678.2,2658.2,2665.6
1525726800,2665.6,2671.4,2649.4,2667.8
1525813200,2667.8,2697.2,2663.8,2693.4
1525899600,2693.4,2722.2,2690.2,2713.6
1525986000,2713.6,2729.8,2713.6,2725.8
1526245200,2725.8,2738.6,2722,2726.4
1526331600,2726.4,2728.6,2698.4,2707.4
1526418000,2707.4,2725.6,2702.4,2719.6
1526504400,2719.6,2730.4,2709,2717.4
1526590800,2717.4,2725,2707.4,2710.8
1526850000,2710.8,2737.6,2710.8,2731.2
1526936400,2731.2,2740.2,2720.2,2723.8
1527022800,2723.8,2731.4,2703.2,2729
1527109200,2729,2732,2704.4,2726
1527195600,2726,2736.2,2712.4,2719.8
1527454800,2719.8,2730.6,2717.2,2722
1527541200,2722,2723,2674.2,2692.4
1527627600,2692.4,2728.2,2684.8,2722.2
1527714000,2722.2,2727.4,2698.8,2705.8
1527800400,2705.8,2736.2,2705,2734
1528059600,2734,2748.8,2728.2,2746
1528146000,2746,2752.6,2738.6,2751.2
1528232400,2751.2,2774.2,2747.8,2773.4
1528318800,2773.4,2779.2,2759.8,2772.4
1528405200,2772.4,2779.6,2751.8,2779
1528664400,2779,2790.4,2770.6,2782.4
1528750800,2782.4,2789.6,2778.4,2789.2
1528837200,2789.2,2791.8,2774.6,2775.4
1528923600,2775.4,2789.8,2768,2785
1529010000,2785,2785,2761.8,2777.2
1529269200,2777.2,2783,2757.6,2775.2
1529355600,2775.2,2776.6,2732.2,2762.4
1529442000,2762.4,2774.8,2753.6,2767.8
1529528400,2767.8,2781.8,2743.6,2747.4
1529614800,2747.4,2764.8,2745.6,2753.4
1529874000,2753.4,2754.4,2697.2,2718.2
1529960400,2718.2,2731.8,2711.6,2720.8
1530046800,2720.8,2744.4,2697.4,2701.4
1530133200,2701.4,2723,2689.8,2717.4
1530219600,2717.4,2742,2713.6,2717.6
1530478800,2717.6,2725,2695.4,2724.2
1530565200,2724.2,2738,2709,2710.2
1530651600,2710.2,2721,2707.6,2718.4
1530738000,2718.4,2736.4,2709.4,2735.2
1530824400,2735.2,2763.4,2728,2759.8
1531083600,2759.8,2784.8,2759.8,2784.4
1531170000,2784.4,2795,2778,2783
1531256400,2783,2785,2763.2,2773.6
1531342800,2773.6,2798.4,2771,2795.6
1531429200,2795.6,2804.6,2790.6,2801.4
1531688400,2801.4,2806.2,2792.4,2794
1531774800,2794,2813,2787.2,2810.2
1531861200,2810.2,2815.4,2804.2,2812.2
1531947600,2812.2,2815.2,2797.6,2802.8
1532034000,2802.8,2808,2790.4,2800.8
1532293200,2800.8,2809.8,2790.2,2808.8
1532379600,2808.8,2828.6,2808,2816.4
1532466000,2816.4,2846.8,2811.6,2842.4
1532552400,2842.4,2844,2830.8,2838.4
1532638800,2838.4,2844.4,2806.4,2815
1532898000,2815,2819.2,2796.2,2802.6
1532984400,2802.6,2825.2,2800.4,2823.6
1533070800,2823.6,2823.6,2803.4,2811.8
1533157200,2811.8,2828.8,2788.8,2828
1533243600,2828,2839,2822.4,2838.6
1533502800,2838.6,2851,2832.8,2847.4
1533589200,2847.4,2861.6,2846,2858.8
1533675600,2858.8,2860.2,2850.6,2851
1533762000,2851,2860.8,2848.6,2850.4
1533848400,2850.4,2850.8,2824.2,2837.4
1534107600,2837.4,2842.4,2818.6,2824
1534194000,2824,2842.2,2824,2840.4
1534280400,2840.4,2841.2,2801.8,2821.2
1534366800,2821.2,2850.4,2815.8,2842.6
1534453200,2842.6,2856,2834,2852
1534712400,2852,2859.8,2849,2856.4
1534798800,2856.4,2873,2851.2,2854.4
1534885200,2854.4,2867.2,2845.4,2860.8
1534971600,2860.8,2868.8,2854,2857.4
1535058000,2857.4,2876.6,2855.4,2875.8
1535317200,2875.8,2898.6,2875.8,2898
1535403600,2898,2905.4,2893.6,2899.6
1535490000,2899.6,2916.6,2897,2914.4
1535576400,2914.4,2915.6,2895,2898.4
1535662800,2898.4,2906.6,2891.2,2906
1535922000,2906,2911.6,2901.6,2908
1536008400,2908,2911.2,2885.4,2899.4
1536094800,2899.4,2900,2877.4,2889.2
1536181200,2889.2,2892.6,2867.6,2878.4
1536267600,2878.4,2884.8,2865,2872.8
1536526800,2872.8,2888.4,2872.8,2879.8
1536613200,2879.8,2892.8,2867.6,2890.2
1536699600,2890.2,2895.2,2879.6,2887.6
1536786000,2887.6,2907.2,2884.6,2904.6
1536872400,2904.6,2912.4,2896.8,2906.2
1537131600,2906.2,2906.2,2887.2,2891.2
1537218000,2891.2,2912.6,2878.4,2908
1537304400,2908,2913.8,2901,2911.6
1537390800,2911.6,2935.8,2908.6,2935.6
1537477200,2935.6,2942,2927.2,2927.4
1537736400,2927.4,2927.4,2912.8,2921.8
1537822800,2921.8,2929.4,2913.6,2917.6
1537909200,2917.6,2931,2903,2906.6
1537995600,2906.6,2927.2,2902.8,2917.2
1538082000,2917.2,2920.8,2903.4,2917.2
1538341200,2917.2,2937.4,2917.2,2924.4
1538427600,2924.4,2931.4,2913.2,2925.4
1538514000,2925.4,2940.2,2920.6,2921.8
1538600400,2921.8,2921.8,2883.4,2905.8
1538686800,2905.8,2911.2,2869,2890.6
1538946000,2890.6,2893.8,2861.8,2887.8
1539032400,2887.8,2895.8,2870.4,2883.6
1539118800,2883.6,2887.4,2767.8,2769.2
1539205200,2769.2,2794.8,2708.8,2748.6
1539291600,2748.6,2781,2728.6,2768.8
1539550800,2768.8,2774.8,2741.6,2743.6
1539637200,2743.6,2814.6,2741.8,2812.2
1539723600,2812.2,2820.6,2779.4,2812.8
1539810000,2812.8,2812.8,2753,2771.2
1539896400,2771.2,2796.6,2758.8,2764
1540155600,2764,2778.4,2746.2,2753.2
1540242000,2753.2,2753.8,2688.6,2741.4
1540328400,2741.4,2746.4,2648.8,2670.8
1540414800,2670.8,2720.2,2655.4,2678.2
1540501200,2678.2,2689,2624,2659
1540760400,2659,2703.4,2599.8,2636
1540846800,2636,2686.8,2630,2685.8
1540933200,2685.8,2733.8,2678.4,2702.2
1541019600,2702.2,2738,2702.2,2728
1541106000,2728,2762.8,2696.4,2719.2
1541368800,2719.2,2740.8,2709.6,2736.8
1541455200,2736.8,2757.8,2726.6,2755.6
1541541600,2755.6,2814.6,2741.8,2814
1541628000,2814,2815.2,2792.2,2803
1541714400,2803,2808.2,2762,2776
1541973600,2776,2792.6,2720,2728
1542060000,2728,2753.4,2712.4,2726.6
1542146400,2726.6,2746,2684.2,2699.4
1542232800,2699.4,2734.8,2669.2,2730.8
1542319200,2730.8,2747,2706.6,2740
1542578400,2740,2746.4,2680,2695.8
1542664800,2695.8,2695.8,2630.2,2635.6
1542751200,2635.6,2669.6,2630.6,2647.6
1542837600,2647.6,2654.6,2625.6,2631.2
1542924000,2631.2,2645.8,2624.6,2627.8
1543183200,2627.8,2674.4,2627.8,2659.6
1543269600,2659.6,2685.2,2653.8,2684.4
1543356000,2684.4,2743.4,2679.6,2739.8
1543442400,2739.8,2753.2,2722,2740.6
1543528800,2740.6,2763.6,2727.8,2762.6
1543788000,2762.6,2812.8,2762.6,2789.2
1543874400,2789.2,2789.2,2695,2700.4
1543960800,2700.4,2719.6,2697.2,2716.8
1544047200,2716.8,2716.8,2620.4,2694
1544133600,2694,2709,2622.8,2636.8
1544392800,2636.8,2647.8,2582.4,2640.6
1544479200,2640.6,2677.4,2620.8,2631
1544565600,2631,2685.8,2631,2649.2
1544652000,2649.2,2670.4,2636.6,2643.8
1544738400,2643.8,2648.2,2594,2596.4
1544997600,2596.4,2613.2,2530.6,2554
1545084000,2554,2574.8,2528.2,2530.6
1545170400,2530.6,2587.2,2488.6,2501.2
1545256800,2501.2,2516.7,2442.8,2486.6
1545343200,2486.6,2506.6,2408.2,2419.8
1545602400,2419.8,2433,2339.4,2340.8
1545775200,2340.8,2476.4,2315.6,2466.2
1545861600,2466.2,2497,2396,2487.8
1545948000,2487.8,2521,2471.6,2486.4
1546207200,2486.4,2511.6,2481.6,2507
1546380000,2507,2519.6,2451.4,2490.4
1546466400,2490.4,2492,2442.2,2450.2
1546552800,2450.2,2538,2437.2,2528.6
1546812000,2528.6,2566,2522.8,2552.2
1546898400,2552.2,2580,2546.6,2570.2
1546984800,2570.2,2595.6,2567.8,2580.2
1547071200,2580.2,2598.4,2559.6,2593.8
1547157600,2593.8,2596.6,2576.2,2594.4
1547416800,2594.4,2594.4,2566.4,2580.8
1547503200,2580.8,2612.6,2579.2,2605.2
1547589600,2605.2,2625.4,2601.6,2614.4
1547676000,2614.4,2644.4,2595.4,2637.2
1547762400,2637.2,2676.4,2631.8,2675.8
1548021600,2675.8,2675.8,2654.8,2662.4
1548108000,2662.4,2665.2,2615.8,2632.6
1548194400,2632.6,2652.8,2612,2637
1548280800,2637,2646.4,2625.2,2636
1548367200,2636,2671.4,2633.8,2664.8
1548626400,2664.8,2664.8,2621.4,2640.4
1548712800,2640.4,2649,2627.6,2645.6
1548799200,2645.6,2688.8,2635.4,2682.8
1548885600,2682.8,2712,2675,2711
1548972000,2711,2714.8,2694.4,2703.8
1549231200,2703.8,2724,2696,2720
1549317600,2720,2736.8,2715.6,2731.2
1549404000,2731.2,2735.6,2721.6,2727.4
1549490400,2727.4,2728.4,2684.8,2702.4
1549576800,2702.4,2708.2,2680.2,2707.4
1549836000,2707.4,2721,2700,2707.8
1549922400,2707.8,2747.2,2705.2,2744.6
1550008800,2744.6,2761,2742.2,2749
1550095200,2749,2762.2,2729.8,2741.2
1550181600,2741.2,2777.8,2728.2,2777
1550440800,2777,2781,2772.8,2777.4
1550527200,2777.4,2786.8,2765.6,2777.6
1550613600,2777.6,2790.2,2772.8,2786.4
1550700000,2786.4,2797.4,2763.8,2774
1550786400,2774,2795,2770.2,2795
1551045600,2795,2813.4,2794.2,2794.8
1551132000,2794.8,2803,2783,2789.2
1551218400,2789.2,2796.6,2774.8,2796.2
1551304800,2796.2,2796.2,2781.6,2786.8
1551391200,2786.8,2808,2782.8,2806.2
1551650400,2806.2,2819.4,2767,2790.8
1551736800,2790.8,2798.6,2783.2,2788.4
1551823200,2788.4,2792.2,2768.2,2771
1551909600,2771,2776,2738.4,2749.8
1551996000,2749.8,2751.2,2722,2748.4
1552251600,2748.4,2787,2737,2785.8
1552338000,2785.8,2798.2,2780.6,2794.2
1552424400,2794.2,2821.4,2783.2,2815.8
1552510800,2815.8,2820.2,2803.8,2808.2
1552597200,2808.2,2831.8,2807.8,2825.6
1552856400,2825.6,2837.6,2819.6,2836.8
1552942800,2836.8,2854.2,2824.4,2833
1553029200,2833,2844.8,2813,2819.2
1553115600,2819.2,2861.4,2809.6,2855.8
1553202000,2855.8,2860.2,2801,2802.2
1553461200,2802.2,2814,2785.4,2804.4
1553547600,2804.4,2830.6,2801.8,2820
1553634000,2820,2827.4,2787.6,2803.4
1553720400,2803.4,2820,2791,2818
1553806800,2818,2836.8,2816.4,2835.6
1554066000,2835.6,2869.2,2835.6,2866.8
1554152400,2866.8,2869.6,2858.4,2862.4
1554238800,2862.4,2885.2,2861.4,2875.8
1554325200,2875.8,2881.8,2867.2,2879
1554411600,2879,2894.2,2876.8,2893.8
1554670800,2893.8,2896,2880.6,2895
1554757200,2895,2896.2,2873.6,2878.8
1554843600,2878.8,2892.2,2874.4,2892
1554930000,2892,2896.2,2882,2888.8
1555016400,2888.8,2911.2,2887.4,2908.6
1555275600,2908.6,2911,2897.4,2907.2
1555362000,2907.2,2917.8,2901.4,2907.6
1555448400,2907.6,2920,2895.4,2897.2
1555534800,2897.2,2908.6,2886.4,2907.4
1555880400,2907.4,2912.4,2895.8,2910.2
1555966800,2910.2,2936.6,2905,2934.8
1556053200,2934.8,2936.4,2924.8,2925.6
1556139600,2925.6,2932.6,2911.4,2920.4
1556226000,2920.4,2939.6,2914.6,2936.2
1556485200,2936.2,2948.6,2935,2940
1556571600,2940,2953.4,2923.2,2952.2
1556658000,2952.2,2958.2,2913.6,2914.8
1556744400,2914.8,2929.6,2898.2,2915.8
1556830800,2915.8,2946.6,2913.4,2946.4
1557090000,2946.4,2946.4,2881,2927.8
1557176400,2927.8,2927.8,2860,2887.4
1557262800,2887.4,2896.6,2866.2,2882
1557349200,2882,2882.8,2833.8,2869.6
1557435600,2869.6,2890.4,2823.8,2884.8
1557694800,2884.8,2884.8,2800.2,2805.6
1557781200,2805.6,2851.6,2797.8,2838.2
1557867600,2838.2,2858,2813.2,2852.8
1557954000,2852.8,2892.2,2838.4,2877.8
1558040400,2877.8,2885.8,2850.8,2860
1558299600,2860,2875.2,2831.2,2846.2
1558386000,2846.2,2869.2,2845.2,2863.6
1558472400,2863.6,2868.4,2847,2855.8
1558558800,2855.8,2857,2804.4,2819.2
1558645200,2819.2,2840.6,2818.2,2829.8
1558904400,2829.8,2837.8,2825.2,2830.8
1558990800,2830.8,2840.2,2799.6,2804
1559077200,2804,2805,2765.4,2779.8
1559163600,2779.8,2797.8,2775.8,2789.4
1559250000,2789.4,2790,2749.6,2752
1559509200,2752,2763.2,2728.4,2752.6
1559595600,2752.6,2805.8,2743.6,2805.4
1559682000,2805.4,2829,2800.6,2828.6
1559768400,2828.6,2852.8,2812.6,2839.2
1559854800,2839.2,2886,2837.8,2877.6
1560114000,2877.6,2905.6,2877.6,2889.6
1560200400,2889.6,2911.4,2879.4,2887.6
1560286800,2887.6,2890.8,2875.4,2881.8
1560373200,2881.8,2896.4,2867.4,2895.4
1560459600,2895.4,2898.6,2880.4,2892
1560718800,2892,2900.6,2887.8,2893.2
1560805200,2893.2,2931.6,2884.6,2921.4
1560891600,2921.4,2931.8,2910.4,2926.8
1560978000,2926.8,2959.4,2925.8,2953
1561064400,2953,2964.4,2943,2943.8
1561323600,2943.8,2956.8,2943.8,2947
1561410000,2947,2953.4,2915.6,2918.2
1561496400,2918.2,2934.2,2909.6,2910.4
1561582800,2910.4,2931,2910.4,2928.2
1561669200,2928.2,2950.6,2925.4,2949.2
1561928400,2949.2,2977,2949.2,2963.8
1562014800,2963.8,2975.4,2954.2,2974.6
1562101200,2974.6,2996.4,2969.4,2995.6
1562187600,2995.6,2999.4,2992.8,2998.2
1562274000,2998.2,3000,2967.2,2987.8
1562533200,2987.8,2990,2969.2,2974
1562619600,2974,2982,2959.4,2978.2
1562706000,2978.2,3003.6,2967.2,2992.4
1562792400,2992.4,3002.8,2988.4,3000
1562878800,3000,3014,2998.4,3010.6
1563138000,3010.6,3019.8,3007.2,3013.6
1563224400,3013.6,3017.8,3000.6,3002.2
1563310800,3002.2,3009,2976.8,2977.6
1563397200,2977.6,3001.6,2970.8,3000
1563483600,3000,3006,2966,2967.2
1563742800,2967.2,2989.6,2967.2,2986
1563829200,2986,3004.8,2984,2999.6
1563915600,2999.6,3018.6,2992.6,3014.6
1564002000,3014.6,3024.2,2994.6,3002.4
1564088400,3002.4,3025.8,3002.4,3019.4
1564347600,3019.4,3023.8,3011.8,3019.4
1564434000,3019.4,3023.8,2998,3011.2
1564520400,3011.2,3017.2,2954.8,2971
1564606800,2971,3010.8,2941.2,2946
1564693200,2946,2957.4,2910,2931.2
1564952400,2931.2,2931.2,2817.4,2821.8
1565038800,2821.8,2880.6,2772.8,2872.2
1565125200,2872.2,2888,2820,2876.8
1565211600,2876.8,2937.4,2867.4,2935.4
1565298000,2935.4,2935.4,2896.4,2920.6
1565557200,2920.6,2928,2870.2,2879.8
1565643600,2879.8,2941.8,2864.2,2929.2
1565730000,2929.2,2934,2833.6,2833.6
1565816400,2833.6,2868.8,2815.4,2849.6
1565902800,2849.6,2892.8,2847.6,2889.8
1566162000,2889.8,2930.4,2889.8,2920.2
1566248400,2920.2,2930.4,2892.6,2894.2
1566334800,2894.2,2931,2891.6,2930.4
1566421200,2930.4,2938,2902.6,2918.8
1566507600,2918.8,2935,2832.6,2849.6
1566766800,2849.6,2886.8,2808.6,2880.8
1566853200,2880.8,2898,2859,2865.4
1566939600,2865.4,2889,2850.4,2882
1567026000,2882,2929.2,2874,2922.8
1567112400,2922.8,2945.2,2911.8,2922.2
1567371600,2922.2,2925,2888,2899.4
1567458000,2899.4,2914.2,2890,2904
1567544400,2904,2938.4,2900.8,2937.2
1567630800,2937.2,2985.6,2935.6,2969.6
1567717200,2969.6,2987.2,2969.6,2982.4
1567976400,2982.4,2991.2,2969.2,2979
1568062800,2979,2984.4,2956.8,2978.8
1568149200,2978.8,3003.6,2971.6,3002
1568235600,3002,3021.2,3000.8,3007.8
1568322000,3007.8,3023.4,3003.6,3007
1568581200,3007,3007,2981.2,3001.4
1568667600,3001.4,3006.4,2991.4,3005.8
1568754000,3005.8,3009.9,2978.6,3007.4
1568840400,3007.4,3021.8,2988.8,3005.6
1568926800,3005.6,3015.4,2982.6,2986.8
1569186000,2986.8,3005.6,2979.6,2998.8
1569272400,2998.8,3009.8,2956.2,2969.4
1569358800,2969.4,2989.2,2951.4,2983.8
1569445200,2983.8,2992.8,2962,2977.2
1569531600,2977.2,2990.4,2943.8,2966.2
1569790800,2966.2,2984,2962.4,2982.8
1569877200,2982.8,2992,2934.8,2939.8
1569963600,2939.8,2946.6,2871.8,2882
1570050000,2882,2910.2,2853,2909.4
1570136400,2909.4,2951,2896,2948.6
1570395600,2948.6,2957.2,2928.4,2934
1570482000,2934,2947.8,2888.6,2891.2
1570568400,2891.2,2927.4,2886,2918.8
1570654800,2918.8,2951.8,2879.8,2948
1570741200,2948,2991.8,2939.8,2968.8
1571000400,2968.8,2980.4,2952,2964.2
1571086800,2964.2,3001,2964.2,2994.8
1571173200,2994.8,2995.8,2983,2990.2
1571259600,2990.2,3006,2983.4,2996.6
1571346000,2996.6,2999.2,2973.4,2987.6
1571605200,2987.6,3005.8,2982,3004.6
1571691600,3004.6,3012,2986.6,2988.6
1571778000,2988.6,3004,2980.4,3004
1571864400,3004,3013.4,2997.2,3000.6
1571950800,3000.6,3024.6,2998.4,3018.2
1572210000,3018.2,3041,3018.2,3035
1572296400,3035,3044.4,3028,3034.4
1572382800,3034.4,3053.2,3021.8,3048.2
1572469200,3048.2,3049.8,3018.4,3034
1572555600,3034,3063.2,3031.4,3061.8
1572818400,3061.8,3082,3061.8,3074.8
1572904800,3074.8,3084,3068.2,3070.2
1572991200,3070.2,3076.4,3061.8,3075.8
1573077600,3075.8,3095.4,3068.8,3084.4
1573164000,3084.4,3091,3071.2,3090.4
1573423200,3090.4,3090.6,3073.2,3086.2
1573509600,3086.2,3100.6,3080,3089.2
1573596000,3089.2,3095.6,3074.6,3094.8
1573682400,3094.8,3098.4,3080.8,3096.4
1573768800,3096.4,3118.4,3094.8,3118
1574028000,3118,3126.8,3110.4,3121
1574114400,3121,3131.4,3111.8,3116
1574200800,3116,3117.6,3090,3107.8
1574287200,3107.8,3113.6,3090.4,3103.2
1574373600,3103.2,3113.8,3097.2,3111
1574632800,3111,3132.6,3111,3130.8
1574719200,3130.8,3144,3127.4,3143.4
1574805600,3143.4,3154.2,3141.2,3153.6
1574892000,3153.6,3154,3140.6,3149.4
1574978400,3149.4,3151,3139,3143
1575237600,3143,3157.2,3109.6,3112.2
1575324000,3112.2,3121.2,3069.2,3091.2
1575410400,3091.2,3118.8,3081.4,3110.4
1575496800,3110.4,3124.2,3102.8,3117.2
1575583200,3117.2,3150.6,3116.6,3146
1575842400,3146,3149.4,3131.4,3132.8
1575928800,3132.8,3143,3116.6,3137
1576015200,3137,3144.6,3130,3144.4
1576101600,3144.4,3177.2,3137.4,3169.4
1576188000,3169.4,3184.8,3156.4,3172
1576447200,3172,3198.6,3172,3193.6
1576533600,3193.6,3199.2,3188,3190.2
1576620000,3190.2,3203,3190.2,3199.4
1576706400,3199.4,3214,3194.6,3213
1576792800,3213,3229.2,3208.4,3224.4
1577052000,3224.4,3234.4,3224.4,3228.4
1577138400,3228.4,3231.4,3222.8,3226.2
1577311200,3226.2,3244.8,3226.2,3242.4
1577397600,3242.4,3253.8,3235.6,3236.3
1577656800,3236.3,3244.6,3217.6,3223.6
1577743200,3223.6,3236.4,3213.6,3236.4
1577916000,3236.4,3261.8,3235,3261.8
1578002400,3261.8,3263.4,3207.2,3235.6
1578261600,3235.6,3250.4,3209.8,3243.8
1578348000,3243.8,3255,3227,3233.6
1578434400,3233.6,3268.2,3182,3261
1578520800,3261,3277,3258.2,3275.6
1578607200,3275.6,3288,3262,3264.8
1578866400,3264.8,3292.4,3264.8,3291
1578952800,3291,3297.8,3276.8,3289
1579039200,3289,3300.4,3279.4,3295.2
1579125600,3295.2,3319.4,3295.2,3319
1579212000,3319,3331.8,3317.8,3325.2
1579471200,3325.2,3330.6,3320.8,3327.6
1579557600,3327.6,3332.2,3310,3322
1579644000,3322,3339.8,3318,3319.8
1579730400,3319.8,3329.4,3304.2,3329
1579816800,3329,3339.4,3283.2,3293.6
1580076000,3293.6,3293.6,3236.3,3244.8
1580162400,3244.8,3288.2,3242.7,3285.9
1580248800,3285.9,3295.8,3268.9,3274.2
1580335200,3274.2,3298.1,3243.2,3297.3
1580421600,3297.3,3300.5,3216,3231
1580680800,3231,3270.1,3227.8,3248.3
1580767200,3248.3,3308.2,3239.4,3303.2
1580853600,3303.2,3340.7,3291.4,3338.7
1580940000,3338.7,3360,3335,3350.5
1581026400,3350.5,3351.7,3322.7,3325
1581285600,3325,3355.2,3305.8,3354.2
1581372000,3354.2,3376.4,3351.6,3361.4
1581458400,3361.4,3383.4,3358,3383
1581544800,3383,3385.6,3349.8,3379.6
1581631200,3379.6,3389.2,3366.2,3383
1581890400,3383,3393.8,3383,3389.8
1581976800,3389.8,3389.8,3356.4,3372.5
1582063200,3372.5,3394.45,3372.3,3388.8
1582149600,3388.8,3398.2,3340.2,3368.5
1582236000,3368.5,3369.9,3329.35,3339.1
1582495200,3339.1,3339.1,3215,3229.2
1582581600,3229.2,3260.7,3119,3139.5
1582668000,3139.5,3183.45,3092.7,3101.5
1582754400,3101.5,3118.1,2948.1,2948.1
1582840800,2948.1,2996.7,2854.6,2989.4
1583100000,2989.4,3094.6,2891.4,3072.2
1583186400,3072.2,3138.3,2975.1,2992.2
1583272800,2992.2,3130.4,2978.4,3111.6
1583359200,3111.6,3115.4,2998.6,3024.6
1583445600,3024.6,3038.3,2899.9,2964.4
1583701200,2964.4,2964.4,2716.8,2735.7
1583787600,2735.7,2886.2,2697.1,2877.1
1583874000,2877.1,2877.1,2704.6,2743.2
1583960400,2743.2,2775,2444.4,2450.7
1584046800,2450.7,2707.3,2394.6,2663.8
1584306000,2663.8,2663.8,2362.6,2418.8
1584392400,2418.8,2554.6,2365.6,2490.6
1584478800,2490.6,2494.5,2271,2413.7
1584565200,2413.7,2467.9,2283.4,2363.9
1584651600,2363.9,2506,2267.2,2274.5
1584910800,2274.5,2392.3,2179.3,2223
1584997200,2223,2454.4,2223,2448.4
1585083600,2448.4,2567,2393.8,2474.3
1585170000,2474.3,2632.6,2409.6,2624.5
1585256400,2624.5,2638.7,2512.4,2525.8
1585515600,2525.8,2626.9,2464.9,2619.4
1585602000,2619.4,2641.1,2561.3,2569.1
1585688400,2569.1,2569.1,2440,2463.4
1585774800,2463.4,2530.6,2430.5,2521.5
1585861200,2521.5,2534.8,2455,2485.7
1586120400,2485.7,2674.2,2485.7,2653.2
1586206800,2653.2,2753.2,2629.2,2642.2
1586293200,2642.2,2757.2,2626.2,2743.2
1586379600,2743.2,2814.2,2706.7,2789.5
1586725200,2789.5,2813.2,2716.8,2764.2
1586811600,2764.2,2849.8,2758,2849.5
1586898000,2849.5,2850.4,2756.8,2773.5
1586984400,2773.5,2835,2753.4,2833.4
1587070800,2833.4,2890.6,2826.8,2873.9
1587330000,2873.9,2881,2811,2818.2
1587416400,2818.2,2839,2723.4,2735.4
1587502800,2735.4,2813.3,2724.3,2796.3
1587589200,2796.3,2842.6,2779.1,2789.9
1587675600,2789.9,2841,2761.6,2834.8
1587934800,2834.8,2887.8,2820.1,2875.3
1588021200,2875.3,2920.5,2858.2,2867.4
1588107600,2867.4,2965.8,2867.4,2965.8
1588194000,2965.8,2972.4,2886,2891.2
1588280400,2891.2,2891.2,2820,2827
1588539600,2827,2843.6,2779.2,2835.9
1588626000,2835.9,2897.6,2833,2867.1
1588712400,2867.1,2894.2,2840.4,2843
1588798800,2843,2901.8,2830.3,2890.1
1588885200,2890.1,2939.3,2886.6,2937
1589144400,2937,2953.4,2896.6,2925.6
1589230800,2925.6,2945.8,2844.5,2845.2
1589317200,2845.2,2882.6,2792.6,2824.3
1589403600,2824.3,2859.4,2765.8,2853.4
1589490000,2853.4,2868.4,2815.2,2859.6
1589749200,2859.6,2969.2,2855.6,2950.4
1589835600,2950.4,2980.9,2919.2,2922.4
1589922000,2922.4,2980.2,2913.1,2976.1
1590008400,2976.1,2977.6,2938,2940.7
1590094800,2940.7,2961.1,2908,2960.5
1590354000,2960.5,2993.8,2954.2,2993.2
1590440400,2993.2,3023.6,2984.8,2998.1
1590526800,2998.1,3043.3,2969.6,3041
1590613200,3041,3068.8,3023.2,3041.7
1590699600,3041.7,3061.1,2998.2,3060.3
1590958800,3060.3,3061.9,3011.2,3056.7
1591045200,3056.7,3081.8,3038.2,3081.4
1591131600,3081.4,3131.8,3077.1,3120.2
1591218000,3120.2,3128.8,3089.8,3116.7
1591304400,3116.7,3212.4,3108.6,3188.2
1591563600,3188.2,3233.2,3185.4,3229.2
1591650000,3229.2,3232.8,3192.1,3207.1
1591736400,3207.1,3229.1,3181.9,3186.1
1591822800,3186.1,3190,2998,3017.2
1591909200,3017.2,3088.4,2983.2,3036.6
1592168400,3036.6,3079.8,2936,3077.6
1592254800,3077.6,3167.7,3072.2,3127.2
1592341200,3127.2,3159.1,3107.1,3118.2
1592427600,3118.2,3131,3076.4,3112.6
1592514000,3112.6,3156.1,3068.4,3070.1
1592773200,3070.1,3125.3,3039,3123.5
1592859600,3123.5,3156.8,3072.5,3124
1592946000,3124,3139.7,3031.4,3061.3
1593032400,3061.3,3091,3017.2,3085.5
1593118800,3085.5,3093.1,3004.2,3014.1
1593378000,3014.1,3062.1,2995,3058.3
1593464400,3058.3,3111.8,3041.5,3096.6
1593550800,3096.6,3128.6,3073.8,3111.3
1593637200,3111.3,3165.6,3105.9,3134.6
1593723600,3134.6,3148.9,3116,3124.5
1593982800,3124.5,3184.4,3124.5,3179.6
1594069200,3179.6,3194.3,3143.2,3146.4
1594155600,3146.4,3176.4,3136.1,3175.6
1594242000,3175.6,3180.2,3115,3151.7
1594328400,3151.7,3190.8,3121.3,3189.4
1594587600,3189.4,3235.8,3150.6,3158.6
1594674000,3158.6,3201.2,3128.6,3193.2
1594760400,3193.2,3241.6,3193.2,3230.6
1594846800,3230.6,3237.3,3198.1,3205.2
1594933200,3205.2,3234,3203.8,3222.8
1595192400,3222.8,3258.8,3199.4,3252.8
1595278800,3252.8,3282.1,3248.4,3259.7
1595365200,3259.7,3280.4,3236.4,3275.6
1595451600,3275.6,3293.1,3223.2,3238.1
1595538000,3238.1,3247.5,3200.6,3213.7
1595797200,3213.7,3243.7,3206.7,3243.2
1595883600,3243.2,3255.1,3217,3221.8
1595970000,3221.8,3265.6,3213.1,3264.9
1596056400,3264.9,3277.1,3203.4,3276.1
1596142800,3276.1,3281.4,3220.4,3277.9
1596402000,3277.9,3303.4,3262.8,3296.8
1596488400,3296.8,3308.4,3279.3,3307.8
1596574800,3307.8,3331.2,3300.6,3325.9
1596661200,3325.9,3353,3308.3,3351.5
1596747600,3351.5,3354.6,3329.4,3354.3999999999996
1597006800,3354.4,3364.4,3335.8,3359.6
1597093200,3359.6,3385.9,3326.6,3343.1
1597179600,3343.1,3388.8,3332.9,3375.7
1597266000,3375.7,3387.6,3363.2,3375
1597352400,3375,3385.5,3355.5,3368.8
1597611600,3368.8,3388,3368.8,3384.5
1597698000,3384.5,3395.2,3370.2,3393
1597784400,3393,3399.8,3369.8,3373.3
1597870800,3373.3,3391,3348.9,3387.4
1597957200,3387.4,3400,3360.7,3396.1
1598216400,3396.1,3432.8,3396.1,3430.2
1598302800,3430.2,3452.1,3425.4,3447.7
1598389200,3447.7,3486.8,3440.3,3483.6
1598475600,3483.6,3501.4,3467.8,3490.9
1598562000,3490.9,3512.3,3483.8,3509.1
1598821200,3509.1,3527.1,3492.6,3496.1
1598907600,3496.1,3532.3,3486.5,3531.8
1598994000,3531.8,3588.8,3528.4,3579.1
1599080400,3579.1,3587.8,3426.2,3463.8
1599166800,3463.8,3485.5,3349.2,3416
1599426000,3416,3439.8,3382.6,3434.6
1599512400,3434.6,3448.1,3328.8,3337.1
1599598800,3337.1,3425,3296.8,3396.1
1599685200,3396.1,3425,3328.2,3342.3
1599771600,3342.3,3375.6,3309.4,3338.3
1600030800,3338.3,3402.2,3338.3,3378.5
1600117200,3378.5,3418.4,3375.9,3404.9
1600203600,3404.9,3431.6,3386,3392.5
1600290000,3392.5,3398.4,3322.1,3360
1600376400,3360,3375.6,3293.4,3329.3
1600635600,3329.3,3338.4,3230.2,3286.1
1600722000,3286.1,3321.6,3268.9,3313.3
1600808400,3313.3,3331.7,3233,3242.8
1600894800,3242.8,3280.2,3210,3252.4
1600981200,3252.4,3308.2,3218.2,3297
1601240400,3297,3362.9,3297,3360.2
1601326800,3360.2,3374.3,3328.2,3341.4
1601413200,3341.4,3395.2,3302.7,3349.7
1601499600,3349.7,3398.6,3349.7,3379
1601586000,3379,3385.7,3311.3,3356.8
1601845200,3356.8,3410.4,3356.8,3402.8
1601931600,3402.8,3432,3341.3,3344.3
1602018000,3344.3,3426.8,3342.7,3418.1
1602104400,3418.1,3456.1,3415.4,3455.7
1602190800,3455.7,3489.1,3454.6,3485.5
1602450000,3485.5,3550.4,3473.6,3541.2
1602536400,3541.2,3544.8,3500.6,3510.8
1602622800,3510.8,3532.8,3481,3488.3
1602709200,3488.3,3495.4,3440.4,3484.5
1602795600,3484.5,3517,3470.4,3473.4
1603054800,3473.4,3505.1,3419.6,3442.8
1603141200,3442.8,3478.4,3427.3,3436.6
1603227600,3436.6,3466.3,3429.4,3440
1603314000,3440,3461.2,3410.9,3458.9
1603400400,3458.9,3470.6,3439.8,3461.3
1603659600,3461.3,3461.3,3364.4,3403
1603746000,3403,3418,3377.5,3377.6
1603832400,3377.6,3378.9,3270,3283.7
1603918800,3283.7,3342.6,3259,3284.3
1604005200,3284.3,3304.6,3233.8,3287.1
1604268000,3287.1,3331.8,3251.9,3312.1
1604354400,3312.1,3391,3311,3368
1604440800,3368,3488.2,3327.8,3449.5
1604527200,3449.5,3530,3436.2,3519
1604613600,3519,3526.1,3463.8,3517.3
1604872800,3517.3,3674.8,3517.3,3553.8
1604959200,3553.8,3568.9,3512.6,3552.1
1605045600,3552.1,3583.2,3537.4,3579.9
1605132000,3579.9,3579.9,3518.8,3544.4
1605218400,3544.4,3595,3523.6,3587.9
1605477600,3587.9,3642,3587.9,3633.8
1605564000,3633.8,3634.5,3588.8,3608.6
1605650400,3608.6,3626.9,3560.4,3564.1
1605736800,3564.1,3586.2,3546.2,3565.9
1605823200,3565.9,3586.1,3547.4,3556.4
1606082400,3556.4,3592.2,3550,3580.2
1606168800,3580.2,3644.3,3580.2,3642.7
1606255200,3642.7,3658.6,3619.6,3633.3
1606341600,3633.3,3642.8,3617.6,3622.4
1606428000,3622.4,3646.6,3616.7,3640.6
1606687200,3640.6,3654.7,3595.6,3635.9
1606773600,3635.9,3680,3628.7,3662.5
1606860000,3662.5,3675,3644.6,3672.4
1606946400,3672.4,3683.4,3657,3669.1
1607032800,3669.1,3701.2,3667,3691.7
1607292000,3691.7,3706.3,3673.8,3691.2
1607378400,3691.3,3709,3665.7,3704.4
1607464800,3704.4,3715.7,3660.8,3672.4
1607551200,3672.4,3682.2,3645,3667
1607637600,3667,3675.6,3629.2,3661.2
1607896800,3661.2,3698,3644.2,3651.4
1607983200,3651.4,3695.4,3642.9,3693.7
1608069600,3693.7,3713.4,3687.2,3702.8
1608156000,3702.8,3726.6,3700.9,3725.2
1608242400,3725.2,3733.6,3689.6,3729.1
1608501600,3729.1,3735.6,3608.6,3696.7
1608588000,3696.7,3707,3676.1,3687
1608674400,3687,3713.4,3663.3,3696.9
1608760800,3696.9,3707.6,3690.8,3704.6
1609106400,3704.6,3744,3694.1,3741.3
1609192800,3741.3,3759.4,3726.2,3735.9
1609279200,3735.9,3749.4,3727.7,3736
1609365600,3736,3763.8,3726.1,3759.8
1609711200,3759.8,3784.2,3663.4,3706.9
1609797600,3706.9,3740,3683.7,3727.9
1609884000,3727.9,3785,3695.9,3759.9
1609970400,3759.9,3813.2,3751.5,3805.4
1610056800,3805.4,3833.1,3784.4,3831.4
1610316000,3831.4,3831.4,3785.4,3801.9
1610402400,3801.9,3816.7,3777.8,3802.7
1610488800,3802.7,3823.2,3786.6,3815.8
1610575200,3815.8,3827.2,3795.8,3799.3
1610661600,3799.3,3807,3751,3755.5
1610920800,3755.5,3778.2,3750.2,3778
1611007200,3778,3806.4,3777.7,3803.1
1611093600,3803.1,3861.8,3798.1,3849.4
1611180000,3849.4,3868.6,3845.6,3855.7
1611266400,3855.7,3858,3822.3,3839.3
1611525600,3839.3,3862,3797.6,3855.6
1611612000,3855.6,3871.2,3830.5,3855.2
1611698400,3855.2,3861.6,3715.6,3742.7
1611784800,3742.7,3831.8,3712.3,3776.6
1611871200,3776.6,3784.6,3693.6,3705.1
1612130400,3705.1,3784.8,3665.1,3771.8
1612216800,3771.8,3843.6,3768.1,3836.5
1612303200,3836.5,3851.4,3816,3840.3
1612389600,3840.3,3877.2,3819.2,3874
1612476000,3874,3895.6,3867.3,3891.9
1612735200,3891.9,3918.1,3891.9,3917.7
1612821600,3917.7,3919.5,3901.6,3917.3
1612908000,3917.3,3934.7,3884.8,3914.5
1612994400,3914.5,3925.8,3890.2,3911.3
1613080800,3911.3,3941.4,3895.7,3940.4
1613340000,3940.4,3957.2,3940.1,3955.8
1613426400,3955.8,3963.9,3924.4,3935
1613512800,3935,3937.4,3901.6,3932.1
1613599200,3932.1,3940.8,3885.6,3915.6
1613685600,3915.6,3935.8,3895,3903.5
1613944800,3903.5,3918.6,3865.5,3882
1614031200,3882,3900.2,3809.2,3880.5
1614117600,3880.5,3931.9,3856.1,3927.9
1614204000,3927.9,3938.1,3814,3825.1
1614290400,3825.1,3861.6,3788.2,3812.1
1614549600,3812.1,3915,3812.1,3906.3
1614636000,3906.3,3909.5,3868.8,3869.8
1614722400,3869.8,3900.8,3816.1,3818
1614808800,3818,3844.4,3722.6,3768.8
1614895200,3768.8,3852,3730.8,3842.8
1615154400,3842.8,3881,3798.4,3831.5
1615240800,3831.5,3902.8,3828.1,3873.9
1615327200,3873.9,3917.6,3858.4,3909
1615413600,3909,3959.6,3894.1,3936.3
1615500000,3936.3,3947.8,3910.4,3943
1615755600,3943,3969.6,3922.2,3966.2
1615842000,3966.2,3980.4,3952.8,3967.3
1615928400,3967.3,3985.8,3937.4,3974.5
1616014800,3974.5,3991.6,3913.8,3923.1
1616101200,3923.1,3936.2,3888,3909.2
1616360400,3909.2,3957.2,3897.9,3945.4
1616446800,3945.4,3951.4,3903.4,3916.6
1616533200,3916.6,3944,3890.2,3895
1616619600,3895,3921.8,3855.8,3919.6
1616706000,3919.6,3980.2,3913.2,3974.7
1616965200,3974.7,3983.4,3941.4,3975.2
1617051600,3975.2,3980.3,3945.8,3961.3
1617138000,3961.3,3995.4,3953.3,3977.6
1617224400,3977.6,4026.8,3976.3,4026
1617310800,4026,4049.5,4024.3,4038.8
1617570000,4038.8,4084.8,4032.2,4081.3
1617656400,4081.3,4086.8,4063.3,4077.5
1617742800,4077.5,4086.2,4067.4,4085.9
1617829200,4085.9,4109.3,4082.5,4109.2
1617915600,4109.2,4132.2,4092,4124.5
1618174800,4124.5,4135.2,4115.4,4133.4
1618261200,4133.4,4150.4,4112.2,4144.9
1618347600,4144.9,4154,4123.4,4133.5
1618434000,4133.5,4176.8,4129.8,4172.9
1618520400,4172.9,4193.6,4164.6,4183.2
1618779600,4183.2,4184.9,4152,4166.6
1618866000,4166.6,4177.2,4120.6,4130.2
1618952400,4130.2,4177,4122.9,4167.1
1619038800,4167.1,4181.4,4125,4139.7
1619125200,4139.7,4196.2,4137,4175.5
1619384400,4175.5,4195.4,4173.5,4191.2
1619470800,4191.2,4201.2,4176.6,4189.9
1619557200,4189.9,4203.4,4182.4,4194.4
1619643600,4194.4,4220.2,4177.2,4209.2
1619730000,4209.2,4210.1,4176.4,4189
1619989200,4189,4211.4,4189,4192.6
1620075600,4192.6,4194.3,4129.6,4167
1620162000,4167,4188.8,4162,4167
1620248400,4167,4205.3,4148.6,4204.6
1620334800,4204.6,4239.6,4199.4,4234
1620594000,4234,4245.5,4179.9,4183.2
1620680400,4183.2,4192.8,4111.4,4147.6
1620766800,4147.6,4157.3,4058,4058.7
1620853200,4058.7,4132.8,4035.6,4117
1620939600,4117,4184,4111.2,4179
1621198800,4179,4184.4,4142.4,4166.3
1621285200,4166.3,4184.7,4117.3,4119.9
1621371600,4119.9,4127.6,4060.4,4112.6
1621458000,4112.6,4173.4,4088.7,4156.9
1621544400,4156.9,4189,4151.2,4161.4
1621803600,4161.4,4209.8,4146.4,4202.9
1621890000,4202.9,4216.3,4183,4192.2
1621976400,4192.2,4207.8,4184.2,4197.3
1622062800,4197.3,4214.6,4181.1,4214.1
1622149200,4214.1,4220.2,4203.8,4206
1622408400,4206,4213.1,4192.8,4195
1622494800,4195,4232.4,4195,4200.9
1622581200,4200.9,4217,4192.9,4208.6
1622667600,4208.6,4214.8,4166.8,4192.9
1622754000,4192.9,4233.2,4178.5,4229.5
1623013200,4229.5,4233.6,4215.3,4228.5
1623099600,4228.5,4237.7,4207,4226.4
1623186000,4226.4,4235.8,4218,4223.1
1623272400,4223.1,4249.6,4207.9,4239.5
1623358800,4239.5,4248.2,4231.4,4245.9
1623618000,4245.9,4257.2,4233.2,4254.6
1623704400,4254.6,4266.7,4237.2,4246.6
1623790800,4246.6,4250.2,4200.8,4211.7
1623877200,4211.7,4233.4,4192.8,4225.9
1623963600,4225.9,4230.7,4152.9,4153.7
1624222800,4153.7,4232.6,4138.6,4231.6
1624309200,4231.6,4258.2,4218.8,4250.1
1624395600,4250.1,4261.1,4243.6,4246.5
1624482000,4246.5,4276.1,4244.6,4274.6
1624568400,4274.6,4289,4266.1,4286.8
1624827600,4286.8,4294.4,4276.8,4293.6
1624914000,4293.6,4303,4283.7,4296.5
1625000400,4296.5,4306.1,4281.1,4305.1
1625086800,4305.1,4323.8,4297.8,4321.1
1625173200,4321.1,4358,4319.2,4349.9
1625432400,4349.9,4357,4344.1,4353.2
1625518800,4353.2,4359,4316.2,4339.1
1625605200,4339.1,4364.6,4331.2,4363.8
1625691600,4363.8,4363.8,4290.2,4321.2
1625778000,4321.2,4374.2,4303.2,4372.4
1626037200,4372.4,4389.4,4352.6,4386.5
1626123600,4386.5,4394.4,4367.4,4370.4
1626210000,4370.4,4394.6,4360.4,4376.6
1626296400,4376.6,4380.3,4342.8,4357.8
1626382800,4357.8,4378,4324.5,4328.3
1626642000,4328.3,4330.8,4234.2,4271.3
1626728400,4271.3,4339,4263,4329.4
1626814800,4329.4,4365.2,4320.2,4365.1
1626901200,4365.1,4381.1,4351.4,4380.7
1626987600,4380.7,4417.2,4377.1,4408.5
1627246800,4408.5,4426.1,4385.1,4424.8
1627333200,4424.8,4425.2,4374.2,4392.4
1627419600,4392.4,4417,4387.3,4401.6
1627506000,4401.6,4431.4,4389.3,4405.9
1627592400,4405.9,4413.4,4379.5,4403.7
1627851600,4403.7,4428.2,4386,4392.3
1627938000,4392.3,4426,4374,4418.2
1628024400,4418.2,4423.9,4400.6,4405.6
1628110800,4405.6,4431.2,4402.6,4429.9
1628197200,4429.9,4441.4,4424.3,4438.4
1628456400,4438.4,4439.8,4420.2,4435.2
1628542800,4435.2,4446,4424.5,4437.5
1628629200,4437.5,4450.9,4428.5,4449
1628715600,4449,4462.6,4436.8,4462.1
1628802000,4462.1,4469.4,4457.4,4465.9
1629061200,4465.9,4482.5,4438.6,4478
1629147600,4478,4478,4417.8,4443.5
1629234000,4443.5,4454.6,4386.7,4393.6
1629320400,4393.6,4419.4,4352.6,4407.7
1629406800,4407.7,4445.2,4376.4,4442.4
1629666000,4442.4,4489.8,4437.8,4485.6
1629752400,4485.6,4496,4481.1,4488.1
1629838800,4488.1,4502,4480.4,4497.7
1629925200,4497.7,4498,4469,4474
1630011600,4474,4513.6,4466.1,4511.5
1630270800,4511.5,4537.8,4504.3,4533.6
1630357200,4533.6,4545,4515.6,4530.8
1630443600,4530.8,4542.5,4522,4524.5
1630530000,4524.5,4545.6,4518,4538.5
1630616400,4538.5,4551,4521.2,4535.6
1630875600,4535.6,4550,4525.7,4546.4
1630962000,4546.4,4546.4,4512.6,4519.3
1631048400,4519.3,4526.1,4493.6,4512.7
1631134800,4512.7,4529.8,4486.7,4491.9
1631221200,4491.9,4519,4457.6,4462
1631480400,4462,4493.8,4445.6,4476.2
1631566800,4476.2,4489,4432.2,4444.4
1631653200,4444.4,4485.6,4434.4,4484.6
1631739600,4484.6,4486.2,4441,4469.7
1631826000,4469.7,4482.2,4417.2,4418.1
1632085200,4418.1,4428.7,4305.6,4354.2
1632171600,4354.2,4407,4342,4348.9
1632258000,4348.9,4419.6,4333.7,4400.3
1632344400,4400.3,4468.2,4399.4,4452.4
1632430800,4452.4,4466,4423.8,4459.1
1632690000,4459.1,4485,4438.2,4442.5
1632776400,4442.5,4454.8,4347.8,4359.5
1632862800,4359.5,4391.1,4356.8,4369.1
1632949200,4369.1,4400.9,4306.6,4310.8
1633035600,4310.8,4377.8,4272.2,4363.3
1633294800,4363.3,4373.9,4279.4,4306.2
1633381200,4306.2,4371,4280.8,4347.5
1633467600,4347.5,4369,4285.3,4366.7
1633554000,4366.7,4431.8,4366.5,4400.7
1633640400,4400.7,4418.1,4386.4,4390.4
1633899600,4390.4,4417.6,4354.4,4357.6
1633986000,4357.6,4375.2,4327.7,4339.1
1634072400,4339.1,4374.8,4329,4365.2
1634158800,4365.2,4447,4364.7,4445.2
1634245200,4445.2,4477.4,4436,4474.9
1634504400,4474.9,4490,4446.5,4485.6
1634590800,4485.6,4527.3,4482.2,4525.2
1634677200,4525.2,4542.2,4514.2,4535.1
1634763600,4535.1,4552.8,4520,4541.3
1634850000,4541.3,4561.2,4525,4538.9
1635109200,4538.9,4575.6,4532.3,4574.8
1635195600,4574.8,4599.4,4570.4,4574.2
1635282000,4574.2,4585.8,4553.4,4557.4
1635368400,4557.4,4599.3,4554.6,4586.8
1635454800,4586.8,4612.3,4568.4,4611.6
1635714000,4611.6,4628.4,4595.6,4614.6
1635800400,4614.6,4635.8,4602.3,4630.6
1635886800,4630.6,4665.4,4622,4660.7
1635973200,4660.7,4684.7,4659.2,4681.3
1636059600,4681.3,4719.4,4675.5,4694
1636322400,4694,4714.8,4684.4,4699.4
1636408800,4699.4,4707.6,4671,4682.6
1636495200,4682.6,4686.8,4631.8,4651
1636581600,4651,4667.8,4644.5,4653
1636668000,4653,4691.9,4649.8,4688.1
1636927200,4688.1,4703.7,4673.4,4687.2
1637013600,4687.2,4715.6,4676.9,4702.4
1637100000,4702.4,4706,4684.4,4690.5
1637186400,4690.5,4711.1,4672.8,4709.8
1637272800,4709.8,4727.9,4688.9,4702.2
1637532000,4702.2,4744.6,4678.5,4688.1
1637618400,4688.1,4699.6,4653.2,4688.9
1637704800,4688.9,4706.2,4660.4,4704.9
1637791200,4704.9,4720.9,4704.7,4709.6
1637877600,4709.6,4710.6,4581.4,4583.8
1638136800,4583.8,4673.2,4583.8,4659.4
1638223200,4659.4,4670.3,4559.8,4588.6
1638309600,4588.6,4653.4,4500.4,4510.4
1638396000,4510.4,4595.4,4507.2,4587.5
1638482400,4587.5,4607.8,4492.2,4532.4
1638741600,4532.4,4613.4,4532.4,4596.7
1638828000,4596.7,4698.9,4589.1,4697.1
1638914400,4697.1,4713.5,4673.6,4699.1
1639000800,4699.1,4707.3,4663.5,4670
1639087200,4670,4713.7,4665.4,4713.2
1639346400,4713.2,4731.8,4666.1,4674.4
1639432800,4674.4,4686.3,4606.6,4639.1
1639519200,4639.1,4717.1,4613.8,4714.1
1639605600,4714.1,4754.4,4655.2,4678.4
1639692000,4678.4,4680.6,4602.8,4633.5
1639951200,4633.5,4635.1,4534.2,4583.2
1640037600,4583.2,4656.4,4579.4,4655.6
1640124000,4655.6,4703.5,4635.6,4702.5
1640210400,4702.5,4744.4,4697.6,4729.9
1640556000,4729.9,4797,4726.1,4795
1640642400,4795,4810.8,4783.6,4793.8
1640728800,4793.8,4808.8,4783,4796.4
1640815200,4796.4,4812,4779.8,4784.7
1640901600,4784.7,4790.6,4762.8,4773.4
1641160800,4773.4,4803.5,4759.8,4796.7
1641247200,4796.7,4820.2,4776.8,4795.9
1641333600,4795.9,4800,4701,4703.8
1641420000,4703.8,4727,4673.6,4705.2
1641506400,4705.2,4716,4664.2,4677.8
1641765600,4677.8,4692,4583.2,4672.3
1641852000,4672.3,4717.8,4637.8,4714.8
1641938400,4714.8,4750,4705.3,4729.4
1642024800,4729.4,4746,4652.2,4662.2
1642111200,4662.2,4676.6,4615.8,4674.1
1642370400,4674.1,4680.4,4648.5,4664.1
1642456800,4664.1,4671.5,4569.8,4586.5
1642543200,4586.5,4612.4,4527.1,4534.1
1642629600,4534.1,4603.4,4447.1,4465.3
1642716000,4465.3,4495.8,4391.6,4391.8
1642975200,4391.8,4436.6,4222,4418.6
1643061600,4418.6,4418.6,4285.8,4314.6
1643148000,4314.6,4455.2,4303.4,4347.6
1643234400,4347.6,4430.2,4272.3,4352.6
1643320800,4352.6,4434.2,4274.4,4427.9
1643580000,4427.9,4515.8,4403.8,4500.1
1643666400,4500.1,4562.8,4482.4,4558.1
1643752800,4558.1,4594,4543.6,4556.3
1643839200,4556.3,4556.3,4470,4529.3
1643925600,4529.3,4539.4,4445.9,4491.5
1644184800,4491.5,4521.4,4469.8,4490.9
1644271200,4490.9,4530.8,4463.4,4525.1
1644357600,4525.1,4591.4,4524.3,4587.8
1644444000,4587.8,4588.9,4482,4500.4
1644530400,4500.4,4526,4399,4424.4
1644789600,4424.4,4433.2,4359.4,4399.7
1644876000,4399.7,4472.9,4386.7,4462.1
1644962400,4462.1,4488.6,4427,4469.1
1645048800,4469.1,4478.4,4371,4378.4
1645135200,4378.4,4414.6,4324.2,4348.6
1645394400,4348.6,4394.1,4288.4,4292.8
1645480800,4292.8,4361.6,4253,4315
1645567200,4315,4348.5,4215.4,4218
1645653600,4218,4292.6,4104.1,4272.6
1645740000,4272.6,4385.9,4229.6,4381.9
1645999200,4381.9,4386.6,4254.1,4371.6
1646085600,4371.6,4400.1,4276.6,4311.6
1646172000,4311.6,4400.2,4279.6,4374.9
1646258400,4374.9,4419.3,4342,4365.8
1646344800,4365.8,4374.8,4282,4319.6
1646604000,4319.6,4325.4,4185.4,4186.4
1646690400,4186.4,4275,4138.8,4153.3
1646776800,4153.3,4298,4151.9,4278.9
1646863200,4278.9,4281.1,4206,4256.8
1646949600,4256.8,4334.6,4197.2,4204.8
1647205200,4204.8,4251.9,4158.8,4178.4
1647291600,4178.4,4268.8,4135.9,4255.2
1647378000,4255.2,4373.8,4244.6,4369
1647464400,4369,4412.8,4326.5,4390
1647550800,4390,4471.7,4370.7,4471.5
1647810000,4471.5,4478.8,4421,4465
1647896400,4465,4520.2,4439,4511.7
1647982800,4511.7,4519.5,4450.5,4454.2
1648069200,4454.2,4522.6,4451.1,4521.3
1648155600,4521.3,4544.2,4498.6,4541
1648414800,4541,4577.3,4515.2,4575.3
1648501200,4575.3,4636,4570.5,4626.4
1648587600,4626.4,4632.3,4582.8,4609.9
1648674000,4609.9,4621.8,4534,4548.7
1648760400,4548.7,4563.1,4509,4546.4
1649019600,4546.4,4588.8,4535.8,4584.8
1649106000,4584.8,4597,4516.2,4534.7
1649192400,4534.7,4536.9,4452.6,4479.4
1649278800,4479.4,4524,4452.4,4502.8
1649365200,4502.8,4527.5,4476.4,4491.2
1649624400,4491.2,4498.7,4411.2,4417.5
1649710800,4417.5,4474.4,4383,4402.3
1649797200,4402.3,4456,4390.7,4445
1649883600,4445,4462.2,4391.7,4395.4
1650229200,4395.4,4412.8,4362.2,4406.2
1650315600,4406.2,4473.4,4378.1,4447.4
1650402000,4447.4,4490.6,4439.4,4476
1650488400,4476,4515.8,4386.8,4392.1
1650574800,4392.1,4399.6,4254.4,4258
1650834000,4258,4302.9,4201.8,4300.9
1650920400,4300.9,4310.1,4143.2,4146.6
1651006800,4146.6,4242.8,4146.6,4217
1651093200,4217,4309.6,4189,4267.3
1651179600,4267.3,4285.5,4124.6,4142.5
1651438800,4142.5,4171.4,4062,4152.2
1651525200,4152.2,4201.2,4134.7,4179.7
1651611600,4179.7,4308.6,4148.6,4291.7
1651698000,4291.7,4305.9,4104.6,4156.2
1651784400,4156.2,4157.8,4066.8,4116
1652043600,4116,4116,3974.6,3993.8
1652130000,3993.8,4070,3957.6,3995.9
1652216400,3995.9,4054.8,3928,3946.8
1652302800,3946.8,3964.4,3858,3912.8
1652389200,3912.8,4038.2,3912.8,4015.4
1652648400,4015.4,4045.8,3981.6,4002.3
1652734800,4002.3,4093.1,4002.3,4092.6
1652821200,4092.6,4095.9,3908.6,3916.9
1652907600,3916.9,3946.2,3858.7,3902
1652994000,3902,3951.9,3811.2,3905.6
1653253200,3905.6,3985.4,3905.6,3981.1
1653339600,3981.1,3981.1,3874.8,3953.1
1653426000,3953.1,4000.6,3916.5,3972
1653512400,3972,4076.2,3963.4,4054.1
1653598800,4054.1,4170.4,4043.5,4169.6
1653858000,4169.6,4204.1,4159.8,4180
1653944400,4180,4181.5,4104.4,4133.5
1654030800,4133.5,4166.4,4074,4099.4
1654117200,4099.4,4180.6,4073.8,4179.8
1654203600,4179.8,4190.1,4098,4110
1654462800,4110,4169.2,4105.8,4122
1654549200,4122,4165.2,4077,4151.5
1654635600,4151.5,4160.6,4106.2,4117.8
1654722000,4117.8,4144.6,4015.4,4024.1
1654808400,4024.1,4029.8,3895.5,3909
1655067600,3909,3909,3733,3754.5
1655154000,3754.5,3804,3704.8,3738
1655240400,3738,3838.6,3719.6,3789.2
1655326800,3789.2,3828.4,3638.8,3676.4
1655413200,3676.4,3710,3636,3680.9
1655672400,3680.9,3723.8,3660.9,3715.5
1655758800,3715.5,3782.4,3709.4,3767.9
1655845200,3767.9,3804.2,3692.1,3758.9
1655931600,3758.9,3804.2,3733.7,3782.7
1656018000,3782.7,3917.8,3780,3912.9
1656277200,3912.9,3946.2,3891,3908.2
1656363600,3908.2,3948.2,3820.2,3826.9
1656450000,3826.9,3837.8,3799.2,3821
1656536400,3821,3821.2,3738.6,3777.9
1656622800,3777.9,3831.4,3741.8,3824.8
1656882000,3824.8,3825.1,3791.3,3812.2
1656968400,3812.2,3854.4,3741.6,3832.1
1657054800,3832.1,3873.4,3807.6,3852.3
1657141200,3852.3,3912.4,3831.1,3897.7
1657227600,3897.7,3919.8,3866.1,3903.4
1657486800,3903.4,3903.4,3848,3859.3
1657573200,3859.3,3874.2,3803.2,3821.3
1657659600,3821.3,3869.8,3750.2,3795.2
1657746000,3795.2,3803.9,3721.6,3793.7
1657832400,3793.7,3866.2,3778.4,3864.4
1658091600,3864.4,3907.2,3818.4,3836.2
1658178000,3836.2,3945.5,3832,3942.7
1658264400,3942.7,3974.8,3920,3951.6
1658350800,3951.6,4001.5,3927.4,3988
1658437200,3988,4013.2,3938.6,3960.7
1658696400,3960.7,3985.7,3943.2,3959
1658782800,3959,3961.4,3910.4,3936.3
1658869200,3936.3,4039.8,3936.3,4017.5
1658955600,4017.5,4109.5,3991.2,4103.7
1659042000,4103.7,4141.6,4078.8,4130.5
1659301200,4130.5,4145,4095,4120.8
1659387600,4120.8,4140.6,4078.2,4093.5
1659474000,4093.5,4167.6,4082.2,4149.9
1659560400,4149.9,4170.5,4133.6,4149.5
1659646800,4149.5,4163,4100.5,4138.8
1659906000,4138.8,4184.6,4126.2,4147.6
1659992400,4147.6,4151.7,4111,4128.4
1660078800,4128.4,4212.2,4112.8,4209.6
1660165200,4209.6,4258,4200.6,4216.3
1660251600,4216.3,4279.8,4205.6,4277.8
1660510800,4277.8,4302.2,4246.2,4293.2
1660597200,4293.2,4325.2,4276.8,4308
1660683600,4308,4312,4252.4,4278
1660770000,4278,4292.6,4254.4,4285.6
1660856400,4285.6,4285.6,4217.8,4225.5
1661115600,4225.5,4225.5,4128.4,4143.3
1661202000,4143.3,4158.4,4114.8,4124.6
1661288400,4124.6,4157,4107.2,4148.2
1661374800,4148.2,4201.2,4141.6,4193.4
1661461200,4193.4,4215.2,4042,4042
1661720400,4042,4061.8,4005.3,4033.6
1661806800,4033.6,4070.5,3962.6,3984.5
1661893200,3984.5,4015,3952.1,3959.6
1661979600,3959.6,3969.6,3902,3966.2
1662066000,3966.2,4017.2,3904.2,3931.2
1662325200,3931.2,3940.4,3913.5,3934.4
1662411600,3934.4,3960.3,3884.8,3908.6
1662498000,3908.6,3988.6,3883.3,3978.8
1662584400,3978.8,4010.8,3942.2,4009.5
1662670800,4009.5,4076,4004.9,4065.2
1662930000,4065.2,4118.6,4061.5,4117.7
1663016400,4117.7,4158,3918.8,3935.4
1663102800,3935.4,3960.2,3910.4,3956.5
1663189200,3956.5,3959.8,3887.8,3892.9
1663275600,3892.9,3892.9,3835.8,3883.6
1663534800,3883.6,3909.3,3828.5,3905.5
1663621200,3905.5,3918.5,3825.8,3861.7
1663707600,3861.7,3909.4,3776.4,3781.2
1663794000,3781.2,3817,3747.4,3758.2
1663880400,3758.2,3767.4,3644.4,3695.6
1664139600,3695.6,3713.8,3641.6,3651.4
1664226000,3651.4,3716,3619.2,3653.4
1664312400,3653.4,3739,3601.7,3717.7
1664398800,3717.7,3723.2,3609.6,3646.2
1664485200,3646.2,3680.7,3583.6,3592.6
1664744400,3592.6,3700.6,3559.8,3683.6
1664830800,3683.6,3796.1,3675.1,3791.1
1664917200,3791.1,3807.2,3722.2,3783.4
1665003600,3783.4,3805.7,3737.6,3738.9
1665090000,3738.9,3759.4,3619.8,3638.7
1665349200,3638.7,3654.7,3587.6,3615
1665435600,3615,3640.6,3566.6,3595.7
1665522000,3595.7,3622.6,3572.6,3580.6
1665608400,3580.6,3684.4,3489,3666.8
1665694800,3666.8,3720.5,3578,3583.5
1665954000,3583.5,3692,3580.7,3688.7
1666040400,3688.7,3766.6,3686.8,3748.4
1666126800,3748.4,3763.5,3666.6,3700
1666213200,3700,3736.8,3655.4,3665.1
1666299600,3665.1,3762.4,3631,3761.4
1666558800,3761.4,3810.6,3725.8,3794.6
1666645200,3794.6,3863.2,3779.1,3842.4
1666731600,3842.4,3886.2,3813,3843
1666818000,3843,3859.4,3746.9,3779.6
1666904400,3779.6,3912.3,3765.5,3911.5
1667163600,3911.5,3911.5,3860.8,3875.1
1667250000,3875.1,3919.6,3844.6,3853.8
1667336400,3853.8,3897.8,3752.4,3760
1667422800,3760,3773.8,3696.2,3719.2
1667509200,3719.2,3798.2,3704.4,3764.7
1667772000,3764.7,3814.4,3738.2,3804.9
1667858400,3804.9,3860.8,3786.6,3826.6
1667944800,3826.6,3841.8,3743.4,3749.1
1668031200,3749.1,3966.3,3744.8,3966.3
1668117600,3966.3,4002.4,3944,3992
1668376800,3992,4009.4,3956.2,3966.9
1668463200,3966.9,4042.6,3954.2,3989.3
1668549600,3989.3,4009,3955.4,3967.4
1668636000,3967.4,3982.7,3904.9,3953.2
1668722400,3953.2,3986.3,3934.8,3963.7
1668981600,3963.7,3973.5,3929.4,3949.2
1669068000,3949.2,4003.8,3936.7,4001
1669154400,4001,4031,3993.7,4030.8
1669240800,4030.8,4040.5,4028.7,4034.4
1669327200,4034.4,4037.1,4016.4,4027.6
1669586400,4027.6,4027.6,3954.6,3965.9
1669672800,3965.9,3983.8,3935.5,3956.9
1669759200,3956.9,4086.2,3935.6,4085.7
1669845600,4085.7,4099.9,4047,4070
1669932000,4070,4081.2,3998.9,4061.9
1670191200,4061.9,4071.6,3983.4,4002.1
1670277600,4002.1,4010.4,3920.6,3943.7
1670364000,3943.7,3959.8,3913.2,3933.3
1670450400,3933.3,3975.2,3914.2,3962.5
1670536800,3962.5,3987.8,3928.8,3929.8
1670796000,3929.8,3990.6,3922.4,3985
1670882400,3985,4141.2,3982.8,4019.3
1670968800,4019.3,4060.8,3968.8,4010.3
1671055200,4010.3,4013.6,3879,3893.3
1671141600,3893.3,3904.8,3825.8,3842.8
1671400800,3842.8,3869,3797.4,3811.5
1671487200,3811.5,3836.4,3773.8,3823.9
1671573600,3823.9,3893.6,3823.9,3888.6
1671660000,3888.6,3894.6,3763.4,3822.6
1671746400,3822.6,3847.2,3796.2,3843.3
1672092000,3843.3,3875.3,3812.2,3831.3
1672178400,3831.3,3849.8,3782.4,3788.4
1672264800,3788.4,3860.2,3783.6,3846.9
1672351200,3846.9,3848.1,3799.6,3845.4
1672696800,3845.4,3884.3,3794.6,3823.6
1672783200,3823.6,3876,3816.4,3850.6
1672869600,3850.6,3864.6,3802,3812.1
1672956000,3812.1,3907.6,3798.2,3892.5
1673215200,3892.5,3951.6,3888.3,3891.8
1673301600,3891.8,3924.6,3869.8,3922.6
1673388000,3922.6,3972.7,3915.5,3972.7
1673474400,3972.7,4001.8,3934.7,3983.3
1673560800,3983.3,4004.4,3941.9,3999.4
1673820000,3999.4,4007.8,3977.3,3990
1673906400,3990,4015.4,3980.9,3989.4
1673992800,3989.4,4013.6,3924.2,3926.4
1674079200,3926.4,3928.4,3881.6,3900.7
1674165600,3900.7,3969.8,3891.6,3967.6
1674424800,3967.6,4036.4,3959.8,4016.6
1674511200,4016.6,4027,3985,4018.5
1674597600,4018.5,4026.4,3943.8,4016.5
1674684000,4016.5,4063.4,4014,4054.8
1674770400,4054.8,4095.8,4043.7,4070.5
1675029600,4070.5,4071.8,4015.8,4026.2
1675116000,4026.2,4076.8,3993.7,4071.7
1675202400,4071.7,4149,4035,4129
1675288800,4129,4194.2,4122.7,4151.3
1675375200,4151.3,4183.2,4118.2,4135.1
1675634400,4135.1,4135.1,4092.8,4112.1
1675720800,4112.1,4176.8,4087,4155.2
1675807200,4155.2,4167.6,4112.8,4124.3
1675893600,4124.3,4161.2,4069.2,4088.3
1675980000,4088.3,4094.4,4050.6,4089.1
1676239200,4089.1,4139.9,4068.3,4138.8
1676325600,4138.8,4175.1,4092.8,4130
1676412000,4130,4149.4,4101,4147.8
1676498400,4147.8,4155.9,4086.2,4087.5
1676584800,4087.5,4087.5,4047,4077.1
1676844000,4077.1,4080.6,4064.6,4067.2
1676930400,4067.2,4068.8,3993.6,3999
1677016800,3999,4018.8,3977.8,4002.6
1677103200,4002.6,4027.8,3969.8,4010.1
1677189600,4010.1,4017.8,3942.4,3969.4
1677448800,3969.4,4018.4,3967.4,3986.2
1677535200,3986.2,3997.5,3959,3963.5
1677621600,3963.5,3984.6,3936.8,3955.3
1677708000,3955.3,3988.2,3918.2,3976.6
1677794400,3976.6,4045.8,3966.9,4045.2
1678053600,4045.2,4075,4034.5,4046.5
1678140000,4046.5,4056.9,3979.6,3986.4
1678226400,3986.4,4001.4,3969.8,3996.1
1678312800,3996.1,4017,3906.8,3916.5
1678399200,3916.5,3938.4,3844.4,3876.4
1678654800,3876.4,3936.3,3806.9,3860.5
1678741200,3860.5,3940.2,3851.5,3923.9
1678827600,3923.9,3931.7,3833,3893
1678914000,3893,3967.9,3862.4,3964.6
1679000400,3964.6,3977,3902.6,3917.1
1679259600,3917.1,3959,3867.3,3957.1
1679346000,3957.1,4012.8,3951.3,4008.8
1679432400,4008.8,4043.2,3935.5,3942
1679518800,3942,4008.4,3918.8,3957.9
1679605200,3957.9,3982.9,3907.2,3981.4
1679864400,3981.4,4006.2,3969.6,3986.9
1679950800,3986.9,3995.4,3952.8,3978.5
1680037200,3978.5,4034.4,3978,4031.1
1680123600,4031.1,4059.8,4024.8,4055.6
1680210000,4055.6,4114.7,4050.4,4111.8
1680469200,4111.8,4130,4094.9,4127.4
1680555600,4127.4,4145.3,4089.4,4106.9
1680642000,4106.9,4109,4072.6,4088.4
1680728400,4088.4,4109.2,4069.2,4104.9
1680814800,4104.9,4120.5,4095.6,4115.1
1681074000,4115.1,4116.7,4072.8,4113
1681160400,4113,4127.6,4102.8,4114.4
1681246800,4114.4,4153.3,4089.6,4093
1681333200,4093,4152.6,4085.6,4144.6
1681419600,4144.6,4164.8,4114.2,4147.9
1681678800,4147.9,4156,4124.2,4153
1681765200,4153,4174.3,4140.8,4157.9
1681851600,4157.9,4166.2,4129.6,4152.8
1681938000,4152.8,4152.8,4115.4,4132.4
1682024400,4132.4,4140.6,4113.8,4133.1
1682283600,4133.1,4144.2,4113.6,4139.1
1682370000,4139.1,4140.2,4073.4,4090.7
1682456400,4090.7,4097.7,4050.6,4066.6
1682542800,4066.6,4148,4062.5,4139.9
1682629200,4139.9,4176.4,4112.7,4173.5
1682888400,4173.5,4189,4161.5,4162.3
1682974800,4162.3,4174.4,4088.6,4116.8
1683061200,4116.8,4149.4,4077.8,4079.3
1683147600,4079.3,4100,4044.6,4060.4
1683234000,4060.4,4148.8,4060.4,4134.3
1683493200,4134.3,4146.5,4125.8,4139.6
1683579600,4139.6,4140.6,4118.8,4122.6
1683666000,4122.6,4160.6,4099.8,4139.9
1683752400,4139.9,4155,4108.2,4133.4
1683838800,4133.4,4151.6,4099.6,4120.1
1684098000,4120.1,4143.8,4110.6,4137.6
1684184400,4137.6,4140,4108.8,4116.1
1684270800,4116.1,4166.4,4109.9,4158.2
1684357200,4158.2,4204.6,4148.1,4203.9
1684443600,4203.9,4215.9,4180.4,4187.2
1684702800,4187.2,4211.2,4177.9,4198.6
1684789200,4198.6,4213.4,4144,4150
1684875600,4150,4156.7,4105.2,4141.4
1684962000,4141.4,4166,4122.7,4149.5
1685048400,4149.5,4213.2,4136.4,4211.6
1685307600,4211.6,4230.3,4211.6,4217.2
1685394000,4217.2,4234.6,4194.2,4208.6
1685480400,4208.6,4211,4167.2,4183.1
1685566800,4183.1,4232.8,4171.4,4225.3
1685653200,4225.3,4291.6,4222,4283.1
1685912400,4283.1,4299.6,4267,4273.8
1685998800,4273.8,4290.6,4262.4,4287.9
1686085200,4287.9,4300.4,4266.4,4270.6
1686171600,4270.6,4298.6,4259.5,4294.6
1686258000,4294.6,4322,4280.5,4301.4
1686517200,4301.4,4343.1,4301.4,4342.3
1686603600,4342.3,4383.2,4334,4378.4
1686690000,4378.4,4398.4,4343.2,4383.6
1686776400,4383.6,4444,4352.3,4425.4
1686862800,4425.4,4452.1,4409.4,4417.1
1687122000,4417.1,4420.1,4401.4,4406.4
1687208400,4406.4,4409.1,4368.8,4393.1
1687294800,4393.1,4400.1,4365.6,4371.6
1687381200,4371.6,4389.9,4354.4,4388.1
1687467600,4388.1,4389.1,4344.8,4351.1
1687726800,4351.1,4366,4331.6,4338
1687813200,4338,4389.8,4334.5,4379.6
1687899600,4379.6,4395.2,4364.4,4387.9
1687986000,4387.9,4403.4,4374.4,4401.6
1688072400,4401.6,4463.4,4398.4,4447.7
1688331600,4447.7,4459,4444.6,4456.8
1688418000,4456.8,4459,4451.5,4455.2
1688504400,4455.2,4457.1,4430.9,4446.9
1688590800,4446.9,4447.3,4383.8,4408.8
1688677200,4408.8,4443.6,4395.1,4405.6
1688936400,4405.6,4418.1,4379.1,4415.1
1689022800,4415.1,4449.2,4409,4443.4
1689109200,4443.4,4494.2,4441,4480.8
1689195600,4480.8,4521.6,4479.8,4509.5
1689282000,4509.5,4530.6,4501.4,4505.6
1689541200,4505.6,4535.6,4498.3,4519.8
1689627600,4519.8,4564.4,4515.3,4553.3
1689714000,4553.3,4579.4,4552.5,4565.7
1689800400,4565.7,4565.7,4526.8,4536
1689886800,4536,4559.6,4531.6,4537.9
1690146000,4537.9,4568.2,4534,4561.5
1690232400,4561.5,4584.6,4555.3,4580.5
1690318800,4580.5,4586,4549.9,4568.9
1690405200,4568.9,4609.9,4529.6,4543.1
1690491600,4543.1,4591.2,4533.2,4582.2
1690750800,4582.2,4598.4,4570.4,4597.4
1690837200,4597.4,4601.8,4571.2,4578.3
1690923600,4578.3,4578.3,4507.8,4514.3
1691010000,4514.3,4527.2,4485.6,4506.9
1691096400,4506.9,4542.4,4475.6,4479.8
1691355600,4479.8,4525.6,4479.8,4524.1
1691442000,4524.1,4524.9,4466.2,4501.9
1691528400,4501.9,4520.5,4463.8,4478.5
1691614800,4478.5,4529.4,4459,4472
1691701200,4472,4480.9,4443.6,4468.7
1691960400,4468.7,4494.6,4449.5,4493.9
1692046800,4493.9,4503.7,4434.6,4440.3
1692133200,4440.3,4453.8,4404.5,4407.3
1692219600,4407.3,4423.1,4364.6,4366.1
1692306000,4366.1,4383.6,4336.4,4368.3
1692565200,4368.3,4410.6,4362,4399.1
1692651600,4399.1,4429.5,4384.4,4390.4
1692738000,4390.4,4466.8,4389.5,4466.2
1692824400,4466.2,4476,4369.8,4374.8
1692910800,4374.8,4418.8,4355.8,4403.3
1693170000,4403.3,4441.6,4403.3,4437.4
1693256400,4437.4,4503.1,4426.5,4501.6
1693342800,4501.6,4524,4489.5,4520.6
1693429200,4520.6,4533.8,4506.2,4510.2
1693515600,4510.2,4540.6,4500.2,4511.5
1693774800,4511.5,4524,4508.2,4512.2
1693861200,4512.2,4514.1,4492.8,4496.6
1693947600,4496.6,4499.5,4443.4,4466.1
1694034000,4466.1,4467.3,4430.2,4454.1
1694120400,4454.1,4473.8,4439.5,4465.4
1694379600,4465.4,4497.2,4461.6,4492.8
1694466000,4492.8,4494.2,4462.8,4468.5
1694552400,4468.5,4486.6,4450.8,4477.8
1694638800,4477.8,4517.4,4474.2,4514.1
1694725200,4514.1,4521.2,4450.8,4455.6
1694984400,4455.6,4473.2,4443.2,4461.1
1695070800,4461.1,4467.9,4421.8,4451.3
1695157200,4451.3,4467,4402.2,4403
1695243600,4403,4405.9,4327.6,4329.4
1695330000,4329.4,4360.8,4319.4,4324.6
1695589200,4324.6,4347.4,4300.3,4347.1
1695675600,4347.1,4347.1,4270.6,4284.4
1695762000,4284.4,4300.9,4243.2,4288.4
1695848400,4288.4,4321.4,4266.4,4308.2
1695934800,4308.2,4336.6,4277.2,4295.3
1696194000,4295.3,4321.5,4263.8,4294.6
1696280400,4294.6,4303.2,4220,4231.6
1696366800,4231.6,4273.4,4204.3,4260.8
1696453200,4260.8,4270.9,4226.8,4258
1696539600,4258,4327.6,4211.3,4314.3
1696798800,4314.3,4346.2,4269.3,4339.2
1696885200,4339.2,4390,4336.6,4362.2
1696971600,4362.2,4390.8,4348.4,4390.3
1697058000,4390.3,4401.1,4326.8,4351.8
1697144400,4351.8,4378.8,4312.8,4323.3
1697403600,4323.3,4386,4323.3,4380
1697490000,4380,4397,4339.8,4373.6
1697576400,4373.6,4373.6,4305.8,4322.4
1697662800,4322.4,4341.2,4267.7,4271
1697749200,4271,4278.6,4220.6,4222
1698008400,4222,4259.2,4190.4,4229.1
1698094800,4229.1,4269.9,4221.3,4249.9
1698181200,4249.9,4252.9,4184.2,4191.3
1698267600,4191.3,4191.3,4127.6,4140.9
1698354000,4140.9,4165.8,4104.4,4118.1
1698613200,4118.1,4180.2,4118.1,4167.4
1698699600,4167.4,4198.4,4149.8,4187.2
1698786000,4187.2,4248.4,4175.1,4242
1698872400,4242,4323.1,4241.2,4317.5
1698958800,4317.5,4375.4,4309.9,4362.7
1699221600,4362.7,4373,4350.2,4365.9
1699308000,4365.9,4388.8,4351.8,4383.1
1699394400,4383.1,4393.2,4360.6,4379.1
1699480800,4379.1,4397.5,4344.4,4351.4
1699567200,4351.4,4422.3,4340.4,4411.3
1699826400,4411.3,4423.4,4394,4416.1
1699912800,4416.1,4511.8,4409.5,4502.3
1699999200,4502.3,4527,4498.2,4501.3
1700085600,4501.3,4516.7,4488.4,4515.7
1700172000,4515.7,4526.2,4499.6,4510.6
1700431200,4510.6,4557.6,4506.6,4547.9
1700517600,4547.9,4553.2,4524.2,4537.4
1700604000,4537.4,4569.4,4532.4,4555.5
1700690400,4555.5,4562.6,4551.8,4558.6
1700776800,4558.6,4563.7,4552.6,4558.2
1701036000,4558.2,4559.4,4541.8,4551.3
1701122400,4551.3,4566.8,4536.7,4556.9
1701208800,4556.9,4589,4549.4,4556
1701295200,4556,4572,4537.8,4565
1701381600,4565,4601,4555.2,4597.7
1701640800,4597.7,4597.7,4547,4567.7
1701727200,4567.7,4580.4,4550.7,4569.1
1701813600,4569.1,4594,4548.4,4552.8
1701900000,4552.8,4592,4544.6,4581.7
1701986400,4581.7,4609.8,4559.5,4603.8
1702245600,4603.8,4626,4595.6,4623.5
1702332000,4623.5,4653.4,4609,4652.6
1702418400,4652.6,4718.2,4649.6,4712.6
1702504800,4712.6,4744.4,4700.4,4723.1
1702591200,4723.1,4742.6,4711.6,4723.4
1702850400,4723.4,4759.2,4723.4,4747.4
1702936800,4747.4,4778.4,4744.7,4775
1703023200,4775,4787.6,4700.6,4709.4
1703109600,4709.4,4756.6,4709.4,4754.5
1703196000,4754.5,4780,4743.2,4757.2
1703541600,4757.2,4795.6,4757.2,4788.1
1703628000,4788.1,4797.4,4777.6,4795.9
1703714400,4795.9,4801.9,4789,4794.4
1703800800,4794.4,4801.7,4758.4,4774.6
1704146400,4774.6,4789.3,4730.2,4753
1704232800,4753,4755,4706.6,4714.1
1704319200,4714.1,4731.4,4692.4,4697.7
1704405600,4697.7,4725.4,4667.4,4701.6
1704664800,4701.6,4771.4,4681,4765.4
1704751200,4765.4,4771.6,4735,4758.7
1704837600,4758.7,4796.4,4753.8,4788.3
1704924000,4788.3,4805.9,4741.6,4780.7
1705010400,4780.7,4805,4760,4779.5
1705269600,4779.5,4791.3,4775,4781.6
1705356000,4781.6,4783.4,4751.4,4771.2
1705442400,4771.2,4772.2,4719,4742
1705528800,4742,4789.4,4735.6,4783.9
1705615200,4783.9,4846.6,4781.1,4843.1
1705874400,4843.1,4870.6,4843.1,4854.6
1705960800,4854.6,4877.1,4848.2,4876.6
1706047200,4876.6,4908.4,4864.6,4876.6
1706133600,4876.6,4901,4868.3,4894.3
1706220000,4894.3,4909,4873.4,4887.9
1706479200,4887.9,4930.4,4876.9,4925.4
1706565600,4925.4,4931.6,4907.5,4908.3
1706652000,4908.3,4912.1,4840.3,4846.1
1706738400,4846.1,4941.8,4846.1,4937.1
1706824800,4937.1,4976.6,4903.8,4952.1
1707084000,4952.1,4959.5,4916.8,4941.1
1707170400,4941.1,4959,4935.4,4954.4
1707256800,4954.4,5001.6,4952,4997.4
1707343200,4997.4,5000.8,4985.2,4995.6
1707429600,4995.6,5029,4993.8,5023.9
1707688800,5023.9,5048,5013.5,5017.3
1707775200,5017.3,5021.1,4922.2,4958.9
1707861600,4958.9,5007.1,4953.6,5002.3
1707948000,5002.3,5036.9,4994.6,5036.6
1708034400,5036.6,5043,4997.2,4998.7
1708293600,4998.7,5013.5,4998.7,5009
1708380000,5009,5009,4953,4977.4
1708466400,4977.4,5008,4947,5006.2
1708552800,5006.2,5096.2,5002.8,5081.5
1708639200,5081.5,5111.4,5080.4,5084.4
1708898400,5084.4,5096.7,5067.8,5068.2
1708984800,5068.2,5084.2,5058.4,5082.2
1709071200,5082.2,5082.2,5054.2,5062.2
1709157600,5062.2,5105.8,5051.8,5091.2
1709244000,5091.2,5141.4,5080.4,5130.8
1709503200,5130.8,5152.4,5124.2,5129.2
1709589600,5129.2,5130.2,5058,5086.2
1709676000,5086.2,5128.9,5078.4,5109.2
1709762400,5109.2,5166.5,5082,5153
1709848800,5153,5188.6,5118.6,5128.6
1710104400,5128.6,5135.6,5091.4,5135.2
1710190800,5135.2,5190.7,5120.2,5184.4
1710277200,5184.4,5191.2,5161.6,5181.4
1710363600,5181.4,5196,5132.1,5162.8
1710450000,5162.8,5174.4,5112.6,5127.4
1710709200,5127.4,5184.5,5126.4,5159.8
1710795600,5159.8,5191.9,5132.2,5187.8
1710882000,5187.8,5244.8,5180.2,5242.6
1710968400,5242.6,5269.5,5240.8,5254.4
1711054800,5254.4,5258.4,5235.6,5237
1711314000,5237,5242.4,5220.6,5230.6
1711400400,5230.6,5250.6,5213.9,5224
1711486800,5224,5264.8,5221.8,5261
1711573200,5261,5271.9,5251.8,5255.2
1711918800,5255.2,5284.2,5233.6,5247.4
1712005200,5247.4,5249.6,5189.3,5218.2
1712091600,5218.2,5236.2,5200.2,5226.2
1712178000,5226.2,5264.1,5148.4,5152.4
1712264400,5152.4,5229.6,5148,5212.4
1712523600,5212.4,5225.5,5194,5214
1712610000,5214,5230.7,5165.3,5224.2
1712696400,5224.2,5241.9,5135.8,5163.4
1712782800,5163.4,5218.2,5134,5204.6
1712869200,5204.6,5209,5111.2,5127.4
1713128400,5127.4,5174.2,5057.6,5066.4
1713214800,5066.4,5087.9,5044.4,5059.4
1713301200,5059.4,5085.2,5012.9,5027.2
1713387600,5027.2,5060.4,5005.4,5014
1713474000,5014,5023.8,4930,4970.6
1713733200,4970.6,5046.1,4970.6,5018.2
1713819600,5018.2,5083,5007.2,5081.6
1713906000,5081.6,5098,5042.4,5048.6
1713992400,5048.6,5104,4992.6,5101.8
1714078800,5101.8,5118.2,5075.9,5103
1714338000,5103,5125.6,5092.8,5120.8
1714424400,5120.8,5120.8,5025.8,5030.6
1714510800,5030.6,5101.9,5012.2,5029.6
1714597200,5029.6,5088.6,5011.9,5086.8
1714683600,5086.8,5142.2,5075,5136.6
1714942800,5136.6,5183.4,5131.6,5180.8
1715029200,5180.8,5201.8,5177.8,5187.2
1715115600,5187.2,5193.9,5164.2,5187.8
1715202000,5187.8,5220.6,5171.2,5216.8
1715288400,5216.8,5238.9,5210.9,5220.4
1715547600,5220.4,5241.6,5211.5,5221
1715634000,5221,5254.9,5194.2,5249.4
1715720400,5249.4,5316.4,5245.8,5309.4
1715806800,5309.4,5327.3,5295.4,5295.4
1715893200,5295.4,5308.6,5285.8,5308.4
1716152400,5308.4,5328.6,5304.3,5312
1716238800,5312,5327.1,5302.6,5323.8
1716325200,5323.8,5329,5286.8,5313.4
1716411600,5313.4,5350,5255.4,5269.4
1716498000,5269.4,5312.1,5268.6,5303.8
1716757200,5303.8,5317.3,5295.6,5316.1
1716843600,5316.1,5321.6,5279.7,5310.2
1716930000,5310.2,5310.2,5255.8,5257.4
1717016400,5257.4,5264.9,5226.4,5237.6
1717102800,5237.6,5295.2,5193.1,5288.8
1717362000,5288.8,5301,5234.9,5288.4
1717448400,5288.4,5302.4,5249.4,5295.6
1717534800,5295.6,5358.6,5292.8,5356.8
1717621200,5356.8,5363.7,5337.6,5354.8
1717707600,5354.8,5377.4,5320.2,5345.8
1717966800,5345.8,5368.9,5330,5363.2
1718053200,5363.2,5381.2,5328,5379.2
1718139600,5379.2,5450,5375,5433.8
1718226000,5433.8,5448,5404.1,5432.2
1718312400,5432.2,5437.4,5392.6,5430.8
1718571600,5430.8,5495.4,5419.9,5482.2
1718658000,5482,5504.8,5476.2,5503.6
1718744400,5503.6,5509,5501.8,5504.5
1718830800,5506.2,5530.6,5469.3,5487.8
1718917200,5487,5494,5462.8,5481
1719176400,5481.8,5502.6,5456.8,5461
1719262800,5465,5487,5457.6,5482.8
1719349200,5481.4,5499.2,5464.9,5482.2
1719435600,5483.6,5503.1,5464,5498
1719522000,5496.8,5533,5459.8,5481
1719781200,5480.4,5490.7,5453.1,5484
1719867600,5484.8,5521.8,5454.4,5514.4
1719954000,5514.8,5547.7,5511.8,5542.9
1720040400,5541,5549,5537.7,5539.9
1720126800,5539,5578.6,5536.6,5568.4
1720386000,5565.4,5589.9,5563.2,5582.8
1720472400,5581.4,5600.7,5581.4,5587.4
1720558800,5586.8,5645,5585.4,5639.2
1720645200,5638.2,5662,5585.7,5595.2
1720731600,5595.8,5664.4,5577.4,5624.2
1720990800,5628.6,5674.2,5621.6,5644.2
1721077200,5646.4,5680.4,5629,5674.6
1721163600,5673.8,5676.6,5592,5602.6
1721250000,5606.6,5623.8,5531.5,5563
1721336400,5561.8,5568,5504.1,5515.8
1721595600,5521.4,5579.9,5515.6,5571.8
1721682000,5573,5593.4,5552.2,5567.8
1721768400,5543.8,5547.6,5428.6,5448.4
1721854800,5449.6,5501,5398.6,5411.2
1721941200,5416,5496.1,5413.2,5466.6
1722200400,5472,5502.2,5449.4,5474.6
1722286800,5478,5497.8,5404.6,5426
1722373200,5425.2,5559.5,5423.2,5539.8
1722459600,5545.4,5571.8,5415.8,5442.4
1722546000,5442.4,5443,5302.9,5333.6
1722805200,5306.6,5319.6,5094.2,5223.6
1722891600,5236.3,5318.9,5198.6,5222.2
1722978000,5221.6,5336.2,5174.4,5178.6
1723064400,5188.8,5339,5159.2,5331.6
1723150800,5328.4,5363.6,5297.4,5340.8
1723410000,5348.8,5373.9,5325.5,5348.2
1723496400,5350.8,5441.2,5347.2,5434.8
1723582800,5438.1,5468.1,5418.9,5461.4
1723669200,5458.8,5550.5,5450.8,5544.2
1723755600,5545.6,5564.2,5515,5559.8
1724014800,5561.2,5612.4,5544.2,5606.6
1724101200,5611.8,5624,5589.3,5601.6
1724187600,5600.8,5636.1,5594.8,5623
1724274000,5623.2,5646.8,5565.5,5582.4
1724360400,5582.4,5644,5582.4,5634.6
1724619600,5636.2,5652.1,5605.7,5615.4
1724706000,5616.8,5634.6,5596.8,5627.8
1724792400,5629,5635.6,5563,5578.8
1724878800,5562.8,5650,5547.8,5605.8
1724965200,5606.4,5652.3,5581.2,5643.6
1725224400,5645.6,5654.3,5625.6,5652.1
1725310800,5654.2,5656.4,5507.5,5527.8
1725397200,5529.6,5555.1,5497,5518.2
1725483600,5520.8,5547.8,5481.8,5501.8
1725570000,5503.4,5523.4,5386.2,5393.2
1725829200,5402.4,5486.9,5397.4,5480.4
1725915600,5483,5499.7,5442.4,5492
1726002000,5491.6,5562.8,5405.8,5553
1726088400,5550.6,5603.3,5535.7,5592.6
1726174800,5593.4,5637.1,5593,5623.4
1726434000,5622.4,5648.4,5604.2,5641.4
1726520400,5641.4,5682.8,5626.1,5650
1726606800,5649.4,5705.2,5625.7,5637.6
1726693200,5642.6,5747.8,5639.8,5723.8
1726779600,5724.4,5727.1,5683.8,5711.6
1727038800,5712.8,5736.6,5697.4,5727.8
1727125200,5727.8,5748.8,5709.2,5747.6
1727211600,5747.6,5753,5723,5738
1727298000,5736.8,5784.4,5734.4,5759.6
1727384400,5760.2,5777,5738.4,5743
1727643600,5742.6,5777.7,5713.9,5765.6
1727730000,5765.4,5779.8,5690.7,5718.2
1727816400,5720.6,5732,5682.9,5728.6
1727902800,5728.4,5731.6,5685.6,5704.4
1727989200,5702.2,5762.9,5699.6,5753.4
1728248400,5761.6,5766.2,5694.8,5710.8
1728334800,5712.2,5767.5,5685.8,5759
1728421200,5759,5807.6,5741.8,5797.6
1728507600,5796.8,5804,5773.2,5793.2
1728594000,5791.4,5828.9,5777.2,5815.8
1728853200,5816.2,5882,5811.2,5877
1728939600,5874.4,5878.2,5813.9,5824.4
1729026000,5824.6,5857.4,5816.8,5849
1729112400,5849,5891.6,5836,5853
1729198800,5852.8,5880.6,5841.2,5872.8
1729458000,5877.2,5880.8,5832.1,5868.2
1729544400,5867,5872.7,5829.2,5856.6
1729630800,5852,5862.4,5770.8,5811.8
1729717200,5814,5839.2,5792.3,5821.4
1729803600,5822.4,5870.9,5806.2,5812.8
1730062800,5833.6,5855.2,5828.8,5838.2
1730149200,5837.8,5858.2,5811.1,5852.8
1730235600,5855.6,5867.2,5815.4,5821.2
1730322000,5818,5818.4,5710,5713.8
1730408400,5722.8,5779.6,5708.4,5736
1730671200,5723.2,5752.6,5703.3,5725.6
1730757600,5728,5801.6,5714,5799.8
1730844000,5799.6,5946.3,5794.6,5945.2
1730930400,5940.6,5992.5,5930.4,5987
1731016800,5983.4,6018.7,5968.6,6003.2
1731276000,6010.2,6031.4,5995,6010.2
1731362400,6008,6017.4,5968.9,5995
1731448800,5991.2,6016.4,5973.6,6000
1731535200,5998.8,6006.4,5946.8,5956
1731621600,5953,5953.2,5860,5882.6
1731880800,5877,5914.7,5868.6,5902.8
1731967200,5899.4,5932,5839,5923
1732053600,5922.8,5941.8,5864.5,5926
1732140000,5919.6,5969.8,5889.6,5952.6
1732226400,5947.2,5978.7,5926,5975.6
1732485600,5992.4,6024.9,5970,6000
1732572000,6002,6031.6,5963.4,6030.4
1732658400,6024.6,6034.2,5988.8,6003.4
1732744800,6004.6,6020.6,6004.6,6017.3
1732834800,6015.4,6049,6005.8,6039.7
1733090400,6041.4,6059,6024.2,6053.2
1733176800,6051.6,6061.6,6038.1,6058.6
1733263200,6056.4,6093.8,6054.8,6087.8
1733349600,6084.6,6099.2,6074,6078.2
1733436000,6077.2,6102.1,6068,6088.6
1733695200,6087.6,6097,6053.9,6057.6
1733781600,6057,6068.6,6034.1,6046.8
1733868000,6048.2,6097.6,6040,6082.4
1733954400,6081.8,6083.4,6052,6055
1734040800,6059.4,6080.4,6037.7,6047
1734300000,6048,6085.8,6047.2,6071.4
1734386400,6070.4,6074.6,6038.3,6063.8
1734472800,6062.6,6090.9,5856.8,5888.8
1734559200,5895.2,5954.9,5886.4,5896.6
1734645600,5897.6,6006.1,5820.8,5950
1734904800,5974.8,5999.5,5920.4,5992
1734991200,5994.6,6056,5986.8,6055
1735164000,6055.6,6064.6,6019.2,6048.6
1735250400,6049,6051.8,5941.5,5988.2
1735509600,5993,5993.2,5877,5914.4
1735596000,5914.6,5944,5878.9,5899
1735768800,5906.2,5956.2,5837.3,5882.6
1735855200,5881.8,5959.3,5873.2,5947.4
1736114400,5955,6030.2,5943,5991
1736200800,5992.4,6009,5900,5919
1736287200,5918,5939.6,5883.1,5922.2
1736373600,5918.8,5923.2,5895.4,5910.4
1736460000,5908.8,5924,5812.4,5827
1736719200,5828,5852,5776.4,5851
1736805600,5858.8,5887.2,5812,5860.8
1736892000,5858.6,5969.9,5848.4,5955.4
1736978400,5956.6,5986,5931.6,5938.4
1737064800,5938.6,6020.9,5937,6001.8
1737324000,6004.2,6047.4,5987.6,6025.9
1737410400,6028.4,6065,5964,6063
1737496800,6063,6107.5,6059.2,6091.4
1737583200,6090.8,6126.2,6073.6,6122
1737669600,6119.2,6134.1,6094.8,6104.4
1737928800,6073.4,6077.4,5920.8,6022.4
1738015200,6030.6,6078,5996.2,6063
1738101600,6060.4,6083.8,6014.6,6050.8
1738188000,6038.8,6089.9,6029,6065.2
1738274400,6082.2,6121.2,6031.5,6036.4
1738533600,5929.4,6034,5909.4,6027.4
1738620000,6037,6044.9,5960.2,6022.4
1738706400,6021.2,6070.2,5997.2,6068.4
1738792800,6066.8,6086.4,6048.1,6073.4
1738879200,6069.8,6100.4,6020.4,6029.4
1739138400,6008.2,6075.4,6008,6069.6
1739224800,6065.6,6082.2,6039.8,6074.6
1739311200,6076.4,6080,6004,6063.6
1739397600,6062.4,6122.3,6037.2,6117.8
1739484000,6117.6,6129.6,6104.4,6117.2
1739743200,6121.2,6130.6,6114.6,6128.9
1739829600,6127.4,6140.2,6101.2,6130
1739916000,6134.2,6152.5,6114.9,6141.6
1740002400,6142.2,6142.8,6088.5,6118.6
1740088800,6120.6,6127.6,6011.8,6016.4
1740348000,6024,6053.8,5980.9,5995.2
1740434400,5995,6004.6,5913,5968.8
1740520800,5977.2,6013.5,5935.7,5978.4
1740607200,5971.8,6004.4,5864,5873.6
1740693600,5878,5962,5839.2,5949.2
1740952800,5963.2,5990.8,5812.5,5865.6
1741039200,5859.4,5874.4,5734.4,5820
1741125600,5819,5863.3,5744.4,5840.4
1741212000,5841.2,5847,5714.6,5759.6
1741298400,5757.8,5785.7,5666.7,5765.6
1741554000,5731.6,5751,5567.4,5625.2
1741640400,5617.1,5647,5530.3,5574.2
1741726800,5577.6,5671,5546.8,5594.2
1741813200,5593,5619.4,5506.8,5535.4
1741899600,5538.4,5645.1,5535.8,5623.6
1742158800,5626,5705.4,5595,5678.2
1742245200,5679.6,5684,5597.9,5626.2
1742331600,5624.8,5727,5613.6,5686.8
1742418000,5689.2,5721,5638.8,5672.6
1742504400,5672,5679.8,5607.6,5676.6
1742763600,5702,5783.4,5698.6,5771.2
1742850000,5772.2,5794.8,5760.2,5789.4
1742936400,5789.6,5794.8,5701.3,5711.4
1743022800,5698.8,5737.7,5678.3,5702
1743109200,5700.8,5708,5565.4,5566.6
1743368400,5548.6,5636.5,5495.3,5608.2
1743454800,5607.2,5658.9,5564.3,5636.2
1743541200,5638.4,5737.1,5531,5544.4
1743627600,5490.6,5528.6,5381.6,5387.6
1743714000,5391.6,5400.4,5044,5068
1743973200,4835.2,5254.9,4812.2,5091.2
1744059600,5099.8,5276.5,4912.8,4980
1744146000,4977.9,5493.6,4845.2,5490.8
1744232400,5468.2,5501.6,5119.8,5276.2
1744318800,5278.4,5388.5,5179.4,5365.6
1744578000,5426.9,5468.6,5362,5406
1744664400,5401.8,5456.4,5384.8,5395.6
1744750800,5347.8,5396.4,5224,5272.2
1744837200,5280.2,5343.6,5258.3,5300.6
1745182800,5272,5276.6,5101.1,5155.8
1745269200,5156.2,5315.6,5145.2,5290.8
1745355600,5367,5476.1,5354.8,5391.6
1745442000,5375.8,5516.4,5331.6,5495.4
1745528400,5499.8,5539.2,5456.1,5528.8
1745787600,5518.8,5555.5,5470.6,5522.8
1745874000,5520.4,5576.3,5500.2,5563.4
1745960400,5557,5606,5434.4,5598
1746046800,5601.6,5662.1,5581.6,5592
1746133200,5590.4,5704.1,5580.6,5689.8
1746392400,5677.9,5687.3,5634.6,5652.6
1746478800,5650.4,5654.6,5587.2,5598.4
1746565200,5624.8,5671.2,5579.4,5629.2
1746651600,5625.4,5724.2,5619.8,5670
1746738000,5670.8,5697.4,5644.9,5666
1746997200,5735.8,5859.8,5716.6,5851
1747083600,5847.6,5910.3,5819.4,5885
1747170000,5887.8,5908.5,5874.4,5890.2
1747256400,5884.6,5927.2,5849.6,5918.2
1747342800,5914.8,5960.7,5905.8,5931
1747602000,5915.2,5972,5875,5964.8
1747688400,5960.8,5977.4,5912.1,5939.8
1747774800,5936.4,5942.8,5834,5844.2
1747861200,5848.2,5881.6,5814.8,5854
1747947600,5856,5857.6,5743.2,5801.8
1748206800,5802.5,5882,5801.4,5875.7
1748293200,5874.2,5930.6,5849.4,5929.4
1748379600,5928,5941.3,5882.8,5915
1748466000,5906.9,5997.4,5873.7,5907.8
1748552400,5901.8,5923.1,5843.1,5903.4
1748811600,5890.8,5947.2,5857.8,5940.4
1748898000,5939,5983.6,5901.5,5972.4
1748984400,5973.2,5991.2,5966.4,5969.2
1749070800,5967,6008.2,5922.2,5932.6
1749157200,5926.2,6017.4,5925.2,6004.4
1749416400,6008.4,6023.1,5985.4,6006.8
1749502800,6007.6,6045.1,5986.4,6036.4
1749589200,6036.4,6070.4,6002,6023.8
1749675600,6017.8,6047.8,5983.6,6039.8
1749762000,6036.6,6037.6,5923.6,5973.8
1750021200,5953,6050.6,5947,6034.6
1750107600,6036.4,6037.6,5977.1,5991.6
1750194000,5986.4,6026.4,5970.8,5990.6
1750280400,5988,5990.2,5923.2,5929.8
1750366800,5957.6,6023.4,5955.6,5979.8
1750626000,5932.6,6037.6,5930.2,6033
1750712400,6032.2,6110.9,6031.6,6100.2
1750798800,6097.8,6115.9,6087.4,6101.8
1750885200,6100.4,6156.8,6097.4,6152.6
1750971600,6152.8,6195.4,6140.1,6176.4
1751230800,6182.4,6223.5,6181.6,6204.4
1751317200,6202,6220.1,6185.4,6206.4
1751403600,6207.2,6238.4,6194.6,6236.4
1751490000,6235,6290.8,6228.8,6280.2
1751576400,6274.8,6279.4,6234.2,6241.2
1751835600,6265.2,6272.6,6207.4,6223.8
1751922000,6226.6,6250.3,6215.6,6233.6
1752008400,6236.6,6276.6,6221.6,6268.6
1752094800,6266.2,6297.4,6249.2,6283.6
1752181200,6285,6292.4,6238.8,6257.2
1752440400,6235.4,6280,6222.6,6274.8
1752526800,6270.8,6307.2,6237.6,6239.2
1752613200,6241.2,6274.4,6207.1,6264.6
1752699600,6264.6,6311.8,6254.2,6307.8
1752786000,6306.2,6323.2,6290.3,6301.4
1753045200,6298.2,6342,6296.4,6316.8
1753131600,6316.8,6323.1,6287.6,6316.6
1753218000,6318.6,6377.2,6312.2,6375.8
1753304400,6372.8,6388.3,6361.6,6376.8
1753390800,6375.6,6401.6,6371.4,6398
1753650000,6421.2,6428.4,6382.1,6397.2
1753736400,6397.8,6415.4,6370.6,6377.2
1753822800,6379.8,6409.6,6341.6,6399.4
1753909200,6407.2,6442.6,6333.4,6343.6
1753995600,6341.2,6347.6,6216.2,6239.6
1754254800,6240,6347.6,6227.6,6347.6
1754341200,6346.2,6355.2,6293.9,6301.6
1754427600,6305.8,6358.7,6292.2,6349.6
1754514000,6348.6,6406,6314.4,6352
1754600400,6352,6405.4,6348.6,6405
1754859600,6403.2,6410.1,6369,6377
1754946000,6380.2,6451.7,6372.6,6451.2
1755032400,6448.8,6484,6442.8,6466.6
1755118800,6464.6,6478.5,6435.2,6470.4
1755205200,6469.7,6489.8,6443.6,6448.6
1755464400,6453.1,6465.6,6437.6,6451.6
1755550800,6454,6461,6403.8,6419.4
1755637200,6420.2,6421.4,6347.1,6400.8
1755723600,6401.8,6403.8,6356.1,6375.8
1755810000,6379.4,6481.2,6349,6470
1756069200,6472.2,6472.8,6441.2,6447.8
1756155600,6446.4,6475.4,6418.2,6475.4
1756242000,6475.6,6493.9,6449,6473.4
1756328400,6469.6,6512.6,6460,6506
1756414800,6505.8,6506.4,6444.7,6464.8
1756674000,6465.2,6481.4,6449.6,6471.9
1756760400,6468.6,6469.6,6360.7,6438.8
1756846800,6437.6,6455.7,6417.6,6453.2
1756933200,6449,6509.4,6446.2,6506.6
1757019600,6505.6,6533.4,6443.9,6481
1757278800,6478.8,6508.7,6472.4,6500.8
1757365200,6502.6,6530.8,6483.3,6525
1757451600,6527.8,6559.2,6517.9,6532.6
1757538000,6532.8,6596,6531.2,6588
1757624400,6588.8,6601.8,6572,6584.4
1757883600,6584,6619.8,6580.4,6614.6
1757970000,6613.6,6636.2,6601.6,6610.2
1758056400,6611,6637.9,6562.4,6616.8
1758142800,6617.4,6671,6615.6,6650.8
1758229200,6652.2,6683.9,6631.2,6671.2
1758488400,6671.8,6710.3,6647.2,6703
1758574800,6702,6710.1,6656.4,6670.6
1758661200,6673,6683,6633.4,6652
1758747600,6652.6,6660.4,6580.7,6619
1758834000,6617.8,6659.6,6609.4,6654.2
1759093200,6656,6692.6,6654,6667.6
1759179600,6668.6,6702.6,6651.1,6683.6
1759266000,6685.6,6728.9,6639,6716.6
1759352400,6716.6,6741.6,6701,6725.2
1759438800,6723,6759.4,6713.6,6722.6
1759698000,6728.4,6758.9,6725.6,6751.6
1759784400,6753,6764,6709.6,6728
1759870800,6729.4,6770.6,6720.4,6765.8
1759957200,6765.8,6774.8,6724.7,6742.8
1760043600,6743.6,6769.1,6503.6,6513
1760302800,6636.7,6677.7,6605.4,6656.4
1760389200,6659.8,6689.6,6560.1,6650.6
1760475600,6658.8,6733.1,6618.3,6681
1760562000,6682.8,6717.1,6599.7,6627.2
1760648400,6631.2,6686.9,6538.8,6680.2
1760907600,6690.6,6753.9,6663.4,6750.6
1760994000,6750,6760.9,6730.5,6743.8
1761080400,6747,6759.6,6662.9,6708.4
1761166800,6701.4,6758.2,6689,6749.6
1761253200,6752.4,6813.6,6749.2,6798.6
1761512400,6847.3,6890.8,6839.3,6888.4
1761598800,6886.6,6919.7,6876.2,6903
1761685200,6903.4,6927.2,6859,6894.2
1761771600,6886.3,6929.4,6827.6,6869.8
1761858000,6874.6,6894.2,6820.2,6848.8
1762120800,6857,6885.6,6825.7,6862.8
1762207200,6860.2,6862.2,6764.8,6786.2
1762293600,6783.4,6837.8,6728.2,6809.2
1762380000,6809.8,6824,6715.1,6747.4
1762466400,6740.2,6752.2,6637.2,6745.8
1762725600,6769.8,6848.3,6752.8,6840.2
1762812000,6841,6862.8,6813,6856.8
1762898400,6857.8,6883.2,6835.4,6857.4
1762984800,6855.2,6875.4,6730.4,6746.4
1763071200,6750.2,6779.3,6653.5,6748.8
1763330400,6737,6784.6,6643.8,6683
1763416800,6683,6693.4,6578.8,6612.4
1763503200,6616.1,6694.4,6599.2,6683.4
1763589600,6687.6,6776.5,6536.4,6540.2
1763676000,6547,6664,6510.4,6616
1763935200,6648.9,6719.8,6611.8,6713
1764021600,6713.2,6780.9,6662.1,6769.4
1764108000,6769.2,6834.9,6767,6819.2
1764194400,6821,6822.8,6813.2,6816.6
1764280800,6818.4,6853.7,6818,6846.4
1764540000,6852,6854.4,6792.4,6818.6
1764626400,6821.4,6855,6804,6834.2
1764712800,6836.8,6865.9,6809.8,6857.8
1764799200,6856.6,6873.2,6829.9,6859
1764885600,6860.2,6897.2,6849.2,6873
1765144800,6874.2,6886.2,6830.1,6859
1765231200,6858.4,6868.4,6839.4,6842.6
1765317600,6843.6,6903.7,6825.9,6889.6
1765404000,6885.8,6925.4,6813.2,6921.4
1765490400,6907.2,6911.4,6801.2,6830.4
1765749600,6833,6868.4,6801.8,6837
1765836000,6838.2,6847,6773.1,6805.8
1765922400,6808.2,6839,6733,6747.6
1766008800,6748.6,6828.7,6728.6,6781
1766095200,6784.8,6852.8,6777.8,6850.8
1766354400,6863,6895.7,6857.8,6889.4
1766440800,6890.4,6923,6872.6,6917.8
1766527200,6916.8,6948,6912.4,6939.7
1766700000,6942,6953.3,6929.9,6937.6
1766959200,6942.4,6945.2,6899.6,6920
1767045600,6919,6924.7,6903.9,6909.8
1767132000,6911.6,6915,6854.7,6858
1767304800,6864.6,6902.4,6831.1,6865.2
1767564000,6870.8,6929.7,6864.2,6910.2
1767650400,6912.6,6957.8,6897,6955.2
1767736800,6955.6,6973.3,6925,6933.8
1767823200,6934.8,6945.4,6902,6940.6
1767909600,6940,6985.1,6921.8,6972
1768168800,6964.8,6994,6917.4,6980.8
1768255200,6980.8,7005.2,6946.2,6968.2
1768341600,6970.6,6972,6893.3,6929.2
1768428000,6925.8,6988.3,6919.8,6954.6
1768514400,6956.8,6977.2,6931,6949
1768773600,6901.4,6906,6858.7,6887.4
1768860000,6888.8,6890,6796.8,6812
1768946400,6812.6,6920.2,6789.2,6890.4
1769032800,6898.4,6943.7,6886.2,6913.6
1769119200,6911.4,6938.6,6899.6,6909
1769378400,6864.2,6972.3,6860.7,6954.6
1769464800,6952.4,6995.8,6949.4,6987.2
1769551200,6990.4,7020.6,6956,6995.6
1769637600,6999.1,7007.6,6876.6,6971
1769724000,6971.4,6973.6,6896.4,6942.8
1769983200,6915.4,6997.8,6844,6984.4
1770069600,6987,7008.4,6867.5,6920
1770156000,6916,6947.4,6844.9,6910.4
1770242400,6899,6917.8,6769.2,6772.6
1770328800,6773.8,6949.4,6735.4,6930.2
1770588000,6946.6,6985.7,6904.2,6968.6
1770674400,6972,6990.9,6942.6,6955.8
1770760800,6958.4,6996.7,6916.9,6950.8
1770847200,6948.8,6977.8,6828.2,6847.8
1770933600,6844.4,6884.2,6794.2,6835.6
1771192800,6843.6,6872,6827.4,6840.3
1771279200,6845.4,6872.1,6778.6,6851.8
1771365600,6849,6914,6836.8,6880.6
1771452000,6882.2,6899.8,6835.9,6860.4
1771538400,6860.6,6919.3,6835.5,6914
1771797600,6909.3,6918.8,6821.8,6847.8
1771884000,6848.2,6903.2,6818.7,6891
1771970400,6890.6,6973,6883.2,6966.6
1772056800,6958.8,6961.4,6862,6896.6
1772143200,6884.2,6907,6832.9,6868.8
1772402400,6814.5,6902.5,6760.4,6875.6
1772488800,6873.8,6875.4,6710.2,6808
1772575200,6805,6888.7,6767.8,6872.6
1772661600,6875.2,6895.2,6772,6819.2
1772748000,6817.8,6847.6,6709.9,6737.8
1773003600,6657.8,6814.5,6579,6791.4
1773090000,6786.8,6847.9,6757.8,6792.4
1773176400,6790,6818.4,6746.4,6766.6
1773262800,6761.8,6762.8,6668.8,6682.6
1773349200,6679.4,6733.4,6622.2,6623.4
1773608400,6618.4,6732.3,6612.2,6707
1773694800,6702.6,6764.4,6671.8,6730
1773781200,6727.8,6770.4,6612.4,6621.8
1773867600,6626.4,6652.2,6568.7,6628.8
1773954000,6635,6643.8,6483,6545.2
1774213200,6482.4,6705.7,6442.4,6591.8
1774299600,6590.6,6640.6,6533.5,6609.8
1774386000,6613.6,6645.6,6577.6,6601.6
1774472400,6599.4,6608,6479.8,6499.6
1774558800,6503.4,6530.8,6353.6,6362.4
1774818000,6343.8,6445.4,6324.8,6349.4
1774904400,6354,6549.1,6320.4,6532.2
1774990800,6533,6619,6530.2,6583.4
1775077200,6580.4,6599,6468.8,6588.6
1775163600,6586.8,6602.8,6564.2,6568
1775422800,6542.8,6626,6532.6,6619.4
1775509200,6621.4,6642.2,6541.3,6633
1775595600,6683.6,6815.8,6622.8,6784.4
1775682000,6787.4,6844.1,6760.4,6826.6
1775768400,6827,6853.8,6814.1,6830
1776027600,6749,6898,6734.8,6897
1776114000,6895.4,6977.5,6890,6973.4
1776200400,6973.2,7033.9,6961.2,7027.6
1776286800,7026.2,7059,7015.9,7049.4
1776373200,7047,7155.6,7045.4,7134.2
1776632400,7055.7,7132.6,7055.6,7124.6
1776718800,7126.4,7155,7057.9,7098.6
1776805200,7100,7146.2,7095.6,7137.8
1776891600,7136,7154.6,7052.8,7105.8
1776978000,7116.2,7174.7,7108.2,7170.2
1777237200,7156.4,7187.3,7145.6,7181.8
1777323600,7184,7199.6,7122.7,7150
1777410000,7152.2,7168.4,7109.2,7120.6
1777496400,7130.4,7231,7111.4,7225.8
1777582800,7232.6,7278.5,7219.2,7226.2
1777842000,7252.9,7254,7179.8,7206.2
1777928400,7211.4,7285,7203.8,7276.4
1778014800,7276.2,7377,7274.6,7367.4
1778101200,7362.2,7391.8,7327.4,7334.2
1778187600,7325.8,7409.1,7325.8,7401
1778446800,7387.4,7436.8,7371.6,7418
1778533200,7419.8,7426.2,7345.9,7404
1778619600,7405.4,7467.8,7382.4,7460
1778706000,7458,7524.4,7454.8,7505.6
1778792400,7507.6,7511.2,7393.4,7404.8
1779051600,7406.8,7437.6,7357.8,7406.4
1779138000,7411.6,7426.2,7340,7358.4
1779224400,7361,7444.4,7342.6,7422.2
1779310800,7416.4,7473.7,7394,7454.6
1779397200,7457,7511.4,7456.6,7471.4
1779656400,7513.2,7557.4,7513.2,7550.1
1779742800,7543.8,7546.6,7506.9,7523
1779829200,7526.6,7560.4,7505.6,7544.8
1779915600,7545,7581.8,7496.2,7579.8
1780002000,7582,7602.2,7563.6,7582.2
1780261200,7586.8,7625,7567,7602
1780347600,7597.2,7624.9,7569.4,7622.4
1780434000,7618.8,7620.8,7536.2,7540
1780520400,7533.6,7605.2,7517.8,7583.2
1780606800,7582.8,7582.8,7353,7361.4
1780866000,7350.4,7469.9,7349,7407.4
1780952400,7411.4,7486.2,7242.6,7385
1781038800,7372.8,7400.6,7252.8,7263
1781125200,7255.4,7417.2,7229.2,7396
1781211600,7402.6,7459.1,7363.6,7435.4
1781470800,7491.5,7581.6,7482.6,7564.6
1781557200,7568,7576.2,7527.2,7531.6
1781643600,7538.2,7561.4,7422.8,7460.4
1781730000,7458.8,7533.2,7454.4,7524.6
1781816400,7529.4,7529.6,7471.2,7507.8
1782075600,7493,7548.9,7463.2,7495
1782162000,7495.6,7500,7367.8,7400.8
1782248400,7402.8,7451.2,7359.1,7431.6
1782334800,7440.4,7450.4,7345.1,7390.6
1782421200,7384.9,7414.9,7312.6,7357.8
1782680400,7367.6,7463.3,7363.6,7452.8
1782766800,7449.4,7525.2,7439.4,7499.4
1782853200,7503.2,7536.8,7463.4,7491
1782939600,7491,7551.5,7438.3,7482.6
1783026000,7485,7523.8,7482.8,7516.6
1783285200,7518,7563.1,7496,7557.6
1783371600,7559.8,7561.4,7490.2,7513.2
1783458000,7501.4,7524.8,7430.4,7478.8
1783544400,7483,7558,7478.6,7549.8
1783630800,7549,7591.4,7515.1,7588.6
1783890000,7573.4,7578,7511.8,7519.2
1783976400,7526.8,7578.2,7496.4,7557.2
1784062800,7556.6,7591.6,7538.1,7582.4
1784149200,7582.8,7598,7515.3,7535.8
1784235600,7541,7541.4,7439.9,7462.6
1784494800,7460.8,7518.4,7443.4,7450.2
1784581200,7446.8,7520.4,7439.6,7508.4
1784667600,7509.6,7529.3,7471,7513.2
1784754000,7500,7520.2,7382.5,7426
1784840400,7419.6,7467.5,7402.9,7415.8
1785099600,7474.2,7495.6,7390.5,7425.2
1785186000,7428,7460.2,7391.3,7443
1785272400,7443.4,7475.2,7299.6,7313.2
1785358800,7318.6,7368,7318,7353.6