time,open,high,low,close
1274734800,1808.2,1809.2,1791.7,1795.2
1274749200,1795.2,1796.9,1784.4,1786.7
1274763600,1786.7,1788.9,1767.9,1772.7
1274778000,1772.7,1781.2,1761.6,1771.9
1274792400,1771.9,1794.2,1755.9,1785.9
1274806800,1785.9,1822.9,1776.4,1822.4
1274821200,1822.4,1834.9,1821.9,1828.7
1274835600,1828.7,1828.7,1814.9,1827.2
1274850000,1827.2,1829.9,1813.1,1827.1
1274864400,1827.1,1837.9,1822.6,1827.6
1274878800,1827.6,1850.4,1824.1,1833.4
1274893200,1833.4,1837.4,1787.1,1792.9
1274907600,1792.9,1800.9,1783.1,1800.1
1274922000,1800.1,1816.6,1792.4,1813.4
1274936400,1813.4,1831.6,1811.1,1826.6
1274950800,1826.6,1842.1,1824.4,1829.4
1274965200,1829.4,1849.9,1828.4,1845.1
1274979600,1845.1,1864.9,1841.4,1864.4
1274994000,1864.4,1869.1,1858.8,1862.3
1275008400,1862.3,1868.8,1857.1,1858.3
1275022800,1858.3,1869.6,1855.1,1866.3
1275037200,1866.3,1874.8,1863.6,1866.1
1275051600,1866.1,1868.3,1836.6,1844.3
1275066000,1844.3,1867.6,1836.1,1851.8
1275253200,1851.8,1865.3,1850.8,1861.5
1275267600,1861.5,1866.5,1861,1866
1275282000,1866,1866.5,1859.5,1863.8
1275296400,1863.8,1865.5,1861.5,1863
1275310800,1863,1865,1858,1861
1275339600,1861,1862.5,1843.5,1847.5
1275354000,1847.5,1852.5,1843.7,1848
1275368400,1848,1855.2,1825,1829.7
1275382800,1829.7,1842,1825.2,1841.2
1275397200,1841.2,1878.5,1841,1859.5
1275411600,1859.5,1874,1829.2,1835
1275426000,1835,1840.2,1832,1840.2
1275440400,1840.2,1844.7,1833.5,1834
1275454800,1834,1847.2,1832.5,1836.4
1275469200,1836.4,1848.2,1836.4,1841.7
1275483600,1841.7,1864.4,1832.9,1864.2
1275498000,1864.2,1879.7,1851.4,1878.4
1275512400,1878.4,1882.2,1875.7,1880.7
1275526800,1880.7,1886.4,1879.2,1885.2
1275541200,1885.2,1890.4,1883.4,1888.9
1275555600,1888.9,1889.7,1879.2,1882.2
1275570000,1882.2,1894.9,1871.4,1879.7
1275584400,1879.7,1899.7,1876.2,1893.2
1275598800,1893.2,1897.4,1890.4,1896.7
1275613200,1896.7,1897.2,1891.7,1895.4
1275627600,1895.4,1902.9,1892.4,1901.4
1275642000,1901.4,1904.7,1852.9,1857.9
1275656400,1857.9,1880.1,1851.1,1859.4
1275670800,1859.4,1860.1,1824.6,1835.4
1275858000,1835.4,1835.4,1811.8,1816.1
1275872400,1816.1,1823.5,1812.1,1823.5
1275886800,1823.5,1831.5,1817.8,1830.8
1275901200,1830.8,1845.3,1828,1840.5
1275915600,1840.5,1845.8,1811.5,1828.8
1275930000,1828.8,1834.3,1794.3,1796.3
1275944400,1796.3,1805.8,1794.3,1805.5
1275958800,1805.5,1811,1805.3,1806.5
1275973200,1806.5,1818,1797.3,1797.5
1275987600,1797.5,1807.3,1791.8,1803.8
1276002000,1803.8,1806.8,1771.5,1791.3
1276016400,1791.3,1797.8,1770.3,1794.3
1276030800,1794.3,1795.3,1781.5,1785.8
1276045200,1785.8,1790.8,1783,1788.5
1276059600,1788.5,1797.5,1784.7,1788
1276074000,1788,1808,1782.5,1804.2
1276088400,1804.2,1823.7,1793.7,1813.7
1276102800,1813.7,1816.5,1774,1780.2
1276117200,1780.2,1781.7,1775.7,1777.7
1276131600,1777.7,1791.7,1777.7,1791.7
1276146000,1791.7,1801.5,1787,1798
1276160400,1798,1803,1786.7,1794
1276174800,1794,1819.2,1792.7,1807
1276189200,1807,1832,1802.7,1823.7
1276203600,1823.7,1825.5,1820.2,1821.4
1276218000,1821.4,1823.9,1818.9,1819.7
1276232400,1819.7,1826.2,1818.9,1823.7
1276246800,1823.7,1828.7,1808.4,1808.7
1276261200,1808.7,1843.2,1808.2,1831.9
1276275600,1831.9,1848.9,1823.9,1844.2
1276462800,1844.2,1868.1,1844.2,1853.4
1276477200,1853.4,1854.4,1850.1,1850.6
1276491600,1850.6,1859.6,1850.6,1858.6
1276506000,1858.6,1862.6,1854.6,1861.3
1276520400,1861.3,1877.3,1859.1,1864.6
1276534800,1864.6,1868.8,1844.1,1846.8
1276549200,1846.8,1853.8,1846.6,1853.3
1276563600,1853.3,1855.1,1848.3,1853.6
1276578000,1853.6,1857.3,1846.3,1857.3
1276592400,1857.3,1864.1,1853.1,1854.1
1276606800,1854.1,1883.1,1853.8,1882.6
1276621200,1882.6,1899.1,1878.6,1892.6
1276635600,1892.6,1893.6,1890.1,1891.3
1276650000,1891.3,1892,1890,1890.3
1276664400,1890.3,1893.3,1884.5,1888
1276678800,1888,1890.5,1880,1884
1276693200,1884,1909.8,1883.8,1903.8
1276707600,1903.8,1913.5,1898,1904.5
1276722000,1904.5,1904.5,1901,1902
1276736400,1902,1903.3,1898.8,1899
1276750800,1899,1907.5,1897.3,1906.8
1276765200,1906.8,1918,1905.3,1914
1276779600,1914,1916.8,1894,1904
1276794000,1904,1914,1897,1911
1276808400,1911,1911,1907.3,1910
1276822800,1910,1912.5,1908,1909.5
1276837200,1909.5,1913,1906.3,1912.5
1276851600,1912.5,1914.8,1905.5,1908.3
1276866000,1908.3,1925,1905.7,1909.5
1276880400,1909.5,1915.5,1907.2,1909.2
1277067600,1909.2,1937.7,1909.2,1937.2
1277082000,1937.2,1938.5,1922.2,1933
1277096400,1933,1941.5,1933,1939.2
1277110800,1939.2,1941.2,1930,1933.5
1277125200,1933.5,1939.2,1913,1918.5
1277139600,1918.5,1920.5,1884.2,1901
1277154000,1901,1903.2,1899.7,1903
1277168400,1903,1910.7,1900.5,1901
1277182800,1901,1904.7,1896.7,1902.2
1277197200,1902.2,1902.2,1890.5,1901.7
1277211600,1901.7,1917.2,1896.7,1908.5
1277226000,1908.5,1911.7,1877,1881.2
1277240400,1881.2,1883.2,1880.5,1881
1277254800,1881,1886,1880.7,1883.5
1277269200,1883.5,1889.2,1881.2,1887.5
1277283600,1887.5,1890.5,1885.5,1887.7
1277298000,1887.7,1888,1858.2,1873.5
1277312400,1873.5,1889.5,1865.2,1869.2
1277326800,1869.2,1870.5,1865.5,1869.5
1277341200,1869.5,1875,1868.7,1873.5
1277355600,1873.5,1875.5,1853.2,1855.5
1277370000,1855.5,1865.7,1854.5,1862.5
1277384400,1862.5,1870.2,1842.7,1852.7
1277398800,1852.7,1868.2,1837.9,1850
1277413200,1850,1850.2,1845.9,1846.4
1277427600,1846.4,1853.5,1844.4,1846.7
1277442000,1846.7,1855.5,1842.2,1844.2
1277456400,1844.2,1853.7,1837.7,1848.2
1277470800,1848.2,1852.2,1827.9,1840.7
1277485200,1840.7,1856.9,1834.7,1839.4
1277672400,1839.4,1844.2,1837.9,1839.9
1277686800,1839.9,1846.4,1838.2,1843.9
1277701200,1843.9,1846.4,1835.2,1845.4
1277715600,1845.4,1847.9,1835.7,1839.2
1277730000,1839.2,1851.9,1821.7,1843.4
1277744400,1843.4,1846.4,1831.7,1833.2
1277758800,1833.2,1839.7,1831.7,1839.2
1277773200,1839.2,1839.9,1822.2,1824.9
1277787600,1824.9,1824.9,1805.2,1809.4
1277802000,1809.4,1814.4,1806.2,1808.4
1277816400,1808.4,1811.4,1766.7,1774.7
1277830800,1774.7,1780.2,1750.7,1763.2
1277845200,1763.2,1766.9,1760.4,1766.7
1277859600,1766.7,1771.2,1764.9,1769.4
1277874000,1769.4,1772.9,1766.2,1769.4
1277888400,1769.4,1777.9,1761.2,1763.7
1277902800,1763.7,1775.4,1756.9,1769.9
1277917200,1769.9,1771.9,1733.4,1736.4
1277931600,1736.4,1740.4,1732.6,1736.1
1277946000,1736.1,1736.4,1721.1,1728.1
1277960400,1728.1,1733.6,1726.4,1732.4
1277974800,1732.4,1737.9,1725.4,1737.1
1277989200,1737.1,1746.1,1698.6,1729.1
1278003600,1729.1,1739.4,1718.9,1728.4
1278018000,1728.4,1736.6,1728.4,1730.4
1278032400,1730.4,1741.1,1730.1,1735.1
1278046800,1735.1,1735.6,1726.9,1731.9
1278061200,1731.9,1745.9,1723.9,1729.9
1278075600,1729.9,1740.9,1716.6,1718.1
1278090000,1718.1,1739.9,1710.6,1720.9
1278277200,1720.9,1726.6,1719.9,1723.6
1278291600,1723.6,1727.9,1722.1,1723.9
1278306000,1723.9,1728.9,1719.4,1723.6
1278320400,1723.6,1727.1,1721.1,1725.1
1278334800,1725.1,1725.6,1717.9,1720.4
1278363600,1720.4,1723.9,1706.1,1707.9
1278378000,1707.9,1724.6,1707.9,1724.6
1278392400,1724.6,1740.6,1723.9,1739.9
1278406800,1739.9,1752.1,1739.1,1751.1
1278421200,1751.1,1762.6,1734.1,1736.6
1278435600,1736.6,1740.4,1717.1,1734.9
1278450000,1734.9,1736.4,1729.4,1729.4
1278464400,1729.4,1732.1,1725.9,1728.9
1278478800,1728.9,1734.9,1724.3,1726.3
1278493200,1726.3,1735.9,1722.6,1732.6
1278507600,1732.6,1761.1,1730.8,1757.1
1278522000,1757.1,1789.9,1756.4,1789.4
1278536400,1789.4,1791.1,1787.4,1789.1
1278550800,1789.1,1795.1,1788.1,1788.4
1278565200,1788.4,1789.4,1782.9,1783.4
1278579600,1783.4,1798.6,1782.9,1797.4
1278594000,1797.4,1803.6,1776.6,1779.9
1278608400,1779.9,1799.6,1774.9,1796.4
1278622800,1796.4,1796.6,1792.4,1792.4
1278637200,1792.4,1798.4,1792.4,1797.6
1278651600,1797.6,1799.9,1793.6,1794.6
1278666000,1794.6,1799.4,1789.6,1792.4
1278680400,1792.4,1807.6,1791.4,1801.9
1278694800,1801.9,1815.6,1799.6,1811.9
1278882000,1811.9,1811.9,1808.1,1809.6
1278896400,1809.6,1811.3,1806.8,1808.1
1278910800,1808.1,1808.3,1801.6,1803.6
1278925200,1803.6,1811.8,1802.1,1811.3
1278939600,1811.3,1829.8,1806.6,1810.3
1278954000,1810.3,1826.1,1809.3,1825.1
1278968400,1825.1,1829.8,1824.8,1828.1
1278982800,1828.1,1828.8,1819.8,1820.3
1278997200,1820.3,1832.1,1818.3,1830.6
1279011600,1830.6,1838.3,1829.3,1837.1
1279026000,1837.1,1844.1,1820.8,1837.6
1279040400,1837.6,1862.3,1831.3,1857.6
1279054800,1857.6,1865.3,1856.8,1864.1
1279069200,1864.1,1865.3,1863.3,1864.6
1279083600,1864.6,1866.3,1858.8,1860.8
1279098000,1860.8,1861.1,1847.6,1847.8
1279112400,1847.8,1862.3,1840.8,1856.3
1279126800,1856.3,1856.8,1838.6,1851.8
1279141200,1851.8,1854.8,1847.3,1848.3
1279155600,1848.3,1864.6,1847.1,1855.1
1279170000,1855.1,1857.1,1847.6,1855.3
1279184400,1855.3,1864.3,1852.3,1852.8
1279198800,1852.8,1856.1,1829.1,1837.6
1279213200,1837.6,1859.1,1837.6,1852.6
1279227600,1852.6,1856.3,1852.3,1855.1
1279242000,1855.1,1855.1,1843.6,1843.6
1279256400,1843.6,1850.3,1841.6,1844.8
1279270800,1844.8,1856.1,1844.1,1848.8
1279285200,1848.8,1850.1,1809.3,1811.3
1279299600,1811.3,1819.8,1800.3,1802.3
1279486800,1802.3,1802.3,1784.3,1798.3
1279501200,1798.3,1806.3,1798.3,1804.8
1279515600,1804.8,1810.1,1802.1,1809.6
1279530000,1809.6,1813.6,1804.3,1806.6
1279544400,1806.6,1818.6,1792.8,1807.3
1279558800,1807.3,1821.6,1797.8,1797.8
1279573200,1797.8,1804.3,1795.8,1802.3
1279587600,1802.3,1808.8,1800.8,1806.6
1279602000,1806.6,1811.1,1797.8,1800.8
1279616400,1800.8,1801.5,1785,1791.8
1279630800,1791.8,1808.5,1782.8,1808
1279645200,1808,1857.8,1806.8,1852.3
1279659600,1852.3,1853.3,1846.1,1846.3
1279674000,1846.3,1849.8,1843.3,1845.8
1279688400,1845.8,1851.8,1843.6,1849.3
1279702800,1849.3,1859.1,1847.1,1858.6
1279717200,1858.6,1860.3,1827.5,1839
1279731600,1839,1846.5,1811.5,1814.5
1279746000,1814.5,1819,1812.8,1816
1279760400,1816,1819.3,1813.5,1814.3
1279774800,1814.3,1836.5,1813.5,1835.5
1279789200,1835.5,1838.8,1829.8,1837.8
1279803600,1837.8,1869.3,1836,1860.3
1279818000,1860.3,1868.8,1847.8,1849
1279832400,1849,1859,1849,1855.3
1279846800,1855.3,1856.5,1850.5,1854.8
1279861200,1854.8,1864.5,1850,1863.3
1279875600,1863.3,1864.3,1854.3,1855.3
1279890000,1855.3,1862.5,1844.8,1853.3
1279904400,1853.3,1876.5,1848.5,1874.5
1280091600,1874.5,1877.8,1872.5,1876.5
1280106000,1876.5,1883.5,1876.5,1879.8
1280120400,1879.8,1881.3,1870.3,1872
1280134800,1872,1875.8,1869.5,1873.3
1280149200,1873.3,1886,1866.3,1880
1280163600,1880,1888.5,1876,1886.8
1280178000,1886.8,1887.8,1884.8,1887.3
1280192400,1887.3,1889.5,1884.5,1885.5
1280206800,1885.5,1896,1883.5,1893.5
1280221200,1893.5,1899.3,1892.5,1898
1280235600,1898,1901,1878.5,1883.8
1280250000,1883.8,1891.5,1878.5,1887
1280264400,1887,1888.3,1885.5,1887.3
1280278800,1887.3,1889,1884,1887.8
1280293200,1887.8,1895,1887.8,1891.5
1280307600,1891.5,1892.5,1880.3,1883.8
1280322000,1883.8,1893.3,1877,1881.5
1280336400,1881.5,1882.8,1865,1868.3
1280350800,1868.3,1872.3,1866.8,1870.5
1280365200,1870.5,1874,1867.8,1871.5
1280379600,1871.5,1880,1869.8,1878.8
1280394000,1878.8,1882.3,1874.5,1882
1280408400,1882,1886.5,1839.3,1848
1280422800,1848,1875.3,1846.5,1857.8
1280437200,1857.8,1857.8,1850.8,1852.3
1280451600,1852.3,1854.3,1847.3,1850.3
1280466000,1850.3,1859.3,1848.5,1850
1280480400,1850,1853,1834.3,1838.8
1280494800,1838.8,1865.3,1832,1862.5
1280509200,1862.5,1873.5,1849.3,1864
1280696400,1864,1874.5,1864,1874.5
1280710800,1874.5,1877,1870.8,1875.3
1280725200,1875.3,1883.8,1872,1880.3
1280739600,1880.3,1884.5,1880.3,1882
1280754000,1882,1900,1878.2,1894.5
1280768400,1894.5,1901.8,1892.8,1894.2
1280782800,1894.2,1895.5,1893.7,1895
1280797200,1895,1895.2,1891,1891.5
1280811600,1891.5,1894.5,1888.5,1894
1280826000,1894,1897,1890.7,1896
1280840400,1896,1898.2,1880.2,1888.7
1280854800,1888.7,1895.2,1884.7,1895
1280869200,1895,1895.2,1891.2,1892
1280883600,1892,1895.7,1889.5,1890.2
1280898000,1890.2,1892,1884.2,1886.2
1280912400,1886.2,1900.7,1883.5,1898
1280926800,1898,1909,1889.7,1905.2
1280941200,1905.2,1910.2,1899,1906.7
1280955600,1906.7,1908,1904,1907
1280970000,1907,1907,1903.5,1905.2
1280984400,1905.2,1908.2,1903,1906.7
1280998800,1906.7,1913,1899.7,1901.2
1281013200,1901.2,1907.2,1891.2,1900
1281027600,1900,1907.2,1896.7,1903.5
1281042000,1903.5,1904.2,1901.7,1902.2
1281056400,1902.2,1906,1901.2,1904.2
1281070800,1904.2,1908,1902.5,1904
1281085200,1904,1907.5,1881,1884.7
1281099600,1884.7,1904.7,1872.2,1882.5
1281114000,1882.5,1905.7,1880,1905.7
1281301200,1905.7,1906.7,1898.7,1899.7
1281315600,1899.7,1904.2,1899.7,1903.5
1281330000,1903.5,1910.5,1902.7,1909.2
1281344400,1909.2,1910.7,1907.2,1909.5
1281358800,1909.5,1913.5,1902,1910
1281373200,1910,1918.2,1908.2,1913
1281387600,1913,1914.2,1910.7,1911
1281402000,1911,1911.5,1907,1907.5
1281416400,1907.5,1909.5,1900.5,1903.7
1281430800,1903.7,1907,1894,1898
1281445200,1898,1901.2,1881,1890.2
1281459600,1890.2,1908.2,1882.2,1897
1281474000,1897,1898,1881.7,1884.2
1281488400,1884.2,1890,1883.2,1884
1281502800,1884,1884.2,1873,1876.2
1281517200,1876.2,1877.7,1864.5,1867.7
1281531600,1867.7,1867.7,1837.2,1838.9
1281546000,1838.9,1849.2,1824.2,1825.7
1281560400,1825.7,1828.7,1812.9,1827.9
1281574800,1827.9,1829.4,1821.4,1827.9
1281589200,1827.9,1837.9,1825.4,1833.9
1281603600,1833.9,1836.2,1813.4,1816.4
1281618000,1816.4,1837.4,1806.9,1836.9
1281632400,1836.9,1838.4,1823.4,1829.7
1281646800,1829.7,1835.7,1829.2,1833.7
1281661200,1833.7,1838.4,1830.7,1836.7
1281675600,1836.7,1842.9,1836.2,1837.2
1281690000,1837.2,1838.2,1815.4,1823.4
1281704400,1823.4,1831.2,1817.2,1826.4
1281718800,1826.4,1829.4,1815.9,1816.7
1281906000,1816.7,1818.7,1807.2,1808.2
1281920400,1808.2,1818.9,1805.2,1816.9
1281934800,1816.9,1825.4,1808.2,1812.4
1281949200,1812.4,1817.4,1808.7,1812.4
1281963600,1812.4,1833.4,1800.4,1828.4
1281978000,1828.4,1829.7,1811.9,1821.2
1281992400,1821.2,1822.9,1817.2,1818.2
1282006800,1818.2,1827.4,1818.2,1826.2
1282021200,1826.2,1832.4,1822.7,1832.2
1282035600,1832.2,1834.4,1826.7,1831.4
1282050000,1831.4,1854.9,1830.2,1852.7
1282064400,1852.7,1860.7,1839.2,1841.9
1282078800,1841.9,1842.2,1838.4,1838.7
1282093200,1838.7,1840.9,1836.4,1838.2
1282107600,1838.2,1840.9,1831.2,1834.4
1282122000,1834.4,1844.4,1834.2,1843.7
1282136400,1843.7,1858.2,1833.2,1856.7
1282150800,1856.7,1862.2,1835.7,1840.2
1282165200,1840.2,1840.7,1836.4,1840.2
1282179600,1840.2,1841.9,1835.9,1841.2
1282194000,1841.2,1848.7,1834.9,1839.4
1282208400,1839.4,1850.2,1833.4,1840.2
1282222800,1840.2,1846.9,1810.7,1819.9
1282237200,1819.9,1830.4,1814.9,1822.2
1282251600,1822.2,1823.9,1820.9,1822.4
1282266000,1822.4,1824.4,1816.7,1817.7
1282280400,1817.7,1827.4,1816.4,1817.4
1282294800,1817.4,1820.6,1808.6,1816.4
1282309200,1816.4,1826.4,1809.6,1816.9
1282323600,1816.9,1829.6,1816.6,1826.9
1282510800,1826.9,1832.4,1824.6,1830.4
1282525200,1830.4,1833.1,1828.1,1830.6
1282539600,1830.6,1835.1,1824.9,1835.1
1282554000,1835.1,1839.4,1832.4,1833.9
1282568400,1833.9,1842.6,1809.6,1813.9
1282582800,1813.9,1820.6,1804.9,1809.4
1282597200,1809.4,1810.1,1802.1,1804.9
1282611600,1804.9,1809.1,1801.4,1802.4
1282626000,1802.4,1805.4,1792.6,1795.9
1282640400,1795.9,1799.1,1784.6,1787.1
1282654800,1787.1,1793.1,1766.4,1781.4
1282669200,1781.4,1787.4,1771.6,1771.6
1282683600,1771.6,1779.1,1770.4,1778.6
1282698000,1778.6,1780.1,1773.9,1776.1
1282712400,1776.1,1781.6,1769.6,1775.6
1282726800,1775.6,1778.1,1757.6,1759.1
1282741200,1759.1,1780.4,1756.9,1773.4
1282755600,1773.4,1798.6,1771.9,1790.9
1282770000,1790.9,1793.4,1788.9,1790.1
1282784400,1790.1,1794.9,1790.1,1793.1
1282798800,1793.1,1796.9,1789.9,1790.9
1282813200,1790.9,1802.9,1787.6,1800.1
1282827600,1800.1,1801.1,1778.9,1783.1
1282842000,1783.1,1784.9,1763.6,1765.6
1282856400,1765.6,1767.9,1762.4,1767.9
1282870800,1767.9,1771.6,1763.1,1771.3
1282885200,1771.3,1774.6,1765.8,1767.8
1282899600,1767.8,1785.8,1767.3,1782.3
1282914000,1782.3,1788.3,1746.1,1779.3
1282928400,1779.3,1794.3,1778.1,1790.6
1283115600,1790.6,1798.6,1790.3,1796.3
1283130000,1796.3,1805.1,1796.3,1798.6
1283144400,1798.6,1798.6,1792.8,1793.8
1283158800,1793.8,1795.3,1782.1,1784.8
1283173200,1784.8,1798.1,1781.8,1786.6
1283187600,1786.6,1788.8,1768.3,1770.8
1283202000,1770.8,1773.3,1767.3,1768.6
1283216400,1768.6,1771.1,1766.3,1768.3
1283230800,1768.3,1768.3,1755.3,1760.6
1283245200,1760.6,1763.6,1756.8,1758.8
1283259600,1758.8,1781.6,1754.8,1767.8
1283274000,1767.8,1776.8,1757.6,1774.6
1283288400,1774.6,1775.6,1771.8,1774.6
1283302800,1774.6,1786.8,1774.6,1783.8
1283317200,1783.8,1786.6,1773.3,1786.6
1283331600,1786.6,1794.6,1785.1,1791.6
1283346000,1791.6,1825.1,1790.8,1818.3
1283360400,1818.3,1823.3,1812.3,1820.1
1283374800,1820.1,1821.8,1816.1,1816.3
1283389200,1816.3,1817.3,1813.1,1814.3
1283403600,1814.3,1821.8,1813.8,1816.3
1283418000,1816.3,1825.8,1816.3,1822.8
1283432400,1822.8,1834.3,1817.3,1829.6
1283446800,1829.6,1841.3,1828.6,1838.1
1283461200,1838.1,1839.3,1836.3,1838.6
1283475600,1838.6,1839.6,1834.6,1836.3
1283490000,1836.3,1841.1,1834.6,1840.1
1283504400,1840.1,1864.1,1836.1,1860.8
1283518800,1860.8,1870.1,1851.1,1863.8
1283533200,1863.8,1871.3,1862.3,1867.6
1283720400,1867.6,1871.8,1865.8,1871.1
1283734800,1871.1,1873.8,1871.1,1872.1
1283749200,1872.1,1873.6,1867.3,1869.3
1283763600,1869.3,1875.1,1868.8,1874.8
1283778000,1874.8,1877.6,1869.3,1869.6
1283806800,1869.6,1871.3,1866.3,1868.8
1283821200,1868.8,1873.8,1868,1868.3
1283835600,1868.3,1869,1859,1864
1283850000,1864,1864,1855.3,1860
1283864400,1860,1870.5,1855.8,1859.3
1283878800,1859.3,1864.8,1854,1858.3
1283893200,1858.3,1861.3,1857.5,1860.5
1283907600,1860.5,1860.5,1853.8,1855
1283922000,1855,1862.3,1853,1857.3
1283936400,1857.3,1868.8,1852.3,1864.3
1283950800,1864.3,1888,1861.8,1885.5
1283965200,1885.5,1885.8,1875.3,1879
1283979600,1879,1884.3,1879,1880.5
1283994000,1880.5,1880.5,1875.3,1876
1284008400,1876,1884,1874.8,1883.3
1284022800,1883.3,1893,1881.8,1891.3
1284037200,1891.3,1897.8,1887.5,1891.3
1284051600,1891.3,1893.3,1882.8,1885.8
1284066000,1885.8,1890.5,1883.3,1889.5
1284080400,1889.5,1891.8,1883.3,1885
1284094800,1885,1894,1884,1891.8
1284109200,1891.8,1894.5,1889,1890.3
1284123600,1890.3,1896.8,1880,1884
1284138000,1884,1895.5,1883.3,1891.8
1284325200,1891.8,1906.3,1891.8,1904.5
1284339600,1904.5,1909,1903.5,1908.5
1284354000,1908.5,1911,1905.5,1909.5
1284368400,1909.5,1912.3,1903.5,1903.8
1284382800,1903.8,1923.5,1903.8,1914
1284397200,1914,1925,1912.8,1919.3
1284411600,1919.3,1923.5,1917.8,1917.8
1284426000,1917.8,1919.8,1917.3,1917.8
1284440400,1917.8,1921,1914.8,1917.3
1284454800,1917.3,1921,1912.5,1914.8
1284469200,1914.8,1938.8,1913.5,1933.5
1284483600,1933.5,1936.5,1923,1923.8
1284498000,1923.8,1926,1921.5,1924.8
1284512400,1924.8,1931,1922.3,1930.8
1284526800,1930.8,1931.3,1926,1928.3
1284541200,1928.3,1928.3,1917,1921
1284555600,1921,1937,1918,1935.8
1284570000,1935.8,1943.5,1932.5,1942.5
1284584400,1942.5,1943,1939,1939
1284598800,1939,1939.3,1935.5,1936
1284613200,1936,1940.5,1933,1937.3
1284627600,1937.3,1939.8,1933,1936
1284642000,1936,1940.8,1932.3,1939.3
1284656400,1939.3,1957.8,1933.8,1956.8
1284670800,1956.8,1959.8,1955.8,1959.3
1284685200,1959.3,1965.3,1958.2,1964.5
1284699600,1964.5,1973,1964.5,1968.5
1284714000,1968.5,1970,1954.7,1958.7
1284728400,1958.7,1963,1945.7,1954.2
1284742800,1954.2,1959.7,1951.5,1955.2
1284930000,1955.2,1957.2,1951.6,1956.9
1284944400,1956.9,1960.7,1954.9,1958.6
1284958800,1958.6,1966.2,1956.6,1965.2
1284973200,1965.2,1967.2,1960.4,1961.1
1284987600,1961.1,1982.9,1960.1,1977.4
1285002000,1977.4,1993.7,1974.4,1984.9
1285016400,1984.9,1986.7,1984.4,1985.9
1285030800,1985.9,1986.2,1980.9,1981.4
1285045200,1981.4,1988.4,1979.9,1987.2
1285059600,1987.2,1990.7,1983.4,1989.4
1285074000,1989.4,1992.7,1983.9,1989.1
1285088400,1989.1,2003.2,1980.9,1986.1
1285102800,1986.1,1993.4,1984.1,1992.9
1285117200,1992.9,1995.4,1992.1,1995.1
1285131600,1995.1,1995.1,1978.6,1982.4
1285146000,1982.4,1987.9,1977.3,1978.3
1285160400,1978.3,1997.4,1973.8,1976.8
1285174800,1976.8,1986.3,1973.3,1986.1
1285189200,1986.1,1987.8,1985.1,1987.6
1285203600,1987.6,1989.8,1987.3,1989.1
1285218000,1989.1,1992.3,1975.1,1976.6
1285232400,1976.6,1979.6,1965.5,1968.3
1285246800,1968.3,2003.1,1967.3,1997.8
1285261200,1997.8,2000.6,1975.8,1985.3
1285275600,1985.3,1988.3,1981.5,1988.3
1285290000,1988.3,1992.6,1986.8,1991.3
1285304400,1991.3,1996.1,1985.8,1992.8
1285318800,1992.8,2011.8,1990.5,2007.1
1285333200,2007.1,2024.8,2002.8,2022.8
1285347600,2022.8,2024.6,2017.3,2022.1
1285534800,2022.1,2033.5,2021.3,2028.3
1285549200,2028.3,2029.5,2023.3,2028.3
1285563600,2028.3,2028.8,2021.2,2022
1285578000,2022,2025.2,2021,2025
1285592400,2025,2026.7,2013.2,2016
1285606800,2016,2027,2009.7,2011.2
1285621200,2011.2,2014.2,2010,2013.7
1285635600,2013.7,2014.2,2011.7,2013.5
1285650000,2013.5,2013.5,2004.2,2006.9
1285664400,2006.9,2023,2005.2,2018.5
1285678800,2018.5,2021.7,1980.2,2011.2
1285693200,2011.2,2018.7,2004.2,2013.4
1285707600,2013.4,2017.9,2012.4,2017.2
1285722000,2017.2,2017.2,2011.9,2013.9
1285736400,2013.9,2020.9,2004.9,2005.7
1285750800,2005.7,2016.2,2005.4,2008.9
1285765200,2008.9,2018.2,2001.6,2011.2
1285779600,2011.2,2014.9,2001.1,2010.6
1285794000,2010.6,2011.9,2009.9,2011.4
1285808400,2011.4,2012.1,2006.6,2007.6
1285822800,2007.6,2012.6,2000.9,2007.6
1285837200,2007.6,2019.1,2004.9,2017.9
1285851600,2017.9,2030.9,1986.1,1999.3
1285866000,1999.3,2012.9,1997.6,1998.6
1285880400,1998.6,2005.3,1997.6,2004.8
1285894800,2004.8,2007.8,2002.1,2003.1
1285909200,2003.1,2011.1,2002.3,2010.1
1285923600,2010.1,2015.1,2002.8,2013.1
1285938000,2013.1,2018.1,1987.8,1997.3
1285952400,1997.3,2003.1,1993.1,1996.6
1286139600,1996.6,2000.2,1990.5,1992.5
1286154000,1992.5,1999.5,1991.7,1995.5
1286168400,1995.5,1997,1981.5,1985.5
1286182800,1985.5,1993.2,1983.5,1989.2
1286197200,1989.2,1998.5,1963.4,1968.9
1286211600,1968.9,1981.9,1967.9,1980.7
1286226000,1980.7,1981.7,1978.4,1980.7
1286240400,1980.7,1985.4,1978.2,1982.9
1286254800,1982.9,1990.2,1978.9,1988.9
1286269200,1988.9,1999.4,1984.7,1999.4
1286283600,1999.4,2023,1996.9,2021.5
1286298000,2021.5,2027.2,2018,2021.7
1286312400,2021.7,2026.5,2021.2,2026
1286326800,2026,2027,2022.4,2022.9
1286341200,2022.9,2026.2,2019.7,2025.7
1286355600,2025.7,2026.9,2016.2,2017.9
1286370000,2017.9,2024.9,2001.2,2002.2
1286384400,2002.2,2009.2,1992.6,2008.7
1286398800,2008.7,2010.2,2005.7,2009.2
1286413200,2009.2,2009.2,2005.4,2005.6
1286427600,2005.6,2010.1,1999.4,2003.4
1286442000,2003.4,2020.4,2000.1,2019.4
1286456400,2019.4,2021.4,1996.1,2001.1
1286470800,2001.1,2017.9,1999.6,2016.4
1286485200,2016.4,2019.1,2015.6,2017.6
1286499600,2017.6,2021.9,2015.6,2019.9
1286514000,2019.9,2019.9,2007.1,2007.8
1286528400,2007.8,2021.4,1984.3,2006.8
1286542800,2006.8,2031.4,1999.3,2027.6
1286557200,2027.6,2031.6,2019.1,2024.3
1286744400,2024.3,2031.8,2024.3,2027.5
1286758800,2027.5,2029.5,2025,2026.5
1286773200,2026.5,2030.3,2023.3,2029
1286787600,2029,2030,2026.3,2026.8
1286802000,2026.8,2037.3,2025.5,2033.8
1286816400,2033.8,2036.3,2021,2027.3
1286830800,2027.3,2028.3,2023.2,2023.7
1286845200,2023.7,2023.7,2013,2014.5
1286859600,2014.5,2019.2,2009.5,2011.7
1286874000,2011.7,2026.7,2010.7,2026.2
1286888400,2026.2,2036,2006.5,2032
1286902800,2032,2045.7,2029.7,2043.7
1286917200,2043.7,2043.7,2038,2040
1286931600,2040,2045.7,2039.5,2043.2
1286946000,2043.2,2054,2040.5,2051.2
1286960400,2051.2,2058.5,2051.2,2054
1286974800,2054,2064.5,2048,2062
1286989200,2062,2067.5,2056.2,2058.2
1287003600,2058.2,2065.2,2057,2064.2
1287018000,2064.2,2067.2,2061.7,2065
1287032400,2065,2069.2,2064.2,2064.7
1287046800,2064.7,2066.5,2058.4,2060.7
1287061200,2060.7,2062.7,2048.9,2053.7
1287075600,2053.7,2073.2,2043.7,2073.2
1287090000,2073.2,2073.7,2066.9,2068.4
1287104400,2068.4,2072.9,2067.9,2070.4
1287118800,2070.4,2074.7,2065.7,2069.9
1287133200,2069.9,2079.4,2063.4,2073.7
1287147600,2073.7,2086.4,2062.4,2081.4
1287162000,2081.4,2099.9,2079.4,2098.4
1287349200,2098.4,2098.4,2092.1,2092.9
1287363600,2092.9,2093.4,2085.3,2089.8
1287378000,2089.8,2091.3,2084.8,2089.8
1287392400,2089.8,2101.1,2089.6,2098.8
1287406800,2098.8,2102.8,2091.1,2092.1
1287421200,2092.1,2106.3,2059.6,2063.1
1287435600,2063.1,2071.6,2062.3,2069.6
1287450000,2069.6,2071.8,2067,2068.5
1287464400,2068.5,2075.1,2067.8,2073.3
1287478800,2073.3,2079.8,2068,2070.3
1287493200,2070.3,2086.8,2053.5,2084.5
1287507600,2084.5,2084.5,2054,2068.5
1287522000,2068.5,2069.5,2064.5,2067
1287536400,2067,2079.5,2066.5,2078.3
1287550800,2078.3,2081,2073,2080.8
1287565200,2080.8,2082.5,2073.8,2074
1287579600,2074,2100.5,2072.3,2094
1287594000,2094,2097.5,2083.5,2091
1287608400,2091,2092.5,2086.3,2087.5
1287622800,2087.5,2091,2083.2,2086.7
1287637200,2086.7,2096,2083.7,2094.8
1287651600,2094.8,2104,2094,2098.5
1287666000,2098.5,2106.5,2085,2088.2
1287680400,2088.2,2093.2,2068.7,2083.5
1287694800,2083.5,2086,2082.2,2085.2
1287709200,2085.2,2087.5,2084.2,2087.5
1287723600,2087.5,2089,2079.2,2080.4
1287738000,2080.4,2092.9,2080.4,2092.4
1287752400,2092.4,2104,2085.7,2102.2
1287766800,2102.2,2106.4,2098.4,2106.4
1287954000,2106.4,2111.6,2103.9,2111.4
1287968400,2111.4,2124.6,2108.4,2122.1
1287982800,2122.1,2122.1,2113.4,2117.1
1287997200,2117.1,2118.1,2113.4,2114.9
1288011600,2114.9,2127.1,2111.4,2113.9
1288026000,2113.9,2122.9,2108.6,2110.6
1288040400,2110.6,2112.1,2108.6,2111.1
1288054800,2111.1,2112.3,2107.3,2110.6
1288069200,2110.6,2112.8,2105.8,2107.8
1288083600,2107.8,2112.1,2102.6,2103.3
1288098000,2103.3,2122.3,2094.3,2119.3
1288112400,2119.3,2123.8,2113.6,2119.6
1288126800,2119.6,2126.6,2119.3,2124.6
1288141200,2124.6,2124.8,2110.8,2112.3
1288155600,2112.3,2114.8,2108.1,2109.8
1288170000,2109.8,2116.3,2106.3,2109
1288184400,2109,2122.8,2104,2109.5
1288198800,2109.5,2126.8,2104.5,2122.3
1288213200,2122.3,2127.3,2121.3,2126.3
1288227600,2126.3,2127,2124.5,2126.3
1288242000,2126.3,2130.3,2125.5,2129.3
1288256400,2129.3,2138,2126.3,2133.8
1288270800,2133.8,2135.8,2112.3,2113.3
1288285200,2113.3,2133.5,2111,2131.8
1288299600,2131.8,2131.8,2123,2123.5
1288314000,2123.5,2123.8,2119.7,2122.2
1288328400,2122.2,2125.7,2118.5,2120.2
1288342800,2120.2,2129.7,2118.7,2128
1288357200,2128,2137.2,2124.2,2132.2
1288371600,2132.2,2134.2,2119.7,2125.2
1288558800,2125.2,2136.9,2125.2,2134.9
1288573200,2134.9,2137.4,2134.7,2137.2
1288587600,2137.2,2137.9,2134.6,2137.6
1288602000,2137.6,2137.9,2128.4,2131.6
1288616400,2131.6,2148.1,2121.6,2129.4
1288630800,2129.4,2134.1,2116.9,2129.9
1288645200,2129.9,2133.4,2127.9,2133.4
1288659600,2133.4,2134.1,2130.6,2134.1
1288674000,2134.1,2138.6,2133.6,2135.8
1288688400,2135.8,2144.8,2135.6,2141.6
1288702800,2141.6,2152.1,2140.8,2148.6
1288717200,2148.6,2155.3,2147.6,2152.6
1288731600,2152.6,2158.3,2151.3,2153.8
1288746000,2153.8,2155.3,2149.6,2153.1
1288760400,2153.1,2153.6,2148.1,2149.1
1288774800,2149.1,2155.1,2148.6,2153.8
1288789200,2153.8,2154.1,2137.6,2141.3
1288803600,2141.3,2167.6,2131.6,2167.1
1288818000,2167.1,2167.6,2164.6,2165.6
1288832400,2165.6,2168.8,2165.3,2165.8
1288846800,2165.8,2176.1,2164.3,2175.3
1288861200,2175.3,2185.6,2174.6,2184.8
1288875600,2184.8,2192.3,2177.8,2186.1
1288890000,2186.1,2189.1,2180.6,2184.1
1288904400,2184.1,2185.3,2182.8,2183.3
1288918800,2183.3,2184.5,2180.5,2182.5
1288933200,2182.5,2185.5,2180.3,2181.8
1288947600,2181.8,2192,2178.3,2184.3
1288962000,2184.3,2190.3,2178.5,2184
1288976400,2184,2188.3,2178.3,2186
1289167200,2186,2186,2178.7,2179.9
1289181600,2179.9,2182.4,2177.2,2181.4
1289196000,2181.4,2183.9,2177.4,2181.2
1289210400,2181.2,2182.9,2177.4,2180.7
1289224800,2180.7,2190.7,2175.2,2187.9
1289239200,2187.9,2190.4,2182.4,2183.7
1289253600,2183.7,2184.2,2178.6,2181.6
1289268000,2181.6,2182.9,2179.6,2180.4
1289282400,2180.4,2189.9,2179.6,2189.4
1289296800,2189.4,2196.4,2188.9,2193.4
1289311200,2193.4,2199.4,2182.1,2184.1
1289325600,2184.1,2188.4,2165.6,2175.9
1289340000,2175.9,2178.8,2172.8,2178.1
1289354400,2178.1,2179.8,2171.8,2179.1
1289368800,2179.1,2182.3,2178.3,2180.6
1289383200,2180.6,2183.6,2174.1,2180.6
1289397600,2180.6,2182.6,2161.3,2178.8
1289412000,2178.8,2188.6,2168.1,2169.3
1289426400,2169.3,2169.3,2153.6,2160.1
1289440800,2160.1,2163.3,2159.1,2162.6
1289455200,2162.6,2168.3,2158.8,2161.3
1289469600,2161.3,2163.5,2151.5,2152.8
1289484000,2152.8,2170.3,2143.5,2167.3
1289498400,2167.3,2176.8,2164.8,2173.3
1289512800,2173.3,2175.5,2165,2165
1289527200,2165,2165.8,2153.8,2154
1289541600,2154,2156.3,2143.8,2152.8
1289556000,2152.8,2164,2151,2161.3
1289570400,2161.3,2170,2120.5,2126.7
1289584800,2126.7,2144.5,2124.5,2135.2
1289772000,2135.2,2143.4,2134.7,2142.2
1289786400,2142.2,2142.2,2136.9,2140.6
1289800800,2140.6,2142.9,2133.6,2141.9
1289815200,2141.9,2150.4,2140.6,2147.9
1289829600,2147.9,2151.9,2130.9,2142.6
1289844000,2142.6,2145.9,2123.9,2125.9
1289858400,2125.9,2126.6,2117.1,2117.1
1289872800,2117.1,2123.3,2114.3,2117.1
1289887200,2117.1,2119.1,2111.3,2112.3
1289901600,2112.3,2118.6,2108.3,2114.1
1289916000,2114.1,2125.6,2087.8,2097.8
1289930400,2097.8,2102.6,2084.6,2095.6
1289944800,2095.6,2099.8,2094.6,2099.1
1289959200,2099.1,2100.6,2097.6,2099.3
1289973600,2099.3,2102.3,2090.3,2101.3
1289988000,2101.3,2103.5,2093,2096.8
1290002400,2096.8,2109.3,2090.3,2105
1290016800,2105,2110.3,2089,2097.3
1290031200,2097.3,2109.3,2096.8,2106
1290045600,2106,2114.8,2106,2114.5
1290060000,2114.5,2124.8,2112.5,2124.3
1290074400,2124.3,2125.5,2121.3,2121.8
1290088800,2121.8,2147.8,2120.8,2145.3
1290103200,2145.3,2145.3,2131,2135
1290117600,2135,2139.3,2132.8,2133.5
1290132000,2133.5,2135,2128.7,2129.7
1290146400,2129.7,2137.5,2129,2130.2
1290160800,2130.2,2133,2123.7,2128.2
1290175200,2128.2,2135.7,2120.7,2135.5
1290189600,2135.5,2139.5,2130.7,2134.7
1290376800,2134.7,2149.7,2134.7,2146.9
1290391200,2146.9,2148.9,2145.6,2145.9
1290405600,2145.9,2149.9,2144.4,2144.9
1290420000,2144.9,2147.1,2126.6,2128.9
1290434400,2128.9,2150.4,2121.9,2125.6
1290448800,2125.6,2156.1,2123.1,2153.6
1290463200,2153.6,2155.1,2149.6,2150.1
1290477600,2150.1,2150.9,2147.4,2149.4
1290492000,2149.4,2149.4,2137.8,2144.1
1290506400,2144.1,2147.8,2131.8,2135.3
1290520800,2135.3,2138.8,2105.6,2114.6
1290535200,2114.6,2121.3,2109.1,2115.6
1290549600,2115.6,2128.1,2114.6,2127.8
1290564000,2127.8,2129.6,2125.1,2127.1
1290578400,2127.1,2127.8,2114.1,2116.3
1290592800,2116.3,2139.6,2115.3,2137.1
1290607200,2137.1,2164.1,2135.6,2163.1
1290621600,2163.1,2166.3,2157.3,2158.6
1290636000,2158.6,2161.8,2155.3,2155.5
1290650400,2155.5,2160,2154.5,2156.3
1290664800,2156.3,2160.5,2154.5,2157.8
1290679200,2157.8,2159.3,2155.3,2158.3
1290693600,2158.3,2164,2153.8,2162.3
1290722400,2162.3,2163,2159.3,2159.8
1290736800,2159.8,2161.3,2153.5,2153.5
1290751200,2153.5,2156.3,2139.2,2140.7
1290765600,2140.7,2144.5,2135.5,2144
1290780000,2144,2161,2142.5,2154.5
1290794400,2154.5,2154.5,2145.2,2146
1290981600,2146,2159.4,2144.2,2151.2
1290996000,2151.2,2156.9,2150.9,2155.4
1291010400,2155.4,2160.9,2150.9,2154.9
1291024800,2154.9,2154.9,2137.1,2142.9
1291039200,2142.9,2147.4,2118.6,2127.1
1291053600,2127.1,2151.4,2121.9,2145.1
1291068000,2145.1,2147.9,2143.6,2147.4
1291082400,2147.4,2148.1,2136.3,2137.1
1291096800,2137.1,2146.3,2134.6,2139.1
1291111200,2139.1,2147.3,2119.6,2122.8
1291125600,2122.8,2131.6,2110.1,2119.3
1291140000,2119.3,2128.8,2111.1,2115.3
1291154400,2115.3,2117.1,2111.6,2114.6
1291168800,2114.6,2123.8,2113.3,2123.6
1291183200,2123.6,2132.6,2121.8,2131.1
1291197600,2131.1,2148.6,2130.1,2148.3
1291212000,2148.3,2174.6,2145.8,2171.1
1291226400,2171.1,2173.8,2157.3,2159.8
1291240800,2159.8,2163.5,2158.8,2159.8
1291255200,2159.8,2162,2158.5,2161.5
1291269600,2161.5,2171.3,2157.5,2169.3
1291284000,2169.3,2173.3,2158.8,2159.8
1291298400,2159.8,2184,2158,2180.8
1291312800,2180.8,2189.3,2179.8,2187.8
1291327200,2187.8,2190,2185.8,2186.3
1291341600,2186.3,2187.5,2185.3,2186.8
1291356000,2186.8,2190.8,2183.8,2190.8
1291370400,2190.8,2195.5,2168.5,2171.2
1291384800,2171.2,2191,2171.2,2185
1291399200,2185,2193.7,2183.5,2188.7
1291586400,2188.7,2194.2,2187.2,2188.2
1291600800,2188.2,2189.4,2185.4,2185.9
1291615200,2185.9,2190.4,2180.1,2182.4
1291629600,2182.4,2187.1,2177.4,2186.1
1291644000,2186.1,2193.6,2183.1,2186.4
1291658400,2186.4,2194.1,2185.6,2188.9
1291672800,2188.9,2192.9,2185.9,2186.9
1291687200,2186.9,2196.6,2186.9,2194.6
1291701600,2194.6,2209.3,2192.1,2208.8
1291716000,2208.8,2217.1,2207.1,2216.1
1291730400,2216.1,2217.3,2198.8,2203.3
1291744800,2203.3,2211.6,2188.1,2188.6
1291759200,2188.6,2192.6,2185.6,2190.3
1291773600,2190.3,2191.1,2183.6,2183.8
1291788000,2183.8,2192.1,2180.6,2191.6
1291802400,2191.6,2198.8,2187.8,2196.8
1291816800,2196.8,2202.3,2183.3,2191.3
1291831200,2191.3,2203.3,2191.1,2203.3
1291845600,2203.3,2208.8,2201.3,2207.3
1291860000,2207.3,2214.3,2205.5,2212.5
1291874400,2212.5,2215,2203.3,2206
1291888800,2206,2212.3,2203.3,2211
1291903200,2211,2214,2194,2200.8
1291917600,2200.8,2204.5,2196.5,2198.8
1291932000,2198.8,2210.3,2198,2202.5
1291946400,2202.5,2207.3,2202.3,2206.5
1291960800,2206.5,2208.3,2200.7,2205.7
1291975200,2205.7,2209.2,2203.2,2203.7
1291989600,2203.7,2214.5,2199.7,2212.7
1292004000,2212.7,2218.5,2212.2,2217.7
1292191200,2217.7,2229.9,2211.7,2218.1
1292205600,2218.1,2218.1,2215.1,2217.6
1292220000,2217.6,2218.6,2214.4,2217.9
1292234400,2217.9,2225.4,2216.1,2224.6
1292248800,2224.6,2226.6,2216.6,2220.4
1292263200,2220.4,2221.6,2206.9,2211.6
1292277600,2211.6,2211.6,2208.1,2209.6
1292292000,2209.6,2210.8,2207.6,2210.8
1292306400,2210.8,2214.6,2210.8,2212.6
1292320800,2212.6,2216.8,2208.6,2212.8
1292335200,2212.8,2220.3,2207.8,2216.8
1292349600,2216.8,2221.1,2205.8,2215.3
1292364000,2215.3,2216.1,2211.3,2211.3
1292378400,2211.3,2215.3,2211.1,2214.6
1292392800,2214.6,2214.6,2203.8,2207.3
1292407200,2207.3,2212.8,2203.6,2209.1
1292421600,2209.1,2224.3,2204,2205.5
1292436000,2205.5,2208.8,2197,2204.3
1292450400,2204.3,2205,2197.8,2203
1292464800,2203,2203,2198.8,2202.3
1292479200,2202.3,2206.8,2200.8,2206.5
1292493600,2206.5,2208,2201.8,2205.8
1292508000,2205.8,2222.8,2199.5,2221.8
1292522400,2221.8,2225.8,2216.5,2222
1292536800,2222,2222.8,2219.8,2221.8
1292551200,2221.8,2221.8,2218.5,2220
1292565600,2220,2220.3,2217.5,2219.3
1292580000,2219.3,2220,2215.8,2220
1292594400,2220,2224,2216.3,2223
1292608800,2223,2227,2212.7,2213.7
1292796000,2213.7,2218,2213.5,2213.7
1292810400,2213.7,2215.7,2207.2,2208.5
1292824800,2208.5,2217.2,2208.5,2215.5
1292839200,2215.5,2225.5,2215.2,2223
1292853600,2223,2225.2,2206,2221.2
1292868000,2221.2,2230.5,2219.7,2220.7
1292882400,2220.7,2224.7,2219.7,2223.5
1292896800,2223.5,2228.5,2223.5,2226.7
1292911200,2226.7,2229.7,2225.2,2226.7
1292925600,2226.7,2230.2,2225.5,2228.7
1292940000,2228.7,2235,2224.7,2234.5
1292954400,2234.5,2237.5,2230.7,2232.2
1292968800,2232.2,2233.5,2231.2,2232
1292983200,2232,2233.2,2231.5,2231.7
1292997600,2231.7,2234.2,2231.5,2233.2
1293012000,2233.2,2236,2232.5,2233.2
1293026400,2233.2,2238.5,2231.5,2235
1293040800,2235,2238.7,2232,2236.7
1293055200,2236.7,2238.7,2236,2238.7
1293069600,2238.7,2239.2,2237.5,2238.2
1293084000,2238.2,2239,2235.5,2236.2
1293098400,2236.2,2237,2228.2,2231.5
1293112800,2231.5,2235,2224.2,2228
1293127200,2228,2232.7,2225.5,2231.7
1293400800,2231.7,2231.7,2220.2,2223.2
1293415200,2223.2,2228.9,2222.9,2228.4
1293429600,2228.4,2228.9,2220.4,2223.2
1293444000,2223.2,2230.2,2222.7,2224.2
1293458400,2224.2,2225.7,2207.7,2220.2
1293472800,2220.2,2234.2,2220.2,2230.7
1293487200,2230.7,2234.7,2229.9,2233.2
1293501600,2233.2,2234.4,2232.4,2232.7
1293516000,2232.7,2234.7,2229.9,2231.9
1293530400,2231.9,2235.2,2231.9,2233.4
1293544800,2233.4,2236.9,2221.7,2225.2
1293559200,2225.2,2229.7,2224.7,2226.4
1293573600,2226.4,2228.2,2224.7,2228.2
1293588000,2228.2,2229.7,2227.4,2229.2
1293602400,2229.2,2231.4,2228.7,2229.2
1293616800,2229.2,2234.2,2229.2,2232.2
1293631200,2232.2,2235.9,2229.4,2234.7
1293645600,2234.7,2235.4,2228.7,2229.9
1293660000,2229.9,2231.4,2229.2,2229.9
1293674400,2229.9,2233.2,2229.4,2232.2
1293688800,2232.2,2232.4,2228.9,2229.4
1293703200,2229.4,2231.2,2226.7,2230.2
1293717600,2230.2,2231.9,2221.9,2224.7
1293732000,2224.7,2229.9,2223.7,2225.2
1293746400,2225.2,2228.2,2224.9,2228.2
1293760800,2228.2,2229.4,2226.2,2227.9
1293775200,2227.9,2228.9,2224.9,2224.9
1293789600,2224.9,2225.9,2221.9,2223.4
1293804000,2223.4,2224.7,2208.2,2211.9
1293818400,2211.9,2224.4,2211.4,2224.4
1294005600,2224.4,2224.4,2219.7,2221.9
1294020000,2221.9,2228.9,2221.7,2227.7
1294034400,2227.7,2233.2,2226.4,2231.4
1294048800,2231.4,2241.2,2231.2,2238.4
1294063200,2238.4,2268.2,2237.7,2258.7
1294077600,2258.7,2260.2,2248.9,2251.2
1294092000,2251.2,2252.9,2250.7,2251.4
1294106400,2251.4,2254.4,2251.4,2252.9
1294120800,2252.9,2254.4,2249.4,2253.7
1294135200,2253.7,2259.7,2252.4,2256.7
1294149600,2256.7,2262.9,2237.2,2242.2
1294164000,2242.2,2253.2,2241.9,2247.7
1294178400,2247.7,2247.7,2237.7,2239.9
1294192800,2239.9,2242.2,2239.7,2242.2
1294207200,2242.2,2243.2,2230.9,2236.4
1294221600,2236.4,2244.9,2229.9,2243.2
1294236000,2243.2,2269.9,2242.4,2266.7
1294250400,2266.7,2272.2,2264.4,2269.9
1294264800,2269.9,2271.9,2269.4,2270.9
1294279200,2270.9,2272.4,2269.4,2270.9
1294293600,2270.9,2274.4,2269.4,2273.4
1294308000,2273.4,2279.7,2272.7,2272.9
1294322400,2272.9,2278.2,2267.6,2273.9
1294336800,2273.9,2278.9,2270.4,2277.1
1294351200,2277.1,2277.1,2274.4,2274.9
1294365600,2274.9,2278.1,2274.4,2277.4
1294380000,2277.4,2277.6,2271.4,2275.1
1294394400,2275.1,2282.4,2268.9,2278.4
1294408800,2278.4,2282.6,2252.9,2262.1
1294423200,2262.1,2277.1,2260.4,2273.4
1294610400,2273.4,2274.9,2267.6,2273.9
1294624800,2273.9,2275.9,2272.4,2273.1
1294639200,2273.1,2274.4,2263.1,2263.9
1294653600,2263.9,2269.9,2261.4,2268.4
1294668000,2268.4,2278.1,2263.6,2274.9
1294682400,2274.9,2287.4,2274.9,2282.4
1294696800,2282.4,2286.4,2280.6,2283.4
1294711200,2283.4,2287.1,2283.4,2286.6
1294725600,2286.6,2288.1,2284.4,2284.4
1294740000,2284.4,2295.4,2283.1,2293.9
1294754400,2293.9,2294.9,2284.4,2290.4
1294768800,2290.4,2290.4,2278.6,2284.9
1294783200,2284.9,2288.4,2284.4,2287.6
1294797600,2287.6,2289.6,2287.6,2287.9
1294812000,2287.9,2301.4,2286.6,2301.4
1294826400,2301.4,2301.9,2296.6,2297.4
1294840800,2297.4,2301.4,2288.4,2297.6
1294855200,2297.6,2307.1,2297.6,2303.9
1294869600,2303.9,2305.6,2303.6,2303.6
1294884000,2303.6,2304.6,2302.6,2304.4
1294898400,2304.4,2306.9,2301.4,2303.6
1294912800,2303.6,2308.1,2300.9,2301.4
1294927200,2301.4,2309.9,2298.6,2306.6
1294941600,2306.6,2308.9,2297.1,2308.4
1294956000,2308.4,2311.1,2307.1,2307.4
1294970400,2307.4,2309.6,2306.4,2307.9
1294984800,2307.9,2309.6,2302.9,2303.6
1294999200,2303.6,2307.4,2297.8,2302.3
1295013600,2302.3,2315.4,2298.6,2313.9
1295028000,2313.9,2323.4,2312.9,2322.1
1295215200,2322.1,2325.3,2317.3,2320.3
1295229600,2320.3,2320.3,2317.1,2318.1
1295244000,2318.1,2318.8,2314.8,2316.3
1295258400,2316.3,2319.6,2307.6,2308.3
1295272800,2308.3,2308.8,2287.3,2292.1
1295301600,2292.1,2323.6,2292.1,2295.8
1295316000,2295.8,2300.1,2295.3,2297.8
1295330400,2297.8,2306.3,2296.6,2305.3
1295344800,2305.3,2310.8,2301.3,2302.6
1295359200,2302.6,2323.1,2300.6,2321.6
1295373600,2321.6,2346.6,2321.6,2336.1
1295388000,2336.1,2338.8,2331.1,2334.1
1295402400,2334.1,2335.3,2332.1,2334.8
1295416800,2334.8,2338.8,2330.3,2330.6
1295431200,2330.6,2335.1,2326.8,2330.6
1295445600,2330.6,2334.1,2305.3,2308.6
1295460000,2308.6,2312.3,2293.3,2294.6
1295474400,2294.6,2299.3,2292.3,2297.1
1295488800,2297.1,2298.1,2292.6,2294.3
1295503200,2294.3,2298.8,2289.8,2297.1
1295517600,2297.1,2298.6,2288.1,2295.8
1295532000,2295.8,2296.1,2267.6,2280.6
1295546400,2280.6,2293.1,2274.6,2286.6
1295560800,2286.6,2286.8,2277.1,2279.3
1295575200,2279.3,2285.6,2278.1,2278.6
1295589600,2278.6,2282.8,2278.1,2282.3
1295604000,2282.3,2298.1,2280.8,2297.6
1295618400,2297.6,2300.6,2273.1,2276.8
1295632800,2276.8,2279.1,2266.1,2268.6
1295820000,2268.6,2272.1,2265.1,2271.8
1295834400,2271.8,2276.1,2270.8,2275.8
1295848800,2275.8,2278.1,2266.8,2270.5
1295863200,2270.5,2272.3,2266.5,2269.8
1295877600,2269.8,2296.1,2267,2293.8
1295892000,2293.8,2301.1,2292.3,2296
1295906400,2296,2297.8,2295.8,2296
1295920800,2296,2299.3,2295,2299.3
1295935200,2299.3,2302.5,2285.8,2286.3
1295949600,2286.3,2290.5,2282.8,2282.8
1295964000,2282.8,2299,2282.8,2295.8
1295978400,2295.8,2302.5,2282.5,2299.5
1295992800,2299.5,2303.8,2298.5,2303.8
1296007200,2303.8,2308.5,2302.5,2307.8
1296021600,2307.8,2310.3,2304.3,2309
1296036000,2309,2312.3,2306.3,2307.8
1296050400,2307.8,2320.3,2298.8,2315
1296064800,2315,2320,2310.5,2318
1296079200,2318,2319.5,2315.5,2315.8
1296093600,2315.8,2319,2314.8,2317.5
1296108000,2317.5,2325.5,2313.5,2318.8
1296122400,2318.8,2325.3,2316.5,2317.8
1296136800,2317.8,2331.5,2317,2331
1296151200,2331,2334.8,2321,2321.8
1296165600,2321.8,2322.3,2319.3,2321.8
1296180000,2321.8,2321.8,2317,2320.3
1296194400,2320.3,2322.3,2318,2320
1296208800,2320,2331.3,2318.5,2327.5
1296223200,2327.5,2330.3,2258.3,2275.5
1296237600,2275.5,2276.3,2263.3,2267
1296424800,2267,2267,2250.8,2265.8
1296439200,2265.8,2274.5,2264.8,2270.3
1296453600,2270.3,2274.3,2260.5,2267.3
1296468000,2267.3,2276.3,2267.3,2275.5
1296482400,2275.5,2286.3,2255.3,2278.8
1296496800,2278.8,2285.8,2269,2282.3
1296511200,2282.3,2289,2281.5,2287.8
1296525600,2287.8,2291.3,2286.3,2290.8
1296540000,2290.8,2291.3,2288,2291
1296554400,2291,2296.5,2291,2295.3
1296568800,2295.3,2327.8,2294,2327.3
1296583200,2327.3,2328.5,2318.3,2321
1296597600,2321,2323,2317.5,2321.5
1296612000,2321.5,2322.5,2319,2319.5
1296626400,2319.5,2323.5,2318.5,2320.5
1296640800,2320.5,2324,2316.3,2318
1296655200,2318,2328,2312.8,2321.5
1296669600,2321.5,2325.5,2315.8,2320
1296684000,2320,2320,2318.5,2319
1296698400,2319,2319.3,2312.8,2315.7
1296712800,2315.7,2320.5,2312.7,2318
1296727200,2318,2320,2310,2313
1296741600,2313,2322,2296.2,2318.7
1296756000,2318.7,2326.5,2314.5,2323.2
1296770400,2323.2,2323.5,2319.7,2321.2
1296784800,2321.2,2325.7,2320.2,2324.2
1296799200,2324.2,2324.5,2320.5,2323.2
1296813600,2323.2,2333,2319.7,2323.7
1296828000,2323.7,2330.7,2316.7,2329.5
1296842400,2329.5,2338.5,2328.2,2336.7
1297029600,2336.7,2338,2335.2,2336.5
1297044000,2336.5,2339.5,2334.7,2337
1297058400,2337,2346.7,2335.5,2346
1297072800,2346,2346.5,2339,2340.2
1297087200,2340.2,2359.7,2337,2356.7
1297101600,2356.7,2359.2,2342,2342.2
1297116000,2342.2,2345.5,2341.7,2344
1297130400,2344,2346.7,2343,2345.2
1297144800,2345.2,2350.2,2344.7,2349.5
1297159200,2349.5,2353.7,2341.7,2344
1297173600,2344,2357.5,2343.5,2355.7
1297188000,2355.7,2364,2352.2,2362.7
1297202400,2362.7,2363.5,2360.7,2361.5
1297216800,2361.5,2362.2,2358,2358.2
1297231200,2358.2,2361.7,2356.2,2357.2
1297245600,2357.2,2359.5,2354.5,2356.2
1297260000,2356.2,2365.7,2355,2359.5
1297274400,2359.5,2364.2,2350.7,2356
1297288800,2356,2356.2,2350,2353.5
1297303200,2353.5,2354.7,2349.5,2350.7
1297317600,2350.7,2351.7,2338.5,2339
1297332000,2339,2346.5,2338.5,2341.2
1297346400,2341.2,2365.2,2340.2,2361.2
1297360800,2361.2,2364.2,2349.7,2355.2
1297375200,2355.2,2357.9,2352.7,2354.9
1297389600,2354.9,2358.9,2352.7,2352.9
1297404000,2352.9,2357.9,2350.9,2351.2
1297418400,2351.2,2359.7,2347.9,2357.9
1297432800,2357.9,2373.7,2351.7,2372.7
1297447200,2372.7,2380.7,2371.9,2377.9
1297634400,2377.9,2379.9,2375.7,2375.9
1297648800,2375.9,2380.9,2375.7,2378.7
1297663200,2378.7,2382.4,2377.4,2377.7
1297677600,2377.7,2378.9,2376.2,2377.7
1297692000,2377.7,2387.7,2376.4,2384.9
1297706400,2384.9,2385.9,2378.7,2378.9
1297720800,2378.9,2380.7,2377.9,2380.7
1297735200,2380.7,2383.2,2379.7,2380.9
1297749600,2380.9,2385.7,2377.9,2381.7
1297764000,2381.7,2384.9,2375.7,2377.7
1297778400,2377.7,2384.2,2370.9,2382.4
1297792800,2382.4,2383.4,2374.2,2380.7
1297807200,2380.7,2385.7,2380.4,2385.7
1297821600,2385.7,2390.7,2385.4,2386.7
1297836000,2386.7,2390.9,2385.9,2389.9
1297850400,2389.9,2391.2,2386.7,2388.4
1297864800,2388.4,2403.2,2386.4,2394.4
1297879200,2394.4,2401.2,2389.7,2391.7
1297893600,2391.7,2392.9,2389.9,2390.2
1297908000,2390.2,2391.7,2388.4,2388.7
1297922400,2388.7,2394.9,2388.7,2390.9
1297936800,2390.9,2393.2,2385.2,2386.4
1297951200,2386.4,2399.9,2383.7,2395.9
1297965600,2395.9,2400.9,2393.2,2394.4
1297980000,2394.4,2395.4,2392.7,2393.7
1297994400,2393.7,2396.2,2392.7,2394.7
1298008800,2394.7,2397.4,2393.7,2394.7
1298023200,2394.7,2396.7,2389.9,2396.7
1298037600,2396.7,2400.7,2391.4,2397.4
1298052000,2397.4,2397.9,2382.2,2395.4
1298239200,2395.4,2395.4,2386.2,2387.9
1298253600,2387.9,2390.2,2386.9,2388.7
1298268000,2388.7,2392.9,2384.4,2384.4
1298282400,2384.4,2387.6,2383.6,2384.4
1298296800,2384.4,2384.4,2366.1,2368.6
1298325600,2368.6,2369.4,2359.9,2362.4
1298340000,2362.4,2364.9,2360.9,2362.1
1298354400,2362.1,2362.1,2351.6,2356.4
1298368800,2356.4,2364.1,2352.9,2361.9
1298383200,2361.9,2366.4,2328.4,2330.4
1298397600,2330.4,2334.1,2315.9,2322.6
1298412000,2322.6,2325.4,2318.1,2325.4
1298426400,2325.4,2327.6,2324.1,2327.4
1298440800,2327.4,2329.6,2323.9,2328.4
1298455200,2328.4,2334.6,2328.4,2328.9
1298469600,2328.9,2329.4,2286.6,2294.1
1298484000,2294.1,2312.6,2285.1,2305.1
1298498400,2305.1,2307.1,2303.4,2306.9
1298512800,2306.9,2309.6,2304.6,2305.4
1298527200,2305.4,2306.1,2280.9,2288.4
1298541600,2288.4,2303.6,2287.6,2302.9
1298556000,2302.9,2319.1,2294.6,2302.9
1298570400,2302.9,2321.1,2285.4,2307.1
1298584800,2307.1,2316.9,2306.6,2316.1
1298599200,2316.1,2320.4,2312.1,2319.9
1298613600,2319.9,2324.4,2316.6,2323.4
1298628000,2323.4,2328.9,2320.9,2328.1
1298642400,2328.1,2349.6,2325.4,2345.4
1298656800,2345.4,2350.1,2343.6,2345.4
1298844000,2345.4,2345.4,2336.8,2337.3
1298858400,2337.3,2342.1,2337.3,2342.1
1298872800,2342.1,2346.6,2339.1,2340.3
1298887200,2340.3,2359.6,2340.1,2355.6
1298901600,2355.6,2363.1,2342.3,2343.3
1298916000,2343.3,2356.8,2337.8,2352.1
1298930400,2352.1,2357.1,2352.1,2352.1
1298944800,2352.1,2355.3,2352.1,2354.6
1298959200,2354.6,2371.8,2354.6,2366.1
1298973600,2366.1,2368.6,2355.3,2360.1
1298988000,2360.1,2362.1,2322.3,2326.1
1299002400,2326.1,2327.6,2305.8,2306.8
1299016800,2306.8,2313.6,2304.6,2307.6
1299031200,2307.6,2308.6,2302.3,2306.8
1299045600,2306.8,2314.1,2304.3,2309.8
1299060000,2309.8,2318.8,2304.3,2311.1
1299074400,2311.1,2341.1,2311.1,2328.3
1299088800,2328.3,2337.6,2319.8,2322.6
1299103200,2322.6,2327.8,2321.3,2327.8
1299117600,2327.8,2334.8,2326.1,2334.3
1299132000,2334.3,2338.3,2327.8,2331.6
1299146400,2331.6,2349.3,2331.3,2344.8
1299160800,2344.8,2373.8,2343.6,2371.6
1299175200,2371.6,2376.1,2369.6,2372.3
1299189600,2372.3,2378.8,2371.8,2374.6
1299204000,2374.6,2376.3,2371.8,2373.6
1299218400,2373.6,2377.1,2369.6,2374.8
1299232800,2374.8,2378.6,2366.8,2369.3
1299247200,2369.3,2373.1,2344.3,2348.8
1299261600,2348.8,2362.1,2346.6,2361.1
1299448800,2361.1,2365.8,2349.3,2351.6
1299463200,2351.6,2354.3,2347.3,2350.1
1299477600,2350.1,2367.8,2348.1,2366.8
1299492000,2366.8,2373.8,2359.6,2368.1
1299506400,2368.1,2371.1,2312.3,2313.6
1299520800,2313.6,2335.1,2306.6,2325.3
1299535200,2325.3,2330.3,2324.6,2329.6
1299549600,2329.6,2333.1,2327.3,2330.3
1299564000,2330.3,2338.1,2327.3,2329.8
1299578400,2329.8,2332.6,2317.1,2321.1
1299592800,2321.1,2347.8,2310.6,2345.1
1299607200,2345.1,2347.1,2331.1,2332.8
1299621600,2332.8,2334.8,2331.3,2333.8
1299636000,2333.8,2334.3,2326.6,2328.1
1299650400,2328.1,2335.6,2327.3,2332.6
1299664800,2332.6,2340.3,2328.8,2330.3
1299679200,2330.3,2331.1,2308.6,2321.8
1299693600,2321.8,2327.1,2311.3,2312.8
1299708000,2312.8,2315.5,2302.3,2304
1299722400,2304,2305.3,2295,2299.8
1299736800,2299.8,2300.5,2290.8,2297.5
1299751200,2297.5,2306,2293.5,2294.8
1299765600,2294.8,2298,2275.5,2297.5
1299780000,2297.5,2300,2279,2284.5
1299794400,2284.5,2289.3,2283.5,2287.5
1299808800,2287.5,2290,2283.3,2284.8
1299823200,2284.8,2285,2265.3,2269.3
1299837600,2269.3,2282.5,2265,2276.8
1299852000,2276.8,2298.3,2271.8,2297.8
1299866400,2297.8,2306.3,2289.5,2305
1300050000,2305,2305,2279.8,2296
1300064400,2296,2296,2286.5,2294.3
1300078800,2294.3,2295,2278,2286
1300093200,2286,2295.8,2282.5,2288.3
1300107600,2288.3,2303.3,2274.3,2280.8
1300122000,2280.8,2295.3,2279,2292.8
1300136400,2292.8,2295.5,2274,2279.5
1300150800,2279.5,2283,2228,2240.5
1300165200,2240.5,2261,2240,2251.8
1300179600,2251.8,2251.8,2221.3,2227.3
1300194000,2227.3,2260.5,2216.8,2251.5
1300208400,2251.5,2271.5,2246,2249.8
1300222800,2249.8,2263.5,2237,2263
1300237200,2263,2263,2239.5,2246.3
1300251600,2246.3,2262,2244.5,2260
1300266000,2260,2261,2240,2250.8
1300280400,2250.8,2252.3,2211.3,2223.8
1300294800,2223.8,2226.3,2188.5,2212.8
1300309200,2212.8,2213.8,2188.8,2208.8
1300323600,2208.8,2220.8,2208.5,2220.8
1300338000,2220.8,2231,2216,2229
1300352400,2229,2241.3,2216.3,2239.5
1300366800,2239.5,2248,2229,2239.5
1300381200,2239.5,2242.8,2221.8,2225
1300395600,2225,2244.3,2217,2237.8
1300410000,2237.8,2251,2237,2246
1300424400,2246,2248,2238.8,2240.5
1300438800,2240.5,2252,2236.8,2246.8
1300453200,2246.8,2255.8,2218.2,2226.2
1300467600,2226.2,2236,2217.5,2222
1300654800,2222,2235.7,2220.9,2230.4
1300669200,2230.4,2239.7,2229.7,2235.4
1300683600,2235.4,2252.7,2235.2,2249.7
1300698000,2249.7,2253.4,2246.9,2249.9
1300712400,2249.9,2273.5,2248.7,2264.9
1300726800,2264.9,2268.2,2256.4,2257.2
1300741200,2257.2,2260.7,2254.4,2255.2
1300755600,2255.2,2255.9,2251.4,2253.4
1300770000,2253.4,2263.2,2251.7,2261.4
1300784400,2261.4,2263.9,2256.4,2262.4
1300798800,2262.4,2266.2,2254.4,2258.9
1300813200,2258.9,2261.2,2252.4,2258.7
1300827600,2258.7,2260.4,2250.4,2252.9
1300842000,2252.9,2254.4,2249.4,2254.2
1300856400,2254.2,2254.9,2245.2,2247.2
1300870800,2247.2,2263.9,2245.4,2249.4
1300885200,2249.4,2263.9,2233.9,2259.7
1300899600,2259.7,2276.4,2256.9,2266.7
1300914000,2266.7,2269.7,2264.4,2267.4
1300928400,2267.4,2268.7,2264.7,2265.7
1300942800,2265.7,2276.4,2265.1,2275.2
1300957200,2275.2,2290.4,2274.9,2285.7
1300971600,2285.7,2306.4,2274.4,2303.4
1300986000,2303.4,2315.4,2300.2,2308.9
1301000400,2308.9,2331.9,2308.7,2319.7
1301014800,2319.7,2321.2,2317.9,2319.2
1301029200,2319.2,2323.4,2315.2,2316.9
1301043600,2316.9,2322.2,2315.2,2317.2
1301058000,2317.2,2331.4,2313.2,2325.4
1301072400,2325.4,2327.4,2314.9,2318.9
1301259600,2318.9,2324.4,2315.6,2324.4
1301274000,2324.4,2326.9,2317.8,2319.1
1301288400,2319.1,2330.1,2318.8,2326.3
1301302800,2326.3,2329.1,2321.6,2325.1
1301317200,2325.1,2327.1,2311.3,2316.8
1301331600,2316.8,2320.1,2296.8,2299.8
1301346000,2299.8,2300.1,2297.3,2298.8
1301360400,2298.8,2302.1,2294.6,2301.1
1301374800,2301.1,2310.8,2301.1,2307.3
1301389200,2307.3,2309.1,2297.6,2298.6
1301403600,2298.6,2322.3,2291.3,2319.1
1301418000,2319.1,2329.1,2314.3,2325.8
1301432400,2325.8,2327.6,2322.1,2325.3
1301446800,2325.3,2335.8,2324.8,2333.8
1301461200,2333.8,2339.6,2331.8,2337.8
1301475600,2337.8,2344.6,2336.1,2338.8
1301490000,2338.8,2339.8,2325.8,2337.6
1301504400,2337.6,2340.3,2333.6,2336.3
1301518800,2336.3,2337.8,2332.6,2334.6
1301533200,2334.6,2334.8,2330.5,2334.3
1301547600,2334.3,2340.5,2334,2340.5
1301562000,2340.5,2340.5,2331.5,2334.3
1301576400,2334.3,2340.8,2329.3,2336.5
1301590800,2336.5,2343.3,2336.5,2339.8
1301605200,2339.8,2347,2338.8,2344.5
1301619600,2344.5,2346.8,2341.5,2342.3
1301634000,2342.3,2348.8,2340.5,2347.3
1301648400,2347.3,2354.5,2344.3,2350.3
1301662800,2350.3,2359.5,2341.8,2355.3
1301677200,2355.3,2355.5,2335,2339.5
1301864400,2339.5,2347,2339,2344
1301878800,2344,2344.2,2338.2,2338.7
1301893200,2338.7,2350,2338.4,2348
1301907600,2348,2351.5,2347,2349.2
1301922000,2349.2,2350.4,2330.7,2332.4
1301936400,2332.4,2343.7,2323.7,2343.2
1301950800,2343.2,2344.7,2339.7,2340.2
1301965200,2340.2,2340.9,2334.2,2334.4
1301979600,2334.4,2338.2,2319.9,2323.2
1301994000,2323.2,2329.2,2320.4,2327.2
1302008400,2327.2,2340.7,2324.2,2339.7
1302022800,2339.7,2341.7,2321.9,2325.4
1302037200,2325.4,2329.7,2324.9,2329.2
1302051600,2329.2,2333.7,2327.2,2331.7
1302066000,2331.7,2336.7,2327.7,2331.2
1302080400,2331.2,2347.4,2331.2,2341.9
1302094800,2341.9,2351.7,2318.9,2323.1
1302109200,2323.1,2333.6,2322.4,2326.4
1302123600,2326.4,2329.9,2324.9,2325.6
1302138000,2325.6,2328.4,2324.4,2324.4
1302152400,2324.4,2329.1,2323.9,2327.1
1302166800,2327.1,2332.9,2323.6,2328.1
1302181200,2328.1,2345.9,2313.6,2338.9
1302195600,2338.9,2339.1,2323.6,2331.9
1302210000,2331.9,2334.1,2330.6,2333.9
1302224400,2333.9,2335.6,2328.8,2330.3
1302238800,2330.3,2339.6,2330.1,2336.6
1302253200,2336.6,2340.6,2335.6,2338.1
1302267600,2338.1,2344.4,2324.3,2327.1
1302282000,2327.1,2330.1,2306.6,2321.3
1302469200,2321.3,2334.8,2321.3,2328.3
1302483600,2328.3,2330.5,2325,2329.5
1302498000,2329.5,2330.8,2321.5,2323.8
1302512400,2323.8,2330.8,2321.8,2327.8
1302526800,2327.8,2333,2307.8,2307.8
1302541200,2307.8,2314.8,2303.5,2307
1302555600,2307,2307.8,2302.5,2303
1302570000,2303,2303.8,2294.5,2300.2
1302584400,2300.2,2302,2294.7,2295.2
1302598800,2295.2,2300.7,2294.7,2300
1302613200,2300,2306.2,2286.5,2294.2
1302627600,2294.2,2300,2288,2295.7
1302642000,2295.7,2303.7,2294.7,2301.2
1302656400,2301.2,2303.7,2297.5,2303.5
1302670800,2303.5,2305.5,2300.5,2304.2
1302685200,2304.2,2316.2,2303.5,2312.2
1302699600,2312.2,2321,2296.2,2301.7
1302714000,2301.7,2317,2298.5,2309.7
1302728400,2309.7,2310.2,2305.7,2307.7
1302742800,2307.7,2310.2,2303.9,2310.2
1302757200,2310.2,2312,2304.4,2304.9
1302771600,2304.9,2306.4,2291.9,2296.7
1302786000,2296.7,2307.2,2289.2,2304.2
1302800400,2304.2,2313.4,2296.4,2302.7
1302814800,2302.7,2307.2,2300.7,2303.4
1302829200,2303.4,2305.9,2298.9,2299.4
1302843600,2299.4,2302.4,2296.4,2297.7
1302858000,2297.7,2302.2,2295.4,2300.4
1302872400,2300.4,2314.7,2290.9,2313.7
1302886800,2313.7,2315.2,2301.4,2311.4
1303074000,2311.4,2311.4,2307.4,2307.4
1303088400,2307.4,2311.4,2305.6,2309.6
1303102800,2309.6,2310.4,2297.3,2298.3
1303117200,2298.3,2302.6,2295.3,2298.3
1303131600,2298.3,2299.3,2251.8,2265.6
1303146000,2265.6,2293.3,2260.3,2289.1
1303160400,2289.1,2289.8,2283.3,2283.6
1303174800,2283.6,2284.3,2279.1,2283.3
1303189200,2283.3,2291.3,2283.3,2286.8
1303203600,2286.8,2297.6,2286.8,2295.6
1303218000,2295.6,2298.3,2283.8,2288.8
1303232400,2288.8,2321.1,2288.6,2318.3
1303246800,2318.3,2324.3,2317.1,2320.1
1303261200,2320.1,2329.6,2319.8,2328.1
1303275600,2328.1,2333.3,2318.6,2332.8
1303290000,2332.8,2346.3,2332.3,2341.3
1303304400,2341.3,2358.6,2340.8,2351.6
1303318800,2351.6,2374.3,2348.8,2373.6
1303333200,2373.6,2380.8,2372.8,2376.8
1303347600,2376.8,2380.1,2373.8,2378.6
1303362000,2378.6,2382.8,2373.6,2377.6
1303376400,2377.6,2383.8,2373.8,2376.1
1303390800,2376.1,2381.1,2368.1,2377.3
1303405200,2377.3,2378.3,2373.3,2374.8
1303678800,2374.8,2380.7,2373,2379
1303693200,2379,2380,2377.5,2378.7
1303707600,2378.7,2383,2378,2383
1303722000,2383,2383.5,2377.2,2378
1303736400,2378,2382.2,2373,2378
1303750800,2378,2382.5,2376.7,2380
1303765200,2380,2382.7,2379.7,2380.7
1303779600,2380.7,2381.2,2374,2377.2
1303794000,2377.2,2386.2,2376,2385.7
1303808400,2385.7,2389.7,2384.7,2387
1303822800,2387,2403.2,2382.2,2396
1303837200,2396,2399.2,2383.7,2392.5
1303851600,2392.5,2395.9,2391,2395.7
1303866000,2395.7,2397.2,2391.9,2395.2
1303880400,2395.2,2396.4,2390.4,2396.4
1303894800,2396.4,2402.4,2396.2,2400.9
1303909200,2400.9,2403.2,2388.4,2399.4
1303923600,2399.4,2413.9,2397.4,2409.4
1303938000,2409.4,2416.9,2408.7,2414.7
1303952400,2414.7,2416.7,2412.9,2413.4
1303966800,2413.4,2414.7,2408.4,2410.9
1303981200,2410.9,2412.7,2402.7,2405.2
1303995600,2405.2,2409.9,2398.7,2401.7
1304010000,2401.7,2411.2,2397.4,2401.7
1304024400,2401.7,2404.7,2398.7,2401.4
1304038800,2401.4,2402.4,2398.9,2398.9
1304053200,2398.9,2403.7,2398.9,2402.9
1304067600,2402.9,2406.2,2402.4,2402.7
1304082000,2402.7,2410.2,2401.2,2409.7
1304096400,2409.7,2413.7,2403.1,2408.4
1304283600,2408.4,2412.8,2404.8,2411.6
1304298000,2411.6,2428.3,2404.6,2422.3
1304312400,2422.3,2422.6,2416.3,2416.8
1304326800,2416.8,2417.3,2411.8,2413.1
1304341200,2413.1,2416.1,2394.8,2399.6
1304355600,2399.6,2411.1,2396.8,2402.6
1304370000,2402.6,2402.6,2397.6,2398.1
1304384400,2398.1,2399.3,2395.1,2398.1
1304398800,2398.1,2404.1,2395.6,2398.6
1304413200,2398.6,2400.1,2391.6,2398.8
1304427600,2398.8,2402.3,2383.8,2384
1304442000,2384,2392,2375,2388
1304456400,2388,2392.3,2384.8,2388.8
1304470800,2388.8,2389.5,2381,2385.3
1304485200,2385.3,2393,2381.5,2392.8
1304499600,2392.8,2393.3,2382.8,2390.3
1304514000,2390.3,2397,2365.8,2370.8
1304528400,2370.8,2394.5,2370.3,2386.8
1304542800,2386.8,2389.8,2385.8,2389.8
1304557200,2389.8,2394.8,2388,2394
1304571600,2394,2396.5,2388,2389
1304586000,2389,2390.3,2369.7,2374.2
1304600400,2374.2,2400.8,2367.2,2391
1304614800,2391,2397,2364.5,2379
1304629200,2379,2381.7,2374.2,2379.7
1304643600,2379.7,2382.7,2375.5,2375.5
1304658000,2375.5,2383.7,2375,2382.7
1304672400,2382.7,2405.5,2381.2,2404
1304686800,2404,2410.5,2388.7,2396.2
1304701200,2396.2,2398.2,2373.7,2374.2
1304888400,2374.2,2387.4,2374.2,2383.9
1304902800,2383.9,2387.2,2382.4,2386.2
1304917200,2386.2,2397.2,2384.9,2389.4
1304931600,2389.4,2391.4,2379.7,2380.9
1304946000,2380.9,2398.2,2374.9,2391.7
1304960400,2391.7,2398.7,2386.9,2389.4
1304974800,2389.4,2391.7,2387.7,2387.9
1304989200,2387.9,2388.4,2383.6,2384.9
1305003600,2384.9,2395.4,2384.1,2394.4
1305018000,2394.4,2402.6,2394.4,2397.9
1305032400,2397.9,2405.6,2392.4,2397.6
1305046800,2397.6,2412.9,2395.1,2409.9
1305061200,2409.9,2416.1,2409.6,2415.9
1305075600,2415.9,2415.9,2410.9,2411.6
1305090000,2411.6,2414.4,2408.9,2411.6
1305104400,2411.6,2415.6,2405.9,2407.4
1305118800,2407.4,2414.4,2380.6,2388.3
1305133200,2388.3,2395.6,2375.1,2383.3
1305147600,2383.3,2389.3,2379.3,2389.1
1305162000,2389.1,2390.6,2383.6,2390.3
1305176400,2390.3,2390.6,2374.1,2377.3
1305190800,2377.3,2382.1,2373.1,2380.1
1305205200,2380.1,2397.1,2370.3,2396.1
1305219600,2396.1,2409.8,2396.1,2407.8
1305234000,2407.8,2408.6,2404.6,2405.8
1305248400,2405.8,2406.8,2400.1,2402.8
1305262800,2402.8,2415.1,2402.8,2413.6
1305277200,2413.6,2413.8,2405.6,2407.8
1305291600,2407.8,2407.8,2376.6,2379.6
1305306000,2379.6,2386.8,2369.8,2371.8
1305493200,2371.8,2371.8,2360.2,2361
1305507600,2361,2365.7,2361,2364
1305522000,2364,2373.5,2362.2,2369
1305536400,2369,2370.2,2363.5,2367.5
1305550800,2367.5,2373,2345.5,2346
1305565200,2346,2351.5,2327,2328.7
1305579600,2328.7,2332.2,2327.5,2332
1305594000,2332,2335.5,2329,2335.2
1305608400,2335.2,2343.5,2335,2341
1305622800,2341,2346.5,2325.9,2326.7
1305637200,2326.7,2338.9,2318.9,2326.4
1305651600,2326.4,2343.9,2325.9,2343.4
1305666000,2343.4,2348.2,2342.2,2346.2
1305680400,2346.2,2349.2,2345.2,2348.4
1305694800,2348.4,2349.2,2344.2,2346.2
1305709200,2346.2,2346.7,2334.2,2339.2
1305723600,2339.2,2352.9,2335.9,2350.7
1305738000,2350.7,2365.7,2350.4,2365.2
1305752400,2365.2,2367.2,2362.4,2362.9
1305766800,2362.9,2367.2,2362.2,2363.2
1305781200,2363.2,2365.9,2357.2,2361.4
1305795600,2361.4,2372.2,2360.4,2370.4
1305810000,2370.4,2372.4,2354.2,2369.7
1305824400,2369.7,2373.9,2362.9,2368.4
1305838800,2368.4,2369.7,2367.2,2368.9
1305853200,2368.9,2369.9,2367.2,2367.9
1305867600,2367.9,2373.4,2366.2,2371.7
1305882000,2371.7,2373.2,2360.1,2365.6
1305896400,2365.6,2368.6,2347.6,2359.1
1305910800,2359.1,2368.4,2343.4,2345.1
1306098000,2345.1,2345.1,2332.3,2336.3
1306112400,2336.3,2336.3,2329.3,2330.8
1306126800,2330.8,2332.6,2321.6,2325.8
1306141200,2325.8,2325.8,2317.3,2323.3
1306155600,2323.3,2323.3,2305.1,2313.3
1306170000,2313.3,2325.3,2309.6,2315.8
1306184400,2315.8,2320.3,2313.1,2319.1
1306198800,2319.1,2320.8,2315.5,2320.3
1306213200,2320.3,2322.5,2314.5,2320
1306227600,2320,2324.3,2316.3,2322.8
1306242000,2322.8,2324.5,2305.3,2305.8
1306256400,2305.8,2311.3,2297,2300
1306270800,2300,2301,2290.5,2292.8
1306285200,2292.8,2293,2281.5,2286.3
1306299600,2286.3,2298.3,2282.5,2295.8
1306314000,2295.8,2303.3,2295.5,2298.5
1306328400,2298.5,2315,2293,2313
1306342800,2313,2321.3,2307.8,2309.3
1306357200,2309.3,2314.5,2308.3,2314.3
1306371600,2314.3,2315.8,2312.8,2313.5
1306386000,2313.5,2319,2312.5,2313
1306400400,2313,2314.7,2303.5,2307.2
1306414800,2307.2,2325.5,2303.2,2324
1306429200,2324,2331.5,2322.2,2327.7
1306443600,2327.7,2329,2325.2,2326.7
1306458000,2326.7,2333.5,2325.7,2331.2
1306472400,2331.2,2333.7,2325.5,2325.5
1306486800,2325.5,2333.2,2322.7,2330.2
1306501200,2330.2,2339,2327,2335.7
1306515600,2335.7,2337.5,2330.2,2332.7
1306702800,2332.7,2334.4,2331.7,2333.2
1306717200,2333.2,2335.2,2332.4,2332.7
1306731600,2332.7,2337.2,2331.2,2335.9
1306746000,2335.9,2337.9,2333.9,2335.9
1306760400,2335.9,2337.4,2332.4,2333.4
1306789200,2333.4,2344.4,2333.4,2344.1
1306803600,2344.1,2349.9,2344.1,2348.6
1306818000,2348.6,2359.9,2346.6,2358.6
1306832400,2358.6,2359.6,2353.4,2355.6
1306846800,2355.6,2362.6,2346.6,2350.9
1306861200,2350.9,2378.1,2350.6,2375.1
1306875600,2375.1,2380.6,2374.6,2375.4
1306890000,2375.4,2381.1,2375.4,2380.1
1306904400,2380.1,2380.1,2366.4,2367.1
1306918800,2367.1,2371.4,2361.9,2363.4
1306933200,2363.4,2374.4,2341.3,2347.3
1306947600,2347.3,2350.3,2318.3,2320.3
1306962000,2320.3,2320.8,2314.3,2319.3
1306976400,2319.3,2322.8,2315.8,2317.8
1306990800,2317.8,2326.6,2316.6,2324.3
1307005200,2324.3,2332.1,2323.8,2326.8
1307019600,2326.8,2335.8,2314.8,2324.6
1307034000,2324.6,2332.8,2322.8,2327.8
1307048400,2327.8,2328.1,2324.8,2326.6
1307062800,2326.6,2326.6,2320.8,2323.8
1307077200,2323.8,2325.6,2317.6,2321.6
1307091600,2321.6,2321.8,2297.6,2302.8
1307106000,2302.8,2318.3,2299.3,2310.8
1307120400,2310.8,2312.6,2286.8,2287.3
1307307600,2287.3,2293,2286,2290.8
1307322000,2290.8,2291.3,2284.5,2288.5
1307336400,2288.5,2291.7,2283.7,2287.5
1307350800,2287.5,2291,2279.7,2288.7
1307365200,2288.7,2299.2,2287,2291.2
1307379600,2291.2,2297,2271.5,2273.2
1307394000,2273.2,2274.2,2271,2273.5
1307408400,2273.5,2278,2271.5,2277.2
1307422800,2277.2,2286.2,2275,2284.2
1307437200,2284.2,2286.2,2278.7,2284
1307451600,2284,2286,2273.2,2277.7
1307466000,2277.7,2288.5,2268.2,2275.2
1307480400,2275.2,2278.2,2272.2,2272.7
1307494800,2272.7,2272.9,2265.2,2267.2
1307509200,2267.2,2270.9,2257.9,2261.7
1307523600,2261.7,2264.4,2255.7,2262.9
1307538000,2262.9,2268.4,2255.7,2263.7
1307552400,2263.7,2264.9,2245.7,2246.2
1307566800,2246.2,2253.2,2246.2,2252.9
1307581200,2252.9,2255.7,2249.4,2251.4
1307595600,2251.4,2260.2,2251.4,2253.2
1307610000,2253.2,2257.4,2249.4,2253.4
1307624400,2253.4,2263.9,2246.4,2261.9
1307638800,2261.9,2267.7,2252.4,2252.7
1307653200,2252.7,2255.7,2252.4,2253.2
1307667600,2253.2,2253.2,2245.9,2246.2
1307682000,2246.2,2253.4,2245.2,2253.4
1307696400,2253.4,2253.4,2245.4,2246.6
1307710800,2246.6,2250.9,2224.4,2233.6
1307725200,2233.6,2238.1,2218.6,2222.6
1307912400,2222.6,2226.1,2217.1,2225.8
1307926800,2225.8,2226.6,2222.1,2222.3
1307941200,2222.3,2226.8,2219.8,2220.1
1307955600,2220.1,2229.6,2220.1,2229.1
1307970000,2229.1,2234.1,2218.8,2220.3
1307984400,2220.3,2232.6,2214.6,2223.6
1307998800,2223.6,2225.3,2222.8,2222.8
1308013200,2222.8,2237.6,2220.3,2236.3
1308027600,2236.3,2241.1,2235.1,2239.1
1308042000,2239.1,2244.8,2232.6,2244.8
1308056400,2244.8,2253.8,2238.6,2251.1
1308070800,2251.1,2256.3,2247.8,2248.8
1308085200,2248.8,2250,2247,2248
1308099600,2248,2248,2243,2243.3
1308114000,2243.3,2245,2238.3,2238.3
1308128400,2238.3,2242,2227.3,2227.8
1308142800,2227.8,2242.5,2210.8,2211.5
1308157200,2211.5,2217.3,2204.3,2209
1308171600,2209,2214,2209,2214
1308186000,2214,2217.5,2209.8,2210.5
1308200400,2210.5,2214.3,2203.3,2211.8
1308214800,2211.8,2212,2199.8,2211.3
1308229200,2211.3,2216.8,2202.3,2210.5
1308243600,2210.5,2212,2181,2201.8
1308258000,2201.8,2207.3,2200,2204.5
1308272400,2204.5,2206.3,2198,2198
1308286800,2198,2199.2,2191.2,2193.2
1308301200,2193.2,2219,2192.5,2216.3
1308315600,2216.3,2222.3,2192.5,2195.2
1308330000,2195.2,2200.7,2185.9,2194.2
1308517200,2194.2,2194.4,2183.9,2191.1
1308531600,2191.1,2194.4,2183.6,2184.6
1308546000,2184.6,2185.8,2177.3,2182.3
1308560400,2182.3,2188.1,2179.6,2184.1
1308574800,2184.1,2210.4,2184.1,2206.6
1308589200,2206.6,2209.1,2199.6,2204.8
1308603600,2204.8,2209.6,2204.3,2207.3
1308618000,2207.3,2207.8,2201.3,2204.3
1308632400,2204.3,2215.1,2204.3,2212.3
1308646800,2212.3,2215.6,2208.6,2212.1
1308661200,2212.1,2246.4,2201.8,2245.4
1308675600,2245.4,2253.1,2241.6,2246.6
1308690000,2246.6,2249.4,2244.6,2246.1
1308704400,2246.1,2246.6,2240.1,2242.1
1308718800,2242.1,2245.1,2240.3,2242.8
1308733200,2242.8,2245.8,2236.8,2241.8
1308747600,2241.8,2252.6,2240.3,2251.6
1308762000,2251.6,2254.1,2230.6,2231.1
1308776400,2231.1,2232.1,2224.6,2228.1
1308790800,2228.1,2228.6,2223.8,2225.3
1308805200,2225.3,2228.8,2220.3,2225.8
1308819600,2225.8,2226.5,2208.8,2211
1308834000,2211,2229.5,2203,2229.3
1308848400,2229.3,2256.3,2220.8,2244.3
1308862800,2244.3,2254.8,2243.3,2251.6
1308877200,2251.6,2254.3,2249.3,2252.8
1308891600,2252.8,2259.8,2246,2259.6
1308906000,2259.6,2259.8,2242.8,2250
1308920400,2250,2252.3,2218.5,2220.7
1308934800,2220.7,2226.2,2210,2212
1309122000,2212,2218.1,2198.4,2202.9
1309136400,2202.9,2206.9,2201.1,2204.4
1309150800,2204.4,2218.9,2203.6,2218.6
1309165200,2218.6,2222.6,2212.9,2214.1
1309179600,2214.1,2250.7,2210.8,2248.7
1309194000,2248.7,2262.9,2245.2,2255.9
1309208400,2255.9,2260.4,2254.7,2258.9
1309222800,2258.9,2262.4,2252.1,2252.9
1309237200,2252.9,2256.1,2247.6,2248.9
1309251600,2248.9,2262.1,2244.6,2260.4
1309266000,2260.4,2278.2,2253.1,2277.2
1309280400,2277.2,2288.2,2275.9,2287.9
1309294800,2287.9,2288.4,2284.4,2285.4
1309309200,2285.4,2286.2,2283.1,2283.1
1309323600,2283.1,2295.9,2282.4,2291.7
1309338000,2291.7,2303.7,2289.4,2297.4
1309352400,2297.4,2300.9,2278.1,2294.1
1309366800,2294.1,2298.4,2282.4,2295.6
1309381200,2295.6,2297.6,2294.4,2294.9
1309395600,2294.9,2300.9,2291.4,2299.4
1309410000,2299.4,2303.4,2297.4,2302.6
1309424400,2302.6,2305.6,2299.4,2304.1
1309438800,2304.1,2325.4,2300.6,2322.4
1309453200,2322.4,2326.6,2318.6,2321.9
1309467600,2321.9,2325.1,2321.4,2321.9
1309482000,2321.9,2322.9,2319.9,2322.6
1309496400,2322.6,2326.4,2320.1,2325.1
1309510800,2325.1,2329.6,2324.1,2324.6
1309525200,2324.6,2352.6,2319.8,2351.1
1309539600,2351.1,2363.9,2349.9,2357.1
1309726800,2357.1,2359.3,2356.8,2358.8
1309741200,2358.8,2362.3,2358.5,2361.8
1309755600,2361.8,2361.8,2354.5,2358.8
1309770000,2358.8,2359.8,2356.5,2359.8
1309784400,2359.8,2371.3,2358.8,2368.3
1309813200,2368.3,2369.3,2364.5,2368.5
1309827600,2368.5,2369.3,2361.5,2364
1309842000,2364,2367.8,2361.3,2363.8
1309856400,2363.8,2370.5,2360,2362.2
1309870800,2362.2,2370.2,2357,2369.2
1309885200,2369.2,2375,2362.2,2372.7
1309899600,2372.7,2374,2371.7,2373
1309914000,2373,2382.2,2373,2380.7
1309928400,2380.7,2383.2,2363,2370.5
1309942800,2370.5,2373.7,2365.2,2368.2
1309957200,2368.2,2383.7,2361.4,2383
1309971600,2383,2383.5,2369.9,2382
1309986000,2382,2385.4,2380.7,2384.7
1310000400,2384.7,2392,2384.2,2390.7
1310014800,2390.7,2392,2381.7,2386.4
1310029200,2386.4,2401.9,2383.9,2398.2
1310043600,2398.2,2410.5,2393.9,2409.7
1310058000,2409.7,2419.2,2409,2418
1310072400,2418,2420,2416.4,2418.2
1310086800,2418.2,2420.4,2418.2,2418.4
1310101200,2418.4,2422.4,2417.4,2421.4
1310115600,2421.4,2424.7,2390.7,2391.9
1310130000,2391.9,2401.9,2378.6,2392.4
1310144400,2392.4,2412.4,2388.4,2411.4
1310331600,2411.4,2411.4,2393.3,2398.6
1310346000,2398.6,2399.8,2396,2397.3
1310360400,2397.3,2397.3,2388.5,2389.5
1310374800,2389.5,2390.3,2378,2381.8
1310389200,2381.8,2392.3,2361.5,2363.5
1310403600,2363.5,2370.7,2354,2366.5
1310418000,2366.5,2368.7,2363.7,2364
1310432400,2364,2366,2348.2,2354.7
1310446800,2354.7,2359.2,2333.2,2346.7
1310461200,2346.7,2369.2,2343.9,2365.9
1310475600,2365.9,2366.7,2342.9,2352.2
1310490000,2352.2,2366.7,2341.7,2345.7
1310504400,2345.7,2350.7,2340.7,2349.4
1310518800,2349.4,2355.7,2344.2,2349.9
1310533200,2349.9,2365.4,2349.7,2364.4
1310547600,2364.4,2368.4,2357.7,2358.4
1310562000,2358.4,2377.7,2353.2,2371.9
1310576400,2371.9,2372.7,2344.9,2348.6
1310590800,2348.6,2348.6,2331.1,2342.4
1310605200,2342.4,2344.4,2337.3,2340.9
1310619600,2340.9,2360.4,2340.3,2359.9
1310634000,2359.9,2363.1,2350.9,2360.6
1310648400,2360.6,2370.9,2326.8,2327.1
1310662800,2327.1,2342.1,2317.1,2339.6
1310677200,2339.6,2349.3,2334.3,2347.6
1310691600,2347.6,2350.6,2343.8,2345.1
1310706000,2345.1,2349.3,2334.1,2337.8
1310720400,2337.8,2350.6,2336.3,2350.3
1310734800,2350.3,2356.3,2335.3,2348.3
1310749200,2348.3,2361.1,2339.3,2358.1
1310936400,2358.1,2358.1,2341.2,2343.7
1310950800,2343.7,2350.2,2339.4,2348.2
1310965200,2348.2,2348.7,2336.9,2343.2
1310979600,2343.2,2345.7,2333.4,2344.4
1310994000,2344.4,2354.2,2321.2,2328.4
1311008400,2328.4,2352.2,2324.2,2345.4
1311022800,2345.4,2349.2,2341.4,2348.4
1311037200,2348.4,2351.4,2345.7,2350.2
1311051600,2350.2,2362.7,2345.7,2359.2
1311066000,2359.2,2368.9,2355.4,2368.4
1311080400,2368.4,2389.2,2364.2,2384.4
1311094800,2384.4,2413.4,2379.4,2406.4
1311109200,2406.4,2409.9,2405.4,2409.4
1311123600,2409.4,2411.2,2406.9,2408.2
1311138000,2408.2,2412.7,2405.2,2409.2
1311152400,2409.2,2415.9,2405.4,2411.9
1311166800,2411.9,2413.4,2383.4,2387.6
1311181200,2387.6,2396.9,2372.4,2373.1
1311195600,2373.1,2381.6,2367.4,2376.4
1311210000,2376.4,2380.4,2373.8,2380.4
1311224400,2380.4,2389.6,2374.8,2378.6
1311238800,2378.6,2397.4,2369.6,2394.1
1311253200,2394.1,2416.9,2377.1,2408.4
1311267600,2408.4,2413.1,2398.1,2410.4
1311282000,2410.4,2413.9,2409.9,2411.1
1311296400,2411.1,2416.3,2409.8,2416.1
1311310800,2416.1,2419.1,2413.3,2416.8
1311325200,2416.8,2418.1,2400.3,2400.6
1311339600,2400.6,2426.1,2398.6,2425.3
1311354000,2425.3,2432.1,2422.3,2430.3
1311541200,2430.3,2430.3,2382.2,2404.2
1311555600,2404.2,2408.7,2401,2403.7
1311570000,2403.7,2419.7,2400.5,2416.2
1311584400,2416.2,2419,2413,2414
1311598800,2414,2436.7,2404.4,2434.5
1311613200,2434.5,2436,2420.7,2428
1311627600,2428,2429,2418.4,2423.2
1311642000,2423.2,2431.9,2414.9,2431.4
1311656400,2431.4,2436.2,2428.9,2429.7
1311670800,2429.7,2431.9,2423.2,2427.2
1311685200,2427.2,2433.4,2416.7,2431.7
1311699600,2431.7,2437.7,2420.2,2425.2
1311714000,2425.2,2425.7,2420.7,2423.4
1311728400,2423.4,2427.9,2423.4,2425.9
1311742800,2425.9,2427.4,2418.9,2422.6
1311757200,2422.6,2426.9,2408.9,2410.1
1311771600,2410.1,2415.4,2374.6,2384.3
1311786000,2384.3,2388.6,2360.3,2363.3
1311800400,2363.3,2366.8,2358.3,2364.8
1311814800,2364.8,2368.6,2361.6,2364.1
1311829200,2364.1,2376.1,2360.8,2370.3
1311843600,2370.3,2375.6,2357.8,2368.8
1311858000,2368.8,2400.8,2358.5,2394.6
1311872400,2394.6,2398.3,2367.8,2375
1311886800,2375,2375.5,2366,2373.5
1311901200,2373.5,2375,2347,2361
1311915600,2361,2369.5,2352,2368.3
1311930000,2368.3,2369,2350,2354.2
1311944400,2354.2,2387.3,2340,2367.5
1311958800,2367.5,2380.8,2356,2365.7
1312146000,2365.7,2395.2,2365.7,2393.2
1312160400,2393.2,2395.7,2388.7,2391.9
1312174800,2391.9,2396.9,2383.4,2388.2
1312189200,2388.2,2395.9,2382.6,2384.1
1312203600,2384.1,2395.9,2322.8,2332.6
1312218000,2332.6,2355.4,2326.6,2348.3
1312232400,2348.3,2357.1,2343.8,2351.8
1312246800,2351.8,2352.8,2335.6,2337.3
1312261200,2337.3,2341.6,2331.6,2337.3
1312275600,2337.3,2340.8,2326.8,2339.8
1312290000,2339.8,2350.8,2315,2320.3
1312304400,2320.3,2326.8,2285.3,2286.5
1312318800,2286.5,2290,2283,2288
1312333200,2288,2293.3,2284.5,2291
1312347600,2291,2301.5,2280,2300
1312362000,2300,2305.3,2291.5,2298.5
1312376400,2298.5,2305.3,2254.7,2287.2
1312390800,2287.2,2316.3,2281,2306.7
1312405200,2306.7,2313.5,2306,2313
1312419600,2313,2321.2,2308.7,2308.7
1312434000,2308.7,2316,2300,2302.2
1312448400,2302.2,2303.7,2274.7,2287.4
1312462800,2287.4,2295.4,2232.7,2256.9
1312477200,2256.9,2261.9,2196.6,2208.6
1312491600,2208.6,2213.4,2203.4,2208.1
1312506000,2208.1,2213.1,2204.6,2206.4
1312520400,2206.4,2215.4,2181.1,2201.8
1312534800,2201.8,2240.9,2189.3,2224.6
1312549200,2224.6,2240.6,2130.3,2211.6
1312563600,2211.6,2225.6,2171.6,2191.8
1312750800,2191.8,2191.8,2127.4,2153.2
1312765200,2153.2,2157.5,2132.2,2140.7
1312779600,2140.7,2172.2,2124.9,2141.2
1312794000,2141.2,2146.2,2123.9,2132.4
1312808400,2132.4,2162.9,2099.4,2117.9
1312822800,2117.9,2125.4,2033.1,2041.1
1312837200,2041.1,2043.1,2009.1,2012.1
1312851600,2012.1,2016.6,1973.5,2013.8
1312866000,2013.8,2110.4,2007.3,2042.1
1312880400,2042.1,2085.9,2012.3,2071.8
1312894800,2071.8,2132.1,2063.1,2115.9
1312909200,2115.9,2162.7,2033.1,2159.9
1312923600,2159.9,2169.4,2150.6,2161.1
1312938000,2161.1,2166.4,2144.1,2149.9
1312952400,2149.9,2162.6,2131.9,2143.6
1312966800,2143.6,2158.9,2113.3,2114.6
1312981200,2114.6,2119.6,2075.1,2105.8
1312995600,2105.8,2141.1,2067.3,2091.8
1313010000,2091.8,2103.8,2071.8,2102.6
1313024400,2102.6,2123.1,2095.6,2114.8
1313038800,2114.8,2131.3,2105.6,2124.6
1313053200,2124.6,2125.3,2058.8,2093
1313067600,2093,2162.1,2086.3,2159.8
1313082000,2159.8,2185.8,2145.6,2162.8
1313096400,2162.8,2162.8,2150.3,2156.3
1313110800,2156.3,2156.8,2136.3,2137.1
1313125200,2137.1,2155.6,2115.3,2147.6
1313139600,2147.6,2176.1,2145,2170.8
1313154000,2170.8,2193.8,2152.5,2180.8
1313168400,2180.8,2193.6,2174,2179.1
1313355600,2179.1,2195.7,2178.2,2192.7
1313370000,2192.7,2196.2,2186.5,2195.2
1313384400,2195.2,2198.7,2185.7,2192.2
1313398800,2192.2,2194.7,2177.7,2181.2
1313413200,2181.2,2209.5,2179.2,2195.7
1313427600,2195.7,2212.7,2188.9,2207.9
1313442000,2207.9,2208.2,2202.7,2203.9
1313456400,2203.9,2205.7,2197.9,2198.4
1313470800,2198.4,2199.2,2175.2,2179.2
1313485200,2179.2,2186.2,2176.7,2184.2
1313499600,2184.2,2212.4,2179.2,2180.4
1313514000,2180.4,2204.4,2164.6,2194.2
1313528400,2194.2,2195.7,2184.1,2189.4
1313542800,2189.4,2199.9,2183.6,2198.4
1313557200,2198.4,2200.1,2180.6,2191.4
1313571600,2191.4,2203.6,2191.4,2197.4
1313586000,2197.4,2215.1,2167.6,2175.6
1313600400,2175.6,2182.9,2158.6,2168.6
1313614800,2168.6,2171.8,2160.1,2162.1
1313629200,2162.1,2164.1,2151.6,2155.3
1313643600,2155.3,2162.1,2137.1,2139.6
1313658000,2139.6,2140.8,2122.1,2126.8
1313672400,2126.8,2130.6,2064.8,2090
1313686800,2090,2091.3,2054.3,2084
1313701200,2084,2086.3,2073.3,2073.5
1313715600,2073.5,2078.3,2067.3,2071.8
1313730000,2071.8,2077.5,2041.2,2054
1313744400,2054,2076.5,2039.2,2058.2
1313758800,2058.2,2103,2051.5,2074.7
1313773200,2074.7,2078.5,2034.7,2043.7
1313960400,2043.7,2043.7,2023.1,2034.6
1313974800,2034.6,2058.4,2033.4,2037.6
1313989200,2037.6,2067.6,2029.6,2065.9
1314003600,2065.9,2081.6,2059.4,2079.9
1314018000,2079.9,2086.4,2037.4,2063.4
1314032400,2063.4,2067.6,2038.6,2045.4
1314046800,2045.4,2046.8,2037.8,2044.8
1314061200,2044.8,2064.1,2042.6,2063.3
1314075600,2063.3,2082.6,2062.1,2073.8
1314090000,2073.8,2078.8,2053.6,2055.8
1314104400,2055.8,2105.8,2048.8,2102.6
1314118800,2102.6,2130.1,2086.3,2126.9
1314133200,2126.9,2128.1,2113.1,2114.6
1314147600,2114.6,2118.3,2104.8,2116.1
1314162000,2116.1,2116.1,2097.1,2109.1
1314176400,2109.1,2127.3,2103.6,2124.6
1314190800,2124.6,2146.6,2104.6,2121.6
1314205200,2121.6,2148.3,2118.3,2138.6
1314219600,2138.6,2141.8,2112.3,2122.8
1314234000,2122.8,2124.6,2116.8,2119.8
1314248400,2119.8,2136.6,2117.1,2129.3
1314262800,2129.3,2139.3,2122.1,2129.8
1314277200,2129.8,2152.8,2105.3,2112.3
1314291600,2112.3,2122.5,2101.8,2109.8
1314306000,2109.8,2128.5,2109.3,2128
1314320400,2128,2128,2118,2121.8
1314334800,2121.8,2128.3,2110.3,2113.5
1314349200,2113.5,2119.3,2095,2097.5
1314363600,2097.5,2164.5,2081.5,2157.3
1314378000,2157.3,2169.8,2146.5,2166.3
1314565200,2166.3,2169.9,2158.7,2166.2
1314579600,2166.2,2185.7,2165.7,2182.9
1314594000,2182.9,2187.2,2181.7,2183.7
1314608400,2183.7,2188.9,2180.7,2186.9
1314622800,2186.9,2214.4,2182.7,2212.4
1314637200,2212.4,2225.7,2209.4,2220.7
1314651600,2220.7,2225.2,2218.7,2221.7
1314666000,2221.7,2223.4,2218.9,2219.9
1314680400,2219.9,2223.2,2212.4,2213.6
1314694800,2213.6,2217.9,2204.1,2205.4
1314709200,2205.4,2241.1,2201.9,2224.4
1314723600,2224.4,2250.1,2220.6,2225.6
1314738000,2225.6,2226.9,2221.9,2225.6
1314752400,2225.6,2231.6,2222.4,2229.9
1314766800,2229.9,2250.6,2229.6,2248.6
1314781200,2248.6,2250.4,2243.3,2248.3
1314795600,2248.3,2269.1,2238.3,2253.3
1314810000,2253.3,2255.6,2222.1,2244.8
1314824400,2244.8,2248.6,2242.6,2246.1
1314838800,2246.1,2255.8,2245.6,2247.1
1314853200,2247.1,2257.6,2235.6,2236.8
1314867600,2236.8,2247.3,2229.8,2246.1
1314882000,2246.1,2264.3,2234.1,2234.6
1314896400,2234.6,2236.1,2215.3,2217.3
1314910800,2217.3,2222.3,2215.8,2221
1314925200,2221,2222.3,2204.3,2210
1314939600,2210,2217.8,2199,2201.5
1314954000,2201.5,2212.8,2180.5,2187.5
1314968400,2187.5,2190.3,2171,2181
1314982800,2181,2182.3,2156.2,2165.5
1315170000,2165.5,2165.5,2150.4,2153.4
1315184400,2153.4,2157.2,2151.2,2152.2
1315198800,2152.2,2153.2,2141.2,2142.9
1315213200,2142.9,2143.4,2129.9,2134.6
1315227600,2134.6,2135.6,2108.6,2129.4
1315256400,2129.4,2129.4,2112.1,2120.9
1315270800,2120.9,2127.1,2111.6,2112.6
1315285200,2112.6,2150.1,2111.9,2141.9
1315299600,2141.9,2148.4,2121.3,2122.8
1315314000,2122.8,2142.1,2112.3,2134.3
1315328400,2134.3,2171.6,2132.1,2167.8
1315342800,2167.8,2173.1,2166.8,2170.8
1315357200,2170.8,2180.3,2170.8,2177.3
1315371600,2177.3,2194.3,2177.3,2185.8
1315386000,2185.8,2194.8,2178.3,2194.8
1315400400,2194.8,2209.8,2192.6,2207.3
1315414800,2207.3,2226.3,2206.6,2224.3
1315429200,2224.3,2229.1,2223.3,2224.3
1315443600,2224.3,2225.3,2215.8,2219.3
1315458000,2219.3,2226,2211.8,2225
1315472400,2225,2234,2205.5,2212.5
1315486800,2212.5,2244.3,2209.8,2229.5
1315501200,2229.5,2231.8,2205.8,2213.8
1315515600,2213.8,2222.8,2203.5,2216.5
1315530000,2216.5,2228,2216.5,2220.5
1315544400,2220.5,2225.3,2205.3,2210.3
1315558800,2210.3,2215.8,2200.3,2209.3
1315573200,2209.3,2209.3,2155.5,2171
1315587600,2171,2176.5,2150,2169.5
1315774800,2169.5,2169.5,2140.7,2156.4
1315789200,2156.4,2159.4,2150.4,2152.6
1315803600,2152.6,2154.9,2131.1,2139.6
1315818000,2139.6,2144.1,2122.1,2138.6
1315832400,2138.6,2180.6,2136.9,2156.6
1315846800,2156.6,2200.6,2138.9,2197.1
1315861200,2197.1,2210.4,2197.1,2203.1
1315875600,2203.1,2206.4,2197.4,2200.3
1315890000,2200.3,2204.3,2166.8,2177.1
1315904400,2177.1,2203.3,2169.6,2196.1
1315918800,2196.1,2214.3,2189.3,2207.1
1315933200,2207.1,2225.8,2207.1,2217.1
1315947600,2217.1,2221.3,2212.8,2220.3
1315962000,2220.3,2221.8,2197.8,2200.3
1315976400,2200.3,2221.8,2191.8,2217.8
1315990800,2217.8,2243.6,2210.3,2233.1
1316005200,2233.1,2247.8,2210.6,2243.1
1316019600,2243.1,2278.3,2241.8,2250.8
1316034000,2250.8,2255,2247,2253
1316048400,2253,2256.5,2245.5,2246
1316062800,2246,2267.3,2245,2266.5
1316077200,2266.5,2273.8,2258.8,2259.8
1316091600,2259.8,2285.8,2254.3,2279
1316106000,2279,2292.5,2276.5,2287
1316120400,2287,2296.8,2286,2287.7
1316134800,2287.7,2296,2287.5,2292.2
1316149200,2292.2,2293.5,2275.9,2279.2
1316163600,2279.2,2292,2278.9,2291
1316178000,2291,2310.8,2288.2,2306
1316192400,2306,2315,2296.2,2313.8
1316379600,2313.8,2313.8,2282.5,2286
1316394000,2286,2287.3,2279.2,2280
1316408400,2280,2285.5,2270.4,2272.2
1316422800,2272.2,2284,2270.7,2278.2
1316437200,2278.2,2302.8,2260.7,2286
1316451600,2286,2321.1,2281.7,2309.3
1316466000,2309.3,2309.3,2291.2,2299.5
1316480400,2299.5,2306.5,2290.2,2295.7
1316494800,2295.7,2320.3,2295.4,2313.5
1316509200,2313.5,2337.1,2313,2326.8
1316523600,2326.8,2339,2304.7,2331.3
1316538000,2331.3,2334.8,2293.7,2306.2
1316552400,2306.2,2310.9,2298.9,2308.4
1316566800,2308.4,2312.7,2303.9,2311.2
1316581200,2311.2,2313.9,2297.9,2305.1
1316595600,2305.1,2312.7,2290.1,2302.4
1316610000,2302.4,2321.9,2293.6,2309.9
1316624400,2309.9,2324.4,2250.7,2252.5
1316638800,2252.5,2253.7,2247.4,2250.7
1316653200,2250.7,2255.4,2232.6,2236.1
1316667600,2236.1,2245.2,2218.6,2221.1
1316682000,2221.1,2221.6,2191,2196.3
1316696400,2196.3,2220.8,2181.5,2200.5
1316710800,2200.5,2202,2150.4,2189.5
1316725200,2189.5,2200.5,2185.2,2200
1316739600,2200,2207.2,2184.4,2198.7
1316754000,2198.7,2207.7,2184.9,2194.4
1316768400,2194.4,2196.7,2139.8,2157.8
1316782800,2157.8,2211.2,2156.8,2192.9
1316797200,2192.9,2216.2,2188.4,2209.4
1316984400,2209.4,2232.6,2193,2213.3
1316998800,2213.3,2216.6,2202.3,2203.5
1317013200,2203.5,2219,2173.9,2217.3
1317027600,2217.3,2238.1,2214.3,2226.1
1317042000,2226.1,2230.1,2167.9,2194.2
1317056400,2194.2,2236.3,2180.2,2232.5
1317070800,2232.5,2232.5,2227,2228.8
1317085200,2228.8,2244.8,2228.8,2236.5
1317099600,2236.5,2255.8,2236.5,2253.1
1317114000,2253.1,2270.3,2251.6,2266.6
1317128400,2266.6,2281.9,2255.3,2271.6
1317142800,2271.6,2290.9,2241,2258
1317157200,2258,2259.3,2247.8,2248.8
1317171600,2248.8,2253.8,2245,2252
1317186000,2252,2271.3,2246.2,2259.8
1317200400,2259.8,2278.8,2257.3,2265.5
1317214800,2265.5,2281.5,2251,2262
1317229200,2262,2262,2217.6,2222.4
1317243600,2222.4,2224.4,2211.3,2215.6
1317258000,2215.6,2241.4,2212.8,2237.9
1317272400,2237.9,2251.7,2231.4,2248.4
1317286800,2248.4,2264.9,2233.1,2261.2
1317301200,2261.2,2265.4,2202.8,2207
1317315600,2207,2214.8,2158.2,2199.7
1317330000,2199.7,2204,2193,2193.2
1317344400,2193.2,2197,2181.7,2187.4
1317358800,2187.4,2196.5,2179.7,2185.4
1317373200,2185.4,2186.4,2168.1,2169.9
1317387600,2169.9,2184.4,2152.8,2166.3
1317402000,2166.3,2174.4,2127.5,2128.8
1317589200,2128.8,2137.1,2123.6,2131.3
1317603600,2131.3,2139.9,2118.1,2123.3
1317618000,2123.3,2130.1,2107,2119.8
1317632400,2119.8,2132.8,2117.8,2118.8
1317646800,2118.8,2153.1,2110,2112.5
1317661200,2112.5,2112.5,2067.7,2070.9
1317675600,2070.9,2072.4,2064.9,2069.4
1317690000,2069.4,2078.2,2065.4,2074.9
1317704400,2074.9,2081.9,2053.8,2065.9
1317718800,2065.9,2071.1,2046.3,2061.3
1317733200,2061.3,2114.4,2047.3,2096.7
1317747600,2096.7,2131.7,2040.8,2118.4
1317762000,2118.4,2130.2,2114.4,2120.2
1317776400,2120.2,2121.7,2111.4,2116.4
1317790800,2116.4,2125.9,2105.9,2118.9
1317805200,2118.9,2136.2,2108.4,2114.9
1317819600,2114.9,2164,2104.1,2153.7
1317834000,2153.7,2186.8,2153,2176
1317848400,2176,2177.3,2153.4,2157.5
1317862800,2157.5,2168,2156.4,2167.5
1317877200,2167.5,2192.3,2160.7,2187
1317891600,2187,2194.8,2176.7,2185.2
1317906000,2185.2,2213,2167.9,2201.8
1317920400,2201.8,2218.8,2190.2,2212
1317934800,2212,2213.5,2207.3,2208
1317949200,2208,2215.5,2206.5,2211
1317963600,2211,2216.3,2201.5,2202.2
1317978000,2202.2,2232,2199.5,2223.8
1317992400,2223.8,2224.8,2188.7,2194.2
1318006800,2194.2,2227.2,2190.4,2209.4
1318194000,2209.4,2231.6,2209.4,2231.3
1318208400,2231.3,2239.8,2227.3,2234.8
1318222800,2234.8,2237.3,2225.3,2232.6
1318237200,2232.6,2238.3,2228.8,2235.3
1318251600,2235.3,2274.6,2235.3,2266.4
1318266000,2266.4,2283.1,2251.1,2279.9
1318280400,2279.9,2280.4,2276.6,2277.9
1318294800,2277.9,2279.9,2273.1,2276.1
1318309200,2276.1,2283.1,2267.1,2270.6
1318323600,2270.6,2281.6,2267.6,2274.3
1318338000,2274.3,2301.1,2269.8,2291.3
1318352400,2291.3,2301.1,2284.8,2288.3
1318366800,2288.3,2291.3,2281.1,2282.8
1318381200,2282.8,2291.3,2279.3,2289.1
1318395600,2289.1,2312.6,2286.8,2310.1
1318410000,2310.1,2322.3,2309.6,2321.1
1318424400,2321.1,2331.6,2311.3,2326.3
1318438800,2326.3,2333.8,2299.8,2303.8
1318453200,2303.8,2306.3,2300.3,2302.3
1318467600,2302.3,2305.8,2298.8,2304.3
1318482000,2304.3,2315.8,2296,2298.7
1318496400,2298.7,2304.3,2293.7,2300.7
1318510800,2300.7,2318.8,2299.7,2312
1318525200,2312,2341,2307,2332.8
1318539600,2332.8,2337,2325.7,2325.7
1318554000,2325.7,2338.8,2325,2336.3
1318568400,2336.3,2350.3,2328.7,2348
1318582800,2348,2359,2343,2353.8
1318597200,2353.8,2365.3,2343.7,2348.7
1318611600,2348.7,2373.8,2348.5,2372
1318798800,2372,2378.6,2369.6,2377.4
1318813200,2377.4,2384.4,2375.9,2383.1
1318827600,2383.1,2393.1,2377.8,2390.9
1318842000,2390.9,2392.4,2355.5,2358
1318856400,2358,2367.3,2331.7,2335.2
1318870800,2335.2,2342.2,2321.2,2323.4
1318885200,2323.4,2330.2,2316.2,2329.4
1318899600,2329.4,2333.2,2323.4,2330.2
1318914000,2330.2,2334.9,2319.9,2333.4
1318928400,2333.4,2337.2,2319.4,2332.4
1318942800,2332.4,2350.9,2309.4,2346.2
1318957200,2346.2,2376,2337.9,2345.9
1318971600,2345.9,2348.9,2342.7,2343.2
1318986000,2343.2,2348.4,2342.9,2347.1
1319000400,2347.1,2352.1,2341.9,2350.4
1319014800,2350.4,2360.7,2346.1,2355.6
1319029200,2355.6,2357.6,2337.3,2351.1
1319043600,2351.1,2353.6,2310,2322.3
1319058000,2322.3,2327,2322.3,2325.8
1319072400,2325.8,2326.3,2316.3,2318
1319086800,2318,2325.5,2311.3,2318.8
1319101200,2318.8,2336.8,2316,2328.3
1319115600,2328.3,2329.8,2272.6,2291.9
1319130000,2291.9,2315.5,2290.7,2302.4
1319144400,2302.4,2310.4,2301.7,2308.9
1319158800,2308.9,2314.9,2307.4,2309.4
1319173200,2309.4,2314.2,2303.7,2310.2
1319187600,2310.2,2330.2,2307.9,2326.7
1319202000,2326.7,2349.7,2325.4,2327.4
1319216400,2327.4,2340.7,2313.4,2338.7
1319403600,2338.7,2338.7,2324.2,2331
1319418000,2331,2348.5,2329.2,2345.8
1319432400,2345.8,2354.5,2338.7,2341.2
1319446800,2341.2,2349.2,2337.2,2347.5
1319461200,2347.5,2385.3,2340.7,2383
1319475600,2383,2389.8,2376,2376.5
1319490000,2376.5,2377.8,2372,2373.5
1319504400,2373.5,2375.7,2370.7,2373.7
1319518800,2373.7,2385,2369.5,2380
1319533200,2380,2390.7,2373.9,2375
1319547600,2375,2378.7,2350.9,2355.7
1319562000,2355.7,2362.7,2319.8,2324.8
1319576400,2324.8,2330.6,2324.6,2330.6
1319590800,2330.6,2337.8,2329.3,2336.8
1319605200,2336.8,2343.1,2331.3,2335.1
1319619600,2335.1,2348.6,2334.1,2343.6
1319634000,2343.6,2354.1,2290.7,2308.5
1319648400,2308.5,2343.1,2301.3,2340.3
1319662800,2340.3,2345.1,2334.3,2339.5
1319677200,2339.5,2363.8,2333.8,2359.1
1319691600,2359.1,2374.1,2359.1,2367.3
1319706000,2367.3,2387.8,2366.8,2381.6
1319720400,2381.6,2393.1,2365,2385.1
1319734800,2385.1,2412.6,2385.1,2400.6
1319749200,2400.6,2404.1,2398.8,2399.6
1319763600,2399.6,2399.6,2389,2389.8
1319778000,2389.8,2396.8,2386,2392.8
1319792400,2392.8,2393.5,2382.2,2387.2
1319806800,2387.2,2401,2383,2392
1319821200,2392,2405.5,2390.7,2403.5
1320008400,2403.5,2403.5,2388.8,2392.1
1320022800,2392.1,2397.1,2380,2382.3
1320037200,2382.3,2389.5,2377,2381
1320051600,2381,2385.5,2375,2377.5
1320066000,2377.5,2389.8,2368,2375
1320080400,2375,2385.5,2350.2,2351.2
1320094800,2351.2,2359.2,2348.9,2354.2
1320109200,2354.2,2355.7,2344.4,2344.9
1320123600,2344.9,2346.9,2319.3,2323.1
1320138000,2323.1,2330.4,2296.3,2303.6
1320152400,2303.6,2320.8,2286,2290.8
1320166800,2290.8,2320.8,2287,2309.1
1320181200,2309.1,2313.1,2297.3,2305.3
1320195600,2305.3,2317,2304.8,2314.3
1320210000,2314.3,2333,2313.3,2325.5
1320224400,2325.5,2328.5,2300.5,2316.3
1320238800,2316.3,2328.3,2303.5,2308.5
1320253200,2308.5,2323.7,2296.5,2323
1320267600,2323,2327.5,2306.2,2308.7
1320282000,2308.7,2308.7,2294.2,2300.2
1320296400,2300.2,2303.2,2282.2,2297.7
1320310800,2297.7,2339.5,2296.9,2337
1320325200,2337,2350,2309.7,2348.2
1320339600,2348.2,2369.7,2345.2,2364.2
1320354000,2364.2,2366.7,2361.7,2362
1320368400,2362,2364.9,2358.9,2364.2
1320382800,2364.2,2367.7,2356.7,2359.4
1320397200,2359.4,2366.7,2345.9,2350.9
1320411600,2350.9,2358.7,2330.1,2345.9
1320426000,2345.9,2363.9,2344.1,2356.1
1320616800,2356.1,2369,2348.7,2351.7
1320631200,2351.7,2356.5,2349,2353.7
1320645600,2353.7,2354.9,2322.4,2327.2
1320660000,2327.2,2351.4,2323.4,2347.9
1320674400,2347.9,2365.2,2327.9,2334.6
1320688800,2334.6,2376.4,2333.6,2376.2
1320703200,2376.2,2382.7,2371.2,2372.9
1320717600,2372.9,2374.2,2363.1,2363.6
1320732000,2363.6,2387.7,2358.1,2382.2
1320746400,2382.2,2397.4,2381.4,2391.6
1320760800,2391.6,2397.7,2360.8,2372.9
1320775200,2372.9,2402.1,2369.1,2398.6
1320789600,2398.6,2400.4,2396.6,2398.9
1320804000,2398.9,2399.4,2392.3,2395.6
1320818400,2395.6,2399.6,2358,2359.8
1320832800,2359.8,2364.1,2342.5,2358.5
1320847200,2358.5,2358.8,2329,2351.3
1320861600,2351.3,2354.3,2305.2,2319
1320876000,2319,2319.7,2306.7,2315.7
1320890400,2315.7,2322.4,2312.7,2319.2
1320904800,2319.2,2343.2,2304.2,2338.4
1320919200,2338.4,2346.4,2324.2,2341.7
1320933600,2341.7,2342.2,2289.1,2310.6
1320948000,2310.6,2324.9,2302.4,2312.1
1320962400,2312.1,2314.1,2304.1,2310.1
1320976800,2310.1,2327.6,2308.6,2324.1
1320991200,2324.1,2328.4,2305.6,2317.8
1321005600,2317.8,2331.1,2313.8,2326.3
1321020000,2326.3,2360.1,2325.8,2357.4
1321034400,2357.4,2362.9,2350.1,2355.3
1321221600,2355.3,2368.9,2355.3,2361.9
1321236000,2361.9,2366.9,2357.9,2358.9
1321250400,2358.9,2363.2,2345.2,2347.9
1321264800,2347.9,2354.6,2339.6,2350.4
1321279200,2350.4,2362.4,2332.6,2340.4
1321293600,2340.4,2347.4,2332.1,2346.4
1321308000,2346.4,2348.6,2343.6,2345.1
1321322400,2345.1,2347.1,2335.6,2339.6
1321336800,2339.6,2347.1,2326.8,2331.8
1321351200,2331.8,2336.8,2312.3,2332.5
1321365600,2332.5,2365.1,2331.3,2363.3
1321380000,2363.3,2376.3,2359.6,2365.1
1321394400,2365.1,2366.8,2358.5,2358.8
1321408800,2358.8,2358.8,2340.8,2343.8
1321423200,2343.8,2371,2339.8,2370.5
1321437600,2370.5,2373.8,2341,2348.2
1321452000,2348.2,2364.5,2343,2354.2
1321466400,2354.2,2367,2307.2,2313.9
1321480800,2313.9,2318.4,2307.2,2318.2
1321495200,2318.2,2330.4,2315.7,2329.4
1321509600,2329.4,2334.9,2314.4,2320.1
1321524000,2320.1,2322.4,2300.1,2316.9
1321538400,2316.9,2325.6,2258.3,2270.8
1321552800,2270.8,2277.1,2258.1,2272.8
1321567200,2272.8,2274.1,2262.8,2270.3
1321581600,2270.3,2275.6,2265.3,2266.3
1321596000,2266.3,2280.3,2263,2280
1321610400,2280,2292,2268.8,2284
1321624800,2284,2285.8,2251,2260.7
1321639200,2260.7,2270.3,2252.2,2253
1321826400,2253,2253,2232.8,2234.6
1321840800,2234.6,2241.1,2233.6,2238
1321855200,2238,2244.3,2219.8,2227
1321869600,2227,2233.3,2224,2230.5
1321884000,2230.5,2232,2188.7,2199
1321898400,2199,2225,2195.2,2212.7
1321912800,2212.7,2226.2,2207.7,2223.7
1321927200,2223.7,2228.5,2217.5,2224
1321941600,2224,2224.7,2204.2,2205.2
1321956000,2205.2,2218.9,2197.2,2202.9
1321970400,2202.9,2221.4,2192.4,2217.9
1321984800,2217.9,2225.4,2210.4,2215.9
1321999200,2215.9,2218.4,2194.9,2197.6
1322013600,2197.6,2199.6,2188.6,2194.1
1322028000,2194.1,2208.1,2191.9,2204.1
1322042400,2204.1,2208.9,2190.8,2198.3
1322056800,2198.3,2206.6,2172.3,2183.8
1322071200,2183.8,2186.8,2163.3,2167.3
1322085600,2167.3,2172,2166.5,2170.5
1322100000,2170.5,2177.5,2169,2170.5
1322114400,2170.5,2185.5,2166.5,2185
1322128800,2185,2186,2170,2172
1322143200,2172,2173.3,2152.5,2158.7
1322172000,2158.7,2163.7,2153.2,2156.2
1322186400,2156.2,2158.2,2151.9,2152.2
1322200800,2152.2,2160.4,2137.2,2148.7
1322215200,2148.7,2155.9,2142.2,2154.7
1322229600,2154.7,2183.9,2151.4,2151.7
1322244000,2151.7,2152.9,2143.2,2150.9
1322431200,2150.9,2193.8,2150.9,2190
1322445600,2190,2194,2181.5,2189.3
1322460000,2189.3,2204.3,2182,2203.3
1322474400,2203.3,2206,2198.2,2203.7
1322488800,2203.7,2229.2,2202.2,2219.7
1322503200,2219.7,2228.2,2209,2222.7
1322517600,2222.7,2224.2,2216.7,2217.5
1322532000,2217.5,2235.5,2215.7,2234.7
1322546400,2234.7,2235.2,2213.9,2229.9
1322560800,2229.9,2246.2,2221.2,2225.7
1322575200,2225.7,2241.9,2213.4,2217.2
1322589600,2217.2,2226.9,2202.6,2205.6
1322604000,2205.6,2211.1,2202.9,2207.1
1322618400,2207.1,2209.9,2200.1,2204.1
1322632800,2204.1,2212.9,2197.4,2207.9
1322647200,2207.9,2275.6,2207.1,2274.9
1322661600,2274.9,2292.1,2265.1,2285.6
1322676000,2285.6,2297.6,2274.9,2296.9
1322690400,2296.9,2298.6,2293.1,2294.1
1322704800,2294.1,2306.8,2293.1,2298.1
1322719200,2298.1,2300.8,2285.1,2294.6
1322733600,2294.6,2303.1,2289.6,2296.3
1322748000,2296.3,2314.8,2292.8,2299.3
1322762400,2299.3,2316.6,2298.8,2310.1
1322776800,2310.1,2316.3,2309.8,2315.5
1322791200,2315.5,2324.3,2312.3,2321.3
1322805600,2321.3,2339.8,2318.8,2337.5
1322820000,2337.5,2345.8,2330,2334.3
1322834400,2334.3,2336.5,2309.7,2316
1322848800,2316,2317.2,2301.7,2305.7
1323036000,2305.7,2321.6,2305.7,2315.8
1323050400,2315.8,2319.8,2315.1,2318.8
1323064800,2318.8,2329.3,2315.8,2328.3
1323079200,2328.3,2337.5,2320.8,2335.8
1323093600,2335.8,2344.5,2322,2342.3
1323108000,2342.3,2343.3,2315.8,2323.8
1323122400,2323.8,2326.3,2321.2,2322
1323136800,2322,2324,2313.5,2319.2
1323151200,2319.2,2338.2,2315.7,2333.2
1323165600,2333.2,2342.2,2326.4,2329.4
1323180000,2329.4,2337.4,2314.7,2318.9
1323194400,2318.9,2335.4,2315.4,2324.9
1323208800,2324.9,2332.4,2322.9,2331.7
1323223200,2331.7,2334.7,2330.4,2331.7
1323237600,2331.7,2344.4,2330.2,2336.9
1323252000,2336.9,2340.4,2311.9,2316.4
1323266400,2316.4,2323.4,2292.1,2321.9
1323280800,2321.9,2332.9,2305.8,2323.6
1323295200,2323.6,2328.3,2322.6,2323.1
1323309600,2323.1,2327.3,2321.8,2323.3
1323324000,2323.3,2328.3,2317.8,2322.1
1323338400,2322.1,2341.6,2313.6,2317.1
1323352800,2317.1,2325.1,2300.8,2302.5
1323367200,2302.5,2305.8,2275.8,2276.3
1323381600,2276.3,2289.3,2275,2289.3
1323396000,2289.3,2292.5,2273.5,2278
1323410400,2278,2296.2,2269.5,2289
1323424800,2289,2308.5,2286,2290
1323439200,2290,2318.5,2287.5,2316.5
1323453600,2316.5,2327,2314.5,2324.2
1323640800,2324.2,2325.5,2318.5,2325.3
1323655200,2325.3,2325.8,2316,2319
1323669600,2319,2320,2299.5,2303.5
1323684000,2303.5,2312.5,2300.3,2305.3
1323698400,2305.3,2306,2273.5,2281.2
1323712800,2281.2,2297.2,2278,2294.7
1323727200,2294.7,2300.5,2293.2,2296.7
1323741600,2296.7,2301.2,2293.9,2294.7
1323756000,2294.7,2305.4,2290.4,2300.9
1323770400,2300.9,2311.9,2300.7,2309.4
1323784800,2309.4,2318.2,2284.4,2296.2
1323799200,2296.2,2304.4,2258.4,2271.9
1323813600,2271.9,2274.6,2268.4,2274.1
1323828000,2274.1,2277.1,2273.1,2275.9
1323842400,2275.9,2279.9,2271.6,2274.4
1323856800,2274.4,2274.9,2259.1,2261.8
1323871200,2261.8,2262.6,2220.1,2233.8
1323885600,2233.8,2243.3,2225.3,2232.1
1323900000,2232.1,2234.3,2228.6,2233.1
1323914400,2233.1,2233.1,2219.6,2224.3
1323928800,2224.3,2244,2223.3,2234
1323943200,2234,2255.8,2232.5,2254.3
1323957600,2254.3,2255.3,2223.8,2232
1323972000,2232,2236.3,2225,2226.8
1323986400,2226.8,2234.5,2226.5,2232.8
1324000800,2232.8,2240.5,2232,2233.8
1324015200,2233.8,2245,2233.2,2236.2
1324029600,2236.2,2248.8,2234,2245.8
1324044000,2245.8,2268.3,2233.5,2238.7
1324058400,2238.7,2245,2234.5,2236.7
1324245600,2236.7,2242.4,2227.1,2229.4
1324260000,2229.4,2232.4,2221.1,2222.3
1324274400,2222.3,2251.9,2221.6,2250.1
1324288800,2250.1,2254.9,2245.9,2250.1
1324303200,2250.1,2250.9,2222.6,2231.6
1324317600,2231.6,2232.6,2208,2218.3
1324332000,2218.3,2230.6,2217.6,2228.3
1324346400,2228.3,2229.8,2224.8,2227.1
1324360800,2227.1,2238.8,2221.8,2237.8
1324375200,2237.8,2243.3,2231.3,2241.8
1324389600,2241.8,2279.1,2241.3,2275.9
1324404000,2275.9,2287.1,2269.8,2275.1
1324418400,2275.1,2275.4,2270.1,2272.8
1324432800,2272.8,2276.1,2272.3,2276.1
1324447200,2276.1,2289.6,2276.1,2286.4
1324461600,2286.4,2295.1,2261.3,2269.3
1324476000,2269.3,2272.3,2221.5,2229.5
1324490400,2229.5,2250.8,2224.2,2243.8
1324504800,2243.8,2247.3,2243,2245
1324519200,2245,2245.5,2238.2,2240
1324533600,2240,2257.8,2239.7,2257
1324548000,2257,2258.3,2248.2,2251
1324562400,2251,2267.3,2249.5,2265.3
1324576800,2265.3,2268,2262,2267.8
1324591200,2267.8,2277.8,2266.8,2276.5
1324605600,2276.5,2277,2274.5,2275.3
1324620000,2275.3,2278.5,2268,2269.7
1324634400,2269.7,2276.2,2269.5,2271
1324648800,2271,2283.5,2265.7,2283.3
1324663200,2283.3,2286.8,2278.5,2283.2
1324980000,2283.2,2292.8,2278.6,2283.3
1324994400,2283.3,2297.1,2279.8,2294.8
1325008800,2294.8,2300.1,2286.6,2287.1
1325023200,2287.1,2290.1,2285.1,2290.1
1325037600,2290.1,2290.1,2282.3,2282.8
1325052000,2282.8,2290.3,2280,2289.3
1325066400,2289.3,2295.8,2288.5,2294.6
1325080800,2294.6,2295.1,2265.8,2268
1325095200,2268,2274.3,2257.2,2267.5
1325109600,2267.5,2270,2264.5,2269.5
1325124000,2269.5,2273.2,2269,2271
1325138400,2271,2273.2,2262,2267
1325152800,2267,2270.5,2264,2270
1325167200,2270,2279.2,2262.4,2279
1325181600,2279,2285.5,2277.2,2283
1325196000,2283,2284.2,2281.7,2283
1325210400,2283,2283.2,2277.9,2278.4
1325224800,2278.4,2288,2278.2,2280.9
1325239200,2280.9,2285.4,2278.7,2279.4
1325253600,2279.4,2287.9,2276.9,2285.4
1325268000,2285.4,2286.2,2273.7,2278.2
1325584800,2278.2,2327.6,2278.2,2314.3
1325599200,2314.3,2331.6,2313.8,2317.3
1325613600,2317.3,2328.3,2314.5,2320.6
1325628000,2320.6,2321.8,2317.3,2318.8
1325642400,2318.8,2319,2316.3,2316.8
1325656800,2316.8,2328,2312.8,2324.3
1325671200,2324.3,2327.3,2313.8,2314.5
1325685600,2314.5,2329,2305.7,2328.5
1325700000,2328.5,2332.8,2323,2331.8
1325714400,2331.8,2332.3,2329.5,2331
1325728800,2331,2332.5,2327.5,2328.8
1325743200,2328.8,2332.5,2319,2320
1325757600,2320,2334,2312.5,2327.2
1325772000,2327.2,2341.5,2315.7,2341.5
1325786400,2341.5,2350.8,2339.5,2344.2
1325800800,2344.2,2346.7,2341,2341.7
1325815200,2341.7,2342.2,2335.7,2339
1325829600,2339,2349,2339,2347
1325844000,2347,2356.7,2342.7,2346.7
1325858400,2346.7,2359.2,2340.7,2353.7
1325872800,2353.7,2362,2351.7,2357.2
1326060000,2357.2,2358.6,2345.6,2346.6
1326074400,2346.6,2350.8,2345.1,2348.3
1326088800,2348.3,2363.6,2347.8,2360.3
1326103200,2360.3,2366.6,2356.3,2364.6
1326117600,2364.6,2365.1,2341.6,2350.6
1326132000,2350.6,2357.6,2348.6,2350.8
1326146400,2350.8,2359.1,2349.8,2358.3
1326160800,2358.3,2362.8,2356.8,2362.3
1326175200,2362.3,2370.1,2358.6,2368.3
1326189600,2368.3,2374.6,2368.1,2373.1
1326204000,2373.1,2381.3,2359.8,2366.3
1326218400,2366.3,2372.1,2357,2363
1326232800,2363,2363.8,2356,2357
1326247200,2357,2361,2355.8,2360.5
1326261600,2360.5,2368,2360.5,2367.5
1326276000,2367.5,2368.3,2355.5,2363.3
1326290400,2363.3,2374,2357.2,2369
1326304800,2369,2376.3,2367,2370
1326319200,2370,2371.2,2367,2368.5
1326333600,2368.5,2370.7,2366.7,2368.5
1326348000,2368.5,2379.5,2368,2378.7
1326362400,2378.7,2386,2373.5,2375.2
1326376800,2375.2,2380.2,2358.7,2375.2
1326391200,2375.2,2383.5,2372.7,2382.5
1326405600,2382.5,2387,2382,2384.5
1326420000,2384.5,2386.9,2382.2,2385.9
1326434400,2385.9,2389.4,2382.4,2385.9
1326448800,2385.9,2388.4,2372.4,2372.9
1326463200,2372.9,2373.4,2351.4,2364.2
1326477600,2364.2,2377.9,2358.6,2377.7
1326664800,2377.7,2377.7,2364.5,2365.5
1326679200,2365.5,2368.8,2364.5,2366.8
1326693600,2366.8,2377.5,2364.3,2371.3
1326708000,2371.3,2380.5,2368.3,2379.5
1326722400,2379.5,2388.3,2375.8,2387
1326751200,2387,2391.5,2382.8,2391.5
1326765600,2391.5,2397,2391.3,2396
1326780000,2396,2403,2393.8,2401.5
1326794400,2401.5,2403.5,2392.8,2393.5
1326808800,2393.5,2403.8,2391.3,2398.8
1326823200,2398.8,2401,2384.5,2394.7
1326837600,2394.7,2397,2393.7,2394.7
1326852000,2394.7,2402.2,2393.7,2399.5
1326866400,2399.5,2401.2,2390.5,2398
1326880800,2398,2409.7,2396.5,2396.7
1326895200,2396.7,2421.5,2393.5,2420.5
1326909600,2420.5,2425.7,2417.7,2423.5
1326924000,2423.5,2425.2,2422,2425.2
1326938400,2425.2,2434.7,2424.2,2425.5
1326952800,2425.5,2427,2421.2,2423.7
1326967200,2423.7,2438,2421.9,2433.7
1326981600,2433.7,2445.2,2432.2,2441.5
1326996000,2441.5,2444.5,2422.7,2433.7
1327010400,2433.7,2433.7,2429.7,2430.2
1327024800,2430.2,2433.7,2427.7,2433.4
1327039200,2433.4,2435.9,2426.2,2427.2
1327053600,2427.2,2434.9,2425.4,2427.4
1327068000,2427.4,2437.2,2426.4,2434.2
1327082400,2434.2,2439.7,2428.6,2438.4
1327269600,2438.4,2438.4,2428,2429
1327284000,2429,2433.5,2429,2432.5
1327298400,2432.5,2436.5,2429.3,2432.3
1327312800,2432.3,2443.8,2429.8,2438
1327327200,2438,2454.8,2423.3,2428.8
1327341600,2428.8,2439.5,2428.8,2435.8
1327356000,2435.8,2438.8,2431.7,2431.7
1327370400,2431.7,2432.7,2429,2431.7
1327384800,2431.7,2436,2426.7,2429.7
1327399200,2429.7,2432.2,2424.5,2425.7
1327413600,2425.7,2439.7,2421.9,2434.2
1327428000,2434.2,2471.5,2426.7,2464.5
1327442400,2464.5,2467.2,2462.5,2464.2
1327456800,2464.2,2466.7,2463.5,2465.7
1327471200,2465.7,2466.5,2450.4,2451.9
1327485600,2451.9,2459.7,2447.4,2458.2
1327500000,2458.2,2461.2,2439.2,2446.7
1327514400,2446.7,2469.7,2446.2,2461.7
1327528800,2461.7,2461.9,2458.9,2460.7
1327543200,2460.7,2461.9,2459.7,2459.9
1327557600,2459.9,2466.7,2453.7,2464.7
1327572000,2464.7,2473.9,2462.4,2473.7
1327586400,2473.7,2478.4,2454.6,2459.9
1327600800,2459.9,2462.1,2443.4,2454.9
1327615200,2454.9,2456.1,2450.9,2453.1
1327629600,2453.1,2456.4,2449.8,2450.8
1327644000,2450.8,2462.4,2450.3,2461.3
1327658400,2461.3,2466.4,2447.1,2448.6
1327672800,2448.6,2461.6,2447.8,2452.8
1327687200,2452.8,2466.8,2451.8,2457.8
1327874400,2457.8,2462.7,2440.7,2444.5
1327888800,2444.5,2448.2,2443.2,2444.2
1327903200,2444.2,2448.2,2437.4,2441.2
1327917600,2441.2,2445.9,2435.9,2436.2
1327932000,2436.2,2460.2,2431.4,2456.9
1327946400,2456.9,2467.7,2453.4,2464.9
1327960800,2464.9,2471.4,2463.2,2469.4
1327975200,2469.4,2472.9,2466.7,2469.4
1327989600,2469.4,2479.4,2468.4,2478.4
1328004000,2478.4,2480.2,2470.7,2474.7
1328018400,2474.7,2480.7,2450.9,2459.6
1328032800,2459.6,2469.2,2455.9,2457.9
1328047200,2457.9,2464.4,2456.4,2462.9
1328061600,2462.9,2464.6,2456.9,2458.6
1328076000,2458.6,2480.9,2455.6,2479.9
1328090400,2479.9,2486.4,2475.9,2477.6
1328104800,2477.6,2492.6,2472.6,2490.9
1328119200,2490.9,2496.4,2484.4,2491.4
1328133600,2491.4,2497.4,2490.9,2494.9
1328148000,2494.9,2495.1,2491.6,2493.3
1328162400,2493.3,2498.3,2485.3,2488.3
1328176800,2488.3,2494.6,2481.6,2492.3
1328191200,2492.3,2502.8,2484.8,2490.6
1328205600,2490.6,2496.8,2486.6,2494.8
1328220000,2494.8,2495.3,2492.1,2494.3
1328234400,2494.3,2495.8,2491.8,2495.6
1328248800,2495.6,2500.6,2492.3,2499.8
1328263200,2499.8,2521.1,2499.3,2517.3
1328277600,2517.3,2532.1,2513.6,2530.3
1328292000,2530.3,2531.1,2523.8,2525.5
1328479200,2525.5,2525.5,2512.7,2520.4
1328493600,2520.4,2522.2,2518.9,2519.9
1328508000,2519.9,2521.9,2512.4,2515.7
1328522400,2515.7,2521.4,2513.2,2514.2
1328536800,2514.2,2526.7,2513.2,2525.4
1328551200,2525.4,2529.2,2521.9,2528.9
1328565600,2528.9,2532.1,2527.6,2531.4
1328580000,2531.4,2531.9,2525.9,2526.9
1328594400,2526.9,2534.6,2523.6,2527.1
1328608800,2527.1,2528.4,2516.9,2522.6
1328623200,2522.6,2536.6,2513.6,2535.1
1328637600,2535.1,2536.4,2527.6,2531.1
1328652000,2531.1,2531.6,2528.8,2529.8
1328666400,2529.8,2535.6,2529.8,2535.3
1328680800,2535.3,2541.1,2534.6,2537.3
1328695200,2537.3,2537.3,2533.1,2534.1
1328709600,2534.1,2541.8,2522.8,2536.1
1328724000,2536.1,2549.3,2534.8,2543.6
1328738400,2543.6,2543.8,2537.1,2540.8
1328752800,2540.8,2546.8,2540.8,2545.3
1328767200,2545.3,2550.5,2539,2544.3
1328781600,2544.3,2554.8,2539.5,2549.8
1328796000,2549.8,2564.3,2539.8,2562.5
1328810400,2562.5,2566.8,2559.3,2562
1328824800,2562,2562.5,2558,2558.3
1328839200,2558.3,2558.8,2553.3,2555
1328853600,2555,2555.8,2549.7,2553.2
1328868000,2553.2,2553.5,2540.2,2543.7
1328882400,2543.7,2553,2537,2552
1328896800,2552,2552,2537.5,2551
1329084000,2551,2562.6,2551,2559.6
1329098400,2559.6,2564.1,2558.6,2561.6
1329112800,2561.6,2571.1,2560.3,2565.6
1329127200,2565.6,2569.3,2563.1,2565.3
1329141600,2565.3,2568.8,2553.3,2563.1
1329156000,2563.1,2572.8,2563.1,2570.3
1329170400,2570.3,2570.3,2565.1,2565.6
1329184800,2565.6,2569.1,2564.1,2565.6
1329199200,2565.6,2569.1,2562.8,2568.8
1329213600,2568.8,2576.8,2561.8,2563.8
1329228000,2563.8,2570.3,2558.5,2559.8
1329242400,2559.8,2579,2554.8,2578.3
1329256800,2578.3,2579,2575.8,2577
1329271200,2577,2591.5,2576.5,2591.5
1329285600,2591.5,2594.8,2586.8,2593.5
1329300000,2593.5,2596.5,2586.8,2587.5
1329314400,2587.5,2602,2573,2575.7
1329328800,2575.7,2580.7,2552,2552.2
1329343200,2552.2,2555,2547.2,2548.9
1329357600,2548.9,2549.4,2544.2,2547.2
1329372000,2547.2,2556.9,2545.2,2553.7
1329386400,2553.7,2561.4,2550.7,2557.7
1329400800,2557.7,2583.4,2552.4,2581.2
1329415200,2581.2,2595.7,2580.7,2594.4
1329429600,2594.4,2598.2,2593.9,2596.4
1329444000,2596.4,2597.4,2592.7,2593.9
1329458400,2593.9,2596.9,2591.4,2594.7
1329472800,2594.7,2598.7,2591.7,2593.4
1329487200,2593.4,2595.4,2573.4,2580.1
1329501600,2580.1,2588.4,2579.1,2583.6
1329688800,2583.6,2598.5,2583.6,2597.8
1329703200,2597.8,2600.3,2596,2598.5
1329717600,2598.5,2599.5,2590,2598
1329732000,2598,2601,2594.8,2596
1329746400,2596,2597.8,2585.5,2593.7
1329775200,2593.7,2593.7,2584.7,2589.7
1329789600,2589.7,2596,2585.2,2591.7
1329804000,2591.7,2594.5,2585.9,2588.7
1329818400,2588.7,2589.2,2581.4,2587.7
1329832800,2587.7,2602.9,2583.9,2592.4
1329847200,2592.4,2594.7,2575.4,2592.4
1329861600,2592.4,2592.9,2589.4,2590.7
1329876000,2590.7,2597.9,2590.2,2597.7
1329890400,2597.7,2601.7,2590.9,2592.9
1329904800,2592.9,2593.7,2585.4,2590.1
1329919200,2590.1,2594.4,2576.4,2579.4
1329933600,2579.4,2589.4,2577.1,2582.1
1329948000,2582.1,2582.1,2577.4,2579.6
1329962400,2579.6,2582.1,2579.1,2581.3
1329976800,2581.3,2594.1,2580.8,2590.1
1329991200,2590.1,2590.8,2581.8,2587.1
1330005600,2587.1,2599.6,2570.3,2590.1
1330020000,2590.1,2603.1,2582.6,2602.1
1330034400,2602.1,2608.8,2602.1,2606.3
1330048800,2606.3,2608.3,2606.3,2606.3
1330063200,2606.3,2609.6,2602.3,2608.6
1330077600,2608.6,2609.8,2603,2604
1330092000,2604,2610,2599,2608.8
1330106400,2608.8,2610.5,2600.5,2602.5
1330293600,2602.5,2606.4,2598.9,2601.2
1330308000,2601.2,2602.2,2599.2,2599.4
1330322400,2599.4,2600.4,2588.2,2590.6
1330336800,2590.6,2594.4,2587.4,2592.4
1330351200,2592.4,2615.6,2579.6,2613.4
1330365600,2613.4,2617.6,2606.4,2609.9
1330380000,2609.9,2611.4,2608.9,2610.9
1330394400,2610.9,2620.1,2609.4,2617.9
1330408800,2617.9,2620.3,2614.6,2617.6
1330423200,2617.6,2620.1,2609.8,2611.1
1330437600,2611.1,2633.3,2608.3,2632.1
1330452000,2632.1,2635.8,2620.1,2633.8
1330466400,2633.8,2634.9,2631.7,2634.4
1330480800,2634.4,2636.4,2631.4,2631.7
1330495200,2631.7,2638.2,2631.7,2637.2
1330509600,2637.2,2641.9,2632.9,2635.2
1330524000,2635.2,2645.9,2623.2,2632.4
1330538400,2632.4,2637.4,2615.2,2620.7
1330552800,2620.7,2627.9,2617.9,2626.2
1330567200,2626.2,2626.4,2621.6,2622.1
1330581600,2622.1,2631.9,2617.1,2630.4
1330596000,2630.4,2636.4,2628.9,2633.6
1330610400,2633.6,2641.9,2625.9,2641.1
1330624800,2641.1,2649.9,2634.9,2647.4
1330639200,2647.4,2649.6,2646.9,2647.8
1330653600,2647.8,2648.1,2645.1,2645.1
1330668000,2645.1,2646.3,2639.3,2640.3
1330682400,2640.3,2642.1,2634.3,2639.6
1330696800,2639.6,2650.6,2635.6,2639.6
1330711200,2639.6,2646.3,2633.6,2644.6
1330898400,2644.6,2644.6,2644.6,2644.6
1330927200,2644.6,2644.6,2627.9,2631.4
1330941600,2631.4,2641.7,2630.9,2639.4
1330956000,2639.4,2643.7,2606.2,2611.4
1330970400,2611.4,2621.6,2606.6,2615.8
1330984800,2615.8,2617.9,2611.4,2612.4
1330999200,2612.4,2612.6,2606.1,2609.1
1331013600,2609.1,2609.8,2597.7,2600.4
1331028000,2600.4,2600.9,2592.1,2594.9
1331042400,2594.9,2595.1,2575.6,2584.8
1331056800,2584.8,2592.8,2578.1,2590.6
1331071200,2590.6,2597.3,2588.8,2596.1
1331085600,2596.1,2597.8,2593.8,2596.3
1331100000,2596.3,2600.3,2594.1,2599.3
1331114400,2599.3,2604.6,2597.8,2603.8
1331128800,2603.8,2615.1,2597.3,2614.1
1331143200,2614.1,2614.8,2600,2607.2
1331157600,2607.2,2608.2,2605.2,2606.7
1331172000,2606.7,2615.2,2606.7,2610.6
1331186400,2610.6,2628.3,2609.1,2626.1
1331200800,2626.1,2632.9,2623.8,2624.1
1331215200,2624.1,2637.8,2618.8,2636.6
1331229600,2636.6,2644.5,2633.2,2636.2
1331244000,2636.2,2637.4,2631.7,2632.7
1331258400,2632.7,2640.7,2632.7,2638.7
1331272800,2638.7,2639.6,2632.7,2635.3
1331287200,2635.3,2648.5,2632.8,2643
1331301600,2643,2650.1,2639.3,2648.9
1331316000,2648.9,2652.4,2643.4,2648.4
1331499600,2648.4,2648.4,2644.8,2645.6
1331542800,2645.6,2647.8,2640,2644.6
1331557200,2644.6,2651.3,2635.3,2644.5
1331571600,2644.5,2651.8,2642,2651
1331586000,2651,2654.5,2650,2654.5
1331600400,2654.5,2665.1,2654.5,2663.8
1331614800,2663.8,2664.3,2659.5,2661.8
1331629200,2661.8,2668.5,2661.3,2662.5
1331643600,2662.5,2680.3,2658.3,2679.9
1331658000,2679.9,2702.6,2675.8,2700.8
1331672400,2700.8,2701.3,2692.8,2694.3
1331686800,2694.3,2697.8,2693.3,2695.8
1331701200,2695.8,2698.3,2691.3,2698.1
1331715600,2698.1,2703.6,2695.3,2699.1
1331730000,2699.1,2714.3,2698.3,2709.8
1331744400,2709.8,2718.3,2692,2704.8
1331758800,2704.8,2709,2701.8,2708.3
1331773200,2708.3,2717,2707.3,2715.5
1331787600,2715.5,2716,2709.5,2714.3
1331802000,2714.3,2719.5,2709.8,2717
1331816400,2717,2721.8,2703,2718.3
1331830800,2718.3,2719.8,2703.5,2714.8
1331845200,2714.8,2715.8,2713,2713.5
1331859600,2713.5,2716.8,2713.5,2715.2
1331874000,2715.2,2718,2713.5,2716.9
1331888400,2716.9,2724.5,2715.4,2723.5
1331902800,2723.5,2723.7,2707.7,2713.7
1331917200,2713.7,2717.2,2709.9,2713.6
1332104400,2713.6,2723.6,2712.1,2722.6
1332118800,2722.6,2725.6,2720.6,2722.9
1332133200,2722.9,2723.35,2707.05,2708.35
1332147600,2708.35,2722.85,2704.85,2710.65
1332162000,2710.65,2735.65,2709.35,2733.45
1332176400,2733.45,2739.35,2731.35,2735.25
1332190800,2735.25,2735.25,2732.35,2733.35
1332205200,2733.35,2734.35,2728.55,2728.85
1332219600,2728.85,2732.35,2724.75,2728.45
1332234000,2728.45,2728.95,2717.55,2719.05
1332248400,2719.05,2723.05,2712.35,2722.25
1332262800,2722.25,2742.95,2721.25,2742.25
1332277200,2742.25,2745.95,2736.25,2745.65
1332291600,2745.65,2748.45,2743.45,2744.55
1332306000,2744.55,2748.05,2742.45,2746.15
1332320400,2746.15,2746.55,2737.35,2738.35
1332334800,2738.35,2749.05,2734.45,2748.55
1332349200,2748.55,2753.05,2736.95,2739.15
1332363600,2739.15,2743,2737.7,2742.5
1332378000,2742.5,2744.9,2732.7,2737.5
1332392400,2737.5,2740,2724.9,2726.6
1332406800,2726.6,2729.9,2721.4,2727.7
1332421200,2727.7,2738.4,2719.9,2738.2
1332435600,2738.2,2738.4,2720.7,2737.7
1332450000,2737.7,2738.7,2734.7,2737.9
1332464400,2737.9,2742.2,2735.9,2740.4
1332478800,2740.4,2750.9,2737.7,2749.4
1332493200,2749.4,2750.4,2733.6,2738.2
1332507600,2738.2,2738.4,2714.9,2726.1
1332522000,2726.1,2733.9,2723.9,2732.1
1332709200,2732.1,2741.8,2732.1,2739.3
1332723600,2739.3,2742.3,2737.8,2739.2
1332738000,2739.2,2743.3,2735.6,2738.4
1332752400,2738.4,2753.8,2736.6,2750.4
1332766800,2750.4,2760.9,2746.8,2758.8
1332781200,2758.8,2781.6,2758.5,2780.9
1332795600,2780.9,2783.6,2780.4,2782.2
1332810000,2782.2,2785.7,2780.7,2782.2
1332824400,2782.2,2790.9,2779,2789.4
1332838800,2789.4,2791.9,2776.6,2781.6
1332853200,2781.6,2789.6,2778.6,2789.6
1332867600,2789.6,2793.3,2779.7,2780.6
1332882000,2780.6,2783.9,2778.2,2783.7
1332896400,2783.7,2784.9,2779.2,2779.2
1332910800,2779.2,2792.4,2779.2,2783.3
1332925200,2783.3,2789.3,2780.1,2780.3
1332939600,2780.3,2793.9,2759.4,2763.7
1332954000,2763.7,2773.7,2754.4,2770.8
1332968400,2770.8,2774.7,2770.8,2772.7
1332982800,2772.7,2772.7,2766.9,2771.9
1332997200,2771.9,2777.4,2767.4,2772.4
1333011600,2772.4,2772.7,2761.1,2764.9
1333026000,2764.9,2770.4,2740.8,2750.9
1333040400,2750.9,2766.4,2743.3,2763.4
1333054800,2763.4,2764.5,2758.6,2762.7
1333069200,2762.7,2770.7,2762.7,2767.2
1333083600,2767.2,2773.9,2765.2,2772.7
1333098000,2772.7,2777.1,2770.8,2772.1
1333112400,2772.1,2774.4,2744.1,2759.3
1333126800,2759.3,2763.8,2752.8,2759.1
1333314000,2759.1,2768.4,2759.1,2765.8
1333328400,2765.8,2766.9,2763.5,2764.3
1333342800,2764.3,2768.4,2751.2,2753.7
1333357200,2753.7,2758.2,2748,2754.4
1333371600,2754.4,2786,2747.4,2782.9
1333386000,2782.9,2787.5,2778.9,2779.7
1333400400,2779.7,2782.7,2779.7,2782.4
1333414800,2782.4,2783.9,2779.2,2781.7
1333429200,2781.7,2783.4,2777.4,2778.7
1333443600,2778.7,2783.7,2775.6,2783.4
1333458000,2783.4,2795.2,2772.6,2781.6
1333472400,2781.6,2784.6,2766.6,2781.3
1333486800,2781.3,2781.6,2776.6,2777.2
1333501200,2777.2,2777.9,2771.9,2772.4
1333515600,2772.4,2775.4,2762.3,2763.6
1333530000,2763.6,2766.8,2758.3,2760.8
1333544400,2760.8,2763.3,2733.8,2735.3
1333558800,2735.3,2749.3,2728.5,2740.8
1333573200,2740.8,2743.4,2738.2,2743.3
1333587600,2743.3,2746.8,2737.1,2746.5
1333602000,2746.5,2749.3,2734.7,2738.8
1333616400,2738.8,2741.7,2726.2,2738.2
1333630800,2738.2,2763.8,2737.2,2759.6
1333645200,2759.6,2764.3,2755,2760.05
1333659600,2760.05,2765.05,2757.45,2764.85
1333674000,2764.85,2765.05,2761.45,2762.45
1333688400,2762.45,2763.65,2760.45,2762.45
1333702800,2762.45,2763.75,2723.65,2730.15
1333717200,2730.15,2730.45,2722.65,2726.8
1333918800,2726.8,2729.3,2723.6,2726.05
1333933200,2726.05,2730.05,2722.75,2729.25
1333947600,2729.25,2731.25,2726.75,2729.95
1333962000,2729.95,2733.55,2726.75,2730.75
1333976400,2730.75,2748.55,2722.25,2747.25
1333990800,2747.25,2751.05,2731.75,2733.85
1334005200,2733.85,2737.3,2732.9,2737.3
1334019600,2737.3,2741.3,2736.1,2737.1
1334034000,2737.1,2744.3,2732.2,2740.6
1334048400,2740.6,2743.8,2736.7,2739.2
1334062800,2739.2,2749,2696.2,2704.9
1334077200,2704.9,2706.4,2687.7,2704.7
1334091600,2704.7,2707.7,2703,2706.7
1334106000,2706.7,2708.9,2705.4,2708.9
1334120400,2708.9,2713.4,2701.7,2708.2
1334134800,2708.2,2722.2,2708.2,2718.4
1334149200,2718.4,2727.2,2709.6,2716.2
1334163600,2716.2,2718.7,2702.1,2711.6
1334178000,2711.6,2715.3,2708.1,2709.1
1334192400,2709.1,2716.4,2708.1,2712.9
1334206800,2712.9,2724.6,2712.6,2718.2
1334221200,2718.2,2724.9,2709.9,2713.7
1334235600,2713.7,2742.6,2710.6,2739.9
1334250000,2739.9,2743.3,2729.4,2741.2
1334264400,2741.2,2742.4,2737.1,2742.2
1334278800,2742.2,2745.9,2734.7,2735.1
1334293200,2735.1,2739.9,2728.8,2730.3
1334307600,2730.3,2740.1,2728.1,2732.8
1334322000,2732.8,2732.8,2697.5,2709.2
1334336400,2709.2,2714.4,2696.8,2698
1334523600,2698,2698,2686,2687.4
1334538000,2687.4,2692.9,2686.9,2690.6
1334552400,2690.6,2701.4,2687.1,2700.6
1334566800,2700.6,2712.4,2698.6,2710.2
1334581200,2710.2,2712.9,2659.3,2671.7
1334595600,2671.7,2683.9,2664.8,2668.3
1334610000,2668.3,2668.6,2666.1,2667.8
1334624400,2667.8,2668.3,2663.1,2665.6
1334638800,2665.6,2674.8,2657.1,2673.7
1334653200,2673.7,2682.3,2673.7,2680.3
1334667600,2680.3,2722.9,2675.3,2721.2
1334682000,2721.2,2730.9,2715.1,2716.8
1334696400,2716.8,2723.3,2716.1,2721.8
1334710800,2721.8,2723.1,2719.1,2720.6
1334725200,2720.6,2722.3,2713.3,2713.3
1334739600,2713.3,2717.3,2705.2,2712.3
1334754000,2712.3,2727.6,2706.8,2715.3
1334768400,2715.3,2731.1,2699.1,2707.9
1334782800,2707.9,2709.8,2705.3,2709.4
1334797200,2709.4,2711.2,2706.1,2708.6
1334811600,2708.6,2722.1,2708.3,2713.6
1334826000,2713.6,2722,2698.2,2698.7
1334840400,2698.7,2737.8,2698.2,2700
1334854800,2700,2705.5,2674.5,2691.2
1334869200,2691.2,2692.5,2687.8,2689.1
1334883600,2689.1,2690.7,2685.2,2688.7
1334898000,2688.7,2695.9,2685.9,2687.9
1334912400,2687.9,2701.4,2685.9,2696.4
1334926800,2696.4,2710.7,2688.9,2698.4
1334941200,2698.4,2700.4,2672.6,2677.7
1335128400,2677.7,2677.8,2669.5,2672.5
1335142800,2672.5,2674.4,2669.8,2673.2
1335157200,2673.2,2673.8,2653.5,2656.6
1335171600,2656.6,2657.4,2649.4,2656.4
1335186000,2656.4,2656.4,2627.8,2643.7
1335200400,2643.7,2658,2640.7,2657.5
1335214800,2657.5,2659.5,2654.7,2658.5
1335229200,2658.5,2662,2654.5,2659.6
1335243600,2659.6,2666.3,2657.1,2662.8
1335258000,2662.8,2668.5,2646.2,2646.4
1335272400,2646.4,2658.2,2632.9,2633.7
1335286800,2633.7,2677.5,2627.4,2675.7
1335301200,2675.7,2676.4,2669.7,2671.2
1335315600,2671.2,2672.9,2669.7,2672.4
1335330000,2672.4,2686.9,2667.9,2685.4
1335344400,2685.4,2690.9,2682.9,2685.9
1335358800,2685.9,2709.4,2685.2,2700.2
1335373200,2700.2,2708.9,2696.7,2708.9
1335387600,2708.9,2708.9,2706.4,2708.4
1335402000,2708.4,2712.2,2706.2,2706.4
1335416400,2706.4,2716.2,2705.2,2708.9
1335430800,2708.9,2710.7,2697.6,2702.6
1335445200,2702.6,2716.7,2700.6,2707.3
1335459600,2707.3,2732.2,2707.3,2726.1
1335474000,2726.1,2726.1,2717.1,2723.3
1335488400,2723.3,2724.8,2719.6,2720.7
1335502800,2720.7,2724.4,2711.4,2723.4
1335517200,2723.4,2736.7,2722.9,2734.1
1335531600,2734.1,2741.9,2720.7,2741.4
1335546000,2741.4,2748.4,2734.4,2740.2
1335733200,2740.2,2746.3,2739.2,2740.9
1335747600,2740.9,2744,2740.2,2742.9
1335762000,2742.9,2746.2,2735.7,2739.4
1335776400,2739.4,2740.2,2727.2,2732.3
1335790800,2732.3,2736.5,2719.7,2724.4
1335805200,2724.4,2726.7,2717.9,2722.7
1335819600,2722.7,2723.2,2720.2,2720.4
1335834000,2720.4,2724.9,2720.4,2724.2
1335848400,2724.2,2724.2,2719.2,2720.7
1335862800,2720.7,2727.2,2715.9,2722.4
1335877200,2722.4,2755.4,2713.1,2748.4
1335891600,2748.4,2748.4,2720.1,2721.6
1335906000,2721.6,2722.8,2719.6,2722.1
1335920400,2722.1,2727.6,2720.6,2727.6
1335934800,2727.6,2729.9,2716.9,2719.4
1335949200,2719.4,2722.4,2704.8,2705.6
1335963600,2705.6,2730.4,2704.6,2727.1
1335978000,2727.1,2733.9,2721.3,2731.3
1335992400,2731.3,2732.8,2730.1,2730.1
1336006800,2730.1,2730.3,2727.1,2728.3
1336021200,2728.3,2735.6,2727.1,2730.8
1336035600,2730.8,2740.3,2728.8,2736.1
1336050000,2736.1,2736.3,2707,2711.2
1336064400,2711.2,2712.7,2695.6,2698.6
1336078800,2698.6,2698.8,2694.6,2695.3
1336093200,2695.3,2698.8,2695.1,2697.1
1336107600,2697.1,2702.3,2692.2,2692.7
1336122000,2692.7,2702.7,2681.5,2686.9
1336136400,2686.9,2688.4,2639.2,2644.9
1336150800,2644.9,2647.9,2630.2,2630.4
1336338000,2630.4,2630.4,2589,2602
1336352400,2602,2603.7,2595.8,2601.4
1336366800,2601.4,2609.8,2597.5,2607.2
1336381200,2607.2,2619.7,2605.1,2619.3
1336395600,2619.3,2643.8,2618.5,2641.3
1336410000,2641.3,2650,2635,2641.5
1336424400,2641.5,2643.5,2636.3,2636.8
1336438800,2636.8,2638.3,2633.8,2637.3
1336453200,2637.3,2643.3,2620.2,2621.4
1336467600,2621.4,2633.4,2617.2,2624.2
1336482000,2624.2,2627.4,2585.2,2593.5
1336496400,2593.5,2636,2593.2,2627.5
1336510800,2627.5,2628.2,2621.5,2621.7
1336525200,2621.7,2622,2609.8,2613.9
1336539600,2613.9,2623.7,2605.9,2606.9
1336554000,2606.9,2611.2,2597.2,2599.9
1336568400,2599.9,2630.2,2586.2,2619.2
1336582800,2619.2,2633.9,2609.2,2610.9
1336597200,2610.9,2614.7,2602.7,2614.4
1336611600,2614.4,2623.2,2610.1,2621.6
1336626000,2621.6,2629.6,2615.1,2615.6
1336640400,2615.6,2636.4,2609.1,2632.6
1336654800,2632.6,2638.1,2604.6,2621.4
1336669200,2621.4,2624.4,2607.1,2611.7
1336683600,2611.7,2612.4,2602.6,2611.2
1336698000,2611.2,2611.4,2604.8,2608.1
1336712400,2608.1,2618.8,2603.8,2615.1
1336726800,2615.1,2617.8,2601.6,2603.8
1336741200,2603.8,2642.1,2599.6,2630.8
1336755600,2630.8,2633.8,2611.2,2614.6
1336942800,2614.6,2614.6,2606.8,2612.8
1336957200,2612.8,2614.3,2603.2,2606.4
1336971600,2606.4,2609.9,2586.4,2588.2
1336986000,2588.2,2595.9,2586.4,2592.2
1337000400,2592.2,2608.7,2585.2,2602.9
1337014800,2602.9,2609.7,2583.6,2586.4
1337029200,2586.4,2594.1,2586.4,2592.1
1337043600,2592.1,2592.9,2586.1,2590.8
1337058000,2590.8,2612.3,2590.8,2601.8
1337072400,2601.8,2610.1,2597.1,2597.4
1337086800,2597.4,2617.9,2588.9,2609.4
1337101200,2609.4,2612.4,2576.1,2581.8
1337115600,2581.8,2586.1,2579.8,2583.3
1337130000,2583.3,2584.6,2572.6,2574.1
1337144400,2574.1,2582.6,2565.1,2580.6
1337158800,2580.6,2596.8,2573.8,2589.1
1337173200,2589.1,2597.6,2574.6,2577.6
1337187600,2577.6,2580.3,2558,2561.75
1337202000,2561.75,2569.65,2556.75,2568.95
1337216400,2568.95,2571.25,2564.75,2570.75
1337230800,2570.75,2572.55,2559.85,2567.35
1337245200,2567.35,2567.35,2545.25,2562.3
1337259600,2562.3,2567.8,2527.1,2535.5
1337274000,2535.5,2547,2506.7,2510.5
1337288400,2510.5,2514.5,2508.7,2511.3
1337302800,2511.3,2513.2,2501.4,2502.7
1337317200,2502.7,2517.2,2493.7,2512.4
1337331600,2512.4,2522.7,2505.9,2511.9
1337346000,2511.9,2522.4,2484.4,2507.4
1337360400,2507.4,2508.4,2469.6,2473.2
1337547600,2473.2,2485.8,2466.3,2480.8
1337562000,2480.8,2487.1,2478.3,2484.7
1337576400,2484.7,2493.2,2477.9,2487.2
1337590800,2487.2,2490.9,2479,2479.9
1337605200,2479.9,2537.3,2476.8,2532.3
1337619600,2532.3,2547.3,2527.5,2545.3
1337634000,2545.3,2547.7,2544,2545.2
1337648400,2545.2,2545.9,2541.9,2544.4
1337662800,2544.4,2554.4,2542.8,2545
1337677200,2545,2555.5,2537.8,2547.3
1337691600,2547.3,2562.3,2541,2554.3
1337706000,2554.3,2559.3,2523.4,2537.5
1337720400,2537.5,2538.4,2527.2,2528.4
1337734800,2528.4,2534.9,2524.2,2526.7
1337749200,2526.7,2534.5,2519.7,2523.6
1337763600,2523.6,2524.6,2513.7,2523.5
1337778000,2523.5,2531,2498.7,2506.2
1337792400,2506.2,2553,2505.9,2539.9
1337806800,2539.9,2543.9,2531.4,2536.9
1337821200,2536.9,2542.9,2532.4,2533.2
1337835600,2533.2,2542.2,2522.7,2536.2
1337850000,2536.2,2556.3,2535.9,2554.2
1337864400,2554.2,2557.2,2524.9,2529.2
1337878800,2529.2,2541.4,2511.6,2540.4
1337893200,2540.4,2540.7,2535.1,2536.1
1337907600,2536.1,2539.1,2526.1,2528.4
1337922000,2528.4,2552.4,2528.1,2546.1
1337936400,2546.1,2548.9,2530.2,2530.4
1337950800,2530.4,2537.4,2521.6,2527.4
1337965200,2527.4,2534.9,2519.3,2527.05
1338152400,2527.05,2541.15,2527.05,2541.05
1338166800,2541.05,2544.75,2538.95,2544.65
1338181200,2544.65,2550.65,2539.65,2542.45
1338195600,2542.45,2548.15,2540.45,2542.7
1338210000,2542.7,2545.5,2534.5,2539.8
1338224400,2539.8,2540.8,2539.8,2539.8
1338238800,2539.8,2541.6,2532.7,2539.1
1338253200,2539.1,2546.4,2538.3,2545.9
1338267600,2545.9,2554.9,2545.7,2546.6
1338282000,2546.6,2549.2,2538.9,2543.6
1338296400,2543.6,2570.7,2535.4,2542.7
1338310800,2542.7,2565.7,2537.9,2559.9
1338325200,2559.9,2559.9,2549.4,2549.7
1338339600,2549.7,2551.2,2545.2,2549.2
1338354000,2549.2,2551.4,2539.6,2540.3
1338368400,2540.3,2552.8,2531.5,2539.1
1338382800,2539.1,2539.8,2521.1,2531.9
1338397200,2531.9,2545.9,2526.4,2530.9
1338411600,2530.9,2533.9,2524.6,2528.9
1338426000,2528.9,2532.8,2526.1,2532.2
1338440400,2532.2,2543.1,2532.1,2540.1
1338454800,2540.1,2542.8,2530.05,2536.8
1338469200,2536.8,2537.6,2506.8,2527.1
1338483600,2527.1,2540.1,2518.1,2522.1
1338498000,2522.1,2522.6,2512.1,2512.3
1338512400,2512.3,2516.9,2508.1,2516.2
1338526800,2516.2,2518.7,2502.5,2503
1338541200,2503,2503,2471.5,2481.5
1338555600,2481.5,2495.8,2472.5,2472.5
1338570000,2472.5,2474.1,2456.25,2459.55
1338757200,2459.55,2461.45,2434.75,2437.35
1338771600,2437.35,2442.15,2434.35,2438.55
1338786000,2438.55,2448.55,2437.55,2446.4
1338800400,2446.4,2465.9,2446.4,2462.8
1338814800,2462.8,2480.6,2443.7,2450.2
1338829200,2450.2,2478.9,2444.6,2472.9
1338843600,2472.9,2480.9,2470.6,2478.4
1338858000,2478.4,2483.6,2474.1,2481.2
1338872400,2481.2,2484.9,2463.1,2464.8
1338886800,2464.8,2477.1,2460.3,2471.1
1338901200,2471.1,2490.1,2466.6,2475.8
1338915600,2475.8,2492.1,2471.1,2489.8
1338930000,2489.8,2499.3,2487.6,2495.7
1338944400,2495.7,2509.7,2493.6,2505.8
1338958800,2505.8,2517.8,2497.6,2514.6
1338973200,2514.6,2520.8,2502.3,2504
1338987600,2504,2543.7,2503.5,2541.5
1339002000,2541.5,2552.9,2531,2550.4
1339016400,2550.4,2557.45,2550.4,2554.65
1339030800,2554.65,2560.75,2551.75,2553.55
1339045200,2553.55,2557.05,2549.35,2555.3
1339059600,2555.3,2569.8,2551.3,2563.1
1339074000,2563.1,2570.8,2543,2552.7
1339088400,2552.7,2559.7,2532.7,2539
1339102800,2539,2541.4,2527.4,2528.7
1339117200,2528.7,2532.6,2523.4,2530.8
1339131600,2530.8,2531.3,2518.2,2521.6
1339146000,2521.6,2534.1,2520.3,2528.8
1339160400,2528.8,2549.5,2522,2547.2
1339174800,2547.2,2563.2,2546.7,2561.9
1339362000,2561.9,2603.3,2561.9,2594.6
1339376400,2594.6,2596.6,2589.8,2594.1
1339390800,2594.1,2597.3,2584.3,2585.6
1339405200,2585.6,2588.3,2570.3,2576.1
1339419600,2576.1,2579.1,2546.4,2552.7
1339434000,2552.7,2558.4,2513.6,2516
1339448400,2516,2521.1,2511.2,2520.1
1339462800,2520.1,2528.1,2518.6,2526.3
1339477200,2526.3,2533.9,2519.8,2532.1
1339491600,2532.1,2533.6,2519.8,2525.1
1339506000,2525.1,2542.9,2510.2,2529.1
1339520400,2529.1,2551.4,2527.8,2548.1
1339534800,2548.1,2548.6,2544.3,2545.3
1339549200,2545.3,2547.8,2542.1,2546.6
1339563600,2546.6,2553.3,2541.1,2543.3
1339578000,2543.3,2549.6,2537,2540.3
1339592400,2540.3,2557.8,2530.5,2550.6
1339606800,2550.6,2554.3,2519.2,2526.1
1339621200,2526.1,2533.3,2526.1,2530.8
1339635600,2530.8,2542.4,2529.5,2541.6
1339650000,2541.6,2542.3,2528.7,2531.2
1339664400,2531.2,2535.5,2522.1,2532.9
1339678800,2532.9,2545.8,2514.3,2542.9
1339693200,2542.9,2547.6,2520.9,2543.7
1339707600,2543.7,2544.5,2538.5,2539.3
1339722000,2539.3,2546.4,2538.8,2544.6
1339736400,2544.6,2552.5,2541.7,2551.2
1339750800,2551.2,2554.2,2542,2542.1
1339765200,2542.1,2563,2538.7,2558.5
1339779600,2558.5,2573,2557.8,2569.5
1339966800,2569.5,2590.8,2569.5,2587.9
1339981200,2587.9,2587.9,2579.1,2581.8
1339995600,2581.8,2584.3,2560.8,2567.7
1340010000,2567.7,2575.9,2556.3,2558.8
1340024400,2558.8,2590.1,2554.3,2584.4
1340038800,2584.4,2599.4,2582.9,2595.6
1340053200,2595.6,2600.9,2595.1,2598.35
1340067600,2598.35,2599.05,2593.95,2594.85
1340082000,2594.85,2600.95,2590.05,2597.65
1340096400,2597.65,2606.15,2593.35,2601.95
1340110800,2601.95,2625.4,2600.85,2623.8
1340125200,2623.8,2630.9,2616.9,2617.9
1340139600,2617.9,2619.4,2613.1,2613.7
1340154000,2613.7,2616.9,2613.6,2616.3
1340168400,2616.3,2623.9,2615.1,2623.4
1340182800,2623.4,2627.4,2618.8,2623.6
1340197200,2623.6,2628.7,2602.5,2623.3
1340211600,2623.3,2632.9,2606,2624.6
1340226000,2624.6,2624.6,2618.1,2618.9
1340240400,2618.9,2620.6,2611,2611.3
1340254800,2611.3,2617.7,2608,2614.5
1340269200,2614.5,2625.3,2612.5,2618.4
1340283600,2618.4,2623,2577.2,2580
1340298000,2580,2582.5,2553.6,2557.35
1340312400,2557.35,2563.15,2556.35,2560.05
1340326800,2560.05,2563.15,2558.85,2560.55
1340341200,2560.55,2565.55,2554.15,2564.65
1340355600,2564.65,2567.85,2553.35,2562.4
1340370000,2562.4,2572.6,2557.9,2569.6
1340384400,2569.6,2586.4,2567.6,2580.6
1340571600,2580.6,2580.95,2568.5,2568.8
1340586000,2568.8,2572.3,2567.8,2571.1
1340600400,2571.1,2573.3,2561.7,2563.9
1340614800,2563.9,2565.2,2558.1,2559.8
1340629200,2559.8,2563.5,2525.6,2532.4
1340643600,2532.4,2540.7,2527.1,2533.6
1340658000,2533.6,2540,2532.6,2537.9
1340672400,2537.9,2540.1,2535.4,2537.1
1340686800,2537.1,2544.4,2536.1,2536.4
1340701200,2536.4,2542.6,2533.1,2537.2
1340715600,2537.2,2554.4,2529.9,2545.9
1340730000,2545.9,2555.9,2538.6,2551.85
1340744400,2551.85,2552.65,2547.15,2548.15
1340758800,2548.15,2555.65,2547.15,2554.95
1340773200,2554.95,2558.15,2549.05,2552.15
1340787600,2552.15,2558.65,2550.05,2552.8
1340802000,2552.8,2575.9,2551.6,2569.4
1340816400,2569.4,2571.4,2556.1,2563.45
1340830800,2563.45,2567.55,2560.35,2567.35
1340845200,2567.35,2567.85,2562.35,2566.45
1340859600,2566.45,2569.35,2545.25,2549.55
1340874000,2549.55,2560.85,2544.45,2547.5
1340888400,2547.5,2547.8,2517.2,2521.7
1340902800,2521.7,2537.8,2507.8,2529.95
1340917200,2529.95,2532.25,2523.35,2527.45
1340931600,2527.45,2567.5,2526,2560
1340946000,2560,2571.2,2558.1,2563.8
1340960400,2563.8,2582.5,2560.8,2579.8
1340974800,2579.8,2601.1,2576.7,2601.1
1340989200,2601.1,2620.6,2600.8,2617.1
1341176400,2617.1,2620,2606.1,2608.3
1341190800,2608.3,2610.2,2605.2,2606.7
1341205200,2606.7,2622.5,2604.9,2619
1341219600,2619,2620.2,2610.4,2614.4
1341234000,2614.4,2624.4,2603.9,2616.7
1341248400,2616.7,2624.2,2612.2,2617.95
1341262800,2617.95,2623.15,2617.65,2618.15
1341277200,2618.15,2626.65,2617.65,2624.15
1341291600,2624.15,2625.45,2618.55,2621.15
1341306000,2621.15,2625.9,2619.35,2624.6
1341320400,2624.6,2645.2,2620.1,2644.7
1341334800,2644.7,2646.7,2640.9,2641.7
1341349200,2641.7,2646.4,2641.7,2645.9
1341363600,2645.9,2648.7,2644.6,2646.4
1341378000,2646.4,2647.8,2637.1,2640.1
1341392400,2640.1,2643.1,2636.9,2639.7
1341406800,2639.7,2646.9,2638.2,2645.7
1341421200,2645.7,2645.7,2645.7,2645.7
1341435600,2645.7,2645.7,2639.55,2641.55
1341450000,2641.55,2642.35,2636.1,2639.7
1341464400,2639.7,2648.8,2638.6,2647.3
1341478800,2647.3,2658.1,2636.1,2640.8
1341493200,2640.8,2655.1,2628.5,2651.1
1341507600,2651.1,2659.8,2643.6,2647.3
1341522000,2647.3,2648.1,2643.5,2644.3
1341536400,2644.3,2645.2,2639.5,2639.5
1341550800,2639.5,2645.7,2639.5,2642.6
1341565200,2642.6,2645.8,2630.2,2632.2
1341579600,2632.2,2638.8,2596.9,2603.7
1341594000,2603.7,2614.5,2594.7,2612.7
1341781200,2612.7,2612.7,2606.1,2607.6
1341795600,2607.6,2611.3,2604.8,2607.3
1341810000,2607.3,2608.1,2600.5,2601.5
1341824400,2601.5,2612.6,2600.7,2611.1
1341838800,2611.1,2619.3,2595.5,2600
1341853200,2600,2612.2,2597.8,2607
1341867600,2607,2609.2,2606,2606.6
1341882000,2606.6,2607.6,2599.6,2601.1
1341896400,2601.1,2616.8,2598.2,2613.5
1341910800,2613.5,2622.8,2611,2622.8
1341925200,2622.8,2629,2588.1,2598.2
1341939600,2598.2,2600.7,2572.4,2581.9
1341954000,2581.9,2581.9,2576.7,2577.4
1341968400,2577.4,2584.9,2577.2,2582.9
1341982800,2582.9,2588.7,2578.9,2588.4
1341997200,2588.4,2592.9,2579.7,2580.7
1342011600,2580.7,2585.9,2565.1,2570.8
1342026000,2570.8,2574.9,2546.6,2569.6
1342040400,2569.6,2572.9,2567.7,2568.7
1342054800,2568.7,2570,2559.3,2559.3
1342069200,2559.3,2561.8,2548.1,2551.6
1342083600,2551.6,2556.1,2545.2,2546.8
1342098000,2546.8,2549.3,2520,2537.9
1342112400,2537.9,2553.8,2537.5,2544.2
1342126800,2544.2,2548,2543,2545.3
1342141200,2545.3,2554.8,2545.1,2551.5
1342155600,2551.5,2552.8,2544.8,2547.3
1342170000,2547.3,2557.8,2547.1,2548.8
1342184400,2548.8,2578.8,2545.7,2576.5
1342198800,2576.5,2588.3,2575.5,2581.8
1342386000,2581.8,2581.8,2575.7,2575.9
1342400400,2575.9,2576.4,2572.9,2575.1
1342414800,2575.1,2577.4,2571.3,2573.8
1342429200,2573.8,2577.9,2572.1,2574.8
1342443600,2574.8,2587.9,2564.9,2574.2
1342458000,2574.2,2583.4,2569.6,2575.4
1342472400,2575.4,2577.9,2573.6,2577.2
1342486800,2577.2,2589.7,2575.6,2588.4
1342501200,2588.4,2589.9,2585.2,2586.7
1342515600,2586.7,2590.3,2583.8,2588.6
1342530000,2588.6,2596.1,2551.5,2581.8
1342544400,2581.8,2597.3,2581.1,2590.3
1342558800,2590.3,2592.8,2589.1,2589.8
1342573200,2589.8,2590.8,2585.3,2587.6
1342587600,2587.6,2590.6,2581.5,2589.3
1342602000,2589.3,2589.6,2580,2582.7
1342616400,2582.7,2631.8,2580.4,2628.6
1342630800,2628.6,2633.3,2614.1,2633.1
1342645200,2633.1,2636.3,2631.6,2635.1
1342659600,2635.1,2639.5,2633.3,2637.6
1342674000,2637.6,2639.1,2632.6,2634.3
1342688400,2634.3,2643.1,2633.6,2640.6
1342702800,2640.6,2661.3,2637.3,2653.8
1342717200,2653.8,2660.6,2644.1,2658.3
1342731600,2658.3,2658.6,2651,2652.7
1342746000,2652.7,2657.8,2651.9,2656.3
1342760400,2656.3,2660.8,2653.9,2660.8
1342774800,2660.8,2661,2645,2647.8
1342789200,2647.8,2652.8,2621.7,2628.7
1342803600,2628.7,2630.5,2616.2,2618.3
1342990800,2618.3,2618.3,2607.2,2609.1
1343005200,2609.1,2610.3,2603.1,2603.2
1343019600,2603.2,2604.6,2590.4,2591.9
1343034000,2591.9,2592.9,2571.7,2573.4
1343048400,2573.4,2577.7,2546.1,2575.2
1343062800,2575.2,2593.9,2573.1,2577.9
1343077200,2577.9,2584.4,2572.6,2580.4
1343091600,2580.4,2587.3,2579.6,2586.1
1343106000,2586.1,2588.8,2571.7,2581.2
1343120400,2581.2,2585.9,2571.9,2585.4
1343134800,2585.4,2592.9,2556.8,2568.1
1343149200,2568.1,2569.3,2520,2521.1
1343163600,2521.1,2527.1,2520.9,2523.7
1343178000,2523.7,2531.9,2522.9,2530.2
1343192400,2530.2,2539.4,2526.1,2536.7
1343206800,2536.7,2550.4,2534.6,2548.9
1343221200,2548.9,2561.8,2531.6,2548.9
1343235600,2548.9,2563.5,2542.1,2547.9
1343250000,2547.9,2549.9,2543.3,2546.8
1343264400,2546.8,2549.1,2543.1,2546.8
1343278800,2546.8,2550.1,2535.8,2537.1
1343293200,2537.1,2584.4,2532.8,2578.9
1343307600,2578.9,2596.4,2564.8,2575.6
1343322000,2575.6,2590.4,2573.8,2578.05
1343336400,2578.05,2580.55,2575.85,2577.35
1343350800,2577.35,2586.35,2576.85,2584.6
1343365200,2584.6,2594.1,2576.8,2577.3
1343379600,2577.3,2596.1,2575.6,2592.1
1343394000,2592.1,2624.6,2591.1,2622.6
1343408400,2622.6,2648.9,2621.8,2647.9
1343595600,2647.9,2647.9,2637.7,2638.2
1343610000,2638.2,2644,2636.7,2639.4
1343624400,2639.4,2643.9,2638.1,2640.5
1343638800,2640.5,2648.6,2639.1,2648.1
1343653200,2648.1,2660.5,2633.9,2637.7
1343667600,2637.7,2643.5,2631.3,2640.95
1343682000,2640.95,2642.65,2636.95,2637.95
1343696400,2637.95,2650.15,2637.95,2649.15
1343710800,2649.15,2652.45,2641.95,2645.65
1343725200,2645.65,2651.15,2644.15,2645.95
1343739600,2645.95,2655.2,2637.2,2638.6
1343754000,2638.6,2650.7,2634.1,2638.6
1343768400,2638.6,2639.1,2635.4,2636
1343782800,2636,2641.1,2633.2,2640.6
1343797200,2640.6,2653.4,2640.4,2649.9
1343811600,2649.9,2656.4,2646.9,2654.4
1343826000,2654.4,2658.9,2636.8,2642.8
1343840400,2642.8,2645.6,2621.1,2628.05
1343854800,2628.05,2632.35,2625.15,2627.85
1343869200,2627.85,2634.85,2627.55,2634.55
1343883600,2634.55,2635.05,2627.65,2632.85
1343898000,2632.85,2651.1,2605,2607.8
1343912400,2607.8,2648.1,2603,2613.5
1343926800,2613.5,2625.8,2607.1,2621.3
1343941200,2621.3,2622.3,2618.8,2621.6
1343955600,2621.6,2625.8,2620.2,2623
1343970000,2623,2641.3,2622.2,2638.5
1343984400,2638.5,2657.8,2638,2657.3
1343998800,2657.3,2681.8,2655.5,2677.8
1344013200,2677.8,2684,2670.5,2674.6
1344200400,2674.6,2682.4,2674.4,2682.1
1344214800,2682.1,2682.6,2675.5,2679.1
1344229200,2679.1,2687.3,2677.5,2683.8
1344243600,2683.8,2687.3,2682.7,2684.7
1344258000,2684.7,2704.1,2679.9,2703.1
1344272400,2703.1,2703.6,2690.1,2690.6
1344286800,2690.6,2691.4,2689.4,2689.9
1344301200,2689.9,2697.3,2688.6,2696.6
1344315600,2696.6,2707.1,2694.6,2703.1
1344330000,2703.1,2709.1,2699.3,2704.6
1344344400,2704.6,2725.3,2699.1,2721.8
1344358800,2721.8,2722.8,2709.8,2712.6
1344373200,2712.6,2712.8,2708.1,2710.1
1344387600,2710.1,2714.8,2709.3,2713.6
1344402000,2713.6,2714.8,2709.8,2710.4
1344416400,2710.4,2712.8,2704.8,2705
1344430800,2705,2719.2,2703.5,2713.8
1344445200,2713.8,2716.3,2708.75,2709.75
1344459600,2709.75,2709.8,2707.8,2708.5
1344474000,2708.5,2724,2708.5,2723.5
1344488400,2723.5,2725.8,2712.4,2715.2
1344502800,2715.2,2719,2706.2,2714.5
1344517200,2714.5,2725,2707.7,2717.2
1344531600,2717.2,2721.95,2715.2,2720.35
1344546000,2720.35,2720.55,2715.05,2715.75
1344560400,2715.75,2715.75,2711.15,2712.45
1344574800,2712.45,2716.95,2708.45,2715.45
1344589200,2715.45,2715.65,2709.15,2712.7
1344603600,2712.7,2717.4,2704.4,2713.7
1344618000,2713.7,2725.2,2711.7,2723.4
1344805200,2723.4,2724.1,2716.5,2716.5
1344819600,2716.5,2719.9,2714.3,2716.9
1344834000,2716.9,2720.3,2714.1,2719.8
1344848400,2719.8,2727.9,2719.8,2722.8
1344862800,2722.8,2727.3,2707.8,2720.8
1344877200,2720.8,2731.55,2719,2730.55
1344891600,2730.55,2731.55,2728.45,2731.45
1344906000,2731.45,2740.05,2731.45,2736.65
1344920400,2736.65,2740.25,2734.95,2735.7
1344934800,2735.7,2743.25,2732.35,2741.2
1344949200,2741.2,2745,2730.7,2734.2
1344963600,2734.2,2738,2722.9,2726.95
1344978000,2726.95,2727.35,2723.45,2723.65
1344992400,2723.65,2725.15,2722.45,2723.95
1345006800,2723.95,2729.15,2720.65,2725.45
1345021200,2725.45,2728.9,2722.65,2725.7
1345035600,2725.7,2740.9,2725.2,2738.2
1345050000,2738.2,2744.15,2730.1,2743.45
1345064400,2743.45,2746.55,2741.85,2745.35
1345078800,2745.35,2749.65,2743.85,2747.35
1345093200,2747.35,2750.35,2740.35,2742.6
1345107600,2742.6,2750.95,2740.35,2746.7
1345122000,2746.7,2767.1,2743.9,2766.4
1345136400,2766.4,2775.9,2763.6,2768.7
1345150800,2768.7,2769.4,2765.7,2765.7
1345165200,2765.7,2768.6,2765.4,2766.8
1345179600,2766.8,2771.1,2766.1,2770.3
1345194000,2770.3,2773.3,2767.6,2771.1
1345208400,2771.1,2779.3,2769.1,2774.6
1345222800,2774.6,2782.3,2774.3,2778.6
1345410000,2778.6,2782.1,2777.6,2779.9
1345424400,2779.9,2780.2,2776.4,2778.4
1345438800,2778.4,2781.7,2777.2,2781.2
1345453200,2781.2,2783.4,2775.7,2780.7
1345467600,2780.7,2785.7,2768.9,2779.4
1345482000,2779.4,2785.9,2775.1,2782.1
1345496400,2782.1,2784.9,2782.1,2782.9
1345510800,2782.9,2784.9,2781.6,2784.3
1345525200,2784.3,2791.4,2782.7,2788.7
1345539600,2788.7,2795.4,2786.2,2792.9
1345554000,2792.9,2803.9,2774.3,2776.3
1345568400,2776.3,2779.1,2763.6,2776.1
1345582800,2776.1,2776.5,2769.3,2769.8
1345597200,2769.8,2771.6,2766.3,2771.3
1345611600,2771.3,2774.8,2766.3,2774.1
1345626000,2774.1,2774.1,2766.7,2769.9
1345640400,2769.9,2778,2761,2767.3
1345654800,2767.3,2791.3,2766,2784.2
1345669200,2784.2,2787.3,2782.7,2787
1345683600,2787,2793.3,2786.5,2790.5
1345698000,2790.5,2793.8,2784.1,2786.8
1345712400,2786.8,2791.3,2773.7,2774.9
1345726800,2774.9,2781.5,2756.7,2764.3
1345741200,2764.3,2774,2756,2761.85
1345755600,2761.85,2765.25,2761.75,2762.45
1345770000,2762.45,2765.45,2761.85,2764.15
1345784400,2764.15,2769.15,2760.65,2764.65
1345798800,2764.65,2766.25,2755.4,2756.4
1345813200,2756.4,2782.4,2752.2,2781.9
1345827600,2781.9,2786.9,2774.9,2778.2
1346014800,2778.2,2789.8,2778.2,2789.3
1346029200,2789.3,2790.4,2784,2786.3
1346043600,2786.3,2789.8,2782.3,2788.7
1346058000,2788.7,2797.3,2785.2,2791.6
1346072400,2791.6,2795.3,2779.3,2787.3
1346086800,2787.3,2790.8,2777.95,2784.25
1346101200,2784.25,2786.15,2781.45,2781.95
1346115600,2781.95,2782.95,2777.45,2779.45
1346130000,2779.45,2788.35,2779.15,2786.75
1346144400,2786.75,2790.55,2778.7,2779.7
1346158800,2779.7,2792,2772.5,2788.7
1346173200,2788.7,2789.2,2782.4,2782.65
1346187600,2782.65,2786.05,2782.45,2784.95
1346202000,2784.95,2787.65,2783.45,2787.45
1346216400,2787.45,2789.45,2778.15,2779.15
1346230800,2779.15,2789.2,2778.45,2786.7
1346245200,2786.7,2790.9,2772.6,2783.6
1346259600,2783.6,2791.4,2781.85,2782.35
1346274000,2782.35,2783.65,2776.6,2776.7
1346288400,2776.7,2778.7,2773.4,2774.2
1346302800,2774.2,2777.9,2773.7,2774.2
1346317200,2774.2,2776.9,2769.8,2771.6
1346331600,2771.6,2774.3,2751.6,2756.8
1346346000,2756.8,2764.3,2752.1,2754.8
1346360400,2754.8,2758.6,2753.4,2758.3
1346374800,2758.3,2759.1,2756.3,2756.8
1346389200,2756.8,2764.4,2754.9,2764.4
1346403600,2764.4,2783.3,2764.4,2782.2
1346418000,2782.2,2786.3,2746.5,2770.1
1346432400,2770.1,2778.3,2761.5,2774.3
1346619600,2774.3,2775.4,2760.6,2761.3
1346634000,2761.3,2773.9,2760.9,2773.6
1346648400,2773.6,2780.1,2768.2,2775.9
1346662800,2775.9,2779.2,2774.6,2778.9
1346677200,2778.9,2782.5,2776.1,2780.7
1346691600,2780.7,2780.7,2780.7,2780.7
1346706000,2780.7,2781.5,2774.8,2777.8
1346720400,2777.8,2783.6,2777.6,2780.3
1346734800,2780.3,2783.3,2776.8,2777.3
1346749200,2777.3,2779.6,2768.6,2768.6
1346763600,2768.6,2773.3,2744,2757
1346778000,2757,2781.4,2757,2773.9
1346792400,2773.9,2776.2,2770.2,2773.5
1346806800,2773.5,2774.4,2767,2768.3
1346821200,2768.3,2768.3,2758,2759.8
1346835600,2759.8,2772.3,2759.6,2771.2
1346850000,2771.2,2781.5,2760.7,2777.7
1346864400,2777.7,2778,2764.2,2770.4
1346878800,2770.4,2772.1,2768,2772
1346893200,2772,2778,2770.2,2773.5
1346907600,2773.5,2787,2773.1,2785.1
1346922000,2785.1,2786.5,2774.9,2780.9
1346936400,2780.9,2827.9,2779.7,2824.4
1346950800,2824.4,2830.2,2823.4,2829.9
1346965200,2829.9,2830.7,2826.2,2827.2
1346979600,2827.2,2829.2,2824.7,2828.2
1346994000,2828.2,2836.7,2827.2,2832.9
1347008400,2832.9,2836.9,2823.4,2826.3
1347022800,2826.3,2830.3,2818.1,2824.6
1347037200,2824.6,2826.4,2821.1,2824.6
1347224400,2824.6,2824.6,2818.6,2818.8
1347238800,2818.8,2820.3,2816.7,2817.2
1347253200,2817.2,2820.5,2815.7,2818.2
1347267600,2818.2,2819.5,2816.7,2817.3
1347282000,2817.3,2824.2,2805.7,2809.2
1347296400,2809.2,2811.2,2782.45,2784.15
1347310800,2784.15,2787.65,2783.95,2787.15
1347325200,2787.15,2787.15,2778.45,2779.15
1347339600,2779.15,2795.15,2778.95,2789.15
1347354000,2789.15,2795.95,2785.95,2792.95
1347368400,2792.95,2800.2,2784.9,2791.9
1347382800,2791.9,2797.7,2779.35,2780.85
1347397200,2780.85,2785.85,2778.35,2783.05
1347411600,2783.05,2790.15,2782.85,2789.95
1347426000,2789.95,2798.65,2779.85,2795.45
1347440400,2795.45,2800.65,2790.95,2794.15
1347454800,2794.15,2799.9,2780.8,2789.3
1347469200,2789.3,2798.85,2775.8,2795.55
1347483600,2795.55,2797.55,2793.55,2794.35
1347498000,2794.35,2797.85,2793.05,2793.85
1347512400,2793.85,2794.05,2786.05,2786.05
1347526800,2786.05,2794.5,2785.85,2793.9
1347541200,2793.9,2821.3,2791.7,2816.5
1347555600,2816.5,2842.3,2816.2,2828.2
1347570000,2828.2,2835.8,2828.2,2835.8
1347584400,2835.8,2838.8,2833.6,2838.3
1347598800,2838.3,2839.8,2832.8,2837.8
1347613200,2837.8,2845.5,2835.7,2836.7
1347627600,2836.7,2865.5,2835.2,2862.7
1347642000,2862.7,2863.5,2848.7,2857.5
1347829200,2857.45,2857.45,2848.85,2850.65
1347843600,2850.65,2850.85,2847.45,2849.05
1347858000,2849.05,2853.05,2846.55,2853.05
1347872400,2853.05,2856.8,2850.35,2856.1
1347886800,2856.1,2858.6,2846.2,2851.8
1347901200,2851.8,2856.55,2846.2,2852.75
1347915600,2852.75,2854.75,2851.15,2851.15
1347930000,2851.15,2857.75,2849.45,2857.45
1347944400,2857.45,2857.45,2844.95,2848.85
1347958800,2848.85,2853.5,2844.15,2851.2
1347973200,2851.2,2860,2848.4,2854.4
1347987600,2854.4,2860.2,2851.2,2859.7
1348002000,2859.7,2860.4,2856.9,2858.9
1348016400,2858.9,2868.4,2857.4,2867.2
1348030800,2867.2,2868.7,2860.4,2861.7
1348045200,2861.7,2864.4,2858.7,2861.2
1348059600,2861.2,2868.2,2850.4,2866.4
1348074000,2866.4,2872.2,2858.85,2859.55
1348088400,2859.55,2863.65,2858.95,2861.35
1348102800,2861.35,2862.05,2851.55,2853.55
1348117200,2853.55,2855.45,2844.85,2851.6
1348131600,2851.6,2851.6,2851.55,2851.6
1348146000,2851.6,2859.3,2843.1,2853.3
1348160400,2853.3,2863.6,2852.1,2861.35
1348174800,2861.35,2867.05,2860.55,2866.55
1348189200,2866.55,2867.85,2863.85,2866.35
1348203600,2866.35,2870.55,2863.25,2869.55
1348218000,2869.55,2872.65,2862.45,2872.45
1348232400,2872.45,2877.4,2868.6,2872.6
1348246800,2872.6,2873.4,2858.1,2858.5
1348434000,2858.5,2862.75,2857.95,2859.8
1348448400,2859.8,2859.8,2851.1,2857.1
1348462800,2857.1,2858.8,2850.9,2852.4
1348477200,2852.4,2853.4,2837.9,2838.1
1348491600,2838.1,2846.9,2832.1,2839.1
1348506000,2839.1,2849.7,2833.1,2845.9
1348520400,2845.9,2850.8,2844.1,2850.1
1348534800,2850.1,2853.3,2849.6,2851.1
1348549200,2851.1,2852.3,2844.4,2845.6
1348563600,2845.6,2855.9,2843.7,2855.4
1348578000,2855.4,2858.3,2837.2,2840.7
1348592400,2840.7,2843.5,2803.95,2811.65
1348606800,2811.65,2812.45,2809.15,2810.95
1348621200,2810.95,2812.4,2807.6,2808.6
1348635600,2808.6,2810.8,2801.1,2804.4
1348650000,2804.4,2808.8,2796.6,2800.7
1348664400,2800.7,2802.4,2767.5,2781.8
1348678800,2781.8,2792.1,2777.5,2783.85
1348693200,2783.85,2787.05,2783.85,2785.55
1348707600,2785.55,2791.55,2785.05,2789.05
1348722000,2789.05,2794.05,2785.95,2787.45
1348736400,2787.45,2793.45,2786,2789.1
1348750800,2789.1,2817.8,2783.3,2813.6
1348765200,2813.6,2826.3,2812.3,2819.85
1348779600,2819.85,2822.05,2818.55,2821.85
1348794000,2821.85,2822.05,2817.15,2819.75
1348808400,2819.75,2824.15,2817.75,2823.95
1348822800,2823.95,2824.45,2806.2,2811.1
1348837200,2811.1,2818.8,2793.7,2807.7
1348851600,2807.7,2816.2,2795.2,2797.2
1349038800,2797.2,2797.2,2784.8,2795.1
1349053200,2795.1,2795.3,2783.7,2785.2
1349067600,2785.2,2812.3,2785.2,2812.1
1349082000,2812.1,2815.3,2810.1,2813.8
1349096400,2813.8,2827.3,2797.5,2801.3
1349110800,2801.3,2803.9,2782.6,2792.6
1349125200,2792.6,2796.55,2791.25,2794.65
1349139600,2794.65,2795.75,2791.65,2792.65
1349154000,2792.65,2805.05,2791.75,2804.8
1349168400,2804.8,2808.85,2803.55,2804.7
1349182800,2804.7,2810.9,2787.7,2788.5
1349197200,2788.5,2802.8,2777.7,2799.5
1349211600,2799.5,2801.5,2798,2801.1
1349226000,2801.1,2801.6,2795.9,2797.4
1349240400,2797.4,2803.6,2792.9,2800.6
1349254800,2800.6,2809.6,2800.1,2806.3
1349269200,2806.3,2822,2797.3,2818.7
1349283600,2818.7,2818.9,2805.7,2814.95
1349298000,2814.95,2823.55,2814.95,2819.45
1349312400,2819.45,2830.45,2814.65,2829.95
1349326800,2829.95,2831.45,2817.15,2819.65
1349341200,2819.65,2828.65,2818.15,2824.4
1349355600,2824.4,2831.05,2812.8,2821.75
1349370000,2821.75,2834.75,2820.45,2827.15
1349384400,2827.15,2831.15,2826.45,2830.05
1349398800,2830.05,2832.15,2829.15,2830.35
1349413200,2830.35,2830.65,2826.85,2828.15
1349427600,2828.15,2844.3,2827.45,2840.4
1349442000,2840.4,2845.4,2819.2,2827.3
1349456400,2827.3,2829.4,2804.7,2811.3
1349643600,2811.3,2812.8,2804.9,2806.9
1349658000,2806.9,2806.9,2801.8,2802.6
1349672400,2802.6,2806.6,2793.8,2796.6
1349686800,2796.6,2798.8,2792.1,2794.8
1349701200,2794.8,2801.3,2779.3,2784.3
1349715600,2784.3,2792.8,2780.3,2781.1
1349730000,2781.1,2788.3,2780.8,2787.6
1349744400,2787.6,2791.3,2786.1,2786.6
1349758800,2786.6,2788.8,2771.7,2773.9
1349773200,2773.9,2783.9,2771.2,2780.9
1349787600,2780.9,2781.9,2734.35,2740.55
1349802000,2740.55,2751.25,2736.95,2740.75
1349816400,2740.75,2740.95,2731.25,2734.85
1349830800,2734.85,2741.55,2733.05,2741.35
1349845200,2741.35,2741.55,2734.55,2736.65
1349859600,2736.65,2742.95,2729.95,2740.45
1349874000,2740.45,2747.95,2724.35,2725.35
1349888400,2725.35,2731.65,2718.9,2723.4
1349902800,2723.4,2727.7,2719.3,2727.4
1349917200,2727.4,2732.9,2725.2,2729.2
1349931600,2729.2,2740.4,2727.3,2737.2
1349946000,2737.2,2745.2,2736.3,2743.8
1349960400,2743.8,2749.3,2724.55,2728.35
1349974800,2728.35,2730.85,2716.4,2720
1349989200,2720,2722.7,2719.4,2720.5
1350003600,2720.5,2725.7,2718,2718.5
1350018000,2718.5,2724.4,2714,2720
1350032400,2720,2724.6,2714.5,2721.85
1350046800,2721.85,2732.55,2711.45,2718.95
1350061200,2718.95,2726.35,2713.65,2717.25
1350248400,2717.25,2719.35,2709.05,2712.55
1350262800,2712.55,2718.65,2711.05,2716.55
1350277200,2716.55,2731.65,2715.75,2729.75
1350291600,2729.75,2733.85,2728.05,2728.05
1350306000,2728.05,2733.05,2710.55,2729.05
1350320400,2729.05,2739.85,2721.15,2736.05
1350334800,2736.05,2740.75,2734.55,2736.85
1350349200,2736.85,2740.05,2733.85,2740.05
1350363600,2740.05,2744.05,2737.35,2740.3
1350378000,2740.3,2752.05,2737.75,2749.65
1350392400,2749.65,2777.85,2739.95,2772.05
1350406800,2772.05,2781.05,2767.55,2769.85
1350421200,2769.85,2771.6,2767.85,2771.6
1350435600,2771.6,2772.6,2760.7,2761
1350450000,2761,2767.3,2760,2765.5
1350464400,2765.5,2771.3,2762.6,2765.25
1350478800,2765.25,2782.55,2757.75,2780.45
1350493200,2780.45,2781.05,2767.25,2775.5
1350507600,2775.5,2776.1,2773.8,2774.3
1350522000,2774.3,2777.9,2773.2,2775.4
1350536400,2775.4,2775.4,2766.3,2773.9
1350550800,2773.9,2775.5,2761.95,2762.25
1350565200,2762.25,2773.75,2744.25,2747.65
1350579600,2747.65,2748.45,2731.6,2735.65
1350594000,2735.65,2741.05,2735.65,2740.25
1350608400,2740.25,2740.65,2735.35,2735.9
1350622800,2735.9,2737.5,2730.1,2730.6
1350637200,2730.6,2732.65,2726.5,2732.35
1350651600,2732.35,2739.85,2680.75,2684.95
1350666000,2684.95,2689.55,2669.8,2670.5
1350853200,2670.5,2671.9,2661.1,2671.6
1350867600,2671.6,2681.3,2671.4,2681.1
1350882000,2681.1,2682.9,2674.2,2681.9
1350896400,2681.9,2686.4,2674.6,2675.1
1350910800,2675.1,2689.9,2672.6,2680.6
1350925200,2680.6,2697.4,2668.3,2696.4
1350939600,2696.4,2698.65,2692.85,2692.85
1350954000,2692.85,2694.35,2688.55,2689.55
1350968400,2689.55,2689.55,2671.65,2671.95
1350982800,2671.95,2674.95,2660.25,2663.25
1350997200,2663.25,2681.8,2655,2679
1351011600,2679,2686,2660.5,2666.8
1351026000,2666.8,2672.1,2666.6,2672.1
1351040400,2672.1,2678.8,2671.8,2675.3
1351054800,2675.3,2675.6,2660.9,2669.7
1351069200,2669.7,2676.5,2665.2,2675.9
1351083600,2675.9,2683.75,2651.4,2663.2
1351098000,2663.2,2666.5,2649.7,2657.9
1351112400,2657.9,2660.4,2654.2,2659.7
1351126800,2659.7,2667.9,2657.4,2662.7
1351141200,2662.7,2673.3,2662.4,2670.2
1351155600,2670.2,2674.4,2668.4,2671.4
1351170000,2671.4,2676.7,2645.6,2654.8
1351184400,2654.8,2660.9,2607.8,2640.9
1351198800,2640.9,2651.4,2631.7,2649.1
1351213200,2649.1,2649.7,2631,2632.3
1351227600,2632.3,2639.6,2626.8,2631.9
1351242000,2631.9,2657.85,2631.8,2652.75
1351256400,2652.75,2669.85,2632.85,2645.3
1351270800,2645.3,2672.35,2640.1,2664.05
1351458000,2664.05,2664.05,2650.65,2653.45
1351472400,2653.45,2659.45,2650.65,2650.65
1351486800,2650.65,2654.45,2644.75,2645.45
1351501200,2645.45,2647.15,2637.15,2642.15
1351515600,2642.15,2647.15,2642.15,2647.15
1351544400,2647.15,2647.2,2635.35,2641.35
1351558800,2641.35,2642.45,2629.45,2637.65
1351573200,2637.65,2653.65,2634.85,2652.15
1351587600,2652.15,2655.15,2648.35,2653.35
1351602000,2653.35,2659.85,2651.85,2658.4
1351630800,2658.4,2663.6,2656.5,2659.5
1351645200,2659.5,2661.3,2655.3,2656.3
1351659600,2656.3,2676.6,2653.8,2676.1
1351674000,2676.1,2679.6,2659.7,2663.3
1351688400,2663.3,2664.8,2634.8,2642.8
1351702800,2642.8,2649.8,2635.25,2635.75
1351717200,2635.75,2637.55,2632.35,2637.05
1351731600,2637.05,2642.05,2630.45,2636.95
1351746000,2636.95,2643.65,2634.45,2641.65
1351760400,2641.65,2656,2638.45,2652.7
1351774800,2652.7,2687.3,2651.2,2679.6
1351789200,2679.6,2691.55,2676.1,2690.05
1351803600,2690.05,2690.55,2686.95,2687.25
1351818000,2687.25,2689.7,2683.7,2685.7
1351832400,2685.7,2689,2684.4,2685.9
1351846800,2685.9,2696.65,2682.5,2695.45
1351861200,2695.45,2696.45,2676.45,2680.25
1351875600,2680.25,2681.75,2644.65,2645.05
1352066400,2645.05,2652.05,2640.5,2651.95
1352080800,2651.95,2652.55,2647.75,2651.25
1352095200,2651.25,2651.25,2642.35,2643.85
1352109600,2643.85,2654.05,2639.45,2651.75
1352124000,2651.75,2667.3,2648.2,2651.4
1352138400,2651.4,2676.3,2650.9,2661.7
1352152800,2661.7,2662,2655.7,2660.4
1352167200,2660.4,2669.2,2659.7,2667.7
1352181600,2667.7,2676.7,2663.7,2676.4
1352196000,2676.4,2679.5,2671.5,2676.7
1352210400,2676.7,2694.2,2665.2,2686
1352224800,2686,2688.2,2672.7,2680.3
1352239200,2680.3,2680.6,2667.55,2670.55
1352253600,2670.55,2677.15,2656.45,2674.65
1352268000,2674.65,2690.15,2673.15,2683.65
1352282400,2683.65,2688.05,2650.85,2651.65
1352296800,2651.65,2652.9,2601.6,2611.6
1352311200,2611.6,2628.4,2609.8,2617
1352325600,2617,2623.5,2614.2,2619.3
1352340000,2619.3,2624.3,2618.5,2622.3
1352354400,2622.3,2623.1,2616.3,2618.3
1352368800,2618.3,2623.1,2610.7,2621.35
1352383200,2621.35,2624.9,2590.5,2594.8
1352397600,2594.8,2595.7,2571.05,2578.15
1352412000,2578.15,2584.75,2576.75,2584.45
1352426400,2584.45,2586.25,2582.95,2584.75
1352440800,2584.75,2585.75,2575.45,2582.75
1352455200,2582.75,2583.25,2558.65,2567.85
1352469600,2567.85,2609.5,2567.85,2603.3
1352484000,2603.3,2606,2580.4,2586.2
1352671200,2586.2,2587.75,2579.15,2582.35
1352685600,2582.35,2590.1,2580.55,2588.2
1352700000,2588.2,2590.6,2581.6,2589.8
1352714400,2589.8,2598.1,2587.6,2596.8
1352728800,2596.8,2599.6,2574,2591.3
1352743200,2591.3,2596.8,2578.1,2584.55
1352757600,2584.55,2584.55,2572.85,2572.85
1352772000,2572.85,2574.05,2565.45,2569.25
1352786400,2569.25,2572.15,2562.95,2568.6
1352800800,2568.6,2574.15,2562.05,2562.95
1352815200,2562.95,2587.5,2555.2,2576.7
1352829600,2576.7,2584.7,2561.2,2575.75
1352844000,2575.75,2577.25,2572.55,2575.75
1352858400,2575.75,2580.95,2574.55,2580.05
1352872800,2580.05,2587.85,2579.15,2585.2
1352887200,2585.2,2585.95,2571.4,2574.7
1352901600,2574.7,2578.2,2550.6,2553.9
1352916000,2553.9,2560.9,2528.7,2534.35
1352930400,2534.35,2537.15,2528.85,2532.15
1352944800,2532.15,2536.25,2530.75,2534.7
1352959200,2534.7,2539.6,2530.8,2538.3
1352973600,2538.3,2541.1,2530.1,2534.8
1352988000,2534.8,2543.1,2517.1,2522.6
1353002400,2522.6,2535.8,2514.8,2526.35
1353016800,2526.35,2526.85,2519,2522.4
1353031200,2522.4,2524.7,2521.2,2522
1353045600,2522,2527.7,2515.1,2517.9
1353060000,2517.9,2536.2,2515,2532.2
1353074400,2532.2,2540.8,2493.7,2533.4
1353088800,2533.4,2540.8,2518.6,2536.75
1353276000,2536.75,2546.45,2536.75,2543.85
1353290400,2543.85,2545.4,2540.5,2540.5
1353304800,2540.5,2547.9,2539.6,2547.6
1353319200,2547.6,2559.9,2545.6,2559.6
1353333600,2559.6,2584.9,2557.8,2583.6
1353348000,2583.6,2595.8,2578.1,2592.15
1353362400,2592.15,2594.05,2584.85,2588.4
1353376800,2588.4,2592.4,2585.6,2586.9
1353391200,2586.9,2589.4,2581.8,2585.9
1353405600,2585.9,2594.6,2583.8,2593.8
1353420000,2593.8,2598.3,2583.6,2591.4
1353434400,2591.4,2596.35,2570.1,2593.85
1353448800,2593.85,2598.25,2592.55,2597.85
1353463200,2597.85,2598.65,2579.05,2584.35
1353477600,2584.35,2594.85,2581.35,2590.85
1353492000,2590.85,2598.9,2586.65,2598.9
1353506400,2598.9,2603.8,2586.7,2600.05
1353520800,2600.05,2603.15,2597.45,2601.95
1353535200,2601.95,2606.25,2600.25,2605.85
1353549600,2605.85,2607.55,2602.85,2602.85
1353564000,2602.85,2607.85,2602.35,2606.55
1353578400,2606.55,2607.45,2602.65,2604.65
1353592800,2604.65,2604.65,2598.95,2602.2
1353621600,2602.2,2603.85,2601.75,2603.35
1353636000,2603.35,2605.35,2602.05,2605.35
1353650400,2605.35,2606.95,2598.05,2605.05
1353664800,2605.05,2611.85,2601.45,2609.55
1353679200,2609.55,2640.15,2609.15,2639.95
1353693600,2639.95,2639.95,2639.65,2639.65
1353880800,2639.65,2639.65,2626.95,2627.25
1353895200,2627.25,2629.2,2626.5,2626.8
1353909600,2626.8,2632,2624.7,2626
1353924000,2626,2632.8,2624.8,2632.1
1353938400,2632.1,2643.8,2625.1,2641.2
1353952800,2641.2,2651.8,2639.7,2650.15
1353967200,2650.15,2656.55,2649.55,2652.45
1353981600,2652.45,2655.7,2651.05,2655.1
1353996000,2655.1,2657.1,2650.6,2654.6
1354010400,2654.6,2655,2647.7,2651.7
1354024800,2651.7,2659.8,2637.7,2658.1
1354039200,2658.1,2658.2,2640.2,2642.65
1354053600,2642.65,2643.65,2639.15,2639.55
1354068000,2639.55,2644.45,2639.15,2643.25
1354082400,2643.25,2645.75,2635.05,2637.95
1354096800,2637.95,2640.65,2631.65,2633.15
1354111200,2633.15,2655.2,2613,2653.2
1354125600,2653.2,2666.9,2648.8,2663.35
1354140000,2663.35,2664.35,2661.25,2664.3
1354154400,2664.3,2674.9,2663.1,2672.8
1354168800,2672.8,2683.9,2671.1,2682
1354183200,2682,2682.6,2676.1,2676.5
1354197600,2676.5,2689.8,2667.8,2678.9
1354212000,2678.9,2687.4,2675.7,2680.15
1354226400,2680.15,2681.15,2672.15,2680.75
1354240800,2680.75,2683.25,2677.75,2680.15
1354255200,2680.15,2687.55,2678.95,2685.25
1354269600,2685.25,2690.85,2681.65,2681.75
1354284000,2681.75,2683.15,2668.65,2673.3
1354298400,2673.3,2683.2,2669.9,2679.2
1354485600,2679.2,2689.65,2677.05,2689.05
1354500000,2689.05,2689.45,2683.95,2684.3
1354514400,2684.3,2687.7,2681.9,2682.9
1354528800,2682.9,2698.6,2682.9,2695.4
1354543200,2695.4,2699.3,2680.1,2680.6
1354557600,2680.6,2681.9,2667.95,2669.35
1354572000,2669.35,2671.25,2665.05,2665.9
1354586400,2665.9,2668,2663.5,2665.3
1354600800,2665.3,2675.1,2664.7,2674.1
1354615200,2674.1,2676.3,2667.5,2667.5
1354629600,2667.5,2672.8,2651.1,2658.7
1354644000,2658.7,2673.4,2655.1,2664.95
1354658400,2664.95,2664.95,2658.45,2663.6
1354672800,2663.6,2679.3,2662.1,2676.4
1354687200,2676.4,2680.3,2669.7,2670.1
1354701600,2670.1,2672.8,2666.1,2667.5
1354716000,2667.5,2667.5,2624.2,2653.8
1354730400,2653.8,2656.3,2635.9,2636.55
1354744800,2636.55,2641.05,2635.2,2635.9
1354759200,2635.9,2641.7,2634.3,2636.1
1354773600,2636.1,2642.1,2630.7,2640.3
1354788000,2640.3,2641.3,2628.1,2630.9
1354802400,2630.9,2662.7,2623.5,2648.7
1354816800,2648.7,2659.4,2645.4,2656.05
1354831200,2656.05,2657.35,2655.15,2656.8
1354845600,2656.8,2657.7,2654.9,2656.2
1354860000,2656.2,2656.8,2647.3,2651.4
1354874400,2651.4,2673.8,2648.1,2668.3
1354888800,2668.3,2671.7,2630.4,2636.8
1354903200,2636.8,2644.9,2632.6,2638.9
1355090400,2638.9,2643.25,2638.05,2641.7
1355104800,2641.7,2643.7,2635.1,2636
1355119200,2636,2636.9,2626.4,2628.2
1355133600,2628.2,2634.8,2627,2634.1
1355148000,2634.1,2661.2,2630.2,2647.1
1355162400,2647.1,2652.75,2639.6,2649.25
1355176800,2649.25,2649.75,2644.85,2647.15
1355191200,2647.15,2650.05,2646.45,2649.35
1355205600,2649.35,2655.7,2646.2,2655.4
1355220000,2655.4,2663.7,2654.3,2661.7
1355234400,2661.7,2696.9,2660.9,2690.7
1355248800,2690.7,2693.4,2673.9,2688.55
1355263200,2688.55,2688.55,2684.75,2687.45
1355277600,2687.45,2688.95,2684.45,2685.95
1355292000,2685.95,2692.4,2684.1,2691.4
1355306400,2691.4,2694.9,2689.9,2694.4
1355320800,2694.4,2696.4,2674.2,2691.4
1355335200,2691.4,2693.4,2668.5,2670.65
1355349600,2670.65,2674.65,2670.05,2673.45
1355364000,2673.45,2678.05,2672.35,2677.05
1355378400,2677.05,2679.8,2669.6,2669.9
1355392800,2669.9,2679.5,2666.7,2668.1
1355407200,2668.1,2689.4,2648,2649.9
1355421600,2649.9,2659.2,2642.9,2650.35
1355436000,2650.35,2659.55,2649.15,2658.05
1355450400,2658.05,2659.35,2653.95,2655.65
1355464800,2655.65,2662.9,2652.5,2655.8
1355479200,2655.8,2656.8,2640.2,2641.4
1355493600,2641.4,2644.7,2627.7,2637.7
1355508000,2637.7,2638.9,2620.6,2629.7
1355695200,2629.7,2643.45,2629.7,2636.85
1355709600,2636.85,2638.15,2633.95,2633.95
1355724000,2633.95,2635.3,2624.8,2625.1
1355738400,2625.1,2638.9,2614.4,2632.9
1355752800,2632.9,2660.6,2627.3,2655.8
1355767200,2655.8,2669.15,2641.6,2668.85
1355781600,2668.85,2676.85,2666.45,2676.35
1355796000,2676.35,2679.05,2674.55,2674.55
1355810400,2674.55,2680.8,2674.55,2679.8
1355824800,2679.8,2686.6,2676.5,2677.6
1355839200,2677.6,2710.1,2670.7,2708.8
1355853600,2708.8,2711.3,2697.8,2706.45
1355868000,2706.45,2708.85,2705.05,2706.85
1355882400,2706.85,2708.85,2705.55,2708.55
1355896800,2708.55,2714.3,2708.05,2713.8
1355911200,2713.8,2718.3,2712.1,2715.1
1355925600,2715.1,2716.8,2700.4,2707.5
1355940000,2707.5,2709.1,2695.1,2695.75
1355954400,2695.75,2695.75,2689.95,2693.55
1355968800,2693.55,2695.05,2689.85,2690.85
1355983200,2690.85,2698.5,2690.55,2697.2
1355997600,2697.2,2703.4,2694.7,2702.2
1356012000,2702.2,2706.7,2682.7,2689.1
1356026400,2689.1,2700.6,2683.4,2695.45
1356040800,2695.45,2697.45,2641.55,2661.65
1356055200,2661.65,2662.75,2649.85,2652.35
1356069600,2652.35,2665.1,2651.85,2654.4
1356084000,2654.4,2661.9,2647.8,2653.3
1356098400,2653.3,2667.9,2640.6,2653.8
1356112800,2653.8,2667.9,2649.1,2665.9
1356300000,2665.9,2666.65,2655.35,2657.85
1356314400,2657.85,2658.55,2651.95,2654.45
1356328800,2654.45,2655.15,2650.8,2654.3
1356343200,2654.3,2660.8,2651.2,2660.6
1356357600,2660.6,2663.1,2652.6,2657
1356372000,2657,2657.6,2657,2657.1
1356516000,2657.1,2660.2,2656.9,2657.4
1356530400,2657.4,2662.4,2626.1,2635.1
1356544800,2635.1,2644.3,2632.3,2634.85
1356559200,2634.85,2638.35,2633.95,2636.85
1356573600,2636.85,2637.05,2631.45,2634.85
1356588000,2634.85,2636.45,2628.3,2632.4
1356602400,2632.4,2641.5,2631.9,2638.4
1356616800,2638.4,2639.1,2597.6,2605.7
1356631200,2605.7,2639.8,2601.7,2630.85
1356645600,2630.85,2634.45,2625.55,2627.85
1356660000,2627.85,2630.05,2623.85,2625.05
1356674400,2625.05,2628.5,2620.95,2621.3
1356688800,2621.3,2622.1,2609.1,2611.9
1356703200,2611.9,2630.9,2609.7,2621.2
1356717600,2621.2,2624.2,2588.3,2592.8
1356904800,2592.8,2597.55,2584.05,2591.75
1356919200,2591.75,2594.45,2588.35,2590.65
1356933600,2590.65,2594.6,2589.3,2589.3
1356948000,2589.3,2607.2,2585,2604.8
1356962400,2604.8,2644.3,2596.3,2634.4
1356976800,2634.4,2634.9,2634.4,2634.9
1357120800,2634.9,2719.55,2634.9,2717.55
1357135200,2717.55,2740.4,2715.6,2720.8
1357149600,2720.8,2746.15,2719.3,2745.05
1357164000,2745.05,2745.65,2739.45,2740.95
1357178400,2740.95,2742.65,2736.15,2736.15
1357192800,2736.15,2744.1,2735.45,2741.4
1357207200,2741.4,2743.4,2736.1,2741.6
1357221600,2741.6,2750.8,2736.8,2744.6
1357236000,2744.6,2748.3,2723,2730.65
1357250400,2730.65,2732.05,2726.75,2730.15
1357264800,2730.15,2730.65,2725.95,2728.95
1357279200,2728.95,2735.3,2726.75,2731.3
1357293600,2731.3,2739.4,2730.5,2733.3
1357308000,2733.3,2735.8,2715.2,2724.2
1357322400,2724.2,2731.2,2717.8,2719.2
1357509600,2719.2,2720.45,2716.85,2717.45
1357524000,2717.45,2718.85,2711.45,2713.15
1357538400,2713.15,2718.8,2712.95,2716.6
1357552800,2716.6,2717.8,2710.6,2712.1
1357567200,2712.1,2724.3,2705.9,2712.8
1357581600,2712.8,2725.9,2709.8,2721.45
1357596000,2721.45,2722.35,2718.85,2719.05
1357610400,2719.05,2722.05,2717.05,2717.85
1357624800,2717.85,2718.35,2711.9,2716.3
1357639200,2716.3,2723.8,2714.8,2719.4
1357653600,2719.4,2727.8,2701.9,2704.7
1357668000,2704.7,2719.8,2704.2,2716.85
1357682400,2716.85,2723.05,2716.85,2722.05
1357696800,2722.05,2724.75,2716.85,2719.55
1357711200,2719.55,2723.9,2715.7,2715.9
1357725600,2715.9,2722.2,2714.7,2721.7
1357740000,2721.7,2733.4,2717.7,2724.8
1357754400,2724.8,2730.3,2720,2726.35
1357768800,2726.35,2726.75,2724.45,2724.95
1357783200,2724.95,2734.65,2724.95,2732.25
1357797600,2732.25,2734.7,2727.8,2733.9
1357812000,2733.9,2746.6,2729.9,2745.1
1357826400,2745.1,2746.6,2717.2,2726.9
1357840800,2726.9,2743.45,2724.4,2743.45
1357855200,2743.45,2747.65,2740.95,2741.05
1357869600,2741.05,2742.05,2739.95,2740.45
1357884000,2740.45,2741.55,2737.6,2737.8
1357898400,2737.8,2742.6,2736.1,2740.1
1357912800,2740.1,2747.1,2735.6,2740.6
1357927200,2740.6,2747.1,2739.1,2747.1
1358114400,2747.1,2751.15,2743.75,2750.45
1358128800,2750.45,2753.35,2747.15,2747.45
1358143200,2747.45,2750.95,2741.7,2741.9
1358157600,2741.9,2743.7,2729.2,2733.2
1358172000,2733.2,2741.7,2722.6,2727.1
1358186400,2727.1,2738.5,2724.3,2734.25
1358200800,2734.25,2735.35,2731.45,2733.45
1358215200,2733.45,2734.05,2727.25,2728.55
1358229600,2728.55,2732.9,2725.35,2732.9
1358244000,2732.9,2733.2,2721.2,2721.9
1358258400,2721.9,2724.4,2708.4,2719.7
1358272800,2719.7,2723.9,2711.6,2720.45
1358287200,2720.45,2724.25,2720.45,2721.65
1358301600,2721.65,2723.05,2716.85,2718.55
1358316000,2718.55,2719.85,2713.7,2713.9
1358330400,2713.9,2721.4,2713.7,2718.4
1358344800,2718.4,2735.4,2718.2,2727.9
1358359200,2727.9,2740.4,2727.6,2729.45
1358373600,2729.45,2731.85,2726.55,2731.65
1358388000,2731.65,2731.65,2719.95,2724.15
1358402400,2724.15,2733.1,2723.05,2731.1
1358416800,2731.1,2746.6,2730.6,2743.8
1358431200,2743.8,2749.1,2737.8,2746.1
1358445600,2746.1,2754.8,2738.65,2739.05
1358460000,2739.05,2740.65,2737.15,2740.65
1358474400,2740.65,2741.45,2737.65,2740.95
1358488800,2740.95,2744.65,2736.7,2737.8
1358503200,2737.8,2740.8,2732.4,2735.9
1358517600,2735.9,2740.3,2725.6,2731.6
1358532000,2731.6,2740.8,2731.3,2738.1
1358719200,2738.1,2740.55,2736.45,2739.95
1358733600,2739.95,2742.65,2739.95,2741.45
1358748000,2741.45,2741.6,2737.1,2737.7
1358762400,2737.7,2739.6,2735.1,2738.4
1358776800,2738.4,2745.4,2737.1,2745.4
1358805600,2745.4,2745.4,2742.85,2743.35
1358820000,2743.35,2749.35,2740.95,2745.15
1358834400,2745.15,2745.45,2728.7,2733.6
1358848800,2733.6,2743.8,2733.6,2740.3
1358863200,2740.3,2744.1,2723.5,2730.2
1358877600,2730.2,2756.95,2729.9,2756.15
1358892000,2756.15,2760.55,2756.15,2758.85
1358906400,2758.85,2758.85,2754.55,2754.85
1358920800,2754.85,2757.2,2750.4,2755.2
1358935200,2755.2,2758.3,2753.2,2757.2
1358949600,2757.2,2766.4,2753.2,2758.8
1358964000,2758.8,2771.05,2733.75,2734.35
1358978400,2734.35,2734.35,2711.25,2717.95
1358992800,2717.95,2722.45,2716.45,2719.45
1359007200,2719.45,2728.6,2718.95,2726.1
1359021600,2726.1,2728,2719.6,2722.6
1359036000,2722.6,2745.5,2718.4,2726.8
1359050400,2726.8,2729.9,2715.35,2715.65
1359064800,2715.65,2720.15,2715.25,2716.15
1359079200,2716.15,2719.95,2715.15,2719.85
1359093600,2719.85,2731.2,2719.35,2729.7
1359108000,2729.7,2734.4,2729.2,2730.6
1359122400,2730.6,2741.9,2723.6,2727.6
1359136800,2727.6,2742.1,2727.1,2730.7
1359324000,2730.7,2734.15,2728.75,2732.65
1359338400,2732.65,2735.25,2732.25,2735.15
1359352800,2735.15,2735.55,2729.5,2730.8
1359367200,2730.8,2736.5,2729.7,2735.4
1359381600,2735.4,2749.8,2731.2,2743
1359396000,2743,2747.7,2735.2,2736.45
1359410400,2736.45,2740.15,2735.45,2738.65
1359424800,2738.65,2741.65,2738.65,2740.95
1359439200,2740.95,2742.45,2734.3,2735.8
1359453600,2735.8,2737.3,2729.2,2734.1
1359468000,2734.1,2742.7,2718.4,2739.8
1359482400,2739.8,2748.55,2736.15,2747.85
1359496800,2747.85,2748.95,2745.95,2747.35
1359511200,2747.35,2748.35,2745.65,2746.95
1359525600,2746.95,2750.7,2743.05,2747.4
1359540000,2747.4,2748.7,2737.2,2740.1
1359554400,2740.1,2753.9,2734.6,2745.8
1359568800,2745.8,2747.9,2728.6,2737.35
1359583200,2737.35,2738.55,2735.35,2736.35
1359597600,2736.35,2736.55,2732.85,2734.15
1359612000,2734.15,2736.3,2728.3,2732.3
1359626400,2732.3,2734.1,2726.3,2729.8
1359640800,2729.8,2748.5,2726.3,2734.8
1359655200,2734.8,2737.8,2727.1,2732.55
1359669600,2732.55,2737.55,2732.55,2734.55
1359684000,2734.55,2739.05,2734.35,2738.05
1359698400,2738.05,2740.9,2734.4,2737.9
1359712800,2737.9,2750.7,2732.5,2749.2
1359727200,2749.2,2764.6,2736.8,2762.4
1359741600,2762.4,2766.1,2755.9,2759.7
1359928800,2759.7,2760.45,2754.65,2756.85
1359943200,2756.85,2757.55,2754.65,2755.85
1359957600,2755.85,2760.4,2755.55,2759.2
1359972000,2759.2,2760.2,2739.6,2744.1
1359986400,2744.1,2752.3,2716.6,2720.9
1360000800,2720.9,2723.9,2711.3,2712.75
1360015200,2712.75,2716.85,2711.55,2715.65
1360029600,2715.65,2716.25,2712.65,2716.15
1360044000,2716.15,2720.8,2712.85,2719.3
1360058400,2719.3,2727.8,2717.8,2726.1
1360072800,2726.1,2746.2,2717.8,2744.8
1360087200,2744.8,2761.3,2744.6,2755.65
1360101600,2755.65,2756.85,2752.95,2756.35
1360116000,2756.35,2756.55,2754.05,2755.35
1360130400,2755.35,2759.1,2752,2754.4
1360144800,2754.4,2754.7,2737.4,2741.4
1360159200,2741.4,2755.4,2737.5,2746.1
1360173600,2746.1,2746.3,2735.1,2742.75
1360188000,2742.75,2742.75,2739.75,2740.45
1360202400,2740.45,2741.05,2737.95,2739.55
1360216800,2739.55,2743.7,2734.7,2743.7
1360231200,2743.7,2748.9,2738.2,2747.6
1360245600,2747.6,2750.4,2714.8,2730.6
1360260000,2730.6,2748.25,2725.6,2747.45
1360274400,2747.45,2747.45,2742.95,2745.65
1360288800,2745.65,2750.85,2744.95,2748.15
1360303200,2748.15,2749.2,2743.9,2745.4
1360317600,2745.4,2754.4,2744.4,2753.7
1360332000,2753.7,2780.2,2753.2,2776.2
1360346400,2776.2,2779.9,2772.4,2774.4
1360533600,2774.4,2778.35,2773.35,2776.35
1360548000,2776.35,2777.05,2774.55,2774.85
1360562400,2774.85,2782.4,2774.4,2781.9
1360576800,2781.9,2782.4,2775.7,2776.9
1360591200,2776.9,2776.9,2765.5,2770
1360605600,2770,2776.5,2768.2,2773.25
1360620000,2773.25,2773.65,2771.45,2772.25
1360634400,2772.25,2772.95,2765.65,2767.55
1360648800,2767.55,2771.85,2766.2,2767.9
1360663200,2767.9,2773.7,2767.2,2771.5
1360677600,2771.5,2775.8,2760.4,2771.2
1360692000,2771.2,2773.3,2761.7,2766.55
1360706400,2766.55,2767.95,2766.15,2766.55
1360720800,2766.55,2767.25,2765.45,2765.95
1360735200,2765.95,2769.2,2765.4,2767.9
1360749600,2767.9,2772.9,2766.1,2770.15
1360764000,2770.15,2783.2,2764.3,2769.2
1360778400,2769.2,2776.7,2764.4,2771.45
1360792800,2771.45,2771.45,2766.95,2769.45
1360807200,2769.45,2771.45,2768.95,2770.15
1360821600,2770.15,2770.45,2765.2,2765.7
1360836000,2765.7,2766.4,2757.6,2761.9
1360850400,2761.9,2775.4,2758.6,2775.1
1360864800,2775.1,2776.2,2768.9,2770.15
1360879200,2770.15,2771.65,2767.85,2768.65
1360893600,2768.65,2769.95,2764.65,2766.15
1360908000,2766.15,2768.6,2762.6,2763.6
1360922400,2763.6,2771.9,2763.3,2770.8
1360936800,2770.8,2778.3,2764.8,2768.6
1360951200,2768.6,2771.4,2755.9,2764.6
1361138400,2764.6,2764.6,2759.55,2762.45
1361152800,2762.45,2764.35,2761.85,2763.55
1361167200,2763.55,2764.7,2760.4,2760.7
1361181600,2760.7,2762.95,2760.15,2762.45
1361196000,2762.45,2766.2,2762.45,2766.2
1361224800,2766.2,2766.2,2762.65,2764.65
1361239200,2764.65,2765.25,2763.65,2764.95
1361253600,2764.95,2767.9,2761.55,2766.2
1361268000,2766.2,2770.9,2764.2,2769.9
1361282400,2769.9,2778.4,2767.9,2775.7
1361296800,2775.7,2786.75,2771.1,2785.45
1361311200,2785.45,2786.15,2783.55,2785.65
1361325600,2785.65,2787.65,2784.95,2786.45
1361340000,2786.45,2787.6,2783.7,2786.1
1361354400,2786.1,2787.2,2777.9,2782.4
1361368800,2782.4,2784.2,2759,2765.4
1361383200,2765.4,2767.4,2736.05,2736.95
1361397600,2736.95,2741.95,2736.95,2739.45
1361412000,2739.45,2739.65,2734.45,2734.45
1361426400,2734.45,2739.05,2726.2,2729.9
1361440800,2729.9,2732.2,2723.9,2730.2
1361455200,2730.2,2733.7,2705.2,2710.8
1361469600,2710.8,2720.5,2700.7,2717.25
1361484000,2717.25,2721.25,2717.25,2721.15
1361498400,2721.15,2724.75,2719.95,2721.45
1361512800,2721.45,2726.6,2720.45,2723.6
1361527200,2723.6,2730.7,2721.8,2729.4
1361541600,2729.4,2734.9,2715.4,2733.7
1361556000,2733.7,2740.2,2729.2,2737.4
1361743200,2737.4,2739.35,2731.55,2731.55
1361757600,2731.55,2737.65,2731.55,2737.15
1361772000,2737.15,2744.2,2735.85,2743.7
1361786400,2743.7,2759.9,2743.7,2754.2
1361800800,2754.2,2765.4,2732.1,2744.8
1361815200,2744.8,2746.8,2693.85,2699.75
1361829600,2699.75,2710.05,2698.95,2708.55
1361844000,2708.55,2710.05,2700.05,2705.85
1361858400,2705.85,2711.2,2700.05,2710.5
1361872800,2710.5,2711.6,2703.7,2711.6
1361887200,2711.6,2718.9,2690.2,2702
1361901600,2702,2717.7,2697.7,2711.85
1361916000,2711.85,2713.55,2706.95,2708.95
1361930400,2708.95,2710.85,2707.55,2707.55
1361944800,2707.55,2711.95,2704.2,2706.4
1361959200,2706.4,2715.7,2704.7,2711.9
1361973600,2711.9,2751.7,2710.2,2744.7
1361988000,2744.7,2758.6,2738.7,2742.45
1362002400,2742.45,2743.45,2740.65,2742.15
1362016800,2742.15,2746.45,2742.15,2746.15
1362031200,2746.15,2748.1,2741.6,2745.1
1362045600,2745.1,2747.8,2742.3,2746.1
1362060000,2746.1,2759.9,2741.1,2752.1
1362074400,2752.1,2762.1,2733.55,2733.55
1362088800,2733.55,2739.95,2730.15,2733.65
1362103200,2733.65,2740.15,2733.65,2740.15
1362117600,2740.15,2743.8,2734.15,2736.8
1362132000,2736.8,2737.8,2723.8,2727.7
1362146400,2727.7,2751.8,2712.6,2749.8
1362160800,2749.8,2751.6,2743.3,2749.3
1362348000,2749.3,2749.3,2741.95,2742.25
1362362400,2742.25,2742.25,2734.05,2737.05
1362376800,2737.05,2744.2,2733.45,2740.7
1362391200,2740.7,2744.9,2733.9,2740.9
1362405600,2740.9,2749.7,2734.2,2740.4
1362420000,2740.4,2763.85,2737.4,2763.85
1362434400,2763.85,2764.85,2762.95,2763.65
1362448800,2763.65,2763.95,2761.65,2762.65
1362463200,2762.65,2771.8,2762.05,2770.9
1362477600,2770.9,2775.9,2766.8,2774.6
1362492000,2774.6,2803.9,2774.2,2797.9
1362506400,2797.9,2803.4,2790.2,2800.15
1362520800,2800.15,2801.65,2797.85,2800.05
1362535200,2800.05,2800.15,2798.35,2800.15
1362549600,2800.15,2809.6,2800.15,2807.8
1362564000,2807.8,2807.8,2802.1,2806.1
1362578400,2806.1,2809.3,2789.9,2790.9
1362592800,2790.9,2800.9,2789.4,2791.25
1362607200,2791.25,2792.05,2789.55,2790.45
1362621600,2790.45,2791.45,2789.45,2789.95
1362636000,2789.95,2797.8,2789.45,2797.8
1362650400,2797.8,2798.8,2791.1,2796.6
1362664800,2796.6,2804.8,2791.3,2801.3
1362679200,2801.3,2804.3,2791.4,2799.95
1362693600,2799.95,2800.35,2795.55,2799.05
1362708000,2799.05,2801.85,2798.55,2801.35
1362722400,2801.35,2807.6,2800.85,2804.7
1362736800,2804.7,2819.3,2802.9,2808.4
1362751200,2808.4,2814.9,2793.4,2800.4
1362765600,2800.4,2808.7,2799.4,2801.4
1362949200,2801.4,2801.4,2796.65,2798.35
1362963600,2798.35,2804.05,2798.35,2803.35
1362978000,2803.35,2803.55,2795.9,2797.4
1362992400,2797.4,2798.9,2795,2797.8
1363006800,2797.8,2804.8,2792.3,2802.8
1363021200,2802.8,2812.4,2800.9,2811.05
1363035600,2811.05,2811.95,2809.15,2809.65
1363050000,2809.65,2810.65,2806.85,2807.55
1363064400,2807.55,2807.55,2803.7,2806.8
1363078800,2806.8,2807.3,2801.7,2802.9
1363093200,2802.9,2809.4,2787.3,2798.2
1363107600,2798.2,2803.25,2789.3,2803.15
1363122000,2803.15,2806.45,2802.05,2806.45
1363136400,2806.45,2806.95,2801.65,2802.45
1363150800,2802.45,2805.45,2799.3,2799.3
1363165200,2799.3,2804.4,2795.6,2803.9
1363179600,2803.9,2804.2,2787.2,2802.4
1363194000,2802.4,2807.8,2795.85,2799.75
1363208400,2799.75,2800.65,2798.25,2799.65
1363222800,2799.65,2799.65,2796.85,2798.65
1363237200,2798.65,2806.4,2798.15,2804.5
1363251600,2804.5,2810.4,2802.2,2808.9
1363266000,2808.9,2811.9,2800.1,2806.3
1363280400,2806.3,2807.6,2801.6,2804.25
1363294800,2804.25,2805.55,2802.75,2805.55
1363309200,2805.55,2808.45,2804.45,2808.05
1363323600,2808.05,2809.65,2804.4,2804.9
1363338000,2804.9,2809.4,2802.6,2808.4
1363352400,2808.4,2809.4,2791.8,2801.8
1363366800,2801.8,2802.3,2789.3,2796.3
1363554000,2796.3,2796.3,2762.95,2766.35
1363568400,2766.35,2766.35,2757.35,2757.35
1363582800,2757.35,2764.9,2752.85,2764.7
1363597200,2764.7,2777.3,2763.2,2772.9
1363611600,2772.9,2800.3,2764.2,2794.2
1363626000,2794.2,2801.3,2785.4,2792.85
1363640400,2792.85,2798.05,2791.15,2797.85
1363654800,2797.85,2799.05,2795.65,2796.55
1363669200,2796.55,2796.85,2788.2,2791.4
1363683600,2791.4,2801.4,2787.4,2799.9
1363698000,2799.9,2804.2,2768.2,2772.7
1363712400,2772.7,2788.05,2759.6,2781.55
1363726800,2781.55,2781.95,2776.35,2778.35
1363741200,2778.35,2785.05,2776.85,2784.35
1363755600,2784.35,2802.3,2782.85,2799.4
1363770000,2799.4,2807.6,2795.1,2805.3
1363784400,2805.3,2810.4,2791.3,2799.4
1363798800,2799.4,2808.4,2788.85,2792.15
1363813200,2792.15,2792.15,2787.95,2788.15
1363827600,2788.15,2791.65,2787.05,2787.55
1363842000,2787.55,2792.1,2780.8,2782.6
1363856400,2782.6,2789.1,2780.9,2782.2
1363870800,2782.2,2785.2,2771.8,2782.9
1363885200,2782.9,2784.7,2765.3,2774.55
1363899600,2774.55,2774.55,2771.65,2773.65
1363914000,2773.65,2776.55,2772.95,2776.25
1363928400,2776.25,2776.25,2767.75,2771.7
1363942800,2771.7,2781.9,2770.7,2781.2
1363957200,2781.2,2794.3,2780.7,2794.3
1363971600,2794.3,2801.8,2791.6,2798.6
1364158800,2798.6,2813.65,2797.25,2812.05
1364173200,2812.05,2813.55,2810.55,2811.55
1364187600,2811.55,2813.65,2807.4,2809.7
1364202000,2809.7,2815.4,2807.6,2808.1
1364216400,2808.1,2814.4,2779.7,2780.4
1364230800,2780.4,2796.9,2774.8,2791.15
1364245200,2791.15,2792.25,2788.75,2790.85
1364259600,2790.85,2794.15,2790.85,2792.65
1364274000,2792.65,2799.4,2791.55,2797.6
1364288400,2797.6,2798.8,2791.6,2794.8
1364302800,2794.8,2804.6,2793.6,2796.1
1364317200,2796.1,2805.75,2795.6,2805.75
1364331600,2805.75,2807.85,2805.05,2805.65
1364346000,2805.65,2807.65,2804.85,2806.85
1364360400,2806.85,2809.85,2804.6,2807.3
1364374800,2807.3,2808.1,2788.1,2790.7
1364389200,2790.7,2803.2,2780.6,2799.2
1364403600,2799.2,2809.7,2796.4,2806.05
1364418000,2806.05,2806.55,2803.15,2803.45
1364432400,2803.45,2803.45,2795.45,2796.15
1364446800,2796.15,2807.3,2795.45,2799.8
1364461200,2799.8,2812.8,2798.1,2807.3
1364475600,2807.3,2813.3,2802.3,2809.3
1364490000,2809.3,2818.3,2807.3,2817.15
1364504400,2817.15,2817.95,2817.15,2817.95
1364763600,2817.95,2818.55,2812.85,2813.55
1364778000,2813.55,2816.65,2811.35,2813.45
1364792400,2813.45,2814.55,2811.2,2812.1
1364806800,2812.1,2819.3,2811.1,2818.3
1364821200,2818.3,2819.3,2795.4,2800.2
1364835600,2800.2,2803.9,2788.2,2792.95
1364850000,2792.95,2794.15,2790.15,2790.65
1364864400,2790.65,2795.55,2790.65,2793.05
1364878800,2793.05,2805.4,2791.55,2805.4
1364893200,2805.4,2811.4,2804.7,2807.8
1364907600,2807.8,2826.7,2806.3,2825.4
1364922000,2825.4,2825.7,2809,2817.75
1364936400,2817.75,2819.15,2817.35,2818.65
1364950800,2818.65,2819.15,2816.65,2817.95
1364965200,2817.95,2821.3,2817.6,2820.6
1364979600,2820.6,2821.3,2816.7,2818.4
1364994000,2818.4,2822.8,2799.1,2800.3
1365008400,2800.3,2801.7,2783.9,2791.15
1365022800,2791.15,2791.95,2788.35,2790.45
1365037200,2790.45,2795.05,2788.95,2795.05
1365051600,2795.05,2800.7,2793.35,2799.9
1365066000,2799.9,2804.9,2787.4,2789.9
1365080400,2789.9,2798.2,2776.1,2784.4
1365094800,2784.4,2794.05,2779.6,2787.35
1365109200,2787.35,2788.85,2782.65,2784.15
1365123600,2784.15,2785.45,2781.95,2782.15
1365138000,2782.15,2785.7,2780.85,2781.7
1365152400,2781.7,2782.4,2748.6,2751.6
1365166800,2751.6,2761.3,2741.1,2753.8
1365181200,2753.8,2772.1,2752.3,2767.7
1365368400,2767.7,2770.65,2766.45,2768.05
1365382800,2768.05,2771.05,2766.85,2771.05
1365397200,2771.05,2775.9,2765.65,2775.2
1365411600,2775.2,2777.3,2771.3,2773.6
1365426000,2773.6,2773.6,2760.6,2764.6
1365440400,2764.6,2791.35,2764.3,2791.35
1365454800,2791.35,2791.35,2786.45,2789.45
1365469200,2789.45,2793.15,2788.45,2789.15
1365483600,2789.15,2795.8,2786.45,2791.6
1365498000,2791.6,2795.8,2789.1,2794.8
1365512400,2794.8,2796.3,2776.4,2793.2
1365526800,2793.2,2813.1,2793.2,2802.65
1365541200,2802.65,2804.15,2798.85,2798.85
1365555600,2798.85,2801.05,2798.35,2800.05
1365570000,2800.05,2810.4,2800.05,2808.9
1365584400,2808.9,2812.7,2806.6,2809.6
1365598800,2809.6,2860.7,2808.2,2858.6
1365613200,2858.6,2860.1,2850.8,2855.15
1365627600,2855.15,2855.55,2851.05,2851.35
1365642000,2851.35,2852.55,2849.55,2852.35
1365656400,2852.35,2857.2,2850.6,2856.7
1365670800,2856.7,2857.4,2848.2,2850.4
1365685200,2850.4,2861.7,2846.7,2855.9
1365699600,2855.9,2860.3,2849.2,2857.65
1365714000,2857.65,2859.35,2855.35,2856.95
1365728400,2856.95,2858.15,2850.35,2852.55
1365742800,2852.55,2855.1,2850.1,2851.4
1365757200,2851.4,2851.7,2840.4,2845.4
1365771600,2845.4,2855.3,2831.3,2847.7
1365786000,2847.7,2854.9,2845.4,2850.9
1365973200,2850.9,2851.55,2844.15,2850.55
1365987600,2850.55,2853.95,2836.45,2842.05
1366002000,2842.05,2847.9,2834.1,2838.4
1366016400,2838.4,2842.8,2834.3,2840.8
1366030800,2840.8,2846.8,2810.9,2816.4
1366045200,2816.4,2820.7,2781.45,2787.75
1366059600,2787.75,2800.95,2785.85,2798.15
1366074000,2798.15,2808.25,2797.65,2805.15
1366088400,2805.15,2808.8,2796.1,2796.9
1366102800,2796.9,2814.6,2796.6,2813.1
1366117200,2813.1,2833.9,2806.1,2833.2
1366131600,2833.2,2836.95,2824.6,2831.85
1366146000,2831.85,2833.15,2824.95,2826.65
1366160400,2826.65,2827.65,2822.35,2827.05
1366174800,2827.05,2831.4,2810.7,2815.2
1366189200,2815.2,2816.9,2804.3,2807.3
1366203600,2807.3,2811.3,2761.4,2773.2
1366218000,2773.2,2787.7,2769.7,2776.45
1366232400,2776.45,2782.05,2773.25,2777.05
1366246800,2777.05,2783.45,2770.95,2780.85
1366261200,2780.85,2784.2,2775.1,2783.9
1366275600,2783.9,2790.8,2783.1,2786.3
1366290000,2786.3,2787.3,2741.7,2750.2
1366304400,2750.2,2754.25,2726.7,2753.35
1366318800,2753.35,2754.85,2747.95,2752.95
1366333200,2752.95,2758.95,2751.95,2754.45
1366347600,2754.45,2761.1,2754.1,2760.7
1366362000,2760.7,2762.5,2751.4,2753.7
1366376400,2753.7,2782.2,2739.7,2772.5
1366390800,2772.5,2781.5,2768.6,2772.2
1366578000,2772.2,2783.35,2772.2,2783.35
1366592400,2783.35,2789.55,2782.05,2785.85
1366606800,2785.85,2790.9,2778.8,2788.3
1366621200,2788.3,2792.6,2780.1,2782.1
1366635600,2782.1,2803.1,2775.6,2798.6
1366650000,2798.6,2814.9,2795.8,2804.85
1366664400,2804.85,2805.75,2799.15,2800.15
1366678800,2800.15,2800.15,2794.35,2797.05
1366693200,2797.05,2806.3,2787.8,2791.1
1366707600,2791.1,2820.8,2791.1,2815.6
1366722000,2815.6,2841.6,2814.8,2837.1
1366736400,2837.1,2845.35,2805.8,2843.15
1366750800,2843.15,2846.05,2822.55,2823.65
1366765200,2823.65,2829.35,2823.65,2827.55
1366779600,2827.55,2836.8,2825.55,2830.9
1366794000,2830.9,2835.4,2821.2,2822.3
1366808400,2822.3,2840.7,2818.6,2823.6
1366822800,2823.6,2840.9,2823.3,2826.15
1366837200,2826.15,2826.55,2819.55,2822.05
1366851600,2822.05,2832.45,2822.05,2830.95
1366866000,2830.95,2834.3,2827.95,2834.3
1366880400,2834.3,2846.3,2832.8,2842.8
1366894800,2842.8,2856.8,2838,2851.8
1366909200,2851.8,2854.8,2839.2,2847.35
1366923600,2847.35,2847.35,2840.55,2842.55
1366938000,2842.55,2847.05,2837.65,2839.95
1366952400,2839.95,2845.2,2835.5,2837.5
1366966800,2837.5,2840.1,2833.6,2839.3
1366981200,2839.3,2843.1,2824.7,2831.9
1366995600,2831.9,2845.2,2830.9,2835.4
1367182800,2835.4,2836.75,2830.15,2832.95
1367197200,2832.95,2837.65,2832.95,2834.85
1367211600,2834.85,2844.1,2834.65,2843.6
1367226000,2843.6,2846.3,2840.6,2843.1
1367240400,2843.1,2874.1,2842.8,2869.3
1367254800,2869.3,2872.8,2860.65,2863.35
1367269200,2863.35,2863.35,2859.85,2861.05
1367283600,2861.05,2862.85,2860.05,2861.85
1367298000,2861.85,2867.3,2860.9,2861.2
1367312400,2861.2,2864.5,2858.3,2863.2
1367326800,2863.2,2882.7,2855.8,2882.2
1367341200,2882.2,2885.45,2876.7,2885.45
1367355600,2885.45,2886.35,2882.85,2883.35
1367370000,2883.35,2884.85,2882.85,2883.55
1367384400,2883.55,2887.8,2883.05,2887.8
1367398800,2887.8,2888.3,2882.6,2883.1
1367413200,2883.1,2889.3,2870.2,2874.7
1367427600,2874.7,2880.7,2864.7,2868.95
1367442000,2868.95,2874.55,2868.95,2872.95
1367456400,2872.95,2874.95,2869.95,2872.95
1367470800,2872.95,2875.8,2871.45,2873.1
1367485200,2873.1,2888.7,2870.3,2880.1
1367499600,2880.1,2907.8,2872.7,2906.4
1367514000,2906.4,2912.6,2903.95,2905.25
1367528400,2905.25,2906.85,2903.55,2905.25
1367542800,2905.25,2906.85,2904.45,2906.85
1367557200,2906.85,2907.7,2904.4,2904.7
1367571600,2904.7,2928.9,2902.4,2925.7
1367586000,2925.7,2949.2,2925.7,2946.6
1367600400,2946.6,2949.8,2938.4,2939.4
1367787600,2939.4,2946.45,2938.55,2945.15
1367802000,2945.15,2945.65,2942.45,2942.45
1367816400,2942.45,2946.3,2942.3,2942.6
1367830800,2942.6,2946.6,2939.3,2945.3
1367845200,2945.3,2954.3,2943.6,2951.9
1367859600,2951.9,2956.3,2949.55,2950.35
1367874000,2950.35,2950.35,2945.55,2947.55
1367888400,2947.55,2949.55,2945.55,2948.85
1367902800,2948.85,2952.3,2948.2,2951.5
1367917200,2951.5,2956.8,2951.3,2954.3
1367931600,2954.3,2958.8,2939.6,2952.3
1367946000,2952.3,2954.8,2945.4,2949.75
1367960400,2949.75,2949.75,2945.45,2948.35
1367974800,2948.35,2951.15,2948.25,2949.85
1367989200,2949.85,2950.55,2946.3,2949.9
1368003600,2949.9,2952.7,2946.2,2946.6
1368018000,2946.6,2965.6,2943.8,2963.5
1368032400,2963.5,2966.8,2954.3,2963.95
1368046800,2963.95,2963.95,2962.55,2963.45
1368061200,2963.45,2969.55,2963.45,2964.85
1368075600,2964.85,2965.75,2958.4,2958.9
1368090000,2958.9,2960.9,2952.2,2956.9
1368104400,2956.9,2968.9,2956.4,2968.7
1368118800,2968.7,2980.2,2954.7,2964.85
1368133200,2964.85,2965.95,2963.45,2964.65
1368147600,2964.65,2970.05,2964.45,2966.65
1368162000,2966.65,2973.2,2961.95,2965.1
1368176400,2965.1,2967.8,2962.1,2964.1
1368190800,2964.1,2978.3,2961.1,2967.1
1368205200,2967.1,2979.9,2967.1,2978.4
1368392400,2978.4,2978.4,2965.85,2969.15
1368406800,2969.15,2972.45,2968.45,2971.45
1368421200,2971.45,2974.8,2965.2,2966.2
1368435600,2966.2,2975.4,2962.7,2974.4
1368450000,2974.4,2989.2,2970.2,2984.9
1368464400,2984.9,2986.4,2975.2,2982.95
1368478800,2982.95,2987.65,2982.55,2987.05
1368493200,2987.05,2988.55,2984.95,2985.45
1368507600,2985.45,2987.65,2975.8,2976.6
1368522000,2976.6,2986.6,2973.3,2981.8
1368536400,2981.8,3006.6,2979.8,2997.3
1368550800,2997.3,3002.5,2986.7,2998.95
1368565200,2998.95,2998.95,2994.95,2994.95
1368579600,2994.95,2998.65,2994.35,2997.05
1368594000,2997.05,2999.85,2993.4,2993.4
1368608400,2993.4,2998.7,2992.9,2994.7
1368622800,2994.7,3006.2,2989.4,3003.4
1368637200,3003.4,3006.95,2984.6,3006.55
1368651600,3006.55,3009.95,3005.15,3007.65
1368666000,3007.65,3007.95,3004.65,3005.65
1368680400,3005.65,3006.45,2997.6,3001.2
1368694800,3001.2,3012.1,3000.2,3008.4
1368709200,3008.4,3017.9,3003.2,3011.4
1368723600,3011.4,3020.4,2998.1,3002.95
1368738000,3002.95,3005.55,2999.85,3004.45
1368752400,3004.45,3005.65,3003.35,3003.65
1368766800,3003.65,3008.15,3000.6,3001
1368781200,3001,3012.1,3001,3010.6
1368795600,3010.6,3021.1,3005.6,3012.1
1368810000,3012.1,3030.1,3008.3,3025.8
1368997200,3025.8,3025.8,3020.45,3021.45
1369011600,3021.45,3026.15,3020.95,3024.25
1369026000,3024.25,3024.25,3019.7,3021.7
1369040400,3021.7,3023.9,3015.9,3016.4
1369054800,3016.4,3033.4,3016.4,3023.2
1369069200,3023.2,3026.2,3011.7,3023.65
1369083600,3023.65,3023.65,3019.95,3020.65
1369098000,3020.65,3022.95,3020.45,3022.95
1369112400,3022.95,3026.8,3020.6,3021.1
1369126800,3021.1,3024.9,3017.6,3024.9
1369141200,3024.9,3031.9,3011.6,3031.4
1369155600,3031.4,3038.2,3022.95,3023.35
1369170000,3023.35,3025.05,3022.85,3023.65
1369184400,3023.65,3024.65,3022.35,3024.15
1369198800,3024.15,3029.8,3023.15,3025.8
1369213200,3025.8,3034.3,3024.3,3032.3
1369227600,3032.3,3054.8,3025.8,3038.6
1369242000,3038.6,3038.8,2985.4,3008.45
1369256400,3008.45,3009.55,3001.05,3002.45
1369270800,3002.45,3004.95,2990.65,2995.05
1369285200,2995.05,2995.55,2962.8,2966.1
1369299600,2966.1,2984.5,2964.9,2979.8
1369314000,2979.8,3001.3,2968.4,2994.8
1369328400,2994.8,3003.8,2984.8,2997.55
1369342800,2997.55,3004.55,2995.65,3000.65
1369357200,3000.65,3002.55,2986.65,2988.85
1369371600,2988.85,3000.8,2987.05,2996.3
1369386000,2996.3,2997.8,2973.7,2978.6
1369400400,2978.6,2985.6,2965.1,2983.1
1369414800,2983.1,2995.1,2979.8,2995.1
1369602000,2995.1,3005.75,2989.95,2990.15
1369616400,2990.15,3000.15,2988.95,2999.65
1369630800,2999.65,3000.6,2992.3,2994.6
1369645200,2994.6,2995.1,2986.3,2995.1
1369659600,2995.1,3003.8,2993.3,3001.8
1369688400,3001.8,3008.05,2999.55,3006.05
1369702800,3006.05,3010.85,3005.85,3008.05
1369717200,3008.05,3024.9,3007.55,3021.2
1369731600,3021.2,3022.9,3018.3,3021.3
1369746000,3021.3,3038,3016.7,3020.3
1369760400,3020.3,3023.3,3002.1,3008.05
1369774800,3008.05,3008.05,3001.55,3004.95
1369789200,3004.95,3009.85,3001.55,3009.05
1369803600,3009.05,3009.05,2990.7,2993.3
1369818000,2993.3,2998.6,2984.4,2994.7
1369832400,2994.7,3002.1,2979.6,2987.1
1369846800,2987.1,3007.7,2983.8,2995.05
1369861200,2995.05,2997.85,2992.05,2997.55
1369875600,2997.55,3001.05,2993.95,2995.25
1369890000,2995.25,2995.85,2982.85,2987.2
1369904400,2987.2,3007.9,2986.2,2999.2
1369918800,2999.2,3022.9,2994.6,3019.2
1369933200,3019.2,3026.4,3010.35,3011.15
1369947600,3011.15,3015.15,3006.25,3014.45
1369962000,3014.45,3015.45,3011.45,3012.65
1369976400,3012.65,3014.15,2990.6,2991.2
1369990800,2991.2,3001.4,2986.7,2997.2
1370005200,2997.2,3023.6,2996.4,3015.1
1370019600,3015.1,3019.9,2980.2,2982.2
1370206800,2982.2,2986.95,2978.35,2983.85
1370221200,2983.85,2990.55,2983.35,2986.55
1370235600,2986.55,2990.2,2973.9,2978.7
1370250000,2978.7,2996,2976.9,2988.2
1370264400,2988.2,2988.4,2951.1,2963.7
1370278800,2963.7,2990.5,2960.8,2988.25
1370293200,2988.25,2988.25,2979.45,2983.65
1370307600,2983.65,2986.95,2981.95,2986.55
1370322000,2986.55,2992.2,2985.2,2985.2
1370336400,2985.2,2996.2,2985.2,2993.7
1370350800,2993.7,3007.7,2985.2,2989.7
1370365200,2989.7,2991.2,2961.9,2977.35
1370379600,2977.35,2977.35,2970.05,2976.15
1370394000,2976.15,2978.45,2972.65,2974.95
1370408400,2974.95,2976.6,2965.9,2971.9
1370422800,2971.9,2973.6,2961.1,2968.1
1370437200,2968.1,2975.6,2934.4,2936.4
1370451600,2936.4,2950.4,2932.7,2939.75
1370466000,2939.75,2944.35,2938.05,2943.65
1370480400,2943.65,2945.15,2941.95,2944.45
1370494800,2944.45,2946.6,2941.95,2946.3
1370509200,2946.3,2950.8,2942.8,2944.6
1370523600,2944.6,2948.8,2911.3,2914.1
1370538000,2914.1,2954.45,2913.7,2947.85
1370552400,2947.85,2952.65,2944.35,2951.85
1370566800,2951.85,2952.65,2945.85,2949.85
1370581200,2949.85,2952.4,2942.15,2948.9
1370595600,2948.9,2969.3,2936.6,2962.6
1370610000,2962.6,2985.3,2953.7,2983.7
1370624400,2983.7,2992.9,2974.6,2984.3
1370811600,2984.3,2984.45,2977.35,2982.95
1370826000,2982.95,2989.95,2982.85,2987.65
1370840400,2987.65,2994.8,2986.95,2993.3
1370854800,2993.3,2994.5,2985.1,2990.6
1370869200,2990.6,3004.4,2987.2,2994.1
1370883600,2994.1,2997.8,2984.2,2988.25
1370898000,2988.25,2989.75,2985.85,2987.85
1370912400,2987.85,2988.85,2982.95,2985.85
1370926800,2985.85,2987.15,2978.7,2980.7
1370941200,2980.7,2981.2,2957.6,2961.1
1370955600,2961.1,2987.4,2950.2,2982.4
1370970000,2982.4,2984.8,2958.4,2966.95
1370984400,2966.95,2971.15,2961.75,2967.85
1370998800,2967.85,2971.55,2966.35,2971.55
1371013200,2971.55,2979.8,2967.9,2975.1
1371027600,2975.1,2979.6,2971.9,2976.6
1371042000,2976.6,2979.4,2931.6,2942.2
1371056400,2942.2,2947.7,2921.4,2922.95
1371070800,2922.95,2923.65,2919.95,2921.65
1371085200,2921.65,2921.95,2907.95,2909.55
1371099600,2909.55,2912.9,2898.35,2908.3
1371114000,2908.3,2924.5,2903.9,2923.4
1371128400,2923.4,2946.4,2914,2946.2
1371142800,2946.2,2970.3,2940.3,2963.75
1371157200,2963.75,2968.55,2962.85,2963.05
1371171600,2963.05,2964.55,2957.85,2964.05
1371186000,2964.05,2966.9,2958.7,2966.4
1371200400,2966.4,2967.6,2956.6,2963.3
1371214800,2963.3,2967.4,2942.4,2949.2
1371229200,2949.2,2953.4,2939.4,2943.2
1371416400,2943.2,2953.65,2942.35,2951.95
1371430800,2951.95,2956.05,2951.65,2954.35
1371445200,2954.35,2974.3,2953.35,2970.6
1371459600,2970.6,2974.9,2965.4,2969.2
1371474000,2969.2,2990.6,2965.9,2986.1
1371488400,2986.1,2989.8,2957.1,2973.25
1371502800,2973.25,2975.05,2972.05,2973.45
1371517200,2973.45,2974.15,2971.55,2973.65
1371531600,2973.65,2981.3,2971.3,2975.6
1371546000,2975.6,2982.3,2972.7,2975.9
1371560400,2975.9,3001.9,2973.7,2999.3
1371574800,2999.3,3003.3,2994.1,2998.55
1371589200,2998.55,2999.35,2996.45,2996.85
1371603600,2996.85,2997.45,2992.55,2993.55
1371618000,2993.55,3004.1,2992.2,3001.9
1371632400,3001.9,3004.4,2995.2,2998
1371646800,2998,3001.1,2990.2,2991.1
1371661200,2991.1,2998.3,2958.75,2960.25
1371675600,2960.25,2961.85,2951.35,2955.05
1371690000,2955.05,2955.55,2944.35,2948.35
1371704400,2948.35,2952.8,2937.8,2939.6
1371718800,2939.6,2944.1,2927.8,2935.2
1371733200,2935.2,2937.4,2907.2,2908.2
1371747600,2908.2,2913.9,2881.2,2884.45
1371762000,2884.45,2886.85,2881.65,2884.85
1371776400,2884.85,2893.55,2884.45,2891.95
1371790800,2891.95,2898.9,2891.95,2897.9
1371805200,2897.9,2904.7,2888.7,2888.7
1371819600,2888.7,2896.9,2851.3,2876.1
1371834000,2876.1,2881.9,2860.1,2872.2
1372021200,2872.2,2875.55,2861.95,2864.95
1372035600,2864.95,2866.45,2855.15,2864.15
1372050000,2864.15,2867,2850.2,2855.4
1372064400,2855.4,2861.7,2844.2,2860.2
1372078800,2860.2,2860.2,2823.1,2840.6
1372093200,2840.6,2868.9,2836.1,2851.65
1372107600,2851.65,2857.45,2850.35,2856.65
1372122000,2856.65,2862.45,2839.35,2843.35
1372136400,2843.35,2868.1,2835.85,2866.8
1372150800,2866.8,2872.2,2859.9,2866.2
1372165200,2866.2,2878.7,2849.2,2861.9
1372179600,2861.9,2874.4,2854.7,2864.15
1372194000,2864.15,2864.65,2852.85,2861.15
1372208400,2861.15,2861.15,2850.95,2857.15
1372222800,2857.15,2876.9,2856.45,2872.3
1372237200,2872.3,2885.4,2872.1,2884.9
1372251600,2884.9,2895.6,2881.1,2885.8
1372266000,2885.8,2897.9,2884.1,2890.45
1372280400,2890.45,2891.25,2887.55,2890.45
1372294800,2890.45,2899.15,2888.85,2893.45
1372309200,2893.45,2895.65,2887.3,2891.6
1372323600,2891.6,2906.3,2888.8,2903.1
1372338000,2903.1,2922.9,2903.1,2911.3
1372352400,2911.3,2916.6,2903.1,2905.05
1372366800,2905.05,2907.35,2903.35,2904.35
1372381200,2904.35,2912.05,2904.35,2911.55
1372395600,2911.55,2918.1,2909.05,2914.6
1372410000,2914.6,2916.7,2898.4,2901.3
1372424400,2901.3,2919.7,2889.2,2909.6
1372438800,2909.6,2926.7,2904.6,2905.7
1372626000,2905.7,2912.15,2898.85,2900.35
1372640400,2900.35,2907.55,2899.35,2905.35
1372654800,2905.35,2932.7,2905.35,2917.2
1372669200,2917.2,2931.1,2917.1,2924.3
1372683600,2924.3,2951.4,2923.6,2940.3
1372698000,2940.3,2943.6,2922.65,2923.85
1372712400,2923.85,2930.55,2923.45,2930.05
1372726800,2930.05,2932.05,2926.35,2929.35
1372741200,2929.35,2938.85,2926.8,2933.2
1372755600,2933.2,2937.3,2923.1,2924.1
1372770000,2924.1,2946.1,2923.2,2939.1
1372784400,2939.1,2939.3,2912.2,2927.55
1372798800,2927.55,2929.25,2925.65,2927.35
1372813200,2927.35,2929.55,2919.05,2923.15
1372827600,2923.15,2925.15,2901.7,2907.4
1372842000,2907.4,2924.3,2906.2,2921.3
1372856400,2921.3,2953.4,2914.7,2939.9
1372870800,2939.9,2944.3,2939.3,2941.5
1372885200,2941.5,2946.95,2939.75,2946.05
1372899600,2946.05,2949.55,2945.15,2949.55
1372914000,2949.55,2953.1,2946.45,2951.8
1372928400,2951.8,2968.1,2950.8,2968.1
1372942800,2968.1,2971.6,2964.2,2970.1
1372971600,2970.1,2970.1,2966.85,2966.85
1372986000,2966.85,2972.05,2966.85,2970.55
1373000400,2970.55,2974.4,2968.1,2970
1373014800,2970,2975.6,2961.2,2963.8
1373029200,2963.8,2963.8,2932.2,2953.9
1373043600,2953.9,2964.9,2948.4,2962.9
1373230800,2962.9,2974.35,2962.9,2973.55
1373245200,2973.55,2973.85,2968.05,2969.85
1373259600,2969.85,2976.6,2965.05,2973.8
1373274000,2973.8,2982.6,2973.7,2975.8
1373288400,2975.8,2978.8,2953.2,2955.1
1373302800,2955.1,2967.65,2953.7,2966.85
1373317200,2966.85,2967.25,2963.75,2964.85
1373331600,2964.85,2974.05,2963.85,2974.05
1373346000,2974.05,2981.8,2974.05,2977.7
1373360400,2977.7,2979.7,2970.7,2979.2
1373374800,2979.2,2983.9,2964.8,2983.2
1373389200,2983.2,2989.2,2976.7,2980.45
1373403600,2980.45,2983.15,2980.45,2981.45
1373418000,2981.45,2984.65,2976.65,2977.15
1373432400,2977.15,2985.2,2973.7,2975.9
1373446800,2975.9,2980.9,2973.2,2979.7
1373461200,2979.7,2994.2,2975.2,2990.9
1373475600,2990.9,3010.35,2987.9,3009.55
1373490000,3009.55,3025.75,3008.75,3024.65
1373504400,3024.65,3031.15,3023.45,3028.95
1373518800,3028.95,3034.3,3025.9,3032
1373533200,3032,3032.5,3024.4,3026.4
1373547600,3026.4,3049.1,3026.4,3048.8
1373562000,3048.8,3062.05,3045.7,3058.65
1373576400,3058.65,3060.15,3054.05,3055.75
1373590800,3055.75,3059.05,3055.45,3058.55
1373605200,3058.55,3060.2,3055.4,3057.9
1373619600,3057.9,3065.2,3056.7,3060.2
1373634000,3060.2,3066.4,3053.7,3056.7
1373648400,3056.7,3074.9,3053.6,3068.3
1373835600,3068.3,3070.85,3067.65,3070.05
1373850000,3070.05,3076.55,3069.85,3075.85
1373864400,3075.85,3076.8,3071.6,3073.8
1373878800,3073.8,3074.8,3070.8,3071.5
1373893200,3071.5,3078.4,3067.2,3076.7
1373907600,3076.7,3080.7,3075.2,3078.15
1373922000,3078.15,3079.15,3075.95,3077.15
1373936400,3077.15,3078.95,3075.95,3078.95
1373950800,3078.95,3080.7,3075.6,3078.8
1373965200,3078.8,3080.9,3077.4,3080.2
1373979600,3080.2,3084.5,3068.4,3072.4
1373994000,3072.4,3079.7,3067.9,3076.95
1374008400,3076.95,3077.65,3075.65,3075.65
1374022800,3075.65,3079.95,3074.95,3079.65
1374037200,3079.65,3080.3,3072.1,3074.8
1374051600,3074.8,3086.3,3069.6,3082.6
1374066000,3082.6,3090.3,3076.3,3085.3
1374080400,3085.3,3088.3,3074.4,3078.95
1374094800,3078.95,3080.05,3074.35,3074.35
1374109200,3074.35,3076.15,3072.35,3076.15
1374123600,3076.15,3081.3,3073.45,3080.8
1374138000,3080.8,3084.8,3079.1,3084.8
1374152400,3084.8,3090.6,3072.3,3074.6
1374166800,3074.6,3082.3,3050.15,3053.35
1374181200,3053.35,3053.35,3049.55,3050.65
1374195600,3050.65,3051.05,3047.25,3049.35
1374210000,3049.35,3050.05,3044.7,3044.7
1374224400,3044.7,3051.2,3042.7,3048.6
1374238800,3048.6,3049.3,3035.3,3038.1
1374253200,3038.1,3046.4,3034.6,3046.2
1374440400,3046.2,3052.55,3046.2,3052.15
1374454800,3052.15,3056.05,3050.05,3051.55
1374469200,3051.55,3054.3,3043.9,3052.6
1374483600,3052.6,3052.9,3045.7,3047.4
1374498000,3047.4,3058.8,3042.3,3052.3
1374512400,3052.3,3055.3,3042.8,3052.55
1374526800,3052.55,3057.45,3052.55,3056.15
1374541200,3056.15,3063.65,3055.95,3062.15
1374555600,3062.15,3063.25,3054.7,3057.7
1374570000,3057.7,3060.9,3054.2,3055.2
1374584400,3055.2,3058.2,3034.7,3037.2
1374598800,3037.2,3047.95,3027.2,3047.25
1374613200,3047.25,3047.25,3039.35,3040.05
1374627600,3040.05,3043.85,3039.85,3042.95
1374642000,3042.95,3055.2,3042.85,3054.9
1374656400,3054.9,3060.7,3052.1,3058.4
1374670800,3058.4,3060.8,3035.1,3041.1
1374685200,3041.1,3056.95,3032.1,3056.55
1374699600,3056.55,3056.95,3052.45,3052.95
1374714000,3052.95,3055.95,3051.95,3054.55
1374728400,3054.55,3055.6,3041.4,3041.4
1374742800,3041.4,3057.9,3030.8,3055.4
1374757200,3055.4,3058.9,3037.3,3057.7
1374771600,3057.7,3061.8,3050.1,3057.75
1374786000,3057.75,3058.15,3055.45,3057.15
1374800400,3057.15,3061.15,3056.65,3060.05
1374814800,3060.05,3062.3,3050.1,3054.3
1374829200,3054.3,3055.3,3042.9,3043.2
1374843600,3043.2,3061.7,3041.2,3059.2
1374858000,3059.2,3076.8,3058.8,3074.6
1375045200,3074.6,3076.45,3073.55,3075.55
1375059600,3075.55,3075.55,3068.45,3068.65
1375074000,3068.65,3075.6,3064.6,3068.1
1375088400,3068.1,3071.8,3064.9,3068.2
1375102800,3068.2,3081.6,3059.9,3066.9
1375117200,3066.9,3073.9,3062.9,3071.35
1375131600,3071.35,3072.35,3069.05,3072.15
1375146000,3072.15,3076.15,3071.95,3075.45
1375160400,3075.45,3080.6,3072.3,3074.3
1375174800,3074.3,3082.3,3071.8,3081.3
1375189200,3081.3,3097.8,3075.6,3091.7
1375203600,3091.7,3092.3,3073.3,3087.75
1375218000,3087.75,3087.85,3085.35,3087.35
1375232400,3087.35,3090.95,3086.05,3089.55
1375246800,3089.55,3091.9,3082.3,3091.7
1375261200,3091.7,3092.3,3085.1,3090.3
1375275600,3090.3,3100.4,3088.4,3089.6
1375290000,3089.6,3108.1,3084.6,3095.75
1375304400,3095.75,3097.55,3093.05,3097.55
1375318800,3097.55,3100.05,3096.05,3099.35
1375333200,3099.35,3104.2,3098.85,3103.7
1375347600,3103.7,3110.5,3103.6,3108.3
1375362000,3108.3,3117.4,3106.7,3113.3
1375376400,3113.3,3126.5,3111.6,3121.95
1375390800,3121.95,3121.95,3118.95,3121.15
1375405200,3121.15,3123.05,3120.45,3122.45
1375419600,3122.45,3124.65,3119.9,3121.6
1375434000,3121.6,3129.9,3118.7,3123.4
1375448400,3123.4,3129.4,3115.4,3129.4
1375462800,3129.4,3140.7,3127.7,3140.2
1375650000,3140.2,3140.2,3135.35,3136.05
1375664400,3136.05,3138.55,3135.55,3138.05
1375678800,3138.05,3142.3,3137.15,3141.1
1375693200,3141.1,3141.3,3136.6,3136.8
1375707600,3136.8,3143.3,3132.7,3135.9
1375722000,3135.9,3140.9,3130.7,3139.45
1375736400,3139.45,3139.45,3133.45,3133.65
1375750800,3133.65,3136.15,3132.45,3135.65
1375765200,3135.65,3141.3,3134.15,3140.8
1375779600,3140.8,3142.1,3135.7,3137.4
1375794000,3137.4,3139.2,3109.2,3124.4
1375808400,3124.4,3124.9,3113.2,3120.75
1375822800,3120.75,3121.55,3117.45,3118.15
1375837200,3118.15,3118.95,3115.15,3116.65
1375851600,3116.65,3117.65,3108.4,3113.4
1375866000,3113.4,3117.9,3108.1,3117.4
1375880400,3117.4,3121.9,3093.6,3110.6
1375894800,3110.6,3120.95,3110.1,3120.55
1375909200,3120.55,3127.15,3118.65,3126.65
1375923600,3126.65,3130.15,3125.45,3128.65
1375938000,3128.65,3128.8,3123.1,3127.6
1375952400,3127.6,3133.6,3126.3,3132.1
1375966800,3132.1,3139,3111.2,3135.6
1375981200,3135.6,3138.1,3130.25,3132.55
1375995600,3132.55,3133.05,3127.85,3128.65
1376010000,3128.65,3134.45,3127.95,3128.85
1376024400,3128.85,3133.45,3120.7,3123.3
1376038800,3123.3,3128.1,3121.2,3126.2
1376053200,3126.2,3137.4,3109.7,3125.5
1376067600,3125.5,3129.2,3116.3,3118
1376254800,3118,3118,3111.55,3114.55
1376269200,3114.55,3117.85,3113.05,3116.85
1376283600,3116.85,3120.35,3102.2,3102.7
1376298000,3102.7,3108.9,3096.8,3108.4
1376312400,3108.4,3131.7,3105.9,3125.7
1376326800,3125.7,3129.3,3120.5,3128.85
1376341200,3128.85,3129.25,3125.65,3127.95
1376355600,3127.95,3130.95,3126.25,3130.95
1376370000,3130.95,3138.3,3130.45,3137.8
1376384400,3137.8,3139.5,3128.7,3130.3
1376398800,3130.3,3136.7,3107.4,3133.5
1376413200,3133.5,3150.2,3132.7,3140.75
1376427600,3140.75,3143.75,3139.45,3140.65
1376442000,3140.65,3140.65,3137.45,3138.15
1376456400,3138.15,3141.45,3133.7,3137.2
1376470800,3137.2,3141.2,3134.4,3139.2
1376485200,3139.2,3146.2,3126.4,3136.7
1376499600,3136.7,3140.4,3120.95,3121.65
1376514000,3121.65,3121.65,3108.85,3112.65
1376528400,3112.65,3116.95,3111.85,3113.55
1376542800,3113.55,3116.4,3108.7,3114.7
1376557200,3114.7,3115.4,3093.6,3095.6
1376571600,3095.6,3097.8,3068.8,3084.8
1376586000,3084.8,3086.3,3071.3,3074.95
1376600400,3074.95,3079.05,3073.25,3073.85
1376614800,3073.85,3080.05,3071.85,3079.05
1376629200,3079.05,3083.3,3070.55,3079.2
1376643600,3079.2,3082.3,3076,3078.3
1376658000,3078.3,3092.3,3070.8,3082.8
1376672400,3082.8,3084.8,3071.2,3071.4
1376859600,3071.4,3074.15,3067.45,3071.45
1376874000,3071.45,3075.65,3070.85,3070.95
1376888400,3070.95,3078.65,3068.1,3074.6
1376902800,3074.6,3079.3,3071.3,3077.1
1376917200,3077.1,3102.5,3073.6,3095.3
1376931600,3095.3,3095.6,3069.25,3073.05
1376946000,3073.05,3079.05,3072.65,3078.55
1376960400,3078.55,3080.35,3071.65,3073.35
1376974800,3073.35,3075.35,3065.7,3070.8
1376989200,3070.8,3082.8,3066.8,3079.8
1377003600,3079.8,3098.8,3074.3,3094.6
1377018000,3094.6,3097.8,3083.45,3084.25
1377032400,3084.25,3085.65,3083.65,3084.85
1377046800,3084.85,3085.55,3078.55,3079.85
1377061200,3079.85,3083.75,3075.3,3075.8
1377075600,3075.8,3079.3,3069.4,3075.3
1377090000,3075.3,3092.1,3072.2,3076.7
1377104400,3076.7,3100.4,3061.7,3062.95
1377118800,3062.95,3064.45,3057.15,3060.15
1377133200,3060.15,3067.85,3060.05,3064.15
1377147600,3064.15,3084.7,3061.45,3083.2
1377162000,3083.2,3086.6,3078.6,3085.1
1377176400,3085.1,3105.4,3083.6,3085.6
1377190800,3085.6,3108.65,3084.1,3106.55
1377205200,3106.55,3109.35,3105.75,3108.15
1377219600,3108.15,3111.55,3108.15,3111.05
1377234000,3111.05,3111.55,3098.2,3099.4
1377248400,3099.4,3108.6,3098.6,3106.8
1377262800,3106.8,3128.4,3106.1,3122.8
1377277200,3122.8,3128.1,3119.6,3124.3
1377464400,3124.3,3124.75,3121.65,3123.45
1377478800,3123.45,3134.05,3121.95,3130.35
1377493200,3130.35,3130.35,3120.2,3122.7
1377507600,3122.7,3127.7,3120.2,3126.4
1377522000,3126.4,3147.7,3123.7,3146.9
1377536400,3146.9,3148.9,3119.1,3124.05
1377550800,3124.05,3126.25,3118.65,3120.65
1377565200,3120.65,3123.45,3118.35,3118.55
1377579600,3118.55,3125.4,3105.2,3109.4
1377594000,3109.4,3109.4,3084.8,3087.3
1377608400,3087.3,3103.1,3073.9,3076.3
1377622800,3076.3,3076.3,3054.2,3063.35
1377637200,3063.35,3067.55,3059.75,3067.35
1377651600,3067.35,3070.35,3059.55,3060.55
1377666000,3060.55,3071.3,3059.85,3067.9
1377680400,3067.9,3068.3,3058.6,3062.6
1377694800,3062.6,3084.8,3057.6,3083.1
1377709200,3083.1,3085.8,3067.45,3067.45
1377723600,3067.45,3069.55,3065.45,3068.85
1377738000,3068.85,3073.45,3068.25,3073.45
1377752400,3073.45,3084.5,3071.95,3082.1
1377766800,3082.1,3085.7,3075.1,3080.1
1377781200,3080.1,3110.1,3068.1,3104.8
1377795600,3104.8,3107.8,3089.45,3094.15
1377810000,3094.15,3096.45,3093.35,3093.65
1377824400,3093.65,3101.65,3091.05,3101.15
1377838800,3101.15,3104.45,3089.9,3095.4
1377853200,3095.4,3100.4,3091.6,3094.3
1377867600,3094.3,3098.1,3068.8,3075.9
1377882000,3075.9,3082.9,3063.1,3082.2
1378069200,3082.2,3100.05,3082.2,3098.55
1378083600,3098.55,3101.55,3095.55,3100.05
1378098000,3100.05,3108.2,3099.85,3107.2
1378112400,3107.2,3114.5,3104.7,3108.7
1378126800,3108.7,3112.1,3106.3,3110.3
1378155600,3110.3,3111.35,3105.55,3111.05
1378170000,3111.05,3112.55,3108.95,3109.45
1378184400,3109.45,3112.15,3094.2,3095.9
1378198800,3095.9,3101.4,3092.6,3099.1
1378213200,3099.1,3114.2,3085.1,3085.6
1378227600,3085.6,3096.9,3077.1,3090.15
1378242000,3090.15,3090.65,3085.85,3088.05
1378256400,3088.05,3095.65,3087.35,3095.55
1378270800,3095.55,3097.15,3084.6,3087.8
1378285200,3087.8,3095.6,3085.1,3094.6
1378299600,3094.6,3129.1,3092.6,3124.8
1378314000,3124.8,3132.05,3119.6,3131.95
1378328400,3131.95,3133.35,3130.35,3131.35
1378342800,3131.35,3133.55,3130.55,3133.55
1378357200,3133.55,3135.7,3126.1,3129.9
1378371600,3129.9,3136.2,3125.8,3130.3
1378386000,3130.3,3138.4,3125,3128.5
1378400400,3128.5,3135.8,3126.4,3129.85
1378414800,3129.85,3131.55,3122.45,3122.95
1378429200,3122.95,3128.55,3121.45,3127.55
1378443600,3127.55,3135.9,3126.55,3133.2
1378458000,3133.2,3146.1,3129.2,3143.7
1378472400,3143.7,3144.2,3097.7,3139.8
1378486800,3139.8,3150.5,3130.6,3131.8
1378674000,3131.8,3140.35,3131.8,3137.55
1378688400,3137.55,3143.55,3136.35,3141.35
1378702800,3141.35,3146.8,3140.2,3145.9
1378717200,3145.9,3146.8,3140.8,3144.9
1378731600,3144.9,3164.8,3144.5,3161.8
1378746000,3161.8,3175.8,3160.9,3170.55
1378760400,3170.55,3173.55,3169.45,3169.65
1378774800,3169.65,3171.55,3168.05,3171.25
1378789200,3171.25,3184.4,3171.25,3181.7
1378803600,3181.7,3189.6,3180.2,3184.7
1378818000,3184.7,3189.8,3178,3183.8
1378832400,3183.8,3188.3,3174.1,3184.95
1378846800,3184.95,3185.75,3181.25,3182.35
1378861200,3182.35,3188.95,3180.55,3180.85
1378875600,3180.85,3181.85,3176.2,3179.9
1378890000,3179.9,3180.2,3167.9,3170.7
1378904400,3170.7,3177.4,3160.4,3176.6
1378918800,3176.6,3183.95,3173.1,3183.95
1378933200,3183.95,3186.55,3179.95,3179.95
1378947600,3179.95,3183.95,3179.65,3179.85
1378962000,3179.85,3182.15,3177.2,3177.2
1378976400,3177.2,3184.8,3174.4,3182.8
1378990800,3182.8,3187.1,3170.8,3178.8
1379005200,3178.8,3185.1,3172.6,3179.35
1379019600,3179.35,3182.35,3178.15,3182.05
1379034000,3182.05,3182.15,3178.35,3180.85
1379048400,3180.85,3181.7,3173.05,3177.7
1379062800,3177.7,3181.9,3176.3,3181.3
1379077200,3181.3,3182.8,3161.9,3174.1
1379091600,3174.1,3180.9,3174.1,3179.2
1379278800,3179.2,3219.35,3179.2,3210.35
1379293200,3210.35,3212.15,3208.65,3211.55
1379307600,3211.55,3213.8,3205.1,3212.3
1379322000,3212.3,3212.8,3200.2,3201.4
1379336400,3201.4,3205.9,3176.9,3177.2
1379350800,3177.2,3182.7,3162.6,3167.85
1379365200,3167.85,3167.85,3162.65,3164.65
1379379600,3164.65,3168.45,3164.15,3164.55
1379394000,3164.55,3168.9,3162.6,3165.9
1379408400,3165.9,3172.4,3163.9,3171.9
1379422800,3171.9,3193.3,3171.9,3192.8
1379437200,3192.8,3195.3,3189.1,3192.35
1379451600,3192.35,3195.65,3192.05,3195.35
1379466000,3195.35,3198.55,3194.85,3196.55
1379480400,3196.55,3198.9,3193.9,3198.9
1379494800,3198.9,3200.9,3195.1,3196.1
1379509200,3196.1,3200.8,3189.6,3194.1
1379523600,3194.1,3235.9,3190.8,3231.65
1379538000,3231.65,3236.45,3231.15,3233.45
1379552400,3233.45,3235.65,3232.45,3234.35
1379566800,3234.35,3238.4,3233.85,3237.2
1379581200,3237.2,3242.1,3234.3,3235.6
1379595600,3235.6,3243.9,3230.8,3234.8
1379610000,3234.8,3240.6,3231.3,3236.95
1379624400,3236.95,3238.75,3234.05,3235.05
1379638800,3235.05,3235.55,3232.85,3235.55
1379653200,3235.55,3241.8,3235.35,3240.1
1379667600,3240.1,3243.2,3237,3241.7
1379682000,3241.7,3247.4,3228.3,3235.8
1379696400,3235.8,3236.8,3223.7,3225.2
1379883600,3225.2,3230.15,3221.85,3222.35
1379898000,3222.35,3229.65,3222.35,3229.15
1379912400,3229.15,3235.8,3226.3,3233.1
1379926800,3233.1,3238.8,3217.8,3237.2
1379941200,3237.2,3242.8,3203.8,3220.3
1379955600,3220.3,3227.4,3215.2,3216.25
1379970000,3216.25,3218.85,3213.25,3213.35
1379984400,3213.35,3214.55,3211.85,3213.35
1379998800,3213.35,3220.7,3213.35,3220.2
1380013200,3220.2,3222.3,3215.7,3222.3
1380027600,3222.3,3233.7,3208.6,3230.4
1380042000,3230.4,3236.4,3213.6,3220.05
1380056400,3220.05,3221.75,3218.55,3221.05
1380070800,3221.05,3223.45,3221.05,3222.55
1380085200,3222.55,3223.05,3211.2,3219.2
1380099600,3219.2,3225.2,3213.4,3221.9
1380114000,3221.9,3226.4,3201.6,3220.2
1380128400,3220.2,3223.2,3204.8,3207.35
1380142800,3207.35,3211.65,3207.35,3210.35
1380157200,3210.35,3215.55,3209.85,3214.35
1380171600,3214.35,3224.85,3214.35,3218.9
1380186000,3218.9,3223.4,3213.8,3222.6
1380200400,3222.6,3241.1,3219.3,3234.2
1380214800,3234.2,3238.4,3223.3,3234.85
1380229200,3234.85,3239.15,3234.45,3234.65
1380243600,3234.65,3235.65,3233.15,3234.45
1380258000,3234.45,3236.1,3227.3,3227.6
1380272400,3227.6,3228.8,3218,3220.9
1380286800,3220.9,3233.9,3208.6,3232.7
1380301200,3232.7,3233.4,3220.6,3229.9
1380488400,3229.9,3229.9,3205.65,3207.95
1380502800,3207.95,3215.15,3207.15,3212.65
1380517200,3212.65,3214.15,3205.55,3210.3
1380531600,3210.3,3211.8,3196.5,3198.8
1380546000,3198.8,3226.8,3183.8,3220.3
1380560400,3220.3,3228.6,3210.2,3224.65
1380574800,3224.65,3228.05,3222.25,3224.85
1380589200,3224.85,3235.55,3220.15,3224.35
1380603600,3224.35,3233.9,3222.95,3230.2
1380618000,3230.2,3231.4,3219.1,3226.1
1380632400,3226.1,3253.9,3218.6,3248.2
1380646800,3248.2,3256.35,3236.9,3254.45
1380661200,3254.45,3256.25,3251.25,3252.05
1380675600,3252.05,3252.05,3246.95,3247.85
1380690000,3247.85,3248.05,3229.1,3233.3
1380704400,3233.3,3242.1,3230.6,3232.1
1380718800,3232.1,3251.7,3226.3,3247.1
1380733200,3247.1,3255.2,3243.3,3244.75
1380747600,3244.75,3245.15,3228.75,3232.95
1380762000,3232.95,3243.35,3232.95,3242.05
1380776400,3242.05,3244.9,3237.4,3240.4
1380790800,3240.4,3248.4,3235.7,3247.7
1380805200,3247.7,3253.4,3194.6,3208.6
1380819600,3208.6,3221.7,3201.3,3206.05
1380834000,3206.05,3211.35,3205.55,3207.05
1380848400,3207.05,3213.55,3205.85,3207.35
1380862800,3207.35,3217.4,3204.55,3216.2
1380877200,3216.2,3219.6,3211.3,3215.4
1380891600,3215.4,3240.3,3209.2,3237.6
1380906000,3237.6,3244.6,3235.8,3241.6
1381093200,3241.6,3241.6,3222.95,3228.95
1381107600,3228.95,3228.95,3222.65,3224.95
1381122000,3224.95,3226.15,3206.8,3210.1
1381136400,3210.1,3219.4,3208.1,3217.1
1381150800,3217.1,3237.4,3209.8,3217.3
1381165200,3217.3,3232.9,3209.85,3212.15
1381179600,3212.15,3212.85,3206.15,3206.55
1381194000,3206.55,3213.85,3203.05,3211.85
1381208400,3211.85,3217.9,3210.25,3212.3
1381222800,3212.3,3219.4,3208.1,3215.8
1381237200,3215.8,3215.8,3153.7,3163.7
1381251600,3163.7,3166.7,3149.2,3150.35
1381266000,3150.35,3167.35,3149.35,3162.15
1381280400,3162.15,3165.95,3160.95,3164.15
1381294800,3164.15,3167.1,3159.1,3165.3
1381309200,3165.3,3168.9,3158.4,3161.1
1381323600,3161.1,3163.4,3115.4,3122.3
1381338000,3122.3,3153.6,3122.3,3138.25
1381352400,3138.25,3145.85,3137.85,3143.55
1381366800,3143.55,3149.35,3142.55,3149.05
1381381200,3149.05,3161.3,3146.2,3159.8
1381395600,3159.8,3170.1,3159.3,3170.1
1381410000,3170.1,3203.9,3170.1,3201.4
1381424400,3201.4,3213.7,3192.1,3196.95
1381438800,3196.95,3201.65,3180.65,3197.95
1381453200,3197.95,3208.15,3195.45,3201.95
1381467600,3201.95,3206.6,3197.6,3205.8
1381482000,3205.8,3206.8,3196.7,3199.7
1381496400,3199.7,3233.3,3197.2,3231.3
1381510800,3231.3,3234.8,3224.6,3232.1
1381698000,3232.1,3232.1,3201.45,3209.75
1381712400,3209.75,3217.15,3207.95,3213.55
1381726800,3213.55,3219.8,3210.1,3215.8
1381741200,3215.8,3218.4,3209.2,3210.9
1381755600,3210.9,3240.1,3209.2,3239.6
1381770000,3239.6,3258.95,3238.1,3257.25
1381784400,3257.25,3263.15,3255.35,3261.65
1381798800,3261.65,3262.45,3255.65,3258.15
1381813200,3258.15,3260.45,3253.6,3257.1
1381827600,3257.1,3262.9,3251.9,3257.2
1381842000,3257.2,3267.9,3244.7,3255.6
1381856400,3255.6,3260.8,3238.6,3247.75
1381870800,3247.75,3265.65,3239.05,3259.45
1381885200,3259.45,3261.65,3251.75,3256.95
1381899600,3256.95,3259.35,3249.3,3251.9
1381914000,3251.9,3262,3246.7,3260.9
1381928400,3260.9,3280.7,3255.2,3276.2
1381942800,3276.2,3279.9,3266.25,3267.15
1381957200,3267.15,3272.75,3265.35,3271.55
1381971600,3271.55,3272.95,3264.95,3267.35
1381986000,3267.35,3270.8,3260.7,3265.9
1382000400,3265.9,3270.4,3262.7,3262.7
1382014800,3262.7,3294.8,3259.7,3293.8
1382029200,3293.8,3310.95,3285.7,3310.95
1382043600,3310.95,3322.55,3310.95,3318.95
1382058000,3318.95,3321.55,3316.15,3321.35
1382072400,3321.35,3324.15,3315.7,3318.4
1382086800,3318.4,3325.4,3316.7,3322.2
1382101200,3322.2,3340.3,3318.2,3338.9
1382115600,3338.9,3352.3,3338.9,3348.1
1382302800,3348.1,3353.65,3347.15,3350.55
1382317200,3350.55,3353.15,3348.65,3352.95
1382331600,3352.95,3357.65,3349.1,3353.1
1382346000,3353.1,3356.1,3350.1,3355.8
1382360400,3355.8,3366.3,3351.1,3361.6
1382374800,3361.6,3361.8,3347.7,3358.05
1382389200,3358.05,3359.45,3356.05,3357.05
1382403600,3357.05,3358.85,3356.05,3357.65
1382418000,3357.65,3360.3,3355.9,3359.3
1382432400,3359.3,3372.8,3358.1,3369.3
1382446800,3369.3,3381.3,3342.3,3356.7
1382461200,3356.7,3371.2,3352.7,3362.35
1382475600,3362.35,3362.75,3355.25,3355.65
1382490000,3355.65,3359.15,3347.45,3348.55
1382504400,3348.55,3349.35,3337.9,3344.2
1382518800,3344.2,3348.7,3337.7,3347.9
1382533200,3347.9,3352.8,3326.6,3340.1
1382547600,3340.1,3346.65,3335.6,3346.65
1382562000,3346.65,3350.15,3342.85,3346.65
1382576400,3346.65,3354.45,3345.95,3353.95
1382590800,3353.95,3363.95,3352.1,3354.8
1382605200,3354.8,3360.4,3345.3,3346.1
1382619600,3346.1,3364.4,3339.6,3363.4
1382634000,3363.4,3383.65,3354.6,3381.35
1382648400,3381.35,3382.15,3378.55,3379.05
1382662800,3379.05,3382.65,3376.35,3378.15
1382677200,3378.15,3378.65,3372.6,3378.3
1382691600,3378.3,3387.1,3377.1,3386.1
1382706000,3386.1,3396.8,3365.4,3374.4
1382720400,3374.4,3381.7,3372.2,3380
1382907600,3380,3387.8,3376.1,3387.15
1382922000,3387.15,3393.45,3386.15,3390.45
1382936400,3390.45,3392.45,3385.3,3386.1
1382950800,3386.1,3390.9,3377.1,3380.4
1382965200,3380.4,3386.1,3367.1,3385.1
1382979600,3385.1,3392.85,3364.55,3374.45
1382994000,3374.45,3381.45,3372.35,3375.85
1383008400,3375.85,3381.55,3374.55,3379.05
1383022800,3379.05,3389.3,3377.05,3387.8
1383037200,3387.8,3391.2,3383.8,3389.4
1383051600,3389.4,3395.7,3372.7,3389.5
1383066000,3389.5,3392.3,3380.6,3391.55
1383080400,3391.55,3393.65,3388.25,3388.95
1383094800,3388.95,3393.65,3388.65,3392.85
1383109200,3392.85,3400.7,3392.05,3399.9
1383123600,3399.9,3403.7,3397.9,3399.2
1383138000,3399.2,3405.2,3382.8,3392
1383152400,3392,3397.15,3368.4,3392.25
1383166800,3392.25,3392.25,3372.95,3375.65
1383181200,3375.65,3379.45,3372.65,3375.15
1383195600,3375.15,3382.4,3372.65,3378.9
1383210000,3378.9,3386.3,3377.1,3379.3
1383224400,3379.3,3396.3,3364.6,3390.1
1383238800,3390.1,3397.6,3375.9,3381.25
1383253200,3381.25,3381.65,3377.05,3379.35
1383267600,3379.35,3379.65,3374.95,3376.15
1383282000,3376.15,3382.85,3376.1,3378.8
1383296400,3378.8,3385.8,3376.8,3384.6
1383310800,3384.6,3391.8,3362.9,3368.2
1383325200,3368.2,3379.7,3360.9,3372.4
1383516000,3372.4,3379.45,3370.1,3379.15
1383530400,3379.15,3382.45,3376.45,3379.45
1383544800,3379.45,3381.9,3373.9,3379.9
1383559200,3379.9,3389.7,3377.7,3389.2
1383573600,3389.2,3390.4,3369.8,3373.2
1383588000,3373.2,3382.35,3370.8,3381.35
1383602400,3381.35,3382.35,3378.05,3378.55
1383616800,3378.55,3381.85,3377.55,3381.85
1383631200,3381.85,3381.85,3368.2,3369.2
1383645600,3369.2,3372.3,3366.6,3367.6
1383660000,3367.6,3387.8,3358.8,3385.3
1383674400,3385.3,3393.3,3382.35,3383.95
1383688800,3383.95,3388.55,3380.85,3386.85
1383703200,3386.85,3401.05,3386.15,3395.05
1383717600,3395.05,3399.7,3393.2,3395.2
1383732000,3395.2,3397.9,3393.2,3393.4
1383746400,3393.4,3400.8,3373.4,3377.4
1383760800,3377.4,3386.2,3375.9,3378.85
1383775200,3378.85,3378.85,3371.15,3373.05
1383789600,3373.05,3377.15,3372.55,3375.95
1383804000,3375.95,3378.4,3372.6,3374.8
1383818400,3374.8,3389.9,3372.6,3384.7
1383832800,3384.7,3389.3,3336.3,3346.6
1383847200,3346.6,3348.8,3317.1,3325.45
1383861600,3325.45,3329.35,3320.75,3328.35
1383876000,3328.35,3330.55,3326.35,3329.05
1383890400,3329.05,3335.7,3325.55,3333.9
1383904800,3333.9,3339.5,3313.1,3325.6
1383919200,3325.6,3359.5,3323.5,3357.2
1383933600,3357.2,3365.8,3353.9,3363.3
1384120800,3363.3,3363.8,3356.35,3357.35
1384135200,3357.35,3360.55,3355.85,3360.05
1384149600,3360.05,3362.85,3356.2,3359.6
1384164000,3359.6,3365.6,3359.6,3360.8
1384178400,3360.8,3368.1,3348.3,3362.6
1384192800,3362.6,3365.1,3357.45,3357.65
1384207200,3357.65,3359.55,3356.55,3357.35
1384221600,3357.35,3360.45,3355.85,3360.05
1384236000,3360.05,3360.85,3347.1,3348.3
1384250400,3348.3,3353.8,3346.6,3347.6
1384264800,3347.6,3369.3,3347.1,3357.1
1384279200,3357.1,3367.75,3350.2,3366.85
1384293600,3366.85,3367.25,3360.05,3361.05
1384308000,3361.05,3363.05,3350.95,3352.65
1384322400,3352.65,3363.6,3351.95,3357.3
1384336800,3357.3,3362.6,3340.7,3342.4
1384351200,3342.4,3384.1,3341.7,3382.8
1384365600,3382.8,3409.25,3380.7,3403.05
1384380000,3403.05,3403.75,3394.05,3396.95
1384394400,3396.95,3403.55,3396.95,3402.05
1384408800,3402.05,3405.6,3398.7,3399.4
1384423200,3399.4,3401.1,3393.9,3394.8
1384437600,3394.8,3414.1,3389.4,3405.6
1384452000,3405.6,3418.3,3404.6,3413.95
1384466400,3413.95,3416.95,3411.65,3415.95
1384480800,3415.95,3421.25,3415.35,3419.55
1384495200,3419.55,3420.9,3417.2,3418.9
1384509600,3418.9,3423.9,3416.6,3417.3
1384524000,3417.3,3418.3,3407.8,3411.3
1384538400,3411.3,3422.6,3411.1,3419.8
1384725600,3419.8,3422.7,3416.65,3418.65
1384740000,3418.65,3419.65,3415.65,3417.15
1384754400,3417.15,3420.1,3414.1,3419.8
1384768800,3419.8,3423.3,3418.1,3420.7
1384783200,3420.7,3427.8,3407.6,3413.4
1384797600,3413.4,3416.9,3382.3,3388.75
1384812000,3388.75,3391.65,3383.35,3383.85
1384826400,3383.85,3392.35,3383.85,3390.85
1384840800,3390.85,3391.05,3380.3,3382.2
1384855200,3382.2,3388.9,3378.4,3387.7
1384869600,3387.7,3402.7,3379.7,3386.8
1384884000,3386.8,3388.8,3372.8,3378.45
1384898400,3378.45,3386.75,3377.35,3379.55
1384912800,3379.55,3381.05,3377.25,3378.85
1384927200,3378.85,3383.8,3376.4,3379.7
1384941600,3379.7,3389.7,3373.2,3389.4
1384956000,3389.4,3400.6,3381.3,3388.6
1384970400,3388.6,3392.1,3360.6,3369.85
1384984800,3369.85,3371.35,3367.35,3368.65
1384999200,3368.65,3368.95,3363.65,3365.65
1385013600,3365.65,3375.4,3362.1,3375.2
1385028000,3375.2,3383.3,3373.4,3379.1
1385042400,3379.1,3397.9,3379.1,3387.3
1385056800,3387.3,3407.8,3387.1,3404.85
1385071200,3404.85,3407.15,3402.75,3406.35
1385085600,3406.35,3406.55,3402.35,3402.35
1385100000,3402.35,3409.9,3402.35,3405.1
1385114400,3405.1,3411.3,3401.8,3408.8
1385128800,3408.8,3424.6,3408.1,3422.3
1385143200,3422.3,3424.3,3416.3,3422.6
1385330400,3422.6,3437.45,3422.2,3432.65
1385344800,3432.65,3432.95,3430.55,3432.45
1385359200,3432.45,3436.7,3431.45,3433.6
1385373600,3433.6,3436.6,3432.1,3435.6
1385388000,3435.6,3439.1,3422.6,3430.6
1385402400,3430.6,3437.9,3426.2,3430.35
1385416800,3430.35,3436.65,3428.05,3435.85
1385431200,3435.85,3436.65,3433.35,3436.15
1385445600,3436.15,3437.05,3428.8,3429.3
1385460000,3429.3,3434.6,3428.6,3431.8
1385474400,3431.8,3449.8,3424.3,3448.3
1385488800,3448.3,3457.6,3447.3,3449.85
1385503200,3449.85,3450.65,3447.65,3449.45
1385517600,3449.45,3451.35,3448.65,3450.25
1385532000,3450.25,3454.8,3449.3,3454.8
1385546400,3454.8,3455.2,3451.3,3455.2
1385560800,3455.2,3470.4,3453.2,3463.2
1385575200,3463.2,3473.7,3461.7,3471.75
1385589600,3471.75,3475.05,3470.75,3474.65
1385604000,3474.65,3478.65,3474.45,3478.65
1385618400,3478.65,3484.3,3476.45,3482.6
1385632800,3482.6,3485.8,3481.4,3485.4
1385647200,3485.4,3485.4,3483.2,3484.4
1385676000,3484.4,3484.95,3482.65,3484.45
1385690400,3484.45,3485.65,3482.65,3483.65
1385704800,3483.65,3487.4,3482.6,3486.1
1385719200,3486.1,3488.4,3482.2,3482.9
1385733600,3482.9,3497.9,3482.2,3490.7
1385748000,3490.7,3494.9,3490.1,3492.9
1385935200,3492.9,3496.7,3492.45,3495.05
1385949600,3495.05,3496.75,3493.55,3494.05
1385964000,3494.05,3498.7,3490.4,3493.2
1385978400,3493.2,3496.2,3488.7,3495.6
1385992800,3495.6,3502.4,3484.1,3493.6
1386007200,3493.6,3494.3,3478.1,3485.05
1386021600,3485.05,3488.55,3484.45,3487.35
1386036000,3487.35,3487.65,3485.35,3485.85
1386050400,3485.85,3487.15,3482.6,3484.6
1386064800,3484.6,3484.6,3477.1,3478.8
1386079200,3478.8,3489.8,3471.1,3478.1
1386093600,3478.1,3481.7,3467.4,3478.25
1386108000,3478.25,3480.05,3475.35,3477.55
1386122400,3477.55,3480.55,3477.05,3478.35
1386136800,3478.35,3486.3,3477.15,3486.1
1386151200,3486.1,3486.3,3468.7,3470.6
1386165600,3470.6,3495.2,3463.7,3477.7
1386180000,3477.7,3491.8,3454.6,3484.75
1386194400,3484.75,3485.25,3480.65,3482.95
1386208800,3482.95,3484.25,3480.45,3481.05
1386223200,3481.05,3489.9,3479.6,3489.7
1386237600,3489.7,3492.9,3484.7,3486.2
1386252000,3486.2,3490.4,3471.4,3483.9
1386266400,3483.9,3487.4,3469.9,3478.15
1386280800,3478.15,3482.25,3478.15,3481.95
1386295200,3481.95,3486.45,3480.55,3485.95
1386309600,3485.95,3495.4,3484.35,3494.7
1386324000,3494.7,3509.9,3481.4,3507.2
1386338400,3507.2,3511.8,3487.3,3510.1
1386352800,3510.1,3511.3,3500.1,3506.3
1386540000,3506.3,3514.4,3506.3,3512.35
1386554400,3512.35,3513.15,3510.55,3512.85
1386568800,3512.85,3512.85,3507.9,3510.6
1386583200,3510.6,3516.3,3507.4,3514.8
1386597600,3514.8,3525.4,3512.3,3518.8
1386612000,3518.8,3522.3,3513.8,3520.15
1386626400,3520.15,3523.55,3519.25,3523.05
1386640800,3523.05,3524.55,3521.55,3523.85
1386655200,3523.85,3524.8,3520.6,3524.6
1386669600,3524.6,3525.1,3508.8,3509.8
1386684000,3509.8,3521.8,3508.6,3517.1
1386698400,3517.1,3521.8,3511.4,3517.65
1386712800,3517.65,3522.95,3517.65,3520.45
1386727200,3520.45,3522.35,3514.35,3514.85
1386741600,3514.85,3515.15,3507.5,3511.6
1386756000,3511.6,3518.8,3511.1,3516.3
1386770400,3516.3,3520.1,3482.6,3484.6
1386784800,3484.6,3492.1,3465.7,3472.15
1386799200,3472.15,3477.05,3471.35,3476.05
1386813600,3476.05,3476.25,3464.85,3470.65
1386828000,3470.65,3476.8,3468.45,3474.8
1386842400,3474.8,3478.3,3466.2,3476.8
1386856800,3476.8,3480.8,3459.4,3465.7
1386871200,3465.7,3477.4,3457.35,3457.35
1386885600,3457.35,3466.55,3456.85,3466.35
1386900000,3466.35,3471.45,3466.35,3470.15
1386914400,3470.15,3476.1,3469.6,3475.1
1386928800,3475.1,3476.9,3468.6,3471.4
1386943200,3471.4,3479.8,3457.8,3462.2
1386957600,3462.2,3466.9,3451.3,3458.6
1387144800,3458.6,3464.15,3458.6,3460.45
1387159200,3460.45,3462.45,3435.65,3443.55
1387173600,3443.55,3465.9,3442.85,3464.9
1387188000,3464.9,3478.4,3464.2,3476.6
1387202400,3476.6,3496.9,3473.6,3479.2
1387216800,3479.2,3482.7,3471.9,3473.65
1387231200,3473.65,3474.25,3471.95,3472.65
1387245600,3472.65,3477.15,3471.95,3477.15
1387260000,3477.15,3477.45,3469.6,3471.8
1387274400,3471.8,3480.4,3471.1,3477.3
1387288800,3477.3,3477.6,3462.2,3474.3
1387303200,3474.3,3484.6,3465.05,3465.45
1387317600,3465.45,3471.35,3464.95,3468.65
1387332000,3468.65,3473.65,3468.65,3473.55
1387346400,3473.55,3477.6,3470.6,3476.3
1387360800,3476.3,3479.3,3469.3,3472.6
1387375200,3472.6,3475.1,3443.1,3444.8
1387389600,3444.8,3515.25,3423.1,3512.85
1387404000,3512.85,3518.45,3509.45,3509.65
1387418400,3509.65,3511.05,3507.45,3508.15
1387432800,3508.15,3511.8,3505.1,3508.8
1387447200,3508.8,3509.6,3495,3495.3
1387461600,3495.3,3504.1,3483.8,3497.4
1387476000,3497.4,3503,3494.9,3498.25
1387490400,3498.25,3504.05,3498.25,3503.45
1387504800,3503.45,3506.45,3503.15,3505.15
1387519200,3505.15,3507.8,3499.6,3505.8
1387533600,3505.8,3507.3,3501.6,3507.3
1387548000,3507.3,3539.4,3502.7,3536.7
1387562400,3536.7,3542.8,3533.2,3538.3
1387749600,3538.3,3554.65,3538.3,3553.15
1387764000,3553.15,3556.45,3551.95,3554.95
1387778400,3554.95,3563.6,3553.65,3562.7
1387792800,3562.7,3567.2,3558.5,3566.4
1387807200,3566.4,3569.9,3553.6,3565.6
1387821600,3565.6,3572.95,3559.6,3572.05
1387836000,3572.05,3572.05,3567.65,3568.65
1387850400,3568.65,3574.65,3568.65,3570.45
1387864800,3570.45,3573.4,3568.85,3569.6
1387879200,3569.6,3572.4,3568.7,3572.4
1387893600,3572.4,3576.1,3566.6,3575.1
1387908000,3575.1,3575.3,3574.8,3575.1
1388052000,3575.1,3582.9,3575.1,3582.4
1388066400,3582.4,3586.2,3573.7,3585.7
1388080800,3585.7,3588.4,3583.2,3588.35
1388095200,3588.35,3588.75,3582.85,3584.95
1388109600,3584.95,3588.15,3584.95,3587.95
1388124000,3587.95,3589.95,3585.1,3585.1
1388138400,3585.1,3590.4,3582.7,3588.4
1388152800,3588.4,3592.6,3576.4,3578.2
1388167200,3578.2,3579.9,3572.1,3577.7
1388354400,3577.7,3577.7,3573.1,3575.95
1388368800,3575.95,3577.55,3575.45,3576.95
1388383200,3576.95,3578.55,3574.7,3575.7
1388397600,3575.7,3577.9,3571.2,3571.2
1388412000,3571.2,3574.1,3561.1,3569.1
1388426400,3569.1,3576.3,3569.1,3572.75
1388440800,3572.75,3572.75,3570.55,3570.85
1388455200,3570.85,3571.35,3570.05,3571.35
1388469600,3571.35,3572.7,3571.35,3572.7
1388484000,3572.7,3577.9,3571.9,3576.7
1388498400,3576.7,3593.2,3576.4,3588.9
1388512800,3588.9,3589.2,3588.9,3588.9
1388656800,3588.9,3588.9,3573.4,3576.9
1388671200,3576.9,3579.3,3557.1,3565.3
1388685600,3565.3,3567.45,3554.2,3565.55
1388700000,3565.55,3568.05,3564.15,3565.05
1388714400,3565.05,3565.05,3556.45,3556.45
1388728800,3556.45,3563.3,3550.95,3563.3
1388743200,3563.3,3571.4,3562.3,3566.3
1388757600,3566.3,3567.3,3536.7,3540.4
1388772000,3540.4,3550.4,3536.4,3536.7
1388959200,3536.7,3544.8,3535.9,3537.65
1388973600,3537.65,3538.65,3533.65,3537.05
1388988000,3537.05,3539.3,3531.7,3538.4
1389002400,3538.4,3541.2,3533.7,3536.2
1389016800,3536.2,3541.5,3510.4,3520.1
1389031200,3520.1,3535.9,3514.7,3520.05
1389045600,3520.05,3526.75,3520.05,3525.95
1389060000,3525.95,3530.45,3525.95,3529.35
1389074400,3529.35,3532.9,3525.2,3532.7
1389088800,3532.7,3540.4,3531.7,3539.2
1389103200,3539.2,3556.9,3533.9,3554.2
1389117600,3554.2,3561.7,3545.4,3554.35
1389132000,3554.35,3554.45,3549.95,3552.65
1389146400,3552.65,3557.45,3552.45,3556.95
1389160800,3556.95,3557.45,3550.6,3551.8
1389175200,3551.8,3556.3,3548.6,3554.6
1389189600,3554.6,3574.2,3549.6,3567.8
1389204000,3567.8,3572.6,3554.2,3567.85
1389218400,3567.85,3568.85,3564.85,3567.05
1389232800,3567.05,3571.15,3567.05,3570.05
1389247200,3570.05,3578.9,3561.3,3578.9
1389261600,3578.9,3581.4,3572.1,3574.2
1389276000,3574.2,3578.6,3541.9,3556.3
1389290400,3556.3,3556.6,3540,3553.45
1389304800,3553.45,3558.05,3553.25,3557.35
1389319200,3557.35,3558.45,3556.35,3558.45
1389333600,3558.45,3566.3,3558.45,3564.4
1389348000,3564.4,3576.3,3542.6,3561.3
1389362400,3561.3,3567.8,3534.2,3542.2
1389376800,3542.2,3565.7,3541.2,3565.5
1389564000,3565.5,3566.7,3561.05,3561.35
1389578400,3561.35,3561.35,3555.35,3557.95
1389592800,3557.95,3561.9,3556.3,3560.3
1389607200,3560.3,3561.8,3550.8,3557.6
1389621600,3557.6,3570.8,3547.5,3547.5
1389636000,3547.5,3547.8,3496.7,3513.55
1389650400,3513.55,3516.55,3513.35,3516.35
1389664800,3516.35,3516.55,3510.45,3511.45
1389679200,3511.45,3518.8,3507.3,3515.1
1389693600,3515.1,3524.3,3514.3,3523.3
1389708000,3523.3,3576.3,3521.6,3571.6
1389722400,3571.6,3580.3,3569.6,3577.65
1389736800,3577.65,3580.25,3575.35,3575.35
1389751200,3575.35,3578.05,3575.05,3577.85
1389765600,3577.85,3589.9,3576.05,3587.7
1389780000,3587.7,3592.7,3587.2,3591.2
1389794400,3591.2,3612.2,3589.2,3606.7
1389808800,3606.7,3614.2,3601.75,3602.85
1389823200,3602.85,3606.95,3602.15,3605.65
1389837600,3605.65,3608.15,3604.45,3605.65
1389852000,3605.65,3606.15,3600.8,3604.3
1389866400,3604.3,3605.6,3598.4,3600.2
1389880800,3600.2,3610.9,3597.9,3607.7
1389895200,3607.7,3612.2,3599.15,3600.55
1389909600,3600.55,3601.45,3596.05,3597.45
1389924000,3597.45,3603.65,3596.95,3602.45
1389938400,3602.45,3604.6,3599.65,3604.6
1389952800,3604.6,3612.8,3595.9,3599.9
1389967200,3599.9,3607.4,3589.1,3600.9
1389981600,3600.9,3602.9,3578.3,3588.8
1390168800,3588.8,3590.8,3581.55,3585.35
1390183200,3585.35,3589.55,3585.35,3587.55
1390197600,3587.55,3588.55,3581.4,3588.2
1390212000,3588.2,3592.4,3587.7,3591.2
1390226400,3591.2,3592.7,3588.9,3592.2
1390240800,3592.2,3592.2,3591.55,3591.55
1390255200,3591.55,3608.95,3591.35,3607.15
1390269600,3607.15,3612.65,3604.95,3609.65
1390284000,3609.65,3609.65,3600.2,3600.4
1390298400,3600.4,3608.4,3600.2,3607.7
1390312800,3607.7,3615.7,3583.3,3602.8
1390327200,3602.8,3614.65,3602.3,3611.45
1390341600,3611.45,3613.65,3608.95,3612.65
1390356000,3612.65,3624.45,3610.15,3621.45
1390370400,3621.45,3622.6,3612.8,3613.8
1390384800,3613.8,3621.3,3608.8,3619.8
1390399200,3619.8,3630.3,3612.1,3628.8
1390413600,3628.8,3632.85,3622.1,3630.25
1390428000,3630.25,3638.85,3627.35,3631.35
1390442400,3631.35,3631.35,3613.95,3622.05
1390456800,3622.05,3632.8,3620.75,3626.3
1390471200,3626.3,3626.8,3606.7,3608.7
1390485600,3608.7,3612.5,3586.6,3597.2
1390500000,3597.2,3621.05,3585.3,3618.85
1390514400,3618.85,3620.95,3615.45,3620.65
1390528800,3620.65,3624.65,3609.55,3614.95
1390543200,3614.95,3618.85,3602.7,3605.2
1390557600,3605.2,3605.2,3585.9,3599.4
1390572000,3599.4,3599.4,3553.4,3568.9
1390586400,3568.9,3570.4,3536.3,3537.1
1390773600,3537.1,3539.95,3523.7,3538.45
1390788000,3538.45,3542.05,3532.95,3537.05
1390802400,3537.05,3548.1,3531.95,3542.6
1390816800,3542.6,3547.4,3532.4,3541.7
1390831200,3541.7,3545.2,3478.7,3492.4
1390845600,3492.4,3534.1,3476.65,3482.15
1390860000,3482.15,3486.15,3471.45,3485.15
1390874400,3485.15,3490.15,3482.05,3483.55
1390888800,3483.55,3501.4,3480.55,3499.4
1390903200,3499.4,3499.7,3482.8,3493.4
1390917600,3493.4,3505.8,3480.4,3490.4
1390932000,3490.4,3508.85,3486.4,3505.35
1390946400,3505.35,3528.15,3505.35,3522.95
1390960800,3522.95,3526.05,3520.35,3523.35
1390975200,3523.35,3531.9,3512.4,3519.2
1390989600,3519.2,3521.2,3470.7,3477.7
1391004000,3477.7,3497.7,3462.2,3482.5
1391018400,3482.5,3488.7,3457.45,3478.8
1391032800,3478.8,3492.8,3475.75,3480.1
1391047200,3480.1,3490.3,3474.25,3486.3
1391061600,3486.3,3492.65,3476.45,3481.2
1391076000,3481.2,3500.65,3481.2,3500.35
1391090400,3500.35,3540.25,3499.75,3537.95
1391104800,3537.95,3540.15,3499,3513.65
1391119200,3513.65,3524.45,3511.4,3523.2
1391133600,3523.2,3523.2,3509.9,3517.4
1391148000,3517.4,3519.9,3500.85,3503.25
1391162400,3503.25,3503.25,3482.35,3488.65
1391176800,3488.65,3525.35,3484.85,3522.15
1391191200,3522.15,3535.65,3512.65,3522.9
1391378400,3522.9,3532.55,3516.8,3517.5
1391392800,3517.5,3525.35,3515.5,3520.45
1391407200,3520.45,3530.45,3510.25,3512.05
1391421600,3512.05,3527.25,3504.95,3516.85
1391436000,3516.85,3527.7,3455.15,3459.85
1391450400,3459.85,3462.45,3428.15,3440.55
1391464800,3440.55,3447.35,3438.7,3445.8
1391479200,3445.8,3451.1,3441.15,3442
1391493600,3442,3450.15,3434.35,3446.75
1391508000,3446.75,3456.05,3436.75,3455.65
1391522400,3455.65,3474.35,3444.35,3472.65
1391536800,3472.65,3476.15,3454.55,3455.4
1391551200,3455.4,3458,3450.5,3451.9
1391565600,3451.9,3452.85,3441.7,3447.9
1391580000,3447.9,3456.5,3445.05,3452.45
1391594400,3452.45,3457.25,3439.75,3455.45
1391608800,3455.45,3462.15,3414.75,3457.85
1391623200,3457.85,3465.75,3445.55,3451.8
1391637600,3451.8,3459.55,3450.55,3455.3
1391652000,3455.3,3459.2,3451.3,3454.4
1391666400,3454.4,3468.7,3451.25,3466.85
1391680800,3466.85,3471.95,3453.75,3461.8
1391695200,3461.8,3502.05,3457.95,3493.85
1391709600,3493.85,3501.25,3487.25,3493.5
1391724000,3493.5,3494.45,3490.2,3493.75
1391738400,3493.75,3496.75,3491.2,3496.3
1391752800,3496.3,3509.55,3495,3508.3
1391767200,3508.3,3519.6,3482.1,3516.65
1391781600,3516.65,3543.25,3506.45,3541.85
1391796000,3541.85,3562.25,3541.85,3560.45
1391983200,3560.45,3566.05,3558.55,3561.9
1391997600,3561.9,3564.55,3559.85,3563.2
1392012000,3563.2,3564.75,3555.05,3558.95
1392026400,3558.95,3561.45,3552.75,3559.25
1392040800,3559.25,3578.15,3556.2,3572.95
1392055200,3572.95,3582.25,3568.45,3582.2
1392069600,3582.2,3588.25,3580.85,3585.8
1392084000,3585.8,3592.75,3585.7,3590.8
1392098400,3590.8,3596.25,3587.85,3595.45
1392112800,3595.45,3598.55,3586.7,3588.55
1392127200,3588.55,3610.7,3583.75,3610.4
1392141600,3610.4,3628.05,3610.35,3615.65
1392156000,3615.65,3616.35,3612.45,3614.1
1392170400,3614.1,3623.2,3613.25,3623.15
1392184800,3623.15,3626.45,3619,3626.25
1392199200,3626.25,3627.25,3615.75,3621.15
1392213600,3621.15,3635.75,3617.25,3627.55
1392228000,3627.55,3632.95,3620.95,3624.6
1392242400,3624.6,3625.6,3617.95,3618.3
1392256800,3618.3,3622.65,3609.45,3609.45
1392271200,3609.45,3616.45,3608.45,3610.8
1392285600,3610.8,3614.3,3599.15,3604.95
1392300000,3604.95,3648.1,3599.65,3646.05
1392314400,3646.05,3658.15,3645.95,3655.35
1392328800,3655.35,3659.75,3648.75,3656.65
1392343200,3656.65,3657.8,3640.35,3643.6
1392357600,3643.6,3659.7,3642.9,3657.55
1392372000,3657.55,3661.8,3654.35,3655.9
1392386400,3655.9,3660.65,3642.85,3656.55
1392400800,3656.55,3670.05,3655.55,3662.85
1392588000,3662.85,3666.6,3658.6,3664.25
1392602400,3664.25,3664.8,3660.7,3662.3
1392616800,3662.3,3674.5,3661.45,3670.15
1392631200,3670.15,3673.95,3668.15,3669.15
1392645600,3669.15,3670.45,3667.2,3669.15
1392674400,3669.15,3670.85,3663.8,3664.6
1392688800,3664.6,3672.35,3663.8,3670.4
1392703200,3670.4,3674.2,3660.4,3661.15
1392717600,3661.15,3668.9,3655.85,3665.05
1392732000,3665.05,3684.75,3658.85,3680.85
1392746400,3680.85,3686.55,3676.05,3678.25
1392760800,3678.25,3678.4,3671.35,3676.25
1392775200,3676.25,3676.9,3672.85,3674.4
1392789600,3674.4,3681.45,3674.05,3677.95
1392804000,3677.95,3679.65,3666.25,3672.75
1392818400,3672.75,3680.95,3655.75,3663.75
1392832800,3663.75,3673.45,3647.3,3658.35
1392847200,3658.35,3662.2,3641.55,3645.6
1392861600,3645.6,3648.3,3641.8,3644.75
1392876000,3644.75,3654.45,3641.95,3649.3
1392890400,3649.3,3657.95,3640.25,3654.25
1392904800,3654.25,3670.2,3641.75,3666.05
1392919200,3666.05,3678.75,3664.95,3671.5
1392933600,3671.5,3678.15,3670.95,3675.6
1392948000,3675.6,3685.85,3675.6,3683.35
1392962400,3683.35,3685.6,3674.95,3680.25
1392976800,3680.25,3682.45,3676.45,3676.95
1392991200,3676.95,3688.6,3672.7,3675.65
1393005600,3675.65,3680.35,3662.65,3666.65
1393192800,3666.65,3675.25,3665.65,3666.85
1393207200,3666.85,3667.6,3656.35,3664.7
1393221600,3664.7,3677.85,3663.65,3671.8
1393236000,3671.8,3679.35,3666.45,3675.2
1393250400,3675.2,3702.15,3671.25,3696.75
1393264800,3696.75,3702.95,3684.8,3689.1
1393279200,3689.1,3692.4,3684.5,3687.5
1393293600,3687.5,3690.2,3687.2,3687.5
1393308000,3687.5,3689.9,3683.2,3684.5
1393322400,3684.5,3691.2,3680.4,3688.3
1393336800,3688.3,3698.85,3670.15,3686.35
1393351200,3686.35,3691.7,3673.15,3691.7
1393365600,3691.7,3695.85,3691.15,3693.6
1393380000,3693.6,3700.15,3693.55,3697.95
1393394400,3697.95,3701.65,3694.15,3695.45
1393408800,3695.45,3699.05,3692.15,3694.25
1393423200,3694.25,3703.5,3679.6,3697.3
1393437600,3697.3,3697.3,3663.9,3679.6
1393452000,3679.6,3686.25,3678.35,3685.75
1393466400,3685.75,3689.15,3683.35,3687.95
1393480800,3687.95,3689.45,3671.45,3671.85
1393495200,3671.85,3681.25,3662.85,3678
1393509600,3678,3694.8,3673.1,3692.8
1393524000,3692.8,3706.1,3691,3705.8
1393538400,3705.8,3707.9,3700.6,3705.6
1393552800,3705.6,3706.7,3697.8,3701.4
1393567200,3701.4,3704.7,3693,3697.9
1393581600,3697.9,3701.6,3693.7,3700.3
1393596000,3700.3,3723.75,3698.45,3718.65
1393610400,3718.65,3720.4,3666.45,3699.1
1393797600,3699.1,3699.1,3653.55,3664.75
1393812000,3664.75,3673.75,3661.25,3670
1393826400,3670,3672.1,3660.1,3664.6
1393840800,3664.6,3669.35,3654.05,3664.35
1393855200,3664.35,3680.8,3638.2,3655.05
1393869600,3655.05,3674.65,3654.75,3671.5
1393884000,3671.5,3678.05,3670.9,3677.65
1393898400,3677.65,3683.3,3672.7,3681.4
1393912800,3681.4,3707.3,3681.1,3695.95
1393927200,3695.95,3716.4,3694.25,3707.65
1393941600,3707.65,3724.25,3706.6,3720.25
1393956000,3720.25,3724.15,3708.95,3718.5
1393970400,3718.5,3720.9,3714.45,3716.5
1393984800,3716.5,3720.35,3715.7,3718
1393999200,3718,3722.95,3713.45,3718.7
1394013600,3718.7,3725.3,3716.65,3720.85
1394028000,3720.85,3731.35,3715.35,3729.65
1394042400,3729.65,3733.35,3722.65,3730.95
1394056800,3730.95,3732.65,3727.55,3730.9
1394071200,3730.9,3734.9,3729.5,3732.8
1394085600,3732.8,3735.95,3730.9,3733.45
1394100000,3733.45,3735.95,3730.25,3732.5
1394114400,3732.5,3738.1,3725.8,3732
1394128800,3732,3733.3,3710.3,3724.7
1394143200,3724.7,3726.7,3722.6,3725.7
1394157600,3725.7,3728,3721.8,3727.6
1394172000,3727.6,3728.3,3719.1,3723.3
1394186400,3723.3,3741.3,3720.6,3737.6
1394200800,3737.6,3739.2,3689,3697.3
1394215200,3697.3,3707,3686.7,3706.5
1394398800,3706.5,3706.5,3699.2,3701.25
1394413200,3701.25,3702.2,3695.8,3696.8
1394427600,3696.8,3705,3688.1,3704.8
1394442000,3704.8,3709.6,3699,3702
1394456400,3702,3710.7,3684.9,3705.45
1394470800,3705.45,3712.8,3694.3,3710.45
1394485200,3710.45,3710.55,3707.2,3708.55
1394499600,3708.55,3713.6,3706.2,3706.65
1394514000,3706.65,3710.6,3705.3,3709.45
1394528400,3709.45,3716.2,3704.75,3714.75
1394542800,3714.75,3727.1,3702.85,3707.3
1394557200,3707.3,3709.1,3681.9,3687.3
1394571600,3687.3,3691,3683.5,3687.45
1394586000,3687.45,3688.1,3681.9,3687.85
1394600400,3687.85,3691.9,3680.5,3688
1394614800,3688,3688.2,3672.85,3675.7
1394629200,3675.7,3708.1,3662.2,3704.95
1394643600,3704.95,3710.25,3695.6,3709.95
1394658000,3709.95,3717.9,3707.15,3715.8
1394672400,3715.8,3723,3714.9,3719.65
1394686800,3719.65,3721.05,3709.75,3716.8
1394701200,3716.8,3721.8,3714.6,3718.3
1394715600,3718.3,3723.1,3663,3665.1
1394730000,3665.1,3665.1,3636.9,3655.5
1394744400,3655.5,3659.4,3652.4,3657.35
1394758800,3657.35,3661.6,3654.2,3655.2
1394773200,3655.2,3659.9,3648.9,3654.7
1394787600,3654.7,3662.1,3640.8,3651.9
1394802000,3651.9,3658.4,3627.9,3649.3
1394816400,3649.3,3651.7,3626.6,3628.1
1395003600,3628.1,3631.1,3609.3,3627.2
1395018000,3627.2,3630.3,3621.4,3624.8
1395032400,3624.8,3652.1,3623.7,3651.6
1395046800,3651.6,3657.6,3644.9,3646.4
1395061200,3646.4,3680.2,3646.4,3673.4
1395075600,3673.4,3676.7,3656.9,3661.1
1395090000,3661.1,3662.9,3655.4,3656.7
1395104400,3656.7,3665.7,3656,3663.4
1395118800,3663.4,3664.4,3648.1,3652.6
1395133200,3652.6,3674.3,3647,3668
1395147600,3668,3702.7,3662.3,3697.7
1395162000,3697.7,3709.5,3694.7,3703.3
1395176400,3703.3,3705.1,3699.6,3701.9
1395190800,3701.9,3706.9,3698.9,3705.95
1395205200,3705.95,3709,3700.6,3707.8
1395219600,3707.8,3712.4,3706,3707.8
1395234000,3707.8,3709.8,3692.5,3705.3
1395248400,3705.3,3707.65,3659.45,3676.95
1395262800,3676.95,3684.65,3674.7,3676.9
1395277200,3676.9,3677.15,3668.75,3675.95
1395291600,3675.95,3683.75,3670.65,3679.25
1395306000,3679.25,3680.45,3665.75,3670.9
1395320400,3670.9,3701.7,3664.4,3701.4
1395334800,3701.4,3704.9,3686.2,3698.4
1395349200,3698.4,3699.75,3693.3,3696.4
1395363600,3696.4,3700.65,3694.7,3700.6
1395378000,3700.6,3713.6,3699.9,3711.3
1395392400,3711.3,3712.1,3707.2,3709.9
1395406800,3709.9,3719.9,3664.3,3676.6
1395421200,3676.6,3676.8,3640.5,3647.4
1395608400,3647.4,3649.3,3643.35,3647.6
1395622800,3647.6,3653.1,3641.4,3645.7
1395637200,3645.7,3661.1,3644.7,3658.4
1395651600,3658.4,3659.4,3652.6,3658
1395666000,3658,3663.6,3582.1,3590.5
1395680400,3590.5,3628,3590.2,3619.7
1395694800,3619.7,3622.3,3616.4,3619.8
1395709200,3619.8,3624.2,3615.5,3622.25
1395723600,3622.25,3624.4,3613.3,3616.3
1395738000,3616.3,3634.5,3616,3632.7
1395752400,3632.7,3658.55,3597.65,3619.85
1395766800,3619.85,3634.2,3615.45,3630.65
1395781200,3630.65,3638.8,3629,3635.4
1395795600,3635.4,3637.3,3633.3,3634.6
1395810000,3634.6,3635.9,3630.45,3635.5
1395824400,3635.5,3650.65,3634.7,3649.25
1395838800,3649.25,3653.95,3616.9,3626.2
1395853200,3626.2,3627.1,3577.3,3581.8
1395867600,3581.8,3584.8,3579,3581.8
1395882000,3581.8,3585.3,3577.3,3583.7
1395896400,3583.7,3587.8,3580.8,3584.8
1395910800,3584.8,3590.9,3570.5,3576
1395925200,3576,3591.7,3541.5,3564.1
1395939600,3564.1,3575.1,3551.2,3564.2
1395954000,3564.2,3568.7,3561.1,3561.7
1395968400,3561.7,3568.7,3560.7,3567.3
1395982800,3567.3,3576.2,3564.1,3574.6
1395997200,3574.6,3579.4,3570.4,3574.3
1396011600,3574.3,3607.4,3566.6,3591.4
1396026000,3591.4,3591.9,3557.8,3570.4
1396213200,3570.4,3587.7,3570.4,3586.9
1396227600,3586.9,3587,3580.9,3584.5
1396242000,3584.5,3587.2,3580.9,3585
1396256400,3585,3597.5,3580,3596.3
1396270800,3596.3,3617.2,3591.3,3607.1
1396285200,3607.1,3608.2,3585.7,3589.2
1396299600,3589.2,3590.5,3584.4,3588.5
1396314000,3588.5,3593.9,3588.5,3592.7
1396328400,3592.7,3596.05,3589.75,3594.75
1396342800,3594.75,3604.65,3592.35,3601.6
1396357200,3601.6,3648.8,3601.4,3636.6
1396371600,3636.6,3658.55,3630.7,3658
1396386000,3658,3658.5,3653.6,3658.1
1396400400,3658.1,3668.05,3657.3,3663.6
1396414800,3663.6,3667.4,3660.4,3664.9
1396429200,3664.9,3667.7,3658.2,3660.6
1396443600,3660.6,3674.4,3651,3662.6
1396458000,3662.6,3668.9,3648.6,3666.1
1396472400,3666.1,3666.3,3660.3,3661.85
1396486800,3661.85,3664.6,3660.6,3663.5
1396501200,3663.5,3669.1,3661.2,3666.4
1396515600,3666.4,3671.3,3660.1,3660.8
1396530000,3660.8,3675.1,3627.3,3631.2
1396544400,3631.2,3640.7,3615.1,3640.7
1396558800,3640.7,3644.8,3638.3,3644.3
1396573200,3644.3,3645.8,3642.6,3643.15
1396587600,3643.15,3644.6,3639.6,3642.9
1396602000,3642.9,3658.8,3642.7,3654.6
1396616400,3654.6,3663.5,3543.1,3548.2
1396630800,3548.2,3558.8,3528.5,3544.4
1396818000,3544.4,3546.9,3533.6,3537.7
1396832400,3537.7,3542.1,3535.25,3535.5
1396846800,3535.5,3535.6,3513.6,3516.8
1396861200,3516.8,3524.3,3511.1,3517.5
1396875600,3517.5,3548.1,3495.8,3507.2
1396890000,3507.2,3526,3480,3505.6
1396904400,3505.6,3510,3505.3,3507.2
1396918800,3507.2,3513.5,3506.3,3511.4
1396933200,3511.4,3515.9,3506.7,3509.8
1396947600,3509.8,3515.5,3498.5,3511.4
1396962000,3511.4,3541.3,3496.1,3532.4
1396976400,3532.4,3541.2,3523.2,3534.2
1396990800,3534.2,3538.2,3532.9,3533.5
1397005200,3533.5,3538.2,3531.9,3537.7
1397019600,3537.7,3546.5,3532.5,3544.8
1397034000,3544.8,3551.6,3538.9,3550.8
1397048400,3550.8,3569.2,3540.4,3564.7
1397062800,3564.7,3599.5,3559.6,3598.9
1397077200,3598.9,3601.1,3597.1,3599.2
1397091600,3599.2,3601,3592,3595.3
1397106000,3595.3,3604.7,3595.3,3598.4
1397120400,3598.4,3599.4,3578.9,3594.4
1397134800,3594.4,3599.8,3508.6,3508.9
1397149200,3508.9,3515.8,3475.4,3490.5
1397163600,3490.5,3491.9,3483.8,3486.8
1397178000,3486.8,3490.9,3486,3487.4
1397192400,3487.4,3493.7,3481.7,3481.9
1397206800,3481.9,3485,3451.7,3465.4
1397221200,3465.4,3498.7,3445.9,3478.9
1397235600,3478.9,3479.4,3436.4,3449
1397422800,3449,3449,3430.4,3438.3
1397437200,3438.3,3446.5,3437.75,3443.5
1397451600,3443.5,3449.5,3436.7,3442.3
1397466000,3442.3,3471,3433.9,3467.2
1397480400,3467.2,3489.7,3450.7,3482.5
1397494800,3482.5,3483.2,3439.4,3475.8
1397509200,3475.8,3478.4,3474.4,3476.35
1397523600,3476.35,3479.4,3474.3,3477.1
1397538000,3477.1,3480.7,3470.8,3473.5
1397552400,3473.5,3490.2,3470.2,3484.5
1397566800,3484.5,3503.1,3411.3,3412.3
1397581200,3412.3,3505.7,3409.8,3504.1
1397595600,3504.1,3505.9,3500.2,3502.1
1397610000,3502.1,3513.9,3501.3,3511.6
1397624400,3511.6,3518.2,3508.9,3515.1
1397638800,3515.1,3517.9,3506.9,3510.6
1397653200,3510.6,3523.4,3484.3,3505.9
1397667600,3505.9,3529.1,3499.3,3505.8
1397682000,3505.8,3511.9,3500.3,3508.3
1397696400,3508.3,3509,3497.4,3501.4
1397710800,3501.4,3505.3,3497.3,3502.4
1397725200,3502.4,3520.9,3497.4,3517.3
1397739600,3517.3,3537.8,3506.5,3532.6
1397754000,3532.6,3547.2,3525.9,3529.5
1397768400,3529.5,3530.7,3528.45,3528.65
1398027600,3528.65,3539.7,3528.65,3536.5
1398042000,3536.5,3538.6,3533.8,3537.6
1398056400,3537.6,3538.9,3536.6,3537.4
1398070800,3537.4,3540.3,3534.3,3536.2
1398085200,3536.2,3551.1,3521.3,3545.5
1398099600,3545.5,3558.5,3542.7,3557.3
1398114000,3557.3,3559.3,3555,3555.2
1398128400,3555.2,3559.3,3554.8,3558.5
1398142800,3558.5,3561.5,3550.1,3556.3
1398157200,3556.3,3566.3,3555.5,3564.1
1398171600,3564.1,3591.5,3561.6,3588.2
1398186000,3588.2,3592.8,3581.4,3589.4
1398200400,3589.4,3589.5,3585.8,3588.4
1398214800,3588.4,3591,3585,3586.4
1398229200,3586.4,3592.7,3585.8,3590.2
1398243600,3590.2,3590.2,3578.9,3584.2
1398258000,3584.2,3585.4,3555.9,3561.9
1398272400,3561.9,3596.2,3550.4,3593.5
1398286800,3593.5,3603.6,3592.9,3596.2
1398301200,3596.2,3596.7,3594.4,3595.9
1398315600,3595.9,3603.6,3593.7,3601.8
1398330000,3601.8,3622.6,3600.4,3615
1398344400,3615,3616.4,3548.3,3592.4
1398358800,3592.4,3601.4,3576.3,3597.2
1398373200,3597.2,3597.6,3587.5,3590.9
1398387600,3590.9,3594.1,3587.3,3588.5
1398402000,3588.5,3591.8,3580.8,3585
1398416400,3585,3585.7,3567.5,3572.7
1398430800,3572.7,3572.7,3522.5,3535.9
1398445200,3535.9,3538,3520.7,3533.3
1398632400,3533.3,3539.3,3527.5,3528.4
1398646800,3528.4,3534.1,3528.3,3532.7
1398661200,3532.7,3550.1,3532.3,3548.4
1398675600,3548.4,3551.2,3537.5,3537.8
1398690000,3537.8,3566.3,3508,3512.4
1398704400,3512.4,3548.8,3484.5,3545.2
1398718800,3545.2,3552.5,3543.5,3548.8
1398733200,3548.8,3554.9,3547.5,3552.2
1398747600,3552.2,3558.4,3549.2,3555.7
1398762000,3555.7,3563.1,3549.7,3551
1398776400,3551,3575.2,3533.9,3571.2
1398790800,3571.2,3574.5,3560.85,3560.85
1398805200,3560.85,3562.7,3557.2,3558.9
1398819600,3558.9,3559.8,3554.7,3555.25
1398834000,3555.25,3556.4,3549,3555.6
1398848400,3555.6,3564.2,3552.1,3558.6
1398862800,3558.6,3573.9,3542.6,3570.3
1398877200,3570.3,3581.6,3562.1,3581
1398891600,3581,3583,3579.1,3580.8
1398906000,3580.8,3582.4,3576.7,3578.7
1398920400,3578.7,3589.2,3578.4,3586.4
1398934800,3586.4,3587.3,3581.7,3582.2
1398949200,3582.2,3609.1,3574.5,3597.6
1398963600,3597.6,3600.3,3581.4,3593.1
1398978000,3593.1,3595.6,3591.3,3593.5
1398992400,3593.5,3593.5,3589.4,3589.6
1399006800,3589.6,3594,3588.5,3593.4
1399021200,3593.4,3607.9,3590.5,3593.3
1399035600,3593.3,3607.4,3573.3,3592.1
1399050000,3592.1,3594.3,3578.8,3583
1399237200,3583,3587.25,3579.65,3584.15
1399251600,3584.15,3584.15,3576.85,3578.55
1399266000,3578.55,3585.55,3569.05,3570.25
1399280400,3570.25,3570.55,3562.95,3563.75
1399294800,3563.75,3595.8,3551.6,3586
1399309200,3586,3601.3,3583.6,3598.3
1399323600,3598.3,3599.8,3595,3597
1399338000,3597,3600,3597,3599.7
1399352400,3599.7,3604.1,3595.1,3601.8
1399366800,3601.8,3607,3587.7,3588.9
1399381200,3588.9,3596.2,3576,3582.8
1399395600,3582.8,3583.7,3549.9,3554.6
1399410000,3554.6,3555.9,3549.6,3551.8
1399424400,3551.8,3553.3,3547.7,3551.8
1399438800,3551.8,3553.3,3544.6,3553.2
1399453200,3553.2,3569.9,3545.7,3563.7
1399467600,3563.7,3564.1,3500.7,3513.6
1399482000,3513.6,3550.5,3509.6,3544.5
1399496400,3544.5,3544.6,3537.9,3539.1
1399510800,3539.1,3546.8,3534.6,3546.4
1399525200,3546.4,3548.6,3542.4,3546
1399539600,3546,3547.3,3526,3530.2
1399554000,3530.2,3582.7,3521.7,3568.8
1399568400,3568.8,3573.9,3526.1,3536.4
1399582800,3536.4,3538,3530.9,3537.1
1399597200,3537.1,3540.5,3536.2,3539
1399611600,3539,3541.7,3530.1,3530.8
1399626000,3530.8,3539.6,3523.5,3537.4
1399640400,3537.4,3550.6,3513.6,3547.1
1399654800,3547.1,3555.2,3530.5,3552.5
1399842000,3552.5,3561.3,3552.15,3560.5
1399856400,3560.5,3561,3555.5,3559.7
1399870800,3559.7,3561,3555.8,3558.5
1399885200,3558.5,3572.5,3556.8,3570.7
1399899600,3570.7,3607.3,3570,3600.7
1399914000,3600.7,3613.8,3599.8,3613.7
1399928400,3613.7,3616.1,3610.3,3615.8
1399942800,3615.8,3619,3613.2,3618.8
1399957200,3618.8,3619,3614.2,3619
1399971600,3619,3620.7,3612.3,3614.3
1399986000,3614.3,3626.9,3606.5,3614
1400000400,3614,3619.3,3608.9,3612.65
1400014800,3612.65,3612.85,3609.95,3611.35
1400029200,3611.35,3617.15,3610.45,3615.75
1400043600,3615.75,3617.65,3608.95,3610.45
1400058000,3610.45,3612.85,3599.35,3599.85
1400072400,3599.85,3616.35,3598.95,3609.05
1400086800,3609.05,3614.65,3586.35,3600.85
1400101200,3600.85,3603.85,3597.95,3600.75
1400115600,3600.75,3604.15,3599.15,3601.85
1400130000,3601.85,3609.65,3594.45,3600.05
1400144400,3600.05,3603.15,3591.95,3596.45
1400158800,3596.45,3600.3,3543,3557.1
1400173200,3557.1,3574,3549.9,3565.6
1400187600,3565.6,3570,3565.55,3569.2
1400202000,3569.2,3570,3563.5,3564.8
1400216400,3564.8,3569.4,3560.9,3568.5
1400230800,3568.5,3570,3554,3565.8
1400245200,3565.8,3573.4,3545.7,3559.95
1400259600,3559.95,3591.85,3553.65,3585.95
1400446800,3585.95,3593.05,3585.95,3589.75
1400461200,3589.75,3589.75,3585.95,3586.55
1400475600,3586.55,3586.55,3568.45,3571.15
1400490000,3571.15,3580.75,3567.85,3578.65
1400504400,3578.65,3619.25,3572.15,3612.25
1400518800,3612.25,3619.75,3609.75,3613.45
1400533200,3613.45,3613.65,3609.75,3611.15
1400547600,3611.15,3617.75,3610.95,3616.55
1400562000,3616.55,3623.25,3609.55,3610.25
1400576400,3610.25,3620.65,3610.25,3614.65
1400590800,3614.65,3625.95,3600.65,3607.05
1400605200,3607.05,3607.15,3586.75,3601.45
1400619600,3601.45,3601.65,3595.65,3597.65
1400634000,3597.65,3602.65,3595.65,3598.95
1400648400,3598.95,3610.55,3596.65,3607.55
1400662800,3607.55,3613.15,3604.05,3610.75
1400677200,3610.75,3629.6,3605.6,3624.2
1400691600,3624.2,3637.9,3621.1,3634.2
1400706000,3634.2,3636.6,3633.4,3635.55
1400720400,3635.55,3646.9,3634.6,3645.1
1400734800,3645.1,3645.3,3636.6,3638.6
1400749200,3638.6,3642.6,3636.1,3639.5
1400763600,3639.5,3657.75,3633.85,3650.65
1400778000,3650.65,3661.75,3649.25,3651.05
1400792400,3651.05,3652.05,3649.75,3651.25
1400806800,3651.25,3654.55,3650.45,3653.95
1400821200,3653.95,3655.75,3649.85,3654.45
1400835600,3654.45,3657.45,3652.95,3653.55
1400850000,3653.55,3669.65,3647.25,3668.45
1400864400,3668.45,3678.95,3666.95,3677.95
1401051600,3677.95,3687.05,3677.95,3682.35
1401066000,3682.35,3683.05,3679.55,3681.35
1401080400,3681.35,3690.05,3680.95,3687.05
1401094800,3687.05,3688.55,3685.35,3688.45
1401109200,3688.45,3694.25,3685.95,3692.6
1401138000,3692.6,3692.6,3688.75,3690.15
1401152400,3690.15,3690.7,3688.75,3689.65
1401166800,3689.65,3695.25,3687.85,3694.85
1401181200,3694.85,3697.65,3690.75,3694.15
1401195600,3694.15,3710.65,3690.95,3706.95
1401210000,3706.95,3724.65,3703.15,3724.55
1401224400,3724.55,3724.55,3721.25,3722.75
1401238800,3722.75,3726.2,3722.75,3725.8
1401253200,3725.8,3730.5,3723.1,3725.6
1401267600,3725.6,3731.9,3719.35,3719.65
1401282000,3719.65,3727.65,3709.35,3721.15
1401296400,3721.15,3728.15,3711.05,3718.45
1401310800,3718.45,3719.35,3714.85,3717.35
1401325200,3717.35,3721.25,3715.35,3720.85
1401339600,3720.85,3723.05,3718.05,3720.85
1401354000,3720.85,3723.05,3716.45,3722.75
1401368400,3722.75,3731.25,3717.75,3725.85
1401382800,3725.85,3738.75,3723.05,3737.95
1401397200,3737.95,3738.25,3734.25,3735.05
1401411600,3735.05,3736.45,3731.35,3733.45
1401426000,3733.45,3735.95,3730.55,3734.95
1401440400,3734.95,3737.65,3732.75,3734.95
1401454800,3734.95,3741.95,3719.95,3723.85
1401469200,3723.85,3737.45,3716.65,3733.55
1401656400,3733.55,3736.75,3731.35,3736.55
1401670800,3736.55,3740.35,3736.55,3739.25
1401685200,3739.25,3740.65,3735.55,3737.55
1401699600,3737.55,3741.65,3736.75,3739.05
1401714000,3739.05,3742.65,3708.75,3728.75
1401728400,3728.75,3734.45,3717.95,3729.85
1401742800,3729.85,3730.15,3726.15,3727.55
1401757200,3727.55,3729.25,3724.95,3726.95
1401771600,3726.95,3728.95,3723.65,3726.45
1401786000,3726.45,3726.95,3716.35,3718.75
1401800400,3718.75,3736.85,3715.15,3724.55
1401814800,3724.55,3734.35,3724.35,3734.05
1401829200,3734.05,3735.65,3730.15,3730.45
1401843600,3730.45,3731.35,3727.45,3728.25
1401858000,3728.25,3732.85,3723.95,3724.75
1401872400,3724.75,3728.85,3718.75,3720.85
1401886800,3720.85,3749.65,3715.45,3748.85
1401901200,3748.85,3750.55,3741.25,3745.35
1401915600,3745.35,3745.85,3741.55,3741.95
1401930000,3741.95,3743.95,3741.25,3742.65
1401944400,3742.65,3746.05,3741.25,3742.75
1401958800,3742.75,3758.55,3741.25,3749.55
1401973200,3749.55,3779.75,3735.25,3775.45
1401987600,3775.45,3783.25,3770.75,3777.45
1402002000,3777.45,3780.65,3776.95,3777.95
1402016400,3777.95,3785.15,3777.95,3783.05
1402030800,3783.05,3784.55,3777.25,3780.05
1402045200,3780.05,3790.75,3777.45,3790.25
1402059600,3790.25,3795.15,3782.45,3792.15
1402074000,3792.15,3799.45,3785.95,3798.95
1402261200,3798.95,3800.15,3797.95,3799.15
1402275600,3799.15,3800.25,3797.25,3797.95
1402290000,3797.95,3797.95,3793.45,3797.25
1402304400,3797.25,3798.35,3793.95,3795.95
1402318800,3795.95,3803.65,3788.15,3802.25
1402333200,3802.25,3802.65,3783.95,3793.35
1402347600,3793.35,3794.35,3792.15,3792.75
1402362000,3792.75,3792.95,3788.55,3788.95
1402376400,3788.95,3790.75,3785.65,3788.05
1402390800,3788.05,3791.35,3785.65,3786.85
1402405200,3786.85,3802.85,3786.65,3795.05
1402419600,3795.05,3803.35,3791.85,3803.35
1402434000,3803.35,3803.65,3798.05,3798.75
1402448400,3798.75,3799.25,3797.75,3798.55
1402462800,3798.55,3799.35,3794.85,3795.25
1402477200,3795.25,3795.65,3780.25,3784.25
1402491600,3784.25,3805.25,3783.25,3804.05
1402506000,3804.05,3804.05,3784.15,3799.85
1402520400,3799.85,3801.15,3797.05,3797.65
1402534800,3797.65,3806.95,3797.65,3800.45
1402549200,3800.45,3802.45,3797.45,3802.35
1402563600,3802.35,3804.95,3794.45,3794.75
1402578000,3794.75,3795.75,3771.95,3776.05
1402592400,3776.05,3777.85,3752.25,3774.75
1402606800,3774.75,3775.85,3771.45,3774.75
1402621200,3774.75,3778.05,3769.65,3777.95
1402635600,3777.95,3779.55,3769.85,3772.75
1402650000,3772.75,3776.65,3766.85,3776.45
1402664400,3776.45,3786.15,3760.35,3772.65
1402678800,3772.65,3779.15,3764.65,3776.95
1402866000,3776.95,3776.95,3757.6,3764.15
1402880400,3764.15,3766.9,3759.85,3763.45
1402894800,3763.45,3771.85,3762.95,3769.45
1402909200,3769.45,3771.35,3762.45,3770.05
1402923600,3770.05,3790.65,3761.45,3775.55
1402938000,3775.55,3782.45,3772.25,3780.05
1402952400,3780.05,3783.45,3780.05,3782.75
1402966800,3782.75,3785.45,3782.05,3784.85
1402981200,3784.85,3792.45,3781.95,3791.05
1402995600,3791.05,3791.65,3772.45,3776.05
1403010000,3776.05,3791.95,3770.15,3786.15
1403024400,3786.15,3790.65,3777.85,3781.25
1403038800,3781.25,3782.15,3778.35,3779.65
1403053200,3779.65,3783.55,3779.05,3783.45
1403067600,3783.45,3786.85,3779.45,3784.15
1403082000,3784.15,3786.65,3781.65,3784.95
1403096400,3784.95,3786.65,3772.05,3777.25
1403110800,3777.25,3807.15,3762.75,3802.45
1403125200,3802.45,3804.55,3801.15,3804.05
1403139600,3804.05,3807.25,3803.35,3805.45
1403154000,3805.45,3809.55,3804.05,3807.85
1403168400,3807.85,3810.15,3804.15,3806.35
1403182800,3806.35,3809.35,3785.55,3786.75
1403197200,3786.75,3799.35,3781.15,3794.55
1403211600,3794.55,3794.55,3791.65,3792.05
1403226000,3792.05,3795.25,3791.85,3794.05
1403240400,3794.05,3796.95,3791.75,3796.95
1403254800,3796.95,3803.15,3795.25,3799.95
1403269200,3799.95,3806.15,3792.45,3797.25
1403283600,3797.25,3803.65,3793.75,3801.05
1403470800,3801.05,3803.25,3797.75,3803.15
1403485200,3803.15,3813.35,3802.25,3809.45
1403499600,3809.45,3809.45,3792.55,3794.05
1403514000,3794.05,3800.55,3793.85,3798.15
1403528400,3798.15,3803.95,3791.85,3801.05
1403542800,3801.05,3803.65,3795.25,3800.45
1403557200,3800.45,3800.65,3795.75,3796.75
1403571600,3796.75,3798.45,3794.85,3798.35
1403586000,3798.35,3802.65,3795.65,3796.95
1403600400,3796.95,3802.95,3790.15,3802.75
1403614800,3802.75,3834.45,3801.45,3830.95
1403629200,3830.95,3831.15,3787.85,3798.95
1403643600,3798.95,3800.75,3795.85,3800.15
1403658000,3800.15,3800.55,3792.45,3792.45
1403672400,3792.45,3801.85,3792.15,3800.15
1403686800,3800.15,3802.15,3789.55,3795.05
1403701200,3795.05,3814.95,3789.55,3810.65
1403715600,3810.65,3830.25,3810.45,3820.65
1403730000,3820.65,3821.85,3818.65,3818.95
1403744400,3818.95,3823.35,3818.95,3823.25
1403758800,3823.25,3824.65,3818.85,3820.75
1403773200,3820.75,3825.55,3819.65,3823.65
1403787600,3823.65,3828.35,3795.45,3807.05
1403802000,3807.05,3826.25,3806.85,3825.15
1403816400,3825.15,3825.55,3822.55,3823.35
1403830800,3823.35,3826.25,3814.55,3819.05
1403845200,3819.05,3824.55,3816.05,3823.35
1403859600,3823.35,3823.35,3814.95,3818.45
1403874000,3818.45,3832.25,3815.95,3831.05
1403888400,3831.05,3844.05,3820.95,3837.95
1404075600,3837.95,3841.85,3837.35,3838.8
1404090000,3838.8,3841.45,3837.35,3841.25
1404104400,3841.25,3842.05,3837.45,3839.35
1404118800,3839.35,3841.55,3834.05,3839.55
1404133200,3839.55,3853.25,3838.05,3851.45
1404147600,3851.45,3857.25,3845.25,3853.25
1404162000,3853.25,3853.75,3851.05,3852.05
1404176400,3852.05,3854.25,3851.55,3854.05
1404190800,3854.05,3855.65,3853.45,3855.65
1404205200,3855.65,3860.45,3855.35,3859.95
1404219600,3859.95,3895.55,3859.45,3894.55
1404234000,3894.55,3900.55,3889.15,3891.95
1404248400,3891.95,3893.45,3890.85,3893.05
1404262800,3893.05,3895.55,3892.45,3892.45
1404277200,3892.45,3895.55,3891.45,3894.75
1404291600,3894.75,3896.95,3892.45,3893.75
1404306000,3893.75,3902.25,3890.25,3899.35
1404320400,3899.35,3899.95,3889.15,3897.55
1404334800,3897.55,3898.45,3894.25,3895.75
1404349200,3895.75,3895.95,3894.45,3895.75
1404363600,3895.75,3899.35,3895.25,3898.75
1404378000,3898.75,3908.45,3897.35,3908.25
1404392400,3908.25,3920.65,3898.85,3919.65
1404406800,3919.65,3923.85,3918.25,3921.65
1404421200,3921.65,3922.65,3919.85,3920.45
1404435600,3920.45,3922.35,3919.45,3922.05
1404450000,3922.05,3922.35,3918.45,3920.95
1404464400,3920.95,3921.85,3918.85,3919.65
1404478800,3919.65,3920.25,3917.55,3919.75
1404680400,3919.75,3921.05,3918.55,3921.05
1404694800,3921.05,3921.15,3917.85,3917.85
1404709200,3917.85,3919.35,3913.65,3915.35
1404723600,3915.35,3917.65,3910.65,3913.55
1404738000,3913.55,3921.35,3903.05,3906.65
1404752400,3906.65,3911.85,3901.85,3909.85
1404766800,3909.85,3911.55,3906.25,3906.85
1404781200,3906.85,3909.65,3906.05,3909.15
1404795600,3909.15,3912.25,3906.55,3906.75
1404810000,3906.75,3909.25,3903.75,3904.75
1404824400,3904.75,3905.05,3846.85,3860.25
1404838800,3860.25,3871.15,3855.25,3867.85
1404853200,3867.85,3870.65,3867.75,3870.15
1404867600,3870.15,3870.75,3866.65,3867.05
1404882000,3867.05,3872.95,3867.05,3868.45
1404896400,3868.45,3875.65,3867.55,3872.95
1404910800,3872.95,3886.95,3862.25,3884.85
1404925200,3884.85,3896.05,3874.85,3892.75
1404939600,3892.75,3893.85,3889.45,3892.35
1404954000,3892.35,3893.05,3887.45,3888.25
1404968400,3888.25,3891.45,3868.85,3870.15
1404982800,3870.15,3873.85,3843.75,3844.25
1404997200,3844.25,3887.55,3837.05,3883.05
1405011600,3883.05,3894.85,3871.75,3878.35
1405026000,3878.35,3883.05,3877.65,3880.35
1405040400,3880.35,3885.25,3879.35,3881.35
1405054800,3881.35,3894.55,3880.05,3891.05
1405069200,3891.05,3892.15,3884.05,3884.55
1405083600,3884.55,3895.75,3877.25,3891.15
1405098000,3891.15,3904.15,3890.95,3903.55
1405285200,3903.55,3911.05,3903.05,3910.65
1405299600,3910.65,3911.05,3907.05,3909.85
1405314000,3909.85,3921.35,3908.05,3920.35
1405328400,3920.35,3923.35,3919.85,3921.05
1405342800,3921.05,3935.75,3914.85,3927.85
1405357200,3927.85,3933.55,3924.25,3926.25
1405371600,3926.25,3929.75,3925.85,3929.65
1405386000,3929.65,3930.75,3928.75,3930.45
1405400400,3930.45,3930.75,3925.05,3927.55
1405414800,3927.55,3934.75,3920.95,3932.25
1405429200,3932.25,3938.75,3885.15,3906.15
1405443600,3906.15,3923.55,3903.75,3922.95
1405458000,3922.95,3923.75,3918.35,3921.05
1405472400,3921.05,3922.65,3918.95,3920.25
1405486800,3920.25,3934.15,3919.75,3933.35
1405501200,3933.35,3944.95,3932.15,3942.85
1405515600,3942.85,3945.95,3924.95,3937.65
1405530000,3937.65,3940.85,3925.15,3925.35
1405544400,3925.35,3926.65,3922.15,3925.85
1405558800,3925.85,3925.85,3918.85,3919.55
1405573200,3919.55,3925.85,3916.25,3920.05
1405587600,3920.05,3921.85,3899.05,3913.75
1405602000,3913.75,3932.35,3888.35,3901.65
1405616400,3901.65,3911.35,3864.35,3872.45
1405630800,3872.45,3879.35,3859,3875.95
1405645200,3875.95,3881.45,3875.35,3877.95
1405659600,3877.95,3886.15,3875.75,3885.95
1405674000,3885.95,3895.45,3880.75,3893.15
1405688400,3893.15,3926.15,3892.45,3923.95
1405702800,3923.95,3940.55,3917.95,3936.55
1405890000,3936.55,3936.55,3931.35,3934.75
1405904400,3934.75,3934.75,3932.15,3933.45
1405918800,3933.45,3934.25,3925.85,3930.15
1405933200,3930.15,3937.25,3928.75,3930.35
1405947600,3930.35,3934.75,3914.55,3926.65
1405962000,3926.65,3939.05,3925.45,3928.85
1405976400,3928.85,3931.75,3928.05,3931.15
1405990800,3931.15,3936.55,3930.45,3934.75
1406005200,3934.75,3941.25,3933.95,3939.95
1406019600,3939.95,3952.65,3939.45,3948.95
1406034000,3948.95,3963.95,3946.95,3958.45
1406048400,3958.45,3961.95,3945.25,3947.9
1406062800,3947.9,3956.35,3947.9,3950.05
1406077200,3950.05,3954.95,3949.65,3953.65
1406091600,3953.65,3961.15,3951.25,3959.25
1406106000,3959.25,3972.65,3957.95,3968.85
1406120400,3968.85,3987.65,3964.65,3979.45
1406134800,3979.45,3986.95,3976.45,3982.15
1406149200,3982.15,3985.15,3981.35,3984.45
1406163600,3984.45,3989.35,3979.65,3980.85
1406178000,3980.85,3992.85,3976.65,3990.95
1406192400,3990.95,3995.65,3989.35,3990.45
1406206800,3990.45,3994.35,3972.55,3980.65
1406221200,3980.65,3987.55,3967.85,3970.75
1406235600,3970.75,3970.85,3963.25,3965.25
1406250000,3965.25,3967.15,3963.85,3964.25
1406264400,3964.25,3969.85,3964.05,3966.85
1406278800,3966.85,3968.05,3959.75,3961.85
1406293200,3961.85,3968.05,3941.75,3961.45
1406307600,3961.45,3963.45,3952.75,3961.65
1406494800,3961.65,3963.05,3950.95,3954.65
1406509200,3954.65,3959.45,3954.65,3957.25
1406523600,3957.25,3967.25,3954.45,3955.75
1406538000,3955.75,3969.85,3955.25,3967.25
1406552400,3967.25,3967.65,3933.25,3957.85
1406566800,3957.85,3974.55,3955.45,3963.45
1406581200,3963.45,3964.25,3961.85,3964.15
1406595600,3964.15,3964.75,3957.95,3960.75
1406610000,3960.75,3967.45,3954.15,3960.35
1406624400,3960.35,3974.75,3958.15,3970.05
1406638800,3970.05,3981.35,3953.45,3970.65
1406653200,3970.65,3976.95,3952.45,3962.05
1406667600,3962.05,3962.35,3959.95,3961.55
1406682000,3961.55,3965.35,3961.55,3963.85
1406696400,3963.85,3969.85,3960.65,3964.85
1406710800,3964.85,3982.85,3964.35,3979.55
1406725200,3979.55,3987.05,3957.05,3966.95
1406739600,3966.95,3983.85,3961.05,3973.25
1406754000,3973.25,3974.35,3969.75,3972.35
1406768400,3972.35,3973.05,3966.35,3968.65
1406782800,3968.65,3970.55,3935.05,3938.45
1406797200,3938.45,3952.25,3936.85,3939.55
1406811600,3939.55,3945.75,3892.65,3907.45
1406826000,3907.45,3913.75,3885.65,3891.45
1406840400,3891.45,3903.95,3890.85,3903.55
1406854800,3903.55,3904.25,3899.65,3901.85
1406869200,3901.85,3902.45,3871.85,3874.05
1406883600,3874.05,3892.15,3857.35,3886.15
1406898000,3886.15,3904.85,3851.05,3861.55
1406912400,3861.55,3886.65,3854.85,3878.75
1407099600,3878.75,3884.35,3878.15,3883.35
1407114000,3883.35,3887.75,3883.35,3886.95
1407128400,3886.95,3890.15,3879.35,3883.45
1407142800,3883.45,3891.65,3881.95,3887.45
1407157200,3887.45,3900.05,3870.65,3898.05
1407171600,3898.05,3919.05,3892.65,3899.45
1407186000,3899.45,3899.95,3893.65,3896.45
1407200400,3896.45,3897.95,3892.85,3895.95
1407214800,3895.95,3903.45,3890.85,3901.15
1407229200,3901.15,3902.15,3882.85,3887.15
1407243600,3887.15,3899.05,3871.35,3883.45
1407258000,3883.45,3890.25,3855.25,3877.25
1407272400,3877.25,3881.55,3875.55,3876.95
1407286800,3876.95,3878.95,3871.65,3877.15
1407301200,3877.15,3885.15,3870.95,3872.75
1407315600,3872.75,3872.95,3848.95,3852.75
1407330000,3852.75,3894.55,3845.45,3884.55
1407344400,3884.55,3885.55,3868.95,3872.45
1407358800,3872.45,3878.65,3870.25,3875.75
1407373200,3875.75,3878.15,3868.95,3873.15
1407387600,3873.15,3881.45,3866.35,3878.75
1407402000,3878.75,3889.45,3871.75,3880.75
1407416400,3880.75,3895.65,3858.85,3864.55
1407430800,3864.55,3878.75,3844.15,3857.65
1407445200,3857.65,3861.05,3856.45,3856.55
1407459600,3856.55,3856.85,3831.35,3838.75
1407474000,3838.75,3845.6,3829.85,3841.85
1407488400,3841.85,3874.25,3840.35,3868.05
1407502800,3868.05,3870.85,3847.25,3863.25
1407517200,3863.25,3889.95,3861.55,3877.35
1407704400,3877.35,3888.35,3877.35,3884.35
1407718800,3884.35,3887.35,3879.35,3887.05
1407733200,3887.05,3894.35,3884.05,3893.45
1407747600,3893.45,3901.35,3892.95,3897.65
1407762000,3897.65,3920.65,3897.15,3912.65
1407776400,3912.65,3916.35,3904.45,3910.05
1407790800,3910.05,3915.55,3909.15,3914.75
1407805200,3914.75,3915.05,3910.85,3912.25
1407819600,3912.25,3918.55,3910.35,3918.05
1407834000,3918.05,3920.35,3906.45,3909.95
1407848400,3909.95,3916.75,3889.05,3901.75
1407862800,3901.75,3910.75,3886.35,3909.95
1407877200,3909.95,3910.55,3907.05,3907.95
1407891600,3907.95,3910.65,3905.35,3908.25
1407906000,3908.25,3922.95,3907.55,3920.95
1407920400,3920.95,3927.95,3917.45,3920.75
1407934800,3920.75,3947.45,3917.45,3941.75
1407949200,3941.75,3952.05,3940.95,3950.95
1407963600,3950.95,3950.95,3945.05,3946.85
1407978000,3946.85,3950.85,3946.55,3948.65
1407992400,3948.65,3950.85,3942.45,3946.25
1408006800,3946.25,3958.85,3944.45,3949.85
1408021200,3949.85,3961.15,3947.95,3959.45
1408035600,3959.45,3975.95,3957.95,3974.35
1408050000,3974.35,3977.15,3971.75,3972.45
1408064400,3972.45,3975.35,3971.95,3974.15
1408078800,3974.15,3983.35,3973.15,3983.15
1408093200,3983.15,3986.15,3980.15,3983.1
1408107600,3983.1,3997.35,3950.05,3968.25
1408122000,3968.25,3989.35,3963.55,3988.35
1408309200,3988.35,4003.95,3988.35,4000.95
1408323600,4000.95,4000.95,3994.75,3998.25
1408338000,3998.25,4008.15,3997.75,4004.75
1408352400,4004.75,4010.15,4002.15,4008.55
1408366800,4008.55,4021.85,4002.65,4015.95
1408381200,4015.95,4021.85,4014.65,4017.95
1408395600,4017.95,4021.15,4017.75,4020.05
1408410000,4020.05,4023.05,4019.75,4022.85
1408424400,4022.85,4028.35,4022.35,4024.25
1408438800,4024.25,4030.35,4021.85,4026.15
1408453200,4026.15,4035.25,4025.35,4033.35
1408467600,4033.35,4042.85,4033.35,4036.95
1408482000,4036.95,4039.35,4035.85,4036.95
1408496400,4036.95,4037.05,4032.05,4034.85
1408510800,4034.85,4037.05,4031.25,4034.15
1408525200,4034.15,4040.25,4032.55,4036.25
1408539600,4036.25,4045.45,4034.45,4043.45
1408554000,4043.45,4048.95,4034.15,4042.45
1408568400,4042.45,4046.05,4040.85,4044.05
1408582800,4044.05,4045.15,4038.45,4039.25
1408597200,4039.25,4047.15,4034.95,4045.65
1408611600,4045.65,4048.65,4042.15,4046.75
1408626000,4046.75,4050.45,4036.75,4044.05
1408640400,4044.05,4050.85,4043.85,4050.85
1408654800,4050.85,4051.25,4048.85,4050.35
1408669200,4050.35,4054.65,4050.35,4052.25
1408683600,4052.25,4054.8,4051.05,4052.65
1408698000,4052.65,4052.65,4038.85,4049.25
1408712400,4049.25,4063.05,4041.55,4060.05
1408726800,4060.05,4061.85,4051.85,4056.35
1408928400,4056.35,4073.75,4056.35,4073.15
1408942800,4073.15,4079.35,4070.65,4071.35
1408957200,4071.35,4075.65,4070.65,4075.15
1408971600,4075.15,4080.35,4061.55,4065.05
1408986000,4065.05,4071.75,4058.85,4065.25
1409000400,4065.25,4068.35,4065.05,4065.75
1409014800,4065.75,4066.35,4063.65,4065.85
1409029200,4065.85,4069.45,4063.75,4067.55
1409043600,4067.55,4074.55,4063.85,4072.25
1409058000,4072.25,4076.05,4063.75,4070.95
1409072400,4070.95,4077.55,4069.25,4074.95
1409086800,4074.95,4076.65,4074.45,4075.75
1409101200,4075.75,4076.45,4073.75,4074.65
1409115600,4074.65,4078.75,4073.95,4077.35
1409130000,4077.35,4078.75,4071.95,4073.15
1409144400,4073.15,4078.45,4065.45,4075.65
1409158800,4075.65,4078.65,4067.45,4074.35
1409173200,4074.35,4074.35,4072.45,4073.05
1409187600,4073.05,4074.85,4072.85,4073.05
1409202000,4073.05,4073.55,4066.35,4067.95
1409216400,4067.95,4069.35,4056.35,4061.95
1409230800,4061.95,4074.35,4056.05,4071.75
1409245200,4071.75,4076.05,4066.05,4075.55
1409259600,4075.55,4077.35,4075.05,4075.95
1409274000,4075.95,4076.75,4073.85,4075.95
1409288400,4075.95,4087.55,4074.45,4083.95
1409302800,4083.95,4084.55,4075.05,4075.55
1409317200,4075.55,4085.05,4063.55,4080.25
1409331600,4080.25,4085.05,4074.25,4083.65
1409518800,4083.65,4083.65,4079.45,4083.25
1409533200,4083.25,4086.25,4082.75,4086.25
1409547600,4086.25,4086.25,4077.25,4079.25
1409562000,4079.25,4084.75,4079.15,4082.95
1409576400,4082.95,4086.25,4081.75,4086.05
1409605200,4086.05,4086.05,4082.25,4084.15
1409619600,4084.15,4089.65,4084.05,4087.05
1409634000,4087.05,4095.25,4086.95,4094.25
1409648400,4094.25,4097.15,4086.95,4089.25
1409662800,4089.25,4096.85,4080.45,4080.55
1409677200,4080.55,4096.45,4079.15,4096.25
1409691600,4096.25,4096.35,4092.45,4093.35
1409706000,4093.35,4097.65,4093.25,4095.95
1409720400,4095.95,4115.15,4095.55,4106.85
1409734800,4106.85,4111.95,4104.05,4107.05
1409749200,4107.05,4109.55,4065.65,4078.85
1409763600,4078.85,4082.35,4063.95,4072.75
1409778000,4072.75,4074.75,4071.65,4073.55
1409792400,4073.55,4075.15,4072.55,4072.75
1409806800,4072.75,4076.75,4060.65,4062.95
1409821200,4062.95,4088.05,4062.95,4082.25
1409835600,4082.25,4102.05,4076.15,4085.85
1409850000,4085.85,4090.75,4057.55,4073.65
1409864400,4073.65,4073.95,4066.95,4067.45
1409878800,4067.45,4067.75,4064.05,4067.55
1409893200,4067.55,4075.25,4064.05,4064.75
1409907600,4064.75,4081,4056.25,4072.6
1409922000,4072.6,4077.95,4053.15,4075.25
1409936400,4075.25,4090.45,4073.75,4087.45
1410123600,4087.45,4088.1,4084.55,4086.15
1410138000,4086.15,4086.45,4083.75,4084.65
1410152400,4084.65,4085.25,4081.45,4082.65
1410166800,4082.65,4086.45,4081.25,4083.65
1410181200,4083.65,4105.75,4083.55,4095.05
1410195600,4095.05,4096.95,4076.55,4096.15
1410210000,4096.15,4096.35,4091.45,4091.65
1410224400,4091.65,4091.95,4085.95,4086.85
1410238800,4086.85,4096.25,4086.45,4091.05
1410253200,4091.05,4101.85,4089.15,4095.85
1410267600,4095.85,4095.85,4079.15,4087.75
1410282000,4087.75,4111.15,4053.95,4066.05
1410296400,4066.05,4066.95,4060.65,4064.05
1410310800,4064.05,4065.35,4057.55,4062.75
1410325200,4062.75,4064.85,4058.75,4063.25
1410339600,4063.25,4074.35,4060.75,4064.55
1410354000,4064.55,4086.75,4055.25,4083.45
1410368400,4083.45,4096.75,4083.35,4094.35
1410382800,4094.35,4094.75,4090.25,4091.55
1410397200,4091.55,4093.75,4088.05,4092.55
1410411600,4092.55,4093.45,4080.75,4084.95
1410426000,4084.95,4089.25,4074.75,4076.15
1410440400,4076.15,4089.45,4066.45,4076.15
1410454800,4076.15,4096.65,4060.75,4096.65
1410469200,4096.65,4097.45,4091.95,4093.45
1410483600,4093.45,4095.05,4092.1,4092.45
1410498000,4092.45,4094.35,4088.15,4088.25
1410512400,4088.25,4093.95,4086.85,4090.35
1410526800,4090.35,4090.65,4067.15,4072.75
1410541200,4072.75,4075.15,4057.35,4070.55
1410728400,4070.55,4070.55,4051.7,4054.85
1410742800,4054.85,4057.85,4053.95,4055.15
1410757200,4055.15,4065.55,4054.75,4063.65
1410771600,4063.65,4073.85,4060.45,4072.05
1410786000,4072.05,4076.65,4025.45,4034.95
1410800400,4034.95,4037.65,4018.45,4034.45
1410814800,4034.45,4035.75,4034.25,4035.05
1410829200,4035.05,4035.45,4031.95,4033.75
1410843600,4033.75,4034.65,4021.55,4022.45
1410858000,4022.45,4029.45,4019.65,4024.85
1410872400,4024.85,4058.85,4012.35,4053.35
1410886800,4053.35,4074.45,4053.35,4067.15
1410901200,4067.15,4067.15,4062.65,4062.75
1410915600,4062.75,4063.85,4060.75,4062.45
1410930000,4062.45,4065.65,4060.25,4064.75
1410944400,4064.75,4069.05,4058.65,4065.85
1410958800,4065.85,4075.45,4059.55,4061.05
1410973200,4061.05,4092,4047.4,4075
1410987600,4075,4078.1,4072,4073.3
1411002000,4073.3,4074.8,4071.6,4073.1
1411016400,4073.1,4080.6,4069.1,4080.5
1411030800,4080.5,4091.9,4078.9,4085.8
1411045200,4085.8,4100.35,4080.55,4097.25
1411059600,4097.25,4107.85,4095.35,4107.55
1411074000,4107.55,4114.75,4104.55,4112.55
1411088400,4112.55,4126.65,4112.25,4124.55
1411102800,4124.55,4124.85,4115.85,4121.65
1411117200,4121.65,4122.25,4114.05,4120.35
1411131600,4120.35,4121.55,4085.25,4090.85
1411146000,4090.85,4108.05,4083.95,4102.65
1411333200,4102.65,4102.65,4093.65,4096.95
1411347600,4096.95,4096.95,4076.75,4079.55
1411362000,4079.55,4082.05,4073.55,4076.75
1411376400,4076.75,4089.95,4074.95,4086.45
1411390800,4086.45,4090.45,4044.95,4052.85
1411405200,4052.85,4064.45,4043.35,4057.25
1411419600,4057.25,4057.65,4052.15,4056.45
1411434000,4056.45,4061.05,4055.35,4059.85
1411448400,4059.85,4060.85,4040.85,4045.25
1411462800,4045.25,4051.15,4040.05,4050.15
1411477200,4050.15,4068.35,4041.65,4059.65
1411491600,4059.65,4063.85,4035.35,4036.75
1411506000,4036.75,4047.15,4035.2,4046.85
1411520400,4046.85,4050.95,4046.45,4048.95
1411534800,4048.95,4054.65,4045.45,4049.25
1411549200,4049.25,4059.75,4048.45,4052.65
1411563600,4052.65,4082.45,4040.25,4075.85
1411578000,4075.85,4097.35,4074.65,4094.25
1411592400,4094.25,4095.55,4092.85,4093.45
1411606800,4093.45,4093.85,4090.15,4092.55
1411621200,4092.55,4095.95,4087.65,4093.25
1411635600,4093.25,4094.85,4080.55,4082.35
1411650000,4082.35,4086.15,4008.85,4014.75
1411664400,4014.75,4023.55,4005.55,4013.35
1411678800,4013.35,4020.05,4013.05,4017.95
1411693200,4017.95,4020.25,4017.35,4019.15
1411707600,4019.15,4020.55,4009.05,4015.95
1411722000,4015.95,4027.65,4014.45,4017.45
1411736400,4017.45,4033.25,4011.25,4022.15
1411750800,4022.15,4057.75,4022.15,4054.55
1411938000,4054.55,4054.55,4045.55,4048.35
1411952400,4048.35,4058.1,4042.35,4045.45
1411966800,4045.45,4048.2,4031.55,4036.15
1411981200,4036.15,4038.55,4007.25,4009.15
1411995600,4009.15,4055.75,4005.15,4039.95
1412010000,4039.95,4054.65,4028.75,4040.45
1412024400,4040.45,4042.65,4039.55,4039.85
1412038800,4039.85,4046.65,4039.35,4046.05
1412053200,4046.05,4054.95,4043.35,4053.05
1412067600,4053.05,4069.75,4052.85,4061.25
1412082000,4061.25,4071.65,4031.15,4053.45
1412096400,4053.45,4061.25,4036.15,4044.05
1412110800,4044.05,4045.65,4036.45,4040.15
1412125200,4040.15,4048.75,4038.5,4044.95
1412139600,4044.95,4052.65,4041.15,4048.55
1412154000,4048.55,4050.65,4034.85,4039.95
1412168400,4039.95,4044.15,3992.75,3995.75
1412182800,3995.75,3998.75,3972.05,3990.75
1412197200,3990.75,3992.75,3987.45,3990.85
1412211600,3990.85,3993.45,3987.35,3992.15
1412226000,3992.15,3994.15,3975.85,3977.35
1412240400,3977.35,4001.3,3976.75,3988.35
1412254800,3988.35,3993.85,3934.55,3974.55
1412269200,3974.55,3997.15,3970.85,3981.45
1412283600,3981.45,3992.25,3977.15,3988.65
1412298000,3988.65,3994.75,3988.65,3993.35
1412312400,3993.35,4005.45,3993.05,4002.05
1412326800,4002.05,4017.25,3997.15,4004.45
1412341200,4004.45,4035.65,3994.25,4032.95
1412355600,4032.95,4041.15,4021.75,4022.55
1412542800,4022.55,4031.75,4022.05,4030.95
1412557200,4030.95,4035.75,4030.05,4034.45
1412571600,4034.45,4045.25,4032.25,4039.75
1412586000,4039.75,4039.85,4030.95,4034.05
1412600400,4034.05,4046.65,4002.65,4007.45
1412614800,4007.45,4025.95,4003.65,4009.65
1412629200,4009.65,4010.85,4007.7,4009.45
1412643600,4009.45,4016.65,4009.15,4015.55
1412658000,4015.55,4016.15,3989.45,3991.85
1412672400,3991.85,4010.65,3989.65,4007.05
1412686800,4007.05,4008.25,3978.75,3986.95
1412701200,3986.95,3992.45,3955.25,3956.25
1412715600,3956.25,3968.25,3954.3,3966.75
1412730000,3966.75,3969.25,3963.65,3969.25
1412744400,3969.25,3970.85,3957.95,3960.95
1412758800,3960.95,3972.15,3955.65,3962.85
1412773200,3962.85,3972.85,3936.65,3968.35
1412787600,3968.35,4048.05,3966.75,4039.95
1412802000,4039.95,4040.85,4033.5,4040.75
1412816400,4040.75,4050.35,4039.45,4047.25
1412830800,4047.25,4053.75,4037.55,4049.15
1412845200,4049.15,4051.45,4020.15,4033.15
1412859600,4033.15,4040.15,3977.35,3986.65
1412874000,3986.65,3994.15,3953.05,3957.25
1412888400,3957.25,3967.45,3947.35,3963.45
1412902800,3963.45,3969.65,3956.25,3959.05
1412917200,3959.05,3972.75,3947.95,3951.15
1412931600,3951.15,3957.2,3929.45,3954.7
1412946000,3954.7,3968.1,3897.4,3931.5
1412960400,3931.5,3934.2,3860.3,3866
1413147600,3866,3866,3832.2,3842.3
1413162000,3842.3,3846.1,3830.3,3833.9
1413176400,3833.9,3861.7,3831.3,3860.7
1413190800,3860.7,3867.7,3851.5,3865.3
1413205200,3865.3,3891.3,3814.2,3879.2
1413219600,3879.2,3885.4,3800,3800.9
1413234000,3800.9,3822.95,3797.9,3820.45
1413248400,3820.45,3829.15,3817.75,3822.05
1413262800,3822.05,3828.45,3809.75,3810.1
1413277200,3810.1,3839.05,3802.65,3831.85
1413291600,3831.85,3857.95,3799.65,3838.55
1413306000,3838.55,3847.65,3798.15,3823.35
1413320400,3823.35,3836.65,3821.95,3825.25
1413334800,3825.25,3826.45,3809.05,3817.3
1413349200,3817.3,3827.95,3805.85,3809.15
1413363600,3809.15,3819.85,3766.6,3768.7
1413378000,3768.7,3789.6,3720,3727
1413392400,3727,3798.8,3696.4,3749.4
1413406800,3749.4,3760.4,3746.1,3759.4
1413421200,3759.4,3767.2,3756.9,3762.35
1413435600,3762.35,3771.2,3742.5,3746.1
1413450000,3746.1,3746.8,3689.2,3709.6
1413464400,3709.6,3773.5,3702.3,3762.3
1413478800,3762.3,3791.5,3735.3,3748.6
1413493200,3748.6,3768.4,3746.7,3761.9
1413507600,3761.9,3770.55,3748.7,3751.6
1413522000,3751.6,3795.9,3747.1,3795.6
1413536400,3795.6,3809.2,3793.2,3799.95
1413550800,3799.95,3845.5,3786,3830.1
1413565200,3830.1,3833.5,3796,3804.9
1413752400,3804.9,3837.5,3804.9,3833.3
1413766800,3833.3,3835.2,3827.5,3834.3
1413781200,3834.3,3834.8,3812.5,3814
1413795600,3814,3825.2,3798.1,3812.4
1413810000,3812.4,3846.7,3798.7,3837.7
1413824400,3837.7,3883,3833.5,3881.3
1413838800,3881.3,3887.7,3868.5,3870.4
1413853200,3870.4,3875.7,3859.3,3861.5
1413867600,3861.5,3883.4,3850.8,3882.5
1413882000,3882.5,3909.8,3874.4,3908.9
1413896400,3908.9,3943.7,3903.7,3937.6
1413910800,3937.6,3980.4,3934.6,3979.7
1413925200,3979.7,3980.8,3971.25,3974.1
1413939600,3974.1,3976.6,3972.3,3975.3
1413954000,3975.3,3987.95,3966.7,3970.7
1413968400,3970.7,3982.2,3968.6,3979.7
1413982800,3979.7,3984.7,3951.2,3963.3
1413997200,3963.3,3968.2,3944.4,3953.85
1414011600,3953.85,3960.75,3948.2,3948.7
1414026000,3948.7,3954.9,3944.5,3950.7
1414040400,3950.7,3979,3947.1,3972.9
1414054800,3972.9,3990.7,3961.5,3985.7
1414069200,3985.7,4019.4,3979.7,4010.9
1414083600,4010.9,4029.3,4001.4,4009.6
1414098000,4009.6,4010.2,3975.55,3979.35
1414112400,3979.35,3992.45,3976.95,3990.05
1414126800,3990.05,4005,3988.35,4000.5
1414141200,4000.5,4006.4,3990.3,4005.7
1414155600,4005.7,4030.4,3998.8,4019.3
1414170000,4019.3,4043.1,4012.3,4039.8
1414357200,4039.8,4047.6,4039.8,4044.8
1414371600,4044.8,4047.4,4038.3,4045.7
1414386000,4045.7,4054.2,4038.9,4041.95
1414400400,4041.95,4044.3,4027.4,4030.3
1414414800,4030.3,4047.8,4014.1,4040.2
1414429200,4040.2,4049.1,4033,4045.4
1414443600,4045.4,4048.35,4043.1,4045.3
1414458000,4045.3,4051.8,4042.3,4051.55
1414472400,4051.55,4067.6,4048.5,4064
1414486800,4064,4068.1,4057.1,4058.3
1414501200,4058.3,4086.1,4055.6,4075.7
1414515600,4075.7,4104.1,4074.8,4097.9
1414530000,4097.9,4098.1,4075.3,4083.2
1414544400,4083.2,4084.7,4080.5,4082.6
1414558800,4082.6,4090.5,4081.2,4086.2
1414573200,4086.2,4095.3,4083.3,4089.7
1414587600,4089.7,4100.5,4077.7,4080.3
1414602000,4080.3,4091.4,4059.2,4076.3
1414616400,4076.3,4079.9,4072.7,4077.9
1414630800,4077.9,4080.6,4075.1,4079.5
1414645200,4079.5,4089.4,4078.9,4080.9
1414659600,4080.9,4080.9,4047.5,4060.6
1414674000,4060.6,4089.2,4060.2,4086.7
1414688400,4086.7,4106.9,4077.4,4097.7
1414702800,4097.7,4101.6,4094.45,4100.3
1414717200,4100.3,4122.2,4100.3,4119.1
1414731600,4119.1,4161.4,4119.05,4152.2
1414746000,4152.2,4158,4149.2,4156.1
1414760400,4156.1,4167.6,4141.2,4152.6
1414774800,4152.6,4155.9,4140.1,4149.7
1414965600,4149.7,4156.3,4149.7,4151.7
1414980000,4151.7,4153.7,4147.5,4149.1
1414994400,4149.1,4154.7,4146,4149.3
1415008800,4149.3,4157.3,4146.6,4156.3
1415023200,4156.3,4177.5,4155.1,4171.5
1415037600,4171.5,4172.1,4155.6,4160.3
1415052000,4160.3,4161.4,4151,4154.2
1415066400,4154.2,4164.3,4153.7,4154.15
1415080800,4154.15,4168.3,4150.3,4165.5
1415095200,4165.5,4166,4145.3,4150.5
1415109600,4150.5,4163.1,4123.8,4144.9
1415124000,4144.9,4156,4139.8,4148.3
1415138400,4148.3,4151,4144.3,4148.3
1415152800,4148.3,4170.5,4148.1,4169.1
1415167200,4169.1,4170.3,4156.5,4169.4
1415181600,4169.4,4178.2,4164.3,4175.9
1415196000,4175.9,4180,4140.4,4157.8
1415210400,4157.8,4160.7,4137.7,4146.3
1415224800,4146.3,4149.2,4142.7,4146.1
1415239200,4146.1,4149,4136,4138.7
1415253600,4138.7,4146.7,4137.9,4139.6
1415268000,4139.6,4165.6,4138.9,4160.5
1415282400,4160.5,4162.4,4133.9,4148.8
1415296800,4148.8,4170.8,4148.8,4169.8
1415311200,4169.8,4171.5,4167.4,4170.9
1415325600,4170.9,4177.5,4168.9,4176.8
1415340000,4176.8,4182.1,4172.3,4177.3
1415354400,4177.3,4183.1,4167.9,4176.3
1415368800,4176.3,4176.3,4139.5,4157.7
1415383200,4157.7,4167,4149.4,4156.4
1415570400,4156.4,4163.3,4151.9,4161.4
1415584800,4161.4,4163.3,4157.6,4160.2
1415599200,4160.2,4164,4147.5,4160.6
1415613600,4160.6,4167.5,4158.5,4164.2
1415628000,4164.2,4181.8,4152.3,4172.2
1415642400,4172.2,4179,4170.6,4174.7
1415656800,4174.7,4176.2,4170.4,4174.9
1415671200,4174.9,4185.1,4173.7,4180.8
1415685600,4180.8,4183.2,4176.7,4181.2
1415700000,4181.2,4184,4176.8,4179.3
1415714400,4179.3,4184.4,4165.2,4177.6
1415728800,4177.6,4189.6,4170.5,4187.9
1415743200,4187.9,4188.5,4182.8,4183.9
1415757600,4183.9,4186.3,4180.8,4181.2
1415772000,4181.2,4184.3,4173.4,4175.6
1415786400,4175.6,4182.9,4169.7,4172.8
1415800800,4172.8,4195,4171.5,4194.4
1415815200,4194.4,4201.8,4187.1,4197.7
1415829600,4197.7,4199.6,4194.9,4198.5
1415844000,4198.5,4204.8,4196.4,4204.4
1415858400,4204.4,4216.6,4203.9,4210.4
1415872800,4210.4,4217.1,4201.7,4203.5
1415887200,4203.5,4230.1,4203,4218.5
1415901600,4218.5,4220.2,4194.5,4207.3
1415916000,4207.3,4212.3,4204.5,4208.9
1415930400,4208.9,4213.9,4208.7,4213.9
1415944800,4213.9,4220.6,4208.1,4216.15
1415959200,4216.15,4218.5,4207,4211
1415973600,4211,4225.3,4199.1,4221.9
1415988000,4221.9,4227.1,4210.6,4225.9
1416175200,4225.9,4226.7,4208.4,4211.9
1416189600,4211.9,4212.7,4201.9,4207
1416204000,4207,4220.5,4205.7,4211
1416218400,4211,4220.9,4209.8,4219.7
1416232800,4219.7,4226.9,4194.4,4209.6
1416247200,4209.6,4219.1,4209.4,4215.5
1416261600,4215.5,4216.3,4212.2,4213.9
1416276000,4213.9,4215.7,4212.1,4214.8
1416290400,4214.8,4224.1,4210.7,4216.8
1416304800,4216.8,4220.4,4205.6,4216.5
1416319200,4216.5,4244.1,4215.8,4243.3
1416333600,4243.3,4251.4,4239.2,4241.8
1416348000,4241.8,4242.3,4238,4240.9
1416362400,4240.9,4242.6,4237.1,4237.2
1416376800,4237.2,4241.8,4236,4241
1416391200,4241,4245,4237,4239.6
1416405600,4239.6,4242,4207,4230.2
1416420000,4230.2,4238.4,4217.7,4228.1
1416434400,4228.1,4230.3,4221.5,4222.2
1416448800,4222.2,4227.2,4220.3,4220.3
1416463200,4220.3,4226.2,4208.2,4210.4
1416477600,4210.4,4213.9,4204.7,4207.8
1416492000,4207.8,4247.7,4204.4,4245.8
1416506400,4245.8,4250.7,4239.2,4248.5
1416520800,4248.5,4249,4241.1,4243.6
1416535200,4243.6,4252.1,4243.4,4250.9
1416549600,4250.9,4261.9,4250.9,4260.1
1416564000,4260.1,4286.1,4258.4,4281.1
1416578400,4281.1,4286.7,4254.3,4256.1
1416592800,4256.1,4258.1,4239.8,4251.4
1416780000,4251.4,4256.6,4250.3,4250.8
1416794400,4250.8,4254.8,4250.7,4253
1416808800,4253,4263,4251.35,4261.9
1416823200,4261.9,4268.5,4258.8,4266.8
1416837600,4266.8,4283.1,4260.9,4278.6
1416852000,4278.6,4288.6,4277.6,4285.3
1416866400,4285.3,4288,4281.9,4284.1
1416880800,4284.1,4284.2,4279,4280.1
1416895200,4280.1,4291.5,4279.8,4290.1
1416909600,4290.1,4296,4290.1,4293.7
1416924000,4293.7,4305.3,4281.5,4290.4
1416938400,4290.4,4298.7,4288.7,4296.4
1416952800,4296.4,4297.3,4294.8,4296.7
1416967200,4296.7,4303.3,4296.5,4299.9
1416981600,4299.9,4306.4,4298.4,4303.3
1416996000,4303.3,4303.8,4293.2,4296.3
1417010400,4296.3,4312.2,4292.4,4309.8
1417024800,4309.8,4325.6,4309.7,4325.1
1417039200,4325.1,4325.6,4321.1,4323.7
1417053600,4323.7,4324.6,4320.1,4321.8
1417068000,4321.8,4322.8,4314.4,4321.3
1417082400,4321.3,4325.5,4319.3,4324.2
1417096800,4324.2,4333.8,4320.8,4333.7
1417111200,4333.7,4333.7,4332.9,4332.9
1417125600,4332.9,4332.9,4325.1,4331.2
1417140000,4331.2,4332.5,4327.4,4332.5
1417154400,4332.5,4333.5,4320.5,4324.1
1417168800,4324.1,4332.8,4322.5,4330.5
1417183200,4330.5,4349.8,4328.7,4340.1
1417197600,4340.1,4341.5,4337.2,4341.1
1417384800,4341.1,4341.1,4318.8,4329.6
1417399200,4329.6,4332.1,4324.9,4330.7
1417413600,4330.7,4333.4,4317.9,4330.3
1417428000,4330.3,4337.2,4319.7,4327.3
1417442400,4327.3,4336.2,4275,4300.4
1417456800,4300.4,4311.1,4283.6,4287.9
1417471200,4287.9,4292.7,4287.7,4289.9
1417485600,4289.9,4295.2,4288.2,4292.2
1417500000,4292.2,4307.6,4291.8,4302.7
1417514400,4302.7,4305.1,4293.15,4298.8
1417528800,4298.8,4308.9,4286.7,4300
1417543200,4300,4316.1,4298.1,4310
1417557600,4310,4313.9,4309.15,4312.3
1417572000,4312.3,4313.8,4306.9,4309.3
1417586400,4309.3,4310.1,4303,4308.7
1417600800,4308.7,4311.3,4303.4,4306.8
1417615200,4306.8,4319.8,4288.8,4305.6
1417629600,4305.6,4321.5,4304.8,4313.8
1417644000,4313.8,4315.5,4312.1,4312.6
1417658400,4312.6,4317.4,4312.3,4317.4
1417672800,4317.4,4319.1,4312.5,4315.6
1417687200,4315.6,4323,4296.6,4303.3
1417701600,4303.3,4329.7,4294.7,4322.2
1417716000,4322.2,4324.6,4304.7,4315.5
1417730400,4315.5,4316.1,4313.5,4314.5
1417744800,4314.5,4314.8,4312.4,4312.6
1417759200,4312.6,4323.4,4312.1,4320.7
1417773600,4320.7,4327.75,4312.1,4317
1417788000,4317,4326.5,4309.6,4319.2
1417802400,4319.2,4319.2,4304.1,4315.5
1417989600,4315.5,4317.8,4311.9,4314.6
1418004000,4314.6,4316,4313,4314.5
1418018400,4314.5,4316.5,4298.4,4300.4
1418032800,4300.4,4302.7,4296.2,4299.5
1418047200,4299.5,4321.3,4280.3,4284.1
1418061600,4284.1,4291,4259.8,4283.5
1418076000,4283.5,4287.1,4282.3,4282.3
1418090400,4282.3,4283.1,4269.6,4273.2
1418104800,4273.2,4274.4,4261.3,4264.3
1418119200,4264.3,4268.9,4233.5,4241.6
1418133600,4241.6,4276.6,4217.7,4276.2
1418148000,4276.2,4299.2,4274.3,4293.6
1418162400,4293.6,4295,4291.2,4293.7
1418176800,4293.7,4293.9,4284,4289.9
1418191200,4289.9,4295.7,4284.7,4290.2
1418205600,4290.2,4294.1,4283.4,4287.1
1418220000,4287.1,4298.9,4263.4,4269.9
1418234400,4269.9,4278.1,4219.9,4226.9
1418248800,4226.9,4237.6,4222.1,4236.4
1418263200,4236.4,4237.8,4229,4235.8
1418277600,4235.8,4243,4230.9,4241.1
1418292000,4241.1,4244,4223.1,4242.7
1418306400,4242.7,4298.7,4239.3,4292.6
1418320800,4292.6,4294.3,4220.8,4229.1
1418335200,4229.1,4238.1,4228.7,4232.3
1418349600,4232.3,4234.9,4222.4,4229
1418364000,4229,4236.2,4194.7,4203.3
1418378400,4203.3,4222.4,4198,4213.1
1418392800,4213.1,4255.4,4203.3,4228.6
1418407200,4228.6,4251.2,4188.7,4192.2
1418594400,4192.2,4201,4184.05,4198.3
1418608800,4198.3,4210.1,4197.45,4205.9
1418623200,4205.9,4231.2,4199.35,4228.2
1418637600,4228.2,4230.4,4211.6,4216
1418652000,4216,4237.9,4145.2,4187.7
1418666400,4187.7,4193.7,4152.3,4159.85
1418680800,4159.85,4176.1,4159.8,4171.9
1418695200,4171.9,4174.85,4160.85,4161.15
1418709600,4161.15,4177.5,4152.5,4172.75
1418724000,4172.75,4180.1,4114,4135.5
1418738400,4135.5,4193.1,4109.2,4155.5
1418752800,4155.5,4161.7,4084.5,4092
1418767200,4092,4100,4090,4097.6
1418781600,4097.6,4101.5,4086.05,4099.7
1418796000,4099.7,4109.8,4096.2,4105.9
1418810400,4105.9,4120.3,4100.2,4100.5
1418824800,4100.5,4136,4088.2,4117.3
1418839200,4117.3,4176.6,4112,4163.6
1418853600,4163.6,4167.7,4161,4165.7
1418868000,4165.7,4166.3,4154,4156.2
1418882400,4156.2,4209.8,4156.1,4203.3
1418896800,4203.3,4228.6,4201.9,4224.1
1418911200,4224.1,4245.7,4212.6,4245.4
1418925600,4245.4,4275.2,4235.9,4274.3
1418940000,4274.3,4276,4267.9,4270.8
1418954400,4270.8,4298,4270.1,4297.3
1418968800,4297.3,4302.65,4286.7,4293.3
1418983200,4293.3,4293.5,4273.1,4275.4
1418997600,4275.4,4292.5,4259.3,4282.6
1419012000,4282.6,4308.2,4279.6,4288.5
1419199200,4288.5,4291.7,4284.5,4286.4
1419213600,4286.4,4292.7,4285.4,4288.9
1419228000,4288.9,4303,4287,4300.4
1419242400,4300.4,4301.1,4285,4288.1
1419256800,4288.1,4303.7,4279.7,4302
1419271200,4302,4304.7,4292.5,4296.3
1419285600,4296.3,4299.8,4294.8,4299
1419300000,4299,4302,4298.4,4300.9
1419314400,4300.9,4302.2,4290.8,4295.7
1419328800,4295.7,4312.1,4294.6,4310.6
1419343200,4310.6,4315.6,4278.2,4285
1419357600,4285,4294.4,4279.2,4283.1
1419372000,4283.1,4285.3,4280,4284.5
1419386400,4284.5,4290.1,4283.4,4289.2
1419400800,4289.2,4290,4282.3,4285.2
1419415200,4285.2,4289.1,4284.8,4286.1
1419429600,4286.1,4301.8,4284.2,4285.8
1419444000,4285.8,4291.4,4284.7,4286.45
1419544800,4286.45,4297.2,4286.45,4296.6
1419559200,4296.6,4297.3,4294.8,4295.2
1419573600,4295.2,4298.9,4294.3,4298
1419588000,4298,4298.75,4296.2,4298.75
1419602400,4298.75,4314.35,4296.05,4314.25
1419616800,4314.25,4325.35,4313.55,4315.55
1419804000,4315.55,4322.95,4315.45,4322.95
1419818400,4322.95,4324.05,4319.45,4321.35
1419832800,4321.35,4323.5,4309.4,4312.9
1419847200,4312.9,4315.2,4301.5,4309.4
1419861600,4309.4,4323.1,4306.9,4316.5
1419876000,4316.5,4320.2,4310.9,4320.2
1419890400,4320.2,4320.25,4318.1,4319.2
1419904800,4319.2,4321.2,4315.9,4315.9
1419919200,4315.9,4316.25,4304.4,4309.8
1419933600,4309.8,4312.7,4299.8,4303.3
1419948000,4303.3,4309.6,4285.4,4288.6
1419962400,4288.6,4290.3,4277.1,4286.4
1419976800,4286.4,4291.3,4284.9,4287
1419991200,4287,4294.3,4286.4,4292.7
1420005600,4292.7,4297.2,4290,4290
1420020000,4290,4292.8,4288,4290.3
1420034400,4290.3,4308,4268.8,4274.6
1420048800,4274.6,4281,4269.8,4272
1420149600,4272,4272,4238.4,4255.6
1420164000,4255.6,4260.6,4254.8,4257.3
1420178400,4257.3,4265.8,4249.8,4252.2
1420192800,4252.2,4258.1,4248.5,4257.7
1420207200,4257.7,4275.8,4204.2,4216
1420221600,4216,4237,4204.4,4218.5
1420408800,4218.5,4218.5,4200.2,4212.7
1420423200,4212.7,4223.5,4210,4217.4
1420437600,4217.4,4223.7,4208.3,4211.8
1420452000,4211.8,4214.6,4198.1,4201.9
1420466400,4201.9,4210.1,4162,4167.6
1420480800,4167.6,4170.2,4148,4169
1420495200,4169,4172,4162.3,4165.7
1420509600,4165.7,4168.3,4158.1,4162
1420524000,4162,4170.5,4152.5,4154.8
1420538400,4154.8,4175.1,4152,4162.6
1420552800,4162.6,4173.5,4091.2,4119.9
1420567200,4119.9,4147.2,4085.15,4102.6
1420581600,4102.6,4116.6,4101.4,4115.1
1420596000,4115.1,4116.9,4111.1,4112.5
1420610400,4112.5,4121.7,4110.4,4119
1420624800,4119,4141.1,4118.5,4130.1
1420639200,4130.1,4166.2,4120.4,4156.8
1420653600,4156.8,4162,4143.4,4155.7
1420668000,4155.7,4196.2,4155,4188.9
1420682400,4188.9,4191.9,4181,4185
1420696800,4185,4189.6,4179.9,4185.5
1420711200,4185.5,4199.5,4182.2,4188.4
1420725600,4188.4,4239.2,4186.2,4236.8
1420740000,4236.8,4245.5,4231.7,4233.6
1420754400,4233.6,4236.7,4231.5,4234.5
1420768800,4234.5,4238.1,4231.6,4235.6
1420783200,4235.6,4240.1,4228.8,4231.4
1420797600,4231.4,4255.4,4223.65,4246.9
1420812000,4246.9,4251.3,4183.9,4206
1420826400,4206,4230.4,4202.3,4204.5
1421013600,4204.5,4210.9,4198,4204.4
1421028000,4204.4,4207,4198.35,4200
1421042400,4200,4228.8,4199.45,4226.6
1421056800,4226.6,4230.1,4208,4213.8
1421071200,4213.8,4221.1,4154.9,4170.5
1421085600,4170.5,4175.8,4153.8,4171.9
1421100000,4171.9,4175.9,4168.8,4171.6
1421114400,4171.6,4179.4,4169.4,4179.1
1421128800,4179.1,4191.1,4163.2,4186.4
1421143200,4186.4,4198.9,4179,4194.3
1421157600,4194.3,4250.5,4194,4213.9
1421172000,4213.9,4218.9,4129.3,4167.2
1421186400,4167.2,4169.4,4142.65,4152.75
1421200800,4152.75,4157.05,4139.75,4144.2
1421215200,4144.2,4162.3,4119.55,4162.25
1421229600,4162.25,4171.7,4106.1,4123
1421244000,4123,4161.4,4114.4,4127.1
1421258400,4127.1,4154.4,4103,4152.4
1421272800,4152.4,4156.6,4148.6,4151.5
1421287200,4151.5,4172.25,4149.2,4172
1421301600,4172,4192.7,4094.1,4123.75
1421316000,4123.75,4162.3,4108.2,4149.7
1421330400,4149.7,4165.3,4085.3,4094.8
1421344800,4094.8,4111.2,4080.6,4081.55
1421359200,4081.55,4081.8,4054.8,4057.75
1421373600,4057.75,4059.5,4044.1,4052.05
1421388000,4052.05,4081.3,4046.6,4055.2
1421402400,4055.2,4082.2,4045.7,4075.4
1421416800,4075.4,4123.3,4073.1,4114.7
1421431200,4114.7,4139.6,4102.1,4135.2
1421618400,4135.2,4157.3,4126.6,4135.9
1421632800,4135.9,4143.2,4127.5,4132.8
1421647200,4132.8,4135.5,4118.7,4121.6
1421661600,4121.6,4136.5,4115.5,4136
1421676000,4136,4150.7,4124.7,4129
1421704800,4129,4146.5,4125.8,4144.9
1421719200,4144.9,4154,4137.5,4150.75
1421733600,4150.75,4160.3,4145,4149.35
1421748000,4149.35,4170.15,4146.9,4160.1
1421762400,4160.1,4167.7,4111.4,4137.9
1421776800,4137.9,4177.4,4128.9,4167.9
1421791200,4167.9,4173.4,4162.55,4166
1421805600,4166,4180.9,4164.35,4174.85
1421820000,4174.85,4177.1,4156.7,4163
1421834400,4163,4169.7,4151.3,4157.6
1421848800,4157.6,4207.7,4139.1,4187.8
1421863200,4187.8,4194.1,4165.3,4186.8
1421877600,4186.8,4192.2,4182.7,4191.8
1421892000,4191.8,4191.85,4188.4,4189.1
1421906400,4189.1,4201.6,4189.1,4195.2
1421920800,4195.2,4222.5,4184.3,4206.5
1421935200,4206.5,4238.1,4166.9,4226.7
1421949600,4226.7,4271.2,4219.8,4271.2
1421964000,4271.2,4271.2,4260.6,4263.7
1421978400,4263.7,4264.25,4260,4260
1421992800,4260,4277.4,4260,4269
1422007200,4269,4276.6,4263.4,4264.6
1422021600,4264.6,4282.8,4252.9,4280.6
1422036000,4280.6,4288.4,4266.9,4270.9
1422223200,4270.9,4270.9,4233.9,4250.55
1422237600,4250.55,4252.8,4244.5,4251.6
1422252000,4251.6,4268.8,4247.4,4262.1
1422266400,4262.1,4280.5,4258.25,4277.1
1422280800,4277.1,4277.55,4248.3,4264.9
1422295200,4264.9,4278,4261.5,4271
1422309600,4271,4273,4267.2,4268.2
1422324000,4268.2,4273,4267.2,4272.6
1422338400,4272.6,4273.1,4253.3,4254
1422352800,4254,4259,4204.2,4210.85
1422367200,4210.85,4212.9,4144.7,4180.5
1422381600,4180.5,4214.9,4157.9,4211.65
1422396000,4211.65,4212.7,4202.7,4209.2
1422410400,4209.2,4236.6,4207.9,4229.45
1422424800,4229.45,4233.9,4211,4227.5
1422439200,4227.5,4230.7,4202.9,4220.7
1422453600,4220.7,4230.9,4171.4,4205.8
1422468000,4205.8,4215.9,4121.55,4127.6
1422482400,4127.6,4134.7,4125.1,4133.5
1422496800,4133.5,4136,4113.5,4120.35
1422511200,4120.35,4138.5,4119.55,4130.35
1422525600,4130.35,4142.85,4121.3,4133.1
1422540000,4133.1,4139.8,4097.7,4123.6
1422554400,4123.6,4199.3,4117.1,4197.85
1422568800,4197.85,4209.6,4192.8,4193.2
1422583200,4193.2,4197.2,4188.35,4192.05
1422597600,4192.05,4197.7,4168.3,4172.3
1422612000,4172.3,4183.3,4159.4,4165.2
1422626400,4165.2,4204.9,4156.3,4182.6
1422640800,4182.6,4204.1,4138,4147.25
1422828000,4147.25,4151.6,4131.35,4151.5
1422842400,4151.5,4154.5,4145.3,4146.15
1422856800,4146.15,4157.4,4139.2,4146.95
1422871200,4146.95,4157.6,4136,4144.1
1422885600,4144.1,4165.4,4087.5,4132.2
1422900000,4132.2,4189.7,4118.8,4183.7
1422914400,4183.7,4186.8,4175.2,4178.6
1422928800,4178.6,4183.7,4167.7,4170.75
1422943200,4170.75,4201.6,4170.45,4184.4
1422957600,4184.4,4205,4183.2,4195.8
1422972000,4195.8,4213.7,4167.6,4185.2
1422986400,4185.2,4224.5,4182.5,4214.2
1423000800,4214.2,4216.6,4207.3,4212.5
1423015200,4212.5,4215.8,4209.1,4213.9
1423029600,4213.9,4216.1,4202.7,4203.7
1423044000,4203.7,4219.1,4199.4,4202.6
1423058400,4202.6,4234.1,4193,4221.6
1423072800,4221.6,4244.6,4189.55,4194.3
1423087200,4194.3,4197.45,4187.4,4193.9
1423101600,4193.9,4199.25,4183.25,4193.75
1423116000,4193.75,4223.3,4189.6,4221.3
1423130400,4221.3,4233.5,4212.9,4226.6
1423144800,4226.6,4245.3,4215.6,4234.6
1423159200,4234.6,4256.3,4233.5,4254.6
1423173600,4254.6,4254.8,4249,4251
1423188000,4251,4251.9,4247.3,4251
1423202400,4251,4257.3,4248.5,4250.5
1423216800,4250.5,4265,4248.2,4259.4
1423231200,4259.4,4270.1,4239.5,4257.5
1423245600,4257.5,4258.9,4211.6,4231.1
1423432800,4231.1,4231.1,4206.2,4210.4
1423447200,4210.4,4218.4,4210.3,4217.5
1423461600,4217.5,4221.6,4203.9,4206.9
1423476000,4206.9,4216.7,4203.2,4209
1423490400,4209,4233.4,4203.4,4228.4
1423504800,4228.4,4231.4,4205.4,4218.45
1423519200,4218.45,4223.7,4218.1,4220.6
1423533600,4220.6,4224.6,4217.6,4221.5
1423548000,4221.5,4228.6,4212.7,4220.3
1423562400,4220.3,4251,4219.1,4239.2
1423576800,4239.2,4264.9,4229.6,4263.7
1423591200,4263.7,4285.4,4257.5,4279.95
1423605600,4279.95,4282.3,4277.9,4278.8
1423620000,4278.8,4279.1,4275.6,4276.8
1423634400,4276.8,4280.1,4273.35,4278
1423648800,4278,4280.8,4272.6,4277.9
1423663200,4277.9,4301.6,4277.6,4287.2
1423677600,4287.2,4323.4,4275.9,4313.9
1423692000,4313.9,4316.9,4287.5,4290.15
1423706400,4290.15,4302.9,4287.75,4302.4
1423720800,4302.4,4319.3,4296.3,4317.3
1423735200,4317.3,4326.8,4314.8,4321.5
1423749600,4321.5,4338.6,4316.6,4335.3
1423764000,4335.3,4347.5,4332.3,4344.4
1423778400,4344.4,4345,4342.3,4343.35
1423792800,4343.35,4349.9,4343.2,4349.3
1423807200,4349.3,4363.5,4347.1,4359.9
1423821600,4359.9,4360.7,4354.8,4359.2
1423836000,4359.2,4369,4349.6,4365.4
1423850400,4365.4,4383.3,4354,4378.7
1424037600,4378.7,4379.1,4371.6,4377.6
1424052000,4377.6,4380.8,4376.1,4379.1
1424066400,4379.1,4379.9,4374,4378.8
1424080800,4378.8,4383,4377.3,4382.1
1424095200,4382.1,4389.4,4370.8,4376.1
1424124000,4376.1,4376.1,4366.1,4372.4
1424138400,4372.4,4376.5,4371.6,4372.1
1424152800,4372.1,4380.8,4366.6,4377.8
1424167200,4377.8,4386.9,4375.6,4382.7
1424181600,4382.7,4386.4,4371.6,4378.7
1424196000,4378.7,4389.1,4377.6,4386.15
1424210400,4386.15,4386.8,4383.65,4384.7
1424224800,4384.7,4387.6,4384.5,4387.4
1424239200,4387.4,4391.6,4385.8,4387.2
1424253600,4387.2,4387.6,4379.6,4380.4
1424268000,4380.4,4387.7,4375.2,4379.3
1424282400,4379.3,4394.8,4376.6,4390.3
1424296800,4390.3,4391.4,4386.6,4387.1
1424311200,4387.1,4388.9,4386.85,4388.55
1424325600,4388.55,4388.9,4377,4387.8
1424340000,4387.8,4401.8,4384.3,4390.8
1424354400,4390.8,4415.6,4386.6,4409.1
1424368800,4409.1,4418.2,4406.5,4418.2
1424383200,4418.2,4418.2,4413.4,4416.9
1424397600,4416.9,4417.5,4414.3,4415.45
1424412000,4415.45,4417.65,4411.9,4415.5
1424426400,4415.5,4426.5,4407.6,4413.7
1424440800,4413.7,4424.6,4397.3,4422.3
1424455200,4422.3,4446,4421.1,4439.8
1424642400,4439.8,4443.9,4438.8,4442.4
1424656800,4442.4,4443.45,4441.5,4442.2
1424671200,4442.2,4442.65,4435.4,4437.6
1424685600,4437.6,4442.6,4436.5,4439.7
1424700000,4439.7,4444.8,4430.8,4440.9
1424714400,4440.9,4450.2,4432.5,4447.2
1424728800,4447.2,4447.3,4444.8,4446.8
1424743200,4446.8,4448.7,4445.3,4448.5
1424757600,4448.5,4449.7,4443.8,4445.5
1424772000,4445.5,4447.7,4441,4444
1424786400,4444,4455.5,4428.2,4443.5
1424800800,4443.5,4456.3,4441,4451.4
1424815200,4451.4,4451.4,4446,4446.5
1424829600,4446.5,4448.9,4445.4,4448.65
1424844000,4448.65,4450.7,4443.1,4443.7
1424858400,4443.7,4446.5,4441.9,4443.6
1424872800,4443.6,4458.7,4439.2,4456.5
1424887200,4456.5,4461.9,4430.4,4439
1424901600,4439,4439.8,4436.7,4438.1
1424916000,4438.1,4442.6,4438,4440.3
1424930400,4440.3,4447.8,4438.5,4446.1
1424944800,4446.1,4449.6,4439.2,4442.9
1424959200,4442.9,4462.2,4432,4459.7
1424973600,4459.7,4465.5,4441.4,4463.7
1424988000,4463.7,4463.8,4456.2,4456.9
1425002400,4456.9,4461.4,4456.8,4459.15
1425016800,4459.15,4460.1,4452.6,4454.8
1425031200,4454.8,4460,4454.2,4456.9
1425045600,4456.9,4463.6,4447.8,4454.4
1425060000,4454.4,4456,4436,4446.8
1425247200,4446.8,4453.9,4446.8,4449.3
1425261600,4449.3,4451.7,4448.9,4450.4
1425276000,4450.4,4458.7,4448.3,4455
1425290400,4455,4456.5,4447.4,4448.9
1425304800,4448.9,4479.1,4448.1,4467.5
1425319200,4467.5,4484,4459.9,4479.2
1425333600,4479.2,4480.1,4476.3,4476.65
1425348000,4476.65,4477.6,4474.5,4475.8
1425362400,4475.8,4476.6,4473.6,4475.1
1425376800,4475.1,4477.8,4467.6,4469.1
1425391200,4469.1,4473.3,4433.1,4448.9
1425405600,4448.9,4463.1,4446.1,4458.4
1425420000,4458.4,4458.6,4452.1,4453.25
1425434400,4453.25,4457,4453.25,4456.7
1425448800,4456.7,4456.7,4443.7,4447.3
1425463200,4447.3,4449.1,4442.5,4446.5
1425477600,4446.5,4453,4420,4446.8
1425492000,4446.8,4452.5,4437.3,4444.2
1425506400,4444.2,4445.1,4441.1,4443.9
1425520800,4443.9,4447.2,4443.3,4445.2
1425535200,4445.2,4451.7,4444.2,4445.4
1425549600,4445.4,4458.4,4445.2,4453.9
1425564000,4453.9,4465.5,4433.5,4435.8
1425578400,4435.8,4458,4434.3,4450.9
1425592800,4450.9,4452.8,4449.9,4452
1425607200,4452,4452.5,4449.3,4449.4
1425621600,4449.4,4454.1,4447.6,4451.5
1425636000,4451.5,4460.65,4442.8,4444.6
1425650400,4444.6,4454.4,4403.5,4408.8
1425664800,4408.8,4413.8,4389.7,4406
1425848400,4406,4413.3,4400.1,4401.4
1425862800,4401.4,4403.8,4398.9,4401.3
1425877200,4401.3,4405.3,4396.8,4399.3
1425891600,4399.3,4414.3,4396.9,4413.3
1425906000,4413.3,4414,4392.3,4404.7
1425920400,4404.7,4425.2,4396.8,4414.2
1425934800,4414.2,4416.2,4411.2,4411.4
1425949200,4411.4,4414.6,4406.1,4406.1
1425963600,4406.1,4410.3,4397.9,4398.1
1425978000,4398.1,4401.1,4371.9,4381.9
1425992400,4381.9,4386.4,4337.2,4344.2
1426006800,4344.2,4356.3,4329,4334.7
1426021200,4334.7,4340.9,4333.2,4340.4
1426035600,4340.4,4344.2,4340,4342.8
1426050000,4342.8,4344.7,4334.2,4344.5
1426064400,4344.5,4347.7,4338.7,4341.2
1426078800,4341.2,4343.2,4316.4,4328.4
1426093200,4328.4,4329.6,4304.8,4312.3
1426107600,4312.3,4314.8,4306.6,4310
1426122000,4310,4319.9,4309.9,4318.5
1426136400,4318.5,4323.4,4316.6,4322.4
1426150800,4322.4,4323.9,4314.7,4323.2
1426165200,4323.2,4334.7,4299.2,4326.2
1426179600,4326.2,4339.7,4322.3,4333.65
1426194000,4333.65,4336.05,4329.3,4332
1426208400,4332,4339.7,4332,4336.2
1426222800,4336.2,4340.95,4332.3,4339.35
1426237200,4339.35,4341.1,4323.1,4328
1426251600,4328,4347.6,4290,4303.2
1426266000,4303.2,4321.4,4288.5,4309.8
1426453200,4309.8,4317.3,4299.35,4304
1426467600,4304,4314.2,4303.55,4311.75
1426482000,4311.75,4325.8,4311.7,4325.7
1426496400,4325.7,4331.9,4322.3,4330.7
1426510800,4330.7,4362.9,4326.2,4355
1426525200,4355,4372.4,4349,4359.55
1426539600,4359.55,4359.95,4352.35,4356.25
1426554000,4356.25,4361.35,4354.75,4359.2
1426568400,4359.2,4367.1,4355.5,4359.55
1426582800,4359.55,4361.5,4349.3,4361
1426597200,4361,4370.7,4348.6,4370.5
1426611600,4370.5,4384.4,4368.7,4377.7
1426626000,4377.7,4379.4,4377,4378.3
1426640400,4378.3,4382,4377.9,4380.8
1426654800,4380.8,4385,4377.4,4382.8
1426669200,4382.8,4383.2,4359.9,4364.2
1426683600,4364.2,4370.4,4353.8,4355.5
1426698000,4355.5,4441.2,4342.6,4429.6
1426712400,4429.6,4441.65,4428.1,4432.6
1426726800,4432.6,4439.4,4429.9,4435.5
1426741200,4435.5,4441.2,4420.1,4422.3
1426755600,4422.3,4429.4,4419.5,4423.2
1426770000,4423.2,4439.1,4419.9,4420.8
1426784400,4420.8,4436.2,4418.3,4427.7
1426798800,4427.7,4428.1,4422.6,4426.9
1426813200,4426.9,4438.5,4426.4,4435.85
1426827600,4435.85,4444,4434.9,4442.4
1426842000,4442.4,4465,4440,4463.1
1426856400,4463.1,4474,4455.2,4471.9
1426870800,4471.9,4479,4451.7,4454.7
1427058000,4454.7,4467.8,4454.1,4460.2
1427072400,4460.2,4463,4457.2,4461.7
1427086800,4461.7,4461.7,4447.5,4452
1427101200,4452,4455.4,4445.5,4452.9
1427115600,4452.9,4464.1,4447,4455.7
1427130000,4455.7,4465.6,4442.5,4444.1
1427144400,4444.1,4447.9,4442.7,4447.1
1427158800,4447.1,4450.5,4444,4448.9
1427173200,4448.9,4453,4437.8,4449.4
1427187600,4449.4,4456,4445.8,4450
1427202000,4450,4467.4,4438.5,4448.8
1427216400,4448.8,4454.3,4430.5,4435.9
1427230800,4435.9,4440.1,4435.5,4438.8
1427245200,4438.8,4439.9,4432.8,4434.9
1427259600,4434.9,4441.2,4433.1,4439.7
1427274000,4439.7,4443.7,4430.9,4439.1
1427288400,4439.1,4444.6,4352.6,4362.1
1427302800,4362.1,4365.1,4326.1,4332.3
1427317200,4332.3,4335.2,4326.7,4327.1
1427331600,4327.1,4331.4,4325.2,4327.6
1427346000,4327.6,4328.3,4289.2,4290.9
1427360400,4290.9,4296.9,4276,4294
1427374800,4294,4326.5,4278,4322.8
1427389200,4322.8,4337,4308.4,4319.2
1427403600,4319.2,4325.6,4319.2,4324.7
1427418000,4324.7,4334.2,4323.6,4326.45
1427432400,4326.45,4328.2,4312.8,4313.8
1427446800,4313.8,4319.4,4303.4,4311.4
1427461200,4311.4,4333.5,4304.9,4320.1
1427475600,4320.1,4339.6,4313.1,4329.4
1427662800,4329.4,4337.95,4321.7,4325.6
1427677200,4325.6,4353.4,4325.1,4349.5
1427691600,4349.5,4373.4,4342.5,4370
1427706000,4370,4372.7,4356.7,4356.9
1427720400,4356.9,4383.5,4355.55,4374.2
1427734800,4374.2,4387.4,4371,4376.5
1427749200,4376.5,4381.5,4376.3,4381.3
1427763600,4381.3,4381.4,4373.3,4374.8
1427778000,4374.8,4379.2,4368.2,4373.4
1427792400,4373.4,4373.4,4353.1,4364.45
1427806800,4364.45,4376.7,4350.6,4363.6
1427821200,4363.6,4370.3,4326.6,4329
1427835600,4329,4334.1,4267.65,4279.55
1427850000,4279.55,4307.6,4275.2,4307.5
1427864400,4307.5,4324.7,4301.45,4324.7
1427878800,4324.7,4339.9,4317.5,4326.8
1427893200,4326.8,4333.5,4281.4,4296.2
1427907600,4296.2,4324.1,4289,4319.8
1427922000,4319.8,4324.7,4312.9,4312.9
1427936400,4312.9,4317.7,4311.3,4313.8
1427950800,4313.8,4315.8,4294.3,4298.2
1427965200,4298.2,4315.1,4295.7,4313.4
1427979600,4313.4,4326.6,4298.6,4311.5
1427994000,4311.5,4324.4,4307.7,4314.7
1428008400,4314.7,4314.7,4308.7,4310
1428022800,4310,4313.6,4309.5,4312.3
1428037200,4312.3,4319.2,4310.8,4317.8
1428051600,4317.8,4319.1,4280.6,4280.7
1428066000,4280.7,4283,4267.8,4268.85
1428267600,4268.85,4285.5,4268.85,4283.85
1428282000,4283.85,4287.8,4279.4,4284.45
1428296400,4284.45,4285.1,4274.3,4278.7
1428310800,4278.7,4286.4,4277.2,4283.9
1428325200,4283.9,4352.4,4280.4,4351.6
1428339600,4351.6,4359.9,4344.7,4345.5
1428354000,4345.5,4346.2,4342.8,4343.15
1428368400,4343.15,4347.5,4342.5,4346
1428382800,4346,4361.3,4345.8,4350.2
1428397200,4350.2,4362.1,4347.8,4351
1428411600,4351,4377.4,4344.4,4369.3
1428426000,4369.3,4372.6,4335.6,4339.5
1428440400,4339.5,4342.2,4336.3,4340
1428454800,4340,4340.9,4332.85,4340.2
1428469200,4340.2,4350.8,4335.3,4345.7
1428483600,4345.7,4348.1,4335.9,4344.1
1428498000,4344.1,4375.2,4341.5,4367.6
1428512400,4367.6,4382.3,4349.5,4381.8
1428526800,4381.8,4383.8,4380.1,4382.5
1428541200,4382.5,4382.65,4377.8,4378.2
1428555600,4378.2,4379.8,4360.8,4363.7
1428570000,4363.7,4383.6,4363.7,4377.7
1428584400,4377.7,4395.1,4358.1,4384.8
1428598800,4384.8,4406.1,4377.9,4403.55
1428613200,4403.55,4405.5,4399,4401.05
1428627600,4401.05,4402.9,4399.1,4402.2
1428642000,4402.2,4406.9,4399.2,4400.4
1428656400,4400.4,4408.9,4398.5,4402.8
1428670800,4402.8,4416.3,4390.7,4413.9
1428685200,4413.9,4421,4410.5,4419
1428872400,4419,4423.5,4416.95,4420.1
1428886800,4420.1,4422.5,4415.5,4417.1
1428901200,4417.1,4419.8,4411.1,4415.2
1428915600,4415.2,4421.2,4413.3,4419.1
1428930000,4419.1,4446.5,4418,4429.9
1428944400,4429.9,4430,4404.4,4408.2
1428958800,4408.2,4411.2,4408.2,4408.8
1428973200,4408.8,4414.2,4408.8,4413.5
1428987600,4413.5,4419.5,4405.5,4407.1
1429002000,4407.1,4411.1,4391.4,4408.8
1429016400,4408.8,4417.7,4371.7,4391.8
1429030800,4391.8,4403.7,4385.4,4401.2
1429045200,4401.2,4405.65,4396.8,4400.2
1429059600,4400.2,4400.6,4396.6,4399.9
1429074000,4399.9,4410.7,4393.4,4408.6
1429088400,4408.6,4415.3,4406.2,4411.9
1429102800,4411.9,4417.1,4402.8,4415.2
1429117200,4415.2,4433.7,4413.4,4428.4
1429131600,4428.4,4431,4426.75,4429.5
1429146000,4429.5,4434,4426.9,4433.2
1429160400,4433.2,4434.1,4423.8,4426.8
1429174800,4426.8,4427.8,4402.8,4407.7
1429189200,4407.7,4423.5,4405.5,4416.1
1429203600,4416.1,4425.3,4412,4419.1
1429218000,4419.1,4422.3,4415.6,4417.55
1429232400,4417.55,4419.6,4413.3,4414.3
1429246800,4414.3,4419.4,4409,4412.2
1429261200,4412.2,4414,4367.6,4383.1
1429275600,4383.1,4387.1,4344.4,4351.6
1429290000,4351.6,4355,4328.4,4352.5
1429477200,4352.5,4363.1,4352.5,4360
1429491600,4360,4366.2,4359.3,4363.1
1429506000,4363.1,4381,4359.2,4370
1429520400,4370,4377,4364.2,4371
1429534800,4371,4411.9,4367.5,4408.3
1429549200,4408.3,4421.2,4406.5,4410.9
1429563600,4410.9,4418.3,4407.8,4416.5
1429578000,4416.5,4423,4416.25,4419.5
1429592400,4419.5,4445.4,4419,4436.4
1429606800,4436.4,4437.6,4421.3,4437.1
1429621200,4437.1,4447,4427.2,4435.2
1429635600,4435.2,4442.7,4428.3,4434.7
1429650000,4434.7,4440.55,4434.5,4439.2
1429664400,4439.2,4441.3,4436.9,4438.3
1429678800,4438.3,4450.5,4402.8,4411
1429693200,4411,4440.1,4405.7,4439.6
1429707600,4439.6,4447.1,4415,4444.2
1429722000,4444.2,4463.6,4440.2,4442.1
1429736400,4442.1,4449.1,4441.4,4446.2
1429750800,4446.2,4447,4443.8,4445.65
1429765200,4445.65,4448.8,4422,4436.7
1429779600,4436.7,4445.1,4433,4438.9
1429794000,4438.9,4480.3,4438.7,4480.2
1429808400,4480.2,4500.7,4468.4,4497.8
1429822800,4497.8,4501.1,4493.65,4497.8
1429837200,4497.8,4505.3,4497.4,4499.9
1429851600,4499.9,4518.7,4494.9,4516.4
1429866000,4516.4,4518.5,4507.5,4517
1429880400,4517,4540.3,4513.4,4533.3
1429894800,4533.3,4540,4530,4533.7
1430082000,4533.7,4538.45,4533.7,4536.9
1430096400,4536.9,4538.1,4535.2,4537.95
1430110800,4537.95,4545,4530.2,4539.8
1430125200,4539.8,4549.5,4535.4,4549.3
1430139600,4549.3,4559.4,4525.7,4528.9
1430154000,4528.9,4537.3,4513.2,4527.5
1430168400,4527.5,4531,4525.8,4527.5
1430182800,4527.5,4530.7,4521.9,4529.8
1430197200,4529.8,4531.3,4520.3,4524.1
1430211600,4524.1,4527.3,4518.2,4524.4
1430226000,4524.4,4534.9,4475.7,4530.3
1430240400,4530.3,4534.7,4504.5,4518.5
1430254800,4518.5,4519,4513.5,4517.5
1430269200,4517.5,4517.8,4509.35,4509.9
1430283600,4509.9,4515.9,4504.2,4512.1
1430298000,4512.1,4514,4489.9,4493.2
1430312400,4493.2,4514.7,4459.9,4472.8
1430326800,4472.8,4504.8,4465.7,4478
1430341200,4478,4480.9,4471.95,4478.9
1430355600,4478.9,4481.75,4471,4471
1430370000,4471,4478.3,4455.8,4464.9
1430384400,4464.9,4471.6,4455.75,4467.8
1430398800,4467.8,4477.8,4425.8,4433.4
1430413200,4433.4,4438.8,4390,4418.2
1430427600,4418.2,4420.7,4413.5,4417.8
1430442000,4417.8,4418,4414,4415.6
1430456400,4415.6,4421.5,4413.5,4416.4
1430470800,4416.4,4427.5,4416.2,4422.4
1430485200,4422.4,4456.2,4421.9,4451.1
1430499600,4451.1,4474.2,4445.7,4471.4
1430686800,4471.4,4475.8,4465.5,4467.9
1430701200,4467.9,4469.8,4463.5,4465.75
1430715600,4465.75,4479.2,4460.4,4477.1
1430730000,4477.1,4486,4472.9,4483.5
1430744400,4483.5,4506.8,4481.3,4485.5
1430758800,4485.5,4492.8,4473.6,4477.7
1430773200,4477.7,4480,4475.9,4477.2
1430787600,4477.2,4478.5,4472.6,4475.1
1430802000,4475.1,4483.5,4466.7,4470.6
1430816400,4470.6,4479.4,4454.9,4457.7
1430830800,4457.7,4469.2,4410.9,4421.8
1430845200,4421.8,4422.1,4402.6,4413.6
1430859600,4413.6,4416.4,4411.4,4414.6
1430874000,4414.6,4426.9,4413.1,4423.7
1430888400,4423.7,4424.1,4398.8,4416.7
1430902800,4416.7,4420.1,4407.4,4411.2
1430917200,4411.2,4425.4,4363.9,4375
1430931600,4375,4378.7,4344.6,4376.1
1430946000,4376.1,4381.05,4370.8,4379.1
1430960400,4379.1,4382,4378.25,4379.7
1430974800,4379.7,4380.1,4351.2,4358.2
1430989200,4358.2,4380.7,4335.7,4366.1
1431003600,4366.1,4412.2,4364.7,4408.7
1431018000,4408.7,4412.5,4393.7,4403.2
1431032400,4403.2,4411.7,4403.1,4408.8
1431046800,4408.8,4414.5,4407.8,4413.1
1431061200,4413.1,4424.9,4409.7,4416.4
1431075600,4416.4,4455.6,4408.7,4449.5
1431090000,4449.5,4465.7,4440.1,4457.5
1431104400,4457.5,4460.9,4449.4,4451.7
1431291600,4451.7,4455.75,4451.3,4453.1
1431306000,4453.1,4453.3,4448.7,4451.9
1431320400,4451.9,4454.9,4445.9,4448.7
1431334800,4448.7,4456.9,4446.5,4456.2
1431349200,4456.2,4467.3,4441.5,4448.5
1431363600,4448.5,4456.5,4429.6,4432.1
1431378000,4432.1,4435.6,4431.5,4434.2
1431392400,4434.2,4435.3,4429.1,4431.7
1431406800,4431.7,4440,4396.7,4396.7
1431421200,4396.7,4405.9,4389.9,4404.6
1431435600,4404.6,4430.6,4377.3,4427.2
1431450000,4427.2,4440.5,4417.4,4424.3
1431464400,4424.3,4433.5,4423.9,4431.7
1431478800,4431.7,4438.9,4430.8,4435.8
1431493200,4435.8,4450.5,4430.3,4445.5
1431507600,4445.5,4449.3,4431.8,4438.8
1431522000,4438.8,4460.5,4424.2,4430.5
1431536400,4430.5,4439.7,4420.3,4430
1431550800,4430,4433,4427.7,4429.3
1431565200,4429.3,4429.8,4424.1,4426.4
1431579600,4426.4,4454.5,4415.5,4451.5
1431594000,4451.5,4459.3,4446.4,4458.5
1431608400,4458.5,4483.3,4446.7,4482.9
1431622800,4482.9,4495.4,4482.3,4492.5
1431637200,4492.5,4498.9,4490.4,4495.9
1431651600,4495.9,4496.7,4493.2,4494.3
1431666000,4494.3,4508.9,4493.2,4508
1431680400,4508,4510.1,4500.5,4501.6
1431694800,4501.6,4509.1,4482.8,4488
1431709200,4488,4492.9,4480.6,4490.2
1431896400,4490.2,4494.35,4487.9,4488.9
1431910800,4488.9,4490.1,4484.5,4489.6
1431925200,4489.6,4490.6,4475.9,4488.5
1431939600,4488.5,4489.7,4473,4479.7
1431954000,4479.7,4508.2,4477.5,4506
1431968400,4506,4520,4505.5,4511.3
1431982800,4511.3,4512.9,4510,4512.9
1431997200,4512.9,4516.4,4512.7,4515.9
1432011600,4515.9,4528.6,4513.9,4526.9
1432026000,4526.9,4528.1,4517.7,4520.3
1432040400,4520.3,4522.7,4503.6,4510.5
1432054800,4510.5,4517.3,4498.9,4502.75
1432069200,4502.75,4504.6,4499.2,4504.2
1432083600,4504.2,4508.4,4499.4,4507.9
1432098000,4507.9,4512.8,4499.9,4501.5
1432112400,4501.5,4511.8,4500.7,4509.1
1432126800,4509.1,4511.8,4484.4,4506.8
1432141200,4506.8,4535.9,4501.1,4504.8
1432155600,4504.8,4504.8,4488.9,4495.7
1432170000,4495.7,4497.3,4491.8,4495.8
1432184400,4495.8,4500,4490.5,4491.7
1432198800,4491.7,4499.3,4490.3,4496.9
1432213200,4496.9,4536,4494.4,4532.1
1432227600,4532.1,4538.5,4522.6,4531.2
1432242000,4531.2,4533.85,4529.8,4530.7
1432256400,4530.7,4537.4,4530.4,4536.3
1432270800,4536.3,4537.3,4533,4533.4
1432285200,4533.4,4537.4,4525,4529.8
1432299600,4529.8,4541.8,4524.3,4535.5
1432314000,4535.5,4544.2,4525.3,4530.5
1432501200,4530.5,4534.1,4526.75,4530.3
1432515600,4530.3,4531.9,4527.3,4529.9
1432530000,4529.9,4530.6,4524.1,4525.6
1432544400,4525.6,4526.4,4519.6,4523.4
1432558800,4523.4,4538.9,4523.4,4527.2
1432587600,4527.2,4528.35,4520.7,4524.25
1432602000,4524.25,4526,4520.9,4521.7
1432616400,4521.7,4530.1,4505.3,4508.7
1432630800,4508.7,4526.7,4505.2,4515.4
1432645200,4515.4,4523.4,4466,4470.8
1432659600,4470.8,4482.9,4456.9,4482.1
1432674000,4482.1,4483.8,4475.95,4479.5
1432688400,4479.5,4480.5,4475.1,4477
1432702800,4477,4484.1,4475,4481.8
1432717200,4481.8,4492.1,4481.8,4486.8
1432731600,4486.8,4528.1,4478.8,4523
1432746000,4523,4552.5,4522.5,4541.9
1432760400,4541.9,4545.4,4541.5,4544.45
1432774800,4544.45,4545.2,4541.95,4542.85
1432789200,4542.85,4543.45,4533.8,4541.9
1432803600,4541.9,4543.2,4532.7,4537.7
1432818000,4537.7,4549,4523.6,4529.4
1432832400,4529.4,4545.9,4528.3,4545.4
1432846800,4545.4,4546.9,4542.45,4546.45
1432861200,4546.45,4546.6,4542.3,4545.5
1432875600,4545.5,4546,4515.7,4523.1
1432890000,4523.1,4544.1,4517.5,4529.4
1432904400,4529.4,4540.5,4499,4527.7
1432918800,4527.7,4534.4,4502.2,4515
1433106000,4515,4523.3,4513.75,4520.2
1433120400,4520.2,4524.7,4518.4,4524
1433134800,4524,4533,4514.9,4521.2
1433149200,4521.2,4539.5,4507.9,4533.3
1433163600,4533.3,4537.1,4487.7,4532.8
1433178000,4532.8,4537,4519.8,4526.3
1433192400,4526.3,4529.2,4524.8,4528.8
1433206800,4528.8,4531.1,4521,4521.8
1433221200,4521.8,4529.4,4482.5,4485.3
1433235600,4485.3,4528.9,4483.9,4514.15
1433250000,4514.15,4528.65,4485.25,4526.65
1433264400,4526.65,4532.95,4502.95,4504.45
1433278800,4504.45,4507.65,4504.15,4506.75
1433293200,4506.75,4506.85,4503.85,4505.55
1433307600,4505.55,4517.95,4502.85,4510.85
1433322000,4510.85,4541.95,4509.35,4533.75
1433336400,4533.75,4540.95,4512.25,4520.15
1433350800,4520.15,4531.25,4516.95,4528.25
1433365200,4528.25,4529.75,4523.55,4524.35
1433379600,4524.35,4527.35,4519.15,4521.35
1433394000,4521.35,4521.35,4483.05,4491.55
1433408400,4491.55,4505.15,4484.45,4500.35
1433422800,4500.35,4526.95,4494.65,4496.55
1433437200,4496.55,4498.55,4474.45,4496.45
1433451600,4496.45,4498.55,4492.75,4496.55
1433466000,4496.55,4497.05,4491.35,4493.25
1433480400,4493.25,4507.5,4490.7,4495.9
1433494800,4495.9,4501,4468.75,4481.3
1433509200,4481.3,4494.1,4450.5,4482.6
1433523600,4482.6,4488.8,4475.3,4480.8
1433710800,4480.8,4483.75,4473.1,4475.8
1433725200,4475.8,4478.3,4469.7,4477.2
1433739600,4477.2,4482.2,4472.05,4481.65
1433754000,4481.65,4482.25,4472.75,4474.05
1433768400,4474.05,4479.15,4433.25,4433.55
1433782800,4433.55,4448.05,4422.95,4436.65
1433797200,4436.65,4441.95,4435.75,4441.25
1433811600,4441.25,4441.25,4435.15,4437.85
1433826000,4437.85,4439.6,4424.2,4425.2
1433840400,4425.2,4425.2,4404.7,4420.05
1433854800,4420.05,4431.65,4390.85,4431.35
1433869200,4431.35,4440.15,4420.55,4432.55
1433883600,4432.55,4437.15,4431.15,4436.5
1433898000,4436.5,4439.65,4434.85,4435.6
1433912400,4435.6,4448.9,4431.05,4441.75
1433926800,4441.75,4452.55,4438.75,4440.45
1433941200,4440.45,4493.65,4434.75,4492.15
1433955600,4492.15,4498.65,4482.25,4488.95
1433970000,4488.95,4489.45,4482.75,4486.35
1433984400,4486.35,4486.65,4482.35,4484.8
1433998800,4484.8,4493.6,4480.3,4489.85
1434013200,4489.85,4500.55,4487.15,4496.75
1434027600,4496.75,4512.55,4483.85,4492.35
1434042000,4492.35,4499.05,4486.55,4492.45
1434056400,4492.45,4493.45,4484.75,4485.75
1434070800,4485.75,4485.95,4481.25,4483.15
1434085200,4483.15,4487.65,4472.65,4474.75
1434099600,4474.75,4488.65,4464.65,4467
1434114000,4467,4477.05,4448.45,4456.35
1434128400,4456.35,4462.55,4449.85,4453.95
1434315600,4453.95,4453.95,4427.2,4439
1434330000,4439,4440.6,4431.45,4434.75
1434344400,4434.75,4445,4434.55,4436.4
1434358800,4436.4,4441.1,4425.05,4426.05
1434373200,4426.05,4431.25,4394.45,4429.95
1434387600,4429.95,4438.65,4423.55,4434.85
1434402000,4434.85,4436.3,4429.25,4429.95
1434416400,4429.95,4431.75,4425.15,4426.85
1434430800,4426.85,4427.55,4403.3,4415.05
1434445200,4415.05,4425.65,4404.8,4424.15
1434459600,4424.15,4454.55,4420.45,4453.95
1434474000,4453.95,4464.35,4451.35,4459.25
1434488400,4459.25,4461.05,4457.55,4459.05
1434502800,4459.05,4459.55,4456,4457.65
1434517200,4457.65,4472.6,4457.65,4471.35
1434531600,4471.35,4471.8,4457.5,4463.2
1434546000,4463.2,4473.2,4440.8,4443.8
1434560400,4443.8,4483.7,4439.65,4460.2
1434574800,4460.2,4462.8,4459.1,4459.3
1434589200,4459.3,4459.3,4450.4,4451.9
1434603600,4451.9,4472.6,4447.95,4463.2
1434618000,4463.2,4483.25,4452,4476.85
1434632400,4476.85,4542.95,4474.75,4532.65
1434646800,4532.65,4540.75,4524.7,4538.1
1434661200,4538.1,4539.55,4531.35,4535
1434675600,4535,4537.15,4534.45,4537.05
1434690000,4537.05,4545.8,4533.3,4540.3
1434704400,4540.3,4547,4540.1,4542.1
1434718800,4542.1,4543.3,4515.4,4521.4
1434733200,4521.4,4526.65,4506.2,4506.9
1434920400,4506.9,4528.7,4506.9,4524.6
1434934800,4524.6,4525.2,4522.6,4524.2
1434949200,4524.2,4554.5,4521.9,4552
1434963600,4552,4552.3,4537,4539.6
1434978000,4539.6,4559.5,4537.4,4545.2
1434992400,4545.2,4550.1,4535.2,4543.9
1435006800,4543.9,4549.2,4543.9,4548
1435021200,4548,4553,4547.75,4552.4
1435035600,4552.4,4555.8,4547.4,4549.4
1435050000,4549.4,4554.4,4544.9,4546.4
1435064400,4546.4,4552.9,4530.1,4536.5
1435078800,4536.5,4552.8,4534.2,4549.5
1435093200,4549.5,4552.75,4548.6,4549.95
1435107600,4549.95,4549.95,4545.7,4546.85
1435122000,4546.85,4551.6,4543.2,4545.8
1435136400,4545.8,4549.7,4533.1,4539
1435150800,4539,4562.3,4534.8,4538.1
1435165200,4538.1,4541.8,4522.2,4527.2
1435179600,4527.2,4531.5,4526.7,4530.45
1435194000,4530.45,4534.9,4530.3,4534.5
1435208400,4534.5,4554.7,4530.1,4542.9
1435222800,4542.9,4551.9,4533.4,4540.5
1435237200,4540.5,4546.8,4525.5,4533.1
1435251600,4533.1,4534.1,4507.3,4512.7
1435266000,4512.7,4515.2,4511.75,4512.7
1435280400,4512.7,4513.6,4506.05,4512.6
1435294800,4512.6,4515.45,4505.1,4512.6
1435309200,4512.6,4523.1,4508.5,4513.4
1435323600,4513.4,4523.8,4470.5,4471.4
1435338000,4471.4,4493.3,4466.5,4486
1435525200,4486,4486,4407.9,4420.8
1435539600,4420.8,4431.85,4416.35,4417.95
1435554000,4417.95,4445.5,4414.4,4442.9
1435568400,4442.9,4444.7,4423.8,4434.3
1435582800,4434.3,4458.1,4416.5,4419.8
1435597200,4419.8,4419.8,4375,4389.35
1435611600,4389.35,4394.3,4386.2,4392.35
1435626000,4392.35,4396.4,4384.7,4395.1
1435640400,4395.1,4398.3,4384.7,4393.8
1435654800,4393.8,4413.8,4392.6,4409.8
1435669200,4409.8,4413.9,4378.6,4387.1
1435683600,4387.1,4418.6,4382.3,4400.75
1435698000,4400.75,4404.6,4395.6,4401.85
1435712400,4401.85,4413,4401.5,4411.3
1435726800,4411.3,4432.6,4408.4,4431.7
1435741200,4431.7,4448.65,4429.1,4434.25
1435755600,4434.25,4444.75,4410.85,4412.15
1435770000,4412.15,4430.85,4406.45,4429.95
1435784400,4429.95,4430.6,4423.25,4423.25
1435798800,4423.25,4427.25,4422.45,4426.05
1435813200,4426.05,4440.7,4424.05,4437.1
1435827600,4437.1,4447.9,4431,4443
1435842000,4443,4443.8,4414.7,4419.9
1435856400,4419.9,4436.2,4414.9,4434.9
1435870800,4434.9,4435.5,4431.75,4433.6
1435885200,4433.6,4437.85,4430.8,4437.8
1435899600,4437.8,4442.3,4428.5,4432.7
1435914000,4432.7,4438.7,4430.5,4432.8
1435928400,4432.8,4433.5,4418,4423.65
1436130000,4423.65,4423.65,4351.6,4377.1
1436144400,4377.1,4381.1,4371.7,4371.9
1436158800,4371.9,4406.8,4370.55,4396.1
1436173200,4396.1,4408.9,4390.7,4398.6
1436187600,4398.6,4443.2,4390.7,4420.4
1436202000,4420.4,4434.6,4394.4,4433.35
1436216400,4433.35,4442,4432.2,4437.95
1436230800,4437.95,4440.2,4435.5,4439.95
1436245200,4439.95,4454.3,4439.1,4448.8
1436259600,4448.8,4450.5,4425.9,4430.2
1436274000,4430.2,4430.5,4340.1,4389.5
1436288400,4389.5,4432.8,4382.2,4427.35
1436302800,4427.35,4429.2,4416.7,4416.7
1436317200,4416.7,4416.75,4388,4389.3
1436331600,4389.3,4400.2,4358.7,4379.6
1436346000,4379.6,4408,4373,4397.5
1436360400,4397.5,4402,4353.5,4373.2
1436374800,4373.2,4381.7,4342.4,4352.5
1436389200,4352.5,4365.6,4352.25,4361.6
1436403600,4361.6,4381.1,4361.6,4380.4
1436418000,4380.4,4390.4,4376.1,4389
1436432400,4389,4404.3,4385.3,4403.4
1436446800,4403.4,4413.6,4379.1,4383.7
1436461200,4383.7,4385.1,4337.5,4346.05
1436475600,4346.05,4387.5,4344.9,4371.7
1436490000,4371.7,4394.65,4370.8,4387.35
1436504400,4387.35,4395.35,4379.85,4385.45
1436518800,4385.45,4405.25,4381.15,4403.9
1436533200,4403.9,4424.3,4391,4419.2
1436547600,4419.2,4432.1,4410,4413.5
1436734800,4413.5,4413.5,4384.6,4396.1
1436749200,4396.1,4419.9,4395.3,4409.3
1436763600,4409.3,4445.3,4401.5,4443.5
1436778000,4443.5,4460.3,4442.4,4450.3
1436792400,4450.3,4485.7,4449.5,4480.7
1436806800,4480.7,4497.3,4478.7,4492.7
1436821200,4492.7,4495.3,4490.6,4493.9
1436835600,4493.9,4494.9,4492.3,4493.8
1436850000,4493.8,4500,4492.8,4497.6
1436864400,4497.6,4501,4494,4495.9
1436878800,4495.9,4529.4,4495.2,4522.9
1436893200,4522.9,4535.2,4520.2,4525.9
1436907600,4525.9,4527.4,4521,4524.9
1436922000,4524.9,4537.9,4524.5,4529
1436936400,4529,4532.8,4525,4532.1
1436950800,4532.1,4533.7,4529.9,4530.8
1436965200,4530.8,4545.2,4524.9,4534.3
1436979600,4534.3,4544.2,4514.8,4541.3
1436994000,4541.3,4548.2,4536.5,4545.8
1437008400,4545.8,4558.85,4545,4553.7
1437022800,4553.7,4563.1,4551.8,4562.2
1437037200,4562.2,4566.3,4558.9,4564.4
1437051600,4564.4,4583.8,4556.5,4576.3
1437066000,4576.3,4613.5,4574.2,4610.8
1437080400,4610.8,4623.5,4610.8,4619.2
1437094800,4619.2,4620.8,4613.3,4615.6
1437109200,4615.6,4620.8,4612.75,4615.05
1437123600,4615.05,4626.15,4614.75,4624.45
1437138000,4624.45,4644.95,4620.85,4639.35
1437152400,4639.35,4658.65,4636.25,4655.05
1437339600,4655.05,4658.75,4653.6,4658.65
1437354000,4658.65,4662.25,4655.45,4655.85
1437368400,4655.85,4663.8,4655.85,4661.7
1437382800,4661.7,4669,4659.1,4667.5
1437397200,4667.5,4679.5,4653.8,4678.1
1437411600,4678.1,4691,4671.8,4675.8
1437426000,4675.8,4677.9,4672.7,4677.1
1437440400,4677.1,4682.7,4673.5,4682.5
1437454800,4682.5,4688.2,4678.5,4679
1437469200,4679,4684.6,4675.9,4676.2
1437483600,4676.2,4683.3,4658.7,4670.5
1437498000,4670.5,4677.9,4619.6,4625.7
1437512400,4625.7,4627.5,4616.6,4620.6
1437526800,4620.6,4621.1,4611,4613.4
1437541200,4613.4,4624.4,4609.4,4623
1437555600,4623,4625.2,4602.9,4604.7
1437570000,4604.7,4641.7,4593.8,4618.9
1437584400,4618.9,4628.9,4610.9,4627.2
1437598800,4627.2,4634.3,4625.9,4630.2
1437613200,4630.2,4639.1,4629.3,4638.8
1437627600,4638.8,4639.7,4627.8,4631.7
1437642000,4631.7,4636.3,4621.4,4621.5
1437656400,4621.5,4638,4603.8,4609
1437670800,4609,4637.5,4589.1,4637.4
1437685200,4637.4,4638.7,4631.1,4634.9
1437699600,4634.9,4636.3,4625.2,4628.7
1437714000,4628.7,4643.65,4627.9,4641.25
1437728400,4641.25,4643.05,4625.85,4627.05
1437742800,4627.05,4628.75,4581.55,4582.15
1437757200,4582.15,4585.85,4549.25,4565.25
1437944400,4565.25,4567.85,4561.95,4567.35
1437958800,4567.35,4572.55,4562.15,4562.75
1437973200,4562.75,4570.05,4546.95,4557.95
1437987600,4557.95,4558.95,4529.75,4537.5
1438002000,4537.5,4549.8,4511.9,4519.4
1438016400,4519.4,4527.1,4508.1,4524.2
1438030800,4524.2,4527.7,4522.5,4522.9
1438045200,4522.9,4548.7,4519.5,4547.15
1438059600,4547.15,4553.25,4536.25,4547.15
1438074000,4547.15,4552.65,4540.35,4543.45
1438088400,4543.45,4546.45,4501.45,4539.95
1438102800,4539.95,4565.75,4538.35,4563.85
1438117200,4563.85,4564.25,4558.95,4560.85
1438131600,4560.85,4561.95,4553.25,4554.95
1438146000,4554.95,4573.55,4553.3,4568.85
1438160400,4568.85,4577.35,4560.25,4560.45
1438174800,4560.45,4573.05,4548.55,4564.95
1438189200,4564.95,4583.75,4553.25,4569.7
1438203600,4569.7,4574.65,4563.55,4566.1
1438218000,4566.1,4569.55,4564.05,4568.55
1438232400,4568.55,4572.8,4560.75,4568.65
1438246800,4568.65,4581.85,4561.35,4564.45
1438261200,4564.45,4596.15,4535.15,4595.95
1438275600,4595.95,4602.85,4591.65,4599.25
1438290000,4599.25,4599.55,4591.55,4594.65
1438304400,4594.65,4596.45,4592.35,4596.05
1438318800,4596.05,4605.95,4591.8,4600.6
1438333200,4600.6,4612.65,4587.65,4612.15
1438347600,4612.15,4612.75,4586.25,4598.85
1438362000,4598.85,4601.15,4580.25,4587.05
1438549200,4587.05,4590.85,4582.55,4583.05
1438563600,4583.05,4585.05,4578.55,4582.2
1438578000,4582.2,4594,4572.3,4583.5
1438592400,4583.5,4591.8,4579,4587.1
1438606800,4587.1,4602.9,4549.2,4553.6
1438621200,4553.6,4580.1,4544.5,4577
1438635600,4577,4577,4566.3,4569.7
1438650000,4569.7,4575.7,4568.5,4571.5
1438664400,4571.5,4585,4562.8,4573.1
1438678800,4573.1,4579.4,4559.6,4573.2
1438693200,4573.2,4580.95,4547.35,4558.45
1438707600,4558.45,4578.95,4549.95,4558.75
1438722000,4558.75,4559.45,4555.05,4558.75
1438736400,4558.75,4567.35,4558.25,4562.65
1438750800,4562.65,4571.95,4561.25,4569.75
1438765200,4569.75,4606.25,4567.65,4592.75
1438779600,4592.75,4632.85,4586.95,4614.15
1438794000,4614.15,4614.15,4594.15,4598.35
1438808400,4598.35,4598.55,4593.45,4595.55
1438822800,4595.55,4596.55,4591.05,4592.65
1438837200,4592.65,4605.1,4590.6,4601.5
1438851600,4601.5,4612.5,4594.2,4601.8
1438866000,4601.8,4611.8,4506.2,4516
1438880400,4516,4533.6,4512.5,4531
1438894800,4531,4533.2,4527.3,4528.6
1438909200,4528.6,4537.1,4528.2,4535.4
1438923600,4535.4,4535.6,4517.6,4529.35
1438938000,4529.35,4530.35,4505.85,4530.15
1438952400,4530.15,4532.25,4484.15,4494.15
1438966800,4494.15,4524.35,4484.55,4522.75
1439154000,4522.75,4529.55,4516.25,4527.75
1439168400,4527.75,4534.15,4525.65,4534.05
1439182800,4534.05,4537.8,4522.2,4536
1439197200,4536,4553.5,4531.2,4549
1439211600,4549,4576.1,4547.8,4568.9
1439226000,4568.9,4583.3,4566.7,4579.9
1439240400,4579.9,4587.9,4579.7,4583.2
1439254800,4583.2,4583.95,4556.6,4562.9
1439269200,4562.9,4575.2,4559.4,4561.95
1439283600,4561.95,4568.2,4537.8,4538.6
1439298000,4538.6,4566.3,4506,4507.2
1439312400,4507.2,4519.7,4488.5,4516.7
1439326800,4516.7,4528.4,4516.5,4525.4
1439341200,4525.4,4527.2,4477.9,4484.6
1439355600,4484.6,4494.1,4457.5,4460.2
1439370000,4460.2,4485.1,4458.8,4483.4
1439384400,4483.4,4485.4,4434.9,4481.3
1439398800,4481.3,4538.5,4481.1,4535.3
1439413200,4535.3,4544.45,4529.9,4541.8
1439427600,4541.8,4551.3,4519.35,4550.7
1439442000,4550.7,4560.1,4538.4,4552.1
1439456400,4552.1,4554.4,4535.8,4535.8
1439470800,4535.8,4552.5,4512,4547.8
1439485200,4547.8,4556.1,4517.1,4521.6
1439499600,4521.6,4521.6,4514.15,4516.7
1439514000,4516.7,4524.6,4515.2,4517.7
1439528400,4517.7,4531.4,4514.75,4514.75
1439542800,4514.75,4518.2,4504.1,4512.1
1439557200,4512.1,4527.8,4502,4511.6
1439571600,4511.6,4535.5,4509.2,4534.4
1439758800,4534.4,4541.8,4533,4539.6
1439773200,4539.6,4539.65,4527,4532.4
1439787600,4532.4,4549,4526.3,4537.3
1439802000,4537.3,4540.2,4515.2,4519.6
1439816400,4519.6,4557.3,4505.7,4556.5
1439830800,4556.5,4570.3,4555.8,4566.6
1439845200,4566.6,4576,4564.7,4574.7
1439859600,4574.7,4575.2,4566.2,4569.4
1439874000,4569.4,4569.4,4550.3,4556.8
1439888400,4556.8,4562.8,4549.4,4559.7
1439902800,4559.7,4563.9,4545.2,4548.1
1439917200,4548.1,4550.5,4536.4,4544.7
1439931600,4544.7,4554.7,4544.3,4552.8
1439946000,4552.8,4553.2,4536.4,4538.1
1439960400,4538.1,4540.9,4521.4,4528.3
1439974800,4528.3,4540.9,4526.7,4535.2
1439989200,4535.2,4536.8,4485.8,4505.8
1440003600,4505.8,4552.8,4501,4506.9
1440018000,4506.9,4511.8,4503.9,4508.3
1440032400,4508.3,4515.25,4503.5,4512.6
1440046800,4512.6,4513.15,4475.6,4480.6
1440061200,4480.6,4488,4463.6,4481
1440075600,4481,4484.7,4403.7,4406.6
1440090000,4406.6,4422.9,4362.3,4365.95
1440104400,4365.95,4370.4,4363.1,4369.1
1440118800,4369.1,4369.7,4331.3,4339.7
1440133200,4339.7,4365.3,4333.2,4359.9
1440147600,4359.9,4366.1,4336,4342.3
1440162000,4342.3,4361.4,4264.2,4264.5
1440176400,4264.5,4295.4,4197.1,4210.7
1440363600,4210.7,4210.7,4153.1,4170.1
1440378000,4170.1,4176.6,4023.65,4037.65
1440392400,4037.65,4071.5,4013.1,4055.4
1440406800,4055.4,4085.75,3988.9,3988.9
1440421200,3988.9,4198,3905.9,4172.6
1440435600,4172.6,4196.4,3997.75,4011.2
1440450000,4011.2,4068.95,3999.45,4049.7
1440464400,4049.7,4102.3,4045.4,4094.15
1440478800,4094.15,4156.6,4017.75,4135.75
1440493200,4135.75,4197.7,4124.45,4147.5
1440507600,4147.5,4206.2,4136.2,4174.5
1440522000,4174.5,4179.7,4008.55,4019.95
1440536400,4019.95,4039.25,3960.75,4003.5
1440550800,4003.5,4078.05,3984.55,4077.2
1440565200,4077.2,4099.05,4037.75,4075.75
1440579600,4075.75,4148.85,4065.5,4134.45
1440594000,4134.45,4151.05,4049.65,4084.85
1440608400,4084.85,4230.95,4075.35,4211.05
1440622800,4211.05,4233.25,4210.5,4227.5
1440637200,4227.5,4246.8,4219.45,4221.25
1440651600,4221.25,4281.15,4207.3,4278.2
1440666000,4278.2,4288.8,4253.3,4273.9
1440680400,4273.9,4326.6,4262.4,4324.8
1440694800,4324.8,4330.9,4228.2,4327.75
1440709200,4327.75,4342.2,4324.1,4337.25
1440723600,4337.25,4337.25,4309.1,4324.1
1440738000,4324.1,4330.65,4289.6,4296.6
1440752400,4296.6,4309.1,4283.4,4301.6
1440766800,4301.6,4340.3,4292.1,4316.4
1440781200,4316.4,4335.2,4293.2,4333.6
1440968400,4333.6,4333.6,4271.95,4288.7
1440982800,4288.7,4312.65,4288.1,4301.25
1440997200,4301.25,4321,4287.3,4292.7
1441011600,4292.7,4312.3,4290.4,4297.8
1441026000,4297.8,4324.4,4273,4316.2
1441040400,4316.2,4320.2,4260,4268
1441054800,4268,4269.2,4202.5,4211.85
1441069200,4211.85,4232.7,4188.7,4202.15
1441083600,4202.15,4205.4,4158.25,4159.85
1441098000,4159.85,4191.15,4148.15,4150.65
1441112400,4150.65,4229.45,4149.1,4168.55
1441126800,4168.55,4189.25,4119.7,4152.15
1441141200,4152.15,4198.45,4136.9,4194.25
1441155600,4194.25,4211.15,4183.25,4209.75
1441170000,4209.75,4214.05,4169.6,4180.8
1441184400,4180.8,4207.65,4171.9,4205.35
1441198800,4205.35,4213.65,4163.75,4207.45
1441213200,4207.45,4264.85,4194.05,4263.15
1441227600,4263.15,4286.95,4260.85,4266.95
1441242000,4266.95,4267.25,4255.25,4263.6
1441256400,4263.6,4287,4258.85,4283.2
1441270800,4283.2,4305.45,4268.8,4278.65
1441285200,4278.65,4300.15,4254.95,4260.15
1441299600,4260.15,4260.85,4220.75,4232.25
1441314000,4232.25,4238,4183.85,4207.2
1441328400,4207.2,4229.85,4190.1,4195.7
1441342800,4195.7,4214.95,4182.7,4189.5
1441357200,4189.5,4208.4,4156.3,4171.8
1441371600,4171.8,4210.5,4156.2,4173.8
1441386000,4173.8,4202.3,4158.9,4194.7
1441573200,4194.7,4214.55,4182.35,4210.45
1441587600,4210.45,4244.25,4206.15,4234
1441602000,4234,4239.5,4219.35,4221.8
1441616400,4221.8,4223.9,4211.85,4220.25
1441630800,4220.25,4220.85,4203.45,4209.75
1441659600,4209.75,4233.8,4209.75,4228
1441674000,4228,4232.25,4209.25,4217.15
1441688400,4217.15,4270.65,4212.85,4269.6
1441702800,4269.6,4279.85,4255.05,4259.65
1441717200,4259.65,4292.35,4251.65,4259.95
1441731600,4259.95,4305.85,4245.35,4300.45
1441746000,4300.45,4315.35,4294.85,4314.6
1441760400,4314.6,4338.85,4308.6,4336.65
1441774800,4336.65,4370.3,4334,4352.5
1441789200,4352.5,4359.4,4343.1,4355.1
1441803600,4355.1,4356.7,4301.6,4319.3
1441818000,4319.3,4334,4240.8,4255.55
1441832400,4255.55,4258.7,4232.4,4240.15
1441846800,4240.15,4265.7,4234.9,4258.15
1441861200,4258.15,4286.2,4254.4,4268.7
1441875600,4268.7,4309.2,4227,4236
1441890000,4236,4308.1,4235.8,4295.3
1441904400,4295.3,4327.8,4276.7,4297.4
1441918800,4297.4,4310.4,4289.7,4299.15
1441933200,4299.15,4317.15,4299.15,4309.8
1441947600,4309.8,4311.8,4260.75,4264.25
1441962000,4264.25,4286.35,4259.95,4269.7
1441976400,4269.7,4311.35,4266.45,4307.15
1441990800,4307.15,4326.95,4288.15,4325.1
1442178000,4325.1,4357.45,4324.25,4353.25
1442192400,4353.25,4355.65,4325.15,4333.5
1442206800,4333.5,4349,4315.75,4332.6
1442221200,4332.6,4343.75,4321.55,4333.8
1442235600,4333.8,4339.8,4292.7,4298.7
1442250000,4298.7,4314.8,4295.2,4308.6
1442264400,4308.6,4322.75,4307.8,4321.5
1442278800,4321.5,4324.05,4310.4,4312.75
1442293200,4312.75,4319.6,4293.75,4298.8
1442307600,4298.8,4320.55,4291.1,4318.5
1442322000,4318.5,4352.95,4303.15,4345.85
1442336400,4345.85,4374.35,4344.35,4364.35
1442350800,4364.35,4364.45,4354.95,4359.95
1442365200,4359.95,4361.6,4345.9,4355.1
1442379600,4355.1,4369.55,4350.65,4358.85
1442394000,4358.85,4365.95,4352.25,4358.05
1442408400,4358.05,4382.25,4345.45,4379.55
1442422800,4379.55,4391.35,4357.65,4388.85
1442437200,4388.85,4389.45,4383.45,4386.95
1442451600,4386.95,4390.45,4381.9,4390.05
1442466000,4390.05,4393.45,4379.7,4385.4
1442480400,4385.4,4390.8,4377,4382.1
1442494800,4382.1,4397.1,4374.6,4394
1442509200,4394,4451.65,4367.05,4378.95
1442523600,4378.95,4386.95,4370.85,4378.65
1442538000,4378.65,4392.25,4376.45,4387.05
1442552400,4387.05,4392.75,4369.75,4373.65
1442566800,4373.65,4380.55,4327.95,4336.55
1442581200,4336.55,4373.05,4309.65,4341.65
1442595600,4341.65,4349.65,4313.85,4336.05
1442782800,4336.05,4340.4,4316.4,4316.4
1442797200,4316.4,4324.05,4307.55,4317.15
1442811600,4317.15,4349.65,4314.5,4347.55
1442826000,4347.55,4364.45,4338.95,4355.45
1442840400,4355.45,4371.15,4296.25,4302.25
1442854800,4302.25,4353.45,4299.55,4352.95
1442869200,4352.95,4354.95,4343.6,4345.75
1442883600,4345.75,4347.55,4337.25,4339
1442898000,4339,4350.65,4281.55,4291.85
1442912400,4291.85,4291.85,4256.85,4264.45
1442926800,4264.45,4283.05,4233.55,4234.95
1442941200,4234.95,4282.45,4229.95,4272.1
1442955600,4272.1,4275.45,4260.3,4273.7
1442970000,4273.7,4276.95,4230.85,4236.15
1442984400,4236.15,4297.3,4234.35,4292.2
1442998800,4292.2,4302.1,4279.4,4286.5
1443013200,4286.5,4293.2,4251.3,4268.5
1443027600,4268.5,4290.5,4260.5,4277.8
1443042000,4277.8,4286.5,4266.7,4267.35
1443056400,4267.35,4278.05,4248.8,4258.05
1443070800,4258.05,4287.9,4249.1,4274.3
1443085200,4274.3,4278.6,4215.25,4233.7
1443099600,4233.7,4243,4194.7,4214.1
1443114000,4214.1,4273.8,4206.7,4257
1443128400,4257,4276.6,4239.5,4263.4
1443142800,4263.4,4268.4,4249.8,4266.95
1443157200,4266.95,4325,4266.2,4319.1
1443171600,4319.1,4321.8,4295.5,4305.4
1443186000,4305.4,4307.45,4266.3,4281.3
1443200400,4281.3,4292.6,4194.6,4213.3
1443387600,4213.3,4216.6,4190.6,4204.45
1443402000,4204.45,4218.2,4200.7,4214.95
1443416400,4214.95,4247.85,4203.85,4208.25
1443430800,4208.25,4211.15,4183.55,4200.45
1443445200,4200.45,4208.05,4117.55,4118.15
1443459600,4118.15,4134.35,4088.15,4109.25
1443474000,4109.25,4123.5,4098.75,4104.5
1443488400,4104.5,4107.55,4088.05,4095.85
1443502800,4095.85,4137.1,4076.45,4129.5
1443517200,4129.5,4133.1,4116.8,4127.6
1443531600,4127.6,4152.4,4081.3,4088.5
1443546000,4088.5,4119.7,4049.1,4081.4
1443560400,4081.4,4108.3,4074,4093.15
1443574800,4093.15,4116.95,4092.1,4116.6
1443589200,4116.6,4134.55,4111.3,4130.4
1443603600,4130.4,4146.95,4130,4138.25
1443618000,4138.25,4177.55,4120.95,4129.95
1443632400,4129.95,4176.55,4129.25,4162.15
1443646800,4162.15,4169.05,4158.6,4168.25
1443661200,4168.25,4221.65,4165.55,4215.65
1443675600,4215.65,4233.9,4209.55,4214.75
1443690000,4214.75,4223.15,4175.25,4178.45
1443704400,4178.45,4185.65,4124.55,4143.45
1443718800,4143.45,4200.65,4128.65,4200.35
1443733200,4200.35,4214.05,4194.8,4205.25
1443747600,4205.25,4210.15,4190.45,4194.6
1443762000,4194.6,4220.7,4192.75,4215.8
1443776400,4215.8,4224.45,4137.15,4149.6
1443790800,4149.6,4218.35,4119.55,4214.05
1443805200,4214.05,4271.85,4206.15,4270.65
1443992400,4270.65,4272.1,4258.75,4266.05
1444006800,4266.05,4282.65,4260.25,4277.45
1444021200,4277.45,4288.9,4262.3,4283.7
1444035600,4283.7,4304.7,4281.75,4295.3
1444050000,4295.3,4314.9,4287,4306.2
1444064400,4306.2,4337.7,4303.8,4318.9
1444078800,4318.9,4320.5,4309.1,4311.9
1444093200,4311.9,4315.1,4302.7,4309.9
1444107600,4309.9,4311.35,4290.2,4307.8
1444122000,4307.8,4315.25,4300.5,4315.05
1444136400,4315.05,4330.15,4271.35,4285.25
1444150800,4285.25,4311.95,4282.55,4289.55
1444165200,4289.55,4291.95,4279.8,4288.95
1444179600,4288.95,4314.05,4286.25,4306.85
1444194000,4306.85,4341.55,4303.75,4337.55
1444208400,4337.55,4338.25,4320.45,4332.15
1444222800,4332.15,4341.55,4276.05,4292.75
1444237200,4292.75,4336.95,4289.35,4335.25
1444251600,4335.25,4336.55,4326.45,4327.15
1444266000,4327.15,4329.65,4302.05,4305.25
1444280400,4305.25,4315.3,4295.7,4299
1444294800,4299,4321.65,4296.25,4311.45
1444309200,4311.45,4317.35,4272.85,4278.45
1444323600,4278.45,4355.95,4277.45,4350.1
1444338000,4350.1,4352.8,4344.35,4348.95
1444352400,4348.95,4365.35,4343.6,4363.55
1444366800,4363.55,4365.65,4332.35,4341.65
1444381200,4341.65,4364.05,4339.95,4357.45
1444395600,4357.45,4377.15,4339.15,4356.55
1444410000,4356.55,4370.85,4347.25,4363.95
1444597200,4363.95,4363.95,4353.95,4355.2
1444611600,4355.2,4365.95,4353.85,4363.4
1444626000,4363.4,4379.35,4362.5,4366.65
1444640400,4366.65,4375.35,4358.55,4374.55
1444654800,4374.55,4387.35,4360.85,4375.65
1444669200,4375.65,4388.75,4369.35,4385.6
1444683600,4385.6,4385.95,4379.35,4381.85
1444698000,4381.85,4383.45,4370.45,4374.05
1444712400,4374.05,4379.75,4346.85,4355.3
1444726800,4355.3,4363.2,4348.2,4352.25
1444741200,4352.25,4398.25,4349.85,4370.15
1444755600,4370.15,4373.95,4345.55,4347.45
1444770000,4347.45,4347.45,4336.45,4337.65
1444784400,4337.65,4347.65,4333.25,4343.2
1444798800,4343.2,4348.2,4328.4,4335.6
1444813200,4335.6,4357.7,4333.4,4346
1444827600,4346,4372.4,4324.7,4366.6
1444842000,4366.6,4370.1,4329.6,4338.85
1444856400,4338.85,4356,4338.85,4354.8
1444870800,4354.8,4367.65,4354.8,4364
1444885200,4364,4373,4355.7,4370.5
1444899600,4370.5,4374,4355.5,4362.2
1444914000,4362.2,4385.4,4353.8,4375.3
1444928400,4375.3,4419.2,4374.7,4418.7
1444942800,4418.7,4429,4415.95,4423
1444957200,4423,4424.8,4415.6,4417.1
1444971600,4417.1,4433.4,4412,4428.2
1444986000,4428.2,4431.6,4415.1,4418.3
1445000400,4418.3,4430.5,4410.1,4417.8
1445014800,4417.8,4446.2,4403.3,4445.9
1445202000,4445.9,4445.9,4433.1,4434.3
1445216400,4434.3,4438.9,4427.4,4431.15
1445230800,4431.15,4450.5,4425.2,4441.4
1445245200,4441.4,4442.9,4419.4,4420.1
1445259600,4420.1,4461.7,4417.9,4452.3
1445274000,4452.3,4462.25,4429.6,4460.45
1445288400,4460.45,4460.45,4453.7,4456.6
1445302800,4456.6,4458.6,4452.9,4457.3
1445317200,4457.3,4462.6,4445.05,4446.25
1445331600,4446.25,4458.85,4444.85,4454.95
1445346000,4454.95,4460.35,4430.05,4443.15
1445360400,4443.15,4443.15,4420.95,4430.15
1445374800,4430.15,4440.75,4421.85,4437.85
1445389200,4437.85,4456.05,4433.55,4452.15
1445403600,4452.15,4460.05,4429.1,4437.3
1445418000,4437.3,4458.75,4437,4456.05
1445432400,4456.05,4462.75,4425.75,4441.25
1445446800,4441.25,4441.75,4401.25,4411.55
1445461200,4411.55,4422.05,4408.35,4418.85
1445475600,4418.85,4427.05,4415.45,4418.85
1445490000,4418.85,4425.3,4415.95,4418.85
1445504400,4418.85,4443.95,4418.65,4438.45
1445518800,4438.45,4502.95,4433.75,4498.05
1445533200,4498.05,4571.9,4473.35,4571.45
1445547600,4571.45,4592.05,4568.45,4584.85
1445562000,4584.85,4585.45,4574.45,4578
1445576400,4578,4581.95,4571.45,4579.75
1445590800,4579.75,4634.15,4577.95,4621.65
1445605200,4621.65,4627.65,4595.75,4616.45
1445619600,4616.45,4643.95,4609.15,4617.45
1445806800,4617.45,4619.85,4610.3,4617.75
1445821200,4617.75,4619.35,4608.55,4609.55
1445835600,4609.55,4612.65,4598.8,4606.5
1445850000,4606.5,4620.9,4603.7,4618.3
1445864400,4618.3,4635.3,4603.8,4629.3
1445878800,4629.3,4636,4618.8,4625.3
1445893200,4625.3,4625.5,4619.3,4619.8
1445907600,4619.8,4623.5,4607.4,4609.7
1445922000,4609.7,4620.7,4609.3,4613.9
1445936400,4613.9,4624,4612.2,4618.3
1445950800,4618.3,4643.5,4613,4626.3
1445965200,4626.3,4657.8,4619,4647.4
1445979600,4647.4,4647.4,4631.8,4639.3
1445994000,4639.3,4648.4,4637.9,4642.6
1446008400,4642.6,4652.9,4641.2,4650.7
1446022800,4650.7,4655.9,4642.6,4643.2
1446037200,4643.2,4656.9,4622.9,4648.6
1446051600,4648.6,4684.1,4606.9,4674
1446066000,4674,4674.3,4668.6,4672.2
1446080400,4672.2,4673.7,4657.8,4661.6
1446094800,4661.6,4666,4653.6,4654.7
1446109200,4654.7,4660.1,4648.6,4654.6
1446123600,4654.6,4671.5,4649.5,4668.6
1446138000,4668.6,4676,4659,4671.1
1446152400,4671.1,4681.9,4666.2,4681.4
1446166800,4681.4,4695.5,4678.5,4694.4
1446181200,4694.4,4696.1,4683.2,4685.5
1446195600,4685.5,4686,4668,4677
1446210000,4677,4678.1,4659,4673.4
1446224400,4673.4,4677.7,4641.8,4650.3
1446415200,4650.3,4650.3,4632.3,4634.4
1446429600,4634.4,4636.8,4631.1,4632.1
1446444000,4632.1,4657.3,4630.55,4654.3
1446458400,4654.3,4661.8,4647.6,4661.2
1446472800,4661.2,4688.4,4649.6,4686.9
1446487200,4686.9,4704.9,4684.1,4693.9
1446501600,4693.9,4704.3,4692.15,4702.2
1446516000,4702.2,4702.65,4695.8,4696.3
1446530400,4696.3,4697.5,4690,4692.4
1446544800,4692.4,4692.6,4682.5,4686.2
1446559200,4686.2,4716.2,4683,4713.1
1446573600,4713.1,4732.7,4709.8,4717.4
1446588000,4717.4,4728.4,4713.5,4728.4
1446602400,4728.4,4733.4,4718,4720.6
1446616800,4720.6,4730.5,4717.4,4724.9
1446631200,4724.9,4735,4720.6,4734.2
1446645600,4734.2,4734.8,4696.6,4713.3
1446660000,4713.3,4724.3,4697.3,4714.1
1446674400,4714.1,4714.4,4705.9,4710.1
1446688800,4710.1,4718.2,4709.1,4715.7
1446703200,4715.7,4719.9,4706.1,4713.8
1446717600,4713.8,4732.6,4713.2,4724.7
1446732000,4724.7,4731.5,4678.8,4706.5
1446746400,4706.5,4709,4689.7,4705.3
1446760800,4705.3,4705.3,4697.5,4699.9
1446775200,4699.9,4704.4,4695.9,4703.7
1446789600,4703.7,4706,4695.8,4701
1446804000,4701,4713.6,4677.4,4685.3
1446818400,4685.3,4712.1,4663.9,4691.7
1446832800,4691.7,4708.65,4686.1,4707.6
1447020000,4707.6,4715.3,4702.2,4712.5
1447034400,4712.5,4717.6,4710.45,4713.1
1447048800,4713.1,4713.4,4693.6,4699.8
1447063200,4699.8,4701.2,4688.2,4690.7
1447077600,4690.7,4694.2,4626.6,4643.4
1447092000,4643.4,4662.9,4635.9,4651.6
1447106400,4651.6,4658.6,4647.8,4656.3
1447120800,4656.3,4666.8,4655,4662.8
1447135200,4662.8,4666.4,4640.6,4642.9
1447149600,4642.9,4653,4628.9,4636.1
1447164000,4636.1,4640.8,4617,4630
1447178400,4630,4648.3,4623.1,4646
1447192800,4646,4646.5,4641.6,4644.9
1447207200,4644.9,4652.8,4640.8,4648.4
1447221600,4648.4,4663.7,4644.8,4659.4
1447236000,4659.4,4666.2,4654,4660.7
1447250400,4660.7,4679,4629.7,4672
1447264800,4672,4672.7,4633.2,4635.9
1447279200,4635.9,4647,4633.05,4646
1447293600,4646,4651.5,4642,4651.4
1447308000,4651.4,4657.2,4636.2,4640.7
1447322400,4640.7,4640.7,4619.6,4626.7
1447336800,4626.7,4641.3,4608.6,4625.2
1447351200,4625.2,4633,4585.5,4587.6
1447365600,4587.6,4594.6,4581.1,4593.4
1447380000,4593.4,4593.9,4583,4586.5
1447394400,4586.5,4594.4,4580.4,4583.6
1447408800,4583.6,4587.6,4567.9,4577.2
1447423200,4577.2,4581.4,4524.6,4540
1447437600,4540,4542.9,4489.9,4493.1
1447624800,4493.1,4493.1,4458.35,4488.9
1447639200,4488.9,4490.7,4480.5,4483.7
1447653600,4483.7,4521.1,4481.8,4512.2
1447668000,4512.2,4520.5,4494.7,4496.1
1447682400,4496.1,4526.8,4487.3,4521.4
1447696800,4521.4,4569,4519.2,4565.5
1447711200,4565.5,4570.4,4560.05,4568.9
1447725600,4568.9,4576.3,4565.4,4565.6
1447740000,4565.6,4584.5,4555.5,4580.75
1447754400,4580.75,4589.2,4576.35,4579.6
1447768800,4579.6,4601.3,4562,4588.6
1447783200,4588.6,4595.9,4556.8,4574.3
1447797600,4574.3,4575.9,4565.4,4572.9
1447812000,4572.9,4576.6,4563.3,4565
1447826400,4565,4569.3,4559.9,4566.6
1447840800,4566.6,4593.2,4560.8,4591.9
1447855200,4591.9,4618.5,4582.3,4611.1
1447869600,4611.1,4660.4,4610.6,4654.7
1447884000,4654.7,4669,4651.35,4666.4
1447898400,4666.4,4666.6,4654.6,4661.1
1447912800,4661.1,4674.5,4658.2,4674.2
1447927200,4674.2,4677.2,4660.5,4662
1447941600,4662,4676.8,4650.2,4675.9
1447956000,4675.9,4680.3,4655.7,4663.3
1447970400,4663.3,4663.3,4655.7,4658.1
1447984800,4658.1,4662.9,4657.1,4662
1447999200,4662,4677.5,4660.7,4668.1
1448013600,4668.1,4677.8,4665.2,4677.1
1448028000,4677.1,4694.6,4672.2,4687.7
1448042400,4687.7,4693.7,4676.9,4693.3
1448229600,4693.3,4700.3,4692.3,4692.7
1448244000,4692.7,4698.9,4690.8,4697
1448258400,4697,4697.8,4682,4684.5
1448272800,4684.5,4698.8,4678.9,4688.6
1448287200,4688.6,4709.8,4685.3,4691.2
1448301600,4691.2,4694,4656.8,4677.2
1448316000,4677.2,4682.5,4673.3,4675
1448330400,4675,4679.9,4672.7,4675.8
1448344800,4675.8,4687.4,4637.1,4658.7
1448359200,4658.7,4663.6,4638.9,4644.7
1448373600,4644.7,4671.2,4623,4659.3
1448388000,4659.3,4683.9,4659.3,4667.9
1448402400,4667.9,4673.1,4662.2,4665.8
1448416800,4665.8,4675.8,4663.4,4674.45
1448431200,4674.45,4687.1,4664.1,4682.8
1448445600,4682.8,4685.3,4675.4,4680
1448460000,4680,4685.3,4666.9,4682.6
1448474400,4682.6,4683.7,4674,4680.5
1448488800,4680.5,4689.4,4680.5,4686.6
1448503200,4686.6,4690.2,4683.2,4684
1448517600,4684,4701.05,4681.15,4699.75
1448532000,4699.75,4705.75,4696.55,4700.15
1448546400,4700.15,4703.55,4690.85,4696.6
1448575200,4696.6,4701.45,4691.55,4693.25
1448589600,4693.25,4695.05,4688.15,4690.95
1448604000,4690.95,4691.05,4673.5,4680.8
1448618400,4680.8,4696.2,4678.9,4689
1448632800,4689,4693,4667.3,4683.1
1448647200,4683.1,4685.5,4682.2,4685.5
1448834400,4685.5,4687,4674.6,4679.8
1448848800,4679.8,4681.2,4675.6,4678.4
1448863200,4678.4,4694.7,4668.8,4689.2
1448877600,4689.2,4702.5,4684.9,4700.8
1448892000,4700.8,4701,4655.5,4661.8
1448906400,4661.8,4684.2,4656.9,4681.9
1448920800,4681.9,4695,4681.9,4693.2
1448935200,4693.2,4698.3,4693.1,4696.15
1448949600,4696.15,4697.8,4682.9,4684.8
1448964000,4684.8,4694.9,4678.7,4688
1448978400,4688,4711.1,4683.6,4706.2
1448992800,4706.2,4718.5,4689.6,4717.4
1449007200,4717.4,4719.5,4714.3,4718.7
1449021600,4718.7,4721.8,4717.3,4719.9
1449036000,4719.9,4730.35,4719.5,4725.1
1449050400,4725.1,4730.7,4716.2,4718.5
1449064800,4718.5,4741.4,4717.8,4733.5
1449079200,4733.5,4734.7,4680.4,4699.2
1449093600,4699.2,4704.5,4690,4704
1449108000,4704,4708,4693.8,4707.1
1449122400,4707.1,4727.8,4700.2,4725.9
1449136800,4725.9,4731.9,4676.8,4699.2
1449151200,4699.2,4713.7,4624.4,4625.6
1449165600,4625.6,4634.7,4580.7,4618.1
1449180000,4618.1,4626.5,4615.55,4622.3
1449194400,4622.3,4623.8,4617,4621
1449208800,4621,4637.3,4616.65,4628.9
1449223200,4628.9,4631.05,4614.6,4618.1
1449237600,4618.1,4705,4604.6,4704.5
1449252000,4704.5,4724.6,4702.4,4716.4
1449439200,4716.4,4723.6,4706.7,4709.2
1449453600,4709.2,4713.8,4707.7,4709.9
1449468000,4709.9,4731,4704,4725.3
1449482400,4725.3,4730.6,4712.1,4714.4
1449496800,4714.4,4722.4,4672.2,4675.9
1449511200,4675.9,4704.4,4671.8,4702
1449525600,4702,4705,4683.4,4688.1
1449540000,4688.1,4691.7,4675.4,4682
1449554400,4682,4695.6,4665.8,4674.5
1449568800,4674.5,4682.1,4646.7,4650.1
1449583200,4650.1,4706.7,4642.3,4691.7
1449597600,4691.7,4710,4680.2,4693.4
1449612000,4693.4,4704.4,4688.3,4697.4
1449626400,4697.4,4703.4,4693,4697.9
1449640800,4697.9,4708.2,4667.2,4680.2
1449655200,4680.2,4692.35,4671.4,4672.4
1449669600,4672.4,4699.8,4598.8,4603.9
1449684000,4603.9,4630,4594.4,4625.1
1449698400,4625.1,4637.1,4623,4635.4
1449712800,4635.4,4637,4629.4,4632.3
1449727200,4632.3,4647.3,4624.55,4634.5
1449741600,4634.5,4643.8,4621.1,4627.7
1449756000,4627.7,4660.7,4619.5,4651.2
1449770400,4651.2,4675.3,4634.7,4647.1
1449784800,4647.1,4660.1,4646.45,4656.5
1449799200,4656.5,4657.6,4649.2,4654.3
1449813600,4654.3,4657.5,4633.4,4644.8
1449828000,4644.8,4646,4592.75,4609.7
1449842400,4609.7,4610.1,4542.3,4553.4
1449856800,4553.4,4572.5,4529.35,4534.9
1450044000,4534.9,4548.75,4528.2,4548
1450058400,4548,4558.65,4544.65,4557.1
1450072800,4557.1,4580,4553.7,4571.55
1450087200,4571.55,4572.3,4516.7,4541.3
1450101600,4541.3,4555.8,4477.8,4539.3
1450116000,4539.3,4580,4524.45,4572.3
1450130400,4572.3,4586,4571.6,4575.9
1450144800,4575.9,4582.1,4568.7,4569.2
1450159200,4569.2,4604.1,4567.4,4602.5
1450173600,4602.5,4615.3,4588.1,4613.5
1450188000,4613.5,4639.6,4600.9,4637
1450202400,4637,4638.5,4593.6,4609.25
1450216800,4609.25,4614.4,4603.8,4613.2
1450231200,4613.2,4624.65,4609.9,4618.15
1450245600,4618.15,4627.85,4612.7,4625.4
1450260000,4625.4,4640,4621.6,4631.8
1450274400,4631.8,4641.3,4596.3,4598.4
1450288800,4598.4,4676.3,4583.05,4657.9
1450303200,4657.9,4665.4,4651.3,4655
1450317600,4655,4662,4650.1,4651.6
1450332000,4651.6,4683.3,4650.3,4683.2
1450346400,4683.2,4690.1,4679.3,4687.1
1450360800,4687.1,4690.6,4614.5,4629
1450375200,4629,4648.7,4571.4,4575
1450389600,4575,4583.6,4554,4568.2
1450404000,4568.2,4589.2,4557.4,4565.85
1450418400,4565.85,4575.55,4553.9,4565.6
1450432800,4565.6,4581.3,4559.2,4580.1
1450447200,4580.1,4594.8,4530.2,4530.9
1450461600,4530.9,4556.5,4508.6,4516.5
1450648800,4516.5,4530.4,4516.5,4525.1
1450663200,4525.1,4536,4523.1,4533.9
1450677600,4533.9,4559.9,4527.7,4554.1
1450692000,4554.1,4560.8,4543.9,4549
1450706400,4549,4558,4517.8,4542.5
1450720800,4542.5,4577.5,4524.1,4576.9
1450735200,4576.9,4582.6,4572.1,4572.9
1450749600,4572.9,4577.5,4565.7,4575.15
1450764000,4575.15,4585.35,4547.7,4552.9
1450778400,4552.9,4576,4552.1,4572
1450792800,4572,4584.2,4558.2,4577.3
1450807200,4577.3,4600.5,4566.5,4595.7
1450821600,4595.7,4598.8,4589.3,4592.8
1450836000,4592.8,4596.2,4590.5,4591.6
1450850400,4591.6,4609.1,4590.6,4609
1450864800,4609,4619,4604.1,4611.9
1450879200,4611.9,4622,4604.8,4609.7
1450893600,4609.7,4626.3,4604.2,4613.85
1450908000,4613.85,4621.9,4612.85,4617.2
1450922400,4617.2,4617.3,4609.3,4611.3
1450936800,4611.3,4615.1,4606.7,4611.65
1450951200,4611.65,4621.6,4608.3,4617.3
1450965600,4617.3,4635.9,4616.5,4622.3
1450980000,4622.3,4622.5,4614.1,4616.9
1451253600,4616.9,4624.5,4616.9,4619.9
1451268000,4619.9,4624.4,4614.8,4615.4
1451282400,4615.4,4621.1,4607.3,4608.6
1451296800,4608.6,4608.7,4598.2,4607.1
1451311200,4607.1,4613.1,4577.3,4596.8
1451325600,4596.8,4625.2,4596.6,4623
1451340000,4623,4624.6,4616.2,4620.8
1451354400,4620.8,4629.3,4618.3,4627.2
1451368800,4627.2,4650.4,4624.9,4646.8
1451383200,4646.8,4654.6,4637.3,4651.6
1451397600,4651.6,4687.3,4644.6,4686.7
1451412000,4686.7,4703.4,4684.7,4696.3
1451426400,4696.3,4700.7,4692.3,4698.3
1451440800,4698.3,4698.6,4692.7,4693.1
1451455200,4693.1,4696.2,4683.9,4689.7
1451469600,4689.7,4695.4,4686.9,4688.3
1451484000,4688.3,4691.1,4663.2,4671
1451498400,4671,4679.3,4649.2,4654.25
1451512800,4654.25,4660.3,4652.3,4656.8
1451527200,4656.8,4658.75,4649.5,4655.1
1451541600,4655.1,4659.9,4651.1,4654.6
1451556000,4654.6,4658.4,4631.3,4635.8
1451570400,4635.8,4641.9,4605,4631.4
1451584800,4631.4,4633.4,4617.4,4625.9
1451858400,4599.6,4613.6,4591.5,4596.1
1451872800,4596.1,4596.1,4542.8,4550.2
1451887200,4550.2,4553.2,4504.65,4514.8
1451901600,4514.8,4520.7,4488.8,4491.95
1451916000,4491.95,4493.95,4434.75,4470.25
1451930400,4470.25,4512.9,4442.15,4511.35
1451944800,4511.35,4526.55,4508.4,4523.95
1451959200,4523.95,4528.15,4510.15,4512.6
1451973600,4512.6,4519.6,4482.2,4484.3
1451988000,4484.3,4508.7,4471.2,4505.5
1452002400,4505.5,4519.2,4462.4,4475.4
1452016800,4475.4,4507.6,4468.4,4485.8
1452031200,4485.8,4492.7,4462.55,4462.6
1452045600,4462.6,4462.7,4430.4,4452.7
1452060000,4452.7,4457.9,4427.7,4436.3
1452074400,4436.3,4438.4,4391.05,4405
1452088800,4405,4465.3,4398,4444.9
1452103200,4444.9,4455.9,4407.8,4454.95
1452117600,4454.95,4463.5,4401.3,4403.7
1452132000,4403.7,4409.65,4383.5,4387.15
1452146400,4387.15,4388.05,4306.6,4325.1
1452160800,4325.1,4340.65,4302.1,4339.3
1452175200,4339.3,4400.4,4334.05,4355.1
1452189600,4355.1,4356.4,4287.6,4296.2
1452204000,4296.2,4357.7,4285.65,4334.15
1452218400,4334.15,4349,4328.25,4337.35
1452232800,4337.35,4361.5,4331.9,4356.2
1452247200,4356.2,4374.4,4313.75,4342.6
1452261600,4342.6,4359.1,4281.4,4323
1452276000,4323,4329.5,4260.5,4269.05
1452463200,4269.05,4269.05,4230.6,4245.5
1452477600,4245.5,4272.3,4241.9,4262.45
1452492000,4262.45,4296.15,4242.95,4286.5
1452506400,4286.5,4298.6,4264.9,4293.5
1452520800,4293.5,4308.6,4243.5,4249.8
1452535200,4249.8,4296,4213.4,4274.95
1452549600,4274.95,4291.2,4271.1,4280.55
1452564000,4280.55,4283.9,4251.95,4256.75
1452578400,4256.75,4295.4,4241.3,4292.9
1452592800,4292.9,4337.1,4291.1,4323
1452607200,4323,4350.3,4282,4290.2
1452621600,4290.2,4340,4267.5,4313.3
1452636000,4313.3,4355.6,4312.4,4346.45
1452650400,4346.45,4358.6,4339.9,4353.35
1452664800,4353.35,4369.2,4332.65,4352.8
1452679200,4352.8,4358.6,4337.2,4349.5
1452693600,4349.5,4356.2,4268.2,4270.6
1452708000,4270.6,4278,4171.5,4182.05
1452722400,4182.05,4189.4,4161.5,4185.95
1452736800,4185.95,4199.25,4172.3,4198.95
1452751200,4198.95,4218.9,4171.8,4187.1
1452765600,4187.1,4201.6,4156.3,4198.2
1452780000,4198.2,4254.3,4128,4240.4
1452794400,4240.4,4304.6,4236.7,4254.15
1452808800,4254.15,4272.9,4239.95,4249.6
1452823200,4249.6,4252.25,4211.05,4232.05
1452837600,4232.05,4234.45,4182.5,4191.7
1452852000,4191.7,4197.8,4131.3,4145.7
1452866400,4145.7,4179.6,4079.6,4114.3
1452880800,4114.3,4153.8,4101.6,4149.75
1453068000,4149.75,4158.1,4111.4,4155.4
1453082400,4155.4,4166.6,4139.6,4158.7
1453096800,4158.7,4181.3,4132.9,4151.5
1453111200,4151.5,4170.55,4139.8,4140
1453125600,4140,4143.1,4130,4136.6
1453140000,4136.6,4136.6,4136.6,4136.6
1453154400,4136.6,4171.7,4134.4,4169.65
1453168800,4169.65,4187.2,4147.6,4186.15
1453183200,4186.15,4219.7,4185.35,4205.6
1453197600,4205.6,4219.5,4197.1,4203.1
1453212000,4203.1,4203.9,4134.2,4145.4
1453226400,4145.4,4161.6,4094.7,4145.3
1453240800,4145.3,4159.95,4110.4,4122.5
1453255200,4122.5,4125.5,4062.6,4071.95
1453269600,4071.95,4082,4038.9,4065.8
1453284000,4065.8,4086.1,4052.7,4080.6
1453298400,4080.6,4094.3,3987.2,4034
1453312800,4034,4175.1,4013.5,4131.25
1453327200,4131.25,4174.6,4131.25,4172.35
1453341600,4172.35,4181.8,4114.55,4118.35
1453356000,4118.35,4141.3,4089.35,4111.6
1453370400,4111.6,4184.9,4104.7,4158
1453384800,4158,4195.7,4092.1,4177.2
1453399200,4177.2,4188.9,4119.5,4133.45
1453413600,4133.45,4153.5,4124.35,4139.65
1453428000,4139.65,4182.2,4122.35,4179.8
1453442400,4179.8,4216,4168.8,4195.4
1453456800,4195.4,4216.3,4189.2,4203.9
1453471200,4203.9,4247.1,4203.6,4238.6
1453485600,4238.6,4256.3,4230.3,4250.6
1453672800,4250.6,4263.15,4235.35,4247.4
1453687200,4247.4,4256.6,4242.9,4247.3
1453701600,4247.3,4253.2,4222,4237.2
1453716000,4237.2,4250.2,4226,4228.1
1453730400,4228.1,4255.3,4227.4,4251.2
1453744800,4251.2,4263,4183.05,4192.6
1453759200,4192.6,4194.75,4176.5,4182.55
1453773600,4182.55,4198.1,4172.75,4177.65
1453788000,4177.65,4182.6,4136.6,4169.8
1453802400,4169.8,4210,4164.5,4205.2
1453816800,4205.2,4241.4,4171.8,4232.9
1453831200,4232.9,4247.2,4208.8,4214.3
1453845600,4214.3,4214.3,4188.65,4196.5
1453860000,4196.5,4207.3,4184.4,4202.3
1453874400,4202.3,4212.8,4181,4186
1453888800,4186,4214.2,4182.5,4210
1453903200,4210,4221.9,4155.4,4201.6
1453917600,4201.6,4212.9,4105.3,4145.65
1453932000,4145.65,4176.35,4129.2,4175.9
1453946400,4175.9,4184.1,4148.1,4153.15
1453960800,4153.15,4193.1,4150.1,4180.3
1453975200,4180.3,4181.7,4139.2,4181.3
1453989600,4181.3,4201.95,4110,4175.6
1454004000,4175.6,4193,4136,4150.4
1454018400,4150.4,4152.7,4132.1,4150.7
1454032800,4150.7,4199.8,4139.8,4179.6
1454047200,4179.6,4201.7,4174.6,4195
1454061600,4195,4201.1,4166.9,4182.7
1454076000,4182.7,4249.6,4174.6,4247.1
1454090400,4247.1,4274.1,4238.4,4273.25
1454277600,4273.25,4275.6,4251.3,4257.1
1454292000,4257.1,4268.5,4251.4,4262.1
1454306400,4262.1,4266.5,4240.2,4240.2
1454320800,4240.2,4257.6,4233.9,4245.2
1454335200,4245.2,4272.6,4231.4,4250.6
1454349600,4250.6,4312.4,4248.1,4289.8
1454364000,4289.8,4289.8,4273.65,4279.1
1454378400,4279.1,4285.3,4263.2,4267.8
1454392800,4267.8,4279.2,4237.4,4248.1
1454407200,4248.1,4270.9,4242.5,4252.5
1454421600,4252.5,4262.1,4210.1,4224.1
1454436000,4224.1,4224.3,4173.8,4190.9
1454450400,4190.9,4193.6,4160.7,4163.7
1454464800,4163.7,4184.7,4160.25,4178.05
1454479200,4178.05,4213,4169.3,4187.6
1454493600,4187.6,4215.5,4176.5,4211.2
1454508000,4211.2,4217.55,4099.8,4130.6
1454522400,4130.6,4189.4,4093.4,4175.15
1454536800,4175.15,4202.6,4168.75,4196
1454551200,4196,4208.6,4191.5,4194.8
1454565600,4194.8,4207.5,4174,4197.3
1454580000,4197.3,4201.5,4131.7,4142.7
1454594400,4142.7,4199.1,4116.3,4154.4
1454608800,4154.4,4175.1,4127.9,4151
1454623200,4151,4161.4,4141.35,4157.75
1454637600,4157.75,4158.3,4143.4,4152.65
1454652000,4152.65,4176.15,4143.9,4171.7
1454666400,4171.7,4176.05,4128.3,4138.65
1454680800,4138.65,4166.1,4031.7,4046.7
1454695200,4046.7,4051.2,4003.8,4022.15
1454882400,4022.15,4042.9,4019.1,4039.85
1454896800,4039.85,4047.3,4028.8,4043.3
1454911200,4043.3,4047.95,3952.15,3956.25
1454925600,3956.25,3970.6,3923.9,3950.2
1454940000,3950.2,3956,3897.6,3924.9
1454954400,3924.9,3976.5,3885.3,3965.7
1454968800,3965.7,3965.7,3936.9,3939.05
1454983200,3939.05,3940.15,3922.4,3935
1454997600,3935,3982.2,3923.65,3958.2
1455012000,3958.2,3971.9,3905.1,3909.3
1455026400,3909.3,4006.3,3899.7,3927
1455040800,3927,3996.2,3902.9,3944.3
1455055200,3944.3,3969.3,3925.05,3932.95
1455069600,3932.95,3942.15,3924.5,3930.65
1455084000,3930.65,3999.75,3930.4,3996.7
1455098400,3996.7,4016.1,3993.9,4000.3
1455112800,4000.3,4043.2,3974.7,4025.1
1455127200,4025.1,4031.8,3953.9,3965.05
1455141600,3965.05,3973.5,3937.55,3949.85
1455156000,3949.85,3961,3944.1,3947.85
1455170400,3947.85,3958,3873.2,3885.7
1455184800,3885.7,3914.5,3864.5,3903
1455199200,3903,3958.3,3899,3941
1455213600,3941,3987.2,3903,3965.6
1455228000,3965.6,3980.2,3963.4,3979.05
1455242400,3979.05,3986.8,3956.7,3968.3
1455256800,3968.3,4004.2,3955.5,3997.6
1455271200,3997.6,4014.5,3988.8,4000.5
1455285600,4000.5,4017.4,3963,3998.8
1455300000,3998.8,4019.7,3979,4017
1455487200,4017,4053.6,4017,4051.4
1455501600,4051.4,4065.35,4044.55,4064.15
1455516000,4064.15,4075.1,4053.9,4068.9
1455530400,4068.9,4093.2,4067.4,4075.1
1455544800,4075.1,4083.1,4068.4,4080.9
1455573600,4080.9,4093.9,4071.9,4089.45
1455588000,4089.45,4104.2,4087.25,4096.9
1455602400,4096.9,4103.2,4073.8,4077
1455616800,4077,4083,4059.8,4067.2
1455631200,4067.2,4094.5,4049.1,4090.2
1455645600,4090.2,4106.5,4086.2,4093.2
1455660000,4093.2,4111,4087.1,4104.05
1455674400,4104.05,4106,4077.15,4083.8
1455688800,4083.8,4113.5,4070.3,4113.4
1455703200,4113.4,4143.4,4111.5,4136
1455717600,4136,4198.2,4125,4191
1455732000,4191,4211.05,4184.2,4210.7
1455746400,4210.7,4213.1,4203.1,4207.55
1455760800,4207.55,4219.2,4203.8,4208.75
1455775200,4208.75,4214.25,4184.3,4200.1
1455789600,4200.1,4229.2,4197.3,4217.7
1455804000,4217.7,4219,4162.2,4172
1455818400,4172,4179,4146.2,4161
1455832800,4161,4161.3,4149.2,4153.45
1455847200,4153.45,4167.25,4148.35,4164.25
1455861600,4164.25,4171.4,4152,4164.2
1455876000,4164.2,4164.75,4130.4,4131.3
1455890400,4131.3,4176.5,4121.9,4164.1
1455904800,4164.1,4168.9,4147.6,4163.1
1456092000,4163.1,4183.7,4148.1,4177.05
1456106400,4177.05,4191.85,4171.4,4187.7
1456120800,4187.7,4221.9,4184.75,4220.3
1456135200,4220.3,4221.5,4205.05,4207.7
1456149600,4207.7,4231.7,4198.2,4220.5
1456164000,4220.5,4235.5,4209.65,4209.65
1456178400,4209.65,4215.3,4195.7,4196.95
1456192800,4196.95,4200.9,4189.65,4196.45
1456207200,4196.45,4210,4184.9,4194.7
1456221600,4194.7,4213.9,4191.2,4211.2
1456236000,4211.2,4217.8,4166.4,4185.8
1456250400,4185.8,4185.8,4155.9,4158.2
1456264800,4158.2,4168.55,4153.5,4166.2
1456279200,4166.2,4167.45,4143.5,4152.75
1456293600,4152.75,4169.7,4127.8,4136.9
1456308000,4136.9,4138,4103,4113.6
1456322400,4113.6,4142.3,4086.2,4135.1
1456336800,4135.1,4219.3,4135.1,4219.3
1456351200,4219.3,4230.6,4210.4,4217.15
1456365600,4217.15,4220.05,4202.6,4218.05
1456380000,4218.05,4218.4,4188.2,4201.8
1456394400,4201.8,4223.5,4192.3,4211.8
1456408800,4211.8,4219.3,4171.9,4193.6
1456423200,4193.6,4249.2,4192,4246.15
1456437600,4246.15,4251.95,4242.4,4245.3
1456452000,4245.3,4254.3,4243.3,4246.4
1456466400,4246.4,4290.1,4246,4289.6
1456480800,4289.6,4294.4,4264.7,4272.8
1456495200,4272.8,4277.7,4226.5,4242.5
1456509600,4242.5,4248.5,4226.9,4228.8
1456696800,4228.8,4239.6,4217.7,4218.4
1456711200,4218.4,4230.5,4199.6,4199.6
1456725600,4199.6,4203.5,4185.7,4189.9
1456740000,4189.9,4237.1,4189.8,4235.3
1456754400,4235.3,4264.1,4226.1,4257.8
1456768800,4257.8,4258.7,4197.2,4201.15
1456783200,4201.15,4212.8,4181.5,4185.15
1456797600,4185.15,4198.7,4183.1,4195.75
1456812000,4195.75,4242.4,4195.6,4226.6
1456826400,4226.6,4243.6,4225.2,4232.8
1456840800,4232.8,4311.5,4225.1,4308
1456855200,4308,4339.9,4301.5,4338.5
1456869600,4338.5,4345.5,4331.5,4343.9
1456884000,4343.9,4358.65,4341.8,4354.6
1456898400,4354.6,4357.7,4332.4,4332.9
1456912800,4332.9,4339.25,4326.6,4328.5
1456927200,4328.5,4335,4300.5,4312.8
1456941600,4312.8,4335.9,4300.3,4326.85
1456956000,4326.85,4339.95,4319.5,4339.05
1456970400,4339.05,4344.5,4326.9,4343.9
1456984800,4343.9,4345.6,4322.2,4338
1456999200,4338,4341.95,4325.25,4330.7
1457013600,4330.7,4331.8,4294.6,4306
1457028000,4306,4326.3,4305.8,4325
1457042400,4325,4325.1,4319.1,4320.85
1457056800,4320.85,4329.6,4319.6,4321.15
1457071200,4321.15,4328.9,4315,4319.9
1457085600,4319.9,4353.7,4319.1,4324.1
1457100000,4324.1,4344.5,4298.8,4341.3
1457114400,4341.3,4355.8,4313.5,4321.2
1457301600,4321.2,4322.2,4309.3,4320.3
1457316000,4320.3,4320.9,4309.2,4312.05
1457330400,4312.05,4323.5,4301.6,4302.4
1457344800,4302.4,4310.3,4297,4301.6
1457359200,4301.6,4330.6,4285.8,4319.4
1457373600,4319.4,4326.7,4269.5,4303.25
1457388000,4303.25,4303.85,4276.8,4277.65
1457402400,4277.65,4288.3,4271.8,4284.5
1457416800,4284.5,4284.75,4257.2,4259.6
1457431200,4259.6,4287.9,4252,4281.1
1457445600,4281.1,4308.2,4259.5,4294.6
1457460000,4294.6,4309.2,4257.2,4273.7
1457474400,4273.7,4276.2,4263.6,4272.7
1457488800,4272.7,4283.6,4269.1,4281
1457503200,4281,4292.7,4271.8,4284.4
1457517600,4284.4,4299.4,4275.1,4287.7
1457532000,4287.7,4292.4,4257.4,4275.2
1457546400,4275.2,4299.1,4272.8,4295.2
1457560800,4295.2,4309.2,4289.9,4302.45
1457575200,4302.45,4305.2,4290.8,4291.4
1457589600,4291.4,4310,4284.3,4292.9
1457604000,4292.9,4348.1,4292.4,4327.4
1457618400,4327.4,4335.1,4236.8,4246.4
1457632800,4246.4,4298.3,4230.1,4290.95
1457647200,4290.95,4306.45,4283.25,4302.75
1457661600,4302.75,4324.3,4293.35,4320.15
1457676000,4320.15,4346.7,4315.75,4334.8
1457690400,4334.8,4343.2,4326.7,4331.1
1457704800,4331.1,4346.5,4319.1,4340.3
1457719200,4340.3,4361.5,4333.8,4357.05
1457902800,4357.05,4357.2,4348.15,4352.55
1457917200,4352.55,4356.7,4347.2,4349.6
1457931600,4349.6,4359.85,4345.7,4349.4
1457946000,4349.4,4359.1,4340.7,4342.2
1457960400,4342.2,4375.1,4341,4374.1
1457974800,4374.1,4378.9,4363.6,4366.65
1457989200,4366.65,4368,4364.7,4365.35
1458003600,4365.35,4365.8,4350.5,4353.75
1458018000,4353.75,4357.5,4339.1,4341.8
1458032400,4341.8,4356,4340.4,4350.4
1458046800,4350.4,4367.3,4338.2,4356.1
1458061200,4356.1,4371.5,4353.8,4366.85
1458075600,4366.85,4377.7,4364.55,4377.2
1458090000,4377.2,4377.3,4361.65,4367.4
1458104400,4367.4,4375.9,4365.25,4374.8
1458118800,4374.8,4376.2,4352.4,4354
1458133200,4354,4384.5,4349.4,4366.1
1458147600,4366.1,4416.3,4358.7,4398.9
1458162000,4398.9,4416.2,4394.3,4415.9
1458176400,4415.9,4419.15,4402.6,4402.9
1458190800,4402.9,4421.7,4401.35,4415.3
1458205200,4415.3,4415.9,4368.4,4381.3
1458219600,4381.3,4409.2,4375.1,4402.4
1458234000,4402.4,4411.7,4393.2,4407
1458248400,4407,4409.85,4399.7,4400.3
1458262800,4400.3,4406.7,4396.9,4406.6
1458277200,4406.6,4411.1,4392.9,4403.8
1458291600,4403.8,4414.5,4403.2,4409.5
1458306000,4409.5,4419.1,4384.6,4415.8
1458320400,4415.8,4416.8,4386.9,4405.4
1458507600,4405.4,4405.4,4394.8,4396.15
1458522000,4396.15,4396.9,4387.4,4390
1458536400,4390,4402.2,4385.3,4397.2
1458550800,4397.2,4422,4395.5,4399.2
1458565200,4399.2,4420.8,4397.6,4413.7
1458579600,4413.7,4429.5,4411.3,4424.7
1458594000,4424.7,4428.7,4419.2,4425.5
1458608400,4425.5,4425.7,4414.4,4419.1
1458622800,4419.1,4424.2,4392.1,4403.9
1458637200,4403.9,4418,4399.8,4404
1458651600,4404,4444.6,4396.4,4442.8
1458666000,4442.8,4448.7,4430.2,4444.25
1458680400,4444.25,4444.25,4435.5,4437.4
1458694800,4437.4,4443,4434.7,4437.1
1458709200,4437.1,4449.3,4430.4,4443.5
1458723600,4443.5,4448,4439.9,4440.6
1458738000,4440.6,4440.6,4401.1,4412.1
1458752400,4412.1,4420.1,4391.5,4402.5
1458766800,4402.5,4402.9,4393.7,4397.1
1458781200,4397.1,4404.3,4392.7,4396.2
1458795600,4396.2,4399,4381.9,4388.9
1458810000,4388.9,4388.9,4373.2,4378.8
1458824400,4378.8,4403.5,4373.4,4385.9
1458838800,4385.9,4408.7,4385.4,4408.5
1459112400,4408.5,4420.6,4408.5,4420.3
1459126800,4420.3,4423.4,4415.2,4417.5
1459141200,4417.5,4433.4,4417,4424.9
1459155600,4424.9,4426.2,4415.4,4417.1
1459170000,4417.1,4422,4389.3,4408.6
1459184400,4408.6,4412.5,4391.3,4397.9
1459198800,4397.9,4403.3,4393.95,4401.4
1459213200,4401.4,4409.7,4399.5,4406.5
1459227600,4406.5,4411.4,4398.7,4405.8
1459242000,4405.8,4406.6,4383.7,4387.7
1459256400,4387.7,4448.3,4381.5,4442.1
1459270800,4442.1,4471.4,4437.1,4469.3
1459285200,4469.3,4474.05,4465.1,4469.5
1459299600,4469.5,4474.7,4464.9,4466.15
1459314000,4466.15,4494.8,4464.3,4490.1
1459328400,4490.1,4503.5,4489.5,4496.8
1459342800,4496.8,4517.9,4480.4,4485.1
1459357200,4485.1,4501.3,4480,4489.7
1459371600,4489.7,4489.7,4484.6,4485.85
1459386000,4485.85,4486.1,4475,4480.9
1459400400,4480.9,4484.1,4470,4481.5
1459414800,4481.5,4492.7,4477.5,4489.1
1459429200,4489.1,4503,4481.5,4497.5
1459443600,4497.5,4497.7,4476.5,4483.1
1459458000,4483.1,4487.8,4477.45,4484.7
1459472400,4484.7,4491,4464.2,4467.1
1459486800,4467.1,4474.1,4455.9,4470.7
1459501200,4470.7,4474.4,4453.3,4455.1
1459515600,4455.1,4514.1,4449.1,4506.6
1459530000,4506.6,4536.9,4505.6,4536.4
1459717200,4536.4,4536.4,4526.5,4532.3
1459731600,4532.3,4542,4530.95,4538.6
1459746000,4538.6,4545.6,4526.5,4542.7
1459760400,4542.7,4550.9,4534.8,4534.8
1459774800,4534.8,4535.6,4502.6,4527.2
1459789200,4527.2,4527.4,4503.1,4505.3
1459803600,4505.3,4507.9,4494.8,4496.7
1459818000,4496.7,4501,4490.4,4498.8
1459832400,4498.8,4499.1,4472.6,4481.7
1459846800,4481.7,4484.4,4471.6,4476.4
1459861200,4476.4,4494.7,4463.5,4469
1459875600,4469,4491.1,4464.2,4483.2
1459890000,4483.2,4492.4,4481.4,4486.15
1459904400,4486.15,4503.15,4484.2,4495.45
1459918800,4495.45,4498.7,4476.6,4491.2
1459933200,4491.2,4495.3,4476.9,4479.3
1459947600,4479.3,4518.6,4474.5,4515.1
1459962000,4515.1,4544.7,4509.4,4540.4
1459976400,4540.4,4542,4535.4,4538.95
1459990800,4538.95,4546.3,4532.6,4537.5
1460005200,4537.5,4544.3,4528.8,4530.8
1460019600,4530.8,4531.8,4515.6,4522.6
1460034000,4522.6,4525.1,4478,4489.1
1460048400,4489.1,4499.3,4457.7,4475.2
1460062800,4475.2,4476.3,4465.25,4473.5
1460077200,4473.5,4493.2,4472.9,4490.55
1460091600,4490.55,4511.7,4490.3,4504.8
1460106000,4504.8,4514.7,4496.5,4513.2
1460120400,4513.2,4516.4,4458.4,4474.1
1460134800,4474.1,4487.9,4459.1,4476.3
1460322000,4476.3,4481.15,4464.05,4467.3
1460336400,4467.3,4474.65,4454.8,4471.85
1460350800,4471.85,4504.7,4453.4,4493.9
1460365200,4493.9,4498.7,4486.8,4498.3
1460379600,4498.3,4516.2,4479.1,4504.2
1460394000,4504.2,4507.9,4452.6,4453.9
1460408400,4453.9,4460.3,4447.3,4456.6
1460422800,4456.6,4464,4451.7,4463.1
1460437200,4463.1,4475,4449.5,4462.3
1460451600,4462.3,4478.8,4460.6,4463.9
1460466000,4463.9,4486.8,4433,4482
1460480400,4482,4504,4471.8,4495.7
1460494800,4495.7,4502.3,4493.15,4496.4
1460509200,4496.4,4514.5,4494.9,4511.6
1460523600,4511.6,4526.2,4506.2,4524.9
1460538000,4524.9,4535.2,4523,4525.2
1460552400,4525.2,4553.3,4523.8,4538.7
1460566800,4538.7,4560,4529.4,4555.1
1460581200,4555.1,4556.2,4548.8,4550.3
1460595600,4550.3,4554.7,4546.7,4550.7
1460610000,4550.7,4555.45,4537.2,4546.9
1460624400,4546.9,4559.4,4542.5,4555.9
1460638800,4555.9,4565.6,4540.7,4565.2
1460653200,4565.2,4569.4,4546.5,4555
1460667600,4555,4560.6,4550.3,4555.3
1460682000,4555.3,4560.6,4549.6,4554.3
1460696400,4554.3,4555.8,4542.7,4546.2
1460710800,4546.2,4549.5,4540.9,4544.7
1460725200,4544.7,4558.3,4539.6,4547.2
1460739600,4547.2,4548.6,4529.3,4544
1460926800,4544,4544,4510.5,4510.5
1460941200,4510.5,4520.5,4510.1,4513.7
1460955600,4513.7,4535.3,4507.1,4532.6
1460970000,4532.6,4540.5,4525.1,4530.1
1460984400,4530.1,4566.5,4525.1,4556.7
1460998800,4556.7,4565.7,4549.3,4552.1
1461013200,4552.1,4560.8,4550.6,4559.4
1461027600,4559.4,4564.2,4553.8,4556.5
1461042000,4556.5,4584,4554.7,4582.6
1461056400,4582.6,4590.2,4576.2,4577.1
1461070800,4577.1,4579,4512.6,4528.2
1461085200,4528.2,4544.8,4526.1,4534.9
1461099600,4534.9,4534.95,4524,4527.2
1461114000,4527.2,4527.65,4518.3,4522.1
1461128400,4522.1,4529,4514.9,4519
1461142800,4519,4543.5,4518.6,4540.3
1461157200,4540.3,4559.6,4521.4,4552.2
1461171600,4552.2,4561.6,4535.8,4540.4
1461186000,4540.4,4541.9,4532.2,4533.6
1461200400,4533.6,4555.1,4531.9,4551.45
1461214800,4551.45,4555.1,4535.3,4546.9
1461229200,4546.9,4550,4533.7,4539.2
1461243600,4539.2,4557.2,4520,4534.7
1461258000,4534.7,4549.1,4493.8,4504.3
1461272400,4504.3,4504.3,4483.9,4492.45
1461286800,4492.45,4503.3,4492,4500.8
1461301200,4500.8,4507,4489.5,4489.8
1461315600,4489.8,4506.3,4487.8,4494.5
1461330000,4494.5,4502.3,4436.5,4443.9
1461344400,4443.9,4476.8,4443.9,4472.2
1461531600,4472.2,4484.5,4471.4,4472.4
1461546000,4472.4,4473.3,4459.6,4460.5
1461560400,4460.5,4474,4441.3,4448
1461574800,4448,4470.85,4447.1,4459.8
1461589200,4459.8,4472.4,4450.2,4466.5
1461603600,4466.5,4479.2,4458.5,4479
1461618000,4479,4480.45,4475,4477.25
1461632400,4477.25,4489,4472.7,4477.25
1461646800,4477.25,4494.8,4473.2,4484.2
1461661200,4484.2,4490.2,4476.4,4484
1461675600,4484,4489.2,4448.1,4450.6
1461690000,4450.6,4460.6,4413,4418
1461704400,4418,4418.7,4408.3,4408.8
1461718800,4408.8,4415.8,4406.3,4408.4
1461733200,4408.4,4421.5,4406,4415.1
1461747600,4415.1,4415.4,4405.7,4410
1461762000,4410,4423.5,4376.9,4398.9
1461776400,4398.9,4438.2,4380.6,4438.2
1461790800,4438.2,4442.7,4433.6,4442.1
1461805200,4442.1,4447,4407.15,4420.2
1461819600,4420.2,4421.45,4397.2,4401.1
1461834000,4401.1,4417.1,4400.1,4416.8
1461848400,4416.8,4444.9,4412.9,4426.8
1461862800,4426.8,4427.6,4351.1,4389.6
1461877200,4389.6,4396.1,4385.6,4385.6
1461891600,4385.6,4390.7,4378.8,4382.7
1461906000,4382.7,4393,4372.1,4377.5
1461920400,4377.5,4389,4360.6,4365.9
1461934800,4365.9,4368.4,4301.4,4325.9
1461949200,4325.9,4343.5,4311.2,4341
1462136400,4341,4341,4322.4,4328.95
1462150800,4328.95,4332,4326.35,4331.6
1462165200,4331.6,4341.55,4326.4,4334.8
1462179600,4334.8,4348.6,4334.1,4346
1462194000,4346,4352.2,4328.4,4348.5
1462208400,4348.5,4382.9,4345.2,4376.8
1462222800,4376.8,4378.15,4369.45,4373.4
1462237200,4373.4,4376.2,4368.3,4369.7
1462251600,4369.7,4375.5,4341.8,4346.8
1462266000,4346.8,4349.8,4335.2,4348
1462280400,4348,4355.8,4323.8,4348.5
1462294800,4348.5,4364.8,4329.5,4340.6
1462309200,4340.6,4346,4334.8,4336.3
1462323600,4336.3,4343.35,4324.6,4331.3
1462338000,4331.3,4343.2,4321.1,4321.4
1462352400,4321.4,4322.6,4303.4,4304.4
1462366800,4304.4,4325.2,4300.8,4302.6
1462381200,4302.6,4315.4,4296.2,4313.5
1462395600,4313.5,4321.5,4313.5,4321
1462410000,4321,4331.9,4321,4327.6
1462424400,4327.6,4346.6,4324.9,4343.4
1462438800,4343.4,4343.6,4322.3,4328.4
1462453200,4328.4,4332.1,4306.4,4318.5
1462467600,4318.5,4319.7,4296.6,4302
1462482000,4302,4304.5,4291.35,4302
1462496400,4302,4306.6,4293.1,4296.5
1462510800,4296.5,4304.3,4287.75,4301.8
1462525200,4301.8,4302.2,4275.1,4283.5
1462539600,4283.5,4314.5,4279.7,4295
1462554000,4295,4337.8,4294.6,4336.75
1462741200,4336.75,4340.8,4330.8,4337.2
1462755600,4337.2,4339,4329,4333.6
1462770000,4333.6,4345,4321.8,4344.8
1462784400,4344.8,4349.5,4336.1,4336.4
1462798800,4336.4,4355.5,4326.3,4346.8
1462813200,4346.8,4360.3,4336.7,4339.55
1462827600,4339.55,4339.55,4327.3,4336.8
1462842000,4336.8,4352,4334,4349.1
1462856400,4349.1,4368.3,4348.3,4367.1
1462870800,4367.1,4367.9,4341.7,4349.2
1462885200,4349.2,4390.9,4347.2,4388.6
1462899600,4388.6,4402.3,4383.2,4399.3
1462914000,4399.3,4401.1,4395,4399.45
1462928400,4399.45,4400.6,4387.5,4388.6
1462942800,4388.6,4392.1,4378.7,4386.8
1462957200,4386.8,4393.8,4382.9,4393.4
1462971600,4393.4,4406.1,4379.3,4385.9
1462986000,4385.9,4386.6,4354.5,4355.7
1463000400,4355.7,4359.2,4350.55,4357.9
1463014800,4357.9,4362.9,4351.4,4362.6
1463029200,4362.6,4376.6,4355.6,4375.5
1463043600,4375.5,4385.2,4372.5,4376.2
1463058000,4376.2,4376.3,4309.1,4327.1
1463072400,4327.1,4363.2,4315.5,4340
1463086800,4340,4341.9,4330.4,4331.2
1463101200,4331.2,4331.4,4320.7,4323.9
1463115600,4323.9,4327.5,4307.1,4316.9
1463130000,4316.9,4340.4,4313.7,4335.4
1463144400,4335.4,4363.6,4330.7,4340.6
1463158800,4340.6,4347.1,4316.1,4325.8
1463346000,4325.8,4330,4308.4,4328.25
1463360400,4328.25,4339.35,4321.9,4331.4
1463374800,4331.4,4335.6,4322.3,4331.5
1463389200,4331.5,4341.5,4320.5,4331.5
1463403600,4331.5,4374.7,4326.7,4372.3
1463418000,4372.3,4395.1,4371.6,4376.65
1463432400,4376.65,4378,4373.3,4375.1
1463446800,4375.1,4382.6,4374.8,4381.1
1463461200,4381.1,4396.5,4379.4,4388.1
1463475600,4388.1,4390.2,4369.3,4372
1463490000,4372,4387.6,4348.3,4352.7
1463504400,4352.7,4357.5,4311,4324.8
1463518800,4324.8,4330,4319.6,4324.9
1463533200,4324.9,4331.9,4316.7,4319.9
1463547600,4319.9,4327.9,4314,4327.2
1463562000,4327.2,4327.9,4309.6,4313.2
1463576400,4313.2,4355.4,4307.1,4351.2
1463590800,4351.2,4361.7,4304.2,4338.8
1463605200,4338.8,4343.6,4335.7,4337.7
1463619600,4337.7,4338.2,4322.8,4325.1
1463634000,4325.1,4334.3,4315.9,4318.9
1463648400,4318.9,4333.4,4315.7,4321.2
1463662800,4321.2,4332,4283.5,4289
1463677200,4289,4321.6,4288.1,4320
1463691600,4320,4334.3,4316.9,4334
1463706000,4334,4340,4330.15,4338.2
1463720400,4338.2,4343.7,4332.7,4340.2
1463734800,4340.2,4341.7,4328.2,4340.7
1463749200,4340.7,4381.5,4331,4374.4
1463763600,4374.4,4376,4355.5,4366.05
1463950800,4366.05,4371.6,4359.2,4360.7
1463965200,4360.7,4375.8,4355.65,4374.5
1463979600,4374.5,4380.5,4350.7,4375.2
1463994000,4375.2,4377.8,4353.9,4363.1
1464008400,4363.1,4383.6,4362.7,4373
1464022800,4373,4375.2,4351.9,4354.8
1464037200,4354.8,4357.7,4353.6,4355.7
1464051600,4355.7,4359.1,4352.4,4354.6
1464066000,4354.6,4367.7,4343.9,4364.2
1464080400,4364.2,4384.2,4362,4382.2
1464094800,4382.2,4439.8,4379.7,4439.8
1464109200,4439.8,4450.7,4435.6,4448.5
1464123600,4448.5,4457.6,4445.1,4456.3
1464138000,4456.3,4462.5,4453.8,4461.5
1464152400,4461.5,4471.1,4455.8,4470
1464166800,4470,4475.1,4464.1,4467.6
1464181200,4467.6,4481.6,4454.5,4478.5
1464195600,4478.5,4491.3,4471,4480
1464210000,4480,4480,4467.6,4468.4
1464224400,4468.4,4473.2,4465.8,4471.4
1464238800,4471.4,4486.8,4469.8,4476.3
1464253200,4476.3,4489.5,4476.2,4483.1
1464267600,4483.1,4490.2,4471,4480.4
1464282000,4480.4,4497.4,4478.9,4496.5
1464296400,4496.5,4502.2,4493.9,4502.2
1464310800,4502.2,4502.7,4493.2,4497.2
1464325200,4497.2,4501.2,4492.4,4499
1464339600,4499,4505.6,4495.5,4495.5
1464354000,4495.5,4514.7,4492.2,4511.1
1464368400,4511.1,4515.4,4497.4,4515.2
1464555600,4515.2,4524.1,4515.2,4518.4
1464570000,4518.4,4526.3,4515.9,4525.4
1464584400,4525.4,4525.4,4515.1,4517
1464598800,4517,4523.8,4517,4522.3
1464613200,4522.3,4525.7,4516.9,4524.3
1464642000,4524.3,4524.45,4519.6,4520.1
1464656400,4520.1,4530,4517.3,4528
1464670800,4528,4530,4515.1,4517.1
1464685200,4517.1,4520.8,4514.1,4519.4
1464699600,4519.4,4528.5,4509,4512.2
1464714000,4512.2,4528.7,4499,4525.1
1464728400,4525.1,4526.9,4521.7,4526
1464742800,4526,4538.7,4525.2,4534.2
1464757200,4534.2,4535,4515.9,4516.6
1464771600,4516.6,4521,4509.7,4512.2
1464786000,4512.2,4532.4,4504.4,4530.1
1464800400,4530.1,4532.4,4516.4,4522.9
1464814800,4522.9,4525.2,4517.05,4519.45
1464829200,4519.45,4522.5,4511.1,4513.9
1464843600,4513.9,4519.6,4509.9,4518.6
1464858000,4518.6,4522.6,4512.4,4514.2
1464872400,4514.2,4519.3,4488.3,4514
1464886800,4514,4534.3,4511.5,4532.65
1464901200,4532.65,4533.2,4529.8,4531.15
1464915600,4531.15,4534.1,4528.1,4530.3
1464930000,4530.3,4536,4526.5,4530.5
1464944400,4530.5,4534.2,4508.8,4514.9
1464958800,4514.9,4524.8,4480.2,4500.9
1464973200,4500.9,4519.2,4500.2,4509.7
1465160400,4509.7,4513.5,4505.1,4508.3
1465174800,4508.3,4513.6,4507.4,4512.5
1465189200,4512.5,4525.7,4509.2,4519.1
1465203600,4519.1,4523.6,4512,4521.6
1465218000,4521.6,4530.9,4509.9,4516.8
1465232400,4516.8,4537.6,4516.1,4527.2
1465246800,4527.2,4527.2,4521.4,4523.3
1465261200,4523.3,4528.2,4522.3,4527.1
1465275600,4527.1,4545,4526.2,4543.4
1465290000,4543.4,4546.6,4530.4,4531
1465304400,4531,4533,4517.8,4531.2
1465318800,4531.2,4533,4512,4514.3
1465333200,4514.3,4515.3,4509.8,4510.95
1465347600,4510.95,4514.2,4506.1,4512.6
1465362000,4512.6,4519.5,4510.9,4513.5
1465376400,4513.5,4526.4,4513.5,4525.6
1465390800,4525.6,4531,4505,4523.7
1465405200,4523.7,4528.4,4516.9,4519.4
1465419600,4519.4,4523.2,4518.1,4519.1
1465434000,4519.1,4520.5,4512.6,4514.2
1465448400,4514.2,4517.9,4502.9,4508.5
1465462800,4508.5,4511.3,4502.7,4503.7
1465477200,4503.7,4519.2,4494.3,4509.3
1465491600,4509.3,4519.1,4501.9,4514
1465506000,4514,4514,4508.5,4513.4
1465520400,4513.4,4513.9,4506,4508.2
1465534800,4508.2,4510.3,4483,4485.1
1465549200,4485.1,4486.6,4474.2,4475.6
1465563600,4475.6,4481.2,4463.7,4473.7
1465578000,4473.7,4476,4447.1,4466
1465765200,4466,4466,4451.7,4452.3
1465779600,4452.3,4454.95,4446.95,4447.6
1465794000,4447.6,4460.2,4441.3,4448.35
1465808400,4448.35,4449.6,4438,4441.1
1465822800,4441.1,4461.9,4426.9,4442.1
1465837200,4442.1,4446.9,4419.8,4420.75
1465851600,4420.75,4427.4,4414,4423.7
1465866000,4423.7,4430.1,4421.25,4427.7
1465880400,4427.7,4430.35,4405.2,4410.9
1465894800,4410.9,4418.45,4407,4414.8
1465909200,4414.8,4440.55,4392.1,4411.6
1465923600,4411.6,4429.1,4399.1,4423.05
1465938000,4423.05,4424.9,4413.7,4420.5
1465952400,4420.5,4431.55,4416.4,4424.05
1465966800,4424.05,4441.5,4421.5,4439.6
1465981200,4439.6,4443.9,4431.1,4433.3
1465995600,4433.3,4438.1,4420.1,4423.7
1466010000,4423.7,4442.45,4403.4,4410.3
1466024400,4410.3,4415.7,4406.4,4413.4
1466038800,4413.4,4413.7,4391.4,4394.6
1466053200,4394.6,4395.6,4381.1,4392.3
1466067600,4392.3,4398.1,4386.1,4391.7
1466082000,4391.7,4404.6,4359.7,4400.1
1466096400,4400.1,4428.1,4392.4,4422.1
1466110800,4422.1,4439.3,4421.8,4436.45
1466125200,4436.45,4437.7,4429.4,4431
1466139600,4431,4433,4416.6,4425.1
1466154000,4425.1,4428.2,4414.9,4418.3
1466168400,4418.3,4418.3,4360.4,4371.4
1466182800,4371.4,4383.4,4364.2,4368.9
1466370000,4368.9,4411.8,4368.9,4409.7
1466384400,4409.7,4419.4,4407.4,4416.8
1466398800,4416.8,4424.6,4412.8,4424.4
1466413200,4424.4,4427.4,4416.6,4423
1466427600,4423,4443.6,4419.9,4433.7
1466442000,4433.7,4434.9,4391.9,4414.8
1466456400,4414.8,4414.8,4395.3,4400.5
1466470800,4400.5,4412.8,4399.3,4409.8
1466485200,4409.8,4417.6,4403.7,4413.6
1466499600,4413.6,4422.7,4403.9,4409.6
1466514000,4409.6,4418.1,4399.9,4404.4
1466528400,4404.4,4421.6,4396.1,4405.05
1466542800,4405.05,4405.05,4398.4,4401.8
1466557200,4401.8,4411.2,4401.2,4408.3
1466571600,4408.3,4414.7,4401.4,4406.2
1466586000,4406.2,4419.7,4406.1,4415.9
1466600400,4415.9,4440.9,4405.7,4415.9
1466614800,4415.9,4422.5,4398.2,4402.2
1466629200,4402.2,4426.9,4402.2,4422.8
1466643600,4422.8,4426.7,4418.4,4422.15
1466658000,4422.15,4430.95,4416.9,4429.8
1466672400,4429.8,4462.4,4429.3,4445.1
1466686800,4445.1,4453.3,4417.8,4447.7
1466701200,4447.7,4483.35,4442.4,4483.35
1466715600,4483.35,4500.8,4436.1,4444.25
1466730000,4444.25,4444.25,4240.8,4241.4
1466744400,4241.4,4334.8,4241.4,4309.35
1466758800,4309.35,4325.6,4280.9,4313.1
1466773200,4313.1,4370.9,4291.55,4299.8
1466787600,4299.8,4313.3,4265.7,4268.9
1466974800,4268.9,4268.9,4224.25,4236.85
1466989200,4236.85,4256.3,4232.1,4254.45
1467003600,4254.45,4275.3,4245.4,4252.8
1467018000,4252.8,4257.6,4225.2,4242.3
1467032400,4242.3,4250.8,4175.8,4203.3
1467046800,4203.3,4212.6,4175.1,4181.45
1467061200,4181.45,4200.4,4181.45,4196.1
1467075600,4196.1,4234.2,4194.1,4224.9
1467090000,4224.9,4238.9,4220.8,4229.1
1467104400,4229.1,4241.1,4225.1,4238.9
1467118800,4238.9,4271.1,4235.3,4261.6
1467133200,4261.6,4291.4,4247.6,4288.7
1467147600,4288.7,4288.7,4275.3,4275.8
1467162000,4275.8,4302.3,4275.4,4297.4
1467176400,4297.4,4313.9,4292.3,4310.1
1467190800,4310.1,4323.15,4305.4,4321.4
1467205200,4321.4,4363.5,4316.4,4355.2
1467219600,4355.2,4384.4,4351.7,4383.8
1467234000,4383.8,4383.8,4367.9,4368.9
1467248400,4368.9,4373.6,4364.3,4367.3
1467262800,4367.3,4378.9,4345.6,4371.4
1467277200,4371.4,4382.2,4359.1,4369.8
1467291600,4369.8,4405.9,4356.1,4403.6
1467306000,4403.6,4416.9,4395.6,4408.3
1467320400,4408.3,4410.35,4402.9,4407.65
1467334800,4407.65,4410.1,4405.6,4408.9
1467349200,4408.9,4409.6,4393.3,4400.3
1467363600,4400.3,4417.6,4398.1,4411.5
1467378000,4411.5,4453.1,4410.4,4440.4
1467392400,4440.4,4445.4,4427.2,4441.3
1467579600,4441.3,4445.9,4433.3,4437.95
1467594000,4437.95,4448.9,4436.35,4444.7
1467608400,4444.7,4458.5,4442.4,4444.3
1467622800,4444.3,4451.9,4442.6,4444.9
1467637200,4444.9,4447.9,4435.9,4446.7
1467666000,4446.7,4446.7,4434.1,4434.65
1467680400,4434.65,4436.6,4425.5,4430.4
1467694800,4430.4,4434.2,4410.7,4412.4
1467709200,4412.4,4421.7,4408,4416.1
1467723600,4416.1,4419.2,4392.2,4399.3
1467738000,4399.3,4414.7,4384.5,4414.6
1467752400,4414.6,4414.6,4394.5,4398.65
1467766800,4398.65,4398.65,4375.4,4385.85
1467781200,4385.85,4415.7,4382.7,4388.2
1467795600,4388.2,4390.3,4372.5,4383.4
1467810000,4383.4,4441.4,4373.9,4440.2
1467824400,4440.2,4446.4,4422.4,4441.9
1467838800,4441.9,4447.6,4433.5,4441.8
1467853200,4441.8,4448.2,4435.8,4445.9
1467867600,4445.9,4459.4,4438.7,4453.4
1467882000,4453.4,4453.7,4437.4,4447.3
1467896400,4447.3,4467.1,4438.6,4439.3
1467910800,4439.3,4459.8,4436.2,4458.3
1467925200,4458.3,4463.3,4454.9,4461.15
1467939600,4461.15,4461.9,4445.9,4450.7
1467954000,4450.7,4471.9,4449.9,4457.2
1467968400,4457.2,4487.6,4449.2,4482.7
1467982800,4482.7,4519.7,4473.2,4514.8
1467997200,4514.8,4529.4,4514.6,4523.3
1468184400,4523.3,4532.6,4522.05,4531.5
1468198800,4531.5,4550.1,4529.2,4542.8
1468213200,4542.8,4550.9,4538.6,4538.8
1468227600,4538.8,4549.6,4533.7,4546.1
1468242000,4546.1,4569.4,4541.4,4567.3
1468256400,4567.3,4568.1,4551.4,4557.1
1468270800,4557.1,4558.1,4552.7,4556.3
1468285200,4556.3,4562.1,4554.3,4558.9
1468299600,4558.9,4585.1,4556.3,4581.3
1468314000,4581.3,4582.9,4577.2,4581.2
1468328400,4581.2,4587.9,4569.9,4578.9
1468342800,4578.9,4584.6,4571.4,4576.1
1468357200,4576.1,4576.9,4571.4,4575.15
1468371600,4575.15,4575.3,4565.9,4571.95
1468386000,4571.95,4579.6,4567.7,4578.1
1468400400,4578.1,4590.4,4575.2,4589.2
1468414800,4589.2,4589.8,4564.9,4573.8
1468429200,4573.8,4578.8,4564.9,4566.3
1468443600,4566.3,4566.3,4559.7,4561.6
1468458000,4561.6,4570.1,4560.9,4568.6
1468472400,4568.6,4601.9,4568.5,4595.7
1468486800,4595.7,4614.1,4585.4,4599.7
1468501200,4599.7,4604.9,4585,4593.8
1468515600,4593.8,4601.9,4584.6,4595.8
1468530000,4595.8,4595.8,4582.1,4584.3
1468544400,4584.3,4600.8,4584.1,4591.8
1468558800,4591.8,4598.4,4585.3,4590.9
1468573200,4590.9,4601.9,4585.3,4598.4
1468587600,4598.4,4609.3,4578.4,4580.9
1468602000,4580.9,4593.4,4548,4567.8
1468789200,4567.8,4600.8,4567.8,4591.5
1468803600,4591.5,4598.4,4587.6,4590.8
1468818000,4590.8,4604.8,4588.8,4598.4
1468832400,4598.4,4599.3,4585.6,4591.1
1468846800,4591.1,4627.6,4590.6,4618.9
1468861200,4618.9,4625.9,4608.4,4613.8
1468875600,4613.8,4617.2,4611.8,4612.3
1468890000,4612.3,4612.4,4605.1,4611.1
1468904400,4611.1,4614,4598.6,4602.1
1468918800,4602.1,4606.8,4599.4,4604.2
1468933200,4604.2,4616.6,4595.6,4604.2
1468947600,4604.2,4616.3,4594.1,4613.9
1468962000,4613.9,4615.6,4605.6,4605.9
1468976400,4605.9,4610.7,4603.6,4610.4
1468990800,4610.4,4627.1,4609,4624.3
1469005200,4624.3,4632.8,4623.6,4624.7
1469019600,4624.7,4658.4,4621.6,4654.6
1469034000,4654.6,4665.1,4650.9,4662.2
1469048400,4662.2,4662.2,4657.7,4659.7
1469062800,4659.7,4664.9,4658.7,4659.8
1469077200,4659.8,4667.4,4651.4,4654.9
1469091600,4654.9,4661.7,4649.1,4657.4
1469106000,4657.4,4667.9,4643.9,4645.9
1469120400,4645.9,4650.1,4632.9,4645.6
1469134800,4645.6,4645.85,4641.9,4643
1469149200,4643,4646.8,4639.8,4641.8
1469163600,4641.8,4658.6,4638.8,4655.9
1469178000,4655.9,4659.9,4647.6,4651.9
1469192400,4651.9,4670.4,4634.6,4666
1469206800,4666,4666.8,4660.9,4663.9
1469394000,4663.9,4670.6,4662.6,4668.9
1469408400,4668.9,4675.45,4656.3,4657.9
1469422800,4657.9,4668.1,4651.4,4664.3
1469437200,4664.3,4665.3,4658.1,4660.2
1469451600,4660.2,4666.4,4649.6,4654.9
1469466000,4654.9,4665.8,4651.9,4664.4
1469480400,4664.4,4664.4,4652.4,4652.9
1469494800,4652.9,4667.3,4651.3,4662.1
1469509200,4662.1,4668.1,4654.4,4659.2
1469523600,4659.2,4668.6,4656.5,4665
1469538000,4665,4687.8,4646.9,4667
1469552400,4667,4694.1,4652.9,4692.4
1469566800,4692.4,4701.4,4692.4,4698.2
1469581200,4698.2,4705.3,4695.7,4699.6
1469595600,4699.6,4704.1,4698.2,4702.3
1469610000,4702.3,4709.3,4698.9,4708.2
1469624400,4708.2,4714.1,4688.9,4691.6
1469638800,4691.6,4719.6,4683.05,4719.55
1469653200,4719.55,4719.55,4711.6,4715.1
1469667600,4715.1,4718.1,4711.4,4717.1
1469682000,4717.1,4727.4,4713.9,4719.8
1469696400,4719.8,4720.9,4705.3,4708.1
1469710800,4708.1,4719.1,4695.7,4702.6
1469725200,4702.6,4737.8,4700.7,4737.4
1469739600,4737.4,4738.8,4727.4,4729.4
1469754000,4729.4,4737.45,4716.3,4723.9
1469768400,4723.9,4733.4,4717.9,4723.1
1469782800,4723.1,4731.6,4720.7,4729.8
1469797200,4729.8,4742.4,4715.2,4730.9
1469811600,4730.9,4736.7,4723.4,4735.55
1469998800,4735.55,4743.9,4734.4,4738.6
1470013200,4738.6,4749.8,4736.7,4746.4
1470027600,4746.4,4749.8,4737.9,4738.3
1470042000,4738.3,4740.2,4731.9,4733.8
1470056400,4733.8,4766.4,4727.1,4745.4
1470070800,4745.4,4757.1,4743.4,4752.6
1470085200,4752.6,4760.6,4750.35,4759.3
1470099600,4759.3,4765.3,4758.1,4758.4
1470114000,4758.4,4762.7,4737.9,4742.1
1470128400,4742.1,4747.1,4738.6,4743.1
1470142800,4743.1,4751.8,4698.1,4700.4
1470157200,4700.4,4726.3,4687.9,4720.85
1470171600,4720.85,4720.85,4712.6,4713.3
1470186000,4713.3,4720.6,4709.4,4715
1470200400,4715,4719.5,4704.1,4708.6
1470214800,4708.6,4715.8,4705.7,4711.8
1470229200,4711.8,4731.4,4711.1,4721.3
1470243600,4721.3,4734.4,4718.6,4732.6
1470258000,4732.6,4738.7,4728.8,4735.6
1470272400,4735.6,4736.1,4726.8,4731.2
1470286800,4731.2,4735.4,4723.6,4726.3
1470301200,4726.3,4742.6,4723.9,4731.6
1470315600,4731.6,4750.5,4720,4741.3
1470330000,4741.3,4751.4,4736.7,4750.7
1470344400,4750.7,4753.9,4748.2,4752.1
1470358800,4752.1,4758,4749.9,4756
1470373200,4756,4764.2,4753.3,4756.8
1470387600,4756.8,4770.5,4752.2,4768.7
1470402000,4768.7,4800.2,4762.5,4796.2
1470416400,4796.2,4798.3,4785.1,4786.7
1470603600,4786.7,4791.2,4784.9,4790.3
1470618000,4790.3,4793.4,4787.3,4791.9
1470632400,4791.9,4803.4,4790,4801.5
1470646800,4801.5,4802.3,4790.2,4790.3
1470661200,4790.3,4793.2,4768.7,4777.6
1470675600,4777.6,4784.3,4771.1,4782.7
1470690000,4782.7,4785.3,4780.3,4782.4
1470704400,4782.4,4785.2,4781.3,4784.4
1470718800,4784.4,4787.8,4781,4784
1470733200,4784,4791.2,4783.7,4787.7
1470747600,4787.7,4810.2,4784.5,4796.9
1470762000,4796.9,4800.8,4788.5,4795.7
1470776400,4795.7,4795.7,4785.4,4788.2
1470790800,4788.2,4793.6,4786.2,4791.7
1470805200,4791.7,4799.9,4788,4799
1470819600,4799,4803,4795.2,4800.9
1470834000,4800.9,4801.7,4770,4785.8
1470848400,4785.8,4786.5,4773.7,4783.4
1470862800,4783.4,4783.4,4778.2,4780
1470877200,4780,4788.2,4779.8,4787.2
1470891600,4787.2,4799.3,4784,4792
1470906000,4792,4799.8,4791.5,4796.3
1470920400,4796.3,4813.5,4789.4,4804.4
1470934800,4804.4,4810.5,4798.9,4803.75
1470949200,4803.75,4807.2,4802,4803.4
1470963600,4803.4,4804.5,4799.5,4802.8
1470978000,4802.8,4807.9,4800.8,4805.2
1470992400,4805.2,4807,4798.7,4800.5
1471006800,4800.5,4804.2,4789.7,4797.7
1471021200,4797.7,4809,4791,4808.5
1471208400,4808.5,4810.2,4807.7,4809.3
1471222800,4809.3,4816.2,4808,4814.7
1471237200,4814.7,4821,4811.7,4815
1471251600,4815,4817.5,4813.7,4815
1471266000,4815,4837,4810.5,4835.3
1471280400,4835.3,4837.8,4824,4826.8
1471294800,4826.8,4827,4822.9,4823
1471309200,4823,4825.4,4819.5,4822.4
1471323600,4822.4,4822.5,4814.2,4817.2
1471338000,4817.2,4826.9,4814.2,4816.9
1471352400,4816.9,4818.4,4799.3,4814.7
1471366800,4814.7,4814.7,4799,4804.3
1471381200,4804.3,4809.2,4802.8,4806.8
1471395600,4806.8,4808.2,4804.9,4806.3
1471410000,4806.3,4812.2,4792.2,4799.2
1471424400,4799.2,4808.5,4798.5,4806.3
1471438800,4806.3,4807,4774.6,4797.1
1471453200,4797.1,4811.7,4783.7,4810.4
1471467600,4810.4,4811.3,4804.9,4808.4
1471482000,4808.4,4816.5,4807.8,4813.2
1471496400,4813.2,4814.7,4804,4804.9
1471510800,4804.9,4807.4,4796.4,4801
1471525200,4801,4816.7,4795.3,4801.8
1471539600,4801.8,4813.9,4801.8,4810.4
1471554000,4810.4,4812.9,4809.5,4811.2
1471568400,4811.2,4813.7,4803.7,4807.3
1471582800,4807.3,4810.5,4790.7,4793.9
1471597200,4793.9,4800.7,4793.5,4799.9
1471611600,4799.9,4818.2,4786.7,4798.4
1471626000,4798.4,4810.5,4794.2,4809.95
1471813200,4809.95,4810.7,4803.1,4803.7
1471827600,4803.7,4807.5,4797.5,4799.4
1471842000,4799.4,4816.5,4794.5,4814.5
1471856400,4814.5,4818.7,4795.8,4800.9
1471870800,4800.9,4819.5,4791.2,4807.5
1471885200,4807.5,4815,4794,4814.8
1471899600,4814.8,4814.8,4809.4,4812.3
1471914000,4812.3,4817.9,4810.9,4815.6
1471928400,4815.6,4829.7,4813.5,4826.4
1471942800,4826.4,4831.4,4823.3,4826.8
1471957200,4826.8,4838.2,4817.1,4820.2
1471971600,4820.2,4827.6,4817.4,4821.1
1471986000,4821.1,4824.1,4818.7,4822.1
1472000400,4822.1,4822.2,4810,4815.3
1472014800,4815.3,4823.7,4806.9,4822.6
1472029200,4822.6,4825,4819.6,4821.6
1472043600,4821.6,4822.4,4805.6,4814.1
1472058000,4814.1,4815.1,4771.9,4786.4
1472072400,4786.4,4788.7,4781.9,4785.8
1472086800,4785.8,4793.1,4783.1,4788.7
1472101200,4788.7,4791.7,4774,4775.7
1472115600,4775.7,4786.1,4774.2,4777.1
1472130000,4777.1,4794.9,4769.4,4789.2
1472144400,4789.2,4792.1,4769.9,4784.3
1472158800,4784.3,4786.1,4779.1,4779.9
1472173200,4779.9,4786.6,4779.6,4785.1
1472187600,4785.1,4787.6,4778.3,4783.7
1472202000,4783.7,4785.4,4776.7,4779.1
1472216400,4779.1,4818.2,4758.4,4775.8
1472230800,4775.8,4789.9,4758.6,4785.05
1472418000,4785.05,4787.1,4775.1,4781.6
1472432400,4781.6,4783.1,4777,4780.4
1472446800,4780.4,4787.3,4776.6,4783.9
1472461200,4783.9,4791.2,4779.3,4789.7
1472475600,4789.7,4805.7,4787,4805.7
1472490000,4805.7,4806.3,4791.7,4796.3
1472504400,4796.3,4798.7,4794.4,4797.8
1472518800,4797.8,4799.2,4792.8,4793.2
1472533200,4793.2,4797.7,4791,4794
1472547600,4794,4795.4,4781,4784.2
1472562000,4784.2,4798.9,4767,4774.2
1472576400,4774.2,4780,4760.7,4778.9
1472590800,4778.9,4779.55,4771.6,4772
1472605200,4772,4777,4769.8,4776.4
1472619600,4776.4,4778.2,4768.5,4774.5
1472634000,4774.5,4778.5,4769.1,4770.3
1472648400,4770.3,4777.7,4752.2,4760.5
1472662800,4760.5,4777.2,4757.7,4772.8
1472677200,4772.8,4777,4772.8,4776
1472691600,4776,4788.9,4772.3,4788.3
1472706000,4788.3,4795.7,4785.5,4791.3
1472720400,4791.3,4791.4,4778.7,4780.3
1472734800,4780.3,4787.4,4750.2,4781.7
1472749200,4781.7,4789.7,4770.7,4776.4
1472763600,4776.4,4780.75,4775.7,4777.7
1472778000,4777.7,4779,4774.8,4775.9
1472792400,4775.9,4788.4,4775.9,4782.8
1472806800,4782.8,4801,4778.5,4799.4
1472821200,4799.4,4818.2,4786.8,4791.8
1472835600,4791.8,4800,4781.2,4799.2
1473022800,4799.2,4803.45,4797.65,4802.5
1473037200,4802.5,4806.3,4801,4805
1473051600,4805,4806.4,4798.3,4800.4
1473066000,4800.4,4801.1,4796.1,4796.7
1473080400,4796.7,4797.6,4782.1,4792.8
1473094800,4792.8,4792.8,4792.5,4792.5
1473109200,4792.5,4794.1,4789.4,4792.7
1473123600,4792.7,4797.3,4791.9,4795.3
1473138000,4795.3,4801.9,4794.6,4799.9
1473152400,4799.9,4802.6,4797.7,4802.3
1473166800,4802.3,4827.7,4796.4,4823.7
1473181200,4823.7,4831.4,4818.2,4830.9
1473195600,4830.9,4830.9,4827.8,4829.5
1473210000,4829.5,4831.4,4828.2,4829.9
1473224400,4829.9,4837.7,4827.1,4833.9
1473238800,4833.9,4836.7,4829.5,4832.5
1473253200,4832.5,4839.7,4812.7,4818.2
1473267600,4818.2,4831.2,4816.7,4828.9
1473282000,4828.9,4828.9,4826.3,4827
1473296400,4827,4829.3,4826,4829.1
1473310800,4829.1,4837,4828.8,4833.5
1473325200,4833.5,4834.2,4818.2,4821.2
1473339600,4821.2,4821.9,4795.5,4802.3
1473354000,4802.3,4806.5,4789.7,4797.1
1473368400,4797.1,4797.55,4793.8,4794.4
1473382800,4794.4,4798,4793.8,4797.4
1473397200,4797.4,4797.7,4787.5,4791.7
1473411600,4791.7,4791.7,4763.5,4765.8
1473426000,4765.8,4772.6,4718.5,4724.4
1473440400,4724.4,4724.7,4666.1,4668.5
1473627600,4668.5,4671.4,4654,4660.9
1473642000,4660.9,4663.2,4634.2,4646.9
1473656400,4646.9,4651.7,4631,4636.3
1473670800,4636.3,4661.4,4629.35,4658
1473685200,4658,4739.2,4654.3,4736.3
1473699600,4736.3,4772.2,4722.2,4766.7
1473714000,4766.7,4766.7,4756.75,4758
1473728400,4758,4758.3,4749.15,4756.2
1473742800,4756.2,4756.55,4731.9,4734.9
1473757200,4734.9,4744.4,4733.75,4738.7
1473771600,4738.7,4755.4,4703.3,4707.5
1473786000,4707.5,4734.9,4699.5,4733.35
1473800400,4733.35,4736.2,4723.4,4733.5
1473814800,4733.5,4743.5,4731.8,4734.8
1473829200,4734.8,4745.3,4724.6,4740.8
1473843600,4740.8,4745,4729.8,4741.2
1473858000,4741.2,4770.5,4723.8,4758.7
1473872400,4758.7,4765.1,4728.8,4735.5
1473886800,4735.5,4740.6,4733.7,4736
1473901200,4736,4737.7,4719.2,4730.7
1473915600,4730.7,4742.6,4727.9,4741.8
1473930000,4741.8,4757.5,4739.2,4745.2
1473944400,4745.2,4809.2,4739,4798.7
1473958800,4798.7,4826.2,4796.5,4814.1
1473973200,4814.1,4814.7,4804.7,4808
1473987600,4808,4812.7,4807.7,4811.5
1474002000,4811.5,4814.3,4801.2,4805.7
1474016400,4805.7,4812.7,4796.4,4810.4
1474030800,4810.4,4822.2,4791.4,4806.1
1474045200,4806.1,4821.1,4794.9,4818.7
1474232400,4818.7,4834.75,4813.9,4828
1474246800,4828,4832.9,4827.2,4831.4
1474261200,4831.4,4844.4,4831.4,4838.6
1474275600,4838.6,4842.1,4830,4830.6
1474290000,4830.6,4842.9,4800.2,4800.8
1474304400,4800.8,4812.9,4785.3,4799.1
1474318800,4799.1,4804.2,4792.7,4800
1474333200,4800,4808.1,4799.6,4806.6
1474347600,4806.6,4810.4,4801.9,4806.2
1474362000,4806.2,4818.1,4805.2,4810.9
1474376400,4810.9,4823.4,4797.4,4797.9
1474390800,4797.9,4816.4,4795.7,4801.7
1474405200,4801.7,4807.3,4800.9,4805
1474419600,4805,4817.2,4791.2,4816.6
1474434000,4816.6,4832.8,4816.1,4824.7
1474448400,4824.7,4828.9,4818.7,4818.9
1474462800,4818.9,4832.7,4795.2,4806.3
1474477200,4806.3,4857.2,4800.1,4853.4
1474491600,4853.4,4853.4,4847.7,4849.2
1474506000,4849.2,4853.7,4848,4852
1474520400,4852,4858.6,4845.6,4857.7
1474534800,4857.7,4877.9,4857.5,4877.6
1474549200,4877.6,4890.7,4873.9,4888.4
1474563600,4888.4,4894.9,4876.4,4891.4
1474578000,4891.4,4891.4,4885.2,4886.1
1474592400,4886.1,4890.9,4884.7,4888.8
1474606800,4888.8,4892.6,4880.2,4881.4
1474621200,4881.4,4887,4878.2,4884.5
1474635600,4884.5,4886.2,4866.7,4876.9
1474650000,4876.9,4877.2,4851.3,4859.4
1474837200,4859.4,4862.4,4853.2,4860
1474851600,4860,4860.1,4844.1,4851.1
1474866000,4851.1,4851.3,4821.9,4828.9
1474880400,4828.9,4835.2,4826.2,4830.1
1474894800,4830.1,4836.4,4811.7,4822.3
1474909200,4822.3,4823.2,4810.2,4817
1474923600,4817,4820.9,4803.9,4807.4
1474938000,4807.4,4848.9,4806.7,4845.6
1474952400,4845.6,4849.3,4828.9,4829.7
1474966800,4829.7,4831.9,4817.2,4819.8
1474981200,4819.8,4862.7,4809.9,4859.5
1474995600,4859.5,4867.4,4855,4862.6
1475010000,4862.6,4866.4,4859.7,4861.3
1475024400,4861.3,4861.3,4851.5,4858.4
1475038800,4858.4,4876.1,4856.7,4870.1
1475053200,4870.1,4871.4,4854.9,4865.4
1475067600,4865.4,4873.5,4847.7,4858.5
1475082000,4858.5,4875.7,4853,4871.5
1475096400,4871.5,4876.4,4868.3,4875.1
1475110800,4875.1,4879.1,4874,4877.3
1475125200,4877.3,4879,4870.2,4873.9
1475139600,4873.9,4875.4,4857.7,4863.2
1475154000,4863.2,4873.6,4822.5,4827.2
1475168400,4827.2,4855.8,4815.5,4844.4
1475182800,4844.4,4844.4,4828.6,4829
1475197200,4829,4835.1,4824.8,4829.8
1475211600,4829.8,4836.15,4814.8,4833.6
1475226000,4833.6,4851,4830.5,4848.5
1475240400,4848.5,4882.9,4844.5,4877.3
1475254800,4877.3,4888.1,4866,4866.3
1475442000,4866.3,4878,4866.3,4875.8
1475456400,4875.8,4882,4873.8,4874.5
1475470800,4874.5,4877.5,4867,4874.1
1475485200,4874.1,4877.4,4859.2,4859.6
1475499600,4859.6,4871.7,4845.7,4854.2
1475514000,4854.2,4871.4,4848.2,4871.4
1475528400,4871.4,4876,4870.1,4874.5
1475542800,4874.5,4875.6,4871.2,4873
1475557200,4873,4882.9,4869,4879.9
1475571600,4879.9,4883.9,4870.9,4874.7
1475586000,4874.7,4890.6,4859.3,4862.5
1475600400,4862.5,4864.5,4838.8,4857.7
1475614800,4857.7,4859.1,4851.75,4853.2
1475629200,4853.2,4862,4852.6,4858.7
1475643600,4858.7,4864.5,4851.7,4860.6
1475658000,4860.6,4872.5,4856.7,4867.3
1475672400,4867.3,4890.7,4863.3,4884.6
1475686800,4884.6,4887.7,4873.7,4879.2
1475701200,4879.2,4879.9,4876.5,4877.1
1475715600,4877.1,4877.1,4872.2,4875.4
1475730000,4875.4,4883.1,4874.85,4880.1
1475744400,4880.1,4880.5,4864.4,4870.9
1475758800,4870.9,4882.7,4847.9,4874
1475773200,4874,4878.4,4870.5,4873.2
1475787600,4873.2,4874.1,4861.1,4862.2
1475802000,4862.2,4867.8,4859.4,4865.2
1475816400,4865.2,4867.2,4855.1,4863.7
1475830800,4863.7,4885.7,4855.9,4877.6
1475845200,4877.6,4883.4,4836.9,4846
1475859600,4846,4868.7,4841.7,4861.65
1476046800,4861.65,4876.7,4861.65,4872.7
1476061200,4872.7,4878.1,4866.8,4872
1476075600,4872,4875.7,4864.7,4872.9
1476090000,4872.9,4886.7,4871.1,4885.1
1476104400,4885.1,4903.6,4882.9,4897.7
1476118800,4897.7,4903.7,4889.9,4895.1
1476133200,4895.1,4899.4,4893.5,4898.8
1476147600,4898.8,4899.2,4883.6,4888.6
1476162000,4888.6,4888.9,4882.7,4883.5
1476176400,4883.5,4895.9,4881.2,4888.4
1476190800,4888.4,4889.6,4827.7,4836.1
1476205200,4836.1,4836.1,4800.4,4827.5
1476219600,4827.5,4835.4,4821.2,4834.6
1476234000,4834.6,4842.4,4832,4834
1476248400,4834,4836,4815.7,4821.5
1476262800,4821.5,4825.9,4810.9,4820.6
1476277200,4820.6,4826.9,4802.7,4823.3
1476291600,4823.3,4833.9,4810.1,4810.1
1476306000,4810.1,4815,4805.7,4811.7
1476320400,4811.7,4811.9,4776.3,4788.4
1476334800,4788.4,4790.9,4776.4,4786.1
1476349200,4786.1,4790.9,4778.4,4782.5
1476363600,4782.5,4798.4,4756.9,4794.6
1476378000,4794.6,4813.2,4786.9,4798
1476392400,4798,4801.1,4788.5,4791.7
1476406800,4791.7,4803.9,4791.7,4801.5
1476421200,4801.5,4806.8,4793.7,4805.5
1476435600,4805.5,4824.6,4804.7,4817.8
1476450000,4817.8,4843.2,4803.2,4813.4
1476464400,4813.4,4824.9,4799.2,4804.75
1476651600,4804.75,4808.25,4786.95,4797
1476666000,4797,4797.1,4783.5,4790.6
1476680400,4790.6,4798.2,4785,4789.6
1476694800,4789.6,4804,4783.5,4802.5
1476709200,4802.5,4812.7,4786.5,4798.6
1476723600,4798.6,4809.9,4788.2,4805.5
1476738000,4805.5,4817.1,4802.1,4816.2
1476752400,4816.2,4821.7,4815.9,4819.4
1476766800,4819.4,4836.2,4818.9,4833
1476781200,4833,4850.4,4829.2,4847.4
1476795600,4847.4,4858.9,4833.2,4854.1
1476810000,4854.1,4855.7,4824.7,4828.4
1476824400,4828.4,4831.1,4823.95,4828.3
1476838800,4828.3,4835.6,4828.2,4832.9
1476853200,4832.9,4833.2,4813.2,4823.9
1476867600,4823.9,4835.2,4820.2,4833
1476882000,4833,4842.5,4826.7,4835.5
1476896400,4835.5,4840.7,4831.1,4832.5
1476910800,4832.5,4838.7,4828,4837.7
1476925200,4837.7,4846.1,4834.9,4840.1
1476939600,4840.1,4843.8,4834,4835.4
1476954000,4835.4,4840.7,4823.7,4829.9
1476968400,4829.9,4840.1,4801.2,4833
1476982800,4833,4849.4,4815.6,4846.7
1476997200,4846.7,4851.1,4841.6,4844.7
1477011600,4844.7,4846.7,4839.7,4841.5
1477026000,4841.5,4846.9,4834.7,4836.6
1477040400,4836.6,4845.9,4835.9,4837.8
1477054800,4837.8,4847.6,4816.9,4841.9
1477069200,4841.9,4850.1,4836.7,4847.75
1477256400,4847.75,4855.2,4846.85,4851.1
1477270800,4851.1,4853.6,4845,4852.1
1477285200,4852.1,4877.1,4851.7,4873.5
1477299600,4873.5,4879.1,4872.6,4878.9
1477314000,4878.9,4900.9,4877.2,4894.6
1477328400,4894.6,4910.8,4894,4910.5
1477342800,4910.5,4910.7,4906.2,4910.6
1477357200,4910.6,4918,4909.1,4915.2
1477371600,4915.2,4921.2,4913.4,4920.7
1477386000,4920.7,4921.7,4909,4913.6
1477400400,4913.6,4913.9,4885.2,4891
1477414800,4891,4905.2,4876,4880.4
1477429200,4880.4,4880.4,4871.2,4873.6
1477443600,4873.6,4877.6,4871.2,4873.7
1477458000,4873.7,4877.7,4859.2,4861.7
1477472400,4861.7,4870.7,4855.4,4865
1477486800,4865,4883.9,4844.1,4868.1
1477501200,4868.1,4870.4,4841.9,4855.9
1477515600,4855.9,4858,4850.5,4850.9
1477530000,4850.9,4859,4848.9,4851.1
1477544400,4851.1,4867.2,4844.9,4851.1
1477558800,4851.1,4882.7,4846.7,4881.8
1477573200,4881.8,4882.6,4842.4,4846.4
1477587600,4846.4,4852.9,4806.7,4825.85
1477602000,4825.85,4825.85,4819.6,4821.5
1477616400,4821.5,4822.2,4815.6,4817.6
1477630800,4817.6,4819.2,4790.7,4801.7
1477645200,4801.7,4824.7,4801.4,4820.2
1477659600,4820.2,4845.6,4801.9,4837.4
1477674000,4837.4,4839.7,4788.9,4807.4
1477861200,4807.4,4807.4,4791.15,4800
1477875600,4800,4828,4797.4,4828
1477890000,4828,4832.2,4821.9,4827
1477904400,4827,4828.7,4818.2,4825.7
1477918800,4825.7,4826.4,4801.7,4809.3
1477933200,4809.3,4810.4,4797.5,4805.9
1477947600,4805.9,4807.1,4799.7,4800.5
1477962000,4800.5,4819.2,4800.5,4817.2
1477976400,4817.2,4818.9,4805.4,4806.1
1477990800,4806.1,4813.7,4803,4807.7
1478005200,4807.7,4809.7,4758.9,4762.7
1478019600,4762.7,4770.9,4720.9,4757.7
1478034000,4757.7,4762.1,4754.2,4759
1478048400,4759,4759,4740.1,4742.6
1478062800,4742.6,4751.4,4741,4748.5
1478077200,4748.5,4762.7,4745.4,4761.1
1478091600,4761.1,4770.4,4740.7,4744.1
1478106000,4744.1,4746.9,4710.6,4722.4
1478120400,4722.4,4722.4,4698.2,4711.3
1478134800,4711.3,4715.85,4691.9,4700.4
1478149200,4700.4,4706.8,4695.6,4702.8
1478163600,4702.8,4725.1,4699.6,4723.3
1478178000,4723.3,4731.5,4689.6,4696
1478192400,4696,4699.4,4670.95,4673.4
1478206800,4673.4,4681.8,4673.4,4676.8
1478221200,4676.8,4682.9,4675,4678.1
1478235600,4678.1,4684.1,4672.5,4678.1
1478250000,4678.1,4684,4670.1,4680.1
1478264400,4680.1,4695.6,4653.3,4695.5
1478278800,4695.5,4696.9,4656.8,4662.35
1478469600,4662.35,4735.9,4662.35,4728.4
1478484000,4728.4,4729.3,4724.1,4727
1478498400,4727,4741.6,4726.9,4737.8
1478512800,4737.8,4738.1,4726.3,4733.1
1478527200,4733.1,4775.6,4728.1,4769.6
1478541600,4769.6,4783.1,4757.8,4782.4
1478556000,4782.4,4782.4,4759.8,4763.1
1478570400,4763.1,4774.9,4760.1,4770.1
1478584800,4770.1,4777.4,4767.9,4774.9
1478599200,4774.9,4775.8,4766.2,4767.5
1478613600,4767.5,4823.9,4754.6,4822.5
1478628000,4822.5,4823.8,4791,4803.4
1478642400,4803.4,4839.1,4775.9,4776.9
1478656800,4776.9,4777.1,4559.55,4569.65
1478671200,4569.65,4715.55,4565,4701.9
1478685600,4701.9,4734.35,4652.8,4719.65
1478700000,4719.65,4830.15,4717.4,4820.55
1478714400,4820.55,4831.15,4781.15,4822.2
1478728800,4822.2,4832.75,4810.75,4823.65
1478743200,4823.65,4866,4822.8,4853.5
1478757600,4853.5,4881,4849.35,4867
1478772000,4867,4875.3,4843.1,4850.2
1478786400,4850.2,4852.8,4680.9,4745.1
1478800800,4745.1,4779.2,4736.7,4741.1
1478815200,4741.1,4743.7,4715.6,4715.6
1478829600,4715.6,4724.5,4707.45,4714.2
1478844000,4714.2,4732.8,4697.3,4699.3
1478858400,4699.3,4721.9,4683.5,4720.3
1478872800,4720.3,4757.3,4707.6,4737.1
1478887200,4737.1,4759.1,4726,4743.75
1479074400,4743.75,4785.8,4743.75,4761.5
1479088800,4761.5,4781.6,4761.3,4775
1479103200,4775,4777.3,4760.95,4766.5
1479117600,4766.5,4766.8,4734.75,4750.7
1479132000,4750.7,4752,4674.3,4696.7
1479146400,4696.7,4719.6,4692.7,4695.6
1479160800,4695.6,4701.8,4689.3,4700.5
1479175200,4700.5,4703.55,4692.6,4701.7
1479189600,4701.7,4716.6,4697.5,4710.7
1479204000,4710.7,4732.7,4696.6,4729.8
1479218400,4729.8,4777.8,4724,4743.6
1479232800,4743.6,4780.3,4743.1,4767.1
1479247200,4767.1,4784,4766.5,4780.8
1479261600,4780.8,4783.9,4772.5,4772.9
1479276000,4772.9,4777.5,4755.9,4756.8
1479290400,4756.8,4764.9,4741.3,4743.5
1479304800,4743.5,4795.8,4737.5,4789.6
1479319200,4789.6,4795.8,4780.6,4784.35
1479333600,4784.35,4798.5,4782.5,4798.4
1479348000,4798.4,4800.9,4794.55,4799.9
1479362400,4799.9,4804.8,4790.5,4796.5
1479376800,4796.5,4803,4782.9,4790.3
1479391200,4790.3,4825.9,4779.4,4822.6
1479405600,4822.6,4831.8,4810.5,4831.5
1479420000,4831.5,4833.5,4822.5,4826.7
1479434400,4826.7,4831.1,4824.1,4829.6
1479448800,4829.6,4835.9,4816.7,4824.1
1479463200,4824.1,4838.7,4821.7,4830.7
1479477600,4830.7,4841.1,4803.7,4818.2
1479492000,4818.2,4819.2,4804.4,4811.2
1479679200,4811.2,4813.9,4804.3,4812.4
1479693600,4812.4,4818.5,4811.9,4817.4
1479708000,4817.4,4822.4,4804.4,4811
1479722400,4811,4824.9,4810.9,4822.2
1479736800,4822.2,4856.8,4818.55,4853.7
1479751200,4853.7,4862.6,4850.4,4858.6
1479765600,4858.6,4870.7,4857.8,4869.9
1479780000,4869.9,4882.1,4869.6,4879.4
1479794400,4879.4,4881.1,4875.6,4876.7
1479808800,4876.7,4879.6,4870,4870.3
1479823200,4870.3,4885.4,4861.2,4873
1479837600,4873,4879.2,4864.7,4879
1479852000,4879,4880.6,4874.6,4880.4
1479866400,4880.4,4883.1,4877.1,4879.7
1479880800,4879.7,4883.2,4876,4877.4
1479895200,4877.4,4877.5,4861.4,4862.1
1479909600,4862.1,4863.4,4831.2,4845.6
1479924000,4845.6,4853.6,4838.2,4851.4
1479938400,4851.4,4853.9,4840.2,4845
1479952800,4845,4850.5,4844.5,4848.2
1479967200,4848.2,4854,4843.9,4851.7
1479981600,4851.7,4852.9,4847,4850
1479996000,4850,4863.3,4849.9,4863.05
1480024800,4863.05,4867.2,4857.7,4865.9
1480039200,4865.9,4866.7,4856.65,4859.7
1480053600,4859.7,4862.5,4853.8,4857.3
1480068000,4857.3,4860.8,4854.8,4856.9
1480082400,4856.9,4870.5,4852.8,4867.8
1480096800,4867.8,4870.5,4867,4869.9
1480284000,4869.9,4869.9,4857,4860.1
1480298400,4860.1,4865.7,4858,4865.2
1480312800,4865.2,4867.9,4842.8,4856.9
1480327200,4856.9,4863.8,4854.1,4861.6
1480341600,4861.6,4879.6,4851.6,4874.1
1480356000,4874.1,4874.1,4854.1,4858.9
1480370400,4858.9,4861.1,4856.4,4860.4
1480384800,4860.4,4863.4,4857.4,4857.9
1480399200,4857.9,4872.4,4857.2,4869.4
1480413600,4869.4,4871.6,4857.6,4859.2
1480428000,4859.2,4897.6,4847.7,4894.5
1480442400,4894.5,4895.9,4868.1,4874.45
1480456800,4874.45,4878.6,4872.9,4875.3
1480471200,4875.3,4877.2,4868.3,4872.4
1480485600,4872.4,4885.6,4872.3,4876.8
1480500000,4876.8,4881.9,4870.9,4875.7
1480514400,4875.7,4883.1,4822.9,4834.5
1480528800,4834.5,4836.6,4812.8,4818.8
1480543200,4818.8,4822.3,4815.6,4820.7
1480557600,4820.7,4827.3,4820,4822.1
1480572000,4822.1,4822.6,4805.3,4806.3
1480586400,4806.3,4819.1,4805.4,4816.4
1480600800,4816.4,4820.8,4733.4,4736
1480615200,4736,4742.8,4722.9,4735.3
1480629600,4735.3,4735.85,4730.4,4731.4
1480644000,4731.4,4731.7,4723.2,4728.3
1480658400,4728.3,4728.3,4707.4,4710.7
1480672800,4710.7,4733.9,4707.8,4729.5
1480687200,4729.5,4758.9,4720.1,4747.4
1480701600,4747.4,4747.9,4729.7,4733.8
1480888800,4733.8,4733.8,4701.6,4726
1480903200,4726,4731.4,4722.1,4722.2
1480917600,4722.2,4776.7,4717.1,4766.9
1480932000,4766.9,4767.9,4755.2,4759.4
1480946400,4759.4,4795.7,4741.9,4779.7
1480960800,4779.7,4784.4,4767.7,4782.6
1480975200,4782.6,4785.6,4776.4,4781.8
1480989600,4781.8,4782.4,4777.4,4780.2
1481004000,4780.2,4785.7,4772.9,4785.4
1481018400,4785.4,4792.7,4781.2,4789.6
1481032800,4789.6,4796.4,4767.9,4773.2
1481047200,4773.2,4790.15,4772.1,4789.85
1481061600,4789.85,4790.8,4785.3,4785.4
1481076000,4785.4,4789.9,4782.8,4789.1
1481090400,4789.1,4795.3,4788.1,4789.7
1481104800,4789.7,4791.3,4774.9,4776.8
1481119200,4776.8,4807.9,4763.6,4807.4
1481133600,4807.4,4854.9,4806.4,4844.6
1481148000,4844.6,4848.8,4838.55,4846.1
1481162400,4846.1,4853.9,4844.9,4852.7
1481176800,4852.7,4853.6,4841.4,4844.8
1481191200,4844.8,4852.7,4836.3,4846.3
1481205600,4846.3,4869.2,4841,4861.7
1481220000,4861.7,4863.6,4841.4,4862.6
1481234400,4862.6,4863.85,4860.1,4861.55
1481248800,4861.55,4864.1,4857.1,4863.65
1481263200,4863.65,4863.7,4852.7,4858.4
1481277600,4858.4,4878.1,4858.4,4877.6
1481292000,4877.6,4897.3,4875.4,4884.8
1481306400,4884.8,4895.3,4878.6,4894.65
1481493600,4894.65,4916.8,4891.85,4892.4
1481508000,4892.4,4892.45,4869.6,4876.95
1481522400,4876.95,4880.1,4862.5,4866.1
1481536800,4866.1,4879.1,4864.4,4877.3
1481551200,4877.3,4882.9,4852.4,4860.2
1481565600,4860.2,4874.4,4857.1,4867.15
1481580000,4867.15,4873.95,4861.3,4871.95
1481594400,4871.95,4878.3,4868.2,4878.3
1481608800,4878.3,4886.6,4876,4883.7
1481623200,4883.7,4889.7,4881.2,4887.8
1481637600,4887.8,4962.8,4885.1,4948.8
1481652000,4948.8,4963.1,4932.9,4941.8
1481666400,4941.8,4941.8,4936.7,4940.8
1481680800,4940.8,4944.4,4938.9,4941.2
1481695200,4941.2,4944.2,4935.5,4940.6
1481709600,4940.6,4943.3,4936.4,4941.4
1481724000,4941.4,4954.1,4936,4948.8
1481738400,4948.8,4958.7,4912.4,4933.5
1481752800,4933.5,4940.5,4922.7,4933.5
1481767200,4933.5,4939.4,4925.7,4935.5
1481781600,4935.5,4940,4926.2,4930
1481796000,4930,4941.3,4919.7,4931.3
1481810400,4931.3,4963,4925.3,4951.7
1481824800,4951.7,4958.7,4920.8,4940.3
1481839200,4940.3,4943.1,4934.9,4937.3
1481853600,4937.3,4941.7,4937.2,4938.7
1481868000,4938.7,4940.8,4932.2,4933.1
1481882400,4933.1,4949.5,4932.5,4945.5
1481896800,4945.5,4953.1,4909.7,4917.3
1481911200,4917.3,4920.7,4905.8,4916.5
1482098400,4916.5,4925.5,4916.5,4922
1482112800,4922,4925,4920,4924.5
1482127200,4924.5,4925.5,4919.3,4922.3
1482141600,4922.3,4926.8,4920.8,4924
1482156000,4924,4967.5,4913.8,4952.3
1482170400,4952.3,4955.7,4928.5,4942.1
1482184800,4942.1,4948.9,4940.1,4944.2
1482199200,4944.2,4945.5,4940.6,4943.1
1482213600,4943.1,4948.9,4940.1,4943.5
1482228000,4943.5,4954.2,4940.5,4953
1482242400,4953,4964.8,4948.8,4957.3
1482256800,4957.3,4959.8,4946.6,4958.1
1482271200,4958.1,4959.5,4956,4957
1482285600,4957,4960.5,4956.1,4958.2
1482300000,4958.2,4961.3,4954.5,4957.6
1482314400,4957.6,4958.5,4951.8,4957.3
1482328800,4957.3,4961,4940.7,4952.2
1482343200,4952.2,4958.3,4946.8,4947.9
1482357600,4947.9,4950.7,4946.6,4948.5
1482372000,4948.5,4948.5,4938.8,4943.8
1482386400,4943.8,4949.7,4942.8,4945.3
1482400800,4945.3,4954.3,4942.8,4951
1482415200,4951,4954.3,4918.6,4926
1482429600,4926,4938.3,4921.7,4935.5
1482444000,4935.5,4938.2,4932.4,4937.3
1482458400,4937.3,4938,4934.3,4935.1
1482472800,4935.1,4939.8,4932.8,4938.1
1482487200,4938.1,4939.2,4928.6,4931.1
1482501600,4931.1,4941.9,4924.3,4932.2
1482516000,4932.2,4944.3,4932,4944.3
1482789600,4944.3,4945.85,4941.7,4944.3
1482804000,4944.3,4945.7,4943.1,4944.7
1482818400,4944.7,4946,4941.8,4942.2
1482832800,4942.2,4951.8,4941.8,4951.5
1482847200,4951.5,4995.5,4949.3,4975
1482861600,4975,4979.4,4960.7,4961.45
1482876000,4961.45,4972.5,4961.3,4971.1
1482890400,4971.1,4971.7,4969.1,4971.1
1482904800,4971.1,4979.1,4971.1,4977.3
1482919200,4977.3,4980.7,4974,4977.8
1482933600,4977.8,4980.3,4927.6,4931.3
1482948000,4931.3,4934.5,4921.8,4924.4
1482962400,4924.4,4929.1,4919.8,4926.8
1482976800,4926.8,4927.5,4924.3,4924.8
1482991200,4924.8,4926.2,4914.8,4921.1
1483005600,4921.1,4928,4920.5,4926.9
1483020000,4926.9,4934.7,4902.7,4914.3
1483034400,4914.3,4922.4,4904.2,4921.2
1483048800,4921.2,4926.8,4918.5,4926.2
1483063200,4926.2,4941.4,4924.2,4936.2
1483077600,4936.2,4936.5,4928.6,4930.5
1483092000,4930.5,4932.8,4924.6,4927
1483106400,4927,4927.2,4858.2,4865.1
1483120800,4865.1,4869.9,4850.3,4865.3
1483394400,4865.3,4892.3,4865.3,4885.4
1483408800,4885.4,4897.3,4884.7,4894.4
1483423200,4894.4,4906.3,4893,4896.1
1483437600,4896.1,4907.9,4895.4,4902.2
1483452000,4902.2,4927.2,4880.9,4888.5
1483466400,4888.5,4910.1,4881.1,4906.15
1483480800,4906.15,4914.2,4902.9,4913.8
1483495200,4913.8,4917.4,4911.9,4914.8
1483509600,4914.8,4916.3,4910.6,4914.2
1483524000,4914.2,4918.1,4909.7,4914.3
1483538400,4914.3,4935.9,4911.2,4931.2
1483552800,4931.2,4942.4,4928.4,4933.4
1483567200,4933.4,4936.6,4927.7,4929.4
1483581600,4929.4,4932.3,4928.1,4931.7
1483596000,4931.7,4933.2,4921.7,4932.4
1483610400,4932.4,4932.7,4920.4,4928.3
1483624800,4928.3,4958.4,4924.8,4952.7
1483639200,4952.7,4964.1,4951.1,4962.8
1483653600,4962.8,4964.1,4959.2,4963.3
1483668000,4963.3,4964.1,4960.9,4962.1
1483682400,4962.1,4963.1,4958.3,4960.8
1483696800,4960.8,4969.7,4960.3,4968.3
1483711200,4968.3,5013.6,4952.7,5011.9
1483725600,5011.9,5017.4,5002.1,5005
1483912800,5005,5012.3,5002.6,5011.9
1483927200,5011.9,5013.9,5011.2,5013.4
1483941600,5013.4,5017.1,5006.4,5008.4
1483956000,5008.4,5008.4,5002.9,5005.9
1483970400,5005.9,5025.6,5004.4,5024.9
1483984800,5024.9,5029.6,5015.4,5020.8
1483999200,5020.8,5024.9,5013.9,5017.1
1484013600,5017.1,5020.1,5007.4,5011.9
1484028000,5011.9,5023.9,5009.4,5022.9
1484042400,5022.9,5025.9,5020.4,5021.4
1484056800,5021.4,5046.9,5011.1,5040.1
1484071200,5040.1,5044.2,5028.1,5033.3
1484085600,5033.3,5035.1,5023.6,5025.8
1484100000,5025.8,5031.6,5024.9,5029.2
1484114400,5029.2,5037.3,5024.1,5036.7
1484128800,5036.7,5038.2,5029.2,5031.8
1484143200,5031.8,5043.8,5007.7,5025.1
1484157600,5025.1,5048.3,5009.7,5047.7
1484172000,5047.7,5047.7,5037.4,5040.4
1484186400,5040.4,5040.9,5031.6,5035.9
1484200800,5035.9,5036.3,5028.1,5032.9
1484215200,5032.9,5036.4,5028.9,5031.7
1484229600,5031.7,5031.9,4990.4,5019.7
1484244000,5019.7,5040.6,5018.3,5037.6
1484258400,5037.6,5041.8,5036.2,5041.1
1484272800,5041.1,5042.3,5038.7,5040.2
1484287200,5040.2,5043.3,5036.3,5041.1
1484301600,5041.1,5045.6,5037.9,5042.9
1484316000,5042.9,5063.1,5040.2,5058.8
1484330400,5058.8,5062.3,5051.1,5060.7
1484517600,5060.7,5060.7,5049.1,5052.2
1484532000,5052.2,5053.3,5050.2,5051.3
1484546400,5051.3,5052.6,5044.2,5052.2
1484560800,5052.2,5055.6,5051.7,5054.5
1484575200,5054.5,5054.8,5049.6,5049.6
1484589600,5049.6,5050.55,5049.6,5050.55
1484604000,5050.55,5052.6,5047.3,5051.7
1484618400,5051.7,5053.4,5048.9,5049.6
1484632800,5049.6,5049.6,5041.4,5043.3
1484647200,5043.3,5048.8,5030.1,5045.6
1484661600,5045.6,5049.8,5025.1,5039.5
1484676000,5039.5,5046.9,5027.9,5040.6
1484690400,5040.6,5045.1,5037.2,5044.5
1484704800,5044.5,5057.3,5044.2,5055.9
1484719200,5055.9,5055.9,5044.9,5047.1
1484733600,5047.1,5053.9,5043.3,5050.4
1484748000,5050.4,5054.6,5034.1,5036.9
1484762400,5036.9,5055.1,5036.1,5054.4
1484776800,5054.4,5058.9,5053.1,5054.4
1484791200,5054.4,5055.2,5050.2,5051.5
1484805600,5051.5,5054.3,5047.9,5047.9
1484820000,5047.9,5055.8,5043.1,5054.4
1484834400,5054.4,5074.6,5045.9,5056.8
1484848800,5056.8,5058.6,5036.4,5055.2
1484863200,5055.2,5063.6,5054.3,5059.6
1484877600,5059.6,5064.1,5059.6,5063.3
1484892000,5063.3,5066.1,5058.2,5062.9
1484906400,5062.9,5068.9,5062.6,5065.8
1484920800,5065.8,5082.6,5044.9,5052.1
1484935200,5052.1,5061.5,5045.8,5060.7
1485122400,5060.7,5060.7,5039.8,5043.2
1485136800,5043.2,5046.4,5040.9,5042.8
1485151200,5042.8,5050.2,5037.4,5046.7
1485165600,5046.7,5051.9,5045.6,5051.6
1485180000,5051.6,5069.6,5030.4,5049.6
1485194400,5049.6,5065.4,5048.9,5064.3
1485208800,5064.3,5066.6,5062.2,5063.8
1485223200,5063.8,5063.8,5060.1,5061.8
1485237600,5061.8,5068.3,5060.4,5066.3
1485252000,5066.3,5073.3,5061.9,5072.9
1485266400,5072.9,5079.9,5064.2,5077.1
1485280800,5077.1,5104.6,5077.1,5101.7
1485295200,5101.7,5105.9,5100.7,5103.3
1485309600,5103.3,5105.7,5102.6,5105.1
1485324000,5105.1,5118.4,5104.9,5114.4
1485338400,5114.4,5125.7,5114.1,5123.5
1485352800,5123.5,5141.9,5123.5,5138.1
1485367200,5138.1,5150.4,5138.1,5150.4
1485381600,5150.4,5151.9,5145.4,5150.8
1485396000,5150.8,5166.8,5150.6,5162.6
1485410400,5162.6,5169.4,5160.8,5162.8
1485424800,5162.8,5163.4,5152.6,5155.2
1485439200,5155.2,5164.2,5145.4,5154.6
1485453600,5154.6,5161.9,5142.9,5147.1
1485468000,5147.1,5148.6,5140.4,5148.1
1485482400,5148.1,5151.4,5145.9,5149.9
1485496800,5149.9,5155.6,5147.3,5148.6
1485511200,5148.6,5160,5146.7,5159.4
1485525600,5159.4,5168.6,5147.1,5162.6
1485540000,5162.6,5166.3,5154.8,5166.3
1485727200,5166.3,5166.3,5143.9,5146.3
1485741600,5146.3,5152.4,5145.4,5152.1
1485756000,5152.1,5155.3,5145.4,5146.6
1485770400,5146.6,5148.9,5141.4,5147
1485784800,5147,5147.6,5095.7,5111.1
1485799200,5111.1,5127.9,5108.2,5125.8
1485813600,5125.8,5125.8,5121.5,5123.1
1485828000,5123.1,5123.6,5107.7,5112.3
1485842400,5112.3,5120.7,5108.1,5118.2
1485856800,5118.2,5119.8,5109.6,5112.9
1485871200,5112.9,5114.9,5084.4,5093.5
1485885600,5093.5,5134.8,5087.4,5133.9
1485900000,5133.9,5135.3,5123.9,5125.9
1485914400,5125.9,5132.4,5124.7,5131.6
1485928800,5131.6,5140.2,5131.1,5139.1
1485943200,5139.1,5148.1,5137.4,5146
1485957600,5146,5159.2,5124.8,5139.4
1485972000,5139.4,5154.9,5132.4,5150.6
1485986400,5150.6,5150.6,5132.9,5135.7
1486000800,5135.7,5139.4,5120.9,5121.6
1486015200,5121.6,5132.8,5120.8,5127.4
1486029600,5127.4,5140.4,5124.7,5136.6
1486044000,5136.6,5158.6,5124.4,5141.6
1486058400,5141.6,5146.1,5127.6,5131.15
1486072800,5131.15,5133.1,5127.1,5129.3
1486087200,5129.3,5129.3,5120.9,5124.9
1486101600,5124.9,5142.8,5124.8,5135.4
1486116000,5135.4,5150.9,5132.7,5148.9
1486130400,5148.9,5163.3,5143.4,5151.6
1486144800,5151.6,5159.1,5148.1,5158.65
1486332000,5158.65,5160.8,5146.9,5148.8
1486346400,5148.8,5154.9,5148.4,5152.9
1486360800,5152.9,5158.8,5149.3,5158.2
1486375200,5158.2,5160.4,5141.4,5146.8
1486389600,5146.8,5164.4,5143.6,5156.1
1486404000,5156.1,5163.6,5149.9,5159.9
1486418400,5159.9,5160.7,5155.4,5158.9
1486432800,5158.9,5161.6,5155.7,5160.7
1486447200,5160.7,5168,5158.4,5167.6
1486461600,5167.6,5173.4,5166.3,5170.2
1486476000,5170.2,5192.6,5169.1,5176.1
1486490400,5176.1,5184.9,5174.1,5176.4
1486504800,5176.4,5180.8,5172,5174.3
1486519200,5174.3,5182.8,5174.2,5181.8
1486533600,5181.8,5188.6,5179,5186.6
1486548000,5186.6,5187.1,5174.6,5176.9
1486562400,5176.9,5192.6,5164.4,5187.4
1486576800,5187.4,5197.4,5187.1,5190.9
1486591200,5190.9,5194.6,5187.1,5190.3
1486605600,5190.3,5193.5,5188.4,5190.8
1486620000,5190.8,5196.4,5190.4,5192.9
1486634400,5192.9,5202.4,5192,5194.8
1486648800,5194.8,5219.1,5192.4,5211.1
1486663200,5211.1,5219.9,5208.1,5212.5
1486677600,5212.5,5219.5,5210.5,5218.2
1486692000,5218.2,5223.3,5217.6,5222.4
1486706400,5222.4,5227.8,5219.3,5222.1
1486720800,5222.1,5222.8,5215.9,5218.6
1486735200,5218.6,5229.4,5211.1,5228.3
1486749600,5228.3,5233.1,5224.5,5228.1
1486936800,5228.1,5233.3,5227.6,5232.5
1486951200,5232.5,5238,5231.6,5233.6
1486965600,5233.6,5235.1,5230.1,5230.4
1486980000,5230.4,5237.8,5228.5,5237.2
1486994400,5237.2,5256.6,5236.3,5255.6
1487008800,5255.6,5262.3,5253.3,5261.5
1487023200,5261.5,5261.5,5255.9,5256.9
1487037600,5256.9,5260.1,5252.9,5254.5
1487052000,5254.5,5258.5,5253.3,5255.7
1487066400,5255.7,5260.8,5255.1,5257.4
1487080800,5257.4,5266.3,5240.3,5265.3
1487095200,5265.3,5278.6,5264.1,5275.1
1487109600,5275.1,5278.1,5272.1,5277.6
1487124000,5277.6,5285.6,5275.8,5280.8
1487138400,5280.8,5282.5,5276.1,5277
1487152800,5277,5278.2,5266.1,5267.6
1487167200,5267.6,5290.6,5266.6,5287.7
1487181600,5287.7,5314.1,5283.6,5313.5
1487196000,5313.5,5313.5,5307.5,5308.4
1487210400,5308.4,5313.3,5308.1,5312.3
1487224800,5312.3,5314.1,5307.7,5308.9
1487239200,5308.9,5310.9,5305,5307.3
1487253600,5307.3,5317.2,5288.8,5294.7
1487268000,5294.7,5304.4,5290.2,5301.4
1487282400,5301.4,5302.4,5294.7,5300.6
1487296800,5300.6,5303.4,5298.1,5299.1
1487311200,5299.1,5300.4,5289.4,5292.5
1487325600,5292.5,5295.9,5287.4,5295.1
1487340000,5295.1,5311.4,5290.9,5311.2
1487354400,5311.2,5328.8,5307.9,5328.5
1487541600,5328.5,5328.5,5321,5326.1
1487556000,5326.1,5329.9,5325.7,5328.4
1487570400,5328.4,5345.9,5328.1,5331
1487584800,5331,5332.9,5329.5,5330.4
1487599200,5330.4,5344.4,5327.7,5341
1487613600,5341,5341.1,5341,5341.1
1487628000,5341.1,5341.9,5336.7,5337.1
1487642400,5337.1,5340.2,5334.9,5335.9
1487656800,5335.9,5339.6,5331.8,5338.9
1487671200,5338.9,5340.9,5334.6,5335.3
1487685600,5335.3,5353.1,5331.6,5338.4
1487700000,5338.4,5353.6,5335.5,5344.8
1487714400,5344.8,5347.6,5342.9,5346.3
1487728800,5346.3,5352.3,5345.9,5349.4
1487743200,5349.4,5353.6,5343.9,5345.6
1487757600,5345.6,5346.2,5337.4,5343.8
1487772000,5343.8,5352.6,5336.4,5352.4
1487786400,5352.4,5355.3,5345.6,5353.5
1487800800,5353.5,5353.6,5346.9,5348.5
1487815200,5348.5,5351.1,5347.2,5350.8
1487829600,5350.8,5355.7,5349.4,5355.2
1487844000,5355.2,5357.1,5351.1,5356.2
1487858400,5356.2,5361.1,5310.9,5329.1
1487872800,5329.1,5337.3,5325.4,5331.4
1487887200,5331.4,5331.4,5322.6,5323.6
1487901600,5323.6,5324.3,5320.9,5323.3
1487916000,5323.3,5324.8,5319.6,5322.1
1487930400,5322.1,5323.2,5299.1,5300.7
1487944800,5300.7,5326.9,5299.4,5324.4
1487959200,5324.4,5344.4,5319.1,5342.8
1488146400,5342.8,5350.8,5339.4,5341.6
1488160800,5341.6,5352.3,5340.9,5345.4
1488175200,5345.4,5350.6,5337.2,5338.2
1488189600,5338.2,5340.1,5331.1,5332.2
1488204000,5332.2,5341.8,5323.6,5334.7
1488218400,5334.7,5348.8,5334.4,5343.6
1488232800,5343.6,5347.6,5342.9,5345.2
1488247200,5345.2,5349.3,5343.6,5343.8
1488261600,5343.8,5346.1,5340.8,5345.1
1488276000,5345.1,5349.3,5343.3,5347.7
1488290400,5347.7,5349.9,5317.2,5326.4
1488304800,5326.4,5336.1,5322.4,5335.7
1488319200,5335.7,5350.1,5331.9,5345.1
1488333600,5345.1,5348.4,5334.2,5339.6
1488348000,5339.6,5362.2,5336.3,5356.5
1488362400,5356.5,5369.4,5354.9,5364.4
1488376800,5364.4,5394.9,5355.1,5387.2
1488391200,5387.2,5399.8,5384.9,5386.1
1488405600,5386.1,5389,5380.9,5382.9
1488420000,5382.9,5384.9,5379.6,5384.5
1488434400,5384.5,5389.1,5380.8,5383.6
1488448800,5383.6,5393.8,5381.1,5392
1488463200,5392,5393.1,5364.4,5370.5
1488477600,5370.5,5373.9,5356.2,5361.7
1488492000,5361.7,5361.7,5355.7,5356.2
1488506400,5356.2,5359.1,5345.2,5349.3
1488520800,5349.3,5352.6,5347.4,5347.9
1488535200,5347.9,5359.3,5347.9,5357.5
1488549600,5357.5,5365.1,5344.3,5363.5
1488564000,5363.5,5373.4,5356.1,5372.7
1488751200,5372.7,5372.7,5347.4,5356.7
1488765600,5356.7,5359.1,5353.6,5357.4
1488780000,5357.4,5362.4,5346.4,5361.9
1488794400,5361.9,5364.2,5355.4,5356.3
1488808800,5356.3,5359.1,5339.2,5351.5
1488823200,5351.5,5368.9,5351.2,5354.1
1488837600,5354.1,5361.5,5353.2,5360.8
1488852000,5360.8,5364.6,5358.8,5362.8
1488866400,5362.8,5364.6,5354.4,5355
1488880800,5355,5357.6,5348.9,5352.4
1488895200,5352.4,5374.2,5344.1,5355.7
1488909600,5355.7,5361.5,5341.4,5350.4
1488924000,5350.4,5350.4,5333.9,5339.1
1488938400,5339.1,5345.1,5338.3,5340.8
1488952800,5340.8,5352.7,5340.8,5351.3
1488967200,5351.3,5353.9,5343.4,5350.9
1488981600,5350.9,5377.1,5348.1,5366.1
1488996000,5366.1,5373.6,5352.6,5363.3
1489010400,5363.3,5366.1,5360,5362.6
1489024800,5362.6,5363.6,5357.8,5361.7
1489039200,5361.7,5366.1,5357.7,5362.6
1489053600,5362.6,5363.6,5353.5,5362.7
1489068000,5362.7,5371.9,5347.3,5364.9
1489082400,5364.9,5370.4,5335.4,5370.3
1489096800,5370.3,5378.7,5366.6,5378.2
1489111200,5378.2,5382,5377.4,5380.9
1489125600,5380.9,5387.6,5378.4,5381.3
1489140000,5381.3,5391.6,5379.8,5388.2
1489154400,5388.2,5395.1,5366.4,5372.1
1489168800,5372.1,5385.7,5362.9,5382.6
1489352400,5382.6,5382.85,5371.7,5375.7
1489366800,5375.7,5380.4,5375,5379.3
1489381200,5379.3,5384.4,5378.7,5381.6
1489395600,5381.6,5383.8,5376.8,5382.3
1489410000,5382.3,5391.9,5380.6,5388.9
1489424400,5388.9,5396.5,5386.6,5396.05
1489438800,5396.05,5396.6,5393.1,5393.8
1489453200,5393.8,5395.4,5392.6,5395.2
1489467600,5395.2,5396.5,5386.1,5387.1
1489482000,5387.1,5392.2,5378.3,5381.2
1489496400,5381.2,5384.8,5359.9,5371.1
1489510800,5371.1,5383.4,5370.4,5380.9
1489525200,5380.9,5383,5380.2,5381.8
1489539600,5381.8,5388.6,5379.6,5388.3
1489554000,5388.3,5394.9,5386.8,5392.8
1489568400,5392.8,5394.4,5388.7,5392.6
1489582800,5392.6,5397.6,5376.1,5395.8
1489597200,5395.8,5427.3,5389.6,5412.8
1489611600,5412.8,5420,5410.6,5419.8
1489626000,5419.8,5427.1,5419,5424
1489640400,5424,5435.3,5423.9,5429.9
1489654800,5429.9,5433.1,5421.8,5425.8
1489669200,5425.8,5428.4,5398.1,5410.5
1489683600,5410.5,5413.9,5399.1,5412
1489698000,5412,5413.3,5408.4,5413.1
1489712400,5413.1,5413.5,5410.1,5411.8
1489726800,5411.8,5413.5,5406.6,5409.3
1489741200,5409.3,5420.1,5409.3,5419.5
1489755600,5419.5,5419.5,5404.2,5414.7
1489770000,5414.7,5420.8,5402.4,5404.7
1489957200,5404.7,5404.7,5391.7,5394.2
1489971600,5394.2,5396.6,5392,5395.9
1489986000,5395.9,5404.1,5395.7,5400.2
1490000400,5400.2,5404.2,5398,5401.4
1490014800,5401.4,5423.6,5401.2,5415.6
1490029200,5415.6,5415.7,5397.4,5412.8
1490043600,5412.8,5415.6,5409.6,5414.5
1490058000,5414.5,5430.4,5414.2,5424.2
1490072400,5424.2,5430,5422.9,5425.4
1490086800,5425.4,5428.3,5423.6,5425.9
1490101200,5425.9,5436.7,5350.2,5358.1
1490115600,5358.1,5361.8,5325.9,5331.2
1490130000,5331.2,5332.5,5323.2,5327.6
1490144400,5327.6,5327.6,5310.9,5322.6
1490158800,5322.6,5329.1,5313.7,5321.1
1490173200,5321.1,5332.5,5315.4,5331.9
1490187600,5331.9,5366.9,5324.2,5354.2
1490202000,5354.2,5371.9,5343.6,5360.9
1490216400,5360.9,5372.6,5360.9,5369.8
1490230800,5369.8,5374.1,5368.2,5368.9
1490245200,5368.9,5370.9,5357.7,5358.5
1490259600,5358.5,5370.7,5358.2,5362.2
1490274000,5362.2,5373.2,5344.3,5371.5
1490288400,5371.5,5371.9,5343.2,5352.1
1490302800,5352.1,5370.4,5352.1,5369.1
1490317200,5369.1,5370.1,5361.4,5364.6
1490331600,5364.6,5367.1,5358.9,5361.9
1490346000,5361.9,5366.5,5356.1,5365
1490360400,5365,5390.7,5364.6,5382.2
1490374800,5382.2,5383.9,5343.2,5368.6
1490562000,5368.6,5368.6,5331.2,5332.1
1490576400,5332.1,5338.6,5328.4,5335.9
1490590800,5335.9,5338,5314.3,5329.1
1490605200,5329.1,5338,5328.5,5335.5
1490619600,5335.5,5376.7,5313.2,5373.8
1490634000,5373.8,5381.4,5365.3,5378.5
1490648400,5378.5,5385.4,5377.6,5382.7
1490662800,5382.7,5387.7,5380.1,5385.1
1490677200,5385.1,5388.7,5379.2,5383.5
1490691600,5383.5,5383.7,5367.2,5368.9
1490706000,5368.9,5396.4,5359.4,5394.9
1490720400,5394.9,5420.4,5394.5,5404
1490734800,5404,5409.7,5401.7,5406.5
1490749200,5406.5,5410.4,5402.5,5410.2
1490763600,5410.2,5414.7,5405.9,5406.6
1490778000,5406.6,5409,5400.8,5407.2
1490792400,5407.2,5423.8,5402.2,5413.8
1490806800,5413.8,5433.1,5413.5,5432.1
1490821200,5432.1,5446.6,5429.8,5442.1
1490835600,5442.1,5443.7,5434.7,5437.9
1490850000,5437.9,5438.6,5426.4,5427.7
1490864400,5427.7,5431.7,5424.9,5429.5
1490878800,5429.5,5443.5,5422.5,5428.5
1490893200,5428.5,5440.4,5427.3,5436.5
1490907600,5436.5,5436.8,5426.8,5430.1
1490922000,5430.1,5432.7,5426,5426.8
1490936400,5426.8,5426.8,5417.1,5422.8
1490950800,5422.8,5433.5,5420.3,5430.1
1490965200,5430.1,5445.8,5423.3,5443.7
1490979600,5443.7,5448.5,5429.8,5432.05
1491166800,5432.05,5440,5428.7,5437.5
1491181200,5437.5,5439.7,5434.3,5437.4
1491195600,5437.4,5446.5,5437.2,5439.9
1491210000,5439.9,5444.5,5436.5,5439.8
1491224400,5439.8,5450.8,5399.3,5421.1
1491238800,5421.1,5436.5,5411,5427.6
1491253200,5427.6,5430.5,5421,5426.6
1491267600,5426.6,5427.5,5419.5,5424.5
1491282000,5424.5,5425.5,5412.7,5415.1
1491296400,5415.1,5419.5,5402.7,5416.9
1491310800,5416.9,5440.3,5416.8,5431.1
1491325200,5431.1,5451.8,5427.8,5451.5
1491339600,5451.5,5451.8,5447.3,5448.5
1491354000,5448.5,5451.3,5439.5,5444.1
1491368400,5444.1,5446,5439.3,5442.1
1491382800,5442.1,5451.8,5439.8,5448.3
1491397200,5448.3,5483.8,5447.6,5481.1
1491411600,5481.1,5485.2,5413,5416.8
1491426000,5416.8,5423,5406,5410.2
1491440400,5410.2,5411.1,5394.8,5405.2
1491454800,5405.2,5417.3,5400.7,5416.1
1491469200,5416.1,5428.8,5414.9,5427.7
1491483600,5427.7,5436.1,5409.4,5419.8
1491498000,5419.8,5434.1,5406.9,5424.5
1491512400,5424.5,5428.8,5421.4,5424.2
1491526800,5424.2,5426.8,5381.8,5409.3
1491541200,5409.3,5420,5404.3,5414.4
1491555600,5414.4,5426.7,5404.6,5415.3
1491570000,5415.3,5430.4,5399.2,5427.4
1491584400,5427.4,5434.9,5417.8,5419.6
1491771600,5419.6,5428.6,5416.3,5427.3
1491786000,5427.3,5432.9,5424.5,5428.3
1491800400,5428.3,5429.2,5420.4,5422.3
1491814800,5422.3,5426.5,5414.7,5420.2
1491829200,5420.2,5442.6,5404.9,5428.9
1491843600,5428.9,5436.9,5416.3,5425.4
1491858000,5425.4,5428.1,5417.6,5421.6
1491872400,5421.6,5424.9,5410.3,5415.1
1491886800,5415.1,5422.2,5410.4,5414.6
1491901200,5414.6,5423.3,5413.5,5417.5
1491915600,5417.5,5423.3,5357.1,5393.1
1491930000,5393.1,5403.4,5378.4,5403.1
1491944400,5403.1,5403.2,5388.8,5389.1
1491958800,5389.1,5392.6,5385.4,5389.5
1491973200,5389.5,5411.9,5387.4,5403.6
1491987600,5403.6,5407.8,5389.9,5393.1
1492002000,5393.1,5399.6,5368.7,5371.8
1492016400,5371.8,5389.4,5368.4,5369
1492030800,5369,5375.6,5367.2,5367.7
1492045200,5367.7,5373.1,5359.6,5372.1
1492059600,5372.1,5381.1,5361.9,5365.2
1492074000,5365.2,5366.9,5354.9,5362.6
1492088400,5362.6,5398.4,5362.6,5377.2
1492102800,5377.2,5377.9,5347.4,5356.2
1492376400,5356.2,5357.3,5349.6,5354
1492390800,5354,5355.8,5346.9,5352.6
1492405200,5352.6,5358.7,5352.6,5353.2
1492419600,5353.2,5370.7,5352.4,5370.1
1492434000,5370.1,5390.1,5366.1,5381.4
1492448400,5381.4,5398.4,5380.7,5396.5
1492462800,5396.5,5402.6,5392.9,5396.4
1492477200,5396.4,5399.1,5394.4,5399
1492491600,5399,5400.8,5385.4,5388.4
1492506000,5388.4,5388.9,5374.6,5382.2
1492520400,5382.2,5404.4,5375.6,5380.1
1492534800,5380.1,5395.6,5374.9,5390.4
1492549200,5390.4,5398.6,5387.9,5396.6
1492563600,5396.6,5398.1,5392.4,5395.7
1492578000,5395.7,5402.6,5394.2,5400.2
1492592400,5400.2,5413.9,5399.6,5411.3
1492606800,5411.3,5429.6,5409.9,5417.7
1492621200,5417.7,5418.6,5389.1,5393.4
1492635600,5393.4,5401.7,5393.4,5398.6
1492650000,5398.6,5403.6,5396.9,5400.1
1492664400,5400.1,5415.4,5398.2,5413.3
1492678800,5413.3,5419.9,5411.4,5417.3
1492693200,5417.3,5450.4,5410.3,5445.9
1492707600,5445.9,5453.8,5439.6,5442.9
1492722000,5442.9,5448.4,5441.7,5445.6
1492736400,5445.6,5448.4,5445.1,5446.8
1492750800,5446.8,5453.6,5446.1,5450.9
1492765200,5450.9,5453.6,5446.6,5446.7
1492779600,5446.7,5448.4,5432.4,5439.1
1492794000,5439.1,5442.4,5426.6,5435.5
1492981200,5435.5,5497.2,5435.5,5489.4
1492995600,5489.4,5489.7,5481.9,5486.3
1493010000,5486.3,5500.4,5485.8,5499.7
1493024400,5499.7,5505.6,5495.6,5501.9
1493038800,5501.9,5508.1,5491.4,5498.8
1493053200,5498.8,5511.7,5498.4,5502.15
1493067600,5502.15,5502.3,5498.1,5502.1
1493082000,5502.1,5512.1,5500.1,5510.8
1493096400,5510.8,5516.9,5508.4,5511.2
1493110800,5511.2,5522.8,5508.9,5521.6
1493125200,5521.6,5546.8,5519.9,5541.4
1493139600,5541.4,5556.1,5540.9,5546.7
1493154000,5546.7,5548.8,5543.1,5545.9
1493168400,5545.9,5551.3,5544.7,5550.7
1493182800,5550.7,5553.6,5547.9,5549.6
1493197200,5549.6,5553.7,5545.9,5551.1
1493211600,5551.1,5561.2,5537.1,5548.8
1493226000,5548.8,5554.4,5534.4,5534.55
1493240400,5534.55,5541.4,5533.6,5539.3
1493254800,5539.3,5541.6,5535.9,5539.4
1493269200,5539.4,5543.1,5534.6,5536.3
1493283600,5536.3,5548.4,5535.6,5545.6
1493298000,5545.6,5567.1,5545.2,5566.9
1493312400,5566.9,5597.8,5558.1,5586.2
1493326800,5586.2,5592.1,5582.4,5591
1493341200,5591,5592.3,5585.7,5586.9
1493355600,5586.9,5589.8,5583.1,5586.8
1493370000,5586.8,5596.6,5584.9,5586.5
1493384400,5586.5,5594.3,5572.1,5581.6
1493398800,5581.6,5583.6,5570.6,5580.2
1493586000,5580.2,5581.9,5572.7,5580.2
1493600400,5580.2,5588.3,5578.8,5586.7
1493614800,5586.7,5593.2,5586.4,5590.9
1493629200,5590.9,5600.9,5590.7,5599.4
1493643600,5599.4,5623.4,5595.7,5619.3
1493658000,5619.3,5636.4,5618.4,5631.2
1493672400,5631.2,5634.7,5627.7,5634.7
1493686800,5634.7,5635.1,5629.2,5631.1
1493701200,5631.1,5634.4,5628.1,5633.3
1493715600,5633.3,5638.1,5632.1,5637.6
1493730000,5637.6,5640.6,5621.8,5638.4
1493744400,5638.4,5639.9,5621.6,5622.6
1493758800,5622.6,5625.6,5615.4,5625
1493773200,5625,5625.5,5619.2,5620.4
1493787600,5620.4,5623.8,5619.4,5621.4
1493802000,5621.4,5629.3,5619.8,5629.3
1493816400,5629.3,5629.9,5605.1,5617.9
1493830800,5617.9,5626.8,5608.1,5608.2
1493845200,5608.2,5621.6,5606.8,5619.9
1493859600,5619.9,5621.6,5617.1,5620.4
1493874000,5620.4,5625.4,5617.9,5624.2
1493888400,5624.2,5634.1,5623.1,5623.7
1493902800,5623.7,5631,5603.9,5623.1
1493917200,5623.1,5628.1,5613.8,5627.7
1493931600,5627.7,5627.7,5622.2,5622.4
1493946000,5622.4,5626.1,5612.4,5617.3
1493960400,5617.3,5627.1,5615.9,5626.8
1493974800,5626.8,5639.6,5624.6,5634.4
1493989200,5634.4,5639.3,5616.4,5626.3
1494003600,5626.3,5649.3,5625.6,5649.1
1494190800,5649.1,5660.4,5638.1,5643.8
1494205200,5643.8,5646.2,5640.7,5644.7
1494219600,5644.7,5646.6,5634.7,5639.9
1494234000,5639.9,5647.9,5637.3,5642.8
1494248400,5642.8,5651.9,5634.6,5648.4
1494262800,5648.4,5655.9,5644.6,5655.4
1494277200,5655.4,5656.1,5650.7,5652.6
1494291600,5652.6,5655.4,5651.3,5653.2
1494306000,5653.2,5658.6,5652.4,5656.2
1494320400,5656.2,5664.4,5655.9,5662.5
1494334800,5662.5,5687.6,5658.9,5675.3
1494349200,5675.3,5682.1,5663.6,5680.7
1494363600,5680.7,5680.7,5668.6,5670.9
1494378000,5670.9,5675.4,5670.7,5673
1494392400,5673,5676.9,5667.9,5670.8
1494406800,5670.8,5677.9,5669.4,5675.5
1494421200,5675.5,5679.1,5658.1,5675.7
1494435600,5675.7,5679.6,5666.6,5675.3
1494450000,5675.3,5675.7,5671.6,5672.9
1494464400,5672.9,5675.1,5671.9,5672.6
1494478800,5672.6,5673.6,5668.4,5669.5
1494493200,5669.5,5670.6,5655.1,5662.6
1494507600,5662.6,5668.1,5636.3,5654.3
1494522000,5654.3,5674.6,5653.6,5670.7
1494536400,5670.7,5672.5,5664.6,5665.7
1494550800,5665.7,5666.4,5657.1,5662.6
1494565200,5662.6,5664.1,5656.7,5657.4
1494579600,5657.4,5673.4,5656.8,5672.8
1494594000,5672.8,5686.4,5670.6,5682.4
1494608400,5682.4,5689.4,5676.6,5689.1
1494795600,5689.1,5693.3,5687.1,5691.9
1494810000,5691.9,5697.3,5691.6,5693.3
1494824400,5693.3,5700.1,5690.4,5690.9
1494838800,5690.9,5691.8,5683.4,5687.4
1494853200,5687.4,5706.6,5682.6,5692.2
1494867600,5692.2,5705.4,5691.9,5705.2
1494882000,5705.2,5705.6,5700.4,5702.8
1494896400,5702.8,5703.9,5696.3,5701
1494910800,5701,5705.3,5699.4,5703.3
1494925200,5703.3,5714.3,5701.6,5711.4
1494939600,5711.4,5722.6,5701.1,5720.7
1494954000,5720.7,5727.4,5715.4,5724.1
1494968400,5724.1,5724.1,5683.6,5695.9
1494982800,5695.9,5700.8,5691.4,5698.3
1494997200,5698.3,5707.6,5693.1,5703
1495011600,5703,5708.6,5686.2,5686.4
1495026000,5686.4,5692.4,5620.7,5645
1495040400,5645,5646.1,5574.7,5575.3
1495054800,5575.3,5597.4,5573.9,5587.4
1495069200,5587.4,5601.6,5584.6,5597
1495083600,5597,5604.6,5576.4,5586.7
1495098000,5586.7,5586.9,5550.6,5572.7
1495112400,5572.7,5637.1,5571.4,5615.1
1495126800,5615.1,5648.4,5608.4,5633.3
1495141200,5633.3,5637.9,5626.9,5629.4
1495155600,5629.4,5632.3,5622.4,5630.1
1495170000,5630.1,5646.5,5627.4,5641.2
1495184400,5641.2,5653.9,5640.2,5650.9
1495198800,5650.9,5676.6,5646.1,5673.8
1495213200,5673.8,5675.4,5649.9,5654.9
1495400400,5654.9,5660.9,5652.3,5655.4
1495414800,5655.4,5663.9,5655.2,5661.4
1495429200,5661.4,5665.1,5652.4,5659.7
1495443600,5659.7,5661.6,5648.8,5660.7
1495458000,5660.7,5698.4,5660.4,5694.7
1495472400,5694.7,5704,5688.9,5703.7
1495486800,5703.7,5705.6,5688.7,5694.7
1495501200,5694.7,5700.6,5693.4,5698.9
1495515600,5698.9,5715.9,5693.7,5712.3
1495530000,5712.3,5716.6,5707.2,5713.1
1495544400,5713.1,5718.3,5691.6,5694.8
1495558800,5694.8,5712.9,5694.6,5710.4
1495573200,5710.4,5710.9,5705.2,5708.6
1495587600,5708.6,5709.6,5705.9,5708.3
1495602000,5708.3,5717.3,5707.6,5716.8
1495616400,5716.8,5722.4,5715.1,5721.9
1495630800,5721.9,5724.4,5706.9,5717.3
1495645200,5717.3,5734.4,5711.9,5733.1
1495659600,5733.1,5737.9,5731.4,5737.1
1495674000,5737.1,5753.9,5736.4,5750.4
1495688400,5750.4,5759.1,5740.8,5747.4
1495702800,5747.4,5756.1,5747.1,5755
1495717200,5755,5788.6,5741,5788.4
1495731600,5788.4,5795.5,5777.9,5783.9
1495746000,5783.9,5784.6,5779.3,5783
1495760400,5783,5788.1,5780.1,5784.9
1495774800,5784.9,5790.8,5779.9,5780.1
1495789200,5780.1,5783.1,5772.7,5779.7
1495803600,5779.7,5793.3,5773.9,5785.1
1495818000,5785.1,5795.9,5780.6,5795.3
1496005200,5795.3,5803,5792.9,5799.9
1496019600,5799.9,5801.9,5797.6,5798.8
1496034000,5798.8,5799.6,5795.1,5796.6
1496048400,5796.6,5801.3,5795.6,5801.2
1496062800,5801.2,5801.9,5792.1,5795.45
1496091600,5795.45,5795.6,5792.4,5793.3
1496106000,5793.3,5793.9,5783.4,5791.8
1496120400,5791.8,5794.7,5784.9,5792.7
1496134800,5792.7,5793.9,5778.4,5788.6
1496149200,5788.6,5802.8,5784,5800.4
1496163600,5800.4,5802.1,5791.6,5794.3
1496178000,5794.3,5796.9,5792,5796.2
1496192400,5796.2,5800.9,5795.4,5796.3
1496206800,5796.3,5801.9,5795.4,5798.1
1496221200,5798.1,5819.2,5795.8,5815.9
1496235600,5815.9,5819.1,5763.6,5779.4
1496250000,5779.4,5806.4,5770.4,5804.2
1496264400,5804.2,5805.5,5800,5804.8
1496278800,5804.8,5807.7,5798.1,5806.1
1496293200,5806.1,5809.6,5802.9,5807.9
1496307600,5807.9,5808.4,5797.6,5804.5
1496322000,5804.5,5812.9,5780.5,5806.6
1496336400,5806.6,5823.7,5802.3,5823
1496350800,5823,5834.9,5822.2,5832.7
1496365200,5832.7,5842.6,5831.4,5839.8
1496379600,5839.8,5844.4,5833.9,5836.9
1496394000,5836.9,5844.4,5828.1,5835.9
1496408400,5835.9,5866.3,5826.3,5865.5
1496422800,5865.5,5886.6,5864.4,5885.4
1496610000,5885.4,5885.4,5875.3,5879
1496624400,5879,5882.3,5877.4,5880.3
1496638800,5880.3,5883.9,5879.3,5880.1
1496653200,5880.1,5885.1,5877.7,5879.1
1496667600,5879.1,5891.1,5872.6,5878.4
1496682000,5878.4,5883.4,5877.4,5881.6
1496696400,5881.6,5883.1,5876.7,5877.4
1496710800,5877.4,5879.6,5873.6,5878.8
1496725200,5878.8,5881.2,5870.3,5879
1496739600,5879,5880.6,5864.4,5871.3
1496754000,5871.3,5892.9,5869.6,5883.3
1496768400,5883.3,5888.1,5848.8,5862.9
1496782800,5862.9,5868.6,5862.2,5867.2
1496797200,5867.2,5870.1,5866.9,5868.6
1496811600,5868.6,5869.4,5858.6,5864.6
1496826000,5864.6,5872.6,5863.9,5872.5
1496840400,5872.5,5882.4,5845.9,5855.1
1496854800,5855.1,5884.6,5854.4,5880
1496869200,5880,5881.4,5875.6,5878.7
1496883600,5878.7,5887.8,5877.7,5885.4
1496898000,5885.4,5889.3,5882.6,5884.3
1496912400,5884.3,5897.3,5883.9,5893.3
1496926800,5893.3,5897.8,5853.4,5878.3
1496941200,5878.3,5891.7,5862.4,5891.7
1496955600,5891.7,5891.7,5870.3,5874.4
1496970000,5874.4,5888.6,5873.9,5884.1
1496984400,5884.1,5895.3,5882.4,5889.6
1496998800,5889.6,5892.6,5883.9,5888.3
1497013200,5888.3,5898.6,5811.1,5822.2
1497027600,5822.2,5824.9,5660.3,5737.65
1497214800,5737.65,5742.2,5728.2,5731.6
1497229200,5731.6,5738.6,5725.2,5726.4
1497243600,5726.4,5726.6,5670.3,5673.8
1497258000,5673.8,5705.7,5672.6,5696.9
1497272400,5696.9,5716.6,5634.9,5672.3
1497286800,5672.3,5714.4,5667.3,5714.4
1497301200,5714.4,5720.7,5707.2,5717.4
1497315600,5717.4,5727.6,5717.2,5724.8
1497330000,5724.8,5731.3,5723,5724.95
1497344400,5724.95,5736,5717.9,5733
1497358800,5733,5759.7,5708.1,5748.3
1497373200,5748.3,5760.4,5733.6,5753.9
1497387600,5753.9,5755.4,5752,5753.15
1497402000,5753.15,5753.2,5739.2,5745.3
1497416400,5745.3,5759.3,5741.3,5756.6
1497430800,5756.6,5776.6,5754.9,5768.6
1497445200,5768.6,5780.6,5747.1,5757.6
1497459600,5757.6,5771.8,5679.1,5721.8
1497474000,5721.8,5724.3,5697.1,5703.1
1497488400,5703.1,5704.3,5685.6,5697.5
1497502800,5697.5,5701.1,5656.5,5658
1497517200,5658,5673.9,5650.6,5672.9
1497531600,5672.9,5685.6,5633.9,5683.4
1497546000,5683.4,5707.4,5672.1,5703.4
1497560400,5703.4,5708.6,5695.6,5705.9
1497574800,5705.9,5719.9,5705.6,5716.6
1497589200,5716.6,5719.1,5702,5702.6
1497603600,5702.6,5713.1,5690.1,5691
1497618000,5691,5701.9,5653.4,5678
1497632400,5678,5691.4,5669.1,5684
1497819600,5684,5697.8,5675.9,5696.3
1497834000,5696.3,5704.9,5696.3,5700.9
1497848400,5700.9,5717.4,5697.9,5713.8
1497862800,5713.8,5729.9,5709.4,5725.6
1497877200,5725.6,5766.4,5720.4,5758.9
1497891600,5758.9,5775.1,5752.1,5762.75
1497906000,5762.75,5774.6,5759.4,5769.8
1497920400,5769.8,5775.6,5767.6,5773.4
1497934800,5773.4,5776.4,5762.6,5770.1
1497949200,5770.1,5774.6,5754.9,5756.6
1497963600,5756.6,5770.6,5731.1,5743.1
1497978000,5743.1,5750.4,5721.4,5724.4
1497992400,5724.4,5727.1,5707.1,5714.6
1498006800,5714.6,5720,5707,5713.4
1498021200,5713.4,5717.9,5691.4,5702.6
1498035600,5702.6,5733.9,5695.4,5731.1
1498050000,5731.1,5769.9,5731,5755.9
1498064400,5755.9,5788.9,5755.9,5788.5
1498078800,5788.5,5788.5,5779.6,5783.5
1498093200,5783.5,5799.3,5781.4,5794.6
1498107600,5794.6,5806.8,5777.6,5781.3
1498122000,5781.3,5791.4,5773.1,5785.9
1498136400,5785.9,5798.1,5763.4,5795.4
1498150800,5795.4,5799.9,5776.1,5777.8
1498165200,5777.8,5785.1,5777.8,5784.8
1498179600,5784.8,5787.6,5781.4,5786.1
1498194000,5786.1,5792.9,5782.9,5787.1
1498208400,5787.1,5790.1,5767.6,5777.4
1498222800,5777.4,5805.1,5755.6,5799.1
1498237200,5799.1,5807.9,5784.4,5798.1
1498424400,5798.1,5801.9,5788.1,5799.5
1498438800,5799.5,5811.6,5798.6,5809.5
1498453200,5809.5,5826.4,5808.6,5820.8
1498467600,5820.8,5836.1,5818.1,5831.4
1498482000,5831.4,5844.4,5760.6,5795.1
1498496400,5795.1,5795.6,5766.6,5771.3
1498510800,5771.3,5775.3,5766.8,5768.8
1498525200,5768.8,5776.4,5767.4,5773.5
1498539600,5773.5,5773.9,5736.4,5745
1498554000,5745,5753.9,5740.9,5744.4
1498568400,5744.4,5757.4,5713.9,5719.3
1498582800,5719.3,5720.9,5661.5,5666.1
1498597200,5666.1,5670.6,5658.8,5663.8
1498611600,5663.8,5664.9,5642.6,5653.3
1498626000,5653.3,5668.4,5624.6,5635
1498640400,5635,5690.9,5634.1,5682.5
1498654800,5682.5,5737.1,5655.3,5733.4
1498669200,5733.4,5759.9,5729.6,5759.8
1498683600,5759.8,5768.1,5757.9,5762.3
1498698000,5762.3,5766.4,5759.6,5761.5
1498712400,5761.5,5764.4,5745.1,5749.3
1498726800,5749.3,5751,5719.6,5721.5
1498741200,5721.5,5727.9,5621.9,5623.1
1498755600,5623.1,5663.6,5593.6,5642.5
1498770000,5642.5,5647.4,5626.8,5630.8
1498784400,5630.8,5636.8,5616.1,5633.4
1498798800,5633.4,5654.9,5620.1,5653.4
1498813200,5653.4,5673.3,5638.9,5646.8
1498827600,5646.8,5679.1,5631.9,5653.9
1498842000,5653.9,5670.1,5641.9,5649.55
1499029200,5648.8,5665.6,5648.8,5655
1499043600,5655,5662.1,5651.9,5660.3
1499058000,5660.3,5670.4,5658.8,5664.4
1499072400,5664.4,5676.6,5655.1,5676.4
1499086800,5676.4,5683.1,5586.9,5590.4
1499101200,5590.4,5592.9,5574.5,5582.3
1499115600,5582.3,5585.5,5568.9,5569.5
1499130000,5569.5,5576.6,5561.8,5572.3
1499144400,5572.3,5592.5,5563.1,5586.5
1499158800,5586.5,5611.4,5585.8,5597.9
1499173200,5597.9,5607.1,5553.5,5573.4
1499187600,5573.4,5573.4,5572,5572.3
1499202000,5572.3,5579,5565,5572.1
1499216400,5572.1,5578,5560.1,5574.8
1499230800,5574.8,5584.4,5562.1,5568.3
1499245200,5568.3,5606.4,5564.1,5603.3
1499259600,5603.3,5641.9,5588.1,5640.4
1499274000,5640.4,5660.5,5635.1,5645.15
1499288400,5645.15,5645.15,5633.4,5633.6
1499302800,5633.6,5635.9,5628.4,5634
1499317200,5634,5642.9,5624.4,5630.4
1499331600,5630.4,5630.5,5585.1,5601.8
1499346000,5601.8,5625.1,5573.1,5619.6
1499360400,5619.6,5623.9,5585.4,5590.1
1499374800,5590.1,5600.6,5590.1,5598.3
1499389200,5598.3,5607.1,5595.4,5596.3
1499403600,5596.3,5603.9,5584.6,5596.35
1499418000,5596.35,5628.4,5588.6,5609.4
1499432400,5609.4,5659.6,5605.6,5656.6
1499446800,5656.6,5670.1,5646.8,5650.15
1499634000,5650.15,5659.4,5649.6,5659.1
1499648400,5659.1,5679,5656.4,5670.8
1499662800,5670.8,5674.9,5667.9,5670.6
1499677200,5670.6,5672.4,5652.1,5654.1
1499691600,5654.1,5688.1,5643.6,5686.4
1499706000,5686.4,5704.9,5685.4,5686.85
1499720400,5686.85,5692.6,5681.6,5691.3
1499734800,5691.3,5697.6,5687.6,5693.5
1499749200,5693.5,5696.4,5681.6,5683.1
1499763600,5683.1,5687.1,5675.1,5677.4
1499778000,5677.4,5711.1,5660.9,5688.5
1499792400,5688.5,5715.9,5684.9,5713.85
1499806800,5713.85,5717.1,5708.1,5708.3
1499821200,5708.3,5713.1,5706.4,5711.6
1499835600,5711.6,5716.4,5708.9,5712.4
1499850000,5712.4,5759.6,5710.9,5756.9
1499864400,5756.9,5767.6,5744.6,5764.4
1499878800,5764.4,5783.2,5760.1,5782
1499893200,5782,5800.8,5778.4,5791.3
1499907600,5791.3,5796.2,5789.6,5792.5
1499922000,5792.5,5800.9,5789.6,5799.8
1499936400,5799.8,5805.4,5784.5,5786.8
1499950800,5786.8,5801.9,5771.1,5798.9
1499965200,5798.9,5800.4,5773.1,5792.8
1499979600,5792.8,5796.1,5788.6,5796
1499994000,5796,5798.8,5785.6,5792.1
1500008400,5792.1,5792.9,5781.4,5787.85
1500022800,5787.85,5818.9,5783.3,5818.6
1500037200,5818.6,5824.1,5795.6,5820.1
1500051600,5820.1,5841.1,5818.6,5840.4
1500238800,5840.4,5852,5838.8,5847.1
1500253200,5847.1,5847.9,5839.4,5843.6
1500267600,5843.6,5848.6,5839.4,5840.8
1500282000,5840.8,5851,5834.4,5840.6
1500296400,5840.6,5857.1,5829.4,5841.9
1500310800,5841.9,5852.8,5824.9,5852.6
1500325200,5852.6,5852.6,5844.1,5845.1
1500339600,5845.1,5847.3,5840.3,5846.1
1500354000,5846.1,5855.9,5840.9,5852.8
1500368400,5852.8,5854.9,5825.6,5826.4
1500382800,5826.4,5860.9,5813.9,5855.1
1500397200,5855.1,5892.1,5849.4,5890.6
1500411600,5890.6,5891.3,5882.6,5891.3
1500426000,5891.3,5898.4,5889.4,5895.3
1500440400,5895.3,5897.4,5888.6,5892.3
1500454800,5892.3,5895.9,5885.9,5894.5
1500469200,5894.5,5916.9,5889.9,5911.4
1500483600,5911.4,5918.4,5906.1,5913.1
1500498000,5913.1,5915.6,5910.1,5914.8
1500512400,5914.8,5915.9,5911.1,5914.3
1500526800,5914.3,5917.6,5909.6,5910
1500541200,5910,5930,5908.4,5923.1
1500555600,5923.1,5931.9,5890.6,5918.1
1500570000,5918.1,5926.2,5900.6,5924.55
1500584400,5924.55,5924.6,5907.2,5914.05
1500598800,5914.05,5914.2,5904.6,5909.75
1500613200,5909.75,5920,5908.6,5919.85
1500627600,5919.85,5922.4,5901.6,5903.05
1500642000,5903.05,5912.2,5884.2,5911.55
1500656400,5911.55,5916.8,5900.2,5916
1500843600,5916,5916,5904,5908.35
1500858000,5908.35,5909.2,5898.4,5904.35
1500872400,5904.35,5908,5898.6,5902.75
1500886800,5902.75,5916.2,5898.8,5911.75
1500901200,5911.75,5925.9,5905.8,5925.9
1500915600,5925.9,5948.1,5917.9,5920.1
1500930000,5920.1,5925,5917.1,5922.5
1500944400,5922.5,5926.3,5921.1,5924.1
1500958800,5924.1,5927.9,5918.4,5925.5
1500973200,5925.5,5936.1,5919.9,5922.5
1500987600,5922.5,5931.4,5909.4,5928.6
1501002000,5928.6,5939.6,5921.6,5926.3
1501016400,5926.3,5929.9,5924.3,5924.8
1501030800,5924.8,5928.4,5920.5,5921.4
1501045200,5921.4,5929.9,5920.8,5927.5
1501059600,5927.5,5945.6,5925.1,5944.9
1501074000,5944.9,5948.1,5931.9,5937.6
1501088400,5937.6,5951.3,5930.1,5947.4
1501102800,5947.4,5980.9,5947.4,5973.1
1501117200,5973.1,5977.6,5969.5,5976.5
1501131600,5976.5,5978.9,5970.4,5971.3
1501146000,5971.3,5987,5968.9,5983.8
1501160400,5983.8,5989.4,5902.4,5914.5
1501174800,5914.5,5923.1,5838.4,5898.4
1501189200,5898.4,5901.2,5873.6,5876.3
1501203600,5876.3,5878.4,5861,5869.1
1501218000,5869.1,5870.1,5848.6,5851.8
1501232400,5851.8,5874.6,5843.6,5874.5
1501246800,5874.5,5912,5861.9,5908.1
1501261200,5908.1,5909.8,5895.6,5907.1
1501448400,5907.1,5907.1,5891.6,5895.3
1501462800,5895.3,5901.4,5893.4,5899.8
1501477200,5899.8,5927.3,5899.8,5915
1501491600,5915,5922.1,5906.4,5917.8
1501506000,5917.8,5926.4,5864.4,5885.6
1501520400,5885.6,5887.4,5867.1,5878.1
1501534800,5878.1,5884.5,5869.6,5883
1501549200,5883,5904.6,5882.1,5901
1501563600,5901,5909.5,5895.6,5907.9
1501578000,5907.9,5908.1,5889.5,5895.6
1501592400,5895.6,5900.1,5872.4,5884.4
1501606800,5884.4,5925.1,5879.6,5924.4
1501621200,5924.4,5930.8,5921.1,5925.6
1501635600,5925.6,5937.6,5923.4,5936.6
1501650000,5936.6,5941.4,5924,5929
1501664400,5929,5936.4,5919.6,5928.1
1501678800,5928.1,5929.9,5850.4,5872.1
1501693200,5872.1,5916.6,5863.4,5908.1
1501707600,5908.1,5909.6,5894.3,5898.6
1501722000,5898.6,5909.6,5889.9,5903.9
1501736400,5903.9,5906.9,5891.6,5902.1
1501750800,5902.1,5918.4,5901.4,5915.9
1501765200,5915.9,5917.1,5871.9,5891.4
1501779600,5891.4,5896.1,5873.9,5883.35
1501794000,5883.35,5885.6,5875.6,5883.5
1501808400,5883.5,5887.4,5880.3,5885.4
1501822800,5885.4,5892.3,5882.3,5890.6
1501837200,5890.6,5900.9,5884,5886.4
1501851600,5886.4,5906.5,5868.6,5887.4
1501866000,5887.4,5896.6,5881.6,5891.65
1502053200,5891.65,5907.8,5891.65,5906.3
1502067600,5906.3,5915.4,5905.9,5914.9
1502082000,5914.9,5915.9,5905.4,5906.1
1502096400,5906.1,5906.1,5894.1,5901.1
1502110800,5901.1,5923.4,5895,5921.9
1502125200,5921.9,5932.1,5916.6,5931.3
1502139600,5931.3,5931.3,5923.9,5925.4
1502154000,5925.4,5925.6,5920.6,5924
1502168400,5924,5930.4,5924,5927.5
1502182800,5927.5,5930.1,5913.8,5916.6
1502197200,5916.6,5967.4,5906.4,5955
1502211600,5955,5958.6,5902.1,5909.3
1502226000,5909.3,5909.3,5878.9,5886.4
1502240400,5886.4,5892,5880.9,5890
1502254800,5890,5900.4,5875.9,5884.9
1502269200,5884.9,5886.4,5865.4,5875.3
1502283600,5875.3,5912.1,5856.9,5897.5
1502298000,5897.5,5919.4,5881.6,5918.5
1502312400,5918.5,5918.5,5911.5,5916.1
1502326800,5916.1,5917.4,5896.6,5900.3
1502341200,5900.3,5906.3,5887.1,5888.4
1502355600,5888.4,5891.1,5873.8,5879
1502370000,5879,5881.8,5797.8,5815.5
1502384400,5815.5,5835.6,5762.8,5768.55
1502398800,5768.55,5773.1,5759.8,5765.4
1502413200,5765.4,5773.6,5757.9,5765.4
1502427600,5765.4,5782.1,5756.3,5766
1502442000,5766,5791.5,5759.4,5790.3
1502456400,5790.3,5832.3,5779,5826.5
1502470800,5826.5,5841,5814.3,5833.1
1502658000,5833.1,5873.3,5833.1,5865.5
1502672400,5865.5,5869,5858.8,5862.3
1502686800,5862.3,5873.3,5859.8,5870
1502701200,5870,5871.6,5860.3,5870
1502715600,5870,5907.8,5864.8,5898.8
1502730000,5898.8,5913.3,5894,5911.3
1502744400,5911.3,5935.1,5906.8,5932.8
1502758800,5932.8,5940.8,5927.3,5927.9
1502773200,5927.9,5930.6,5913.8,5919.4
1502787600,5919.4,5927,5914,5919.3
1502802000,5919.3,5920.6,5892.9,5913.1
1502816400,5913.1,5918.9,5901.4,5910.7
1502830800,5910.7,5912.8,5900.4,5902.1
1502845200,5902.1,5908.4,5901.6,5906.1
1502859600,5906.1,5929.9,5905.8,5928.8
1502874000,5928.8,5935.7,5917.4,5924.9
1502888400,5924.9,5947.3,5905.3,5928.4
1502902800,5928.4,5930.4,5899.7,5917.3
1502917200,5917.3,5917.3,5902.4,5911.3
1502931600,5911.3,5913.7,5904.4,5913.4
1502946000,5913.4,5921.7,5904.4,5907.9
1502960400,5907.9,5911.2,5888.4,5894.4
1502974800,5894.4,5905.2,5828.2,5833.2
1502989200,5833.2,5844.7,5785.4,5790.7
1503003600,5790.7,5809.9,5787.7,5808.2
1503018000,5808.2,5820.1,5807.8,5813.3
1503032400,5813.3,5819.2,5788.4,5792.3
1503046800,5792.3,5824.9,5791.1,5820.4
1503061200,5820.4,5833.9,5771.4,5825.7
1503075600,5825.7,5829.6,5789.4,5796.6
1503262800,5796.6,5815.4,5787.2,5791.8
1503277200,5791.8,5794.6,5782.9,5793.9
1503291600,5793.9,5794.7,5777.6,5782.6
1503306000,5782.6,5802.9,5782.4,5800.7
1503320400,5800.7,5806.2,5751.3,5788.1
1503334800,5788.1,5795.6,5765.8,5794.85
1503349200,5794.85,5816.6,5793.3,5814.5
1503363600,5814.5,5818.8,5812,5816.9
1503378000,5816.9,5827.3,5810.8,5817.4
1503392400,5817.4,5826.5,5804,5821.8
1503406800,5821.8,5874.3,5815.8,5868.5
1503421200,5868.5,5881,5862.5,5878.9
1503435600,5878.9,5883,5871.8,5874
1503450000,5874,5875.3,5863.5,5868
1503464400,5868,5875.8,5865.5,5867.6
1503478800,5867.6,5869.5,5849.5,5851.9
1503493200,5851.9,5864.6,5840.5,5853.6
1503507600,5853.6,5866.4,5840.6,5842.3
1503522000,5842.3,5845.9,5828.4,5838.5
1503536400,5838.5,5849.4,5836.9,5844.6
1503550800,5844.6,5858.6,5838.3,5855.1
1503565200,5855.1,5870.1,5852.6,5869
1503579600,5869,5873.1,5802.6,5826.4
1503594000,5826.4,5846.4,5823.6,5844.9
1503608400,5844.9,5851.4,5837.4,5840.3
1503622800,5840.3,5849.1,5832.4,5839.9
1503637200,5839.9,5847.4,5830.9,5842.6
1503651600,5842.6,5866.1,5836.9,5859.6
1503666000,5859.6,5872.9,5815.6,5828.6
1503680400,5828.6,5842.9,5820.9,5824
1503867600,5824,5828.3,5806.6,5813.8
1503882000,5813.8,5818.4,5807.4,5816.5
1503896400,5816.5,5817.8,5800.4,5812.3
1503910800,5812.3,5838.6,5811.4,5838.1
1503925200,5838.1,5855.1,5822.4,5834.5
1503939600,5834.5,5846.6,5831.9,5846.05
1503954000,5846.05,5846.05,5787.4,5813.8
1503968400,5813.8,5815.8,5794.6,5805
1503982800,5805,5818.8,5779.1,5781.8
1503997200,5781.8,5804.5,5776.4,5795.3
1504011600,5795.3,5863.8,5785.4,5858.1
1504026000,5858.1,5874.9,5851.1,5870.1
1504040400,5870.1,5879.1,5864.9,5876.8
1504054800,5876.8,5879.1,5872.6,5877.6
1504069200,5877.6,5898.4,5876.6,5880.8
1504083600,5880.8,5881.4,5862.4,5866.6
1504098000,5866.6,5919.4,5863.6,5918.1
1504112400,5918.1,5943.4,5917.1,5934.6
1504126800,5934.6,5949.4,5932.3,5945.6
1504141200,5945.6,5947.9,5942.4,5945
1504155600,5945,5952.6,5937.8,5950.9
1504170000,5950.9,5956.4,5941,5947.4
1504184400,5947.4,5987.4,5946.4,5983.9
1504198800,5983.9,5997.3,5977.3,5995.4
1504213200,5995.4,6000.4,5993,5996.3
1504227600,5996.3,5999.1,5993.6,5998.1
1504242000,5998.1,6002.9,5993,5995.6
1504256400,5995.6,6019.3,5992,6005.1
1504270800,6005.1,6012.8,5972.9,5995.9
1504285200,5995.9,5997.6,5984.6,5987.05
1504472400,5987.05,5987.05,5951.5,5951.5
1504486800,5951.5,5965.1,5945.9,5962.3
1504501200,5962.3,5963.8,5951.9,5960.1
1504515600,5960.1,5972.6,5960.1,5965.3
1504530000,5965.3,5981.6,5962.4,5978.4
1504544400,5978.4,5979,5977.8,5978.05
1504558800,5978.05,5981.3,5970.5,5973.8
1504573200,5973.8,5977.9,5967.9,5975.9
1504587600,5975.9,5984.4,5970.6,5981
1504602000,5981,5984.1,5970.6,5974.1
1504616400,5974.1,5983.4,5895.5,5908.7
1504630800,5908.7,5944.4,5889.2,5942.4
1504645200,5942.4,5942.4,5930.5,5936
1504659600,5936,5944.5,5935,5938.5
1504674000,5938.5,5957.4,5938.4,5950.7
1504688400,5950.7,5956.1,5937.2,5954
1504702800,5954,5961,5908.9,5946.5
1504717200,5946.5,5965.2,5945.5,5952.2
1504731600,5952.2,5952.2,5932,5951
1504746000,5951,5953.5,5946.5,5948
1504760400,5948,5949.5,5942,5946.1
1504774800,5946.1,5964.5,5946,5962.5
1504789200,5962.5,5981.3,5944,5956.5
1504803600,5956.5,5971.3,5955.5,5970
1504818000,5970,5971.9,5956,5960.8
1504832400,5960.8,5966.4,5958,5963.9
1504846800,5963.9,5964,5948.5,5951.3
1504861200,5951.3,5964.3,5949.1,5959.8
1504875600,5959.8,5961.1,5926.3,5931.5
1504890000,5931.5,5936.5,5907.5,5917.9
1505077200,5917.9,5946.25,5917.9,5944.5
1505091600,5944.5,5954.3,5943.5,5950.5
1505106000,5950.5,5961.4,5948,5961.1
1505120400,5961.1,5963.9,5953.4,5959.9
1505134800,5959.9,5991.6,5958.1,5982.5
1505149200,5982.5,5987.8,5973.3,5985.1
1505163600,5985.1,5992,5981.3,5990.4
1505178000,5990.4,5990.6,5981.5,5984.3
1505192400,5984.3,5992.8,5983.5,5992
1505206800,5992,6000.3,5987.6,5990.6
1505221200,5990.6,6004,5972.5,5985.5
1505235600,5985.5,6001.5,5967.5,6000.8
1505250000,6000.8,6000.8,5993.8,5995.8
1505264400,5995.8,5997.5,5988.4,5992.8
1505278800,5992.8,5993.9,5982,5986.5
1505293200,5986.5,5988.1,5981.1,5986.7
1505307600,5986.7,5999.1,5976.7,5993.1
1505322000,5993.1,6004.9,5988.4,6003.4
1505336400,6003.4,6003.4,5994.1,5998.7
1505350800,5998.7,6000.8,5994.2,5995.3
1505365200,5995.3,5999.1,5992.4,5998.7
1505379600,5998.7,5998.9,5970.8,5976.4
1505394000,5976.4,5996.9,5963.4,5981.8
1505408400,5981.8,5982.3,5961.9,5964.2
1505422800,5964.2,5964.2,5937,5954.4
1505437200,5954.4,5964.6,5952.1,5962.7
1505451600,5962.7,5964.3,5955.9,5962.1
1505466000,5962.1,5964.4,5953.4,5955.6
1505480400,5955.6,6008.6,5953.4,5985.2
1505494800,5985.2,5991.1,5979.9,5990.8
1505682000,5990.8,5998.4,5989.7,5994.3
1505696400,5994.3,6004.1,5994.2,6002.6
1505710800,6002.6,6004.7,5994.7,5996.4
1505725200,5996.4,6001.1,5988.4,5990.7
1505739600,5990.7,6011.1,5986.1,6003.9
1505754000,6003.9,6003.9,5960.4,5981.85
1505768400,5981.85,5987.3,5981.1,5984.6
1505782800,5984.6,5984.6,5977.8,5980.4
1505797200,5980.4,5981.3,5972.2,5978.6
1505811600,5978.6,5986.9,5978.4,5983.4
1505826000,5983.4,5997.4,5968.1,5986.2
1505840400,5986.2,5992.9,5981.8,5986.7
1505854800,5986.7,5986.8,5980.6,5981.6
1505869200,5981.6,5989.3,5981.1,5985.8
1505883600,5985.8,5990.6,5982.7,5988.9
1505898000,5988.9,5991.4,5985.9,5987.6
1505912400,5987.6,5993.4,5946.6,5972.9
1505926800,5972.9,5974.9,5923.6,5970.5
1505941200,5970.5,5973.2,5961.1,5961.9
1505955600,5961.9,5966.3,5961.1,5964.8
1505970000,5964.8,5966.6,5956.9,5965.9
1505984400,5965.9,5972.1,5963.7,5970.9
1505998800,5970.9,5971.3,5912.2,5947.4
1506013200,5947.4,5958.9,5931.4,5937.8
1506027600,5937.8,5938.3,5916.4,5917.3
1506042000,5917.3,5919.6,5904.3,5914.6
1506056400,5914.6,5925.2,5914.2,5922.1
1506070800,5922.1,5929.8,5915.1,5917.7
1506085200,5917.7,5936.2,5910.6,5919.1
1506099600,5919.1,5933.5,5908.6,5928.7
1506286800,5928.7,5947.1,5922.8,5941.1
1506301200,5941.1,5941.9,5923.2,5928.1
1506315600,5928.1,5930.3,5914.1,5923.7
1506330000,5923.7,5926.9,5903.4,5903.9
1506344400,5903.9,5907.1,5838.6,5859
1506358800,5859,5872.1,5835.1,5871.8
1506373200,5871.8,5872.9,5855.7,5862.7
1506387600,5862.7,5875.4,5861.8,5867.4
1506402000,5867.4,5872.6,5864.1,5871.8
1506416400,5871.8,5893.3,5870.8,5892.7
1506430800,5892.7,5905.6,5859.1,5879.9
1506445200,5879.9,5901.2,5876.1,5882.4
1506459600,5882.4,5887.1,5879.4,5880.6
1506474000,5880.6,5892.8,5879.6,5891.1
1506488400,5891.1,5906.9,5889.4,5895.9
1506502800,5895.9,5905.9,5892.1,5903.2
1506517200,5903.2,5929.6,5896.1,5915.1
1506531600,5915.1,5955.9,5912.9,5930.7
1506546000,5930.7,5933.1,5925.7,5931.3
1506560400,5931.3,5940.1,5929.2,5939.9
1506574800,5939.9,5941.4,5927.3,5931.7
1506589200,5931.7,5933.9,5909.9,5917.3
1506603600,5917.3,5936.1,5904.4,5922.9
1506618000,5922.9,5934.3,5915.9,5933.6
1506632400,5933.6,5933.6,5926.8,5930.3
1506646800,5930.3,5936.1,5929.6,5933.8
1506661200,5933.8,5937.4,5931.4,5934.9
1506675600,5934.9,5941.6,5934.9,5937.7
1506690000,5937.7,5978.1,5926.6,5977.1
1506704400,5977.1,5978.9,5965.9,5973.6
1506891600,5973.6,5993.1,5973.6,5984.6
1506906000,5984.6,5987.4,5981.7,5984
1506920400,5984,5986.2,5977.4,5977.8
1506934800,5977.8,5992.4,5977.7,5984.8
1506949200,5984.8,6003.1,5951.9,5973.6
1506963600,5973.6,5982.3,5968.4,5979.1
1506978000,5979.1,5979.1,5972.2,5974.8
1506992400,5974.8,5989.1,5974.2,5986.3
1507006800,5986.3,5988.4,5979.9,5982.1
1507021200,5982.1,5985.6,5976.2,5983.9
1507035600,5983.9,5998.1,5973.1,5988.8
1507050000,5988.8,5994.1,5986.2,5991.8
1507064400,5991.8,5992.3,5985.1,5986.4
1507078800,5986.4,5990.9,5985.6,5989.4
1507093200,5989.4,5990.8,5986.9,5987.8
1507107600,5987.8,5988.4,5977.7,5979.8
1507122000,5979.8,6008.9,5973.1,5998.7
1507136400,5998.7,6000.1,5979.1,5998.4
1507150800,5998.4,5999.2,5994.4,5994.9
1507165200,5994.9,6000.8,5994.6,5998.8
1507179600,5998.8,6002.1,5995.9,6000.4
1507194000,6000.4,6022.4,5998.4,6017.1
1507208400,6017.1,6042.6,6011.1,6038.3
1507222800,6038.3,6061.9,6037.4,6057.1
1507237200,6057.1,6059.8,6054.5,6058.6
1507251600,6058.6,6063.2,6057.4,6060.3
1507266000,6060.3,6062.6,6056.3,6057.3
1507280400,6057.3,6065.3,6036.2,6037.7
1507294800,6037.7,6062.3,6031.6,6056.9
1507309200,6056.9,6063.1,6050.9,6059.95
1507496400,6059.95,6069.4,6057.2,6069.3
1507510800,6069.3,6072.4,6067.6,6068.6
1507525200,6068.6,6071.6,6064.4,6067.9
1507539600,6067.9,6076.4,6066.4,6073.9
1507554000,6073.9,6077.9,6059.9,6065.8
1507568400,6065.8,6068.6,6048.9,6056.5
1507582800,6056.5,6065.3,6055.1,6063.8
1507597200,6063.8,6066.4,6060.1,6062.8
1507611600,6062.8,6069.6,6061.8,6065.7
1507626000,6065.7,6074.6,6063.9,6074.2
1507640400,6074.2,6082.4,6033.3,6049
1507654800,6049,6062.4,6046.8,6059.6
1507669200,6059.6,6061.6,6057.2,6061
1507683600,6061,6066.4,6060.7,6062.5
1507698000,6062.5,6063.1,6050.3,6054.9
1507712400,6054.9,6058.8,6047.4,6055.3
1507726800,6055.3,6068.9,6049.9,6066.3
1507741200,6066.3,6080.1,6063,6076.7
1507755600,6076.7,6078.2,6072.3,6073.2
1507770000,6073.2,6077.8,6072.2,6076.4
1507784400,6076.4,6077.9,6070.1,6071.2
1507798800,6071.2,6077.2,6065.6,6067.8
1507813200,6067.8,6090.7,6062.5,6080.6
1507827600,6080.6,6085.9,6060.4,6068.6
1507842000,6068.6,6068.6,6062.6,6066.2
1507856400,6066.2,6075.1,6066.2,6074.9
1507870800,6074.9,6075.3,6066.5,6068.4
1507885200,6068.4,6092.4,6068.4,6088.6
1507899600,6088.6,6097.1,6084.1,6094.2
1507914000,6094.2,6097.9,6086.6,6093.9
1508101200,6093.9,6103.9,6093.9,6102.2
1508115600,6102.2,6108.9,6101.2,6103.9
1508130000,6103.9,6104.3,6097.2,6101.2
1508144400,6101.2,6105.8,6097.6,6104.7
1508158800,6104.7,6112.3,6091.9,6099.4
1508173200,6099.4,6115.4,6096.4,6114.8
1508187600,6114.8,6118.9,6111.2,6117.4
1508202000,6117.4,6118.6,6111.2,6114.4
1508216400,6114.4,6115.4,6108.9,6111.6
1508230800,6111.6,6114.6,6107.7,6111.7
1508245200,6111.7,6114.7,6099.1,6107.5
1508259600,6107.5,6119.4,6106.2,6116.6
1508274000,6116.6,6122.8,6115.8,6121.1
1508288400,6121.1,6122.1,6119.6,6120.1
1508302800,6120.1,6121.6,6117.4,6118.3
1508317200,6118.3,6125.4,6117.2,6122.7
1508331600,6122.7,6126.6,6102.4,6118.4
1508346000,6118.4,6121.2,6107.2,6113.5
1508360400,6113.5,6115.9,6108.9,6109.6
1508374800,6109.6,6112.6,6106.4,6111.2
1508389200,6111.2,6111.4,6049.2,6074.9
1508403600,6074.9,6082.3,6060.6,6079.1
1508418000,6079.1,6085.4,6045.2,6068.2
1508432400,6068.2,6093.8,6068.1,6092.2
1508446800,6092.2,6092.2,6085.7,6087
1508461200,6087,6123.6,6084.7,6110.9
1508475600,6110.9,6113.1,6097.2,6099.1
1508490000,6099.1,6108.6,6097.6,6104.5
1508504400,6104.5,6117.7,6098.2,6111.3
1508518800,6111.3,6114.9,6096.5,6103.9
1508706000,6103.9,6119,6103.9,6110
1508720400,6110,6111.1,6101.1,6102.9
1508734800,6102.9,6112.1,6099.2,6107.5
1508749200,6107.5,6117.6,6106.6,6117.1
1508763600,6117.1,6118.4,6080.5,6098
1508778000,6098,6098.8,6054.9,6058.7
1508792400,6058.7,6067.4,6058.2,6064.8
1508806800,6064.8,6071.6,6062.9,6066.1
1508821200,6066.1,6069.6,6057.6,6062.9
1508835600,6062.9,6076.9,6061.8,6073.8
1508850000,6073.8,6082.8,6050.9,6075.6
1508864400,6075.6,6086.4,6067.2,6067.4
1508878800,6067.4,6070.4,6063.4,6064.1
1508893200,6064.1,6072.7,6063.9,6064.4
1508907600,6064.4,6067.3,6054.9,6062.4
1508922000,6062.4,6069.3,6057.1,6061.5
1508936400,6061.5,6081.4,6005.3,6032
1508950800,6032,6060.2,6027.8,6059.3
1508965200,6059.3,6060.6,6051.9,6056.6
1508979600,6056.6,6061.8,6053.3,6059.3
1508994000,6059.3,6061.1,6052.4,6054.3
1509008400,6054.3,6070.1,6048.1,6050.1
1509022800,6050.1,6061.3,6029.2,6039.8
1509037200,6039.8,6090.1,6031,6083.6
1509051600,6083.6,6086.7,6072.9,6078.3
1509066000,6078.3,6097.7,6077.6,6095.2
1509080400,6095.2,6106.6,6088.1,6103.8
1509094800,6103.8,6133.2,6102.6,6130.1
1509109200,6130.1,6208.6,6122.2,6200.7
1509123600,6200.7,6220,6197.1,6208.9
1509310800,6208.9,6215.8,6198.7,6213.9
1509325200,6213.9,6217.6,6200.1,6204.3
1509339600,6204.3,6215,6202.9,6209.4
1509354000,6209.4,6212.3,6204.2,6208.1
1509368400,6208.1,6245.7,6196.7,6215.2
1509382800,6215.2,6226.9,6205.9,6215.6
1509397200,6215.6,6222.4,6213.9,6221.3
1509411600,6221.3,6229.6,6218.9,6229.1
1509426000,6229.1,6233.8,6223.4,6233.3
1509440400,6233.3,6243.9,6231.4,6241.3
1509454800,6241.3,6244.8,6223.1,6241.7
1509469200,6241.7,6253.1,6237.6,6246.1
1509483600,6246.1,6258.3,6241.4,6257.6
1509498000,6257.6,6263.9,6256.7,6260.9
1509512400,6260.9,6274.1,6258.8,6270.4
1509526800,6270.4,6278.8,6267.8,6268.9
1509541200,6268.9,6271.8,6236.7,6241.7
1509555600,6241.7,6250,6218.1,6230.4
1509570000,6230.4,6230.4,6195.2,6209.3
1509584400,6209.3,6221.7,6203.3,6219.7
1509598800,6219.7,6232.1,6214.4,6224.4
1509613200,6224.4,6242,6222.1,6239.9
1509627600,6239.9,6240.6,6187.2,6219.6
1509642000,6219.6,6257,6211.4,6254.1
1509656400,6254.1,6254.1,6243.3,6248.3
1509670800,6248.3,6249.6,6243.8,6248.2
1509685200,6248.2,6252.6,6239,6248.2
1509699600,6248.2,6267.8,6247.8,6258.8
1509714000,6258.8,6267.8,6230.4,6264.9
1509728400,6264.9,6291.1,6264.6,6283.55
1509919200,6283.55,6293.3,6275.8,6276.2
1509933600,6276.2,6277.8,6262.7,6274.5
1509948000,6274.5,6287.8,6274.3,6285.5
1509962400,6285.5,6290.7,6279.5,6289
1509976800,6289,6310.1,6281.4,6301.7
1509991200,6301.7,6311.9,6299.9,6307.6
1510005600,6307.6,6316.4,6304.1,6315
1510020000,6315,6322.1,6311.2,6321.2
1510034400,6321.2,6325.8,6302.4,6307.8
1510048800,6307.8,6308.9,6299.9,6306.2
1510063200,6306.2,6321.1,6290.9,6306.8
1510077600,6306.8,6312.9,6298.4,6309.7
1510092000,6309.7,6309.7,6296,6306.9
1510106400,6306.9,6311.8,6305.4,6308.3
1510120800,6308.3,6320.5,6305.4,6314.3
1510135200,6314.3,6316.2,6305.4,6311.6
1510149600,6311.6,6328.1,6302.1,6327.1
1510164000,6327.1,6340.6,6326.7,6335.9
1510178400,6335.9,6346.3,6335.2,6342.4
1510192800,6342.4,6345.9,6320.2,6329.3
1510207200,6329.3,6335.3,6323.4,6330.9
1510221600,6330.9,6331.3,6281.1,6287.7
1510236000,6287.7,6308.2,6239.9,6258.3
1510250400,6258.3,6311.3,6245.9,6308.2
1510264800,6308.2,6313.3,6301.1,6309.1
1510279200,6309.1,6315.8,6303.7,6314.6
1510293600,6314.6,6314.8,6276.3,6278.1
1510308000,6278.1,6298.7,6278.1,6294.4
1510322400,6294.4,6303.7,6278.7,6292.4
1510336800,6292.4,6309.2,6290.1,6302.4
1510524000,6302.4,6315.6,6302.4,6314.1
1510538400,6314.1,6318.4,6306.7,6307.5
1510552800,6307.5,6314.3,6301.1,6306.2
1510567200,6306.2,6307.7,6277.6,6279.8
1510581600,6279.8,6316.8,6277.5,6312.5
1510596000,6312.5,6321.3,6305.8,6308.5
1510610400,6308.5,6312.8,6301.5,6311.3
1510624800,6311.3,6311.5,6302,6303.7
1510639200,6303.7,6314.5,6303.1,6308.6
1510653600,6308.6,6313.8,6295,6295.5
1510668000,6295.5,6298.6,6260,6272.8
1510682400,6272.8,6293.2,6261.9,6291.2
1510696800,6291.2,6291.6,6269.9,6277.9
1510711200,6277.9,6278.2,6267.4,6272.6
1510725600,6272.6,6274.6,6253.4,6261.4
1510740000,6261.4,6275.6,6254.1,6269.4
1510754400,6269.4,6278.7,6227.6,6269.5
1510768800,6269.5,6276.7,6248.7,6261.4
1510783200,6261.4,6276,6258.1,6274
1510797600,6274,6286,6273.2,6283.2
1510812000,6283.2,6290.4,6278.7,6288.8
1510826400,6288.8,6295.6,6285.7,6293.1
1510840800,6293.1,6350.9,6291.7,6348.6
1510855200,6348.6,6356.6,6338.9,6344.8
1510869600,6344.8,6349.9,6340.2,6344.4
1510884000,6344.4,6344.5,6334.2,6340.5
1510898400,6340.5,6349.7,6335.6,6339.4
1510912800,6339.4,6348.9,6336.6,6343
1510927200,6343,6347.4,6323.2,6331.8
1510941600,6331.8,6333,6307.1,6308.6
1511128800,6308.6,6317.7,6293.7,6297.1
1511143200,6297.1,6302.5,6290.1,6301
1511157600,6301,6307.7,6292.7,6303.7
1511172000,6303.7,6322.2,6303.2,6320.4
1511186400,6320.4,6327.4,6303.5,6313.5
1511200800,6313.5,6317.8,6306.5,6315.5
1511215200,6315.5,6317.1,6309.6,6315.5
1511229600,6315.5,6321.7,6315.5,6317.2
1511244000,6317.2,6320.6,6310.4,6320.1
1511258400,6320.1,6346.7,6320.1,6345.3
1511272800,6345.3,6382.6,6338.9,6377
1511287200,6377,6383.7,6374.2,6377.6
1511301600,6377.6,6382.2,6376.4,6377.7
1511316000,6377.7,6386,6377.7,6380.9
1511330400,6380.9,6383.9,6375.4,6378.5
1511344800,6378.5,6391.2,6374.2,6384
1511359200,6384,6391.2,6373.7,6385.4
1511373600,6385.4,6393.4,6379.9,6386.1
1511388000,6386.1,6389.7,6385,6388.4
1511402400,6388.4,6390.5,6386.2,6389.2
1511416800,6389.2,6389.7,6374.2,6389.5
1511431200,6389.5,6396.2,6387.7,6391.5
1511445600,6391.5,6391.5,6378.7,6383.4
1511474400,6383.4,6385.5,6378.2,6385
1511488800,6385,6392.4,6381.6,6389
1511503200,6389,6393.2,6386.7,6391.6
1511517600,6391.6,6400.2,6390.4,6397
1511532000,6397,6413,6391.2,6410.9
1511546400,6410.9,6414.2,6409,6411.2
1511733600,6411.75,6418,6401.5,6403.3
1511748000,6403.3,6407.8,6399.3,6406.2
1511762400,6406.2,6419.3,6402.8,6416.4
1511776800,6416.4,6422.7,6403.7,6407.3
1511791200,6407.3,6422.8,6393.3,6405
1511805600,6405,6413.5,6404.3,6412.5
1511820000,6412.5,6412.5,6400.4,6406.5
1511834400,6406.5,6407.5,6397,6403.2
1511848800,6403.2,6414.2,6400.7,6412.9
1511863200,6412.9,6420.7,6409.3,6420
1511877600,6420,6426.3,6407.8,6419.4
1511892000,6419.4,6428.2,6387.8,6422.4
1511906400,6422.4,6422.4,6414.9,6416.1
1511920800,6416.1,6421.2,6413.6,6421.1
1511935200,6421.1,6424.7,6410.2,6417.8
1511949600,6417.8,6427.3,6412.5,6418.5
1511964000,6418.5,6420.8,6282,6314.2
1511978400,6314.2,6334.5,6292.5,6303.8
1511992800,6303.8,6310.1,6299.5,6309
1512007200,6309,6309.8,6287.9,6300.3
1512021600,6300.3,6317.3,6294.6,6311.5
1512036000,6311.5,6329,6311.5,6327.6
1512050400,6327.6,6376.1,6323.3,6363.2
1512064800,6363.2,6372.8,6345,6353.7
1512079200,6353.7,6360.1,6339.3,6340.6
1512093600,6340.6,6360,6337.1,6353.6
1512108000,6353.6,6366.6,6332.8,6341.8
1512122400,6341.8,6348,6309.1,6336.3
1512136800,6336.3,6367.8,6245.2,6322.4
1512151200,6322.4,6346.3,6313.1,6343.45
1512338400,6343.45,6390,6343.45,6376.5
1512352800,6376.5,6380.5,6369.8,6375.6
1512367200,6375.6,6377.8,6362.7,6363.1
1512381600,6363.1,6379.3,6362.2,6375.6
1512396000,6375.6,6383.7,6274.3,6316.8
1512410400,6316.8,6327.8,6249.6,6260.1
1512424800,6260.1,6272.6,6259,6269
1512439200,6269,6278.1,6266.6,6268.5
1512453600,6268.5,6277.2,6249.8,6256
1512468000,6256,6273.3,6230.8,6265
1512482400,6265,6338.5,6237.8,6298.7
1512496800,6298.7,6312,6261.5,6267.2
1512511200,6267.2,6277.6,6267.2,6275.2
1512525600,6275.2,6275.5,6236.3,6238.6
1512540000,6238.6,6254,6231.3,6243.3
1512554400,6243.3,6257.2,6234,6255.1
1512568800,6255.1,6297.1,6237.2,6278.5
1512583200,6278.5,6306.2,6271.7,6299.6
1512597600,6299.6,6323.9,6295.2,6321.8
1512612000,6321.8,6323.2,6312.7,6322.5
1512626400,6322.5,6326.7,6309.4,6316.6
1512640800,6316.6,6322.3,6299.4,6303.9
1512655200,6303.9,6335.1,6287.9,6330.1
1512669600,6330.1,6332.9,6298.9,6323.9
1512684000,6323.9,6332.1,6320.1,6330.85
1512698400,6330.85,6351.2,6328.4,6348.1
1512712800,6348.1,6358.8,6347.8,6354.2
1512727200,6354.2,6366.5,6345.9,6363.4
1512741600,6363.4,6378.6,6343.1,6357.1
1512756000,6357.1,6362.9,6335.1,6343.1
1512943200,6343.1,6352.1,6343.1,6350.4
1512957600,6350.4,6358.2,6347.9,6355.7
1512972000,6355.7,6359.7,6345.3,6346.6
1512986400,6346.6,6357.6,6341.2,6348.1
1513000800,6348.1,6396,6346.8,6395.2
1513015200,6395.2,6409.7,6383.7,6405.1
1513029600,6405.1,6406.5,6397.6,6402.7
1513044000,6402.7,6407.9,6400.9,6405.2
1513058400,6405.2,6405.3,6396.1,6399.3
1513072800,6399.3,6400.9,6390.4,6396.1
1513087200,6396.1,6405.2,6372.1,6392.9
1513101600,6392.9,6396.3,6374.2,6385.3
1513116000,6385.3,6387.6,6376.7,6382.3
1513130400,6382.3,6384.8,6365.3,6381.7
1513144800,6381.7,6392.9,6379.9,6389.7
1513159200,6389.7,6409.7,6383.4,6405.1
1513173600,6405.1,6419.6,6389.7,6399.6
1513188000,6399.6,6415.6,6388.9,6400.4
1513202400,6400.4,6411.3,6399.6,6405.2
1513216800,6405.2,6409.6,6399.4,6400.3
1513231200,6400.3,6411.1,6397.2,6409.7
1513245600,6409.7,6410.9,6402.7,6410.7
1513260000,6410.7,6425.6,6400.9,6408.4
1513274400,6408.4,6410.4,6384.6,6384.7
1513288800,6384.7,6393.4,6384.7,6388.3
1513303200,6388.3,6402.8,6382.9,6397.7
1513317600,6397.7,6406.8,6395.4,6402.3
1513332000,6402.3,6412.4,6401.4,6407.9
1513346400,6407.9,6459.6,6402.8,6456.6
1513360800,6456.6,6484.8,6452.9,6482.15
1513548000,6482.15,6499.2,6480.8,6497.8
1513562400,6497.8,6504.1,6496.6,6502.9
1513576800,6502.9,6518.9,6501.3,6518.2
1513591200,6518.2,6521.6,6503.4,6506.9
1513605600,6506.9,6523.9,6495.2,6521.8
1513620000,6521.8,6522.4,6509.9,6517.1
1513634400,6517.1,6521.6,6515.8,6521.6
1513648800,6521.6,6522.7,6518.7,6521.8
1513663200,6521.8,6527.6,6519.4,6524.4
1513677600,6524.4,6524.5,6510,6510.1
1513692000,6510.1,6513.6,6461.8,6475.1
1513706400,6475.1,6486.4,6464.6,6485.6
1513720800,6485.6,6499.9,6484.2,6499.9
1513735200,6499.9,6501.3,6496.2,6498.6
1513749600,6498.6,6506.6,6494.4,6504.3
1513764000,6504.3,6510.8,6502.2,6509.6
1513778400,6509.6,6509.6,6445.4,6470.2
1513792800,6470.2,6484.1,6466,6466.9
1513807200,6466.9,6475.9,6458.2,6473.9
1513821600,6473.9,6475.6,6464.7,6468.2
1513836000,6468.2,6472.9,6460.3,6467.6
1513850400,6467.6,6483,6466.2,6479.8
1513864800,6479.8,6496.6,6464.1,6495.7
1513879200,6495.7,6502.6,6469.6,6471.8
1513893600,6471.8,6481.3,6471.6,6477.7
1513908000,6477.7,6481.3,6475.4,6480.8
1513922400,6480.8,6483.5,6474.4,6479.2
1513936800,6479.2,6480.8,6472.4,6472.7
1513951200,6472.7,6475.2,6449.6,6460.2
1513965600,6460.2,6473.9,6459.7,6465.7
1514239200,6465.7,6473.9,6458.1,6461.5
1514253600,6461.5,6461.7,6457.6,6459.6
1514268000,6459.6,6462.3,6458.4,6460.2
1514282400,6460.2,6460.4,6427.9,6437.3
1514296800,6437.3,6447.6,6414.4,6444.7
1514311200,6444.7,6445.9,6433.7,6442.6
1514325600,6442.6,6450.4,6442.6,6444.3
1514340000,6444.3,6453.6,6444.2,6447.4
1514354400,6447.4,6451.4,6441.6,6448.2
1514368800,6448.2,6452.3,6435.7,6450.1
1514383200,6450.1,6457.4,6430.7,6434.4
1514397600,6434.4,6437.1,6424.1,6435.45
1514412000,6435.45,6440.4,6433.4,6439.5
1514426400,6439.5,6445.4,6439.3,6441.7
1514440800,6441.7,6450.1,6440.3,6447.3
1514455200,6447.3,6459.4,6446.2,6452.2
1514469600,6452.2,6452.2,6425.6,6434.8
1514484000,6434.8,6434.9,6424.4,6426.4
1514498400,6426.4,6434,6426.4,6431.7
1514512800,6431.7,6431.8,6427.7,6430.3
1514527200,6430.3,6436.6,6429.1,6436.6
1514541600,6436.6,6449.6,6436.4,6440.4
1514556000,6440.4,6445.6,6399.3,6412.7
1514570400,6412.7,6416.6,6365.6,6367.4
1514844000,6367.4,6405.6,6367.4,6402.6
1514858400,6402.6,6405.4,6393.9,6404.1
1514872800,6404.1,6404.4,6379.7,6380.4
1514887200,6380.4,6419.6,6380.1,6413.2
1514901600,6413.2,6490.6,6408.3,6481.8
1514916000,6481.8,6505.1,6481.2,6497.85
1514930400,6497.85,6504.1,6493.7,6502.2
1514944800,6502.2,6506.9,6501.8,6503.6
1514959200,6503.6,6513.3,6501.3,6510.9
1514973600,6510.9,6511.9,6502.4,6503.4
1514988000,6503.4,6572.8,6503.4,6569.6
1515002400,6569.6,6575,6554.3,6566.3
1515016800,6566.3,6576.6,6564.2,6566.6
1515031200,6566.6,6582.9,6564.7,6581.9
1515045600,6581.9,6585.9,6578.7,6583.9
1515060000,6583.9,6601.2,6576.7,6597.9
1515074400,6597.9,6599.8,6570.4,6579.2
1515088800,6579.2,6591.9,6572.2,6590.2
1515103200,6590.2,6593.6,6587.6,6588.9
1515117600,6588.9,6596.3,6583.9,6594.6
1515132000,6594.6,6604.1,6592.7,6602.3
1515146400,6602.3,6623.1,6602.2,6614.2
1515160800,6614.2,6638.3,6598.4,6634.7
1515175200,6634.7,6653.1,6632.1,6650.1
1515362400,6650.1,6665.1,6650.1,6655.9
1515376800,6655.9,6657.3,6650.6,6655.3
1515391200,6655.3,6658.9,6649.7,6652.3
1515405600,6652.3,6656.3,6637.4,6642
1515420000,6642,6674.5,6640.8,6665.4
1515434400,6665.4,6674.1,6661.9,6673
1515448800,6673,6677.1,6666.7,6667.9
1515463200,6667.9,6672.8,6663.3,6668.8
1515477600,6668.8,6681.3,6667.7,6679.2
1515492000,6679.2,6689.2,6674.7,6687.3
1515506400,6687.3,6689.6,6651.3,6683.2
1515520800,6683.2,6691.2,6663.9,6663.9
1515535200,6663.9,6670.7,6661.7,6663.4
1515549600,6663.4,6669.6,6658.9,6663.7
1515564000,6663.7,6665.5,6653.1,6654.3
1515578400,6654.3,6656.6,6624.6,6635.3
1515592800,6635.3,6652.8,6612.2,6646.55
1515607200,6646.55,6661.8,6631.4,6660.6
1515621600,6660.6,6668.4,6654.4,6663.6
1515636000,6663.6,6666.1,6648.3,6665.8
1515650400,6665.8,6670.1,6660.8,6665.3
1515664800,6665.3,6681.7,6660.6,6668.4
1515679200,6668.4,6694.5,6656.4,6693.75
1515693600,6693.75,6713.6,6684.8,6709.4
1515708000,6709.4,6710.2,6702.9,6710.2
1515722400,6710.2,6712.1,6706.1,6707.3
1515736800,6707.3,6729.3,6706.9,6720.7
1515751200,6720.7,6727.4,6688.9,6692.6
1515765600,6692.6,6752,6688.2,6751.35
1515780000,6751.35,6762.4,6739.6,6757.65
1515967200,6757.65,6776.8,6757.65,6769.8
1515981600,6769.8,6783.3,6768.6,6779.3
1515996000,6779.3,6781.3,6763.1,6769.8
1516010400,6769.8,6773.4,6758.1,6762.2
1516024800,6762.2,6769,6758.4,6765.35
1516053600,6765.35,6769.3,6760.9,6768.5
1516068000,6768.5,6780.1,6768.1,6776.4
1516082400,6776.4,6794.1,6775.6,6792.2
1516096800,6792.2,6804.3,6791.6,6796.9
1516111200,6796.9,6830.6,6762.4,6767.35
1516125600,6767.35,6773.6,6714.2,6747.8
1516140000,6747.8,6756.7,6729.9,6745.6
1516154400,6745.6,6757.1,6737.6,6750.8
1516168800,6750.8,6766.1,6743.4,6763.7
1516183200,6763.7,6779.6,6760.6,6778
1516197600,6778,6787.6,6736.6,6787.05
1516212000,6787.05,6819.4,6784.4,6805.4
1516226400,6805.4,6821.3,6803.3,6806.8
1516240800,6806.8,6814.9,6789.2,6792.6
1516255200,6792.6,6808.6,6789.8,6800.4
1516269600,6800.4,6808.2,6783.1,6788.6
1516284000,6788.6,6816,6781,6810.85
1516298400,6810.85,6823,6794.2,6801.5
1516312800,6801.5,6810.8,6800.7,6805.7
1516327200,6805.7,6807.3,6786.7,6798.9
1516341600,6798.9,6832.7,6795.3,6829.9
1516356000,6829.9,6837.6,6810.2,6817.9
1516370400,6817.9,6841.4,6795.8,6817.85
1516384800,6817.85,6839.4,6812.8,6834.8
1516572000,6834.8,6834.8,6809.3,6822.9
1516586400,6822.9,6828.1,6819.6,6826.6
1516600800,6826.6,6832.6,6820.4,6823.2
1516615200,6823.2,6834.9,6820.9,6826.9
1516629600,6826.9,6888.8,6819.4,6882.85
1516644000,6882.85,6926.3,6875.2,6918.6
1516658400,6918.6,6923.4,6912.5,6923.1
1516672800,6923.1,6932.1,6917.9,6929.3
1516687200,6929.3,6942.9,6929,6934.6
1516701600,6934.6,6935.1,6905.1,6911.5
1516716000,6911.5,6963.6,6910.7,6948.65
1516730400,6948.65,6966.2,6936.6,6944.65
1516744800,6944.65,6954.2,6939.9,6951
1516759200,6951,6953.4,6943.9,6951.3
1516773600,6951.3,6964.8,6948.6,6960.6
1516788000,6960.6,6980.2,6955.9,6973.9
1516802400,6973.9,6988.8,6892.4,6907.45
1516816800,6907.45,6943.2,6873.6,6920.2
1516831200,6920.2,6929.8,6906.6,6921.1
1516845600,6921.1,6923.7,6912.5,6919.9
1516860000,6919.9,6944.1,6909.7,6943.6
1516874400,6943.6,6972.4,6935.9,6967.6
1516888800,6967.6,6969.4,6901.6,6929.45
1516903200,6929.45,6941.2,6887.2,6923.3
1516917600,6923.3,6938.7,6919.4,6936.3
1516932000,6936.3,6941.6,6931.9,6935.9
1516946400,6935.9,6948.1,6933.7,6943.3
1516960800,6943.3,6956.9,6941.4,6951.3
1516975200,6951.3,6971.8,6934.4,6965.85
1516989600,6965.85,7019.4,6965.85,7015.95
1517176800,7015.95,7032.1,7015.5,7027.7
1517191200,7027.7,7028.4,7009.4,7011.8
1517205600,7011.8,7015.6,6988.4,6989.2
1517220000,6989.2,7001.8,6985.9,6994.3
1517234400,6994.3,7006.2,6965.6,7002.15
1517248800,7002.15,7012,6965.2,6979.8
1517263200,6979.8,6991.4,6973.4,6982.8
1517277600,6982.8,6986.6,6910.8,6929.2
1517292000,6929.2,6953.8,6929.2,6952.3
1517306400,6952.3,6953.6,6926.4,6927.4
1517320800,6927.4,6954,6887.8,6919.35
1517335200,6919.35,6941.4,6901.8,6925.3
1517349600,6925.3,6942.4,6922.7,6941.4
1517364000,6941.4,6961.5,6929.3,6932.7
1517378400,6932.7,6958.6,6929.3,6946.9
1517392800,6946.9,6966.4,6937.4,6962.2
1517407200,6962.2,6976.8,6931.2,6950.65
1517421600,6950.65,6965.4,6907.8,6917.2
1517436000,6917.2,6973.1,6917.2,6971.3
1517450400,6971.3,6973.8,6965.4,6967.4
1517464800,6967.4,6969.4,6949.2,6949.3
1517479200,6949.3,6958.6,6890.4,6901.3
1517493600,6901.3,6958.6,6884.3,6953.85
1517508000,6953.85,6965.2,6870.6,6924.55
1517522400,6924.55,6949.2,6898.8,6918.1
1517536800,6918.1,6929.9,6908.4,6914.4
1517551200,6914.4,6925.8,6854.8,6856.8
1517565600,6856.8,6879.3,6830.6,6858.2
1517580000,6858.2,6881.6,6789.8,6828.35
1517594400,6828.35,6830.4,6738.4,6739.05
1517781600,6739.05,6745.4,6696.2,6723.35
1517796000,6723.35,6734.8,6710.3,6734.55
1517810400,6734.55,6749.2,6719.8,6742.4
1517824800,6742.4,6744.5,6673.2,6712.8
1517839200,6712.8,6799.6,6668.4,6724.45
1517853600,6724.45,6725.6,6375.3,6440.7
1517868000,6440.7,6481.3,6267,6295.3
1517882400,6295.3,6422.8,6246.8,6412.85
1517896800,6412.85,6523.4,6372,6461.05
1517911200,6461.05,6474.6,6343.7,6429.15
1517925600,6429.15,6585.6,6359.6,6549.8
1517940000,6549.8,6664.2,6470.8,6623.95
1517954400,6623.95,6659.2,6610.3,6633.2
1517968800,6633.2,6649.2,6568.2,6569.4
1517983200,6569.4,6607.4,6552.3,6586.45
1517997600,6586.45,6634.3,6569.3,6622.3
1518012000,6622.3,6705.8,6610.4,6625.55
1518026400,6625.55,6643.8,6520.2,6536.95
1518040800,6536.95,6545.9,6478.9,6540.6
1518055200,6540.6,6570.6,6516.6,6557.9
1518069600,6557.9,6585,6540.2,6566
1518084000,6566,6606.3,6528.4,6588.8
1518098400,6588.8,6602.8,6375.8,6406.3
1518112800,6406.3,6481.4,6289.2,6317.15
1518127200,6317.15,6353.1,6285.2,6310.05
1518141600,6310.05,6355.6,6276.8,6323.9
1518156000,6323.9,6366.4,6300.6,6356.45
1518170400,6356.45,6367.7,6298,6360.1
1518184800,6360.1,6412.8,6159,6248.4
1518199200,6248.4,6444.4,6153.4,6414.9
1518386400,6414.9,6443.3,6403.3,6429.55
1518400800,6429.55,6438.8,6422.6,6437.95
1518415200,6437.95,6487.5,6420,6481.5
1518429600,6481.5,6488.6,6455.8,6461.8
1518444000,6461.8,6530.4,6417,6508.6
1518458400,6508.6,6558.8,6489.2,6518.6
1518472800,6518.6,6537.3,6497.2,6533.35
1518487200,6533.35,6542.8,6505.2,6507.5
1518501600,6507.5,6518,6484,6492.2
1518516000,6492.2,6506.3,6468.2,6474.3
1518530400,6474.3,6530.8,6462.3,6501.8
1518544800,6501.8,6562.2,6501.2,6551.85
1518559200,6551.85,6562.1,6545.8,6555.1
1518573600,6555.1,6560.1,6543.5,6557.6
1518588000,6557.6,6593.8,6554.6,6581.95
1518602400,6581.95,6591,6446.5,6504.15
1518616800,6504.15,6637.6,6485.4,6633.85
1518631200,6633.85,6685.1,6632.2,6673.2
1518645600,6673.2,6703.8,6667.8,6702.1
1518660000,6702.1,6725.3,6699.4,6718.2
1518674400,6718.2,6732.9,6709,6728.5
1518688800,6728.5,6732.3,6701.2,6720.3
1518703200,6720.3,6755.4,6664.4,6754.55
1518717600,6754.55,6822,6749.4,6813.6
1518732000,6813.6,6828.3,6810.1,6820.4
1518746400,6820.4,6839.1,6817.2,6820.15
1518760800,6820.15,6854,6815.7,6843.85
1518775200,6843.85,6852.4,6797.6,6798.3
1518789600,6798.3,6844.4,6775.6,6822.95
1518804000,6822.95,6829.2,6759.2,6778.95
1518991200,6778.95,6808.2,6778.95,6804.8
1519005600,6804.8,6816.2,6802.1,6814.1
1519020000,6814.1,6815.1,6798.1,6804.7
1519034400,6804.7,6813.1,6792.6,6795.7
1519048800,6795.7,6804.6,6755.4,6777.65
1519077600,6777.65,6793.3,6759.6,6764.8
1519092000,6764.8,6788.6,6758.5,6780.2
1519106400,6780.2,6784.6,6730.1,6732.05
1519120800,6732.05,6750.2,6720.4,6742.8
1519135200,6742.8,6840.6,6736.8,6836.95
1519149600,6836.95,6839.8,6747.6,6789.8
1519164000,6789.8,6805.3,6779.9,6799.05
1519178400,6799.05,6811.9,6771.8,6789.5
1519192800,6789.5,6809.8,6777.8,6785.45
1519207200,6785.45,6813.8,6778.6,6809.9
1519221600,6809.9,6860,6803.4,6838.75
1519236000,6838.75,6882.6,6738.7,6749.75
1519250400,6749.75,6759.4,6692.8,6710.1
1519264800,6710.1,6729.8,6707.1,6725.85
1519279200,6725.85,6734.8,6710.3,6732.1
1519293600,6732.1,6791.8,6729.7,6789.4
1519308000,6789.4,6829,6777,6786.55
1519322400,6786.55,6797.8,6744.8,6793.75
1519336800,6793.75,6802.4,6780.2,6793.95
1519351200,6793.95,6804.7,6787.9,6801.55
1519365600,6801.55,6825.2,6797.3,6809.65
1519380000,6809.65,6830.4,6793.3,6817.4
1519394400,6817.4,6842.4,6789,6838.45
1519408800,6838.45,6910.9,6826,6900.5
1519596000,6900.5,6924.2,6887.7,6893.9
1519610400,6893.9,6909.4,6888.9,6908.3
1519624800,6908.3,6924.4,6899,6914
1519639200,6914,6938,6913.8,6932
1519653600,6932,6970.2,6927.2,6967.95
1519668000,6967.95,7005,6964,7001.5
1519682400,7001.5,7006.5,6993.4,7002.4
1519696800,7002.4,7004.2,6985,6988.3
1519711200,6988.3,6998.5,6975.8,6983.1
1519725600,6983.1,6997.5,6974.7,6992.8
1519740000,6992.8,7006,6910,6954.75
1519754400,6954.75,6960,6901.8,6910.25
1519768800,6910.25,6930,6910.25,6918.2
1519783200,6918.2,6921.1,6891.1,6905.1
1519797600,6905.1,6927.5,6898.4,6926.5
1519812000,6926.5,6943,6912,6936.7
1519826400,6936.7,6961.8,6891.6,6939.85
1519840800,6939.85,6968.8,6856.4,6879.85
1519855200,6879.85,6885.9,6839.7,6863.3
1519869600,6863.3,6872.1,6848.2,6860.55
1519884000,6860.55,6896.9,6849.7,6854.55
1519898400,6854.55,6880.4,6821.6,6877.3
1519912800,6877.3,6897,6795.6,6806.1
1519927200,6806.1,6806.1,6687.8,6764.3
1519941600,6764.3,6777.2,6754.3,6765.5
1519956000,6765.5,6771.5,6739.8,6761.25
1519970400,6761.25,6776.4,6733,6735.2
1519984800,6735.2,6741.9,6667,6689.1
1519999200,6689.1,6781.6,6645.4,6775.25
1520013600,6775.25,6822.6,6719,6807.85
1520200800,6807.85,6811,6778.4,6792.1
1520215200,6792.1,6793.6,6763,6772
1520229600,6772,6812.5,6741.6,6806.7
1520244000,6806.7,6832,6786.4,6791
1520258400,6791,6881.8,6752.6,6881.05
1520272800,6881.05,6903.6,6851.6,6879.65
1520287200,6879.65,6892.3,6876.4,6885.3
1520301600,6885.3,6892.8,6877.6,6891.8
1520316000,6891.8,6908.4,6886.8,6903.9
1520330400,6903.9,6925,6895.6,6912.5
1520344800,6912.5,6938.6,6871.2,6921.25
1520359200,6921.25,6926.6,6891.8,6908.4
1520373600,6908.4,6908.4,6797.6,6859.2
1520388000,6859.2,6862.9,6821.7,6828
1520402400,6828,6859.8,6813.8,6843.3
1520416800,6843.3,6877.3,6839.6,6867.1
1520431200,6867.1,6917.2,6850,6885.15
1520445600,6885.15,6936.2,6864.2,6920.3
1520460000,6920.3,6931.4,6912.9,6928.1
1520474400,6928.1,6934.7,6919.9,6927.6
1520488800,6927.6,6947.6,6924,6935.6
1520503200,6935.6,6964.9,6934.9,6956.5
1520517600,6956.5,6973.2,6940.6,6957.65
1520532000,6957.65,6976.4,6930.4,6972.2
1520546400,6972.2,6992.6,6966.4,6984.6
1520560800,6984.6,6984.7,6964,6972.75
1520575200,6972.75,6978.1,6966.6,6972.7
1520589600,6972.7,7034.1,6962.4,7022.4
1520604000,7022.4,7076.8,7008,7067.85
1520618400,7067.85,7103.3,7067.85,7097
1520802000,7097,7133.1,7093.7,7127.9
1520816400,7127.9,7146.3,7124.1,7134.8
1520830800,7134.8,7150.4,7132.1,7139.8
1520845200,7139.8,7145.5,7122.1,7122.3
1520859600,7122.3,7153.05,7109,7145.75
1520874000,7145.75,7158.6,7121.8,7134.65
1520888400,7134.65,7140.9,7125.9,7132.2
1520902800,7132.2,7138.8,7124.9,7138
1520917200,7138,7146.4,7134.5,7143.3
1520931600,7143.3,7176,7141.7,7166.05
1520946000,7166.05,7188,7055.1,7094.85
1520960400,7094.85,7108.9,7025.4,7046.35
1520974800,7046.35,7046.35,7021.8,7029.9
1520989200,7029.9,7037.4,7018,7036.2
1521003600,7036.2,7091.6,7030.4,7086.35
1521018000,7086.35,7097.5,7075.9,7082.4
1521032400,7082.4,7087.6,7011.8,7049.05
1521046800,7049.05,7082.6,7027,7033.4
1521061200,7033.4,7049.4,7004.4,7007.6
1521075600,7007.6,7049,7002.3,7040.8
1521090000,7040.8,7051.7,7030.3,7042.4
1521104400,7042.4,7052.1,7023.4,7038.9
1521118800,7038.9,7075.2,7013.6,7046.15
1521133200,7046.15,7051.4,7007.4,7050.75
1521147600,7050.75,7057.8,7043.4,7045.2
1521162000,7045.2,7045.2,7030.6,7036.1
1521176400,7036.1,7048.6,7026.6,7044
1521190800,7044,7052.1,7034.4,7046.7
1521205200,7046.7,7059.6,7008.2,7028.45
1521219600,7028.45,7032.8,7011.6,7020.35
1521406800,7020.35,7020.35,6994.4,6996.4
1521421200,6996.4,6997.1,6976.7,6978.2
1521435600,6978.2,6978.2,6902.8,6926.2
1521450000,6926.2,6945.4,6915.1,6939.2
1521464400,6939.2,6948.7,6810.6,6835.45
1521478800,6835.45,6892.8,6796.2,6889.8
1521493200,6889.8,6889.8,6856.2,6863.6
1521507600,6863.6,6878.7,6857.2,6870.3
1521522000,6870.3,6883.9,6865.2,6872.8
1521536400,6872.8,6902.8,6850.1,6888.9
1521550800,6888.9,6893.6,6838.2,6871.25
1521565200,6871.25,6896.8,6849.4,6892.5
1521579600,6892.5,6896,6880.8,6884.9
1521594000,6884.9,6898.4,6884.7,6897.3
1521608400,6897.3,6898.2,6864.7,6869.6
1521622800,6869.6,6876.8,6856.8,6871.4
1521637200,6871.4,6904.6,6853.4,6903.35
1521651600,6903.35,6925.8,6817.6,6858.2
1521666000,6858.2,6875.3,6858.2,6874.1
1521680400,6874.1,6890.9,6860.2,6866.7
1521694800,6866.7,6875.6,6788.9,6810.8
1521709200,6810.8,6810.8,6754.9,6763.95
1521723600,6763.95,6799.8,6691.2,6743.65
1521738000,6743.65,6783.8,6662.1,6670.4
1521752400,6670.4,6671,6598.7,6610
1521766800,6610,6620.6,6570,6605.7
1521781200,6605.7,6652.6,6583.4,6617.35
1521795600,6617.35,6677.8,6588.6,6649.3
1521810000,6649.3,6697.2,6598.8,6605.35
1521824400,6605.35,6672.6,6495.3,6524.55
1522011600,6524.55,6564.1,6501.1,6561.8
1522026000,6561.8,6587.4,6558.2,6577.3
1522040400,6577.3,6625.8,6576.7,6615.6
1522054800,6615.6,6655.1,6611.4,6630.9
1522069200,6630.9,6656.8,6529.4,6609.75
1522083600,6609.75,6755.8,6607.6,6753.9
1522098000,6753.9,6783.6,6747.6,6780.4
1522112400,6780.4,6797.8,6772.8,6778.1
1522126800,6778.1,6822.5,6775.7,6809.9
1522141200,6809.9,6826.2,6789.9,6791.1
1522155600,6791.1,6796.6,6697.2,6721.45
1522170000,6721.45,6735.6,6467,6526.65
1522184400,6526.65,6551.1,6510.4,6535.3
1522198800,6535.3,6559,6504.7,6514.15
1522213200,6514.15,6542.7,6462.6,6477.4
1522227600,6477.4,6557.1,6464.1,6489.6
1522242000,6489.6,6551.6,6398,6464.75
1522256400,6464.75,6523,6421.4,6466.05
1522270800,6466.05,6485.3,6445.9,6473.3
1522285200,6473.3,6478.5,6447.6,6456.2
1522299600,6456.2,6496.8,6453.1,6491.65
1522314000,6491.65,6517.4,6480.2,6493.8
1522328400,6493.8,6553.8,6420.8,6536.55
1522342800,6536.55,6630.2,6510.6,6546.85
1522616400,6546.85,6564.6,6525.8,6543.15
1522630800,6543.15,6551.4,6531.6,6540.45
1522645200,6540.45,6544.8,6515.1,6524.5
1522659600,6524.5,6541.6,6504.6,6525.85
1522674000,6525.85,6547.4,6343.4,6392.15
1522688400,6392.15,6401.6,6303.8,6390.3
1522702800,6390.3,6400.8,6371.6,6397.5
1522717200,6397.5,6410,6380.9,6394.5
1522731600,6394.5,6416.3,6374.9,6399.8
1522746000,6399.8,6442.8,6392.7,6442.2
1522760400,6442.2,6459.6,6328.4,6376.15
1522774800,6376.15,6473.4,6348.2,6448.25
1522789200,6448.25,6448.25,6420.5,6425.3
1522803600,6425.3,6425.7,6407.9,6420.3
1522818000,6420.3,6421.6,6299.8,6326.55
1522832400,6326.55,6348.4,6283.7,6345.35
1522846800,6345.35,6484.4,6314.3,6456.55
1522861200,6456.55,6569.6,6413.6,6559.8
1522875600,6559.8,6581.4,6552.3,6568.1
1522890000,6568.1,6609.8,6560.3,6605.3
1522904400,6605.3,6632.2,6590.2,6601.6
1522918800,6601.6,6629.6,6582.8,6616.7
1522933200,6616.7,6623.4,6569.8,6599.95
1522947600,6599.95,6612.8,6539.4,6586.7
1522962000,6586.7,6591.1,6470.9,6499.1
1522976400,6499.1,6520.3,6465.5,6505.95
1522990800,6505.95,6533.4,6488.5,6528.4
1523005200,6528.4,6550.2,6496,6527.1
1523019600,6527.1,6579.4,6492.4,6535.6
1523034000,6535.6,6535.6,6388.9,6436.2
1523221200,6436.2,6486.3,6436.2,6480.65
1523235600,6480.65,6498.4,6464.7,6489.3
1523250000,6489.3,6502.7,6465.9,6493.6
1523264400,6493.6,6507.5,6468.8,6473.7
1523278800,6473.7,6598,6462.6,6577.95
1523293200,6577.95,6591.4,6449.1,6473.2
1523307600,6473.2,6480.6,6451.8,6471.65
1523322000,6471.65,6602.8,6471.4,6577.9
1523336400,6577.9,6604.7,6555.6,6571.55
1523350800,6571.55,6586.2,6553.9,6566.8
1523365200,6566.8,6596.6,6522.6,6558.95
1523379600,6558.95,6631.6,6549.9,6604.7
1523394000,6604.7,6607.3,6566.4,6573.15
1523408400,6573.15,6587.1,6570.5,6574.6
1523422800,6574.6,6581.7,6564.6,6573
1523437200,6573,6579.6,6531.2,6552.2
1523451600,6552.2,6643.4,6547.9,6602.05
1523466000,6602.05,6624.2,6565,6574.8
1523480400,6574.8,6604.3,6574.4,6600.85
1523494800,6600.85,6608.7,6585.9,6593
1523509200,6593,6597.4,6572.5,6574.8
1523523600,6574.8,6618.6,6569.9,6609.7
1523538000,6609.7,6670.6,6607.4,6663.45
1523552400,6663.45,6673.8,6619.2,6656.35
1523566800,6656.35,6656.35,6625.6,6631.35
1523581200,6631.35,6642.5,6627.4,6634.1
1523595600,6634.1,6651.2,6629.4,6642.7
1523610000,6642.7,6684.9,6640.6,6682.8
1523624400,6682.8,6692.8,6605.4,6638.35
1523638800,6638.35,6655.6,6586.4,6622.5
1523826000,6622.5,6678.2,6622.5,6666
1523840400,6666,6667.6,6631.4,6648.4
1523854800,6648.4,6654.7,6622.6,6648.1
1523869200,6648.1,6674.8,6647.2,6674.3
1523883600,6674.3,6681.2,6619.4,6678.4
1523898000,6678.4,6701.6,6653,6686.3
1523912400,6686.3,6709.2,6678.6,6700.5
1523926800,6700.5,6716.8,6686.6,6716.3
1523941200,6716.3,6726.9,6704.3,6719.8
1523955600,6719.8,6740.9,6712,6733.4
1523970000,6733.4,6805.8,6720,6797.4
1523984400,6797.4,6824.6,6789.2,6806.2
1523998800,6806.2,6827.8,6798.4,6824.2
1524013200,6824.2,6827.1,6813.6,6820.5
1524027600,6820.5,6833.3,6814.7,6828.8
1524042000,6828.8,6838.1,6816.2,6825.3
1524056400,6825.3,6837.6,6777,6833.2
1524070800,6833.2,6847.2,6815.8,6826.8
1524085200,6826.8,6844.8,6826.8,6843.3
1524099600,6843.3,6846.3,6836.6,6841.8
1524114000,6841.8,6842.1,6814.6,6816.4
1524128400,6816.4,6824.3,6792.1,6792.8
1524142800,6792.8,6803.4,6736.6,6746.8
1524157200,6746.8,6781,6735.4,6758.3
1524171600,6758.3,6762.8,6741.6,6747.9
1524186000,6747.9,6770,6746.3,6766.7
1524200400,6766.7,6767.7,6714,6738.8
1524214800,6738.8,6768.6,6725.2,6748.2
1524229200,6748.2,6753.3,6640.4,6646.8
1524243600,6646.8,6678.2,6626.6,6655.8
1524430800,6655.8,6690.8,6655.8,6673
1524445200,6673,6682.8,6660.1,6678.2
1524459600,6678.2,6682.1,6640.1,6645.6
1524474000,6645.6,6685.3,6642,6682.7
1524488400,6682.7,6707.8,6638.8,6653
1524502800,6653,6673.3,6596.8,6642.1
1524517200,6642.1,6653.4,6640.2,6640.9
1524531600,6640.9,6656.8,6634.3,6654.6
1524546000,6654.6,6685.4,6648.1,6683.6
1524560400,6683.6,6697.6,6670.7,6674.2
1524574800,6674.2,6675.8,6498,6498
1524589200,6498,6521.4,6447.4,6507.3
1524603600,6507.3,6518.7,6501,6516.4
1524618000,6516.4,6518,6477.7,6494.6
1524632400,6494.6,6511.3,6463.2,6467.3
1524646800,6467.3,6501.6,6455.4,6493.9
1524661200,6493.9,6524.6,6409.4,6488
1524675600,6488,6556.1,6470.2,6551.8
1524690000,6551.8,6592.6,6551.8,6589.6
1524704400,6589.6,6591.6,6570.6,6573.4
1524718800,6573.4,6574.9,6539.5,6553.8
1524733200,6553.8,6595.3,6550.8,6594.6
1524747600,6594.6,6627.8,6562,6616.6
1524762000,6616.6,6728.8,6616.6,6722.9
1524776400,6722.9,6734.3,6717.8,6729.3
1524790800,6729.3,6730.2,6711.2,6721.8
1524805200,6721.8,6734.9,6718.2,6721.2
1524819600,6721.2,6751.2,6712.8,6750.4
1524834000,6750.4,6752.1,6602.8,6647.8
1524848400,6647.8,6657.8,6625.8,6651.6
1525035600,6651.6,6672.6,6647.2,6662.5
1525050000,6662.5,6682.7,6659.4,6679.1
1525064400,6679.1,6688.8,6677.8,6682.7
1525078800,6682.7,6692.5,6665.4,6669.2
1525093200,6669.2,6697.8,6575.6,6598
1525107600,6598,6621.2,6582.2,6583.8
1525122000,6583.8,6603.4,6577.2,6597.2
1525136400,6597.2,6603.1,6594.5,6598.8
1525150800,6598.8,6607.9,6573.1,6574.6
1525165200,6574.6,6599.3,6572.4,6587.9
1525179600,6587.9,6613.6,6558.8,6589.8
1525194000,6589.8,6719.7,6570.4,6695.9
1525208400,6695.9,6703.4,6667,6685.4
1525222800,6685.4,6696.9,6669.6,6689
1525237200,6689,6702.3,6686.2,6696.6
1525251600,6696.6,6709.3,6671.2,6682
1525266000,6682,6688.8,6630.2,6655.6
1525280400,6655.6,6699.6,6606.4,6609.6
1525294800,6609.6,6622.3,6608.3,6614.9
1525309200,6614.9,6621.8,6603.7,6616.7
1525323600,6616.7,6630.3,6607.6,6626.9
1525338000,6626.9,6632.1,6581.5,6590.2
1525352400,6590.2,6627.8,6519,6623.8
1525366800,6623.8,6650.8,6604.8,6648.2
1525381200,6648.2,6654,6625.3,6637.1
1525395600,6637.1,6648.6,6613.5,6647
1525410000,6647,6647.3,6619.9,6632.4
1525424400,6632.4,6639.6,6599.8,6622.3
1525438800,6622.3,6740,6591.6,6731
1525453200,6731,6769.4,6723.4,6759.2
1525640400,6759.2,6785.7,6753.8,6780.4
1525654800,6780.4,6812.4,6771.1,6811.7
1525669200,6811.7,6814,6785.9,6795.2
1525683600,6795.2,6804.2,6782.9,6791.9
1525698000,6791.9,6829.6,6778.6,6810.8
1525712400,6810.8,6832.2,6781.2,6799.6
1525726800,6799.6,6808.4,6790.9,6802.8
1525741200,6802.8,6815.3,6802.6,6809.8
1525755600,6809.8,6818.4,6787.9,6792.5
1525770000,6792.5,6801.6,6772.1,6799.9
1525784400,6799.9,6818.2,6762.9,6771.6
1525798800,6771.6,6805.3,6753.2,6804.6
1525813200,6804.6,6810.2,6794.6,6801.1
1525827600,6801.1,6806.2,6795.1,6803.3
1525842000,6803.3,6831.6,6797.3,6830.7
1525856400,6830.7,6831.8,6815.4,6816.6
1525870800,6816.6,6856.6,6791.4,6852.8
1525885200,6852.8,6884.1,6848.8,6880.2
1525899600,6880.2,6886.4,6871.8,6879.1
1525914000,6879.1,6902.8,6877.1,6899.7
1525928400,6899.7,6901.1,6886.2,6892.6
1525942800,6892.6,6906.3,6881,6901.4
1525957200,6901.4,6944.2,6895.4,6942.4
1525971600,6942.4,6955.2,6920.6,6937.1
1525986000,6937.1,6952.3,6934.2,6948.8
1526000400,6948.8,6954.9,6942.4,6951.1
1526014800,6951.1,6952.5,6934.1,6950
1526029200,6950,6963.4,6940.6,6943.7
1526043600,6943.7,6959.8,6918.6,6929.6
1526058000,6929.6,6946.6,6913.6,6943.2
1526245200,6943.2,6973.2,6943.2,6972.4
1526259600,6972.4,6979.4,6969.3,6978.2
1526274000,6978.2,6978.4,6958.3,6964.1
1526288400,6964.1,6972.6,6955.1,6957.6
1526302800,6957.6,6998.6,6957.1,6966.6
1526317200,6966.6,6967.4,6940.6,6953.6
1526331600,6953.6,6961.6,6951.4,6954.6
1526346000,6954.6,6960.8,6944.2,6950.7
1526360400,6950.7,6950.7,6931.1,6940.3
1526374800,6940.3,6950.8,6891.1,6897.7
1526389200,6897.7,6904.3,6847.2,6868.6
1526403600,6868.6,6883.8,6841.4,6878.2
1526418000,6878.2,6881.2,6862.5,6874.7
1526432400,6874.7,6883.6,6869.2,6876.3
1526446800,6876.3,6893.8,6869.4,6881.9
1526461200,6881.9,6888.4,6869.4,6873.7
1526475600,6873.7,6943.2,6871.6,6935.2
1526490000,6935.2,6941.8,6912.2,6924.8
1526504400,6924.8,6934.2,6924.6,6929.6
1526518800,6929.6,6930.8,6916.1,6922.3
1526533200,6922.3,6922.7,6896.9,6899.2
1526547600,6899.2,6907.7,6888.3,6897.4
1526562000,6897.4,6953.4,6897.1,6908.6
1526576400,6908.6,6915.4,6866.6,6897.4
1526590800,6897.4,6927.3,6886.3,6921.4
1526605200,6921.4,6925.9,6913,6918.9
1526619600,6918.9,6927.3,6903.4,6914.2
1526634000,6914.2,6920.4,6860.7,6863.1
1526648400,6863.1,6899.2,6855.6,6884.2
1526662800,6884.2,6888,6865.6,6867.3
1526850000,6867.3,6940.8,6867.3,6923.1
1526864400,6923.1,6927.4,6920.9,6921.9
1526878800,6921.9,6922.6,6893.5,6915.4
1526893200,6915.4,6924.1,6908.6,6920.1
1526907600,6920.1,6950.4,6874.8,6908
1526922000,6908,6920.4,6876.6,6908.8
1526936400,6908.8,6908.8,6902.3,6904.3
1526950800,6904.3,6913.7,6903.7,6910.4
1526965200,6910.4,6925.9,6908.4,6924.4
1526979600,6924.4,6940.9,6923.9,6930.4
1526994000,6930.4,6948.4,6893.8,6903.6
1527008400,6903.6,6925.2,6883.8,6901.4
1527022800,6901.4,6901.6,6888.8,6894.9
1527037200,6894.9,6896.1,6861.1,6873.8
1527051600,6873.8,6877.4,6828.3,6833.8
1527066000,6833.8,6841.6,6823.4,6837.1
1527080400,6837.1,6907.4,6831.4,6902.6
1527094800,6902.6,6956.1,6885.4,6951.6
1527109200,6951.6,6953.8,6932.1,6936.7
1527123600,6936.7,6939.1,6919.6,6929.6
1527138000,6929.6,6968.3,6928.6,6966.9
1527152400,6966.9,6966.9,6936.9,6943.8
1527166800,6943.8,6962.8,6879.8,6942.6
1527181200,6942.6,6965.2,6940.6,6951.8
1527195600,6951.8,6970.2,6951.3,6966.1
1527210000,6966.1,6999.1,6963,6979.9
1527224400,6979.9,6984.3,6964.6,6978.4
1527238800,6978.4,6983.4,6946.8,6949.1
1527253200,6949.1,6986.6,6940.2,6971.6
1527267600,6971.6,6977.6,6953.2,6963.4
1527454800,6963.4,6995,6963.4,6991.9
1527469200,6991.9,6997.3,6984.9,6995
1527483600,6995,7004.4,6985.7,6986.3
1527498000,6986.3,6987.3,6967.3,6969.7
1527512400,6969.7,6995.4,6969,6990.2
1527541200,6990.2,6992,6977.8,6979.4
1527555600,6979.4,6979.4,6968,6972.6
1527570000,6972.6,6973.4,6892.7,6906.6
1527584400,6906.6,6939.8,6902.8,6936.8
1527598800,6936.8,6969.2,6887.8,6931
1527613200,6931,6945.6,6891,6945.3
1527627600,6945.3,6946.6,6925.2,6931.8
1527642000,6931.8,6947,6915.9,6936.9
1527656400,6936.9,6967.2,6925.9,6955.2
1527670800,6955.2,6974.9,6948.3,6955.8
1527685200,6955.8,6993.2,6941.2,6975
1527699600,6975,6990.2,6967.2,6982
1527714000,6982,6982.6,6969.6,6981.8
1527728400,6981.8,6989.1,6973.6,6987.4
1527742800,6987.4,7001.9,6983.1,6997.2
1527757200,6997.2,6997.9,6983.1,6992
1527771600,6992,7022.6,6957.2,7001.8
1527786000,7001.8,7002.4,6960.4,6979.1
1527800400,6979.1,6984.7,6976.3,6984.4
1527814800,6984.4,6992.8,6978.4,6986
1527829200,6986,7005.3,6981.6,6996.2
1527843600,6996.2,7013.5,6992.2,7012.5
1527858000,7012.5,7084.3,7007.5,7078.2
1527872400,7078.2,7089.4,7066,7084.4
1528059600,7084.4,7093.4,7071.7,7092.4
1528074000,7092.4,7108.7,7090.8,7101.5
1528088400,7101.5,7114.5,7098.4,7113.3
1528102800,7113.3,7119.5,7098,7105.6
1528117200,7105.6,7149.2,7098.8,7144
1528131600,7144,7150.4,7134.2,7148
1528146000,7148,7153.7,7140.6,7143.8
1528160400,7143.8,7144.7,7136.3,7144
1528174800,7144,7161.3,7137.4,7161
1528189200,7161,7173.5,7151.8,7155
1528203600,7155,7183.2,7138.6,7154.8
1528218000,7154.8,7186.2,7153,7183.7
1528232400,7183.7,7187.9,7175.8,7185
1528246800,7185,7202,7184.8,7200.5
1528261200,7200.5,7201.2,7181.7,7185.5
1528275600,7185.5,7194.2,7177.9,7178.1
1528290000,7178.1,7190.8,7141.2,7180.4
1528304400,7180.4,7221.2,7162.6,7217.6
1528318800,7217.6,7217.9,7209.4,7215.6
1528333200,7215.6,7227.2,7215.2,7223.7
1528347600,7223.7,7233.1,7216.8,7217.4
1528362000,7217.4,7222.1,7204.9,7208.4
1528376400,7208.4,7214.6,7131.8,7141.4
1528390800,7141.4,7163.1,7115.8,7161.1
1528405200,7161.1,7161.1,7148.8,7157.7
1528419600,7157.7,7159.6,7139.4,7142.9
1528434000,7142.9,7143.6,7076.9,7092
1528448400,7092,7121.6,7081.4,7112.8
1528462800,7112.8,7153.8,7100.8,7150.2
1528477200,7150.2,7163,7139.4,7149.8
1528664400,7149.8,7149.8,7127.7,7145.6
1528678800,7145.6,7149.6,7133.3,7145.3
1528693200,7145.3,7159.8,7134.4,7152.8
1528707600,7152.8,7156.8,7136.6,7142.9
1528722000,7142.9,7188.8,7141.1,7182.8
1528736400,7182.8,7186.4,7163.1,7164.9
1528750800,7164.9,7179.8,7161.5,7165.6
1528765200,7165.6,7175.6,7155.4,7172.9
1528779600,7172.9,7187,7159.1,7165.1
1528794000,7165.1,7179.8,7157.3,7179.8
1528808400,7179.8,7209.2,7173.2,7205.2
1528822800,7205.2,7218.3,7178.2,7216.8
1528837200,7216.8,7228.4,7211.4,7225.4
1528851600,7225.4,7230.7,7217,7222.8
1528866000,7222.8,7223.7,7203.2,7211
1528880400,7211,7223.4,7207.8,7214.2
1528894800,7214.2,7263.2,7213.4,7244.4
1528909200,7244.4,7251.6,7192.6,7206.4
1528923600,7206.4,7213.1,7204.4,7212.3
1528938000,7212.3,7215.8,7195.9,7200.3
1528952400,7200.3,7201.4,7178.2,7190.8
1528966800,7190.8,7235.5,7187.4,7231.4
1528981200,7231.4,7286.6,7229.4,7273.6
1528995600,7273.6,7294.8,7263.4,7285.7
1529010000,7285.7,7286.2,7275.8,7278.6
1529024400,7278.6,7292.3,7275.9,7286.3
1529038800,7286.3,7290.3,7259.9,7265
1529053200,7265,7282.6,7244.8,7251.2
1529067600,7251.2,7263.2,7219.2,7258.6
1529082000,7258.6,7267.8,7242.6,7251.8
1529269200,7251.8,7263.1,7224.4,7228.6
1529283600,7228.6,7228.9,7198.7,7211.6
1529298000,7211.6,7222.4,7209.4,7217.2
1529312400,7217.2,7220.1,7192.6,7206.9
1529326800,7206.9,7254.6,7182.8,7236.6
1529341200,7236.6,7253.6,7236.2,7249
1529355600,7249,7252.4,7197.6,7205.9
1529370000,7205.9,7211.7,7163,7181.4
1529384400,7181.4,7182.9,7136.2,7168.7
1529398800,7168.7,7180.8,7141.4,7157.9
1529413200,7157.9,7198.6,7132,7185.4
1529427600,7185.4,7231.3,7177.6,7229.8
1529442000,7229.8,7237.9,7219.4,7226.1
1529456400,7226.1,7234.2,7201,7232.9
1529470800,7232.9,7248.6,7231.7,7243.6
1529485200,7243.6,7265.4,7239.7,7261.4
1529499600,7261.4,7305.8,7254.2,7300.6
1529514000,7300.6,7310.2,7277.4,7288.3
1529528400,7288.3,7302.9,7286.4,7297.3
1529542800,7297.3,7332,7296.6,7317.1
1529557200,7317.1,7323.7,7285.1,7288.6
1529571600,7288.6,7293.8,7262.9,7282.7
1529586000,7282.7,7304.8,7209.8,7219.2
1529600400,7219.2,7240,7201.4,7204
1529614800,7204,7212.2,7197.3,7210.1
1529629200,7210.1,7220.1,7205.3,7216.2
1529643600,7216.2,7241.2,7211.9,7238.4
1529658000,7238.4,7249.1,7232.1,7241.9
1529672400,7241.9,7244.1,7173.4,7211.6
1529686800,7211.6,7224.6,7187.4,7193.9
1529874000,7193.9,7197.6,7153.8,7167
1529888400,7167,7172.8,7156.4,7169.9
1529902800,7169.9,7171.3,7137.1,7137.1
1529917200,7137.1,7148.1,7117.4,7138.1
1529931600,7138.1,7144.6,6983.6,7012.6
1529946000,7012.6,7051.7,6970.6,7043.6
1529960400,7043.6,7055.1,7029.2,7046.8
1529974800,7046.8,7052.6,7015.5,7040.8
1529989200,7040.8,7062.3,7032.7,7052.2
1530003600,7052.2,7067.9,7036.4,7061.1
1530018000,7061.1,7089.2,7034.8,7085.4
1530032400,7085.4,7105,7056.4,7065
1530046800,7065,7094.3,7065,7087.4
1530061200,7087.4,7092.1,7062.6,7077.9
1530075600,7077.9,7078.4,6988.3,6992.8
1530090000,6992.8,7092.8,6991.8,7073.1
1530104400,7073.1,7126.6,7045,7045.4
1530118800,7045.4,7054,6963.3,6973.2
1530133200,6973.2,6991.4,6966.8,6981.4
1530147600,6981.4,6999.5,6977.6,6996.2
1530162000,6996.2,7013.8,6971.4,6991.8
1530176400,6991.8,7003.8,6931,6941.4
1530190800,6941.4,7017.6,6941.2,6996.2
1530205200,6996.2,7052,6992.2,7034.6
1530219600,7034.6,7044.4,7023.8,7029.4
1530234000,7029.4,7077.1,7021.4,7068.2
1530248400,7068.2,7089.8,7053.7,7086.2
1530262800,7086.2,7087.2,7044.5,7058.3
1530277200,7058.3,7099.4,7054.4,7062.6
1530291600,7062.6,7082.8,7037.6,7043.4
1530478800,7043.4,7056.6,7021.6,7043.1
1530493200,7043.1,7063.7,7025,7029.5
1530507600,7029.5,7030.1,6968.3,6997.9
1530522000,6997.9,7002.1,6982.2,6987.8
1530536400,6987.8,7045.4,6963.4,7020.8
1530550800,7020.8,7095.4,7004.4,7093.2
1530565200,7093.2,7093.2,7080.3,7084.3
1530579600,7084.3,7112.2,7072.8,7082.2
1530594000,7082.2,7119.3,7075.5,7116.6
1530608400,7116.6,7140.8,7110.4,7128.2
1530622800,7128.2,7129.1,7004.2,7010.4
1530637200,7010.4,7015.4,6999.6,7000
1530651600,7000,7012.6,6992.6,7004.6
1530666000,7004.6,7019.4,7001.3,7016.4
1530680400,7016.4,7025.9,7010.7,7022.9
1530694800,7022.9,7029.8,7012.7,7020.7
1530709200,7020.7,7024.1,7001.6,7019.4
1530738000,7019.4,7024.4,7003.2,7003.3
1530752400,7003.3,7019.2,6994.3,7005.4
1530766800,7005.4,7034.8,6997.5,7029.9
1530781200,7029.9,7071.3,7027.1,7059.8
1530795600,7059.8,7091,7019.4,7087.4
1530810000,7087.4,7104.6,7059.2,7102.7
1530824400,7102.7,7102.7,7078.3,7093.4
1530838800,7093.4,7128.1,7082.6,7111.6
1530853200,7111.6,7134.2,7084.6,7101.8
1530867600,7101.8,7129.7,7081.9,7107.9
1530882000,7107.9,7202.2,7102.6,7195.6
1530896400,7195.6,7216.6,7190.8,7210
1531083600,7210,7234.9,7210,7231.7
1531098000,7231.7,7248.7,7229.1,7239.7
1531112400,7239.7,7245.3,7231.7,7237.2
1531126800,7237.2,7250.6,7235.4,7245.8
1531141200,7245.8,7260.8,7219.4,7240.2
1531155600,7240.2,7282.3,7231.4,7281.5
1531170000,7281.5,7314.2,7276.9,7310.1
1531184400,7310.1,7311.5,7301.4,7304.8
1531198800,7304.8,7307.1,7284.9,7290.1
1531213200,7290.1,7305.3,7283.4,7285.4
1531227600,7285.4,7296.4,7267.2,7286.4
1531242000,7286.4,7289.4,7238.5,7250.6
1531256400,7250.6,7251.8,7209.9,7211.8
1531270800,7211.8,7227.1,7183.5,7217.1
1531285200,7217.1,7218.3,7192.7,7214.8
1531299600,7214.8,7240.9,7206.2,7224
1531314000,7224,7268.8,7217,7240.4
1531328400,7240.4,7259.2,7228.2,7235.8
1531342800,7235.8,7243.7,7228.4,7239.6
1531357200,7239.6,7272.1,7236.6,7265.3
1531371600,7265.3,7274.4,7244.6,7255.3
1531386000,7255.3,7279.6,7253.9,7277.2
1531400400,7277.2,7347.6,7267.4,7344.6
1531414800,7344.6,7365.8,7336.2,7362.2
1531429200,7362.2,7381.4,7359.4,7380.9
1531443600,7380.9,7392.1,7374.3,7391.2
1531458000,7391.2,7393,7374.6,7375.1
1531472400,7375.1,7375.2,7356.8,7361.4
1531486800,7361.4,7383.8,7346.2,7377
1531501200,7377,7379.2,7358.6,7375.7
1531688400,7375.7,7391.7,7375.7,7388.2
1531702800,7388.2,7392.4,7372.4,7379.8
1531717200,7379.8,7388.4,7372.9,7386.8
1531731600,7386.8,7388.6,7369.4,7374.7
1531746000,7374.7,7386.2,7354.4,7369.8
1531760400,7369.8,7371.8,7294.9,7299.7
1531774800,7299.7,7311.8,7295.9,7307.9
1531789200,7307.9,7317.8,7290.3,7305.2
1531803600,7305.2,7305.5,7276.4,7295.9
1531818000,7295.9,7303.3,7282.6,7288.1
1531832400,7288.1,7401.4,7271.7,7390.6
1531846800,7390.6,7414.8,7390.2,7403.4
1531861200,7403.4,7416.4,7403.4,7414.3
1531875600,7414.3,7416.6,7402.6,7407.3
1531890000,7407.3,7408.6,7392.9,7399.4
1531904400,7399.4,7402.6,7384.4,7391.7
1531918800,7391.7,7405.6,7360.8,7388
1531933200,7388,7396.4,7376.4,7378.2
1531947600,7378.2,7390.9,7378,7388.4
1531962000,7388.4,7395.1,7380.1,7381.2
1531976400,7381.2,7385.2,7364.7,7371.9
1531990800,7371.9,7374.1,7350.6,7353.6
1532005200,7353.6,7380.8,7337.4,7348.4
1532019600,7348.4,7371.6,7333.9,7347.2
1532034000,7347.2,7381.4,7347.2,7379.7
1532048400,7379.7,7385.7,7329.9,7353.2
1532062800,7353.2,7376.7,7352.4,7373.2
1532077200,7373.2,7379.6,7331.6,7349.7
1532091600,7349.7,7392.6,7346.4,7361.6
1532106000,7361.6,7366.6,7335.6,7344.7
1532293200,7344.7,7353.2,7328.8,7331.8
1532307600,7331.8,7331.8,7306.6,7318.4
1532322000,7318.4,7325.2,7307.1,7316.9
1532336400,7316.9,7328.4,7301.7,7322.4
1532350800,7322.4,7358.4,7290.6,7352
1532365200,7352,7411.6,7344.2,7401
1532379600,7401,7421.3,7396.4,7415.7
1532394000,7415.7,7426.8,7408.5,7421.7
1532408400,7421.7,7422.4,7401.8,7414.9
1532422800,7414.9,7442.4,7414.9,7435.3
1532437200,7435.3,7468.8,7380.6,7387.4
1532451600,7387.4,7399.1,7365.6,7389.3
1532466000,7389.3,7393.8,7376.1,7380.7
1532480400,7380.7,7392.9,7377.9,7385
1532494800,7385,7400.8,7382.6,7396.4
1532509200,7396.4,7406.3,7383.8,7399.1
1532523600,7399.1,7453.4,7392.6,7449.8
1532538000,7449.8,7508.6,7439.6,7460.8
1532552400,7460.8,7460.8,7367.6,7398.5
1532566800,7398.5,7408.6,7370.4,7385.7
1532581200,7385.7,7392.3,7376.4,7380.7
1532595600,7380.7,7406.2,7376.6,7388.9
1532610000,7388.9,7421.4,7375.6,7388.8
1532624400,7388.8,7429.2,7340.5,7404
1532638800,7404,7418.6,7404,7417.1
1532653200,7417.1,7428.4,7408.6,7426.9
1532667600,7426.9,7429.6,7422.6,7426.1
1532682000,7426.1,7446.6,7411.7,7433.8
1532696400,7433.8,7437.2,7262.6,7263.6
1532710800,7263.6,7302.4,7243.4,7280.6
1532898000,7280.6,7280.6,7253.5,7256.8
1532912400,7256.8,7265.9,7240.3,7244.7
1532926800,7244.7,7275.6,7232,7273.7
1532941200,7273.7,7287,7257.6,7275.6
1532955600,7275.6,7289.3,7146.8,7168.2
1532970000,7168.2,7208.4,7156.4,7187.4
1532984400,7187.4,7195.4,7171.2,7186.9
1532998800,7186.9,7197.2,7175.6,7193.9
1533013200,7193.9,7204.2,7182.9,7190.1
1533027600,7190.1,7209.8,7185.1,7198.9
1533042000,7198.9,7263.6,7169.3,7245.6
1533056400,7245.6,7277.8,7213.4,7274
1533070800,7274,7275.6,7228.2,7244.5
1533085200,7244.5,7251.3,7232.9,7246.6
1533099600,7246.6,7259.8,7234.4,7241.2
1533114000,7241.2,7248.3,7234.2,7247.2
1533128400,7247.2,7283.8,7232.6,7247.6
1533142800,7247.6,7267.4,7221.2,7265.7
1533157200,7265.7,7273.2,7264.7,7270.2
1533171600,7270.2,7271.6,7231.7,7243.1
1533186000,7243.1,7247.3,7215.4,7216.6
1533200400,7216.6,7216.9,7194.2,7206.3
1533214800,7206.3,7339.8,7199.2,7330.6
1533229200,7330.6,7374.4,7330.6,7372.8
1533243600,7372.8,7373.8,7365.1,7369.5
1533258000,7369.5,7372,7360.7,7366.7
1533272400,7366.7,7370.6,7359.4,7365.1
1533286800,7365.1,7394.9,7362.3,7364.7
1533301200,7364.7,7383.4,7342.4,7365.2
1533315600,7365.2,7386.7,7360.6,7386
1533502800,7386,7392.9,7383.4,7387.7
1533517200,7387.7,7404.3,7386.8,7393.9
1533531600,7393.9,7396.2,7375.6,7376.6
1533546000,7376.6,7398,7374.1,7377.7
1533560400,7377.7,7417.6,7367.6,7417.6
1533574800,7417.6,7429.6,7408.6,7424.8
1533589200,7424.8,7428.6,7420.3,7427.5
1533603600,7427.5,7440.3,7424.8,7437.8
1533618000,7437.8,7454.3,7435.9,7451.1
1533632400,7451.1,7451.9,7440.9,7444.6
1533646800,7444.6,7468.6,7432.4,7461
1533661200,7461,7466.2,7447.6,7461.4
1533675600,7461.4,7463.3,7453.2,7459.4
1533690000,7459.4,7463.8,7450.9,7452.8
1533704400,7452.8,7458.1,7446.2,7456.7
1533718800,7456.7,7462.9,7435.9,7441.1
1533733200,7441.1,7478.6,7425.6,7460.2
1533747600,7460.2,7475.2,7444.6,7445.8
1533762000,7445.8,7452.8,7442,7444.7
1533776400,7444.7,7461.9,7441.9,7460.2
1533790800,7460.2,7462.5,7450.4,7458.7
1533805200,7458.7,7469.2,7453.9,7459.6
1533819600,7459.6,7484.8,7447.8,7479.8
1533834000,7479.8,7488.4,7448.9,7453.9
1533848400,7453.9,7455.4,7437.9,7438.1
1533862800,7438.1,7450.8,7438.1,7441.3
1533877200,7441.3,7441.9,7411.8,7422.8
1533891600,7422.8,7429.6,7407.1,7413.9
1533906000,7413.9,7429.6,7395.4,7419
1533920400,7419,7419,7373.6,7415.6
1534107600,7415.6,7415.6,7383.6,7386.1
1534122000,7386.1,7388.1,7362,7367.6
1534136400,7367.6,7394,7365.3,7388.1
1534150800,7388.1,7425.8,7376.8,7414.8
1534165200,7414.8,7466.8,7399.4,7408.6
1534179600,7408.6,7433.4,7394.4,7406.2
1534194000,7406.2,7425.5,7406.2,7425.2
1534208400,7425.2,7429.4,7413.4,7425.8
1534222800,7425.8,7452.7,7421.1,7436.2
1534237200,7436.2,7447.2,7428.9,7433.1
1534251600,7433.1,7453.4,7386.2,7440
1534266000,7440,7452.8,7434.6,7450.6
1534280400,7450.6,7453.8,7445.6,7446.8
1534294800,7446.8,7447.2,7430.4,7435.8
1534309200,7435.8,7447,7430.8,7440.8
1534323600,7440.8,7441.4,7373.9,7381.1
1534338000,7381.1,7409.4,7308.1,7344
1534352400,7344,7373.3,7318.4,7372
1534366800,7372,7374.8,7354.4,7361.4
1534381200,7361.4,7412.9,7356.9,7391.8
1534395600,7391.8,7408.8,7384.9,7406.6
1534410000,7406.6,7421.9,7397.4,7399.4
1534424400,7399.4,7426.6,7389.4,7411.4
1534438800,7411.4,7417.6,7364.6,7374.8
1534453200,7374.8,7374.8,7361.4,7368.9
1534467600,7368.9,7389.5,7368.8,7377.1
1534482000,7377.1,7387.1,7370.8,7382.3
1534496400,7382.3,7382.8,7349.6,7360.7
1534510800,7360.7,7374.6,7314.4,7344
1534525200,7344,7399.4,7342.2,7382.8
1534712400,7382.8,7394.8,7382.6,7386.8
1534726800,7386.8,7396.1,7378.8,7387.9
1534741200,7387.9,7413.4,7383.9,7406.2
1534755600,7406.2,7410.9,7393.6,7396.3
1534770000,7396.3,7404.5,7347.6,7376.8
1534784400,7376.8,7393,7371,7378.3
1534798800,7378.3,7379.3,7365,7369.9
1534813200,7369.9,7388.4,7368.1,7383
1534827600,7383,7394.5,7381.5,7394
1534842000,7394,7406.2,7393.8,7397
1534856400,7397,7448.4,7394,7444.2
1534870800,7444.2,7446,7366.2,7374.2
1534885200,7374.2,7375.9,7348.1,7361.6
1534899600,7361.6,7385.2,7358.2,7376.5
1534914000,7376.5,7385.5,7366.2,7384.7
1534928400,7384.7,7401.5,7374.8,7384.2
1534942800,7384.2,7438,7377.7,7422.2
1534957200,7422.2,7441,7416.6,7429.4
1534971600,7429.4,7437.6,7427.8,7428.6
1534986000,7428.6,7432.9,7413,7419.1
1535000400,7419.1,7434.3,7412.5,7432.7
1535014800,7432.7,7433.5,7419,7424.9
1535029200,7424.9,7471.4,7408,7433.2
1535043600,7433.2,7446.2,7414.8,7420.4
1535058000,7420.4,7433.2,7419.2,7431.6
1535072400,7431.6,7441.2,7424,7438.2
1535086800,7438.2,7442.5,7430.8,7439.4
1535101200,7439.4,7447,7434.4,7441.2
1535115600,7441.2,7496,7441,7488.2
1535130000,7488.2,7496,7473.6,7492.6
1535317200,7492.6,7524.2,7492.6,7517.5
1535331600,7517.5,7525,7513,7522
1535346000,7522,7525.2,7515.5,7523.9
1535360400,7523.9,7531,7517.7,7529
1535374800,7529,7564.2,7514.7,7562
1535389200,7562,7565.5,7551.4,7564.1
1535403600,7564.1,7584.5,7564.1,7582.5
1535418000,7582.5,7587.7,7571.2,7571.2
1535432400,7571.2,7579.1,7567,7572.7
1535446800,7572.7,7589.5,7571.7,7582.2
1535461200,7582.2,7593.8,7561,7578.2
1535475600,7578.2,7585.4,7564.7,7578.2
1535490000,7578.2,7589.6,7578.1,7587.1
1535504400,7587.1,7596.5,7585.2,7595.7
1535518800,7595.7,7596.2,7589,7590.2
1535533200,7590.2,7595,7578,7581.5
1535547600,7581.5,7657.2,7580.2,7654.6
1535562000,7654.6,7672.2,7647,7669.2
1535576400,7669.2,7672.5,7662.5,7666
1535590800,7666,7669.3,7655.9,7658.8
1535605200,7658.8,7661,7645.8,7650.5
1535619600,7650.5,7660.3,7645.3,7651
1535634000,7651,7690.8,7640.4,7688.8
1535648400,7688.8,7695,7624.2,7641.9
1535662800,7641.9,7644.9,7633.3,7641.7
1535677200,7641.7,7656.3,7641.7,7653.8
1535691600,7653.8,7661,7634.3,7644.2
1535706000,7644.2,7651.3,7634.5,7636
1535720400,7636,7680.2,7633.3,7654.8
1535734800,7654.8,7671.7,7631.2,7671.2
1535922000,7671.2,7673.7,7662.3,7670
1535936400,7670,7675.2,7661.2,7662.3
1535950800,7662.3,7676.3,7656.5,7671.3
1535965200,7671.3,7677.8,7666,7667.3
1535979600,7667.3,7684.8,7664.5,7680.2
1536008400,7680.2,7682.1,7662,7669
1536022800,7669,7676,7655.4,7672.8
1536037200,7672.8,7691.2,7671.3,7675.8
1536051600,7675.8,7675.9,7626.7,7636.3
1536066000,7636.3,7648,7584.8,7611.2
1536080400,7611.2,7643,7604.8,7641.9
1536094800,7641.9,7641.9,7625.5,7631.8
1536109200,7631.8,7641.5,7628.1,7629.3
1536123600,7629.3,7629.8,7593.8,7604
1536138000,7604,7620.3,7598,7609.7
1536152400,7609.7,7622.8,7501.8,7537.6
1536166800,7537.6,7558.2,7508.8,7535
1536181200,7535,7535,7522.5,7526.3
1536195600,7526.3,7538.2,7520,7525
1536210000,7525,7539.2,7508.3,7539.2
1536224400,7539.2,7543,7516.4,7538.5
1536238800,7538.5,7540.8,7413.8,7420
1536253200,7420,7469,7406.4,7454.6
1536267600,7454.6,7456.4,7427.4,7434.1
1536282000,7434.1,7452.8,7427.6,7440.7
1536296400,7440.7,7461.6,7438.1,7443.6
1536310800,7443.6,7453.9,7405.6,7405.9
1536325200,7405.9,7494,7393.1,7463
1536339600,7463,7463.6,7423.4,7433.2
1536526800,7433.2,7453.6,7431.5,7452.6
1536541200,7452.6,7461.6,7448.6,7451.4
1536555600,7451.4,7478.9,7447,7477.4
1536570000,7477.4,7483.1,7470.4,7478.4
1536584400,7478.4,7478.8,7413.6,7439.8
1536598800,7439.8,7461.4,7435,7460.1
1536613200,7460.1,7477.1,7455.8,7472.8
1536627600,7472.8,7486.1,7469.1,7482.9
1536642000,7482.9,7483.8,7444.6,7453.2
1536656400,7453.2,7453.4,7421.6,7425.3
1536670800,7425.3,7524.2,7404.2,7512.4
1536685200,7512.4,7517.2,7487,7513.9
1536699600,7513.9,7521.7,7507.5,7511
1536714000,7511,7512.9,7502.5,7509.8
1536728400,7509.8,7540.5,7506.7,7537.9
1536742800,7537.9,7538.5,7499.2,7501.9
1536757200,7501.9,7505.8,7424.4,7473.2
1536771600,7473.2,7494.8,7458,7482.8
1536786000,7482.8,7495.5,7476.4,7493.4
1536800400,7493.4,7493.4,7472.1,7472.6
1536814800,7472.6,7498.1,7470.1,7497.3
1536829200,7497.3,7533.3,7490.6,7522.9
1536843600,7522.9,7582.6,7522.9,7569.6
1536858000,7569.6,7571.8,7547.4,7565.4
1536872400,7565.4,7578.4,7560,7574.8
1536886800,7574.8,7578.6,7565,7572.1
1536901200,7572.1,7598.6,7571.1,7595.7
1536915600,7595.7,7596.7,7577.1,7577.3
1536930000,7577.3,7585.2,7520.2,7531.4
1536944400,7531.4,7556.2,7515.4,7544.8
1537131600,7544.8,7544.8,7523.3,7527.9
1537146000,7527.9,7536.9,7525.1,7530.2
1537160400,7530.2,7546,7521.7,7544.3
1537174800,7544.3,7547,7521.7,7528.6
1537189200,7528.6,7538,7454.6,7486
1537203600,7486,7490.6,7429.6,7435.4
1537218000,7435.4,7435.8,7393.8,7404.3
1537232400,7404.3,7429,7402.3,7423.7
1537246800,7423.7,7456.6,7419.6,7450.7
1537261200,7450.7,7461.6,7438.1,7455.2
1537275600,7455.2,7535,7437.6,7509.4
1537290000,7509.4,7524.2,7491.6,7500.6
1537304400,7500.6,7510.8,7486.4,7494.7
1537318800,7494.7,7508.1,7489.7,7499.2
1537333200,7499.2,7508.3,7494.1,7496.8
1537347600,7496.8,7499.4,7477.7,7493.2
1537362000,7493.2,7519,7444,7472
1537376400,7472,7501.8,7460.8,7501.2
1537390800,7501.2,7508.8,7499.9,7502.7
1537405200,7502.7,7506.9,7493.1,7496.3
1537419600,7496.3,7501.6,7486.9,7496.9
1537434000,7496.9,7549.1,7495.1,7545.6
1537448400,7545.6,7583.8,7525.8,7576.4
1537462800,7576.4,7589.6,7567,7587.6
1537477200,7587.6,7588.2,7572.3,7584.8
1537491600,7584.8,7591.4,7578.6,7590.9
1537506000,7590.9,7610.3,7590.4,7598.1
1537520400,7598.1,7598.7,7575.4,7594.6
1537534800,7594.6,7607.7,7548.4,7567
1537549200,7567,7569.2,7520.8,7520.8
1537736400,7520.8,7520.8,7483.9,7489.3
1537750800,7489.3,7497.9,7480.1,7495.6
1537765200,7495.6,7499.9,7482.6,7495.4
1537779600,7495.4,7499.9,7484.9,7486.2
1537794000,7486.2,7540.6,7446.8,7523.6
1537808400,7523.6,7566.9,7522.4,7564.8
1537822800,7564.8,7565.1,7550,7550.3
1537837200,7550.3,7555.8,7546.7,7554.4
1537851600,7554.4,7559.4,7547.1,7555.2
1537866000,7555.2,7576.3,7554.9,7562.4
1537880400,7562.4,7566.4,7523.6,7553.6
1537894800,7553.6,7571.3,7546.8,7571.3
1537909200,7571.3,7581.1,7569.3,7579.1
1537923600,7579.1,7597.8,7579.1,7595.2
1537938000,7595.2,7601.9,7588.1,7595.8
1537952400,7595.8,7597.9,7576.4,7582.9
1537966800,7582.9,7615.6,7565.8,7609
1537981200,7609,7640.8,7550.4,7562.9
1537995600,7562.9,7583.6,7560.4,7581.4
1538010000,7581.4,7588.3,7567.9,7576.8
1538024400,7576.8,7579.6,7559.3,7566.4
1538038800,7566.4,7592.9,7564.6,7591.8
1538053200,7591.8,7659.4,7589.5,7655.8
1538067600,7655.8,7656.4,7624.2,7637.2
1538082000,7637.2,7639.6,7627.9,7635.6
1538096400,7635.6,7647.3,7635.4,7640.7
1538110800,7640.7,7641.2,7615.4,7632.9
1538125200,7632.9,7634.8,7590.1,7604.9
1538139600,7604.9,7649.6,7596.4,7622
1538154000,7622,7641.6,7610.2,7641
1538341200,7641,7668.6,7641,7663.4
1538355600,7663.4,7686.4,7658.8,7684.9
1538370000,7684.9,7689.9,7671.4,7688.4
1538384400,7688.4,7692.6,7666.9,7671.9
1538398800,7671.9,7701.6,7655.6,7658.6
1538413200,7658.6,7669.4,7625,7646
1538427600,7646,7650.6,7640.3,7646.6
1538442000,7646.6,7646.6,7628.1,7637.8
1538456400,7637.8,7638.3,7604.6,7609.5
1538470800,7609.5,7634.1,7603.4,7628.1
1538485200,7628.1,7685.8,7608.2,7656.4
1538499600,7656.4,7667.8,7610.2,7630.3
1538514000,7630.3,7631.1,7614.7,7621.9
1538528400,7621.9,7648.6,7616.1,7636.1
1538542800,7636.1,7649.4,7626.4,7646.4
1538557200,7646.4,7663.4,7636.9,7662.4
1538571600,7662.4,7677.6,7637.6,7660.8
1538586000,7660.8,7671.8,7619.7,7623.4
1538600400,7623.4,7623.4,7605.5,7615.3
1538614800,7615.3,7615.6,7594.2,7604.7
1538629200,7604.7,7604.8,7579.8,7586.2
1538643600,7586.2,7605.1,7576.4,7599.6
1538658000,7599.6,7606.9,7461.4,7469.2
1538672400,7469.2,7497.9,7430.6,7497.8
1538686800,7497.8,7508.3,7485.7,7506.5
1538701200,7506.5,7513.8,7476.8,7495.9
1538715600,7495.9,7501.2,7453.6,7463.4
1538730000,7463.4,7500.4,7443.9,7474.3
1538744400,7474.3,7508.6,7336.4,7348.6
1538758800,7348.6,7421,7321.2,7412.2
1538946000,7412.2,7426.4,7387,7407.4
1538960400,7407.4,7419.6,7396.4,7407
1538974800,7407,7413.9,7361.2,7361.9
1538989200,7361.9,7398.5,7361,7381.4
1539003600,7381.4,7412.8,7261.4,7263.4
1539018000,7263.4,7368.4,7260.6,7365.7
1539032400,7365.7,7367.1,7354.6,7362.3
1539046800,7362.3,7372.5,7352.4,7363.6
1539061200,7363.6,7366.4,7337.9,7349.8
1539075600,7349.8,7356.9,7311.1,7353.9
1539090000,7353.9,7431.4,7337.8,7366
1539104400,7366,7390.6,7345.8,7371.2
1539118800,7371.2,7383.9,7366.8,7381
1539133200,7381,7386.6,7356.1,7369.8
1539147600,7369.8,7387.9,7357.4,7359.9
1539162000,7359.9,7371.6,7321.9,7328.8
1539176400,7328.8,7334.6,7177.4,7197.2
1539190800,7197.2,7238.4,6976.1,6980.2
1539205200,6980.2,7020.8,6971.2,7003.6
1539219600,7003.6,7004.8,6902.6,6941.6
1539234000,6941.6,7018.1,6911.1,6948.8
1539248400,6948.8,7025.9,6922.7,7005.3
1539262800,7005.3,7113.6,6953,7049
1539277200,7049,7075.2,6884.2,7028
1539291600,7028,7076.5,7010.4,7056
1539306000,7056,7098.8,7050.2,7098.3
1539320400,7098.3,7144.8,7088.3,7092.8
1539334800,7092.8,7128.5,7086.1,7109.6
1539349200,7109.6,7151.6,7012.4,7061.4
1539363600,7061.4,7174.4,7039.2,7160.7
1539550800,7160.7,7160.7,7113,7121.8
1539565200,7121.8,7141,7106.4,7123.6
1539579600,7123.6,7123.6,7058.1,7067.7
1539594000,7067.7,7148.5,7065.3,7131.8
1539608400,7131.8,7138.4,7037.8,7105.2
1539622800,7105.2,7139.4,7044.1,7048.9
1539637200,7048.9,7088.6,7041.1,7080.1
1539651600,7080.1,7105,7069.8,7084
1539666000,7084,7102.4,7080.8,7094
1539680400,7094,7129.9,7082.2,7125.8
1539694800,7125.8,7221.6,7123.4,7220.6
1539709200,7220.6,7332.3,7217.2,7317.1
1539723600,7317.1,7324.5,7311.2,7323.5
1539738000,7323.5,7326.3,7311.6,7317.3
1539752400,7317.3,7345.4,7308.6,7314.5
1539766800,7314.5,7317.6,7284.6,7296.1
1539781200,7296.1,7312,7198.6,7269.8
1539795600,7269.8,7300.2,7224.4,7291.4
1539810000,7291.4,7291.4,7255.5,7264
1539824400,7264,7268.6,7244.8,7262.1
1539838800,7262.1,7281.8,7242.6,7268.9
1539853200,7268.9,7274.1,7239.4,7257.8
1539867600,7257.8,7259.3,7103.6,7133
1539882000,7133,7139.4,7071.6,7131.9
1539896400,7131.9,7144.2,7116.1,7142
1539910800,7142,7155.6,7129.3,7149.5
1539925200,7149.5,7172.8,7112.7,7128.8
1539939600,7128.8,7170.8,7124.4,7155.6
1539954000,7155.6,7221,7078.2,7117.8
1539968400,7117.8,7139.8,7070.4,7082.1
1540155600,7082.1,7082.1,7034.1,7049.3
1540170000,7049.3,7114.5,7047.8,7109.2
1540184400,7109.2,7134.4,7102,7112.7
1540198800,7112.7,7153.7,7108.7,7138.2
1540213200,7138.2,7187.4,7077.6,7146.8
1540227600,7146.8,7175.2,7124,7134.9
1540242000,7134.9,7136.8,7079.3,7098.4
1540256400,7098.4,7110.3,7058.3,7064.4
1540270800,7064.4,7075.6,7019,7026.4
1540285200,7026.4,7040.4,6992.7,7013.8
1540299600,7013.8,7062.4,6921.2,7032.6
1540314000,7032.6,7140.6,7029.6,7114.3
1540328400,7114.3,7118.8,7094.7,7105.9
1540342800,7105.9,7151.4,7081.6,7129.6
1540357200,7129.6,7131.2,7031.7,7032.7
1540371600,7032.7,7125.6,7029.4,7115.4
1540386000,7115.4,7120.3,6960.6,6998
1540400400,6998,6998,6763,6851.5
1540414800,6851.5,6858.2,6794.3,6847.4
1540429200,6847.4,6869.8,6822.8,6828.4
1540443600,6828.4,6900.6,6811.8,6895.9
1540458000,6895.9,6943.4,6867.4,6874.3
1540472400,6874.3,6987.8,6850.6,6962.6
1540486800,6962.6,7052.6,6865.1,6865.2
1540501200,6865.2,6876.9,6820,6846.6
1540515600,6846.6,6862.5,6781.4,6814.8
1540530000,6814.8,6856.4,6791.1,6804.2
1540544400,6804.2,6804.3,6711.8,6787.9
1540558800,6787.9,6942.8,6727.8,6918.2
1540573200,6918.2,6963.4,6783.1,6846.4
1540760400,6846.4,6925.9,6846.4,6908
1540774800,6908,6908.7,6871.2,6886.4
1540789200,6886.4,6902.3,6860,6877.8
1540803600,6877.8,6968.6,6870.3,6953.3
1540818000,6953.3,6959.6,6763.6,6791.8
1540832400,6791.8,6836.2,6557.6,6699
1540846800,6699,6749.1,6679.6,6739.3
1540861200,6739.3,6772.8,6715.4,6762.2
1540875600,6762.2,6771.7,6739.8,6751
1540890000,6751,6761.1,6695.2,6701.6
1540904400,6701.6,6788.6,6638,6712.8
1540918800,6712.8,6826.1,6654.4,6819.4
1540933200,6819.4,6836,6793.9,6806.1
1540947600,6806.1,6831,6800.3,6818.3
1540962000,6818.3,6873.6,6817.2,6870.8
1540976400,6870.8,6906.7,6842.8,6899.3
1540990800,6899.3,7001,6893.5,6975.4
1541005200,6975.4,7017.2,6932,6935.8
1541019600,6935.8,6965.3,6935.8,6961.3
1541034000,6961.3,6986.1,6953.6,6967
1541048400,6967,6972.4,6929.7,6966.6
1541062800,6966.6,6993.6,6950.3,6955.6
1541077200,6955.6,7031,6914.6,7028.6
1541091600,7028.6,7057.6,6979,6998.2
1541106000,6998.2,7016.2,6951.4,7006.4
1541120400,7006.4,7049.6,6985.2,7046.8
1541134800,7046.8,7121.3,7044.4,7080.3
1541149200,7080.3,7084.1,7034.3,7046.4
1541163600,7046.4,7069.4,6894.2,6909
1541178000,6909,6963.6,6889.8,6954.1
1541368800,6954.1,6954.1,6922.9,6934
1541383200,6934,6956.1,6931,6950.4
1541397600,6950.4,6960.1,6934.2,6957.1
1541412000,6957.1,6976.5,6934.6,6946.6
1541426400,6946.6,6949.6,6843.2,6874
1541440800,6874,6936.2,6865.8,6926.7
1541455200,6926.7,6947.3,6919.4,6923.4
1541469600,6923.4,6931.7,6913.4,6927.1
1541484000,6927.1,6942.3,6890.2,6892.7
1541498400,6892.7,6913.8,6884.9,6905.2
1541512800,6905.2,7012.6,6904.7,6969.2
1541527200,6969.2,7000.5,6910.6,6994.4
1541541600,6994.4,7038.5,6949.8,7028.8
1541556000,7028.8,7057.2,6998.3,7008.2
1541570400,7008.2,7099.8,7000.7,7093.5
1541584800,7093.5,7097,7048.2,7050.8
1541599200,7050.8,7161.2,7034.5,7153
1541613600,7153,7204.6,7132.6,7199.7
1541628000,7199.7,7211,7179.4,7180.9
1541642400,7180.9,7192.1,7174.7,7180.6
1541656800,7180.6,7196.2,7164.9,7165.1
1541671200,7165.1,7171.6,7142.1,7160.1
1541685600,7160.1,7182.4,7133.6,7149
1541700000,7149,7168.4,7112.4,7136.5
1541714400,7136.5,7146.3,7122.4,7130.4
1541728800,7130.4,7144.7,7113.6,7124.7
1541743200,7124.7,7129.7,7088.2,7105.7
1541757600,7105.7,7108.6,7073.2,7088.3
1541772000,7088.3,7096.4,6996.8,7008
1541786400,7008,7049.8,6971.2,7011.6
1541973600,7011.6,7056.7,6994.6,7049.2
1541988000,7049.2,7085.6,7045,7073.2
1542002400,7073.2,7075.6,7028.2,7034.8
1542016800,7034.8,7042.3,6967.9,6982.3
1542031200,6982.3,6993.8,6811,6850.6
1542045600,6850.6,6892.6,6812.6,6826.2
1542060000,6826.2,6839.6,6786.3,6812.5
1542074400,6812.5,6874,6803.7,6852.6
1542088800,6852.6,6889.2,6825.3,6852.1
1542103200,6852.1,6894,6844.1,6854.5
1542117600,6854.5,6946.6,6819.6,6859.2
1542132000,6859.2,6887.4,6803.4,6843
1542146400,6843,6883.8,6839.9,6856.4
1542160800,6856.4,6861.5,6830.1,6838.2
1542175200,6838.2,6843,6762.1,6788.3
1542189600,6788.3,6884.6,6784.7,6872.4
1542204000,6872.4,6916.4,6763.6,6770.6
1542218400,6770.6,6839.4,6733.4,6768.3
1542232800,6768.3,6793,6739,6747.4
1542247200,6747.4,6781.1,6744.8,6774.9
1542261600,6774.9,6830.3,6770.6,6773.3
1542276000,6773.3,6812.1,6752.2,6763.5
1542290400,6763.5,6820.8,6701.2,6785.4
1542304800,6785.4,6909.6,6769,6872.9
1542319200,6872.9,6875.4,6841.1,6850.6
1542333600,6850.6,6875.3,6844.8,6856
1542348000,6856,6867.8,6832,6845.8
1542362400,6845.8,6847.2,6795.3,6833.6
1542376800,6833.6,6905.8,6799.6,6873.2
1542391200,6873.2,6902.6,6828,6888.7
1542578400,6888.7,6888.7,6845.9,6871.6
1542592800,6871.6,6874.1,6857.7,6866.4
1542607200,6866.4,6926.2,6862.6,6892.8
1542621600,6892.8,6899,6836.2,6841.3
1542636000,6841.3,6846.6,6661.6,6674.6
1542650400,6674.6,6697.8,6624.6,6666.1
1542664800,6666.1,6666.1,6627.6,6647.5
1542679200,6647.5,6650.3,6624.6,6640.3
1542693600,6640.3,6642.6,6579.2,6592.1
1542708000,6592.1,6608.5,6508.4,6514.1
1542722400,6514.1,6617.2,6441.6,6556.2
1542736800,6556.2,6567.8,6482.2,6517.4
1542751200,6517.4,6552.5,6501,6548.2
1542765600,6548.2,6561.9,6540,6559.8
1542780000,6559.8,6598.4,6552.6,6577.5
1542794400,6577.5,6615,6555.7,6599.9
1542808800,6599.9,6639.6,6563,6626.4
1542823200,6626.4,6629.6,6566.6,6569.4
1542837600,6569.4,6589.8,6567.4,6567.7
1542852000,6567.7,6577.8,6553.3,6574.6
1542866400,6574.6,6584.3,6523.9,6534.8
1542880800,6534.8,6555.6,6529.3,6542.3
1542895200,6542.3,6547.2,6499.4,6514.2
1542924000,6514.2,6547.8,6514.2,6538.7
1542938400,6538.7,6545.9,6510.9,6515.8
1542952800,6515.8,6557.3,6514.4,6553.8
1542967200,6553.8,6555.4,6487.7,6513.8
1542981600,6513.8,6593.8,6510.9,6527.2
1542996000,6527.2,6527.6,6514.6,6523.4
1543183200,6523.4,6558,6523.1,6551.4
1543197600,6551.4,6575.6,6547.2,6566.8
1543212000,6566.8,6647.3,6563.1,6640.4
1543226400,6640.4,6640.4,6613.2,6621.4
1543240800,6621.4,6658.6,6589.4,6613.4
1543255200,6613.4,6689.3,6606.8,6634.1
1543269600,6634.1,6643.1,6616.9,6620.2
1543284000,6620.2,6661.4,6619.8,6644.5
1543298400,6644.5,6705.4,6625.6,6650.5
1543312800,6650.5,6656.3,6615.6,6632.8
1543327200,6632.8,6716,6606.4,6666.2
1543341600,6666.2,6714.7,6654.6,6712.7
1543356000,6712.7,6723.7,6705.2,6705.9
1543370400,6705.9,6725.6,6702.4,6722.2
1543384800,6722.2,6736.4,6704.4,6715.4
1543399200,6715.4,6751.6,6712.8,6747.3
1543413600,6747.3,6855,6709.4,6828.4
1543428000,6828.4,6916.3,6811.6,6909.4
1543442400,6909.4,6911.8,6889.3,6892.3
1543456800,6892.3,6903.1,6885.8,6886.8
1543471200,6886.8,6898.3,6873.4,6876.2
1543485600,6876.2,6891.8,6859.6,6881.2
1543500000,6881.2,6904.2,6836.8,6899.6
1543514400,6899.6,6937,6881,6900.2
1543528800,6900.2,6901.5,6887.4,6896.3
1543543200,6896.3,6908,6893,6900.4
1543557600,6900.4,6905.3,6880.6,6882.7
1543572000,6882.7,6910.7,6865.2,6905.3
1543586400,6905.3,6926.4,6866.6,6887.2
1543600800,6887.2,6961.1,6878.2,6959.8
1543788000,6959.8,7097.1,6959.8,7072.3
1543802400,7072.3,7108.8,7070.9,7096.3
1543816800,7096.3,7132.8,7090.8,7126.3
1543831200,7126.3,7127.9,7077.8,7084.2
1543845600,7084.2,7101.8,7020,7043.2
1543860000,7043.2,7063.4,7009.8,7051.4
1543874400,7051.4,7051.4,7022.2,7029.2
1543888800,7029.2,7032.5,6976.2,6981.1
1543903200,6981.1,7014.6,6974.3,6994.3
1543917600,6994.3,7036.3,6990.8,7031.3
1543932000,7031.3,7045.6,6856,6880.2
1543946400,6880.2,6892.6,6777.3,6795.4
1543960800,6795.4,6831.8,6786,6829.8
1543975200,6829.8,6834.4,6821.2,6833.8
1543989600,6833.8,6849.9,6821.4,6836.5
1544004000,6836.5,6855.6,6830,6846.5
1544018400,6846.5,6847.8,6842.4,6844
1544047200,6844,6844,6639.1,6710.6
1544061600,6710.6,6713.6,6664.4,6693.6
1544076000,6693.6,6732,6631.6,6635.2
1544090400,6635.2,6692.5,6625.5,6669
1544104800,6669,6795.2,6629.8,6779.4
1544119200,6779.4,6850.1,6719.8,6838.6
1544133600,6838.6,6852.4,6806.5,6809.4
1544148000,6809.4,6825.4,6805.1,6819.3
1544162400,6819.3,6821.2,6760.8,6801.9
1544176800,6801.9,6843,6770.9,6808.1
1544191200,6808.1,6849.4,6649.8,6694.6
1544205600,6694.6,6712.6,6592,6628.4
1544392800,6628.4,6628.4,6554.9,6578.6
1544407200,6578.6,6581.3,6551.4,6574.2
1544421600,6574.2,6610.6,6567.6,6598.5
1544436000,6598.5,6657.4,6590.5,6623.5
1544450400,6623.5,6670.6,6533.8,6639.8
1544464800,6639.8,6712.8,6614,6692.9
1544479200,6692.9,6693.1,6653.2,6670.8
1544493600,6670.8,6682.2,6655.7,6671
1544508000,6671,6700,6665.4,6698.4
1544522400,6698.4,6807.1,6698.1,6795.5
1544536800,6795.5,6798.6,6690.5,6712.2
1544551200,6712.2,6762.2,6649.4,6681
1544565600,6681,6768,6681,6756
1544580000,6756,6772,6742.6,6769.6
1544594400,6769.6,6800.9,6731.6,6793.7
1544608800,6793.7,6822.3,6767.1,6815.4
1544623200,6815.4,6866,6777.6,6862.8
1544637600,6862.8,6870.4,6745.9,6758.9
1544652000,6758.9,6798.6,6758.9,6797.3
1544666400,6797.3,6813.6,6793.3,6798.8
1544680800,6798.8,6835.6,6780.9,6786.3
1544695200,6786.3,6809.6,6764.2,6807.2
1544709600,6807.2,6836.8,6726.6,6747
1544724000,6747,6782,6721.8,6745.4
1544738400,6745.4,6759.2,6686,6697.3
1544752800,6697.3,6703.4,6678.9,6681.5
1544767200,6681.5,6696.5,6649.5,6659
1544781600,6659,6696.6,6658.8,6688.2
1544796000,6688.2,6714.2,6642.3,6656.2
1544810400,6656.2,6671.2,6584,6584
1544997600,6584,6633.8,6577.4,6624.2
1545012000,6624.2,6635.2,6618.6,6629.6
1545026400,6629.6,6632.7,6591.2,6609.2
1545040800,6609.2,6625.5,6563.1,6568.3
1545055200,6568.3,6625.8,6501.6,6540.2
1545069600,6540.2,6551.6,6401.2,6471.2
1545084000,6471.2,6505.4,6469.2,6504.6
1545098400,6504.6,6504.8,6463.4,6467.7
1545112800,6467.7,6500.1,6465.6,6498
1545127200,6498,6525,6486.7,6501.8
1545141600,6501.8,6555.6,6476.8,6548.8
1545156000,6548.8,6551.4,6436.1,6443.9
1545170400,6443.9,6496.6,6443.4,6493.7
1545184800,6493.7,6502.8,6480.4,6496.8
1545199200,6496.8,6510.4,6489,6508.5
1545213600,6508.5,6528.2,6492,6495.1
1545228000,6495.1,6574.8,6472.2,6540.9
1545242400,6540.9,6589.6,6281.1,6327.3
1545256800,6327.3,6370.3,6310.8,6360.6
1545271200,6360.6,6362.1,6266.8,6294.8
1545285600,6294.8,6330.7,6282.4,6327.4
1545300000,6327.4,6370.9,6308.2,6310.8
1545314400,6310.8,6385.6,6196.6,6263.4
1545328800,6263.4,6309.1,6161.8,6303.4
1545343200,6303.4,6313.8,6272.3,6275.2
1545357600,6275.2,6301.8,6269.2,6295
1545372000,6295,6306.6,6246.7,6271
1545386400,6271,6313.4,6253.8,6298.4
1545400800,6298.4,6318,6072,6116.2
1545415200,6116.2,6155.8,6010.2,6060.4
1545602400,6060.4,6065.4,5995.5,6061.8
1545616800,6061.8,6087.9,6055.3,6080.5
1545631200,6080.5,6103.2,6065.2,6085.8
1545645600,6085.8,6097.5,5979.1,5997.6
1545660000,5997.6,6077.4,5893.4,5894.8
1545674400,5894.8,5904,5869,5871.6
1545775200,5871.6,5899.9,5802.4,5861.8
1545789600,5861.8,5870.4,5817.8,5843.8
1545804000,5843.8,5914,5843.8,5906.7
1545818400,5906.7,5943.9,5882.6,5935.5
1545832800,5935.5,6123.7,5915.3,6114.4
1545847200,6114.4,6288.8,6067.7,6256.7
1545861600,6256.7,6267,6224.5,6236
1545876000,6236,6284.2,6218.3,6223
1545890400,6223,6233.9,6124.1,6125.1
1545904800,6125.1,6189.6,6123.6,6167.4
1545919200,6167.4,6208,6079.2,6109.6
1545933600,6109.6,6312.7,6034.2,6290.2
1545948000,6290.2,6297,6252.7,6278.7
1545962400,6278.7,6327.5,6274.7,6297.9
1545976800,6297.9,6316.8,6263.2,6314.8
1545991200,6314.8,6357.8,6303,6321.2
1546005600,6321.2,6328.2,6223.8,6292.8
1546020000,6292.8,6382.6,6254.6,6275.5
1546207200,6275.5,6336.3,6275.5,6321.6
1546221600,6321.6,6341.4,6315.9,6330
1546236000,6330,6344.9,6316.8,6330.4
1546250400,6330.4,6352.5,6324.1,6328.4
1546264800,6328.4,6356.4,6263.2,6320.6
1546279200,6320.6,6341.8,6275.1,6332.1
1546380000,6332.1,6365.7,6323.6,6325.4
1546394400,6325.4,6327.3,6234.6,6239
1546408800,6239,6256.8,6134.2,6175.4
1546423200,6175.4,6205.1,6160.3,6174
1546437600,6174,6358.8,6172.8,6353.2
1546452000,6353.2,6389.6,6231.8,6246.9
1546466400,6246.9,6246.9,6188,6228.6
1546480800,6228.6,6234.9,6185.2,6192.8
1546495200,6192.8,6213.5,6169.6,6179.8
1546509600,6179.8,6253.8,6169.8,6250.1
1546524000,6250.1,6285.2,6150.8,6227
1546538400,6227,6228,6130.1,6151.9
1546552800,6151.9,6164.4,6118.2,6151.8
1546567200,6151.8,6198.2,6140.1,6193
1546581600,6193,6257.8,6191.1,6239.8
1546596000,6239.8,6267.1,6208.2,6230.5
1546610400,6230.5,6422.6,6222.4,6415
1546624800,6415,6445,6390.8,6414.7
1546812000,6414.7,6478.3,6414.7,6444.8
1546826400,6444.8,6451.4,6433.5,6435.8
1546840800,6435.8,6450,6397.3,6403.3
1546855200,6403.3,6420.1,6386.1,6402.8
1546869600,6402.8,6512.4,6402.4,6507.2
1546884000,6507.2,6518.6,6465.2,6486.9
1546898400,6486.9,6500.8,6474.4,6493.8
1546912800,6493.8,6514.8,6489.2,6492.8
1546927200,6492.8,6523.4,6485.6,6508.2
1546941600,6508.2,6543.6,6500.9,6542.6
1546956000,6542.6,6569,6450.4,6505.2
1546970400,6505.2,6554.4,6495.6,6537.6
1546984800,6537.6,6581.3,6530.4,6577.7
1546999200,6577.7,6592.3,6570.3,6580.3
1547013600,6580.3,6580.8,6545.7,6572.3
1547028000,6572.3,6579.3,6549.7,6572
1547042400,6572,6616.4,6543.4,6614
1547056800,6614,6627.8,6575.2,6585.4
1547071200,6585.4,6587.2,6536.2,6555
1547085600,6555,6568.1,6542.4,6550.8
1547100000,6550.8,6558.5,6523.7,6541.2
1547114400,6541.2,6560.3,6536.2,6546.9
1547128800,6546.9,6611,6510.6,6600.6
1547143200,6600.6,6624.4,6547.6,6610.7
1547157600,6610.7,6614.5,6590.8,6599.5
1547172000,6599.5,6604,6587.7,6597.4
1547186400,6597.4,6615.4,6594.3,6605.6
1547200800,6605.6,6607.4,6571.8,6581.2
1547215200,6581.2,6598.4,6555.2,6592.2
1547229600,6592.2,6599,6565.4,6597.9
1547416800,6597.9,6597.9,6529.9,6535.5
1547431200,6535.5,6537.6,6524.8,6527
1547445600,6527,6544.2,6516.9,6529.9
1547460000,6529.9,6541.1,6509.1,6536.3
1547474400,6536.3,6560.8,6504.8,6550.2
1547488800,6550.2,6562.2,6523.1,6531.3
1547503200,6531.3,6578.1,6525.5,6569.8
1547517600,6569.8,6589,6569.3,6581.3
1547532000,6581.3,6589.6,6548.1,6551.6
1547546400,6551.6,6569.8,6544.8,6554.1
1547560800,6554.1,6671.4,6551.8,6657.4
1547575200,6657.4,6669,6612,6662.4
1547589600,6662.4,6674.7,6647,6660.8
1547604000,6660.8,6674.6,6655.9,6671.6
1547618400,6671.6,6681.1,6655.8,6660.9
1547632800,6660.9,6673.3,6653.8,6669.1
1547647200,6669.1,6719.2,6659,6679
1547661600,6679,6689.8,6647.4,6654.8
1547676000,6654.8,6658.6,6625.1,6631.1
1547690400,6631.1,6642,6623.4,6632.6
1547704800,6632.6,6636.8,6595.4,6613.3
1547719200,6613.3,6648.9,6612.8,6639.9
1547733600,6639.9,6680.8,6627.2,6666.4
1547748000,6666.4,6742.8,6665.8,6714.2
1547762400,6714.2,6731.9,6695.2,6727.6
1547776800,6727.6,6731.4,6715.8,6721.9
1547791200,6721.9,6734.6,6711.4,6729.9
1547805600,6729.9,6745.5,6714.9,6742.2
1547820000,6742.2,6810.6,6719.4,6804.2
1547834400,6804.2,6806.8,6753.2,6789.8
1548021600,6789.8,6789.8,6739.7,6750.2
1548036000,6750.2,6762.7,6745.5,6751.2
1548050400,6751.2,6755.3,6729.6,6735.4
1548064800,6735.4,6754.5,6732.3,6752.7
1548079200,6752.7,6753.9,6724.4,6745.9
1548108000,6745.9,6760.8,6724.9,6726.8
1548122400,6726.8,6731.5,6707.4,6711.8
1548136800,6711.8,6732.1,6704.2,6724
1548151200,6724,6731.2,6704.4,6723.9
1548165600,6723.9,6731.6,6658,6665.4
1548180000,6665.4,6665.4,6594.6,6638.2
1548194400,6638.2,6667.9,6622.9,6664.9
1548208800,6664.9,6665.9,6646.5,6648.9
1548223200,6648.9,6658.3,6621.1,6656.5
1548237600,6656.5,6677.6,6648.4,6668.3
1548252000,6668.3,6706.8,6575.4,6614.4
1548266400,6614.4,6657.3,6595.6,6654.2
1548280800,6654.2,6677.2,6636.5,6651.8
1548295200,6651.8,6665.4,6639.8,6663.3
1548309600,6663.3,6682.1,6643.7,6680.7
1548324000,6680.7,6689.3,6653.6,6659.1
1548338400,6659.1,6701.2,6644.6,6665.6
1548352800,6665.6,6697,6645.8,6668.1
1548367200,6668.1,6685.6,6660,6677.9
1548381600,6677.9,6732.8,6677.6,6714.6
1548396000,6714.6,6727.3,6698.9,6711.3
1548410400,6711.3,6751.1,6708.4,6744.4
1548424800,6744.4,6793.2,6722.3,6777.4
1548439200,6777.4,6789.8,6759.4,6778.8
1548626400,6778.8,6778.8,6747.3,6761.1
1548640800,6761.1,6762.2,6739.1,6742.2
1548655200,6742.2,6748.3,6726.4,6738.6
1548669600,6738.6,6746.6,6725.2,6734.7
1548684000,6734.7,6736.6,6631.4,6648
1548698400,6648,6690.2,6643.4,6681.7
1548712800,6681.7,6681.7,6644.1,6653.3
1548727200,6653.3,6674.6,6644.2,6670.3
1548741600,6670.3,6675.6,6648.8,6671.3
1548756000,6671.3,6703.9,6664.4,6700.3
1548770400,6700.3,6703.5,6599.8,6634.4
1548784800,6634.4,6668.8,6608.6,6664.6
1548799200,6664.6,6684.5,6640.7,6658.4
1548813600,6658.4,6674.5,6653.2,6656.6
1548828000,6656.6,6679.1,6649.2,6671.7
1548842400,6671.7,6691.8,6666.1,6686.2
1548856800,6686.2,6744.6,6678.6,6736.4
1548871200,6736.4,6829.1,6725.8,6824.3
1548885600,6824.3,6851.6,6824.3,6845.1
1548900000,6845.1,6865.3,6842,6851.4
1548914400,6851.4,6862.4,6839.1,6842.1
1548928800,6842.1,6862.1,6831.8,6839.9
1548943200,6839.9,6926.8,6823.4,6901.2
1548957600,6901.2,6920.5,6867.2,6916.4
1548972000,6916.4,6916.4,6865.4,6866.9
1548986400,6866.9,6877.6,6857.4,6865.5
1549000800,6865.5,6887.3,6862.4,6870.9
1549015200,6870.9,6883.6,6846.4,6872.6
1549029600,6872.6,6911.4,6855.4,6876.6
1549044000,6876.6,6882.4,6844.6,6863
1549231200,6863,6881,6842.3,6874.4
1549245600,6874.4,6879.8,6860.6,6864.7
1549260000,6864.7,6872.1,6849.6,6868.3
1549274400,6868.3,6876.6,6853.1,6858.7
1549288800,6858.7,6932.8,6857.2,6927.4
1549303200,6927.4,6965.5,6918.7,6925.7
1549317600,6925.7,6928.1,6912.4,6915.3
1549332000,6915.3,6924.6,6914.1,6917.8
1549346400,6917.8,6936.1,6914.7,6930.2
1549360800,6930.2,6951.3,6928.2,6950.7
1549375200,6950.7,7012.2,6948.2,6971
1549389600,6971,7017.6,6966,6997.7
1549404000,6997.7,7005.5,6991.3,7005.2
1549418400,7005.2,7008.2,6995.8,6996.2
1549432800,6996.2,7000.6,6975.4,6981.8
1549447200,6981.8,7011.6,6979,7008.3
1549461600,7008.3,7022.6,6957.4,6986.2
1549476000,6986.2,6998.8,6969.4,6975.4
1549490400,6975.4,6979.9,6958.8,6966.1
1549504800,6966.1,6969.8,6960.4,6964.6
1549519200,6964.6,6968.3,6950.1,6968.2
1549533600,6968.2,6968.4,6925.9,6937.8
1549548000,6937.8,6944.2,6843.4,6855
1549562400,6855,6901.4,6853.6,6891.8
1549576800,6891.8,6891.8,6854.9,6860.2
1549591200,6860.2,6866.3,6849.3,6856.1
1549605600,6856.1,6870.8,6849.8,6859.8
1549620000,6859.8,6863.1,6830.1,6836.8
1549634400,6836.8,6870.8,6829.2,6861.4
1549648800,6861.4,6914.1,6861.2,6912.2
1549836000,6912.2,6927.8,6885.6,6888.2
1549850400,6888.2,6902.6,6884.3,6892.6
1549864800,6892.6,6957.3,6890.7,6943.4
1549879200,6943.4,6954.1,6923.4,6936.9
1549893600,6936.9,6952.4,6898.6,6917.6
1549908000,6917.6,6919.2,6887,6900.8
1549922400,6900.8,6932.8,6892.3,6932.1
1549936800,6932.1,6952.6,6926,6943.2
1549951200,6943.2,6961.6,6942.4,6950.8
1549965600,6950.8,6968.6,6950.7,6952.8
1549980000,6952.8,7006.8,6943.2,6997.8
1549994400,6997.8,7017.4,6995.4,7010.1
1550008800,7010.1,7040.7,7002.4,7036.1
1550023200,7036.1,7046.2,7031.9,7044.6
1550037600,7044.6,7053.4,7023.6,7028.4
1550052000,7028.4,7046.4,7025.6,7043.3
1550066400,7043.3,7058.6,7009.6,7022.6
1550080800,7022.6,7041.2,7001.1,7009.7
1550095200,7009.7,7015.8,6992.2,7002.9
1550109600,7002.9,7027.5,6998.5,7018.8
1550124000,7018.8,7046.4,7018.2,7031.8
1550138400,7031.8,7044.4,6986.9,6989.9
1550152800,6989.9,7040.4,6961.2,7035
1550167200,7035,7044.8,7005.3,7009.9
1550181600,7009.9,7014.7,6989.3,6997.5
1550196000,6997.5,6997.5,6970.9,6976.5
1550210400,6976.5,6999.4,6965.6,6998
1550224800,6998,7051.3,6992.1,7045.6
1550239200,7045.6,7085.9,7016.6,7029
1550253600,7029,7058.3,7021.8,7056.2
1550440800,7056.2,7069.3,7047.1,7059.6
1550455200,7059.6,7073.2,7054.9,7058.6
1550469600,7058.6,7066.8,7046.7,7049.7
1550484000,7049.7,7061.6,7047.1,7054.9
1550498400,7054.9,7074,7054.4,7072
1550527200,7072,7077.9,7061.6,7073.3
1550541600,7073.3,7074.1,7059.7,7063.4
1550556000,7063.4,7068.4,7046.4,7050.3
1550570400,7050.3,7053.2,7030,7034.3
1550584800,7034.3,7082.2,7026.9,7071.4
1550599200,7071.4,7086,7052.4,7060
1550613600,7060,7076.4,7053.1,7073.6
1550628000,7073.6,7074.1,7051.6,7059.8
1550642400,7059.8,7072.1,7048.9,7050.4
1550656800,7050.4,7071.4,7050.4,7068.4
1550671200,7068.4,7098,7030.8,7039.2
1550685600,7039.2,7082.6,7025.4,7065.2
1550700000,7065.2,7067.2,7049.6,7058.3
1550714400,7058.3,7106.6,7056.9,7089.4
1550728800,7089.4,7090.2,7069.8,7078.8
1550743200,7078.8,7087.3,7044.4,7053.9
1550757600,7053.9,7063.4,6999.2,7061.8
1550772000,7061.8,7063,7007.4,7031.4
1550786400,7031.4,7031.9,7017.3,7018.8
1550800800,7018.8,7031.9,7013.4,7029.9
1550815200,7029.9,7059.8,7026.8,7054.4
1550829600,7054.4,7073,7045,7049.8
1550844000,7049.8,7096.4,7048.2,7083.8
1550858400,7083.8,7096,7053.6,7095.8
1551045600,7095.8,7122.6,7095.8,7111
1551060000,7111,7115.1,7097.5,7105.1
1551074400,7105.1,7121.9,7104,7119.2
1551088800,7119.2,7144,7118,7143.2
1551103200,7143.2,7163.8,7113,7122.2
1551117600,7122.2,7138.4,7111.6,7116.3
1551132000,7116.3,7116.5,7081,7086.2
1551146400,7086.2,7087.7,7068.8,7080.3
1551160800,7080.3,7097,7078.5,7095.2
1551175200,7095.2,7104.6,7084.1,7085.8
1551189600,7085.8,7135,7085.8,7108.6
1551204000,7108.6,7146.6,7106.6,7106.6
1551218400,7106.6,7116.3,7100.5,7111.7
1551232800,7111.7,7120.8,7108.4,7116.1
1551247200,7116.1,7116.6,7084.8,7092.9
1551261600,7092.9,7104.5,7089.7,7090.2
1551276000,7090.2,7114.4,7043.6,7098.8
1551290400,7098.8,7127.2,7098.4,7119.6
1551304800,7119.6,7119.6,7100.6,7111.6
1551319200,7111.6,7114.9,7091.9,7092.2
1551333600,7092.2,7096.1,7068.1,7087
1551348000,7087,7104.8,7080.1,7096.2
1551362400,7096.2,7126.4,7080.4,7124.2
1551376800,7124.2,7126.2,7090,7106.5
1551391200,7106.5,7132.5,7094.2,7121.9
1551405600,7121.9,7141.9,7119.4,7138.5
1551420000,7138.5,7155.3,7133.2,7149
1551434400,7149,7153.7,7141.7,7144.9
1551448800,7144.9,7157.6,7100,7130.8
1551463200,7130.8,7160.6,7128.2,7154.8
1551650400,7154.8,7202.4,7154.8,7194.3
1551664800,7194.3,7202,7191.7,7194.7
1551679200,7194.7,7196.2,7180.5,7180.9
1551693600,7180.9,7194.2,7177,7192.3
1551708000,7192.3,7207.4,7070.8,7095.4
1551722400,7095.4,7153,7078,7140.7
1551736800,7140.7,7144.4,7122,7124.7
1551751200,7124.7,7146.9,7124.2,7142.7
1551765600,7142.7,7165.3,7142.4,7161.7
1551780000,7161.7,7163,7134.7,7145.7
1551794400,7145.7,7173.4,7120.4,7159
1551808800,7159,7178,7152,7155
1551823200,7155,7155.3,7134.7,7142
1551837600,7142,7154.7,7136.9,7145.7
1551852000,7145.7,7161.7,7140.2,7154
1551866400,7154,7161.2,7142.4,7158.7
1551880800,7158.7,7167.2,7107.8,7112.2
1551895200,7112.2,7132,7103.4,7106.5
1551909600,7106.5,7108.6,7090.6,7097.5
1551924000,7097.5,7106.9,7090.9,7092
1551938400,7092,7094.4,7078.9,7086.7
1551952800,7086.7,7119.4,7084.5,7101.9
1551967200,7101.9,7110.5,7021.4,7074
1551981600,7074,7076.8,7000.4,7025.4
1551996000,7025.4,7031.2,7007.7,7020.9
1552010400,7020.9,7027.5,6999.9,7004
1552024800,7004,7005.5,6975.2,6985.3
1552039200,6985.3,6992.6,6951.5,6953
1552053600,6953,7000.2,6936.2,6958.4
1552068000,6958.4,7030.6,6955.2,7029
1552251600,7029,7030.5,6995.6,6998.4
1552266000,6998.4,7039.5,6996.6,7029.6
1552280400,7029.6,7047.6,7025.8,7033.6
1552294800,7033.6,7062.2,7031.2,7056.7
1552309200,7056.7,7151.6,7044.3,7142.4
1552323600,7142.4,7176.6,7140.4,7173.2
1552338000,7173.2,7197.6,7166.7,7193.6
1552352400,7193.6,7202.3,7191.1,7192.6
1552366800,7192.6,7196.4,7177.6,7185.7
1552381200,7185.7,7192.6,7160.9,7187.6
1552395600,7187.6,7224,7165.2,7217.4
1552410000,7217.4,7222.2,7191.2,7212.9
1552424400,7212.9,7213.2,7196.4,7201.4
1552438800,7201.4,7204.9,7185.1,7197.1
1552453200,7197.1,7218.6,7193.2,7217.8
1552467600,7217.8,7242.8,7211.8,7227.9
1552482000,7227.9,7287.6,7227.3,7276.6
1552496400,7276.6,7298,7255.8,7272.8
1552510800,7272.8,7285.3,7257.1,7258.4
1552525200,7258.4,7269.1,7252.2,7258.2
1552539600,7258.2,7290.6,7255.6,7289.9
1552554000,7289.9,7292.6,7253.9,7274.4
1552568400,7274.4,7275.9,7243.2,7260.2
1552582800,7260.2,7262.4,7239.7,7244.9
1552597200,7244.9,7258.9,7243.9,7257.7
1552611600,7257.7,7278.4,7255.6,7272.2
1552626000,7272.2,7276.6,7260.5,7274.7
1552640400,7274.7,7289.1,7270.1,7275.4
1552654800,7275.4,7332.6,7258.5,7321.8
1552669200,7321.8,7335.8,7300.6,7320.6
1552856400,7320.6,7320.6,7306.1,7307.9
1552870800,7307.9,7325.4,7303.4,7323.7
1552885200,7323.7,7332.8,7320.6,7328.1
1552899600,7328.1,7331.6,7315.9,7316.2
1552914000,7316.2,7355.4,7297.8,7315.2
1552928400,7315.2,7340.6,7313,7338.6
1552942800,7338.6,7344,7332.4,7335.4
1552957200,7335.4,7348.2,7334.3,7341.3
1552971600,7341.3,7353.9,7336.4,7353.6
1552986000,7353.6,7370.9,7351.3,7366
1553000400,7366,7397.4,7349.6,7375.8
1553014800,7375.8,7383.2,7327.2,7354.6
1553029200,7354.6,7355.9,7337.6,7338.6
1553043600,7338.6,7348.6,7328.9,7341.4
1553058000,7341.4,7368.2,7341.4,7367.2
1553072400,7367.2,7367.3,7345.3,7347.9
1553086800,7347.9,7368.4,7327,7346.4
1553101200,7346.4,7434.4,7340.2,7377.2
1553115600,7377.2,7416.1,7377.2,7414.9
1553130000,7414.9,7416.9,7398.6,7404.8
1553144400,7404.8,7409.8,7376.7,7383.7
1553158800,7383.7,7398.3,7345.1,7360.2
1553173200,7360.2,7466.4,7358.7,7453.6
1553187600,7453.6,7517.7,7453.4,7506.9
1553202000,7506.9,7521.6,7501.9,7514.3
1553216400,7514.3,7515.3,7491.6,7499.6
1553230800,7499.6,7515.4,7475.4,7477.9
1553245200,7477.9,7493.8,7464.2,7477.2
1553259600,7477.2,7490.2,7353.2,7379.6
1553274000,7379.6,7399.4,7330.2,7336.2
1553461200,7336.2,7367.4,7280.7,7283.1
1553475600,7283.1,7302.3,7271.6,7295.3
1553490000,7295.3,7309.7,7267.1,7294.7
1553504400,7294.7,7338.3,7294.3,7333.9
1553518800,7333.9,7348.4,7270.6,7316.2
1553533200,7316.2,7339.9,7276,7338.8
1553547600,7338.8,7360.2,7329.6,7356.6
1553562000,7356.6,7364.8,7348.4,7351.3
1553576400,7351.3,7358.4,7331.6,7335.7
1553590800,7335.7,7379.9,7335.4,7366.1
1553605200,7366.1,7424.4,7352.4,7367.4
1553619600,7367.4,7378,7317.4,7360.6
1553634000,7360.6,7361.8,7343.4,7353.1
1553648400,7353.1,7368.8,7341.7,7366.6
1553662800,7366.6,7380.6,7362.6,7365.2
1553677200,7365.2,7377.6,7336.7,7362.2
1553691600,7362.2,7381.6,7253.8,7284.6
1553706000,7284.6,7326.8,7276.2,7302.7
1553720400,7302.7,7303.9,7269.6,7279.3
1553734800,7279.3,7301.3,7266.6,7292.3
1553749200,7292.3,7320.6,7278.1,7317.6
1553763600,7317.6,7323.6,7297.7,7311.9
1553778000,7311.9,7349.4,7278.4,7314.6
1553792400,7314.6,7334.4,7303.8,7331.1
1553806800,7331.1,7356.2,7327.3,7343.8
1553821200,7343.8,7355.4,7332.4,7349.2
1553835600,7349.2,7359,7340.9,7341.1
1553850000,7341.1,7368.5,7334.1,7365.7
1553864400,7365.7,7380.8,7334.4,7365.6
1553878800,7365.6,7392.3,7355.4,7389.8
1554066000,7389.8,7450.5,7389.8,7443.1
1554080400,7443.1,7465.3,7441.2,7452.6
1554094800,7452.6,7465.3,7447.4,7460.1
1554109200,7460.1,7461.9,7438.8,7443.9
1554123600,7443.9,7469.6,7423.2,7469
1554138000,7469,7484.4,7460.4,7475.9
1554152400,7475.9,7484.4,7469.2,7476.6
1554166800,7476.6,7479.4,7461.7,7465.2
1554181200,7465.2,7472.6,7463.1,7469.8
1554195600,7469.8,7489.6,7468.1,7483.7
1554210000,7483.7,7495.2,7464.4,7488.8
1554224400,7488.8,7510.4,7484.2,7494.8
1554238800,7494.8,7532.6,7491.2,7527.6
1554253200,7527.6,7545.9,7515.7,7539.9
1554267600,7539.9,7554.7,7536.4,7546.4
1554282000,7546.4,7553.3,7536.4,7545.1
1554296400,7545.1,7595.2,7532.6,7578
1554310800,7578,7581.6,7524.6,7560.2
1554325200,7560.2,7565.3,7551.3,7562.5
1554339600,7562.5,7573,7547.4,7551.9
1554354000,7551.9,7554.2,7537.3,7544.2
1554368400,7544.2,7560.2,7541.9,7549.9
1554382800,7549.9,7576.8,7501.2,7519.8
1554397200,7519.8,7551.8,7517.6,7542.1
1554411600,7542.1,7558.9,7534.9,7552.3
1554426000,7552.3,7555,7542.9,7551.6
1554440400,7551.6,7564.6,7550.6,7555.9
1554454800,7555.9,7580.6,7547.3,7568.5
1554469200,7568.5,7588.4,7558.2,7578.4
1554483600,7578.4,7593.2,7573.4,7592.9
1554670800,7592.9,7600.6,7580.7,7584.1
1554685200,7584.1,7585.6,7569.3,7573.4
1554699600,7573.4,7578.3,7566.7,7570.7
1554714000,7570.7,7582.1,7565.1,7567.1
1554728400,7567.1,7586.6,7542.4,7581.6
1554742800,7581.6,7610,7580.4,7606.2
1554757200,7606.2,7614.4,7603.4,7604.8
1554771600,7604.8,7605.1,7591.1,7602.1
1554786000,7602.1,7602.3,7592.2,7596.3
1554800400,7596.3,7598.1,7580.2,7584.6
1554814800,7584.6,7601.6,7565.6,7591.2
1554829200,7591.2,7591.4,7559.8,7571.9
1554843600,7571.9,7575.8,7564.7,7572.6
1554858000,7572.6,7579,7556.9,7577.4
1554872400,7577.4,7588.4,7576.9,7579.3
1554886800,7579.3,7593.6,7573.7,7588.2
1554901200,7588.2,7611.6,7577.2,7597.4
1554915600,7597.4,7626.6,7583.8,7625.3
1554930000,7625.3,7639.1,7622.6,7631.3
1554944400,7631.3,7641.8,7613.4,7619.7
1554958800,7619.7,7625.2,7605.6,7615.9
1554973200,7615.9,7635.1,7615.2,7620.4
1554987600,7620.4,7629.2,7590.6,7607.6
1555002000,7607.6,7610.6,7582.6,7600.2
1555016400,7600.2,7605.2,7592,7601.7
1555030800,7601.7,7606.9,7595.1,7602.4
1555045200,7602.4,7634.9,7598.1,7632.9
1555059600,7632.9,7645.8,7622.9,7634.1
1555074000,7634.1,7636.6,7598.6,7621.4
1555088400,7621.4,7634.8,7616,7634.6
1555275600,7634.6,7637.6,7626.9,7627.9
1555290000,7627.9,7635.9,7624.2,7626.4
1555304400,7626.4,7629.8,7619.2,7627.6
1555318800,7627.6,7634.1,7626.4,7628.4
1555333200,7628.4,7640,7580,7604.4
1555347600,7604.4,7639.6,7604.2,7631.1
1555362000,7631.1,7644.4,7629.9,7638.9
1555376400,7638.9,7644.6,7632.4,7644.3
1555390800,7644.3,7667.4,7642.1,7666.4
1555405200,7666.4,7666.4,7654,7658.4
1555419600,7658.4,7674.4,7649.6,7664.8
1555434000,7664.8,7675.9,7634.2,7657.7
1555448400,7657.7,7670.7,7649.7,7668.9
1555462800,7668.9,7684.8,7661.4,7672.4
1555477200,7672.4,7679.9,7672.4,7677.9
1555491600,7677.9,7703.8,7677.1,7700.1
1555506000,7700.1,7714.6,7659.6,7683.6
1555520400,7683.6,7691.4,7659.2,7667.3
1555534800,7667.3,7677.4,7666.7,7669.3
1555549200,7669.3,7673.1,7646.4,7652.1
1555563600,7652.1,7662.1,7641.2,7656.9
1555578000,7656.9,7689.2,7654.4,7680.1
1555592400,7680.1,7703.7,7646.2,7680.8
1555606800,7680.8,7696.7,7677.4,7696.5
1555880400,7696.5,7707.8,7690.2,7700.9
1555894800,7700.9,7702.1,7668.5,7675.4
1555909200,7675.4,7679.7,7664.9,7667.9
1555923600,7667.9,7675.6,7650.8,7652.6
1555938000,7652.6,7704.4,7651.8,7698
1555952400,7698,7726.8,7694.4,7721.3
1555966800,7721.3,7724.1,7710.2,7712.1
1555981200,7712.1,7721.6,7706.6,7720.1
1555995600,7720.1,7729.6,7709.7,7712.1
1556010000,7712.1,7728.3,7705.6,7720.9
1556024400,7720.9,7810,7718.4,7805.8
1556038800,7805.8,7824.3,7797.8,7814.2
1556053200,7814.2,7818.6,7810.9,7815.9
1556067600,7815.9,7818.4,7797.3,7800.4
1556082000,7800.4,7809.1,7797.6,7806.9
1556096400,7806.9,7827.9,7805.6,7822.1
1556110800,7822.1,7826.6,7789.4,7791.4
1556125200,7791.4,7833.6,7783.4,7821.2
1556139600,7821.2,7847.9,7821.2,7843.2
1556154000,7843.2,7853.6,7841,7850.8
1556168400,7850.8,7857.1,7831,7840.8
1556182800,7840.8,7860.4,7834.9,7854.7
1556197200,7854.7,7855.8,7773.2,7821
1556211600,7821,7835.8,7775.4,7776.2
1556226000,7776.2,7789.3,7761.9,7764.6
1556240400,7764.6,7781.2,7759.4,7778.4
1556254800,7778.4,7792,7775.7,7784.4
1556269200,7784.4,7815.1,7776.8,7810.2
1556283600,7810.2,7821.4,7736.6,7791
1556298000,7791,7826.3,7777.4,7818.1
1556485200,7818.1,7825.3,7816.2,7819.6
1556499600,7819.6,7826.8,7817.9,7825.2
1556514000,7825.2,7840.6,7823.4,7831.7
1556528400,7831.7,7832.8,7808.6,7819.3
1556542800,7819.3,7844.2,7808.4,7840.2
1556557200,7840.2,7849.6,7788,7789.3
1556571600,7789.3,7790.4,7776.7,7781.1
1556586000,7781.1,7781.5,7761.1,7771.1
1556600400,7771.1,7786.6,7770.6,7781.7
1556614800,7781.7,7793.1,7766.4,7769.8
1556629200,7769.8,7788.8,7722.2,7766.6
1556643600,7766.6,7838.9,7757.2,7833.6
1556658000,7833.6,7833.6,7821.1,7830.8
1556672400,7830.8,7844.3,7826.2,7838.8
1556686800,7838.8,7844.3,7830.4,7840.9
1556701200,7840.9,7841.1,7828.4,7830.6
1556715600,7830.6,7848,7807,7816.6
1556730000,7816.6,7849.2,7718.6,7720.3
1556744400,7720.3,7742.6,7714.1,7742.2
1556758800,7742.2,7751.8,7740.6,7747.8
1556773200,7747.8,7761.9,7742.9,7759.7
1556787600,7759.7,7769.6,7740.3,7746.6
1556802000,7746.6,7787.8,7665.6,7690.6
1556816400,7690.6,7728.6,7676,7720.1
1556830800,7720.1,7732.6,7718.4,7730.9
1556845200,7730.9,7749.6,7719.6,7748.1
1556859600,7748.1,7761.7,7741.7,7756.8
1556874000,7756.8,7780.8,7746.5,7778.7
1556888400,7778.7,7830,7765.6,7823.6
1556902800,7823.6,7855.3,7821.4,7855.3
1557090000,7855.3,7855.3,7661.3,7664.4
1557104400,7664.4,7705.4,7650.4,7702.3
1557118800,7702.3,7708.9,7656.6,7662.9
1557133200,7662.9,7706.6,7657.2,7700.3
1557147600,7700.3,7770,7659.2,7731
1557162000,7731,7800.4,7724.4,7783.4
1557176400,7783.4,7783.4,7718.1,7732.4
1557190800,7732.4,7747.9,7721.2,7738.9
1557205200,7738.9,7786.9,7724.2,7749.4
1557219600,7749.4,7751.4,7702.1,7721.8
1557234000,7721.8,7735.4,7624.6,7644.6
1557248400,7644.6,7658.5,7564.4,7652.4
1557262800,7652.4,7654.2,7628.3,7639.8
1557277200,7639.8,7671.1,7639.7,7662.5
1557291600,7662.5,7680.9,7648.7,7658.5
1557306000,7658.5,7660.7,7585.4,7616.9
1557320400,7616.9,7674.4,7583.5,7658
1557334800,7658,7665.4,7610.4,7623.7
1557349200,7623.7,7627.5,7578.2,7599
1557363600,7599,7609.3,7569.4,7579.5
1557378000,7579.5,7595.6,7541.6,7560.7
1557392400,7560.7,7576.1,7533.1,7535.6
1557406800,7535.6,7602.2,7466.2,7566
1557421200,7566,7601.2,7540.2,7578.8
1557435600,7578.8,7639.4,7558.4,7612.1
1557450000,7612.1,7633.1,7517.5,7532.4
1557464400,7532.4,7593.9,7517.4,7568.2
1557478800,7568.2,7598.9,7510.2,7533.8
1557493200,7533.8,7575,7423,7514
1557507600,7514,7623.4,7508,7597.9
1557694800,7597.9,7597.9,7493.8,7508.2
1557709200,7508.2,7520.1,7502.3,7510.8
1557723600,7510.8,7511.3,7457.3,7469.5
1557738000,7469.5,7483.6,7390.4,7400
1557752400,7400,7431.8,7322,7324.6
1557766800,7324.6,7374.5,7294.3,7302.4
1557781200,7302.4,7323.2,7280.2,7319.9
1557795600,7319.9,7358.6,7313.8,7354.3
1557810000,7354.3,7367.4,7335,7355.9
1557824400,7355.9,7388.6,7351.1,7370.3
1557838800,7370.3,7442.4,7336,7426.6
1557853200,7426.6,7449.6,7398.1,7415.6
1557867600,7415.6,7424.1,7399.1,7411
1557882000,7411,7438.2,7404.2,7432.4
1557896400,7432.4,7446.8,7399.7,7411.7
1557910800,7411.7,7426,7349.9,7361.4
1557925200,7361.4,7511.8,7343.9,7483.2
1557939600,7483.2,7529.6,7480.8,7518.3
1557954000,7518.3,7518.7,7494.7,7498.6
1557968400,7498.6,7503.5,7464.4,7483.3
1557982800,7483.3,7513.6,7471,7509.9
1557997200,7509.9,7555.5,7508.6,7524.2
1558011600,7524.2,7633.4,7502.8,7609.6
1558026000,7609.6,7614.4,7569.2,7595.7
1558040400,7595.7,7604.9,7585.2,7597.8
1558054800,7597.8,7605.6,7560.7,7566.1
1558069200,7566.1,7572.9,7532.2,7538.2
1558083600,7538.2,7566.4,7500.4,7518.3
1558098000,7518.3,7612.4,7504.1,7565.4
1558112400,7565.4,7578.8,7500.6,7505.8
1558299600,7505.8,7545.8,7505.8,7540.8
1558314000,7540.8,7553.3,7519.2,7535.7
1558328400,7535.7,7540.2,7470.4,7478.4
1558342800,7478.4,7481.9,7372.6,7387.4
1558357200,7387.4,7431.8,7355.6,7394.4
1558371600,7394.4,7406.8,7358.8,7400.8
1558386000,7400.8,7422,7400.8,7421.3
1558400400,7421.3,7441.2,7416.6,7434.3
1558414800,7434.3,7434.3,7396.3,7419
1558429200,7419,7463.1,7409,7451.3
1558443600,7451.3,7474.8,7421.8,7462.2
1558458000,7462.2,7480.4,7452.3,7458.3
1558472400,7458.3,7470.2,7442.1,7444.5
1558486800,7444.5,7467.7,7443.5,7451.3
1558501200,7451.3,7452.3,7424.8,7434.8
1558515600,7434.8,7458.8,7386.7,7414.5
1558530000,7414.5,7465.8,7406.8,7428
1558544400,7428,7459.8,7414.6,7422.6
1558558800,7422.6,7429.8,7396.8,7400.2
1558573200,7400.2,7400.2,7372.3,7383.7
1558587600,7383.7,7385.9,7334.1,7346.2
1558602000,7346.2,7351,7311.5,7340.6
1558616400,7340.6,7344.1,7266,7270
1558630800,7270,7323.6,7264,7310
1558645200,7310,7332.7,7304,7325.1
1558659600,7325.1,7341.9,7324.4,7335.5
1558674000,7335.5,7357.5,7332.6,7349.2
1558688400,7349.2,7356.3,7325,7340.7
1558702800,7340.7,7375.4,7307,7341.2
1558717200,7341.2,7344.4,7296.4,7308.4
1558904400,7308.4,7317.4,7288.8,7309.6
1558918800,7309.6,7312.7,7290.2,7290.4
1558933200,7290.4,7334,7290.2,7317.3
1558947600,7317.3,7320.1,7303.5,7312.8
1558962000,7312.8,7317.9,7306.2,7313.6
1558990800,7313.6,7333.1,7310.2,7331.9
1559005200,7331.9,7344.4,7323.5,7340.3
1559019600,7340.3,7350.2,7292.4,7294.7
1559034000,7294.7,7336.7,7286.9,7319.3
1559048400,7319.3,7367.2,7316.2,7338
1559062800,7338,7342,7276.8,7288
1559077200,7288,7291.8,7248,7252.8
1559091600,7252.8,7259.9,7238.5,7245.5
1559106000,7245.5,7262.5,7214.7,7230.5
1559120400,7230.5,7243,7214.1,7230.2
1559134800,7230.2,7258,7179,7201
1559149200,7201,7241,7186.6,7211.6
1559163600,7211.6,7233,7204.6,7206.4
1559178000,7206.4,7232,7205.7,7230
1559192400,7230,7249.5,7225.6,7236.3
1559206800,7236.3,7246.1,7223.8,7237.9
1559221200,7237.9,7267,7228.2,7249.2
1559235600,7249.2,7255.2,7205.4,7250.6
1559250000,7250.6,7252.4,7175.1,7185.6
1559264400,7185.6,7213.1,7179.8,7198.8
1559278800,7198.8,7202.3,7145.4,7155.5
1559293200,7155.5,7164.9,7130.8,7158.7
1559307600,7158.7,7187.4,7131.8,7155.6
1559322000,7155.6,7177.4,7127.7,7135.6
1559509200,7135.6,7135.6,7074.7,7090
1559523600,7090,7096.6,7068.2,7068.4
1559538000,7068.4,7097.6,7065.6,7087.1
1559552400,7087.1,7112.9,7085.8,7111.7
1559566800,7111.7,7131,6992,7002.4
1559581200,7002.4,7048.6,6939.6,7005.5
1559595600,7005.5,7012.9,6989.2,6996.6
1559610000,6996.6,7002.4,6980.1,6996.1
1559624400,6996.1,7031.9,6983.5,7029.7
1559638800,7029.7,7054.9,7015.4,7047.9
1559653200,7047.9,7142.4,7025.6,7136.2
1559667600,7136.2,7184.6,7129,7183.4
1559682000,7183.4,7209,7183.4,7204.6
1559696400,7204.6,7218.9,7200.7,7203.7
1559710800,7203.7,7216.2,7178.4,7206.7
1559725200,7206.7,7243.4,7201.5,7216.4
1559739600,7216.4,7240.3,7148.4,7193.6
1559754000,7193.6,7233.1,7192.6,7231.2
1559768400,7231.2,7231.4,7179.5,7222.3
1559782800,7222.3,7236.9,7219,7230.1
1559797200,7230.1,7256.1,7207.7,7252.5
1559811600,7252.5,7262.4,7221.1,7225.1
1559826000,7225.1,7252.8,7203.4,7239
1559840400,7239,7298.2,7228.6,7260.8
1559854800,7260.8,7282.1,7257.2,7273.3
1559869200,7273.3,7292.3,7263.7,7289.1
1559883600,7289.1,7312.1,7281.5,7307.3
1559898000,7307.3,7334.3,7285.5,7308
1559912400,7308,7452.5,7302.8,7438.4
1559926800,7438.4,7441.6,7411.8,7428.4
1560114000,7428.4,7484.1,7428.4,7438.5
1560128400,7438.5,7453.8,7431.4,7448.2
1560142800,7448.2,7451.1,7437.2,7444.6
1560157200,7444.6,7471.6,7439.8,7464.6
1560171600,7464.6,7578.4,7462.8,7536
1560186000,7536,7550,7501.4,7518.8
1560200400,7518.8,7529,7505.3,7526.3
1560214800,7526.3,7545.6,7525.9,7541.8
1560229200,7541.8,7560.9,7532.4,7558
1560243600,7558,7588.8,7553.6,7580.9
1560258000,7580.9,7600.6,7493.4,7495.6
1560272400,7495.6,7534.6,7492.8,7520.3
1560286800,7520.3,7530.8,7510.8,7523.3
1560301200,7523.3,7525.1,7502.4,7506.1
1560315600,7506.1,7508.8,7475.7,7483.2
1560330000,7483.2,7499.8,7472.6,7488.3
1560344400,7488.3,7512.4,7461.2,7481.4
1560358800,7481.4,7487.6,7466.2,7476.9
1560373200,7476.9,7499.3,7474.5,7493.2
1560387600,7493.2,7497.3,7421,7456.3
1560402000,7456.3,7516.7,7445.9,7509.8
1560416400,7509.8,7523.9,7493.9,7507.8
1560430800,7507.8,7535.8,7491.8,7517.8
1560445200,7517.8,7527.2,7489.6,7510.9
1560459600,7510.9,7510.9,7486.1,7493.4
1560474000,7493.4,7520.8,7491.8,7516.1
1560488400,7516.1,7516.6,7467.9,7473.8
1560502800,7473.8,7479.4,7451.7,7476.3
1560517200,7476.3,7494.4,7456.4,7481.4
1560531600,7481.4,7504.4,7473.2,7483.8
1560718800,7483.8,7503.5,7481,7495.9
1560733200,7495.9,7514.9,7491.3,7510.9
1560747600,7510.9,7514.9,7487.7,7498.4
1560762000,7498.4,7504.6,7482.7,7489.6
1560776400,7489.6,7550.4,7488.9,7535.4
1560790800,7535.4,7546.2,7520.4,7539.5
1560805200,7539.5,7542.8,7534.8,7540.6
1560819600,7540.6,7548.8,7535.3,7539.3
1560834000,7539.3,7587.8,7514.8,7573
1560848400,7573,7621.7,7569.9,7615.8
1560862800,7615.8,7694.6,7598.2,7653
1560877200,7653,7663.4,7631.4,7649.2
1560891600,7649.2,7664.1,7641.9,7659.3
1560906000,7659.3,7661.7,7645.4,7650.2
1560920400,7650.2,7655.9,7640.9,7645.6
1560934800,7645.6,7658.4,7636.1,7655.6
1560949200,7655.6,7658,7611.6,7627.6
1560963600,7627.6,7684.2,7603.4,7668.8
1560978000,7668.8,7711.4,7664.9,7708.4
1560992400,7708.4,7737.9,7708.2,7735.3
1561006800,7735.3,7765.6,7724.3,7762.9
1561021200,7762.9,7792.9,7761.9,7782.9
1561035600,7782.9,7789.8,7678.6,7708
1561050000,7708,7749.4,7704.4,7735.8
1561064400,7735.8,7742.4,7726.3,7734.8
1561078800,7734.8,7736.4,7705.7,7707.3
1561093200,7707.3,7740.2,7698.1,7719.3
1561107600,7719.3,7733.1,7705.4,7715.9
1561122000,7715.9,7775.2,7709.1,7737
1561136400,7737,7750.4,7718.2,7718.2
1561323600,7718.2,7746.6,7714.4,7741.6
1561338000,7741.6,7766.3,7735.1,7756.6
1561352400,7756.6,7762.9,7743,7750.2
1561366800,7750.2,7754.6,7735.6,7745.7
1561381200,7745.7,7749.6,7722.6,7741.4
1561395600,7741.4,7742.8,7722.6,7729.2
1561410000,7729.2,7749.6,7728.4,7748.1
1561424400,7748.1,7752.5,7687.2,7690.7
1561438800,7690.7,7719,7689.1,7707.3
1561453200,7707.3,7726.1,7701.9,7723.7
1561467600,7723.7,7729.8,7630.4,7634.6
1561482000,7634.6,7653.4,7583.4,7606.8
1561496400,7606.8,7614.8,7589.4,7610.5
1561510800,7610.5,7619.3,7597.4,7597.4
1561525200,7597.4,7622.1,7594.8,7622.1
1561539600,7622.1,7670.8,7617.4,7631.8
1561554000,7631.8,7691.8,7628.2,7654.2
1561568400,7654.2,7655.6,7614.4,7616.4
1561582800,7616.4,7634.6,7616.4,7631.6
1561597200,7631.6,7658.7,7631.6,7648.7
1561611600,7648.7,7678.4,7646.4,7664.3
1561626000,7664.3,7687.2,7624.1,7663.4
1561640400,7663.4,7674.8,7636,7661.8
1561654800,7661.8,7673.8,7655.1,7657.6
1561669200,7657.6,7681.6,7657.6,7671.9
1561683600,7671.9,7676.1,7645.4,7652.7
1561698000,7652.7,7677.4,7647.2,7670.8
1561712400,7670.8,7678.4,7661.8,7673.6
1561726800,7673.6,7683.2,7637.6,7676.8
1561741200,7676.8,7699.9,7643.6,7697
1561928400,7697,7798.2,7697,7751.9
1561942800,7751.9,7774.8,7751.1,7771.3
1561957200,7771.3,7806.2,7769.9,7796.3
1561971600,7796.3,7814.8,7791.2,7804.8
1561986000,7804.8,7823.8,7739.4,7741.8
1562000400,7741.8,7772.8,7733.2,7766.3
1562014800,7766.3,7767,7740.5,7756.6
1562029200,7756.6,7772.8,7753.3,7770.4
1562043600,7770.4,7773.1,7737.2,7742.4
1562058000,7742.4,7762.7,7739.3,7757.3
1562072400,7757.3,7782.8,7743.2,7752.4
1562086800,7752.4,7816.9,7746.6,7815.3
1562101200,7815.3,7815.3,7803.5,7807.6
1562115600,7807.6,7809.9,7798.6,7803.2
1562130000,7803.2,7840.3,7801.9,7838.3
1562144400,7838.3,7845.6,7823.6,7827.2
1562158800,7827.2,7858.2,7809.4,7858.2
1562173200,7858.2,7867.6,7857.2,7862
1562187600,7862,7875.8,7860.5,7862.4
1562202000,7862.4,7865.8,7856.3,7862.6
1562216400,7862.6,7866.8,7856.6,7860.4
1562230800,7860.4,7873.7,7860.3,7869.9
1562245200,7869.9,7883.6,7868.8,7877.6
1562274000,7877.6,7886.4,7875.4,7878.2
1562288400,7878.2,7883.4,7872.3,7881.4
1562302800,7881.4,7885.3,7849.3,7850.1
1562317200,7850.1,7855.8,7804.4,7817.4
1562331600,7817.4,7826.6,7774.4,7821.2
1562346000,7821.2,7857.6,7817.2,7832
1562533200,7832,7840,7812.2,7817.8
1562547600,7817.8,7822.8,7802.7,7805.3
1562562000,7805.3,7820.8,7785.4,7810.1
1562576400,7810.1,7811.4,7789.3,7793.9
1562590800,7793.9,7799.1,7754.6,7774.8
1562605200,7774.8,7793.4,7764.4,7778.6
1562619600,7778.6,7782.6,7766.5,7771.2
1562634000,7771.2,7773.1,7728.4,7739
1562648400,7739,7749.8,7720.1,7730.2
1562662800,7730.2,7754.6,7722.5,7751
1562677200,7751,7820.4,7742.6,7812.6
1562691600,7812.6,7835.4,7807.2,7824.6
1562706000,7824.6,7846,7818.2,7842.6
1562720400,7842.6,7844.8,7820.9,7821.5
1562734800,7821.5,7827.7,7797.1,7810.6
1562749200,7810.6,7888.4,7788.5,7879.3
1562763600,7879.3,7926.4,7858.8,7895.4
1562778000,7895.4,7914.4,7880.6,7902.2
1562792400,7902.2,7918.4,7897.2,7912.9
1562806800,7912.9,7938.3,7910.1,7935.9
1562821200,7935.9,7938.3,7919.4,7924.3
1562835600,7924.3,7939.9,7905,7916.6
1562850000,7916.6,7934.6,7898.6,7925.6
1562864400,7925.6,7927.4,7871.4,7895.4
1562878800,7895.4,7918.4,7888.9,7918.3
1562893200,7918.3,7920.1,7905.9,7909.4
1562907600,7909.4,7921.1,7902.4,7918.1
1562922000,7918.1,7924.4,7907.7,7909.8
1562936400,7909.8,7934.4,7897.6,7933.4
1562950800,7933.4,7944.5,7923,7934.6
1563138000,7934.6,7943.8,7926.3,7929.3
1563152400,7929.3,7945.2,7918.2,7941.6
1563166800,7941.6,7959.4,7937.2,7946.8
1563181200,7946.8,7961.7,7935.6,7960.3
1563195600,7960.3,7963.6,7938.4,7941.8
1563210000,7941.8,7969,7939.8,7962
1563224400,7962,7976.3,7958.2,7969.9
1563238800,7969.9,7975.4,7965.1,7973.1
1563253200,7973.1,7978.3,7963.7,7971.6
1563267600,7971.6,7975.4,7960.9,7961.8
1563282000,7961.8,7964.9,7901.2,7928.4
1563296400,7928.4,7943.2,7912.4,7916.3
1563310800,7916.3,7922.1,7911.9,7913.1
1563325200,7913.1,7926.3,7906.4,7923.8
1563339600,7923.8,7943.4,7920.7,7936.1
1563354000,7936.1,7942.1,7918.9,7922.4
1563368400,7922.4,7939.4,7898.4,7920.6
1563382800,7920.6,7923.4,7845.3,7846.9
1563397200,7846.9,7857.8,7820.8,7826.1
1563411600,7826.1,7836.9,7821.4,7827.7
1563426000,7827.7,7842.1,7810.1,7837.4
1563440400,7837.4,7865.7,7836.2,7855.1
1563454800,7855.1,7882.4,7822.2,7839.8
1563469200,7839.8,7931.5,7839.2,7927
1563483600,7927,7951.7,7913.4,7940.5
1563498000,7940.5,7951.1,7935.8,7943.4
1563512400,7943.4,7949.4,7930.2,7945.6
1563526800,7945.6,7945.6,7914.9,7942.4
1563541200,7942.4,7957.7,7877.2,7907
1563555600,7907,7907.8,7793.4,7796.6
1563742800,7796.6,7831.3,7796.6,7817.1
1563757200,7817.1,7823.1,7810.1,7820.7
1563771600,7820.7,7850.4,7817.4,7848.8
1563786000,7848.8,7865.2,7839.9,7853.1
1563800400,7853.1,7896.6,7845.6,7891.2
1563814800,7891.2,7913.2,7881.6,7904
1563829200,7904,7916.2,7898.4,7910.9
1563843600,7910.9,7920.6,7905.1,7907.1
1563858000,7907.1,7924.9,7899.6,7922.9
1563872400,7922.9,7941.1,7920.9,7935.8
1563886800,7935.8,7939.6,7885.2,7909
1563901200,7909,7962.6,7905.6,7918.3
1563915600,7918.3,7931.6,7918.3,7925.3
1563930000,7925.3,7948.4,7924.9,7942.5
1563944400,7942.5,7943.1,7905.2,7908.6
1563958800,7908.6,7935.1,7902.4,7918.9
1563973200,7918.9,7973.2,7916.9,7969.8
1563987600,7969.8,8029.2,7960.1,7979.9
1564002000,7979.9,7996.2,7979.9,7989.7
1564016400,7989.7,7999.4,7984.9,7997.4
1564030800,7997.4,8004.1,7987.7,8001.9
1564045200,8001.9,8012.2,7985.4,7995.3
1564059600,7995.3,7995.4,7910.2,7921.6
1564074000,7921.6,7970.4,7895.2,7958.8
1564088400,7958.8,7977.9,7958.8,7974.7
1564102800,7974.7,7999.4,7974.6,7991.4
1564117200,7991.4,7997.9,7978.9,7984.6
1564131600,7984.6,7999.7,7969.6,7981.3
1564146000,7981.3,8011.6,7972.4,8005.2
1564160400,8005.2,8018.6,7993.4,7993.4
1564347600,7993.4,8004.6,7986.1,7986.9
1564362000,7986.9,7993.8,7980.1,7987.2
1564376400,7987.2,8001.1,7981.6,7994.4
1564390800,7994.4,8009.5,7989.4,8005.3
1564405200,8005.3,8009.1,7929.6,7971.2
1564419600,7971.2,7986.8,7966.2,7983.1
1564434000,7983.1,7995.6,7980.3,7989.2
1564448400,7989.2,7997.9,7985.6,7991.3
1564462800,7991.3,7994.3,7948.9,7950.2
1564477200,7950.2,7953.6,7906.4,7913.4
1564491600,7913.4,7955.6,7910.4,7939.2
1564506000,7939.2,7975.6,7929,7965.2
1564520400,7965.2,7975.3,7960.4,7968.1
1564534800,7968.1,7975.6,7956.6,7972.8
1564549200,7972.8,7979.3,7956.8,7971.3
1564563600,7971.3,7976.6,7961.2,7972.8
1564578000,7972.8,7973.6,7944.4,7954.8
1564592400,7954.8,7959.4,7760.4,7820.1
1564606800,7820.1,7828.4,7797.5,7824.9
1564621200,7824.9,7854.9,7822.4,7844.8
1564635600,7844.8,7852.3,7816.7,7845.3
1564650000,7845.3,7873.2,7843.6,7854.3
1564664400,7854.3,7992.4,7838.5,7973.4
1564678800,7973.4,7977.4,7755,7771
1564693200,7771,7783.9,7738.1,7742.6
1564707600,7742.6,7773.4,7742.4,7767.5
1564722000,7767.5,7777.6,7716.3,7726
1564736400,7726,7755.4,7703.3,7735.4
1564750800,7735.4,7781.7,7631.4,7651.2
1564765200,7651.2,7703.4,7628.2,7685.8
1564952400,7685.8,7685.8,7652.4,7672.4
1564966800,7672.4,7683.6,7550.5,7565.1
1564981200,7565.1,7592.5,7538.8,7540.1
1564995600,7540.1,7575.6,7510.8,7514.2
1565010000,7514.2,7529.1,7396.4,7398.8
1565024400,7398.8,7438.4,7338.9,7348.6
1565038800,7348.6,7348.6,7203.6,7263.5
1565053200,7263.5,7433.8,7262.4,7378.5
1565067600,7378.5,7454.5,7378.2,7449.7
1565082000,7449.7,7472.8,7429.2,7443.2
1565096400,7443.2,7514.4,7417.4,7441
1565110800,7441,7528.8,7441,7498.3
1565125200,7498.3,7503.1,7462.2,7482.5
1565139600,7482.5,7494.8,7431.1,7447.1
1565154000,7447.1,7538.4,7441.8,7532.3
1565168400,7532.3,7548.9,7412.3,7418.5
1565182800,7418.5,7513.2,7367.6,7469
1565197200,7469,7557.4,7464.8,7531.7
1565211600,7531.7,7551.3,7510.1,7512.4
1565226000,7512.4,7585.7,7506.1,7576.2
1565240400,7576.2,7590.8,7538.6,7565.4
1565254800,7565.4,7585.2,7550.4,7571.5
1565269200,7571.5,7683,7558.2,7680
1565283600,7680,7719,7665.6,7710.3
1565298000,7710.3,7710.3,7638.3,7677.9
1565312400,7677.9,7687.3,7657,7670.8
1565326800,7670.8,7683.8,7655.4,7666
1565341200,7666,7675.1,7639.5,7662.5
1565355600,7662.5,7700.8,7579.6,7628.4
1565370000,7628.4,7679.2,7626,7651.8
1565557200,7651.8,7662.4,7621.6,7642.8
1565571600,7642.8,7678.2,7636.8,7661.5
1565586000,7661.5,7693.1,7600.9,7610.5
1565600400,7610.5,7620.2,7567.2,7596.3
1565614800,7596.3,7619.2,7563.8,7596.8
1565629200,7596.8,7601.6,7521,7557.8
1565643600,7557.8,7576,7550.9,7570.6
1565658000,7570.6,7580.4,7554.5,7568.3
1565672400,7568.3,7572.1,7518.1,7545
1565686800,7545,7552.2,7499.9,7533.5
1565701200,7533.5,7775.4,7525.3,7716.2
1565715600,7716.2,7750.8,7700.6,7737.3
1565730000,7737.3,7745.5,7722.9,7728.3
1565744400,7728.3,7753.3,7709.2,7739.3
1565758800,7739.3,7744.4,7694.4,7703.4
1565773200,7703.4,7706.3,7595.8,7620.5
1565787600,7620.5,7625.6,7481.6,7487.4
1565802000,7487.4,7536.8,7465.5,7465.6
1565816400,7465.6,7500.9,7454.6,7487.2
1565830800,7487.2,7521.4,7480.9,7498.8
1565845200,7498.8,7542,7495,7522.7
1565859600,7522.7,7558.6,7376.4,7526.1
1565874000,7526.1,7537.4,7444.8,7485.2
1565888400,7485.2,7507,7425.6,7498.9
1565902800,7498.9,7527.3,7492.5,7523
1565917200,7523,7544.3,7519.4,7530
1565931600,7530,7586.8,7527.1,7581.2
1565946000,7581.2,7590.6,7556.1,7564.9
1565960400,7564.9,7624.4,7535.6,7603.6
1565974800,7603.6,7618.8,7594.2,7603.2
1566162000,7603.2,7648.5,7603.2,7636.9
1566176400,7636.9,7654.7,7634.9,7654.1
1566190800,7654.1,7694.6,7652.4,7664.2
1566205200,7664.2,7714.7,7663.1,7708.6
1566219600,7708.6,7739,7687.6,7733.2
1566234000,7733.2,7742.4,7708.4,7713.6
1566248400,7713.6,7717,7693.9,7696.8
1566262800,7696.8,7734.9,7693.2,7725.2
1566277200,7725.2,7744.2,7717.9,7733.4
1566291600,7733.4,7739.6,7710.2,7718.2
1566306000,7718.2,7735.2,7674,7717
1566320400,7717,7717.6,7648.4,7652.2
1566334800,7652.2,7679.1,7645.7,7672.9
1566349200,7672.9,7691.7,7671.1,7686.6
1566363600,7686.6,7731.8,7686.3,7728.4
1566378000,7728.4,7734.1,7713.1,7731.6
1566392400,7731.6,7758.6,7724,7741.2
1566406800,7741.2,7752.1,7707.8,7750.4
1566421200,7750.4,7775,7747.6,7754.9
1566435600,7754.9,7759.3,7724.1,7735.1
1566450000,7735.1,7757,7715.3,7728.1
1566464400,7728.1,7764.7,7700.3,7757.6
1566478800,7757.6,7767,7647.6,7694.8
1566493200,7694.8,7736.6,7694.6,7700.2
1566507600,7700.2,7725.1,7696,7722.8
1566522000,7722.8,7745.6,7718.3,7740.4
1566536400,7740.4,7755.5,7734.9,7745.9
1566550800,7745.9,7751.4,7633.9,7664.4
1566565200,7664.4,7725.2,7506.4,7523.2
1566579600,7523.2,7523.2,7441.4,7484
1566766800,7484,7484,7347.6,7407.5
1566781200,7407.5,7468.2,7405.2,7436
1566795600,7436,7596.9,7422.3,7591.4
1566810000,7591.4,7619.3,7528.5,7563.4
1566824400,7563.4,7575.8,7504.2,7561.6
1566838800,7561.6,7593.1,7533.8,7582.6
1566853200,7582.6,7590.4,7561.3,7572.9
1566867600,7572.9,7602,7571.4,7586.9
1566882000,7586.9,7587.6,7541.3,7556.9
1566896400,7556.9,7632.3,7555.8,7627.3
1566910800,7627.3,7641.8,7535,7537.4
1566925200,7537.4,7600.8,7530.6,7559.1
1566939600,7559.1,7591.3,7555.8,7576.4
1566954000,7576.4,7593.9,7571.6,7584.3
1566968400,7584.3,7591.1,7544,7560.4
1566982800,7560.4,7578.1,7515.3,7538.8
1566997200,7538.8,7593.2,7497.6,7584.4
1567011600,7584.4,7599.2,7559.6,7573.2
1567026000,7573.2,7585.8,7563.3,7567.1
1567040400,7567.1,7567.1,7542.1,7563.7
1567054800,7563.7,7666.9,7557.3,7661.9
1567069200,7661.9,7696.1,7661.9,7679.7
1567083600,7679.7,7719.2,7650,7707.2
1567098000,7707.2,7723.6,7691.6,7699.4
1567112400,7699.4,7703.1,7684.8,7696.8
1567126800,7696.8,7726.9,7695.1,7717.5
1567141200,7717.5,7749.1,7685.9,7746.3
1567155600,7746.3,7763.8,7744.1,7749.3
1567170000,7749.3,7750.1,7641.2,7674
1567184400,7674,7692.2,7651.6,7671
1567371600,7671,7671,7588,7625.5
1567386000,7625.5,7646.1,7617,7632.1
1567400400,7632.1,7673.1,7627.9,7664
1567414800,7664,7690.3,7654.2,7660.8
1567429200,7660.8,7666.8,7576.6,7609.8
1567458000,7609.8,7639.6,7604.7,7626
1567472400,7626,7659.5,7620.3,7641.1
1567486800,7641.1,7653.6,7590.5,7620.5
1567501200,7620.5,7656.9,7588.3,7641.3
1567515600,7641.3,7671.6,7592,7613
1567530000,7613,7621.6,7582.6,7613.2
1567544400,7613.2,7620.6,7603.4,7616.8
1567558800,7616.8,7677.1,7616.7,7675.8
1567573200,7675.8,7724.9,7669.8,7715.7
1567587600,7715.7,7720.6,7682.4,7688.6
1567602000,7688.6,7710.4,7660.8,7708.4
1567616400,7708.4,7724.8,7695.6,7718.4
1567630800,7718.4,7743.6,7712.6,7740.4
1567645200,7740.4,7834.6,7729.4,7816.2
1567659600,7816.2,7826.3,7764.2,7801
1567674000,7801,7815.4,7794.7,7809.8
1567688400,7809.8,7882.4,7800.4,7849.4
1567702800,7849.4,7868.4,7834.8,7848
1567717200,7848,7880.4,7848,7874.1
1567731600,7874.1,7880.4,7856.1,7858.2
1567746000,7858.2,7878.9,7849.5,7866.6
1567760400,7866.6,7890.7,7855.3,7865.8
1567774800,7865.8,7876.2,7836.2,7855.8
1567789200,7855.8,7876.8,7848.2,7862.5
1567976400,7862.5,7879.1,7858.5,7876.5
1567990800,7876.5,7884.5,7861.3,7871.9
1568005200,7871.9,7878.8,7862.5,7871.4
1568019600,7871.4,7879.9,7867.3,7877.9
1568034000,7877.9,7883.6,7800.4,7828.2
1568048400,7828.2,7839.4,7796.4,7831.9
1568062800,7831.9,7855.3,7830.5,7850.1
1568077200,7850.1,7854.9,7817.8,7819.9
1568091600,7819.9,7825.8,7779.4,7792
1568106000,7792,7826,7791.1,7800.5
1568120400,7800.5,7810.4,7742.2,7801.8
1568134800,7801.8,7818.4,7758.6,7816.4
1568149200,7816.4,7816.5,7794.2,7799.1
1568163600,7799.1,7845.3,7784.7,7824.6
1568178000,7824.6,7837.1,7806.6,7823.3
1568192400,7823.3,7835,7791.4,7829.4
1568206800,7829.4,7890.8,7809.6,7882.4
1568221200,7882.4,7902.6,7856.6,7890.8
1568235600,7890.8,7958.5,7885.1,7949.9
1568250000,7949.9,7955.2,7926.6,7939.8
1568264400,7939.8,7940.6,7909,7913.3
1568278800,7913.3,7946.1,7904.2,7936
1568293200,7936,7980.2,7907.6,7950.6
1568307600,7950.6,7963.6,7908.4,7908.4
1568322000,7908.4,7936.2,7908.4,7933.8
1568336400,7933.8,7942.8,7923.9,7940.3
1568350800,7940.3,7948.7,7929.3,7932.6
1568365200,7932.6,7956.2,7917.9,7918.9
1568379600,7918.9,7927.4,7885.6,7894.2
1568394000,7894.2,7905.4,7881.8,7888.8
1568581200,7888.8,7888.8,7776.6,7798.8
1568595600,7798.8,7817,7783.9,7812
1568610000,7812,7846.2,7810,7830.5
1568624400,7830.5,7851,7817.4,7837.4
1568638800,7837.4,7872.8,7832.8,7840.2
1568653200,7840.2,7866.3,7837,7863.4
1568667600,7863.4,7873.3,7852,7864.2
1568682000,7864.2,7864.2,7838.2,7843.6
1568696400,7843.6,7859,7828.1,7844.6
1568710800,7844.6,7862.6,7834.1,7849.8
1568725200,7849.8,7869.6,7839.6,7854.8
1568739600,7854.8,7897.4,7854,7892.9
1568754000,7892.9,7892.9,7880.4,7881.8
1568768400,7881.8,7885.5,7873.6,7877
1568782800,7877,7886.3,7870.2,7877.8
1568797200,7877.8,7883.4,7862.4,7879.8
1568811600,7879.8,7882,7854.6,7855
1568826000,7855,7903.5,7789.6,7900.3
1568840400,7900.3,7901.4,7876.9,7885.8
1568854800,7885.8,7891.7,7846.1,7853.1
1568869200,7853.1,7880.1,7828.3,7873.2
1568883600,7873.2,7913.1,7856.4,7908.1
1568898000,7908.1,7949.6,7897.2,7909
1568912400,7909,7914.2,7884.2,7895.1
1568926800,7895.1,7907.6,7889.3,7903.9
1568941200,7903.9,7913.9,7902.4,7907.8
1568955600,7907.8,7917.4,7898.6,7906.2
1568970000,7906.2,7923,7904.4,7919.1
1568984400,7919.1,7928.3,7851.8,7866
1568998800,7866,7868.6,7787.6,7808.1
1569186000,7808.1,7873.4,7808.1,7853.7
1569200400,7853.7,7864.9,7837.6,7841.3
1569214800,7841.3,7861.6,7790.2,7794.6
1569229200,7794.6,7824.8,7792.9,7816.4
1569243600,7816.4,7834.6,7784.8,7823.8
1569258000,7823.8,7846.3,7815.8,7844.8
1569272400,7844.8,7879.6,7842.9,7859.8
1569286800,7859.8,7867.1,7846.9,7854.6
1569301200,7854.6,7861.2,7839.7,7853.9
1569315600,7853.9,7865.9,7844.5,7848.4
1569330000,7848.4,7870.6,7689.2,7694.6
1569344400,7694.6,7748.6,7678.6,7715.1
1569358800,7715.1,7732.6,7699.6,7707.8
1569373200,7707.8,7735.8,7707.3,7727.1
1569387600,7727.1,7731.7,7671.6,7675.4
1569402000,7675.4,7713.2,7660.5,7711.6
1569416400,7711.6,7751.4,7640.6,7739.8
1569430800,7739.8,7820.8,7736.4,7799.9
1569445200,7799.9,7805.8,7781.1,7787.7
1569459600,7787.7,7794.7,7772.2,7775.6
1569474000,7775.6,7819.7,7760.9,7807.9
1569488400,7807.9,7813.1,7789.2,7801.8
1569502800,7801.8,7803.1,7711.6,7745.2
1569517200,7745.2,7795.2,7729.8,7762.6
1569531600,7762.6,7771.3,7739.9,7746.3
1569546000,7746.3,7752.5,7730.6,7744.3
1569560400,7744.3,7784.1,7743,7780.4
1569574800,7780.4,7798.8,7771.3,7779.9
1569589200,7779.9,7788,7667.6,7667.6
1569603600,7667.6,7693.8,7617.8,7693.8
1569790800,7693.8,7736.2,7682.9,7697.1
1569805200,7697.1,7726,7697,7709.3
1569819600,7709.3,7730.2,7703.7,7722.5
1569834000,7722.5,7727.1,7684.7,7689.6
1569848400,7689.6,7758.2,7686.4,7752.4
1569862800,7752.4,7765.6,7728.4,7762.8
1569877200,7762.8,7781.8,7754.9,7779.5
1569891600,7779.5,7797.8,7778.6,7787.3
1569906000,7787.3,7803.6,7769.5,7779.1
1569920400,7779.1,7781.1,7762.6,7773.5
1569934800,7773.5,7819.6,7687.6,7699
1569949200,7699,7711.4,7669,7687.1
1569963600,7687.1,7708.1,7679.5,7696.3
1569978000,7696.3,7700.6,7679.6,7688.8
1569992400,7688.8,7697.4,7622.5,7629.8
1570006800,7629.8,7640.8,7608.4,7617.8
1570021200,7617.8,7634.4,7504.6,7513.6
1570035600,7513.6,7570,7506.8,7535.2
1570050000,7535.2,7554.1,7525,7530.1
1570064400,7530.1,7556.8,7529.4,7538.8
1570078800,7538.8,7566.7,7521.6,7554.1
1570093200,7554.1,7564.1,7522.1,7534.4
1570107600,7534.4,7617.4,7454.6,7612
1570122000,7612,7640.7,7602.2,7639.3
1570136400,7639.3,7639.3,7620.9,7626
1570150800,7626,7635.9,7618.4,7635.7
1570165200,7635.7,7665.4,7618.5,7625
1570179600,7625,7675.1,7604.1,7669.5
1570194000,7669.5,7726.6,7661.1,7715.8
1570208400,7715.8,7754.5,7711.6,7749.4
1570395600,7749.4,7749.4,7679,7707.9
1570410000,7707.9,7720.5,7701.9,7718.9
1570424400,7718.9,7729.3,7703.4,7706.4
1570438800,7706.4,7740.1,7704.2,7720.9
1570453200,7720.9,7768.4,7705.6,7750.4
1570467600,7750.4,7780.6,7711.9,7720.8
1570482000,7720.8,7744.1,7712.9,7740.8
1570496400,7740.8,7764.8,7735.4,7758.4
1570510800,7758.4,7765.5,7710.4,7717.9
1570525200,7717.9,7722.3,7646.4,7671.2
1570539600,7671.2,7680.6,7607,7656.8
1570554000,7656.8,7702.4,7594.8,7604.4
1570568400,7604.4,7624.9,7586.5,7618.9
1570582800,7618.9,7630.3,7604.7,7609.5
1570597200,7609.5,7645.6,7592.4,7638.6
1570611600,7638.6,7699.8,7636.7,7668.5
1570626000,7668.5,7689.6,7642.8,7687.6
1570640400,7687.6,7712.6,7669.6,7685.3
1570654800,7685.3,7693.6,7564.7,7611.3
1570669200,7611.3,7691.6,7611,7668
1570683600,7668,7689.1,7645.7,7674.4
1570698000,7674.4,7695.8,7652.2,7673.6
1570712400,7673.6,7766.8,7667.4,7729.6
1570726800,7729.6,7779.4,7688.8,7770.1
1570741200,7770.1,7792.3,7748.3,7759.5
1570755600,7759.5,7789.4,7752.9,7785.3
1570770000,7785.3,7825.3,7767.4,7824.1
1570784400,7824.1,7843,7817.7,7820.1
1570798800,7820.1,7892.3,7813.6,7870.2
1570813200,7870.2,7899.4,7817.1,7840.4
1571000400,7840.4,7875.5,7832.6,7856.3
1571014800,7856.3,7866.9,7836.9,7853.3
1571029200,7853.3,7854.6,7820.9,7833.7
1571043600,7833.7,7835.1,7788.1,7817.4
1571058000,7817.4,7859.6,7813.2,7835.8
1571072400,7835.8,7852.6,7828.6,7840.3
1571086800,7840.3,7861.5,7840.3,7850.8
1571101200,7850.8,7863.1,7847.9,7860.8
1571115600,7860.8,7889.1,7857.4,7872.4
1571130000,7872.4,7880.2,7848.9,7858.1
1571144400,7858.1,7938.2,7852.8,7932.2
1571158800,7932.2,7952.8,7930.6,7940.8
1571173200,7940.8,7941.3,7917.6,7924.1
1571187600,7924.1,7931.8,7913,7918.7
1571202000,7918.7,7939.8,7914.2,7919.9
1571216400,7919.9,7935.3,7908,7919
1571230800,7919,7933.8,7888.6,7899.4
1571245200,7899.4,7933,7894.4,7931.8
1571259600,7931.8,7935.6,7913.7,7924.4
1571274000,7924.4,7934.2,7919.2,7927.3
1571288400,7927.3,7948.4,7911.7,7938.7
1571302800,7938.7,7975.6,7930.2,7964.3
1571317200,7964.3,7973.2,7903.8,7930.4
1571331600,7930.4,7943.2,7922.4,7935.1
1571346000,7935.1,7935.1,7921.2,7926.1
1571360400,7926.1,7935.3,7912.2,7918.2
1571374800,7918.2,7925.6,7898.4,7921.5
1571389200,7921.5,7938.4,7917.1,7930.6
1571403600,7930.6,7939,7816.8,7847
1571418000,7847,7891.8,7845.4,7864.7
1571605200,7864.7,7886.3,7849.3,7884.9
1571619600,7884.9,7890.8,7881.7,7884.4
1571634000,7884.4,7894.4,7867.4,7879.6
1571648400,7879.6,7906.6,7876.6,7898.9
1571662800,7898.9,7923.8,7874.6,7916.4
1571677200,7916.4,7932.2,7913.8,7929.6
1571691600,7929.6,7957.4,7925.2,7950
1571706000,7950,7960,7943.4,7949.6
1571720400,7949.6,7951.6,7916,7924.4
1571734800,7924.4,7959.2,7923.7,7953.1
1571749200,7953.1,7969.6,7901.8,7921.6
1571763600,7921.6,7922.2,7818.4,7823.8
1571778000,7823.8,7839,7791.4,7815.9
1571792400,7815.9,7825.6,7806.2,7823.1
1571806800,7823.1,7843.8,7818.6,7835.8
1571821200,7835.8,7853.1,7815.5,7841.4
1571835600,7841.4,7879.8,7833.8,7867.2
1571850000,7867.2,7898.8,7844.8,7896
1571864400,7896,7913.5,7896,7900.3
1571878800,7900.3,7907.4,7894.4,7899
1571893200,7899,7921.3,7894.2,7911.2
1571907600,7911.2,7933.4,7908.6,7927.9
1571922000,7927.9,7958.8,7897.6,7943.2
1571936400,7943.2,7964.9,7903.4,7906.2
1571950800,7906.2,7919.3,7899.4,7915.1
1571965200,7915.1,7918.7,7904.3,7915.3
1571979600,7915.3,7927.6,7912.3,7916.8
1571994000,7916.8,7925.6,7902.1,7909.3
1572008400,7909.3,8020.8,7905.7,8006
1572022800,8006,8022.4,7994.6,8018.8
1572210000,8018.8,8045.6,8018.8,8037.7
1572224400,8037.7,8042.4,8032.4,8039.8
1572238800,8039.8,8055.6,8030.9,8041.7
1572253200,8041.7,8058.9,8034.7,8057.7
1572267600,8057.7,8101.8,8053.2,8090.6
1572282000,8090.6,8107.6,8067.5,8090.1
1572296400,8090.1,8099.7,8085.1,8096.4
1572310800,8096.4,8098.2,8087.2,8091.7
1572325200,8091.7,8093.4,8076.1,8083.1
1572339600,8083.1,8086.3,8060.8,8085.5
1572354000,8085.5,8094.8,8032.6,8058.4
1572368400,8058.4,8067.8,8031.9,8036.3
1572382800,8036.3,8043.4,8032.8,8035.4
1572397200,8035.4,8040.6,8027.1,8034.3
1572411600,8034.3,8038.6,8028.7,8033.4
1572426000,8033.4,8056.1,8029.9,8051.9
1572440400,8051.9,8055.9,8002.8,8030.4
1572454800,8030.4,8122.9,8011.6,8098.5
1572469200,8098.5,8115,8098.5,8106.8
1572483600,8106.8,8107.1,8092.4,8100.6
1572498000,8100.6,8120.7,8095.1,8110.3
1572512400,8110.3,8113.3,8063.6,8090.4
1572526800,8090.4,8099.4,8028.2,8047
1572541200,8047,8081.4,8034.4,8074.3
1572555600,8074.3,8080.1,8066.9,8077.9
1572570000,8077.9,8103.6,8077.5,8101.2
1572584400,8101.2,8106.8,8086.2,8091.6
1572598800,8091.6,8111.1,8076.4,8105.4
1572613200,8105.4,8143.6,8096.6,8105.2
1572627600,8105.2,8149.8,8103.4,8145.2
1572818400,8145.2,8165.6,8145.2,8162.4
1572832800,8162.4,8175.8,8161.6,8168.8
1572847200,8168.8,8186.4,8165.1,8184.9
1572861600,8184.9,8211.6,8184.3,8202.8
1572876000,8202.8,8215.6,8183.2,8197.6
1572890400,8197.6,8208.8,8188.3,8200.4
1572904800,8200.4,8229.6,8192.6,8210.6
1572919200,8210.6,8222.9,8208.2,8217.7
1572933600,8217.7,8226.4,8211.4,8223.1
1572948000,8223.1,8229.9,8211.1,8219.7
1572962400,8219.7,8222.4,8175.4,8210.4
1572976800,8210.4,8215.8,8190.8,8194.1
1572991200,8194.1,8198.7,8182.8,8188.7
1573005600,8188.7,8201.1,8185.6,8200.6
1573020000,8200.6,8210.1,8185.1,8188.9
1573034400,8188.9,8207.3,8188.2,8202.1
1573048800,8202.1,8202.2,8143.2,8161
1573063200,8161,8196.5,8156.8,8195.6
1573077600,8195.6,8197.9,8172.1,8173.4
1573092000,8173.4,8183.8,8172.1,8183.8
1573106400,8183.8,8245.4,8183.4,8237.8
1573120800,8237.8,8241.6,8217.4,8221.7
1573135200,8221.7,8265.6,8218.2,8250.8
1573149600,8250.8,8251.4,8188,8215.3
1573164000,8215.3,8232.4,8190.6,8194.7
1573178400,8194.7,8196.3,8180.4,8189.1
1573192800,8189.1,8209.1,8182.1,8200.1
1573207200,8200.1,8220.3,8194.6,8199.8
1573221600,8199.8,8233.2,8176.2,8225.6
1573236000,8225.6,8250.1,8214.6,8247.6
1573423200,8247.6,8247.6,8219.1,8222.4
1573437600,8222.4,8224.9,8216.1,8220.4
1573452000,8220.4,8221.6,8199.8,8207
1573466400,8207,8213.6,8201.4,8209.9
1573480800,8209.9,8233.6,8192.6,8232.2
1573495200,8232.2,8242.3,8227.8,8241.6
1573509600,8241.6,8243.6,8221.1,8222.3
1573524000,8222.3,8254.3,8216.6,8252.3
1573538400,8252.3,8261.9,8233.4,8240.3
1573552800,8240.3,8255.9,8238.8,8241.3
1573567200,8241.3,8288,8240.2,8274.2
1573581600,8274.2,8280.4,8231,8259.1
1573596000,8259.1,8261.5,8233.4,8235.1
1573610400,8235.1,8242.8,8230.2,8237.3
1573624800,8237.3,8250.6,8208.1,8212.9
1573639200,8212.9,8239.2,8212.9,8238.5
1573653600,8238.5,8271.4,8227.3,8267.4
1573668000,8267.4,8271.2,8229.6,8259.8
1573682400,8259.8,8275.3,8245.2,8267.3
1573696800,8267.3,8267.3,8233.9,8253.8
1573711200,8253.8,8254.5,8234.4,8243.9
1573725600,8243.9,8263.1,8227.6,8232.8
1573740000,8232.8,8255.6,8207.8,8240.8
1573754400,8240.8,8263.4,8224.8,8260.4
1573768800,8260.4,8294.8,8252.7,8288.1
1573783200,8288.1,8299.9,8285.4,8288.3
1573797600,8288.3,8291.9,8277.1,8290.8
1573812000,8290.8,8304.6,8277.5,8303.4
1573826400,8303.4,8315.4,8282.2,8306.2
1573840800,8306.2,8315.9,8290.6,8315.9
1574028000,8315.9,8315.9,8299.6,8311.8
1574042400,8311.8,8314.6,8305.9,8312.1
1574056800,8312.1,8359.8,8311.4,8331.2
1574071200,8331.2,8339.1,8300.9,8310.1
1574085600,8310.1,8317.8,8272.8,8310.6
1574100000,8310.6,8339.2,8308.2,8328.6
1574114400,8328.6,8336.6,8310.9,8331.7
1574128800,8331.7,8343.4,8329.1,8339.7
1574143200,8339.7,8364.1,8337.7,8362.7
1574157600,8362.7,8372.5,8355.9,8357.8
1574172000,8357.8,8363.8,8306,8340.4
1574186400,8340.4,8356.2,8328.2,8328.4
1574200800,8328.4,8328.4,8295.6,8297.3
1574215200,8297.3,8314.3,8292.6,8310.3
1574229600,8310.3,8320.4,8286.1,8300.3
1574244000,8300.3,8314.2,8285,8301.1
1574258400,8301.1,8341.8,8250.8,8273.8
1574272800,8273.8,8288.6,8225.1,8283.2
1574287200,8283.2,8283.2,8234.1,8238.7
1574301600,8238.7,8284.1,8237.7,8269.7
1574316000,8269.7,8282.8,8251.2,8267.1
1574330400,8267.1,8301.4,8266.6,8284.2
1574344800,8284.2,8288.8,8241.8,8264.8
1574359200,8264.8,8283.2,8252.6,8272.3
1574373600,8272.3,8294.1,8260.6,8293.2
1574388000,8293.2,8294.4,8285.6,8286.1
1574402400,8286.1,8307.8,8280.6,8295.3
1574416800,8295.3,8298.3,8275.3,8290
1574431200,8290,8293.4,8227.8,8267.4
1574445600,8267.4,8277.3,8254.4,8277
1574632800,8277,8310.7,8277,8308.1
1574647200,8308.1,8309.1,8297.8,8305.6
1574661600,8305.6,8307.9,8298.8,8304.9
1574676000,8304.9,8310.2,8295.8,8309.1
1574690400,8309.1,8366.2,8305.2,8358.2
1574704800,8358.2,8373.6,8355.2,8370.6
1574719200,8370.6,8415.2,8365.6,8395.6
1574733600,8395.6,8397,8375.1,8376.5
1574748000,8376.5,8380.8,8360.9,8367.7
1574762400,8367.7,8378.4,8363.2,8372.9
1574776800,8372.9,8397.4,8363.6,8395.6
1574791200,8395.6,8399.4,8379.2,8397.7
1574805600,8397.7,8404.2,8392.3,8395.9
1574820000,8395.9,8409.4,8395.1,8405.2
1574834400,8405.2,8423.1,8404.1,8421.9
1574848800,8421.9,8425.1,8407.8,8407.8
1574863200,8407.8,8436.6,8397.6,8431.6
1574877600,8431.6,8453.4,8430.8,8451.3
1574892000,8451.3,8452.6,8409.1,8425.3
1574906400,8425.3,8426.9,8419.1,8421.6
1574920800,8421.6,8429.6,8418.1,8424.2
1574935200,8424.2,8438.9,8423.4,8432.2
1574949600,8432.2,8442.8,8429.7,8439
1574978400,8439,8445.8,8421.1,8423.3
1574992800,8423.3,8427.5,8409.6,8413.8
1575007200,8413.8,8428.1,8406,8424.9
1575021600,8424.9,8435.3,8421.6,8424.6
1575036000,8424.6,8436.2,8402.4,8405.2
1575050400,8405.2,8419.4,8404.6,8416.9
1575237600,8416.9,8445.6,8416.9,8442.1
1575252000,8442.1,8448.2,8440.7,8444.1
1575266400,8444.1,8452.9,8431.7,8440.9
1575280800,8440.9,8446,8403.4,8414.4
1575295200,8414.4,8415.2,8272.6,8293.6
1575309600,8293.6,8331.8,8292.2,8306
1575324000,8306,8317.5,8288.3,8312.1
1575338400,8312.1,8333.1,8310.1,8329
1575352800,8329,8332.2,8314.3,8323.3
1575367200,8323.3,8328.6,8217.2,8218.7
1575381600,8218.7,8220,8164,8211.8
1575396000,8211.8,8257,8210.4,8250.7
1575410400,8250.7,8262.8,8237.6,8246.3
1575424800,8246.3,8262,8244.1,8257
1575439200,8257,8310.2,8216.5,8302.6
1575453600,8302.6,8304.6,8278,8292.5
1575468000,8292.5,8315.2,8283.4,8301.8
1575482400,8301.8,8312.2,8282,8293.2
1575496800,8293.2,8305.4,8281.2,8289.7
1575511200,8289.7,8296.5,8283.8,8286.5
1575525600,8286.5,8318.5,8285.8,8314.6
1575540000,8314.6,8335.8,8311,8322.6
1575554400,8322.6,8323.1,8269.2,8286.8
1575568800,8286.8,8312.2,8281.8,8307.3
1575583200,8307.3,8324.8,8303.8,8321.2
1575597600,8321.2,8324,8313,8315.8
1575612000,8315.8,8340.8,8315.3,8336.1
1575626400,8336.1,8378.6,8318,8372.3
1575640800,8372.3,8400,8365.2,8397.4
1575655200,8397.4,8406.8,8393,8401.1
1575842400,8401.1,8407.7,8379,8381
1575856800,8381,8391.9,8380.8,8385.6
1575871200,8385.6,8396.2,8381.7,8389.8
1575885600,8389.8,8395.8,8383.9,8386.3
1575900000,8386.3,8425.6,8380.9,8389.2
1575914400,8389.2,8393.1,8345.7,8348.6
1575928800,8348.6,8360.8,8348.6,8354
1575943200,8354,8369.1,8353.8,8365.8
1575957600,8365.8,8372.1,8316.8,8325.1
1575972000,8325.1,8382.1,8295.8,8370.7
1575986400,8370.7,8396.4,8337.9,8375
1576000800,8375,8383,8341.8,8366.4
1576015200,8366.4,8371.9,8344.3,8351.2
1576029600,8351.2,8365.4,8350.2,8364.3
1576044000,8364.3,8392.8,8353.9,8362.7
1576058400,8362.7,8386.4,8357.3,8383.8
1576072800,8383.8,8395.1,8362.8,8376.8
1576087200,8376.8,8409.8,8373.8,8407
1576101600,8407,8415.8,8403.1,8415.4
1576116000,8415.4,8417.1,8409.4,8409.6
1576130400,8409.6,8428.4,8408.8,8424.4
1576144800,8424.4,8427.1,8381.6,8395
1576159200,8395,8495.6,8379.6,8425.6
1576173600,8425.6,8478,8417.6,8469.4
1576188000,8469.4,8513.6,8469.4,8508.4
1576202400,8508.4,8517.4,8502,8508.4
1576216800,8508.4,8515.1,8498.8,8510.3
1576231200,8510.3,8522.1,8453,8495.3
1576245600,8495.3,8518.5,8435.1,8503.2
1576260000,8503.2,8504.2,8487.2,8493.7
1576447200,8493.7,8518.6,8493.7,8516.8
1576461600,8516.8,8523,8516.8,8518.3
1576476000,8518.3,8533.3,8514.9,8527.6
1576490400,8527.6,8547.2,8521.6,8545.8
1576504800,8545.8,8587.8,8544.8,8582.8
1576519200,8582.8,8587.4,8571,8578
1576533600,8578,8578,8564,8571.2
1576548000,8571.2,8593.4,8568.7,8592
1576562400,8592,8597.1,8573.1,8578.7
1576576800,8578.7,8593,8565.6,8586.7
1576591200,8586.7,8594.5,8567.2,8580.2
1576605600,8580.2,8583.8,8570.4,8574.1
1576620000,8574.1,8590.8,8574.1,8588.8
1576634400,8588.8,8591.3,8583.7,8585.6
1576648800,8585.6,8595.4,8577.3,8594.8
1576663200,8594.8,8599.3,8584.9,8591.6
1576677600,8591.6,8622.6,8589.6,8612.6
1576692000,8612.6,8617.8,8592.7,8606.3
1576706400,8606.3,8611.8,8598,8599.8
1576720800,8599.8,8600.4,8593.6,8599.2
1576735200,8599.2,8606.7,8590.1,8606
1576749600,8606,8607.4,8590.6,8597.6
1576764000,8597.6,8639,8596.4,8631.9
1576778400,8631.9,8663.8,8628.6,8662.6
1576792800,8662.6,8662.6,8649.6,8655.6
1576807200,8655.6,8657.4,8649.6,8650.4
1576821600,8650.4,8654.4,8645.8,8648.2
1576836000,8648.2,8676.6,8648,8674.4
1576850400,8674.4,8704.4,8666.4,8690.2
1576864800,8690.2,8697.2,8674.2,8690.6
1577052000,8690.6,8704.6,8688.8,8702.4
1577066400,8702.4,8703.7,8698.6,8699.6
1577080800,8699.6,8701,8693.7,8700
1577095200,8700,8724.2,8699.2,8718.4
1577109600,8718.4,8719.2,8702,8709.5
1577124000,8709.5,8713.5,8697.8,8710.2
1577138400,8710.2,8711.6,8699.4,8700.8
1577152800,8700.8,8707.5,8699.2,8707.2
1577167200,8707.2,8712.6,8704.9,8711.4
1577181600,8711.4,8716.9,8709.9,8713.4
1577196000,8713.4,8715.7,8688.4,8706.6
1577210400,8706.6,8712.2,8706,8710.4
1577311200,8710.4,8721.1,8710.4,8717.9
1577325600,8717.9,8720.5,8715.4,8718.8
1577340000,8718.8,8724.2,8717.8,8722.8
1577354400,8722.8,8731.4,8719,8724.8
1577368800,8724.8,8762,8720.6,8757.2
1577383200,8757.2,8786.4,8757.2,8783.2
1577397600,8783.2,8811.1,8782.1,8810.4
1577412000,8810.4,8815.6,8805.1,8807.4
1577426400,8807.4,8815.1,8803.6,8808.6
1577440800,8808.6,8825,8807.1,8815.6
1577455200,8815.6,8818.6,8761.9,8787
1577469600,8787,8789.4,8751.3,8760.6
1577656800,8760.6,8787.4,8760.6,8786.6
1577671200,8786.6,8792.6,8785.2,8787.9
1577685600,8787.9,8789,8774.4,8775.8
1577700000,8775.8,8777.9,8759,8774.2
1577714400,8774.2,8777.4,8674.5,8733.7
1577728800,8733.7,8736.7,8703.4,8715
1577743200,8715,8732.6,8712,8730
1577757600,8730,8734.6,8729.6,8731.6
1577772000,8731.6,8733.6,8716,8723.2
1577786400,8723.2,8731.8,8691.7,8694.8
1577800800,8694.8,8730.6,8676.8,8706.1
1577815200,8706.1,8755.9,8702.3,8755.8
1577916000,8755.8,8770.4,8753.3,8765.4
1577930400,8765.4,8775.4,8763.8,8772.6
1577944800,8772.6,8800.1,8768.7,8798.7
1577959200,8798.7,8814.4,8791.4,8812
1577973600,8812,8835.8,8786.2,8828
1577988000,8828,8884.4,8818.5,8884.4
1578002400,8884.4,8890.8,8853.8,8857.1
1578016800,8857.1,8861.5,8786.8,8802.1
1578031200,8802.1,8807.9,8746.5,8759.8
1578045600,8759.8,8791,8719.1,8774.9
1578060000,8774.9,8844.8,8753.8,8837
1578074400,8837,8839.6,8788.9,8792.2
1578261600,8792.2,8792.2,8733.9,8748.9
1578276000,8748.9,8780.6,8745.9,8766.9
1578290400,8766.9,8775.2,8709,8724.9
1578304800,8724.9,8751.9,8721.9,8737.3
1578319200,8737.3,8822.2,8714.8,8808.2
1578333600,8808.2,8858.3,8807,8838.6
1578348000,8838.6,8861.8,8831.5,8857.8
1578362400,8857.8,8874.5,8854.5,8861.2
1578376800,8861.2,8879.4,8837.8,8862.6
1578391200,8862.6,8867.9,8838.2,8842.1
1578405600,8842.1,8873,8820,8860.2
1578420000,8860.2,8870,8810.9,8829.6
1578434400,8829.6,8832.7,8664,8735.4
1578448800,8735.4,8815.4,8732.5,8789.5
1578463200,8789.5,8830.4,8784.5,8825.1
1578477600,8825.1,8874.1,8822,8852.6
1578492000,8852.6,8930,8833.9,8925
1578506400,8925,8957.1,8909.6,8934.6
1578520800,8934.6,8950.9,8929.8,8940.8
1578535200,8940.8,8952.8,8919.3,8948
1578549600,8948,8980.1,8943,8972.4
1578564000,8972.4,8985.9,8961.5,8982
1578578400,8982,9008.3,8939,8966.6
1578592800,8966.6,8996.2,8958.8,8994.8
1578607200,8994.8,9019.9,8994.8,9014.4
1578621600,9014.4,9027.4,9011.4,9026
1578636000,9026,9030.2,9011.4,9026.8
1578650400,9026.8,9041.5,9013.3,9025.9
1578664800,9025.9,9031.3,8975.4,8992.2
1578679200,8992.2,9005.7,8953,8963.6
1578866400,8963.6,9000.9,8963.6,8988.9
1578880800,8988.9,9004.7,8987.9,9001.6
1578895200,9001.6,9013.7,8994,9013.6
1578909600,9013.6,9015,8994.4,9003.8
1578924000,9003.8,9056.6,8992.1,9051.8
1578938400,9051.8,9083.1,9049.1,9078.8
1578952800,9078.8,9102.9,9076.2,9090.8
1578967200,9090.8,9093,9067.5,9072
1578981600,9072,9082.5,9029.8,9077.5
1578996000,9077.5,9084.5,9049.1,9075
1579010400,9075,9077.6,9023.5,9068.2
1579024800,9068.2,9083.3,9023.3,9051.8
1579039200,9051.8,9051.8,9014.6,9037.2
1579053600,9037.2,9039.3,9016.9,9030.6
1579068000,9030.6,9047.9,9028.2,9037.6
1579082400,9037.6,9063.3,9032,9035.9
1579096800,9035.9,9084,9033,9054.2
1579111200,9054.2,9063,9011.7,9049.2
1579125600,9049.2,9071.7,9049.2,9061.4
1579140000,9061.4,9071.7,9053.4,9070.8
1579154400,9070.8,9098.6,9066.4,9080.2
1579168800,9080.2,9090.4,9076.1,9082.6
1579183200,9082.6,9108.5,9066,9082
1579197600,9082,9129.3,9077.8,9127.2
1579212000,9127.2,9146.9,9123.3,9128.6
1579226400,9128.6,9138,9123.8,9128.6
1579240800,9128.6,9156,9125.3,9152.6
1579255200,9152.6,9170.6,9150.6,9164
1579269600,9164,9175,9119.6,9136.2
1579284000,9136.2,9178.6,9135.8,9161
1579471200,9161,9177.6,9159.8,9172
1579485600,9172,9172.2,9167,9168
1579500000,9168,9171.6,9151,9156.6
1579514400,9156.6,9163.4,9151.6,9155.6
1579528800,9155.6,9168,9152.4,9165.4
1579557600,9165.4,9170.4,9122,9126.4
1579572000,9126.4,9132,9112.6,9119
1579586400,9119,9134.5,9106.4,9119.2
1579600800,9119.2,9138.6,9115.6,9133.5
1579615200,9133.5,9190.6,9133.4,9182.6
1579629600,9182.6,9186.6,9143.6,9164.2
1579644000,9164.2,9187.6,9164.2,9179.6
1579658400,9179.6,9227.2,9179.6,9223.4
1579672800,9223.4,9228.8,9208.6,9216.2
1579687200,9216.2,9231.8,9213,9218.2
1579701600,9218.2,9245.8,9203.8,9232
1579716000,9232,9238.6,9172.8,9180.6
1579730400,9180.6,9196.2,9170,9194.8
1579744800,9194.8,9201.2,9166.6,9168
1579759200,9168,9196.6,9167,9185.9
1579773600,9185.9,9203,9178,9181.6
1579788000,9181.6,9207,9144.2,9182.4
1579802400,9182.4,9245.8,9177.8,9244.8
1579816800,9244.8,9265,9243,9253.5
1579831200,9253.5,9263.4,9249.4,9261
1579845600,9261,9280.45,9251.5,9270.8
1579860000,9270.8,9276.4,9263.6,9266.8
1579874400,9266.8,9275.8,9155.4,9190.8
1579888800,9190.8,9191.4,9102.8,9130.8
1580076000,9130.8,9130.8,8988.7,9033.2
1580090400,9033.2,9035.4,8999.6,9018
1580104800,9018,9048.2,8987.5,8999
1580119200,8999,8999,8937.2,8971.8
1580133600,8971.8,9005.25,8920.6,8990
1580148000,8990,9004.6,8944.2,8955.9
1580162400,8955.9,8995,8949.2,8983.8
1580176800,8983.8,9023.2,8970,9020.8
1580191200,9020.8,9035.6,8970,8988.6
1580205600,8988.6,9035.2,8974,9023.8
1580220000,9023.8,9102,8997,9090.2
1580234400,9090.2,9131.8,9078,9116.4
1580248800,9116.4,9142.85,9087.8,9133.2
1580263200,9133.2,9146.8,9129.8,9133
1580277600,9133,9138,9112.2,9123.4
1580292000,9123.4,9152.6,9123,9132.8
1580306400,9132.8,9154.5,9068.4,9125.8
1580320800,9125.8,9153.6,9076.3,9100.2
1580335200,9100.2,9131.8,9087.2,9093.8
1580349600,9093.8,9095.4,9038.2,9054.8
1580364000,9054.8,9064.6,8998.8,9046.9
1580378400,9046.9,9068.5,9013.2,9054.4
1580392800,9054.4,9109.8,9019.8,9039.8
1580407200,9039.8,9235,9030.8,9231.8
1580421600,9231.8,9244.1,9199.5,9206.8
1580436000,9206.8,9239.2,9206.8,9218.2
1580450400,9218.2,9219.1,9163,9171.7
1580464800,9171.7,9194.8,9133.8,9182
1580479200,9182,9196.4,9009.6,9031.5
1580493600,9031.5,9044,8961.9,9009.2
1580680800,9009.2,9076.3,8987.1,9075.2
1580695200,9075.2,9089,9049,9078.4
1580709600,9078.4,9079.2,9030.4,9030.6
1580724000,9030.6,9069.6,9022.8,9055.1
1580738400,9055.1,9152.8,9033.2,9140.2
1580752800,9140.2,9146.6,9086.8,9102.8
1580767200,9102.8,9154.8,9071.2,9148.8
1580781600,9148.8,9183.45,9133,9178
1580796000,9178,9234,9167.2,9230.2
1580810400,9230.2,9262,9214,9259.3
1580824800,9259.3,9330.4,9224.6,9326.6
1580839200,9326.6,9366.75,9308.4,9356.9
1580853600,9356.9,9361.2,9315.8,9345.8
1580868000,9345.8,9346.1,9318.2,9325.2
1580882400,9325.2,9458.8,9323.4,9452
1580896800,9452,9459.85,9417.1,9456.6
1580911200,9456.6,9456.6,9315.4,9352
1580925600,9352,9398.4,9332,9386
1580940000,9386,9422.5,9370.8,9405
1580954400,9405,9450.4,9405,9444.8
1580968800,9444.8,9456.4,9405.2,9412.2
1580983200,9412.2,9432,9396.8,9403.8
1580997600,9403.8,9446.8,9358.6,9445
1581012000,9445,9458.85,9421.6,9458.2
1581026400,9458.2,9463.2,9417.4,9429.9
1581040800,9429.9,9445,9419.8,9429.8
1581055200,9429.8,9457.8,9411.2,9413.8
1581069600,9413.8,9447.6,9388.8,9406.2
1581084000,9406.2,9456.8,9378.6,9446.2
1581098400,9446.2,9446.8,9379.6,9394
1581285600,9394,9418.5,9325.8,9400.8
1581300000,9400.8,9434.5,9398.9,9417
1581314400,9417,9429,9379.1,9399.1
1581328800,9399.1,9424.9,9388.6,9394.9
1581343200,9394.9,9479.8,9373.5,9460
1581357600,9460,9526.1,9458.5,9521.2
1581372000,9521.2,9567.4,9512.2,9565.6
1581386400,9565.6,9577.1,9561.1,9570.2
1581400800,9570.2,9572.8,9540.8,9553.7
1581415200,9553.7,9571.45,9549.2,9571.1
1581429600,9571.1,9604.4,9533.8,9574.6
1581444000,9574.6,9586.8,9496.4,9527.6
1581458400,9527.6,9542.8,9519.5,9533.5
1581472800,9533.5,9560.25,9529.4,9558.3
1581487200,9558.3,9579.5,9549.3,9567
1581501600,9567,9576.4,9558,9570.9
1581516000,9570.9,9614.9,9554.6,9609.8
1581530400,9609.8,9623.4,9591.9,9619.3
1581544800,9619.3,9620.5,9556.5,9585.1
1581559200,9585.1,9591.6,9569.4,9578.3
1581573600,9578.3,9580.5,9529.2,9536.5
1581588000,9536.5,9561.85,9506.1,9556.4
1581602400,9556.4,9625.6,9534,9599.8
1581616800,9599.8,9639.3,9589.5,9619.4
1581631200,9619.4,9630.2,9596.4,9628.5
1581645600,9628.5,9654.5,9620.1,9636.6
1581660000,9636.6,9643.5,9620.9,9630.4
1581674400,9630.4,9644.55,9610.1,9618.6
1581688800,9618.6,9637,9589,9598.8
1581703200,9598.8,9631.15,9584.2,9629.5
1581890400,9629.5,9672.6,9629.5,9668.8
1581904800,9668.8,9676,9664.6,9673.2
1581919200,9673.2,9684,9663.6,9670.8
1581933600,9670.8,9674,9652.6,9654.8
1581948000,9654.8,9665.8,9652.2,9664
1581976800,9664,9664,9575.8,9584
1581991200,9584,9589.6,9561.2,9573.2
1582005600,9573.2,9575.4,9531,9543.8
1582020000,9543.8,9588.6,9537.8,9577.6
1582034400,9577.6,9624.4,9571.6,9608
1582048800,9608,9651,9605,9638.4
1582063200,9638.4,9662.2,9635.6,9656.4
1582077600,9656.4,9671.05,9654.2,9662
1582092000,9662,9666.8,9646,9660.4
1582106400,9660.4,9679.65,9656.55,9676.4
1582120800,9676.4,9737,9675.4,9730.4
1582135200,9730.4,9741.65,9713.4,9726.6
1582149600,9726.6,9756.1,9726.6,9729
1582164000,9729,9734,9680.2,9711
1582178400,9711,9737.2,9702,9719
1582192800,9719,9723,9685.2,9695.4
1582207200,9695.4,9719.2,9511.1,9576.8
1582221600,9576.8,9636.85,9567,9614
1582236000,9614,9618,9558.3,9587.4
1582250400,9587.4,9588,9551,9556.8
1582264800,9556.8,9581,9533.8,9559
1582279200,9559,9600,9558.2,9582.2
1582293600,9582.2,9599.4,9467.2,9480
1582308000,9480,9492.6,9406,9449.6
1582495200,9449.6,9449.6,9279.2,9296.8
1582509600,9296.8,9302,9249.6,9278.8
1582524000,9278.8,9288.8,9122.4,9177.2
1582538400,9177.2,9224.6,9131.6,9162.8
1582552800,9162.8,9197.8,9037.6,9082.6
1582567200,9082.6,9181,9042.4,9098
1582581600,9098,9214.05,9058.4,9188.7
1582596000,9188.7,9205,9157.2,9196
1582610400,9196,9220.7,9126.8,9128.2
1582624800,9128.2,9178,9067.75,9161.5
1582639200,9161.5,9187.6,8938.8,8966.2
1582653600,8966.2,8990,8807.4,8870
1582668000,8870,8923.2,8839,8888.6
1582682400,8888.6,8945.2,8866.4,8916.3
1582696800,8916.3,8924.8,8707.4,8782.8
1582711200,8782.8,8927.2,8782,8885
1582725600,8885,9034.8,8864.2,8928
1582740000,8928,8943.2,8811.6,8816.8
1582754400,8816.8,8875.2,8747.1,8774
1582768800,8774,8785,8698.55,8733.4
1582783200,8733.4,8841.8,8695.1,8795.6
1582797600,8795.6,8809.2,8673.2,8683.4
1582812000,8683.4,8789.85,8517.3,8733
1582826400,8733,8776.2,8337.75,8338.5
1582840800,8338.5,8428.2,8312.2,8416
1582855200,8416,8444.8,8191.8,8216.2
1582869600,8216.2,8355.8,8128.2,8211.5
1582884000,8211.5,8380.4,8197.5,8202.8
1582898400,8202.8,8493.4,8127.4,8416.4
1582912800,8416.4,8571.7,8214.4,8543.6
1583100000,8543.6,8543.6,8228.2,8444
1583114400,8444,8562,8431.3,8512.4
1583128800,8512.4,8676.6,8479.2,8542.4
1583143200,8542.4,8558.2,8363.7,8509.2
1583157600,8509.2,8736,8443.6,8726.6
1583172000,8726.6,8882.4,8574,8816.8
1583186400,8816.8,8891.6,8801,8818.6
1583200800,8818.6,8860.1,8756.2,8758
1583215200,8758,8906.7,8739.8,8898
1583229600,8898,8917.2,8785.8,8851.1
1583244000,8851.1,9002,8705.8,8764.8
1583258400,8764.8,8764.8,8512.1,8561
1583272800,8561,8673.2,8509,8642.2
1583287200,8642.2,8717.4,8624,8705.8
1583301600,8705.8,8775.5,8683,8761.1
1583316000,8761.1,8809.1,8721.6,8742.8
1583330400,8742.8,8817.4,8665.6,8817.2
1583344800,8817.2,8949.8,8809.2,8888.2
1583359200,8888.2,8899.4,8827.2,8836
1583373600,8836,8876.2,8816.2,8867
1583388000,8867,8868,8749,8764
1583402400,8764,8765.4,8683.6,8717.6
1583416800,8717.6,8867,8672.4,8686.2
1583431200,8686.2,8744.5,8610.8,8673.2
1583445600,8673.2,8725.3,8607.6,8609.6
1583460000,8609.6,8614.4,8521,8541.2
1583474400,8541.2,8594.6,8466.6,8466.8
1583488800,8466.8,8476.2,8338,8392.2
1583503200,8392.2,8544.2,8312.3,8420.8
1583517600,8420.8,8569.6,8317.2,8504.4
1583701200,8504.4,8504.4,8102.9,8140.4
1583715600,8140.4,8153.2,8092.8,8092.9
1583744400,8092.9,8121.6,8092.9,8094.4
1583758800,8094.4,8241.5,7824.9,8121.2
1583773200,8121.2,8155,7882.4,7921.8
1583787600,7921.8,8162.4,7817.8,8160.2
1583802000,8160.2,8218.3,8108,8208.8
1583816400,8208.8,8285.9,8154.9,8284.2
1583830800,8284.2,8347.6,8174,8231.4
1583845200,8231.4,8255.6,7933.6,8089.6
1583859600,8089.6,8380.1,8013.2,8353.8
1583874000,8353.8,8353.8,8155.8,8190.4
1583888400,8190.4,8226.2,8118.8,8154.4
1583902800,8154.4,8247.8,8087.8,8221.2
1583917200,8221.2,8227.8,8073.5,8080
1583931600,8080,8224,8036.7,8058.8
1583946000,8058.8,8069.8,7894.8,8011
1583960400,8011,8107,7928,7983.6
1583974800,7983.6,7997.6,7600.9,7731.4
1583989200,7731.4,7740.4,7603.9,7624.9
1584003600,7624.9,7666.5,7601,7601
1584018000,7601,7648.4,7326.2,7589.3
1584032400,7589.3,7812,7133,7160.6
1584046800,7160.6,7246.4,7061.4,7137.6
1584061200,7137.6,7274.2,6945,7274
1584075600,7274,7608.6,7265.8,7444.2
1584090000,7444.2,7624.8,7400,7624.8
1584104400,7624.8,7734.8,7292.8,7468.8
1584118800,7468.8,7976.2,7383.9,7829.8
1584306000,7829.8,7876,7553.5,7553.5
1584363600,7553.5,7563.2,7063.7,7356.7
1584378000,7356.7,7421.8,6928.2,7077.1
1584392400,7077.1,7297.6,6987.8,7280.4
1584406800,7280.4,7303.6,7236.8,7302.7
1584421200,7302.7,7302.7,7158.5,7174.3
1584435600,7174.3,7295.2,7004,7184.8
1584450000,7184.8,7551.4,6950.8,7350.8
1584464400,7350.8,7506,7228.7,7367
1584478800,7367,7383.6,7105.8,7138.8
1584493200,7138.8,7271,7094.6,7133.6
1584507600,7133.6,7136.6,7065.9,7065.9
1584536400,7065.9,7328.3,6986,7008.6
1584550800,7008.6,7265.8,6815,7243.8
1584565200,7243.8,7426,7110.6,7263.1
1584579600,7263.1,7335,6879.8,6932
1584594000,6932,7329.4,6932,7292
1584608400,7292,7315.8,7043.4,7162.4
1584622800,7162.4,7453.4,7015.4,7346.1
1584637200,7346.1,7505.2,7160,7186.4
1584651600,7186.4,7238,7127.5,7219.2
1584666000,7219.2,7370,7194.8,7332
1584680400,7332,7631.6,7288,7631.5
1584694800,7631.5,7631.5,7426,7426.2
1584709200,7426.2,7488.5,7133.4,7252.4
1584723600,7252.4,7319.5,6891.5,6928.2
1584910800,6928.2,6928.2,6629.3,6659.8
1584925200,6659.8,6809.4,6653.4,6778.6
1584939600,6778.6,6842.2,6669.2,6753
1584954000,6753,7316.4,6750.4,7164.5
1584968400,7164.5,7209.6,6762.8,7082
1584982800,7082,7143.9,6848,6979.2
1584997200,6979.2,7164,6979.2,7105.5
1585011600,7105.5,7263.2,7100.8,7207.8
1585026000,7207.8,7325.9,7138,7313
1585040400,7313,7363,7235.2,7342.4
1585054800,7342.4,7530.4,7317,7435.5
1585069200,7435.5,7573.8,7296.2,7556
1585083600,7556,7632.8,7417.5,7447.2
1585098000,7447.2,7526.8,7377.5,7490.8
1585112400,7490.8,7710.2,7383.2,7698.5
1585126800,7698.5,7757.2,7417.8,7522
1585141200,7522,7663.2,7373,7600.2
1585155600,7600.2,7760.2,7430.8,7479.2
1585170000,7479.2,7548.5,7432.4,7484.4
1585184400,7484.4,7484.4,7356.1,7429
1585198800,7429,7448.1,7321.2,7361.3
1585213200,7361.3,7472.5,7310.5,7460
1585227600,7460,7765.6,7435.4,7755.9
1585242000,7755.9,7892.9,7647,7858.6
1585256400,7858.6,7889,7783.6,7788.6
1585270800,7788.6,7800,7703.8,7718.4
1585285200,7718.4,7802.2,7683.2,7712.8
1585299600,7712.8,7741.8,7616,7639.9
1585314000,7639.9,7693.4,7575.2,7648.2
1585328400,7648.2,7796.8,7549,7552.8
1585515600,7552.8,7552.8,7392.5,7472.7
1585530000,7472.7,7603.6,7452.7,7591.6
1585544400,7591.6,7685.4,7489,7574.6
1585558800,7574.6,7674,7534.2,7673.7
1585573200,7673.7,7844.8,7627.4,7843.4
1585587600,7843.4,7880.6,7780.3,7851
1585602000,7851,7893.7,7839,7869
1585616400,7869,7931.7,7810.4,7831.4
1585630800,7831.4,7943.4,7807.4,7931.8
1585645200,7931.8,7951.8,7760,7801.6
1585659600,7801.6,7990,7792.6,7840.6
1585674000,7840.6,7887,7742.8,7776
1585688400,7776,7776,7683.4,7734.4
1585702800,7734.4,7736.2,7660,7683.2
1585717200,7683.2,7689.3,7523.1,7576.6
1585731600,7576.6,7615.8,7520.2,7562
1585746000,7562,7678,7494.8,7505.6
1585760400,7505.6,7552.6,7400,7461.6
1585774800,7461.6,7516.1,7456.9,7495.9
1585789200,7495.9,7543.6,7455.4,7519
1585803600,7519,7591.5,7486.7,7560.6
1585818000,7560.6,7571.4,7426.8,7445
1585832400,7445,7613.6,7372.2,7583.8
1585846800,7583.8,7651.1,7441.6,7619
1585861200,7619,7646.7,7562.2,7576.6
1585875600,7576.6,7595.4,7523.8,7534.3
1585890000,7534.3,7574.5,7508.8,7532
1585904400,7532,7644.4,7506.2,7592.4
1585918800,7592.4,7655.8,7462,7493
1585933200,7493,7538.2,7420,7518.7
1586120400,7518.7,7812.9,7518.7,7779.2
1586134800,7779.2,7807.6,7745.2,7786.8
1586149200,7786.8,7864.9,7770.6,7834.2
1586163600,7834.2,7844.8,7777.6,7808.9
1586178000,7808.9,7933.4,7747.2,7933.4
1586192400,7933.4,8095.8,7909.8,8030.2
1586206800,8030.2,8092.6,7994,8039.2
1586221200,8039.2,8049.5,7944.4,8002.7
1586235600,8002.7,8242,7992.2,8197.7
1586250000,8197.7,8299.6,8191.8,8271.8
1586264400,8271.8,8293.4,8068.4,8220.4
1586278800,8220.4,8235.4,7987.2,7995.2
1586293200,7995.2,8063.8,7950.6,7968.5
1586307600,7968.5,8085.8,7960,8081
1586322000,8081,8140.2,7978.6,8015.1
1586336400,8015.1,8122.7,7995.3,8097.6
1586350800,8097.6,8191.4,8041.9,8169.8
1586365200,8169.8,8239,8117.8,8193.8
1586379600,8193.8,8232.6,8157,8206
1586394000,8206,8219.4,8132.7,8191.8
1586408400,8191.8,8270,8162.2,8179.6
1586422800,8179.6,8270.1,8100.6,8263.4
1586437200,8263.4,8323.4,8154,8269
1586451600,8269,8280,8149.6,8233.6
1586725200,8233.6,8300,8075.7,8090.6
1586739600,8090.6,8145.6,8085.3,8110.4
1586754000,8110.4,8135.2,8091.2,8129.8
1586768400,8129.8,8219.3,8125.4,8201.7
1586782800,8201.7,8243.2,8141.2,8205.6
1586797200,8205.6,8334,8185.4,8333.4
1586811600,8333.4,8373,8318.5,8344.6
1586826000,8344.6,8482.8,8338.8,8478.7
1586840400,8478.7,8486.9,8414.9,8424.8
1586854800,8424.8,8491.4,8421.2,8485.4
1586869200,8485.4,8661.4,8456.6,8651.4
1586883600,8651.4,8702.2,8635.6,8701
1586898000,8701,8703.2,8655.5,8666
1586912400,8666,8681,8634.2,8668.8
1586926800,8668.8,8678.6,8567.4,8583.5
1586941200,8583.5,8617.4,8506.5,8515.5
1586955600,8515.5,8587,8486.6,8570.2
1586970000,8570.2,8656,8559,8573.2
1586984400,8573.2,8590.8,8501.9,8527.9
1586998800,8527.9,8569.8,8516.7,8564.6
1587013200,8564.6,8696.6,8544.4,8665.7
1587027600,8665.7,8699,8621.6,8679.8
1587042000,8679.8,8786.4,8593.4,8663
1587056400,8663,8843.3,8642.1,8836.2
1587070800,8836.2,8967.4,8836.2,8906.8
1587085200,8906.8,8948.9,8893,8913.6
1587099600,8913.6,8953.4,8860.8,8892.5
1587114000,8892.5,8948.6,8877.5,8885
1587128400,8885,8891.8,8715.8,8757
1587142800,8757,8827.8,8691,8811.6
1587330000,8811.6,8839.2,8735.3,8825.4
1587344400,8825.4,8831.3,8760.2,8810.2
1587358800,8810.2,8812.9,8741.3,8763.8
1587373200,8763.8,8777.6,8699.7,8723.3
1587387600,8723.3,8847.6,8710.4,8823.4
1587402000,8823.4,8830.2,8689.4,8716.2
1587416400,8716.2,8756.8,8703.2,8740
1587430800,8740,8765.3,8605.8,8661.5
1587445200,8661.5,8711.2,8646.2,8683
1587459600,8683,8700.4,8598.7,8610.8
1587474000,8610.8,8654.4,8345.4,8394.8
1587488400,8394.8,8519.4,8381.6,8429.6
1587502800,8429.6,8494.2,8405.2,8448.8
1587517200,8448.8,8481.2,8427.8,8438.8
1587531600,8438.8,8556.2,8438.2,8551.8
1587546000,8551.8,8581,8514.2,8576
1587560400,8576,8627.8,8538.6,8613.8
1587574800,8613.8,8702.6,8603.6,8639.2
1587589200,8639.2,8649,8590.5,8616.8
1587603600,8616.8,8656.6,8586.8,8620.5
1587618000,8620.5,8681.8,8599.8,8619.6
1587632400,8619.6,8700.5,8615.8,8698.6
1587646800,8698.6,8790.8,8617,8707
1587661200,8707,8738.4,8594.8,8610.2
1587675600,8610.2,8610.2,8518.2,8533.3
1587690000,8533.3,8559.7,8503.8,8542
1587704400,8542,8588.3,8510.6,8567.6
1587718800,8567.6,8678.8,8567.6,8660.6
1587733200,8660.6,8698.6,8588.8,8688.8
1587747600,8688.8,8785,8672.2,8771.2
1587934800,8771.2,8819.5,8737.5,8792.6
1587949200,8792.6,8894.8,8777,8889
1587963600,8889,8904,8845.8,8880.2
1587978000,8880.2,8903.4,8862.8,8875.1
1587992400,8875.1,8888.4,8814.2,8843.2
1588006800,8843.2,8856.1,8796.2,8826.8
1588021200,8826.8,8855,8810.2,8847.2
1588035600,8847.2,8847.2,8785.2,8809.6
1588050000,8809.6,8882.2,8802.1,8869.8
1588064400,8869.8,8953.2,8867.2,8928.8
1588078800,8928.8,8930.4,8683,8737.8
1588093200,8737.8,8771.4,8662.4,8708
1588107600,8708,8803,8708,8795.9
1588122000,8795.9,8867.8,8795.9,8851.2
1588136400,8851.2,8860.9,8801.4,8831.2
1588150800,8831.2,8903.2,8782.5,8898.2
1588165200,8898.2,8972.8,8825.4,8956.6
1588179600,8956.6,9126,8932.2,9125
1588194000,9125,9125,9053.2,9070.9
1588208400,9070.9,9154.2,9065.2,9139.9
1588222800,9139.9,9145.9,9072.3,9080.8
1588237200,9080.8,9113.8,8999.2,9002.2
1588251600,9002.2,9027,8915.5,8954
1588266000,8954,9008.8,8866.4,8878
1588280400,8878,8878,8815.5,8863.6
1588294800,8863.6,8871.7,8797.7,8834.1
1588309200,8834.1,8841.8,8736,8782.8
1588323600,8782.8,8798.4,8756,8793.4
1588338000,8793.4,8889.2,8686.8,8710
1588352400,8710,8765.2,8683,8716
1588539600,8716,8716,8568.7,8584.5
1588554000,8584.5,8681,8584.2,8653.2
1588568400,8653.2,8707.4,8633.2,8659.8
1588582800,8659.8,8689.2,8628.2,8673.6
1588597200,8673.6,8793.8,8661.2,8735.2
1588611600,8735.2,8838.4,8711,8820.8
1588626000,8820.8,8856.1,8810.8,8853.2
1588640400,8853.2,8888,8843.2,8881.2
1588654800,8881.2,8928.1,8836.6,8839.8
1588669200,8839.8,8937.4,8834.2,8924.4
1588683600,8924.4,9009.8,8907,8987
1588698000,8987,9031.2,8897,8942
1588712400,8942,8976.2,8895.4,8906.8
1588726800,8906.8,8950.9,8888.6,8941.8
1588741200,8941.8,9018.8,8939.6,8994
1588755600,8994,9020.4,8967.8,8988.2
1588770000,8988.2,9056.4,8946.4,9039
1588784400,9039,9067,8951.8,8963.1
1588798800,8963.1,9005.6,8941.2,8999.8
1588813200,8999.8,9040.8,8985.1,9033
1588827600,9033,9094.6,9015.1,9086
1588842000,9086,9110.4,9072.4,9100.2
1588856400,9100.2,9125.8,9041.2,9123.8
1588870800,9123.8,9136.2,9076.2,9129
1588885200,9129,9192,9111.9,9189
1588899600,9189,9223.8,9183.6,9216.8
1588914000,9216.8,9245.2,9176.2,9194
1588928400,9194,9226.8,9180.5,9193.2
1588942800,9193.2,9225.2,9124.1,9222
1588957200,9222,9236.8,9158.4,9228.4
1589144400,9228.4,9276.2,9185.8,9273.7
1589158800,9273.7,9292.8,9261.4,9273.8
1589173200,9273.8,9278.8,9216.8,9225.8
1589187600,9225.8,9231.6,9126.8,9151.2
1589202000,9151.2,9290.2,9149.4,9287.6
1589216400,9287.6,9346.8,9274,9289.8
1589230800,9289.8,9319,9245.6,9255.3
1589245200,9255.3,9279.3,9232.2,9273.2
1589259600,9273.2,9301.2,9238.8,9272.2
1589274000,9272.2,9331,9255.8,9327.4
1589288400,9327.4,9353,9245,9335.6
1589302800,9335.6,9336.8,9048.8,9051.6
1589317200,9051.6,9084.8,9006.7,9051.6
1589331600,9051.6,9114.4,9035.2,9112.7
1589346000,9112.7,9136.8,9078.2,9102.6
1589360400,9102.6,9176.8,9096,9147.4
1589374800,9147.4,9211,8894.4,8986.6
1589389200,8986.6,9029.4,8887,9020
1589403600,9020,9046.4,8973,9006.9
1589418000,9006.9,9026.6,8951.9,8983.8
1589432400,8983.8,9040.4,8953.6,9011.8
1589446800,9011.8,9045.9,8898,8938.2
1589461200,8938.2,8992.2,8855.4,8987.2
1589475600,8987.2,9112,8944.4,9094.2
1589490000,9094.2,9126.4,9080.2,9099.6
1589504400,9099.6,9120.1,9059.8,9114
1589518800,9114,9149.6,9086.8,9134
1589533200,9134,9143.8,8936.2,8960.6
1589547600,8960.6,9072.2,8933,9065.4
1589562000,9065.4,9155.8,9055.4,9124.5
1589749200,9124.5,9185.8,9118.8,9173.4
1589763600,9173.4,9220.8,9169.6,9206.8
1589778000,9206.8,9250.5,9182.8,9238.4
1589792400,9238.4,9302.2,9202.6,9297.3
1589806800,9297.3,9352.4,9244,9329
1589821200,9329,9368.8,9318,9327.3
1589835600,9327.3,9361.2,9318.2,9344.8
1589850000,9344.8,9353.6,9303.2,9350.3
1589864400,9350.3,9423.8,9308.5,9342.5
1589878800,9342.5,9356.2,9298.6,9343.2
1589893200,9343.2,9412.4,9321.2,9400.6
1589907600,9400.6,9423.4,9291,9305
1589922000,9305,9336.2,9277.2,9330.8
1589936400,9330.8,9370.2,9326.8,9356.2
1589950800,9356.2,9395.9,9325.8,9383.8
1589965200,9383.8,9414.8,9379.2,9408.2
1589979600,9408.2,9500,9401.8,9466.2
1589994000,9466.2,9501.2,9435.2,9499.2
1590008400,9499.2,9506.4,9465,9480.4
1590022800,9480.4,9480.8,9430.3,9460.3
1590037200,9460.3,9466.8,9415.3,9442
1590051600,9442,9483,9420.2,9475.6
1590066000,9475.6,9514.4,9359.2,9404
1590080400,9404,9432.2,9357.6,9362.6
1590094800,9362.6,9411.8,9354.9,9393.3
1590109200,9393.3,9398.6,9287.2,9294.6
1590123600,9294.6,9309.4,9246.3,9300.2
1590138000,9300.2,9368.8,9290.6,9353.6
1590152400,9353.6,9402.6,9323.8,9384.8
1590166800,9384.8,9426.2,9378.8,9425.2
1590354000,9425.2,9467.2,9401.4,9447.2
1590368400,9447.2,9460.2,9421,9453.6
1590382800,9453.6,9510.4,9448.7,9501.2
1590397200,9501.2,9524.2,9486.7,9520.2
1590411600,9520.2,9540.6,9516.4,9533.5
1590440400,9533.5,9535.2,9508.6,9526.7
1590454800,9526.7,9597.8,9525,9586.6
1590469200,9586.6,9607.8,9572.4,9591.6
1590483600,9591.6,9606,9541.7,9554.7
1590498000,9554.7,9573.6,9417,9474.6
1590512400,9474.6,9490.6,9377.6,9413.8
1590526800,9413.8,9420.6,9379.7,9412.2
1590541200,9412.2,9499.8,9412.2,9486.6
1590555600,9486.6,9496.8,9457.6,9487.4
1590570000,9487.4,9512,9390.8,9395
1590584400,9395,9407.4,9177.8,9323.6
1590598800,9323.6,9453,9301.7,9445
1590613200,9445,9477.4,9415.8,9467
1590627600,9467,9484.9,9362.6,9397.8
1590642000,9397.8,9450,9374,9408.8
1590656400,9408.8,9427.8,9324,9346
1590670800,9346,9556.8,9342.2,9546.8
1590685200,9546.8,9569,9390.9,9464.8
1590699600,9464.8,9464.8,9392.4,9399
1590714000,9399,9457,9385.2,9456.1
1590728400,9456.1,9465.8,9387.4,9410
1590742800,9410,9494.2,9393.6,9462
1590757200,9462,9485.8,9375.8,9449.6
1590771600,9449.6,9593.8,9396,9591.6
1590958800,9591.6,9591.6,9454.5,9545.5
1590973200,9545.5,9582.8,9529.8,9569.8
1590987600,9569.8,9592,9485.2,9523.2
1591002000,9523.2,9553.5,9496.5,9524
1591016400,9524,9597.2,9510.4,9584.6
1591030800,9584.6,9609.2,9579.2,9599.8
1591045200,9599.8,9600.2,9558.2,9588.4
1591059600,9588.4,9592.6,9563,9579.2
1591074000,9579.2,9652.4,9579.2,9645.1
1591088400,9645.1,9673.4,9602.2,9614.2
1591102800,9614.2,9617.6,9509,9576.8
1591117200,9576.8,9665.2,9574.8,9662.7
1591131600,9662.7,9689.2,9639,9685.2
1591146000,9685.2,9695.2,9655.2,9675.2
1591160400,9675.2,9701.2,9665,9682.5
1591174800,9682.5,9697.2,9653,9666.2
1591189200,9666.2,9706.8,9644.4,9666.4
1591203600,9666.4,9730.8,9662.4,9691.4
1591218000,9691.4,9708.9,9669.5,9686.4
1591232400,9686.4,9692.5,9648.6,9673
1591246800,9673,9696.6,9660,9668.2
1591261200,9668.2,9686,9646.2,9661.2
1591275600,9661.2,9744.2,9625,9627.4
1591290000,9627.4,9672.8,9574.4,9646.5
1591304400,9646.5,9646.5,9613,9633.2
1591318800,9633.2,9668.2,9624.4,9660
1591333200,9660,9705.8,9654,9676.2
1591347600,9676.2,9683.6,9604.4,9646.4
1591362000,9646.4,9842.8,9645.8,9833
1591376400,9833,9847.8,9791.6,9808.2
1591563600,9808.2,9877.1,9808.2,9853
1591578000,9853,9858.2,9828.8,9844.8
1591592400,9844.8,9851,9799.6,9834.6
1591606800,9834.6,9840.2,9787.8,9820.1
1591621200,9820.1,9831.6,9749.6,9820.8
1591635600,9820.8,9902.8,9812.2,9886
1591650000,9886,9898.7,9875.2,9879.4
1591664400,9879.4,9892.8,9861.6,9885.4
1591678800,9885.4,9909.2,9815.4,9825.7
1591693200,9825.7,9863.4,9814.2,9860
1591707600,9860,9988.8,9849,9980.6
1591722000,9980.6,10007.2,9945,9962.6
1591736400,9962.6,10000.2,9962.6,9998
1591750800,9998,10018.6,9989.6,10008.8
1591765200,10008.8,10017.3,9988.8,10003.2
1591779600,10003.2,10049,9961,10047
1591794000,10047,10080,10020.6,10066.4
1591808400,10066.4,10157.8,10034.2,10089
1591822800,10089,10107.6,10032.9,10072.4
1591837200,10072.4,10096.4,10002.8,10019.8
1591851600,10019.8,10026.9,9925.6,9929.3
1591866000,9929.3,9992,9897.2,9935.2
1591880400,9935.2,9982,9705,9709
1591894800,9709,9784.4,9586.6,9627
1591909200,9627,9696.8,9597.8,9645.8
1591923600,9645.8,9741.6,9604.4,9722.6
1591938000,9722.6,9777.4,9664.8,9768.3
1591952400,9768.3,9795.4,9720.2,9757.2
1591966800,9757.2,9850,9569.6,9671.5
1591981200,9671.5,9686.2,9496.2,9648
1592168400,9648,9648,9506.4,9542.6
1592182800,9542.6,9598.3,9534.4,9539
1592197200,9539,9541.3,9383.6,9499.6
1592211600,9499.6,9541.7,9474,9525.6
1592226000,9525.6,9688.4,9485.2,9687.8
1592240400,9687.8,9816.3,9678.7,9813.4
1592254800,9813.4,9887.3,9801.5,9870.3
1592269200,9870.3,9959.8,9863.8,9914
1592283600,9914,9941.4,9864.1,9910.6
1592298000,9910.6,10010.4,9896.2,10001.3
1592312400,10001.3,10014.3,9800,9962.1
1592326800,9962.1,9982,9876.3,9970.6
1592341200,9970.6,10003.6,9933.4,9987.8
1592355600,9987.8,9997,9930.6,9977.6
1592370000,9977.6,10052.4,9953.8,10046
1592384400,10046,10048.6,9988,10017.6
1592398800,10017.6,10047,9951.8,10044.4
1592413200,10044.4,10062.4,9960.8,10001.8
1592427600,10001.8,10011.8,9934.2,9950
1592442000,9950,9977.4,9881.8,9974.5
1592456400,9974.5,10040.8,9942,10033.8
1592470800,10033.8,10043.2,9944,9987.6
1592485200,9987.6,10022.6,9943.5,9991
1592499600,9991,10019.6,9949.2,10004.6
1592514000,10004.6,10040.6,9994.1,10012.5
1592528400,10012.5,10032.5,9996,10020.2
1592542800,10020.2,10089.5,10017.2,10072
1592557200,10072,10110,10065.2,10105
1592571600,10105,10125.5,9950.5,10033.4
1592586000,10033.4,10035.2,9933.7,9940.4
1592773200,9940.4,9941.6,9858,9930.8
1592787600,9930.8,10011.2,9930.7,9983.8
1592802000,9983.8,10033.2,9959.4,10029.4
1592816400,10029.4,10052.2,9997.8,10011
1592830800,10011,10118.4,9990,10107.8
1592845200,10107.8,10146.6,10080.2,10142.2
1592859600,10142.2,10171.8,10129.6,10156.5
1592874000,10156.5,10160.1,9987.2,10124.5
1592888400,10124.5,10211.2,10103,10188
1592902800,10188,10218.6,10182.8,10207.8
1592917200,10207.8,10282.4,10173,10276.6
1592931600,10276.6,10310,10189.8,10189.8
1592946000,10189.8,10237.2,10182.8,10229.2
1592960400,10229.2,10255.6,10194.2,10246.1
1592974800,10246.1,10249.8,10140.4,10171.8
1592989200,10171.8,10198,10120.6,10195.8
1593003600,10195.8,10235.4,9941.8,10041
1593018000,10041,10054,9952.8,10027
1593032400,10027,10044,9979.2,10038.3
1593046800,10038.3,10046.3,9957.2,10002.2
1593061200,10002.2,10039.6,9908.8,10028.2
1593075600,10028.2,10062.4,9977,10009
1593090000,10009,10055.4,9900.6,10026.8
1593104400,10026.8,10121.6,9981,10111.6
1593118800,10111.6,10134.6,10088.6,10116.2
1593133200,10116.2,10126.3,10096.3,10110.6
1593147600,10110.6,10118.6,10047.2,10087
1593162000,10087,10133.8,10077.8,10088.4
1593176400,10088.4,10096.6,9866,9934
1593190800,9934,9965.6,9838.2,9858.6
1593378000,9858.6,9859.3,9794.6,9858
1593392400,9858,9896,9820,9826.3
1593406800,9826.3,9893.3,9816.8,9869.3
1593421200,9869.3,9901.3,9840.4,9861
1593435600,9861,9942.4,9743.8,9933.6
1593450000,9933.6,10011.1,9886.8,10003.8
1593464400,10003.8,10021.5,9988.7,10004.1
1593478800,10004.1,10035.8,10001.8,10025.5
1593493200,10025.5,10041.2,9967.2,9975.7
1593507600,9975.7,10005.2,9953.8,9964.4
1593522000,9964.4,10116.2,9954.2,10077.6
1593536400,10077.6,10184.8,10052.4,10152.8
1593550800,10152.8,10161.8,10135.3,10150.7
1593565200,10150.7,10167.4,10140.2,10142.4
1593579600,10142.4,10170,10117.6,10149.4
1593594000,10149.4,10167.2,10089.8,10162
1593608400,10162,10280.4,10139.2,10265.6
1593622800,10265.6,10321.8,10240,10270.1
1593637200,10270.1,10290.8,10260.2,10276
1593651600,10276,10311,10265.8,10300.2
1593666000,10300.2,10347.2,10291.7,10334.6
1593680400,10334.6,10392.4,10313,10387
1593694800,10387,10432.4,10341.6,10400.2
1593709200,10400.2,10416.2,10329.8,10360.3
1593723600,10360.3,10374.5,10352.2,10369.6
1593738000,10369.6,10383.7,10352.8,10361.8
1593752400,10361.8,10401.2,10355,10388.8
1593766800,10388.8,10393.2,10353.4,10354.8
1593781200,10354.8,10369.4,10321.2,10339.8
1593982800,10339.8,10431.6,10339.8,10431.2
1593997200,10431.2,10516.8,10431.2,10500.3
1594011600,10500.3,10516.2,10484.2,10494.2
1594026000,10494.2,10504.8,10476.2,10502.4
1594040400,10502.4,10627,10479.2,10596.6
1594054800,10596.6,10616.6,10531.2,10611.6
1594069200,10611.6,10676.8,10606.5,10671.8
1594083600,10671.8,10676.5,10599,10615.8
1594098000,10615.8,10625.6,10551.2,10561.2
1594112400,10561.2,10587.8,10544,10586.2
1594126800,10586.2,10706.8,10570,10649.2
1594141200,10649.2,10654.6,10518.4,10540.2
1594155600,10540.2,10582.2,10537.8,10569.6
1594170000,10569.6,10585.2,10525.6,10531.4
1594184400,10531.4,10598.2,10518.8,10575.6
1594198800,10575.6,10596.6,10537.4,10579.6
1594213200,10579.6,10653.2,10525.8,10639
1594227600,10639,10685,10573.8,10684.7
1594242000,10684.7,10706.7,10674,10686.2
1594256400,10686.2,10695.8,10657.8,10684.8
1594270800,10684.8,10700.6,10659,10695.2
1594285200,10695.2,10751,10687.6,10740
1594299600,10740,10759.6,10572.8,10695.8
1594314000,10695.8,10785.8,10684.2,10737.2
1594328400,10737.2,10769.2,10714.4,10723.8
1594342800,10723.8,10735.8,10691.1,10694.6
1594357200,10694.6,10722.6,10663,10701.8
1594371600,10701.8,10752.4,10684.7,10735.4
1594386000,10735.4,10762.2,10638.4,10753.4
1594400400,10753.4,10859.8,10746.8,10854.8
1594587600,10854.8,10921.6,10854.8,10904.2
1594602000,10904.2,10912.4,10884.2,10892.2
1594616400,10892.2,10929.5,10879.2,10896.8
1594630800,10896.8,10964.2,10885.8,10949.5
1594645200,10949.5,11071.2,10942.6,10978.8
1594659600,10978.8,11027.6,10575.6,10615.2
1594674000,10615.2,10673.2,10615.2,10657
1594688400,10657,10671.8,10623.6,10636.6
1594702800,10636.6,10705.8,10599,10650
1594717200,10650,10686.2,10516.2,10523.2
1594731600,10523.2,10642,10372,10540.2
1594746000,10540.2,10702,10501.8,10658.2
1594760400,10658.2,10752.3,10658.2,10731.8
1594774800,10731.8,10737.7,10675,10706.6
1594789200,10706.6,10725.6,10684.2,10701
1594803600,10701,10767.5,10680.4,10737
1594818000,10737,10779.4,10565,10658.6
1594832400,10658.6,10724,10631.8,10702.7
1594846800,10702.7,10711,10619,10629.8
1594861200,10629.8,10652.2,10589,10620.5
1594875600,10620.5,10630.6,10535.6,10550.6
1594890000,10550.6,10578.2,10498.6,10570
1594904400,10570,10612.6,10489.2,10570.8
1594918800,10570.8,10658.8,10519.6,10545.2
1594933200,10545.2,10601,10537.5,10599.8
1594947600,10599.8,10620.6,10574.4,10604.1
1594962000,10604.1,10631.1,10579.6,10625.7
1594976400,10625.7,10641.8,10608.7,10632
1594990800,10632,10671.2,10551.6,10620.8
1595005200,10620.8,10682,10601.4,10637.2
1595192400,10637.2,10670.1,10637.2,10649.8
1595206800,10649.8,10651.2,10566.1,10597.8
1595221200,10597.8,10622.2,10560,10617
1595235600,10617,10688.1,10617,10680
1595250000,10680,10845.2,10619.4,10844.8
1595264400,10844.8,10974,10840.8,10960
1595278800,10960,11006.3,10946.3,11002
1595293200,11002,11034.3,10990.4,11028.3
1595307600,11028.3,11071.2,11021,11057.4
1595322000,11057.4,11069.7,11030.3,11033
1595336400,11033,11033.2,10842.2,10883
1595350800,10883,10948,10798.8,10861.8
1595365200,10861.8,10896.8,10857.4,10863.6
1595379600,10863.6,10929.2,10860.2,10868.2
1595394000,10868.2,10889.2,10796.6,10814
1595408400,10814,10896.8,10796.4,10880.2
1595422800,10880.2,10913,10775.4,10843.4
1595437200,10843.4,10890.2,10798,10858.6
1595451600,10858.6,10874.8,10820.2,10832.2
1595466000,10832.2,10865.8,10820.2,10851
1595480400,10851,10951.6,10842.8,10903.2
1595494800,10903.2,10923.2,10855.6,10857.8
1595509200,10857.8,10885,10664.4,10703.2
1595523600,10703.2,10731.8,10528.2,10579.2
1595538000,10579.2,10610.2,10579.2,10609.6
1595552400,10609.6,10611.6,10465.2,10508.8
1595566800,10508.8,10512,10393.6,10450.6
1595581200,10450.6,10512.2,10424.8,10459.2
1595595600,10459.2,10544.8,10316.6,10445
1595610000,10445,10526,10396.6,10478.6
1595797200,10478.6,10529.6,10445.2,10503.8
1595811600,10503.8,10556.2,10488,10541.8
1595826000,10541.8,10546.6,10509.2,10533.1
1595840400,10533.1,10600.2,10530.6,10563.6
1595854800,10563.6,10649.6,10526.2,10605.6
1595869200,10605.6,10697.8,10604.4,10696.8
1595883600,10696.8,10748.6,10696.2,10746
1595898000,10746,10772.1,10699.2,10717.7
1595912400,10717.7,10732.4,10667.7,10695.1
1595926800,10695.1,10699.8,10615.6,10657.8
1595941200,10657.8,10665.4,10571.4,10644.8
1595955600,10644.8,10664.6,10528,10562.8
1595970000,10562.8,10593.2,10558.4,10589
1595984400,10589,10591.6,10527,10537.4
1595998800,10537.4,10619.3,10532.2,10596.8
1596013200,10596.8,10631.2,10579,10612.8
1596027600,10612.8,10659.2,10585.4,10638.2
1596042000,10638.2,10713.2,10614.2,10712.6
1596056400,10712.6,10714.6,10671.2,10685
1596070800,10685,10694,10665.3,10676.6
1596085200,10676.6,10678.8,10539.6,10543.9
1596099600,10543.9,10611,10516.3,10553.8
1596114000,10553.8,10720,10528.6,10700.6
1596128400,10700.6,10908.5,10687.2,10904.8
1596142800,10904.8,10940,10892.6,10910.2
1596157200,10910.2,10952,10875.4,10886
1596171600,10886,10936.2,10857.9,10917.8
1596186000,10917.8,10946.4,10889.2,10917.4
1596200400,10917.4,10922,10704.6,10722.6
1596214800,10722.6,10933.8,10715.8,10932.4
1596402000,10932.4,10946.4,10889.8,10939.8
1596416400,10939.8,10967.9,10923.8,10943.8
1596430800,10943.8,10967.6,10912.8,10950.8
1596445200,10950.8,11017.8,10940.6,11003.2
1596459600,11003.2,11080.8,10985,11055.4
1596474000,11055.4,11086.2,11030,11066
1596488400,11066,11066.5,11040.4,11057.4
1596502800,11057.4,11084,11049.5,11067.5
1596517200,11067.5,11105.2,11000.2,11021.5
1596531600,11021.5,11041.2,10996.6,11016.5
1596546000,11016.5,11095.2,11012.2,11040.2
1596560400,11040.2,11107.5,11001.4,11093.2
1596574800,11093.2,11096.3,11072.3,11085.6
1596589200,11085.6,11116.2,11069.4,11106.4
1596603600,11106.4,11151.2,11102.5,11140.3
1596618000,11140.3,11157,11097.3,11101.2
1596632400,11101.2,11141.6,11078.4,11115.6
1596646800,11115.6,11135.2,11083.9,11108.8
1596661200,11108.8,11128.6,11097,11126.6
1596675600,11126.6,11137.4,11080.2,11095.4
1596690000,11095.4,11139.6,11092.3,11102
1596704400,11102,11126,11063.6,11117.3
1596718800,11117.3,11185.2,11085.8,11184.6
1596733200,11184.6,11283.2,11173.6,11270.7
1596747600,11270.7,11291.8,11252.1,11277.8
1596762000,11277.8,11280.8,11193.2,11214.1
1596776400,11214.1,11248.4,11197.8,11225.5
1596790800,11225.5,11266.2,11199.4,11228.2
1596805200,11228.2,11276.8,11145.4,11146
1596819600,11146,11149.4,11044.4,11140.5
1597006800,11140.5,11147.8,11082.2,11115.8
1597021200,11115.8,11130.6,11095,11127.8
1597035600,11127.8,11143.6,11104.1,11124.8
1597050000,11124.8,11148.4,11118.2,11143.4
1597064400,11143.4,11155.4,10937.8,11081.6
1597078800,11081.6,11111.2,11050,11088.8
1597093200,11088.8,11102.6,11067.8,11100
1597107600,11100,11133.4,11095.8,11117.6
1597122000,11117.6,11158.4,11097.2,11158
1597136400,11158,11166.4,10996.2,11031
1597150800,11031,11093.2,10951,11070.8
1597165200,11070.8,11081.4,10854.4,10919.9
1597179600,10919.9,10957.8,10894.6,10906.6
1597194000,10906.6,10935.6,10888,10905.8
1597208400,10905.8,10993.8,10896.8,10979.6
1597222800,10979.6,10999.6,10942,10957.4
1597237200,10957.4,11173.6,10944,11137.4
1597251600,11137.4,11193.4,11124,11125.8
1597266000,11125.8,11158.6,11109.6,11114.8
1597280400,11114.8,11143.6,11103.2,11125.8
1597294800,11125.8,11156.8,11103.4,11127.2
1597309200,11127.2,11206.2,11115.6,11199.6
1597323600,11199.6,11269.4,11173,11267.2
1597338000,11267.2,11274.2,11137.8,11190
1597352400,11190,11221.6,11188.2,11200
1597366800,11200,11218.8,11192,11209.6
1597381200,11209.6,11245,11154,11166.8
1597395600,11166.8,11224.4,11146,11204.4
1597410000,11204.4,11214.2,11103.8,11175.8
1597424400,11175.8,11180.6,11127,11153.6
1597611600,11153.6,11171.8,11153.6,11166.2
1597626000,11166.2,11197,11161.2,11189.4
1597640400,11189.4,11214.8,11182.8,11203
1597654800,11203,11239.8,11201,11234.2
1597669200,11234.2,11283.8,11229.4,11280
1597683600,11280,11307.8,11276,11294.4
1597698000,11294.4,11319,11290.4,11309.8
1597712400,11309.8,11312,11288,11302
1597726800,11302,11305.4,11279.4,11300.6
1597741200,11300.6,11353.6,11298.4,11340
1597755600,11340,11392.2,11275.8,11377.4
1597770000,11377.4,11422,11370.6,11421
1597784400,11421,11423.2,11402.8,11410.2
1597798800,11410.2,11433.6,11409.4,11421.6
1597813200,11421.6,11432.2,11397,11421.8
1597827600,11421.8,11433,11378.6,11384.8
1597842000,11384.8,11441.6,11336.8,11426.6
1597856400,11426.6,11436,11303.2,11324.8
1597870800,11324.8,11334.3,11282.8,11297.2
1597885200,11297.2,11298,11225.8,11256.3
1597899600,11256.3,11303.4,11255,11296.4
1597914000,11296.4,11340.4,11290.2,11307.8
1597928400,11307.8,11428.4,11271.2,11403.4
1597942800,11403.4,11500,11393.6,11484.4
1597957200,11484.4,11521.4,11484.4,11521.4
1597971600,11521.4,11527.6,11496.6,11510.2
1597986000,11510.2,11513,11465,11481.4
1598000400,11481.4,11499,11410.8,11468
1598014800,11468,11561.4,11453.4,11542.8
1598029200,11542.8,11577,11517.4,11568
1598216400,11568,11596.4,11568,11592.4
1598230800,11592.4,11618.2,11584.2,11608.6
1598245200,11608.6,11679,11603.8,11675.4
1598259600,11675.4,11698.8,11658,11691
1598274000,11691,11726,11532,11608.8
1598288400,11608.8,11645.4,11550.8,11637.4
1598302800,11637.4,11660.2,11635,11656.2
1598317200,11656.2,11693,11653.6,11680.8
1598331600,11680.8,11691.2,11655.4,11665
1598346000,11665,11668.8,11612,11627.6
1598360400,11627.6,11694.8,11578.8,11666.4
1598374800,11666.4,11745.8,11653.8,11740
1598389200,11740,11761,11733.6,11744.2
1598403600,11744.2,11753.6,11733.2,11742.2
1598418000,11742.2,11769.6,11730.6,11764
1598432400,11764,11786.8,11738.6,11754.6
1598446800,11754.6,11953.4,11754.6,11906.4
1598461200,11906.4,12004.8,11872,11988.4
1598475600,11988.4,11988.4,11959,11972.2
1598490000,11972.2,11982.8,11937.6,11962.6
1598504400,11962.6,11983.4,11950.4,11964.8
1598518800,11964.8,11980.5,11946.2,11970.6
1598533200,11970.6,12048.4,11837.4,11872.6
1598547600,11872.6,11990.2,11851.2,11949.8
1598562000,11949.8,11976.6,11947.6,11958.6
1598576400,11958.6,12018.4,11937.6,12006.2
1598590800,12006.2,12007,11925,11943.4
1598605200,11943.4,11981,11922.8,11965.4
1598619600,11965.4,12020.6,11949.8,11984.8
1598634000,11984.8,12015.6,11928.2,12002.8
1598821200,12002.8,12094,12000.4,12081
1598835600,12081,12094,12075,12084.8
1598850000,12084.8,12084.8,12025.8,12041.4
1598864400,12041.4,12052.2,12004,12010.8
1598878800,12010.8,12108.8,11991.2,12108.8
1598893200,12108.8,12167,12084.8,12107.6
1598907600,12107.6,12149.4,12095.4,12135
1598922000,12135,12176.4,12130.4,12165.4
1598936400,12165.4,12236.4,12156.8,12216.8
1598950800,12216.8,12250.8,12188.1,12191
1598965200,12191,12272.8,12127.2,12253.8
1598979600,12253.8,12330.6,12236.9,12330.4
1598994000,12330.4,12418,12316.8,12389.6
1599008400,12389.6,12396.8,12369.2,12374.2
1599022800,12374.2,12450.6,12370.2,12450.5
1599037200,12450.5,12466.6,12422.2,12436.8
1599051600,12436.8,12445.2,12174,12330
1599066000,12330,12437,12318.2,12409.3
1599080400,12409.3,12437.9,12374.2,12378.2
1599094800,12378.2,12419.2,12360.2,12385.6
1599109200,12385.6,12410.8,12353,12364.8
1599123600,12364.8,12365.6,12254.4,12267.6
1599138000,12267.6,12270.8,11744.8,11780.9
1599152400,11780.9,11854.6,11658.6,11801.6
1599166800,11801.6,11801.6,11582.6,11644.6
1599181200,11644.6,11710,11592.4,11689.6
1599195600,11689.6,11788.6,11619.2,11769.6
1599210000,11769.6,11798.8,11614,11688.8
1599224400,11688.8,11842.8,11142.4,11509.6
1599238800,11509.6,11751.2,11368.2,11540.3
1599426000,11540.3,11547.4,11308.4,11450.2
1599440400,11450.2,11478.3,11406.4,11424.1
1599454800,11424.1,11459.3,11371.8,11432.3
1599469200,11432.3,11510.4,11415.9,11457.8
1599483600,11457.8,11527.6,11432.8,11501.6
1599512400,11501.6,11584.6,11500.8,11541.8
1599526800,11541.8,11566.7,11470.6,11500.7
1599541200,11500.7,11573.6,11336.6,11361.4
1599555600,11361.4,11392.4,11148.8,11223
1599570000,11223,11404.2,11117.6,11276.4
1599584400,11276.4,11294.4,11041.8,11044.6
1599598800,11044.6,11141.2,10936.2,11131.6
1599613200,11131.6,11160.8,11088.4,11159.8
1599627600,11159.8,11265.6,11056.4,11244.1
1599642000,11244.1,11294.8,11188.6,11199
1599656400,11199,11447.4,11188.6,11445.6
1599670800,11445.6,11478.6,11350.8,11370.6
1599685200,11370.6,11447.2,11370.6,11391.4
1599699600,11391.4,11397,11329.2,11375.5
1599714000,11375.5,11455,11263,11315.9
1599728400,11315.9,11499.4,11305,11491
1599742800,11491,11566.2,11324.2,11382.2
1599757200,11382.2,11415.2,11088.2,11177
1599771600,11177,11246.6,11177,11232.2
1599786000,11232.2,11267.8,11230,11242.2
1599800400,11242.2,11355.4,11236.4,11311.4
1599814800,11311.4,11336.6,11203,11210.8
1599829200,11210.8,11279.4,11016.2,11018.5
1599843600,11018.5,11126.2,10937.5,11071.2
1600030800,11071.2,11195,11071.2,11171.3
1600045200,11171.3,11240.6,11164.7,11218.2
1600059600,11218.2,11275.8,11203.6,11213.8
1600074000,11213.8,11252.4,11181.8,11203.8
1600088400,11203.8,11360.4,11197.6,11285.8
1600102800,11285.8,11323.5,11186,11273.2
1600117200,11273.2,11316.2,11247,11263
1600131600,11263,11329.8,11247.7,11328
1600146000,11328,11352.8,11306.8,11349
1600160400,11349,11426.6,11347.8,11414.2
1600174800,11414.2,11489,11381.6,11484.2
1600189200,11484.2,11495,11364.2,11462.6
1600203600,11462.6,11478.4,11403.6,11435.6
1600218000,11435.6,11511,11420.8,11489
1600232400,11489,11543.2,11460.6,11534.2
1600246800,11534.2,11550,11471.6,11489.4
1600261200,11489.4,11492.8,11353.4,11376.4
1600275600,11376.4,11447.2,11240.8,11267.6
1600290000,11267.6,11305.6,11184.8,11204.8
1600304400,11204.8,11239.8,11083.8,11120
1600318800,11120,11167.6,11019.4,11131.8
1600333200,11131.8,11191.2,10984.6,10995.6
1600347600,10995.6,11167.6,10921.4,11002.6
1600362000,11002.6,11119.6,10964.2,11085
1600376400,11085,11134.8,11065,11078.4
1600390800,11078.4,11134.2,11040,11117
1600405200,11117,11167,11084.4,11122.2
1600419600,11122.2,11172.4,11115.6,11156
1600434000,11156,11180.4,10839.6,10866.4
1600448400,10866.4,10960.2,10760.2,10953.6
1600635600,10953.6,10982.4,10869,10973.6
1600650000,10973.6,11006.7,10897.4,10900.8
1600664400,10900.8,10939.2,10738.6,10758.6
1600678800,10758.6,10823.4,10725.3,10783.2
1600693200,10783.2,10868.4,10673.4,10827.8
1600707600,10827.8,11026,10771,10998
1600722000,10998,11064,10972.2,11043.5
1600736400,11043.5,11046,10957,10990.8
1600750800,10990.8,11034.4,10914.6,11018.6
1600765200,11018.6,11099.6,11008.2,11062.6
1600779600,11062.6,11091.2,10938.6,11036.6
1600794000,11036.6,11207.4,11030,11169.4
1600808400,11169.4,11182.8,11098.6,11099.4
1600822800,11099.4,11137.4,11092.8,11131
1600837200,11131,11210.2,11124,11208.4
1600851600,11208.4,11238.4,11132,11153.6
1600866000,11153.6,11177.4,10988.2,11059
1600880400,11059,11061.6,10802.8,10835.4
1600894800,10835.4,10845.8,10742.1,10843
1600909200,10843,10863.2,10750.3,10755.8
1600923600,10755.8,10845.7,10731.8,10790.2
1600938000,10790.2,10841.4,10680.6,10702.8
1600952400,10702.8,10998.4,10678,10967.6
1600966800,10967.6,11028.2,10823.4,10925.4
1600981200,10925.4,10982.4,10925.4,10971.5
1600995600,10971.5,10993,10938.7,10966.5
1601010000,10966.5,10974,10873.9,10914
1601024400,10914,10937.6,10831,10929.8
1601038800,10929.8,11050,10847.4,11032.4
1601053200,11032.4,11182.6,11021.2,11148.8
1601240400,11148.8,11197.2,11148.8,11164.7
1601254800,11164.7,11207.6,11162.2,11198
1601269200,11198,11292.4,11198,11268.6
1601283600,11268.6,11382,11267.8,11360.4
1601298000,11360.4,11368.6,11243.4,11303
1601312400,11303,11420.4,11281,11410.8
1601326800,11410.8,11454.6,11399.2,11450
1601341200,11450,11460.6,11413.6,11460
1601355600,11460,11464.4,11350.2,11381.6
1601370000,11381.6,11408.2,11356.6,11384.8
1601384400,11384.8,11402,11305.6,11361.6
1601398800,11361.6,11381.2,11308.8,11335.6
1601413200,11335.6,11372.6,11332,11350.4
1601427600,11350.4,11442.8,11248.2,11282.6
1601442000,11282.6,11301,11183.6,11251.9
1601456400,11251.9,11342.2,11202.5,11329
1601470800,11329,11521.8,11323.4,11476
1601485200,11476,11541.4,11351.8,11373.2
1601499600,11373.2,11466.6,11373.2,11427.4
1601514000,11427.4,11491.7,11424.4,11471.6
1601528400,11471.6,11533.2,11457.3,11495.8
1601542800,11495.8,11608.8,11492.4,11572
1601557200,11572,11585.4,11488.8,11558.2
1601571600,11558.2,11613.4,11511.6,11587.8
1601586000,11587.8,11619.2,11552.8,11558.6
1601600400,11558.6,11582.8,11467,11478.2
1601614800,11478.2,11481,11317.1,11399
1601629200,11399,11411.4,11296,11331.7
1601643600,11331.7,11482.8,11220.8,11331.2
1601658000,11331.2,11351.6,11237.6,11269.8
1601845200,11269.8,11377.6,11269.8,11376.6
1601859600,11376.6,11380.6,11328.4,11352.2
1601874000,11352.2,11364.4,11283.4,11337.6
1601888400,11337.6,11376.6,11316.4,11331.6
1601902800,11331.6,11463.8,11330.2,11460.2
1601917200,11460.2,11512.6,11403,11485.2
1601931600,11485.2,11505.6,11432.6,11456.2
1601946000,11456.2,11481.2,11443.2,11467.2
1601960400,11467.2,11501.4,11426.1,11443.2
1601974800,11443.2,11477.4,11418.8,11460.8
1601989200,11460.8,11513.2,11371.8,11457.8
1602003600,11457.8,11538.8,11212.4,11221.6
1602018000,11221.6,11284,11221.6,11275.4
1602032400,11275.4,11315,11257.8,11302.8
1602046800,11302.8,11372.5,11294.8,11344.8
1602061200,11344.8,11403.6,11321.4,11388.2
1602075600,11388.2,11473.8,11377.4,11470.6
1602090000,11470.6,11520.6,11470.2,11489.2
1602104400,11489.2,11518.4,11484.8,11503
1602118800,11503,11535.2,11488.2,11522.6
1602133200,11522.6,11586.8,11514.6,11559
1602147600,11559,11592.2,11539.6,11578
1602162000,11578,11590.8,11502.2,11563.6
1602176400,11563.6,11583,11515.6,11573.5
1602190800,11573.5,11603.2,11573.2,11586.2
1602205200,11586.2,11616.6,11581.4,11608.2
1602219600,11608.2,11608.2,11567,11591.6
1602234000,11591.6,11630.6,11568,11626.2
1602248400,11626.2,11712.4,11602.6,11701.2
1602262800,11701.2,11753,11679.6,11741.2
1602450000,11741.2,11770.2,11707.2,11748.2
1602464400,11748.2,11790.8,11738.4,11787.6
1602478800,11787.6,11893.4,11785,11858
1602493200,11858,11970.2,11843,11945.4
1602507600,11945.4,12146.6,11881.8,12112.8
1602522000,12112.8,12211,12067.4,12104
1602536400,12104,12136.4,12061.4,12079
1602550800,12079,12094.2,12049,12071.8
1602565200,12071.8,12173.6,12037.6,12169.2
1602579600,12169.2,12262.8,12154,12165.8
1602594000,12165.8,12196,12046.6,12128.6
1602608400,12128.6,12161,12033.6,12095.2
1602622800,12095.2,12152.6,12093.6,12150
1602637200,12150,12186.2,12126.8,12156.6
1602651600,12156.6,12191.4,12134,12155.4
1602666000,12155.4,12166.6,12079.4,12137.2
1602680400,12137.2,12167,11916.4,11954.6
1602694800,11954.6,12046.6,11921,11958
1602709200,11958,11996.7,11945.4,11960.8
1602723600,11960.8,11977.6,11877,11910.6
1602738000,11910.6,11934,11766.4,11790.6
1602752400,11790.6,11842.4,11752,11811
1602766800,11811,11894,11761.6,11821.8
1602781200,11821.8,11932.2,11796.6,11898
1602795600,11898,11947,11898,11927.8
1602810000,11927.8,11955.4,11840.2,11857
1602824400,11857,11943.2,11857,11924
1602838800,11924,11984.4,11885.6,11982.8
1602853200,11982.8,12036,11889.6,11934
1602867600,11934,11976.2,11806.8,11810.2
1603054800,11810.2,11902.8,11810.2,11896.3
1603069200,11896.3,11935,11878.6,11905.6
1603083600,11905.6,11953.6,11891.4,11945
1603098000,11945,11963.2,11908.2,11913.2
1603112400,11913.2,11964.4,11760.8,11804.4
1603126800,11804.4,11819.2,11608.6,11709.6
1603141200,11709.6,11762.6,11709.6,11739.2
1603155600,11739.2,11748.7,11683.6,11717.2
1603170000,11717.2,11758.2,11698,11735.7
1603184400,11735.7,11768.6,11662.8,11691.6
1603198800,11691.6,11755,11614.2,11728.4
1603213200,11728.4,11807.6,11638,11666.5
1603227600,11666.5,11748.4,11666.5,11736.2
1603242000,11736.2,11759.4,11722.6,11749
1603256400,11749,11757.2,11621,11622.6
1603270800,11622.6,11708,11601,11689.4
1603285200,11689.4,11794.4,11646,11658
1603299600,11658,11767.2,11650,11702.9
1603314000,11702.9,11716.8,11608,11649.4
1603328400,11649.4,11651.2,11615.8,11624.6
1603342800,11624.6,11687.8,11619.4,11667.2
1603357200,11667.2,11711.8,11652.1,11682
1603371600,11682,11739.2,11526.8,11620.8
1603386000,11620.8,11700.2,11612.8,11672.2
1603400400,11672.2,11697.6,11657.4,11669.6
1603414800,11669.6,11694,11639,11683
1603429200,11683,11697,11617.8,11665.1
1603443600,11665.1,11706.8,11648.8,11698.4
1603458000,11698.4,11700,11566.8,11609.4
1603472400,11609.4,11695.9,11606.6,11684.8
1603659600,11684.8,11684.8,11588.5,11641.4
1603674000,11641.4,11651.8,11620.8,11628.8
1603688400,11628.8,11638.8,11558.8,11576.4
1603702800,11576.4,11607.8,11568,11576.8
1603717200,11576.8,11710.6,11423.4,11432
1603731600,11432,11528.8,11359.2,11512.6
1603746000,11512.6,11546.6,11493.8,11540.4
1603760400,11540.4,11542,11502,11529.5
1603774800,11529.5,11562.6,11517.4,11543.2
1603789200,11543.2,11580.4,11523,11551.4
1603803600,11551.4,11623.6,11501.6,11589.8
1603818000,11589.8,11638.2,11555.6,11569.2
1603832400,11569.2,11574.2,11522.8,11543.4
1603846800,11543.4,11563.2,11540,11555.4
1603861200,11555.4,11581.8,11454.4,11499.2
1603875600,11499.2,11504.8,11397.8,11411.8
1603890000,11411.8,11438,11206.2,11218.4
1603904400,11218.4,11288.2,11139.2,11192.7
1603918800,11192.7,11232.6,11180.6,11226.6
1603933200,11226.6,11267.6,11225.2,11262.6
1603947600,11262.6,11309.8,11226.8,11264.1
1603962000,11264.1,11301.4,11159.4,11214.6
1603976400,11214.6,11349.6,11184.6,11332.8
1603990800,11332.8,11471.8,11235,11258.6
1604005200,11258.6,11258.6,11171.1,11177.1
1604019600,11177.1,11228.4,11175,11204.2
1604034000,11204.2,11210.1,11053.8,11128.5
1604048400,11128.5,11271.8,11119.6,11256
1604062800,11256,11295,10995,11037.2
1604077200,11037.2,11110.6,10959.3,11100.8
1604268000,11100.8,11100.8,10997,11072.6
1604282400,11072.6,11100.4,11052.4,11094.2
1604296800,11094.2,11196.2,11058.3,11171.5
1604311200,11171.5,11225.6,11135.5,11149.6
1604325600,11149.6,11225.6,11020,11040.2
1604340000,11040.2,11104.4,10957.4,11089
1604354400,11089,11133.8,11083,11128
1604368800,11128,11140.2,11081.6,11098.2
1604383200,11098.2,11190.4,11085.8,11178.8
1604397600,11178.8,11196,11122.2,11148
1604412000,11148,11362,11116.4,11311.4
1604426400,11311.4,11350.2,11228.8,11261.8
1604440800,11261.8,11437.8,11245.8,11406.3
1604455200,11406.3,11782.4,11329.2,11539.6
1604469600,11539.6,11647.8,11319.3,11585.9
1604484000,11585.9,11747.2,11465.8,11678.6
1604498400,11678.6,11854.6,11572.2,11817.8
1604512800,11817.8,11858.2,11742.6,11829.2
1604527200,11829.2,11868.8,11787.4,11839.4
1604541600,11839.4,11999.6,11784.8,11980.5
1604556000,11980.5,12086.5,11917.7,12081.9
1604570400,12081.9,12131.6,12056.6,12069.3
1604584800,12069.3,12121,11985.8,12045.8
1604599200,12045.8,12125,12033.2,12104.4
1604613600,12104.4,12104.4,11989.4,12045.1
1604628000,12045.1,12047.8,11922,11977
1604642400,11977,12038.3,11911.8,11916.2
1604656800,11916.2,12034.6,11879.8,12032.2
1604671200,12032.2,12086.8,11894,12073.8
1604685600,12073.8,12118.8,12040.2,12104.4
1604872800,12104.4,12366.6,12104.4,12332.6
1604887200,12332.6,12418.4,12322.6,12392
1604901600,12392,12393.3,12270,12292.1
1604916000,12292.1,12393.8,11944.8,12173.3
1604930400,12173.3,12270.4,12053.2,12128.6
1604944800,12128.6,12155.8,11822.8,11856
1604959200,11856,11910.7,11800.2,11880.2
1604973600,11880.2,11902.7,11692.8,11732.4
1604988000,11732.4,11881.1,11723.2,11734.4
1605002400,11734.4,11754.6,11563.2,11677.4
1605016800,11677.4,11758.8,11513.2,11705.4
1605031200,11705.4,11742.8,11583.8,11633.2
1605045600,11633.2,11663.2,11589.5,11658.9
1605060000,11658.9,11707.4,11647.2,11670
1605074400,11670,11768.4,11585.4,11742.1
1605088800,11742.1,11794,11721.2,11742.8
1605103200,11742.8,11896.4,11712.8,11866.8
1605117600,11866.8,11927,11837.6,11903.2
1605132000,11903.2,11921.8,11844,11854.4
1605146400,11854.4,11884,11791.2,11876.1
1605160800,11876.1,11954.2,11823.9,11953.8
1605175200,11953.8,11974.6,11883.9,11925.6
1605189600,11925.6,11984.2,11816.8,11846.2
1605204000,11846.2,11884.6,11785.8,11872.4
1605218400,11872.4,11875.6,11819.1,11822.6
1605232800,11822.6,11878,11813,11859.4
1605247200,11859.4,11944.8,11855.8,11936.2
1605261600,11936.2,11941.4,11893.8,11908.8
1605276000,11908.8,11931.6,11810.2,11907
1605290400,11907,11960.8,11855.8,11953.8
1605477600,11953.8,12072.6,11953.8,12031
1605492000,12031,12068.4,12030,12052.4
1605506400,12052.4,12055.4,11986.8,12012
1605520800,12012,12026.4,11861,11908.4
1605535200,11908.4,12041.4,11896,11972.6
1605549600,11972.6,12050.6,11938.6,12049.2
1605564000,12049.2,12094.6,12022.6,12030.8
1605578400,12030.8,12038.8,11999.8,12004.2
1605592800,12004.2,12066.8,12003.2,12049.6
1605607200,12049.6,12059,12011.2,12040
1605621600,12040,12049.6,11970,12027.8
1605636000,12027.8,12053.2,11965,11980
1605650400,11980,11992.4,11947,11950.6
1605664800,11950.6,11990,11939.8,11956.2
1605679200,11956.2,12015.8,11923.8,12000.2
1605693600,12000.2,12029.2,11984.4,11990
1605708000,11990,12036.2,11919.8,12017.2
1605722400,12017.2,12028,11872.4,11883.8
1605736800,11883.8,11905.4,11864.8,11884.8
1605751200,11884.8,11894.4,11840.7,11888.2
1605765600,11888.2,11911,11813.9,11845.1
1605780000,11845.1,11895.6,11826.6,11886
1605794400,11886,11973.2,11850.8,11930.2
1605808800,11930.2,12008.6,11925.6,11974.4
1605823200,11974.4,11986,11932.9,11978.6
1605837600,11978.6,12022.8,11968.6,11997.8
1605852000,11997.8,12007.8,11971.8,11999.6
1605866400,11999.6,12029.8,11989.6,11995.8
1605880800,11995.8,12024,11955.2,11999.6
1605895200,11999.6,12007.6,11882.8,11917.6
1606082400,11917.6,11960.8,11909.8,11948.6
1606096800,11948.6,11964.2,11946,11956.4
1606111200,11956.4,11986.9,11940.8,11966
1606125600,11966,11966.7,11926.2,11953.4
1606140000,11953.4,12011.4,11818.6,11903.4
1606154400,11903.4,11954.2,11880.4,11927.4
1606168800,11927.4,11978.4,11923.6,11954.8
1606183200,11954.8,11988.2,11954.8,11974.6
1606197600,11974.6,11987.2,11942,11958.4
1606212000,11958.4,11969.4,11936.8,11963.4
1606226400,11963.4,12065.6,11883,12054.6
1606240800,12054.6,12114.2,12043.6,12111.6
1606255200,12111.6,12181.8,12103,12173.4
1606269600,12173.4,12178.8,12113.8,12116.4
1606284000,12116.4,12138.8,12103.2,12124.8
1606298400,12124.8,12133.4,12088,12114.6
1606312800,12114.6,12154.4,12087.8,12146
1606327200,12146,12186.6,12125.6,12178.2
1606341600,12178.2,12209,12176.4,12204.2
1606356000,12204.2,12222,12195.6,12207.8
1606370400,12207.8,12232.6,12182.2,12203
1606384800,12203,12213.2,12192.8,12206.4
1606399200,12206.4,12224,12136.4,12158.8
1606428000,12158.8,12182.6,12151.6,12154.6
1606442400,12154.6,12194.4,12146.2,12194.4
1606456800,12194.4,12215.6,12190.2,12202.8
1606471200,12202.8,12248.8,12192.6,12240
1606485600,12240,12316.8,12224,12269.6
1606500000,12269.6,12283.6,12263.6,12283.2
1606687200,12283.2,12345.6,12262.8,12287.2
1606701600,12287.2,12302.4,12219.8,12237.2
1606716000,12237.2,12274.6,12203,12263.8
1606730400,12263.8,12314.8,12249.6,12283.8
1606744800,12283.8,12308.8,12095.4,12224.2
1606759200,12224.2,12328.2,12217.6,12327.6
1606773600,12327.6,12385.4,12317,12381.6
1606788000,12381.6,12405.8,12374.2,12385
1606802400,12385,12404.2,12355,12371.6
1606816800,12371.6,12403,12362,12384
1606831200,12384,12492.2,12339.2,12463.6
1606845600,12463.6,12516.2,12425,12463
1606860000,12463,12475.6,12418.7,12423.6
1606874400,12423.6,12445.2,12409.6,12426
1606888800,12426,12461.6,12415.2,12446
1606903200,12446,12453.2,12396.6,12407.6
1606917600,12407.6,12475.6,12317.6,12439.2
1606932000,12439.2,12475.8,12415.8,12466.2
1606946400,12466.2,12488,12461.4,12478.4
1606960800,12478.4,12498.8,12457.8,12476.6
1606975200,12476.6,12491.4,12460.4,12482
1606989600,12482,12495.8,12464.4,12474.6
1607004000,12474.6,12542.2,12451.2,12489.6
1607018400,12489.6,12515.6,12446.4,12490.4
1607032800,12490.4,12500.8,12476.8,12487.8
1607047200,12487.8,12515,12480.2,12511.2
1607061600,12511.2,12522.6,12503.4,12505.8
1607076000,12505.8,12517.4,12474.8,12480
1607090400,12480,12532.4,12450.8,12530.6
1607104800,12530.6,12537.6,12495,12511.4
1607292000,12511.4,12575.8,12511.4,12537
1607306400,12537,12538.8,12512.2,12515.6
1607320800,12515.6,12533.2,12476.6,12502.2
1607335200,12502.2,12535,12501,12534.6
1607349600,12534.6,12614.2,12528,12574.6
1607364000,12574.6,12604.6,12549.4,12594.4
1607378400,12594.4,12594.4,12561.8,12566.6
1607392800,12566.6,12580.4,12556.4,12578.4
1607407200,12578.4,12601,12561.4,12588.2
1607421600,12588.2,12596.6,12529.8,12568.8
1607436000,12568.8,12603.4,12504.4,12602.8
1607450400,12602.8,12654.4,12599.2,12649.6
1607464800,12649.6,12676.2,12636.4,12640.2
1607479200,12640.2,12653.6,12639.6,12649
1607493600,12649,12655,12629.5,12642.6
1607508000,12642.6,12644.8,12617.8,12629.6
1607522400,12629.6,12643.2,12458.2,12496.2
1607536800,12496.2,12503.4,12308.6,12353.2
1607551200,12353.2,12374.2,12336,12352.2
1607565600,12352.2,12362.4,12318,12325.4
1607580000,12325.4,12368.6,12305.2,12360.4
1607594400,12360.4,12377.8,12255.4,12259
1607608800,12259,12450.2,12220,12363.8
1607623200,12363.8,12431.2,12358.8,12390.2
1607637600,12390.2,12415.6,12377.2,12388
1607652000,12388,12388.2,12360.2,12368.6
1607666400,12368.6,12387.8,12313.9,12326.1
1607680800,12326.1,12338.8,12265.2,12329.6
1607695200,12329.6,12360.7,12236,12274
1607709600,12274,12380.8,12272.6,12371
1607896800,12371,12441.2,12371,12415.6
1607911200,12415.6,12420.8,12387.4,12391
1607925600,12391,12435.6,12389.4,12420.4
1607940000,12420.4,12452.6,12405.4,12425.4
1607954400,12425.4,12543.4,12419.8,12493.6
1607968800,12493.6,12520,12444,12464.5
1607983200,12464.5,12480.8,12451.4,12462
1607997600,12462,12467.8,12416.2,12457.6
1608012000,12457.6,12517.8,12445.6,12509.8
1608026400,12509.8,12552.6,12495.4,12550.6
1608040800,12550.6,12575.4,12464.4,12529.2
1608055200,12529.2,12602,12525.4,12592.3
1608069600,12592.3,12602.6,12574.4,12584.6
1608084000,12584.6,12619.2,12583.4,12610.4
1608098400,12610.4,12642.2,12604.2,12632
1608112800,12632,12636.4,12594.6,12619.4
1608127200,12619.4,12651.2,12565.8,12637.2
1608141600,12637.2,12699.2,12602.2,12672.6
1608156000,12672.6,12686.8,12670.6,12674.6
1608170400,12674.6,12708.4,12668,12707
1608184800,12707,12744.4,12703.2,12726.4
1608199200,12726.4,12735.6,12719.6,12729.4
1608213600,12729.4,12757.4,12681.2,12724.2
1608228000,12724.2,12763.8,12703.4,12750.9
1608242400,12750.9,12750.9,12717.4,12720.6
1608256800,12720.6,12729,12703,12717.4
1608271200,12717.4,12774.4,12715.4,12743.2
1608285600,12743.2,12776.6,12731.4,12774
1608300000,12774,12785.2,12659.4,12709.6
1608314400,12709.6,12758.9,12609.2,12748.7
1608501600,12748.7,12780.4,12723.8,12739.6
1608516000,12739.6,12774.2,12735.8,12761.2
1608530400,12761.2,12765,12641.2,12649.6
1608544800,12649.6,12650.4,12461.8,12578
1608559200,12578,12658.8,12463,12650.4
1608573600,12650.4,12704.8,12638.4,12691.9
1608588000,12691.9,12729.4,12685,12709
1608602400,12709,12729,12649.6,12659.8
1608616800,12659.8,12742,12641.4,12723
1608631200,12723,12761.4,12720.2,12743.4
1608645600,12743.4,12755.6,12595.4,12678.2
1608660000,12678.2,12721.4,12677.2,12711.3
1608674400,12711.3,12728,12634.4,12666.2
1608688800,12666.2,12709.2,12654.2,12701.8
1608703200,12701.8,12743.2,12699.2,12738
1608717600,12738,12742.8,12711.6,12727.4
1608732000,12727.4,12730.8,12653.8,12718.2
1608746400,12718.2,12738.6,12631.4,12663.6
1608760800,12663.6,12675.8,12639,12672.6
1608775200,12672.6,12685.4,12667.6,12677
1608789600,12677,12683.8,12662.8,12675.2
1608804000,12675.2,12681,12666,12668.8
1608818400,12668.8,12734.4,12664,12714.4
1608832800,12714.4,12718.6,12708,12711.2
1609106400,12711.2,12775.6,12684.4,12770
1609120800,12770,12796,12768.2,12788.8
1609135200,12788.8,12807.8,12775.8,12790.4
1609149600,12790.4,12836.8,12787.2,12833
1609164000,12833,12852.2,12751.4,12851.4
1609178400,12851.4,12868.6,12837.8,12855.8
1609192800,12855.8,12878.4,12855.2,12870.8
1609207200,12870.8,12898.6,12870,12892.2
1609221600,12892.2,12911.6,12889.8,12900.8
1609236000,12900.8,12906.6,12888,12904.4
1609250400,12904.4,12932.6,12824.8,12863.2
1609264800,12863.2,12881.4,12836.2,12874
1609279200,12874,12879.6,12843.8,12865
1609293600,12865,12908.8,12865,12891.2
1609308000,12891.2,12911.2,12890.6,12903.6
1609322400,12903.6,12921.2,12889.2,12914
1609336800,12914,12925.6,12836.8,12870.4
1609351200,12870.4,12888.6,12838.8,12857.9
1609365600,12857.9,12874.8,12857,12874.2
1609380000,12874.2,12874.6,12850,12864.8
1609394400,12864.8,12871,12852.2,12861.2
1609408800,12861.2,12879.8,12857,12863.6
1609423200,12863.6,12873.4,12812.8,12841
1609437600,12841,12911.6,12820.8,12901
1609711200,12901,12918.8,12840,12865
1609725600,12865,12891.8,12865,12882.6
1609740000,12882.6,12974,12882.6,12962.6
1609754400,12962.6,12967.8,12946.8,12956
1609768800,12956,12957.6,12536.8,12612
1609783200,12612,12723.6,12600.2,12704
1609797600,12704,12736.6,12675,12728
1609812000,12728,12741.6,12676.8,12706.8
1609826400,12706.8,12731,12655.6,12717.6
1609840800,12717.6,12739.6,12627.8,12627.8
1609855200,12627.8,12796.4,12626.6,12742.2
1609869600,12742.2,12822.8,12737.4,12818.4
1609884000,12818.4,12858,12682,12733.1
1609898400,12733.1,12752.4,12592.2,12625.5
1609912800,12625.5,12680.8,12506,12596.4
1609927200,12596.4,12658.2,12516.6,12586.4
1609941600,12586.4,12810,12566.8,12780.2
1609956000,12780.2,12807.7,12604.8,12672.4
1609970400,12672.4,12752,12660.8,12751.6
1609984800,12751.6,12755.4,12706.6,12723.4
1609999200,12723.4,12775.6,12674.8,12700.6
1610013600,12700.6,12741.4,12676.6,12724.4
1610028000,12724.4,12934.6,12723.8,12908
1610042400,12908,12972.8,12883.6,12940.4
1610056800,12940.4,12988,12933.4,12978.6
1610071200,12978.6,12991.6,12960.5,12981.4
1610085600,12981.4,13006.6,12962,12993.2
1610100000,12993.2,13028.4,12982.8,13010.8
1610114400,13010.8,13079.4,12967.4,13047.2
1610128800,13047.2,13138.6,12941.4,13137.8
1610316000,13137.8,13137.8,13060.2,13063.5
1610330400,13063.5,13076.8,13035.8,13052.2
1610344800,13052.2,13087.8,13039,13050
1610359200,13050,13071,12984.6,12994.8
1610373600,12994.8,13026.6,12906.5,13008.2
1610388000,13008.2,13022.4,12886.2,12919
1610402400,12919,12958.6,12911.8,12936.7
1610416800,12936.7,12950.2,12900.7,12930.2
1610431200,12930.2,12972.8,12924.2,12965.2
1610445600,12965.2,12969.4,12880,12897.2
1610460000,12897.2,12961.2,12781.4,12859.2
1610474400,12859.2,12925,12851.8,12896.3
1610488800,12896.3,12935.2,12886.8,12931
1610503200,12931,12948.4,12925.8,12929.4
1610517600,12929.4,12945.2,12920.4,12934.4
1610532000,12934.4,12942.2,12834.6,12882.8
1610546400,12882.8,13007,12875.7,12986.8
1610560800,12986.8,13016.8,12972,12988.4
1610575200,12988.4,13026.6,12981.2,13023.2
1610589600,13023.2,13028.4,12947.6,12978.3
1610604000,12978.3,12995.4,12948.9,12966.8
1610618400,12966.8,13003,12936.8,12995.8
1610632800,12995.8,13043.4,12948.8,12996
1610647200,12996,12997.4,12896,12914.2
1610661600,12914.2,12942.4,12884.4,12901.6
1610676000,12901.6,12930.6,12845.4,12848.4
1610690400,12848.4,12914.2,12845.2,12892
1610704800,12892,12924.8,12865.8,12908.4
1610719200,12908.4,12945.6,12758.6,12864.6
1610733600,12864.6,12901.6,12771.2,12774.7
1610920800,12774.7,12810.6,12742.4,12776.2
1610935200,12776.2,12806.1,12767.6,12799.7
1610949600,12799.7,12805,12778,12801
1610964000,12801,12831.6,12795.9,12819.2
1610978400,12819.2,12830,12799.2,12826.5
1611007200,12826.5,12903,12826.5,12900
1611021600,12900,12963.8,12894.6,12929.4
1611036000,12929.4,12954.6,12919.5,12940.6
1611050400,12940.6,12949.6,12906.8,12912
1611064800,12912,12972.6,12864.2,12970.6
1611079200,12970.6,13047,12969.4,13046.6
1611093600,13046.6,13069,13033.1,13054
1611108000,13054,13073.1,13036.8,13063.4
1611122400,13063.4,13104.2,13057.2,13094.8
1611136800,13094.8,13137,13091.2,13135.8
1611151200,13135.8,13289.4,13135.4,13282.2
1611165600,13282.2,13341.6,13279.6,13304.5
1611180000,13304.5,13397.2,13304.5,13369
1611194400,13369,13406.8,13362.6,13393.8
1611208800,13393.8,13397.6,13350.2,13365.2
1611223200,13365.2,13381.8,13320.4,13333
1611237600,13333,13407.2,13298.2,13375
1611252000,13375,13438.4,13374.8,13411.2
1611266400,13411.2,13416,13377,13385.4
1611280800,13385.4,13388.6,13348,13363.2
1611295200,13363.2,13374,13326.4,13342.8
1611309600,13342.8,13351.6,13315.6,13337
1611324000,13337,13406.6,13335.6,13372.6
1611338400,13372.6,13410.8,13355.5,13368.5
1611525600,13368.5,13461.6,13368.5,13453.8
1611540000,13453.8,13483.6,13453,13475.4
1611554400,13475.4,13512,13466.8,13498.4
1611568800,13498.4,13522.2,13484.4,13496.8
1611583200,13496.8,13569.2,13205.5,13435.2
1611597600,13435.2,13499.4,13391.4,13479.7
1611612000,13479.7,13491,13447,13461.2
1611626400,13461.2,13465.2,13396.9,13418.8
1611640800,13418.8,13472.6,13399.7,13446.8
1611655200,13446.8,13504.4,13436.8,13493.6
1611669600,13493.6,13549,13443,13495.6
1611684000,13495.6,13615.6,13484.4,13567.2
1611698400,13567.2,13602.8,13555.4,13567.2
1611712800,13567.2,13583.4,13551.6,13579.4
1611727200,13579.4,13588.6,13544.6,13566
1611741600,13566,13569.4,13368.4,13410.4
1611756000,13410.4,13418.8,13187.6,13334.2
1611770400,13334.2,13347.2,12901.1,13077.4
1611784800,13077.4,13144.6,12971.6,13123.8
1611799200,13123.8,13137.8,13027.6,13047.2
1611813600,13047.2,13060.3,12922.6,12980.4
1611828000,12980.4,13144.4,12954.4,13135.6
1611842400,13135.6,13400.2,13130.4,13383.6
1611856800,13383.6,13409.8,13140,13168.6
1611871200,13168.6,13201.4,13077.1,13082.6
1611885600,13082.6,13100.4,12978.7,13017.3
1611900000,13017.3,13089.2,12948.5,13008.6
1611914400,13008.6,13181,12955.4,13144.8
1611928800,13144.8,13171.8,12845.4,12871.6
1611943200,12871.6,13034.4,12846.6,12887
1612130400,12887,12892.4,12742.4,12865.8
1612144800,12865.8,12997.2,12862.8,12990.2
1612159200,12990.2,13076.4,12946.4,13060
1612173600,13060,13098.2,13037.4,13061.8
1612188000,13061.8,13271,12985,13269.8
1612202400,13269.8,13285.8,13221.8,13249.3
1612216800,13249.3,13353.6,13246.6,13347
1612231200,13347,13385.8,13318.8,13344.8
1612245600,13344.8,13392.6,13316,13381
1612260000,13381,13389.6,13341.2,13367.8
1612274400,13367.8,13485.2,13344.4,13475
1612288800,13475,13522.8,13423,13513.2
1612303200,13513.2,13548.2,13490.8,13526
1612317600,13526,13561.2,13505.2,13560
1612332000,13560,13598.7,13528.6,13534.6
1612346400,13534.6,13569.8,13532.4,13554.4
1612360800,13554.4,13562.2,13406.2,13496
1612375200,13496,13511,13402,13430.2
1612389600,13430.2,13464.8,13426.6,13438.8
1612404000,13438.8,13459.8,13358.3,13394.4
1612418400,13394.4,13469.6,13381.1,13453.4
1612432800,13453.4,13476.2,13431.6,13464.2
1612447200,13464.2,13496.8,13404.8,13492.4
1612461600,13492.4,13581,13488.2,13575.6
1612476000,13575.6,13576.8,13538.8,13576
1612490400,13576,13626.2,13572.8,13622.8
1612504800,13622.8,13628.5,13576.6,13596.6
1612519200,13596.6,13618.4,13580.8,13595
1612533600,13595,13642.4,13529.8,13641.2
1612548000,13641.2,13648.6,13579,13614.8
1612735200,13614.8,13697,13614.8,13690
1612749600,13690,13694,13676.2,13686
1612764000,13686,13693.2,13638.4,13657.6
1612778400,13657.6,13671.8,13638.6,13667.4
1612792800,13667.4,13702.4,13607.6,13646.6
1612807200,13646.6,13700.8,13628,13696.8
1612821600,13696.8,13707.5,13668.2,13689.4
1612836000,13689.4,13699,13677.8,13690.2
1612850400,13690.2,13693.4,13673.2,13681.2
1612864800,13681.2,13688.6,13662.2,13670.2
1612879200,13670.2,13745.6,13644.8,13704.6
1612893600,13704.6,13721.4,13672.8,13708.6
1612908000,13708.6,13736.4,13689.6,13733.6
1612922400,13733.6,13761.6,13733.4,13750.2
1612936800,13750.2,13779.6,13745,13754
1612951200,13754,13761.8,13725,13754.6
1612965600,13754.6,13772.4,13528,13637.4
1612980000,13637.4,13705.4,13620.2,13675.4
1612994400,13675.4,13675.4,13623.4,13631.8
1613008800,13631.8,13679.9,13628.4,13658
1613023200,13658,13721.3,13657.6,13716.4
1613037600,13716.4,13732,13705.8,13721.4
1613052000,13721.4,13753,13634,13694.4
1613066400,13694.4,13744.4,13649.4,13720.3
1613080800,13720.3,13751.4,13706.9,13730
1613095200,13730,13732.8,13711.6,13726
1613109600,13726,13726.8,13673,13714
1613124000,13714,13731.6,13693,13694.4
1613138400,13694.4,13764,13655.6,13751.2
1613152800,13751.2,13829,13719.2,13829
1613340000,13829,13875.8,13819.6,13862.4
1613354400,13862.4,13866.6,13850.8,13852.2
1613368800,13852.2,13858.8,13842.4,13852.4
1613383200,13852.4,13858.6,13846.4,13854.6
1613397600,13854.6,13887.6,13853,13881.6
1613426400,13881.6,13909.8,13867,13901.6
1613440800,13901.6,13909.6,13882,13893.8
1613455200,13893.8,13898.2,13856,13870.4
1613469600,13870.4,13889.8,13857.8,13861.2
1613484000,13861.2,13884.6,13726,13799.2
1613498400,13799.2,13812.2,13756,13764.4
1613512800,13764.4,13771.8,13700.6,13731.2
1613527200,13731.2,13778.4,13725.6,13764
1613541600,13764,13791.2,13735.4,13748.6
1613556000,13748.6,13764.7,13666,13683.4
1613570400,13683.4,13699,13549.6,13641.2
1613584800,13641.2,13716.6,13635.6,13703.6
1613599200,13703.6,13728.6,13665.8,13682.8
1613613600,13682.8,13704.8,13617.9,13635
1613628000,13635,13660.2,13612.2,13632.6
1613642400,13632.6,13640.8,13558,13566.6
1613656800,13566.6,13588.6,13474.4,13564
1613671200,13564,13676.2,13545.4,13647.2
1613685600,13647.2,13662.8,13563.2,13592
1613700000,13592,13626,13557.2,13623.2
1613714400,13623.2,13696.2,13616.3,13679.4
1613728800,13679.4,13735.6,13662.4,13732.6
1613743200,13732.6,13732.6,13561.8,13589.8
1613757600,13589.8,13617,13541.4,13577.4
1613944800,13577.4,13635.1,13555,13589.8
1613959200,13589.8,13604.4,13528.4,13530.4
1613973600,13530.4,13544,13371.8,13423.4
1613988000,13423.4,13440.4,13372.2,13421.2
1614002400,13421.2,13452.4,13287.6,13344
1614016800,13344,13392.4,13221.8,13228.2
1614031200,13228.2,13291.2,13201.2,13286.4
1614045600,13286.4,13342.2,13275.8,13315.6
1614060000,13315.6,13320.8,13087.4,13102.8
1614074400,13102.8,13108.4,12953.6,13026.8
1614088800,13026.8,13125.6,12764.4,12907.4
1614103200,12907.4,13263.6,12891.8,13164
1614117600,13164,13269,13142.6,13239.5
1614132000,13239.5,13247.2,13075.6,13094.5
1614146400,13094.5,13241.4,13034.4,13216
1614160800,13216,13301.8,13061.2,13093.2
1614175200,13093.2,13260,12964.8,13213.8
1614189600,13213.8,13338.6,13177.6,13320
1614204000,13320,13344.6,13280.8,13290
1614218400,13290,13352.8,13284.4,13343.2
1614232800,13343.2,13359.6,13191.5,13218.8
1614247200,13218.8,13274.2,13152,13206.8
1614261600,13206.8,13295.8,12839.6,12857.4
1614276000,12857.4,13025.6,12770,12794.1
1614290400,12794.1,12853.8,12709.2,12807.1
1614304800,12807.1,12872.8,12668.8,12705.4
1614319200,12705.4,12921.2,12686.7,12871
1614333600,12871,12974,12724,12962.8
1614348000,12962.8,13095.2,12757.6,13002.8
1614362400,13002.8,13070.4,12862,12913.6
1614549600,12913.6,13091.2,12913.6,13074.3
1614564000,13074.3,13088,13037.4,13063.2
1614578400,13063.2,13138.6,13046.6,13100.6
1614592800,13100.6,13128.8,13040.6,13078.6
1614607200,13078.6,13235.2,13046.2,13210
1614621600,13210,13323,13183.8,13319.1
1614636000,13319.1,13333.8,13277.8,13282.4
1614650400,13282.4,13311,13213,13226.6
1614664800,13226.6,13271.4,13167.8,13204.2
1614679200,13204.2,13287.4,13190,13267.6
1614693600,13267.6,13308.8,13104.4,13173.6
1614708000,13173.6,13217.8,13054,13060.4
1614722400,13060.4,13132.4,13060.4,13099.5
1614736800,13099.5,13155.6,13093.8,13151.6
1614751200,13151.6,13196,13133,13155.8
1614765600,13155.8,13162,12976.4,13004.2
1614780000,13004.2,13056.8,12819.4,12820.8
1614794400,12820.8,12873.8,12668.4,12683.8
1614808800,12683.8,12701.2,12587.6,12650.7
1614823200,12650.7,12669,12515,12578.6
1614837600,12578.6,12712.2,12569.8,12620.8
1614852000,12620.8,12710.6,12557.8,12676
1614866400,12676,12800.2,12447.5,12487.8
1614880800,12487.8,12538,12309.8,12435
1614895200,12435,12461.8,12308.6,12348
1614909600,12348,12476.9,12315.8,12473.4
1614924000,12473.4,12476.6,12355,12387
1614938400,12387,12535.6,12372.6,12502.8
1614952800,12502.8,12635,12210.8,12525.8
1614967200,12525.8,12700.6,12450.6,12658.4
1615154400,12658.4,12763.4,12605,12650.8
1615168800,12650.8,12659.1,12514.8,12539.6
1615183200,12539.6,12568.6,12379.4,12426.4
1615197600,12426.4,12617.6,12420.2,12611
1615212000,12611,12718.8,12485.4,12526.8
1615226400,12526.8,12575,12285.9,12334.6
1615240800,12334.6,12411.2,12328.8,12343.1
1615255200,12343.1,12477.6,12339.8,12442.6
1615269600,12442.6,12580.4,12369.2,12562.2
1615284000,12562.2,12614.6,12532,12598
1615298400,12598,12799,12581.2,12777.4
1615312800,12777.4,12870,12771.4,12791.2
1615327200,12791.2,12830.2,12744.2,12745.6
1615341600,12745.6,12795.7,12723.2,12758.6
1615356000,12758.6,12812,12726.4,12806.2
1615370400,12806.2,12901,12706.5,12885.6
1615384800,12885.6,12995.5,12746.2,12829.6
1615399200,12829.6,12844.4,12723,12792
1615413600,12792,12811.4,12726.2,12807.6
1615428000,12807.6,12857.8,12804.8,12843
1615442400,12843,13000.4,12826,12983.8
1615456800,12983.8,13015.6,12940.4,12961.8
1615471200,12961.8,13097.2,12914.4,13075.8
1615485600,13075.8,13121,13040.8,13047.1
1615500000,13047.1,13095,13047.1,13067.4
1615514400,13067.4,13076.8,12997,13015.2
1615528800,13015.2,13022,12805.5,12815.4
1615543200,12815.4,12899,12786.4,12846.2
1615557600,12846.2,12926.2,12769.2,12874
1615572000,12874,12946.6,12854.8,12935.8
1615755600,12935.8,12976.8,12923.1,12974
1615770000,12974,13009.4,12926.6,12952.6
1615784400,12952.6,12967,12872.8,12961.8
1615798800,12961.8,12997.4,12910.6,12929.3
1615813200,12929.3,12996,12881.4,12960.8
1615827600,12960.8,13099.2,12943.2,13084.6
1615842000,13084.6,13088.6,13056.8,13083.2
1615856400,13083.2,13137.2,13079.4,13132.6
1615870800,13132.6,13177.4,13100.8,13115.4
1615885200,13115.4,13169.4,13107.2,13149.4
1615899600,13149.4,13297,13142,13221.2
1615914000,13221.2,13252.2,13090.2,13167
1615928400,13167,13186.6,13112.2,13148.3
1615942800,13148.3,13156,13119.6,13133.2
1615957200,13133.2,13154,13117.8,13136.4
1615971600,13136.4,13139.6,12980.9,13014.2
1615986000,13014.2,13088.8,12947.4,12978.6
1616000400,12978.6,13286.8,12967,13188.9
1616014800,13188.9,13276.8,13188.9,13274.4
1616029200,13274.4,13284.6,13183.9,13212
1616043600,13212,13246.2,13024.8,13032
1616058000,13032,13079,12969,12989.2
1616072400,12989.2,13040.2,12915.8,12919.6
1616086800,12919.6,12997.4,12781.8,12810.7
1616101200,12810.7,12840.4,12791.8,12827.2
1616115600,12827.2,12837.6,12770,12814
1616130000,12814,12916,12731.8,12895.6
1616144400,12895.6,12908.4,12835,12860.2
1616158800,12860.2,12904,12700,12897.8
1616173200,12897.8,12910.6,12842.4,12846
1616360400,12846,12889.8,12808.7,12871.4
1616374800,12871.4,12953,12839.6,12936.4
1616389200,12936.4,12949.2,12890,12928.1
1616403600,12928.1,12983,12910,12956
1616418000,12956,13174.8,12947.6,13168.6
1616432400,13168.6,13171.2,13078.8,13079.8
1616446800,13079.8,13123,13068.8,13076.4
1616461200,13076.4,13089.6,13031.4,13036
1616475600,13036,13075.4,13021,13071.2
1616490000,13071.2,13133,13034,13125.2
1616504400,13125.2,13189.8,13068.6,13137.8
1616518800,13137.8,13166.6,12997.2,13049.3
1616533200,13049.3,13076.6,13034.6,13065.6
1616547600,13065.6,13091.6,13039.4,13066.4
1616562000,13066.4,13157.6,13039,13148
1616576400,13148,13162.8,13099.6,13100.8
1616590800,13100.8,13104,12929.4,12952.4
1616605200,12952.4,12969,12802.2,12814.8
1616619600,12814.8,12844.4,12799.6,12835.4
1616634000,12835.4,12851,12770.4,12826.6
1616648400,12826.6,12877.4,12806.6,12854
1616662800,12854,12873.4,12724,12736.8
1616677200,12736.8,12854.8,12628,12769.6
1616691600,12769.6,12839.2,12673.2,12808.9
1616706000,12808.9,12837.4,12779.8,12812.4
1616720400,12812.4,12857.8,12798.4,12853.6
1616734800,12853.6,12898.6,12821.8,12825
1616749200,12825,12845.6,12694.4,12761.6
1616763600,12761.6,12881.8,12756.2,12846
1616778000,12846,13006.6,12719,12977.6
1616965200,12977.6,12986.4,12889.8,12898
1616979600,12898,12922.6,12865,12893.6
1616994000,12893.6,12936.6,12825.4,12901
1617008400,12901,12987.2,12896.6,12933
1617022800,12933,12995.4,12834,12986
1617037200,12986,13020.4,12903.8,12981.8
1617051600,12981.8,13001.4,12957,12963.5
1617066000,12963.5,12964.4,12923.2,12954.6
1617080400,12954.6,12955,12871.2,12892
1617094800,12892,12920.4,12853.3,12878.4
1617109200,12878.4,12933.4,12794.6,12868
1617123600,12868,12932.6,12844,12908
1617138000,12908,12928.4,12877,12922.8
1617152400,12922.8,12942.8,12893.8,12903
1617166800,12903,12927,12879,12922.4
1617181200,12922.4,12998.6,12910,12982
1617195600,12982,13164.8,12971.6,13149.6
1617210000,13149.6,13175.6,13088.6,13107.6
1617224400,13107.6,13147.2,13107.6,13143.6
1617238800,13143.6,13157,13122.6,13144.6
1617253200,13144.6,13254,13140,13232
1617267600,13232,13264.4,13218,13254.8
1617282000,13254.8,13339.6,13253.6,13314.8
1617296400,13314.8,13350.2,13278.4,13345.8
1617310800,13345.8,13376.4,13343.4,13363.4
1617325200,13363.4,13390.2,13359.6,13381.2
1617339600,13381.2,13387.6,13361.8,13386.4
1617354000,13386.4,13409.2,13362,13395
1617368400,13395,13395,13363.8,13366.6
1617570000,13366.6,13372.4,13321.3,13359
1617584400,13359,13363.4,13335,13338.8
1617598800,13338.8,13382.4,13328.2,13376.8
1617613200,13376.8,13449.3,13368,13440
1617627600,13440,13596.4,13426.2,13586.2
1617642000,13586.2,13631.4,13581.2,13615.6
1617656400,13615.6,13637.4,13610,13619.2
1617670800,13619.2,13625.2,13582.4,13593.2
1617685200,13593.2,13611,13539.6,13567
1617699600,13567,13620.6,13550.6,13601.8
1617714000,13601.8,13669,13554.2,13631
1617728400,13631,13633.8,13561,13599.2
1617742800,13599.2,13613,13591.4,13605.8
1617757200,13605.8,13608.6,13564.4,13575.6
1617771600,13575.6,13623,13569.2,13592.6
1617786000,13592.6,13610.8,13546,13546.2
1617800400,13546.2,13646,13528.4,13590.4
1617814800,13590.4,13656.2,13580,13636.8
1617829200,13636.8,13668.6,13631,13656
1617843600,13656,13722.6,13652,13720.4
1617858000,13720.4,13751,13705.8,13719.4
1617872400,13719.4,13759,13699.4,13730
1617886800,13730,13770,13707,13740
1617901200,13740,13804.8,13732.2,13804
1617915600,13804,13851,13788.8,13850.8
1617930000,13850.8,13856.2,13797,13808.8
1617944400,13808.8,13811,13722,13754.6
1617958800,13754.6,13769.4,13664,13680.8
1617973200,13680.8,13793.2,13664.8,13787.6
1617987600,13787.6,13854.4,13771.4,13825.2
1618174800,13825.2,13847,13783,13818.2
1618189200,13818.2,13833.2,13795.2,13799.4
1618203600,13799.4,13841.2,13790.4,13819
1618218000,13819,13835.4,13791.2,13810
1618232400,13810,13833.8,13747.4,13831.6
1618246800,13831.6,13843.8,13783,13839.2
1618261200,13839.2,13848.2,13818.8,13829
1618275600,13829,13844,13799.2,13806.8
1618290000,13806.8,13832.2,13788,13821.2
1618304400,13821.2,13903.8,13790.4,13899.4
1618318800,13899.4,13963.8,13882,13919.2
1618333200,13919.2,14008.8,13918.2,13989.8
1618347600,13989.8,13994.2,13977.8,13986
1618362000,13986,14000.2,13973.4,13994.8
1618376400,13994.8,14018,13975.8,14015
1618390800,14015,14043.4,14007,14019.2
1618405200,14019.2,14019.8,13869.2,13927.2
1618419600,13927.2,13927.8,13787.6,13841.4
1618434000,13841.4,13851.2,13818,13837.4
1618448400,13837.4,13845,13804.2,13828.2
1618462800,13828.2,13910.2,13827.2,13897.6
1618477200,13897.6,13959.2,13880,13950.2
1618491600,13950.2,14027,13936,14023.2
1618506000,14023.2,14048.4,13992.6,14013.8
1618520400,14013.8,14032.8,13998.6,14002.2
1618534800,14002.2,14002.6,13967.4,14001.4
1618549200,14001.4,14008.2,13980.4,13989.8
1618563600,13989.8,14073.8,13986.6,14066.4
1618578000,14066.4,14066.4,13968.8,14039.4
1618592400,14039.4,14056.6,14012.2,14043.2
1618779600,14043.2,14043.2,13991.8,14020.6
1618794000,14020.6,14067.8,14004,14058.4
1618808400,14058.4,14064.2,14038,14047.4
1618822800,14047.4,14052.2,13972,13982.4
1618837200,13982.4,14028.8,13837,13865.2
1618851600,13865.2,13923.2,13856.6,13908.9
1618866000,13908.9,13942.2,13908.9,13923.6
1618880400,13923.6,13947.2,13921.4,13932.8
1618894800,13932.8,13949,13903.2,13922.4
1618909200,13922.4,13931,13829.6,13868.8
1618923600,13868.8,13945.4,13735.2,13794.2
1618938000,13794.2,13832.8,13745.8,13750.2
1618952400,13750.2,13776,13749.8,13768.6
1618966800,13768.6,13772,13725.8,13756.4
1618981200,13756.4,13792.4,13741.4,13772
1618995600,13772,13803.8,13739.8,13767.8
1619010000,13767.8,13892,13716.4,13853.2
1619024400,13853.2,13942.2,13851.2,13907.6
1619038800,13907.6,13916,13893.8,13903.8
1619053200,13903.8,13930.4,13901.4,13924.8
1619067600,13924.8,13952.8,13913.6,13930.8
1619082000,13930.8,13937.6,13897.4,13916.8
1619096400,13916.8,13959.4,13871,13953.6
1619110800,13953.6,13957.4,13717.4,13777.8
1619125200,13777.8,13787.6,13764.2,13784.2
1619139600,13784.2,13804,13766.4,13786
1619154000,13786,13806.4,13753.4,13790
1619168400,13790,13801.6,13778,13788.2
1619182800,13788.2,13972.4,13782,13966.6
1619197200,13966.6,13996.4,13920,13921.2
1619384400,13921.2,13950,13921,13944.2
1619398800,13944.2,13959.4,13932.8,13948
1619413200,13948,13952,13891.2,13900.4
1619427600,13900.4,13937.2,13881.2,13931.2
1619442000,13931.2,14005,13918,13997.6
1619456400,13997.6,14053.2,13982.2,14036.3
1619470800,14036.3,14047,14030,14034.4
1619485200,14034.4,14041.2,14030.4,14040
1619499600,14040,14065.4,14031.8,14049.8
1619514000,14049.8,14055.6,14023.2,14047
1619528400,14047,14050.2,13928.2,13976.6
1619542800,13976.6,14001.2,13955.2,13966.4
1619557200,13966.4,13987.6,13966.4,13973.4
1619571600,13973.4,13994.6,13970,13988.4
1619586000,13988.4,13992.4,13920.8,13955.2
1619600400,13955.2,13965.8,13933.4,13945.4
1619614800,13945.4,13996.2,13893.8,13933.6
1619629200,13933.6,14008.3,13898.2,13984.2
1619643600,13984.2,14011,13968,14007.6
1619658000,14007.6,14045.6,14000,14032
1619672400,14032,14052.4,14007.8,14045.2
1619686800,14045.2,14079,14031,14070.6
1619701200,14070.6,14076,13833.8,13899.8
1619715600,13899.8,13996.8,13881,13961.5
1619730000,13961.5,13961.5,13908,13918
1619744400,13918,13922.8,13901,13912.8
1619758800,13912.8,13938.2,13881,13918.4
1619773200,13918.4,13930.4,13834.8,13870.2
1619787600,13870.2,13971.8,13851.6,13905.4
1619802000,13905.4,13916.4,13840.6,13880.1
1619989200,13880.1,13914,13880.1,13911.8
1620003600,13911.8,13918.2,13881.6,13884.6
1620018000,13884.6,13929,13871.2,13891.2
1620032400,13891.2,13928.6,13859.8,13914.4
1620046800,13914.4,13962.4,13787.2,13805.8
1620061200,13805.8,13835.4,13788.8,13800.4
1620075600,13800.4,13807,13765.4,13769
1620090000,13769,13769.2,13738.6,13757.2
1620104400,13757.2,13792.4,13740.8,13752
1620118800,13752,13778.2,13666.2,13697.6
1620133200,13697.6,13711.4,13396.2,13425.8
1620147600,13425.8,13567.6,13420.4,13536
1620162000,13536,13576.2,13523.2,13572
1620176400,13572,13598.2,13560,13589.4
1620190800,13589.4,13619.8,13542.6,13606.6
1620205200,13606.6,13668.2,13605.4,13637.2
1620219600,13637.2,13680.2,13544.8,13585.6
1620234000,13585.6,13610.4,13478,13499.4
1620248400,13499.4,13539.2,13485,13528.8
1620262800,13528.8,13542.2,13465.7,13487.6
1620277200,13487.6,13583.6,13487,13543.1
1620291600,13543.1,13562,13475.2,13490
1620306000,13490,13604.4,13402.6,13575.6
1620320400,13575.6,13624.8,13480.2,13617.8
1620334800,13617.8,13652.2,13614.2,13651.6
1620349200,13651.6,13671.1,13632.8,13653.4
1620363600,13653.4,13653.4,13599.2,13632.4
1620378000,13632.4,13828,13621.2,13778.4
1620392400,13778.4,13820.8,13672.8,13751
1620406800,13751,13759,13673.6,13727.4
1620594000,13727.4,13757,13724.7,13751.6
1620608400,13751.6,13762.8,13728.6,13733.2
1620622800,13733.2,13736.8,13650.4,13671.8
1620637200,13671.8,13695.8,13652.8,13676.4
1620651600,13676.4,13681.6,13465.2,13509.6
1620666000,13509.6,13525,13317.2,13322.4
1620680400,13322.4,13355.2,13181.6,13239.2
1620694800,13239.2,13248.4,13188.8,13226.6
1620709200,13226.6,13287.4,13151.2,13199.5
1620723600,13199.5,13222.8,13090.6,13096
1620738000,13096,13350.2,13076.6,13285
1620752400,13285,13386.6,13278.8,13327.6
1620766800,13327.6,13362.2,13275.3,13287
1620781200,13287,13326.6,13195.8,13251.9
1620795600,13251.9,13348.2,13250.4,13294.2
1620810000,13294.2,13315.1,13102.6,13167.9
1620824400,13167.9,13241.6,12990.8,13058.4
1620838800,13058.4,13099.8,12970.6,12974.6
1620853200,12974.6,13057,12974.6,13042.8
1620867600,13042.8,13078.8,13031.1,13066
1620882000,13066,13071,12925.4,12961.6
1620896400,12961.6,13129.4,12946.6,13098.4
1620910800,13098.4,13233.8,13068.2,13082.6
1620925200,13082.6,13179.4,13007.4,13100.7
1620939600,13100.7,13165.6,13080.4,13159.4
1620954000,13159.4,13209.4,13153.7,13184
1620968400,13184,13231.8,13172.2,13222.5
1620982800,13222.5,13269.2,13211.6,13248.2
1620997200,13248.2,13373.8,13217.8,13369.4
1621011600,13369.4,13434.8,13356.8,13407.4
1621198800,13407.4,13456.8,13351.2,13371.6
1621213200,13371.6,13407,13349.2,13374.8
1621227600,13374.8,13407,13341,13371.8
1621242000,13371.8,13376.6,13310,13317.2
1621256400,13317.2,13351.6,13228.2,13244.6
1621270800,13244.6,13325.6,13191.6,13321.5
1621285200,13321.5,13354.6,13299.2,13353.6
1621299600,13353.6,13371.4,13344.4,13359
1621314000,13359,13440.8,13351.4,13408.2
1621328400,13408.2,13424.6,13363.2,13374.2
1621342800,13374.2,13404.8,13309,13366.2
1621357200,13366.2,13377.4,13187.4,13196.2
1621371600,13196.2,13228.6,13162.6,13204.6
1621386000,13204.6,13222,13133.2,13146.8
1621400400,13146.8,13164,13039.4,13053.1
1621414800,13053.1,13093,12971.8,12986.8
1621429200,12986.8,13177.8,12960.2,13156
1621443600,13156,13248,13109.2,13223.5
1621458000,13223.5,13244.3,13183.2,13222.4
1621472400,13222.4,13237.4,13191.6,13235.8
1621486800,13235.8,13263.4,13172.2,13192.2
1621501200,13192.2,13286.8,13156.4,13286.8
1621515600,13286.8,13509,13283,13472.2
1621530000,13472.2,13527.8,13462.6,13494.6
1621544400,13494.6,13548.6,13491.8,13541
1621558800,13541,13551.9,13497.2,13518.6
1621573200,13518.6,13544.5,13505.8,13522.4
1621587600,13522.4,13553.6,13513.8,13529
1621602000,13529,13574.6,13403.6,13427.6
1621616400,13427.6,13467.2,13401.2,13418.8
1621803600,13418.8,13419.8,13361.8,13417
1621818000,13417,13449.6,13389.6,13416
1621832400,13416,13488.8,13412.8,13468.6
1621846800,13468.6,13523.6,13468.2,13515.2
1621861200,13515.2,13669.7,13498.8,13645
1621875600,13645,13692,13638,13658
1621890000,13658,13678,13638.8,13668
1621904400,13668,13684.6,13650,13676.4
1621918800,13676.4,13744.6,13674,13716.4
1621933200,13716.4,13731.8,13682.4,13708.6
1621947600,13708.6,13738.4,13613.2,13645.6
1621962000,13645.6,13675,13622.4,13674.8
1621976400,13674.8,13725.4,13669.8,13718.6
1621990800,13718.6,13726,13704.4,13712.6
1622005200,13712.6,13724,13677.8,13695.4
1622019600,13695.4,13734.6,13689.8,13706.4
1622034000,13706.4,13730.6,13662.2,13717.2
1622048400,13717.2,13730,13682.2,13709.7
1622062800,13709.7,13722,13689.8,13699.4
1622077200,13699.4,13700.8,13666.4,13679.8
1622091600,13679.8,13692.4,13626.4,13638.8
1622106000,13638.8,13687.2,13625.6,13667
1622120400,13667,13725.6,13649,13708
1622134800,13708,13715.6,13652.2,13698
1622149200,13698,13720.9,13688,13710
1622163600,13710,13712.2,13689.4,13701.4
1622178000,13701.4,13706.6,13667.8,13702.2
1622192400,13702.2,13730.6,13685.2,13691.4
1622206800,13691.4,13768.2,13689.4,13761.6
1622221200,13761.6,13766,13687.4,13692
1622408400,13692,13724.2,13692,13712
1622422800,13712,13716.8,13695.6,13699.8
1622437200,13699.8,13716.8,13676.4,13677.6
1622451600,13677.6,13688.4,13662.2,13682.2
1622466000,13682.2,13685,13656.8,13660.6
1622494800,13660.6,13699.4,13660.6,13695.8
1622509200,13695.8,13703.6,13677.2,13699.4
1622523600,13699.4,13741.4,13692.2,13739.6
1622538000,13739.6,13761.4,13734.6,13745.4
1622552400,13745.4,13777.4,13597.6,13669.4
1622566800,13669.4,13697.8,13641,13653.4
1622581200,13653.4,13660.7,13626.4,13655.8
1622595600,13655.8,13661.8,13639.6,13644.6
1622610000,13644.6,13664.6,13621,13628.4
1622624400,13628.4,13676.8,13625,13674.4
1622638800,13674.4,13716.2,13655.8,13673.6
1622653200,13673.6,13682.2,13607,13681.6
1622667600,13681.6,13709.6,13675.4,13706
1622682000,13706,13706,13683.4,13688.2
1622696400,13688.2,13699.4,13649.8,13669.4
1622710800,13669.4,13669.4,13513.4,13547.6
1622725200,13547.6,13611.6,13464.8,13581.4
1622739600,13581.4,13596,13519.8,13533
1622754000,13533,13543.8,13470.2,13491.8
1622768400,13491.8,13535,13490.2,13524.6
1622782800,13524.6,13548.6,13495.4,13527.4
1622797200,13527.4,13609.3,13503.1,13600.4
1622811600,13600.4,13771.6,13595,13762.4
1622826000,13762.4,13786,13756.6,13766.8
1623013200,13766.8,13784.9,13743.8,13751.6
1623027600,13751.6,13757,13735,13746.8
1623042000,13746.8,13750.2,13708.8,13733.2
1623056400,13733.2,13771.2,13693.8,13760.6
1623070800,13760.6,13766.8,13715,13760.2
1623085200,13760.2,13825.2,13734.8,13824
1623099600,13824,13848,13814.4,13847
1623114000,13847,13867.6,13828.6,13840
1623128400,13840,13842,13793.6,13835.2
1623142800,13835.2,13898.6,13787.8,13879.2
1623157200,13879.2,13919,13744.4,13824.8
1623171600,13824.8,13840,13796.6,13814.6
1623186000,13814.6,13835.4,13806.2,13832.4
1623200400,13832.4,13834,13808.6,13819.4
1623214800,13819.4,13847,13811,13835.8
1623229200,13835.8,13873.8,13818.6,13864.2
1623243600,13864.2,13906.2,13819.4,13869.8
1623258000,13869.8,13878,13811,13813.2
1623272400,13813.2,13830.4,13813.2,13826.4
1623286800,13826.4,13840.8,13822.8,13832.2
1623301200,13832.2,13833.2,13766.8,13789
1623315600,13789,13837.2,13728.6,13830.2
1623330000,13830.2,13966.4,13813.2,13946
1623344400,13946,13977.6,13923.2,13973.6
1623358800,13973.6,13983,13962.8,13978.4
1623373200,13978.4,13987.6,13971.3,13976.6
1623387600,13976.6,13977.8,13949.2,13967.6
1623402000,13967.6,13999.2,13952,13972.8
1623416400,13972.8,13986.8,13934,13962.2
1623430800,13962.2,13998.8,13948.6,13993.2
1623618000,13993.2,14028.8,13993.2,14022.4
1623632400,14022.4,14026.8,14014.2,14018.5
1623646800,14018.5,14037.8,14009.8,14027
1623661200,14027,14051.6,14011.8,14018.6
1623675600,14018.6,14061.6,13965.8,14048.2
1623690000,14048.2,14133.6,14044.8,14117.2
1623704400,14117.2,14155.6,14110.8,14149.6
1623718800,14149.6,14163,14130.4,14140.4
1623733200,14140.4,14161.4,14132.8,14147.2
1623747600,14147.2,14153.2,14117,14121
1623762000,14121,14130.2,14036,14046.6
1623776400,14046.6,14055.8,14009.8,14046
1623790800,14046,14051.2,14035.2,14038.2
1623805200,14038.2,14048.4,14032.8,14044.2
1623819600,14044.2,14057.4,14035.8,14046.4
1623834000,14046.4,14055.6,14028,14053
1623848400,14053,14106.6,13987,14028
1623862800,14028,14050.2,13841.6,13943.2
1623877200,13943.2,13951.4,13853.2,13880.8
1623891600,13880.8,13924.6,13865,13922
1623906000,13922,13935.2,13878.8,13891.8
1623920400,13891.8,13944.2,13888.8,13923.4
1623934800,13923.4,14202.2,13915.2,14116.6
1623949200,14116.6,14212.6,14116.2,14190
1623963600,14190,14203.6,14177.2,14193.6
1623978000,14193.6,14216,14187.6,14201.4
1623992400,14201.4,14218.4,14182.8,14197.2
1624006800,14197.2,14202.8,14065.6,14119.6
1624021200,14119.6,14145.4,14024.2,14099.6
1624035600,14099.6,14126.2,14032.2,14032.8
1624222800,14032.8,14062.6,14032.8,14051.4
1624237200,14051.4,14053.2,13999.4,14016.4
1624251600,14016.4,14128.4,14007.6,14115
1624266000,14115,14142.2,14065.6,14083.6
1624280400,14083.6,14148,13974,14124.2
1624294800,14124.2,14161,14114.2,14153.2
1624309200,14153.2,14171,14145.8,14160.4
1624323600,14160.4,14169.6,14149.8,14163.2
1624338000,14163.2,14163.6,14083.8,14102.8
1624352400,14102.8,14195,14102.8,14145.4
1624366800,14145.4,14250,14124.6,14238.6
1624381200,14238.6,14296,14220.8,14286.2
1624395600,14286.2,14303.8,14282.4,14299.6
1624410000,14299.6,14319,14295.4,14304.4
1624424400,14304.4,14331.4,14275.6,14282.8
1624438800,14282.8,14298,14257.4,14290
1624453200,14290,14333.6,14249.8,14278.6
1624467600,14278.6,14311.6,14271.2,14291.8
1624482000,14291.8,14316.8,14288.2,14311.6
1624496400,14311.6,14325.4,14308.2,14319.4
1624510800,14319.4,14368.2,14313.2,14365.6
1624525200,14365.6,14376.4,14354.8,14363.6
1624539600,14363.6,14439.8,14360.8,14387.8
1624554000,14387.8,14401.8,14345.4,14376.8
1624568400,14376.8,14383.4,14359.6,14366.8
1624582800,14366.8,14393,14350.2,14379.2
1624597200,14379.2,14391.6,14362.8,14389.4
1624611600,14389.4,14411.6,14370,14394
1624626000,14394,14408.4,14331.2,14355.8
1624640400,14355.8,14376.4,14336,14348.2
1624827600,14348.2,14383.4,14348.2,14362
1624842000,14362,14376.8,14351,14374.8
1624856400,14374.8,14404.6,14367.8,14390.8
1624870800,14390.8,14410.4,14375.6,14409.6
1624885200,14409.6,14512.6,14405,14491.6
1624899600,14491.6,14537.2,14475.6,14521
1624914000,14521,14521,14498.8,14501.2
1624928400,14501.2,14504.2,14488.6,14503.2
1624942800,14503.2,14517.4,14486.4,14501.6
1624957200,14501.6,14530.4,14494,14504.2
1624971600,14504.2,14570.8,14487.8,14567
1624986000,14567,14600.8,14547,14598.4
1625000400,14598.4,14614.2,14591.4,14601.6
1625014800,14601.6,14607.2,14589.2,14599
1625029200,14599,14606.6,14568.2,14569.4
1625043600,14569.4,14591.2,14543.6,14571.8
1625058000,14571.8,14592.4,14534.6,14555.8
1625072400,14555.8,14585.8,14544.8,14571.8
1625086800,14571.8,14588.4,14569.6,14587.2
1625101200,14587.2,14592.2,14560,14565.4
1625115600,14565.4,14622,14560.2,14583.8
1625130000,14583.8,14584,14514.4,14547.2
1625144400,14547.2,14585.8,14487,14512.8
1625158800,14512.8,14570,14506.2,14556.4
1625173200,14556.4,14561.6,14547.4,14556.2
1625187600,14556.2,14561.8,14534.4,14540.4
1625202000,14540.4,14605.2,14529,14577.4
1625216400,14577.4,14652.6,14575.2,14639
1625230800,14639,14704.4,14634.6,14704
1625245200,14704,14744,14690.6,14716.6
1625432400,14716.6,14736.8,14716.6,14726.4
1625446800,14726.4,14729.4,14711.6,14719
1625461200,14719,14719.4,14690.4,14704.2
1625475600,14704.2,14725.4,14701.4,14722.2
1625490000,14722.2,14729.2,14704.6,14708.4
1625518800,14708.4,14737.6,14708.4,14729.4
1625533200,14729.4,14730,14695.8,14700.6
1625547600,14700.6,14722.8,14685.4,14714.2
1625562000,14714.2,14761,14710.2,14751.4
1625576400,14751.4,14803.8,14639.6,14715.2
1625590800,14715.2,14797.8,14709.8,14776.6
1625605200,14776.6,14787,14768.4,14781.8
1625619600,14781.8,14811.4,14777.6,14802.2
1625634000,14802.2,14873,14786.8,14847.2
1625648400,14847.2,14885.6,14843.4,14876.6
1625662800,14876.6,14897.6,14740.6,14815.2
1625677200,14815.2,14842.8,14786.7,14826.2
1625691600,14826.2,14836.8,14818.4,14822.6
1625706000,14822.6,14827,14787.8,14798.8
1625720400,14798.8,14809.2,14651.4,14671.2
1625734800,14671.2,14675.8,14559.6,14611.4
1625749200,14611.4,14738,14556,14724.8
1625763600,14724.8,14769.8,14674.6,14728.6
1625778000,14728.6,14731,14681.4,14682.4
1625792400,14682.4,14709.2,14655.8,14695.4
1625806800,14695.4,14757.6,14695,14739.4
1625821200,14739.4,14753.6,14683,14719.6
1625835600,14719.6,14846.4,14683.4,14833.6
1625850000,14833.6,14842,14811.8,14828.4
1626037200,14828.4,14857.6,14828.4,14840.2
1626051600,14840.2,14843.6,14809,14821.4
1626066000,14821.4,14867.2,14800.4,14858.6
1626080400,14858.6,14893,14828.2,14892.2
1626094800,14892.2,14903.2,14817.6,14854
1626109200,14854,14898,14837.6,14890.6
1626123600,14890.6,14899.4,14883.2,14892.6
1626138000,14892.6,14898.8,14884.4,14893.4
1626152400,14893.4,14921,14865.6,14915.4
1626166800,14915.4,14942.1,14815.2,14816.6
1626181200,14816.6,15009.4,14809.6,14993.8
1626195600,14993.8,14995.2,14849.2,14881
1626210000,14881,14892.4,14857.6,14880.4
1626224400,14880.4,14902.2,14872,14874.4
1626238800,14874.4,14909.8,14857,14900.6
1626253200,14900.6,14988.8,14900.6,14981.6
1626267600,14981.6,15011.2,14877,14948
1626282000,14948,14962,14897,14910.6
1626296400,14910.6,14920.6,14890.2,14896
1626310800,14896,14939.2,14891.2,14932.4
1626325200,14932.4,14977.4,14912.6,14975.2
1626339600,14975.2,14977.8,14879.6,14905
1626354000,14905,14920,14748,14798
1626368400,14798,14816.4,14723.8,14790.8
1626382800,14790.8,14794.8,14757.4,14760.4
1626397200,14760.4,14798.8,14751.4,14794.8
1626411600,14794.8,14828.6,14775.6,14813.4
1626426000,14813.4,14861,14804.6,14852.4
1626440400,14852.4,14884.6,14711.2,14774.4
1626454800,14774.4,14798.2,14673,14684
1626642000,14684,14697.8,14627.8,14640.6
1626656400,14640.6,14664.4,14628.8,14650.8
1626670800,14650.8,14682.8,14619.8,14627.6
1626685200,14627.6,14654.6,14519.4,14554.6
1626699600,14554.6,14589.6,14460.8,14489.6
1626714000,14489.6,14612.4,14463,14608.2
1626728400,14608.2,14626.8,14593.8,14622
1626742800,14622,14659.6,14599.4,14620
1626757200,14620,14658.4,14609.4,14629.6
1626771600,14629.6,14642.4,14598.4,14615.6
1626786000,14615.6,14760.4,14532.4,14759
1626800400,14759,14798,14703.8,14742.6
1626814800,14742.6,14766.6,14739.4,14753.8
1626829200,14753.8,14755,14703.6,14703.6
1626843600,14703.6,14781.2,14703.4,14756
1626858000,14756,14765.4,14684.2,14720.4
1626872400,14720.4,14801.2,14708,14759.8
1626886800,14759.8,14854.6,14750.8,14853.6
1626901200,14853.6,14861,14842.4,14851.8
1626915600,14851.8,14871,14850.4,14856.4
1626930000,14856.4,14894,14849.2,14865.2
1626944400,14865.2,14878.2,14848,14854
1626958800,14854,14938.8,14845,14905
1626973200,14905,14999,14902.2,14994
1626987600,14994,15012.6,14980,15007.2
1627002000,15007.2,15011.6,14980.8,14988.2
1627016400,14988.2,15024.6,14980.8,15013.4
1627030800,15013.4,15030.6,14985.8,14988.6
1627045200,14988.6,15099.2,14949.6,15098
1627059600,15098,15132.6,15092.6,15107
1627246800,15107,15140.8,15105.8,15111.6
1627261200,15111.6,15115.2,15089.8,15099.8
1627275600,15099.8,15121.2,15054.2,15078.6
1627290000,15078.6,15111.2,15072,15079.2
1627304400,15079.2,15148.6,15055.4,15112
1627318800,15112,15143.4,15107.8,15138.8
1627333200,15138.8,15138.8,15116.6,15120.6
1627347600,15120.6,15126,15105.8,15117.4
1627362000,15117.4,15118.4,15067.8,15095.2
1627376400,15095.2,15146.4,15087.2,15136.8
1627390800,15136.8,15137.4,14818.6,14835.6
1627405200,14835.6,14983,14789.8,14897.8
1627419600,14897.8,14962.2,14884.2,14958.8
1627434000,14958.8,14973.4,14919.4,14920.2
1627448400,14920.2,15013.2,14908.6,15011.8
1627462800,15011.8,15034.2,14969,15018.8
1627477200,15018.8,15089.4,14917,15013.2
1627491600,15013.2,15056,14938,14999.4
1627506000,14999.4,15007.4,14989.2,15007
1627520400,15007,15007.9,14959.8,14985.6
1627534800,14985.6,15039.2,14984.2,15012.6
1627549200,15012.6,15034,14975.4,15007.8
1627563600,15007.8,15098.6,14997.4,15068.6
1627578000,15068.6,15087,14920,14927.3
1627592400,14927.3,14951,14835.6,14851.6
1627606800,14851.6,14883.4,14845.8,14857.6
1627621200,14857.6,14900.2,14826.2,14886.4
1627635600,14886.4,14917.8,14861,14887.8
1627650000,14887.8,14994.2,14866.2,14991.2
1627664400,14991.2,14993.8,14941,14979.6
1627851600,14979.6,15034.8,14979.6,15033
1627866000,15033,15050,15013.4,15044.8
1627880400,15044.8,15071,15040.8,15055.6
1627894800,15055.6,15060.2,15012.6,15036
1627909200,15036,15066.2,14950.8,15004.6
1627923600,15004.6,15029.4,14947.6,14976.2
1627938000,14976.2,15003,14967.6,14992.4
1627952400,14992.4,14994.6,14957.2,14986.6
1627966800,14986.6,15008.2,14986.2,15002.6
1627981200,15002.6,15004.2,14973.4,15002.6
1627995600,15002.6,15038.8,14866,15037.6
1628010000,15037.6,15066.8,15011.8,15051.8
1628024400,15051.8,15061.1,15038.2,15052.2
1628038800,15052.2,15068,15041.6,15064
1628053200,15064,15090,15057.6,15069.6
1628067600,15069.6,15079.4,15033.6,15046
1628082000,15046,15086.2,15014,15081.6
1628096400,15081.6,15124.6,15079.4,15097.8
1628110800,15097.8,15118,15088.6,15111
1628125200,15111,15115.6,15101.8,15104.8
1628139600,15104.8,15112.4,15085.2,15108.8
1628154000,15108.8,15132.4,15105.8,15109.8
1628168400,15109.8,15181.6,15088.6,15155.2
1628182800,15155.2,15187.4,15150.6,15186.8
1628197200,15186.8,15186.8,15170.8,15173.6
1628211600,15173.6,15182,15170,15178.2
1628226000,15178.2,15180.4,15154.2,15169
1628240400,15169,15171.2,15096,15121.8
1628254800,15121.8,15162.6,15060.6,15110.8
1628269200,15110.8,15122.2,15085.8,15105.6
1628456400,15105.6,15105.6,15016,15040.4
1628470800,15040.4,15061.6,15036.2,15060.4
1628485200,15060.4,15119,15057.8,15115.2
1628499600,15115.2,15138.6,15105.8,15119.8
1628514000,15119.8,15150.8,15081.4,15127
1628528400,15127,15157.8,15118.2,15139.6
1628542800,15139.6,15142.6,15126,15137.4
1628557200,15137.4,15138.2,15105.4,15119.2
1628571600,15119.2,15161,15119.2,15147
1628586000,15147,15162.4,15145.6,15151.2
1628600400,15151.2,15169.4,15007,15067.4
1628614800,15067.4,15080,15032.8,15059.6
1628629200,15059.6,15059.6,15039.2,15040.6
1628643600,15040.6,15060.4,15035.4,15054.8
1628658000,15054.8,15062.8,15010.4,15013.4
1628672400,15013.4,15124,14988.6,15101.8
1628686800,15101.8,15130.4,14974.8,15015
1628701200,15015,15043.8,15002.2,15019.8
1628715600,15019.8,15019.8,15001.2,15010.6
1628730000,15010.6,15021.4,15009.8,15013.4
1628744400,15013.4,15023.2,14993.8,15018.2
1628758800,15018.2,15045.4,14997,14999.8
1628773200,14999.8,15084,14952,15053.2
1628787600,15053.2,15101,15043.8,15090
1628802000,15090,15090,15072,15080.2
1628816400,15080.2,15088.8,15075,15082
1628830800,15082,15106.4,15074.8,15102.4
1628845200,15102.4,15105.4,15066.2,15088
1628859600,15088,15152,15078.6,15127.2
1628874000,15127.2,15140,15105.2,15132.2
1629061200,15132.2,15132.2,15102.8,15114.4
1629075600,15114.4,15124.2,15105.6,15116.6
1629090000,15116.6,15128.4,15097.8,15114.6
1629104400,15114.6,15117.2,15070.4,15081.6
1629118800,15081.6,15121,14926.4,15032.2
1629133200,15032.2,15147.8,15028.8,15142.8
1629147600,15142.8,15142.8,15118.2,15124.6
1629162000,15124.6,15129.6,15117.2,15121.8
1629176400,15121.8,15122.6,15067.2,15088.8
1629190800,15088.8,15100.2,15041.8,15056.2
1629205200,15056.2,15067,14907.2,14912.6
1629219600,14912.6,15012.4,14906,14977.6
1629234000,14977.6,14984.8,14958.4,14981.4
1629248400,14981.4,15027.6,14979.8,15019.6
1629262800,15019.6,15028.8,14985,14993.6
1629277200,14993.6,15034,14981.2,14987
1629291600,14987,15043.2,14964.2,14996
1629306000,14996,15035.2,14812.8,14844.7
1629320400,14844.7,14872.6,14841,14871.2
1629334800,14871.2,14879.4,14839,14848.8
1629349200,14848.8,14849.4,14716.4,14738.4
1629363600,14738.4,14804.4,14718,14745
1629378000,14745,15004.2,14744.2,14992.4
1629392400,14992.4,14993.8,14862.8,14949.4
1629406800,14949.4,14962,14915.8,14955.2
1629421200,14955.2,14959.6,14914.6,14925.2
1629435600,14925.2,14926.6,14857.4,14889.4
1629450000,14889.4,14962.8,14877.2,14962.2
1629464400,14962.2,15103.4,14956,15071.2
1629478800,15071.2,15105.2,15052.8,15100.2
1629666000,15100.2,15125.6,15094.4,15117
1629680400,15117,15155.6,15114.8,15154
1629694800,15154,15158.6,15126.6,15143
1629709200,15143,15145.4,15122.2,15129
1629723600,15129,15329.4,15126.6,15328.4
1629738000,15328.4,15342.8,15305.4,15333.8
1629752400,15333.8,15339,15328.4,15336.6
1629766800,15336.6,15340.8,15327.6,15331.2
1629781200,15331.2,15388.8,15328.2,15378
1629795600,15378,15385.4,15314.8,15329.2
1629810000,15329.2,15385.8,15318.4,15347
1629824400,15347,15378,15340.6,15368.4
1629838800,15368.4,15373.4,15357,15362.6
1629853200,15362.6,15368.8,15352.4,15353
1629867600,15353,15394.6,15352,15385.4
1629882000,15385.4,15385.8,15338.8,15371.2
1629896400,15371.2,15402,15338,15374.8
1629910800,15374.8,15388.4,15351.4,15372.4
1629925200,15372.4,15372.4,15345.6,15352.8
1629939600,15352.8,15353.4,15323.6,15332
1629954000,15332,15351.4,15300.8,15335.4
1629968400,15335.4,15359.4,15321.6,15332.2
1629982800,15332.2,15369.6,15260.4,15337.8
1629997200,15337.8,15341.8,15268.4,15291.6
1630011600,15291.6,15296.2,15270.6,15283.8
1630026000,15283.8,15337.4,15282.2,15332
1630040400,15332,15341.2,15316.8,15327.8
1630054800,15327.8,15337.8,15313.6,15332.8
1630069200,15332.8,15433.4,15285.4,15422.2
1630083600,15422.2,15448.6,15420.8,15432.8
1630270800,15432.8,15460,15430.6,15433.4
1630285200,15433.4,15446,15425.2,15439.2
1630299600,15439.2,15455.4,15436.2,15453.8
1630314000,15453.8,15459.2,15442.2,15454.2
1630328400,15454.2,15602.4,15450,15591.2
1630342800,15591.2,15622.2,15586.4,15612
1630357200,15612,15616.2,15594.4,15596.4
1630371600,15596.4,15649.8,15594.2,15646.6
1630386000,15646.6,15680.8,15644,15656.4
1630400400,15656.4,15658,15567.2,15589.8
1630414800,15589.8,15618.6,15522.4,15601.6
1630429200,15601.6,15608.8,15568.8,15604.6
1630443600,15604.6,15606.8,15584.4,15587.2
1630458000,15587.2,15622.6,15582.8,15618.2
1630472400,15618.2,15652,15609.4,15612.6
1630486800,15612.6,15651,15590.8,15638.6
1630501200,15638.6,15702,15625.2,15682.6
1630515600,15682.6,15691.6,15607.2,15615
1630530000,15615,15634,15603.8,15614.4
1630544400,15614.4,15627,15608.2,15613
1630558800,15613,15651.4,15607.2,15648
1630573200,15648,15664.6,15638.8,15659.4
1630587600,15659.4,15684.6,15605.6,15622.8
1630602000,15622.8,15628.4,15554.4,15602.2
1630616400,15602.2,15620.8,15598.4,15615.8
1630630800,15615.8,15633.6,15601.8,15626.2
1630645200,15626.2,15632.2,15610.2,15614.2
1630659600,15614.2,15679.4,15570.6,15609.8
1630674000,15609.8,15670.4,15555.2,15648.6
1630688400,15648.6,15672.4,15642.8,15657.2
1630875600,15657.2,15666,15645.6,15650.8
1630890000,15650.8,15666.8,15645.8,15666
1630904400,15666,15710.8,15661,15699.6
1630918800,15699.6,15702.4,15688.8,15692.2
1630933200,15692.2,15710,15689.2,15703.5
1630962000,15703.5,15703.5,15688,15689.4
1630976400,15689.4,15690.6,15673.2,15677.8
1630990800,15677.8,15695.8,15651.8,15666.6
1631005200,15666.6,15671,15624.4,15652
1631019600,15652,15704,15609.6,15694.2
1631034000,15694.2,15703.4,15659.2,15673.4
1631048400,15673.4,15688.8,15661,15687.6
1631062800,15687.6,15693.4,15672.2,15678
1631077200,15678,15687.2,15608,15639.4
1631091600,15639.4,15681.4,15636.6,15672
1631106000,15672,15674,15525.2,15578.2
1631120400,15578.2,15627,15577.2,15609.2
1631134800,15609.2,15612.6,15584,15588.8
1631149200,15588.8,15602.6,15571.6,15576.8
1631163600,15576.8,15593.4,15548.6,15577.8
1631178000,15577.8,15634.6,15573.2,15622.4
1631192400,15622.4,15677,15612.4,15620
1631206800,15620,15638.6,15547,15563.2
1631221200,15563.2,15580.8,15555,15569.8
1631235600,15569.8,15598.2,15557.6,15593.6
1631250000,15593.6,15626.6,15585.8,15619.4
1631264400,15619.4,15639.2,15610.4,15626.4
1631278800,15626.4,15668.6,15529.4,15591
1631293200,15591,15608,15434.6,15448.8
1631480400,15448.8,15497,15448.8,15469
1631494800,15469,15473.8,15441,15453
1631509200,15453,15510.6,15414.2,15502.6
1631523600,15502.6,15538.6,15499,15537.2
1631538000,15537.2,15566,15354,15443.2
1631552400,15443.2,15459.6,15351.6,15453.2
1631566800,15453.2,15461.4,15440.4,15448.2
1631581200,15448.2,15469,15445.6,15457.4
1631595600,15457.4,15465.6,15398,15441.2
1631610000,15441.2,15504.6,15401.6,15488.6
1631624400,15488.6,15530.2,15393.4,15429.6
1631638800,15429.6,15439.6,15352.4,15397.4
1631653200,15397.4,15423,15390.8,15409.2
1631667600,15409.2,15419.4,15377,15417.6
1631682000,15417.6,15437.4,15394.8,15434.6
1631696400,15434.6,15439.6,15397.6,15417.6
1631710800,15417.6,15453.2,15315.6,15448.6
1631725200,15448.6,15523.8,15444.2,15517.2
1631739600,15517.2,15519.6,15504.4,15514.4
1631754000,15514.4,15530,15487.4,15494
1631768400,15494,15509.6,15475.8,15482.8
1631782800,15482.8,15486.4,15442.8,15467.4
1631797200,15467.4,15482,15368.6,15442
1631811600,15442,15543.8,15427.8,15509.8
1631826000,15509.8,15514,15487.2,15493.8
1631840400,15493.8,15536,15478.4,15534
1631854800,15534,15541.4,15508.2,15519.6
1631869200,15519.6,15526.6,15472.4,15515
1631883600,15515,15519.6,15305.2,15362
1631898000,15362,15362.6,15291.8,15299.2
1632085200,15299.2,15354.6,15299.2,15336.6
1632099600,15336.6,15336.6,15222.2,15255.8
1632114000,15255.8,15279.4,15171.8,15186.6
1632128400,15186.6,15193.6,15065,15086.8
1632142800,15086.8,15167.6,14928.2,14936.2
1632157200,14936.2,15033.8,14826.2,15009.8
1632171600,15009.8,15082.2,14998.8,15056
1632186000,15056,15105.4,15029,15103.8
1632200400,15103.8,15180,15066.8,15155.4
1632214800,15155.4,15162.8,15092.2,15094.6
1632229200,15094.6,15148.2,14991.4,15077.4
1632243600,15077.4,15122.2,14983.6,15011.6
1632258000,15011.6,15022,14950.4,14975.9
1632272400,14975.9,15090.2,14962.4,15059
1632286800,15059,15117.4,15056.8,15103.6
1632301200,15103.6,15113,15074.8,15106
1632315600,15106,15223,15035.2,15173
1632330000,15173,15246.6,15110.4,15199.4
1632344400,15199.4,15222,15196.2,15217.8
1632358800,15217.8,15236.6,15199,15213.6
1632373200,15213.6,15294.6,15197.8,15292.4
1632387600,15292.4,15324.8,15225.4,15227.8
1632402000,15227.8,15358.2,15195.6,15320
1632416400,15320,15366.4,15307,15317.6
1632430800,15317.6,15352.6,15316,15336
1632445200,15336,15343.4,15297.8,15311.8
1632459600,15311.8,15316.2,15226,15265.4
1632474000,15265.4,15270.8,15197,15208.8
1632488400,15208.8,15311.6,15202.4,15305.4
1632502800,15305.4,15353.8,15279.2,15338.8
1632690000,15338.8,15393.4,15321.2,15388.4
1632704400,15388.4,15417.6,15381.6,15387.8
1632718800,15387.8,15418.2,15342.8,15346.8
1632733200,15346.8,15358,15174.8,15218.8
1632747600,15218.8,15242.4,15104.2,15160.4
1632762000,15160.4,15250,15153.4,15192.2
1632776400,15192.2,15206,15152.6,15164
1632790800,15164,15211.2,15155.2,15190.6
1632805200,15190.6,15211.6,14982,15033.2
1632819600,15033.2,15049.8,14944.4,14984
1632834000,14984,15048.4,14767.8,14778
1632848400,14778,14893.8,14760.8,14787.2
1632862800,14787.2,14869.2,14779.2,14847.8
1632877200,14847.8,14884.4,14792.8,14876.4
1632891600,14876.4,14944.6,14839.6,14917.4
1632906000,14917.4,14938.6,14846,14865
1632920400,14865,14925.4,14744.4,14785
1632934800,14785,14871.4,14730.8,14783.2
1632949200,14783.2,14835.6,14773.6,14830.4
1632963600,14830.4,14866.2,14801.4,14866
1632978000,14866,14902,14834.6,14864.4
1632992400,14864.4,14871.2,14803.6,14822.6
1633006800,14822.6,14897.4,14701.6,14737
1633021200,14737,14847.2,14690.4,14710.6
1633035600,14710.6,14750.2,14699.8,14700.2
1633050000,14700.2,14709.7,14593,14622.2
1633064400,14622.2,14663.2,14571.4,14613
1633078800,14613,14761.8,14612.8,14721.6
1633093200,14721.6,14753.8,14556,14681.6
1633107600,14681.6,14836.4,14666,14796.8
1633294800,14796.8,14851.8,14776.2,14785.2
1633309200,14785.2,14796.3,14709.4,14750.2
1633323600,14750.2,14768.2,14650.8,14711.4
1633338000,14711.4,14752.4,14681.2,14739.6
1633352400,14739.6,14741,14390.4,14413.6
1633366800,14413.6,14512.4,14385,14505.4
1633381200,14505.4,14525.6,14441.4,14446.4
1633395600,14446.4,14534.6,14426.8,14517.4
1633410000,14517.4,14554.2,14468.6,14546
1633424400,14546,14565,14510.6,14534.4
1633438800,14534.4,14749,14511.8,14739.2
1633453200,14739.2,14771.2,14662.2,14678.2
1633467600,14678.2,14691,14650.4,14670.6
1633482000,14670.6,14676,14567,14593.4
1633496400,14593.4,14615.6,14477.4,14483.6
1633510800,14483.6,14542.4,14439.8,14524.4
1633525200,14524.4,14704.6,14500.4,14618.2
1633539600,14618.2,14786.2,14584.4,14783
1633554000,14783,14854.4,14783,14837.2
1633568400,14837.2,14904,14827.4,14860.2
1633582800,14860.2,14926.8,14849.4,14915.4
1633597200,14915.4,14966.8,14898,14929.8
1633611600,14929.8,15017.4,14876,15002.4
1633626000,15002.4,15002.4,14884.8,14906.8
1633640400,14906.8,14942.4,14892.4,14935.4
1633654800,14935.4,14951.6,14890.8,14894.4
1633669200,14894.4,14930,14852,14861
1633683600,14861,15011.8,14856.2,14984
1633698000,14984,14988.8,14825.6,14849
1633712400,14849,14886.6,14807.4,14822
1633899600,14822,14845.1,14720.8,14759.8
1633914000,14759.8,14794,14741.8,14787.4
1633928400,14787.4,14815.6,14736.2,14768.4
1633942800,14768.4,14782.8,14697.8,14748.6
1633957200,14748.6,14913.2,14738.4,14851.8
1633971600,14851.8,14852.2,14693.2,14700.4
1633986000,14700.4,14711.6,14631.8,14644.8
1634000400,14644.8,14668.6,14612.8,14653.8
1634014800,14653.8,14720.2,14603.2,14713.4
1634029200,14713.4,14799.2,14713.4,14761.4
1634043600,14761.4,14795.2,14649.4,14676.2
1634058000,14676.2,14736.4,14602.2,14614.8
1634072400,14614.8,14661.7,14608,14653.6
1634086800,14653.6,14657.2,14615.2,14656
1634101200,14656,14746.2,14608.6,14727
1634115600,14727,14761.2,14665.2,14697.6
1634130000,14697.6,14795.2,14677.6,14721.2
1634144400,14721.2,14811.4,14718.8,14784.2
1634158800,14784.2,14852.8,14784.2,14840.2
1634173200,14840.2,14845,14824,14838.8
1634187600,14838.8,14911.4,14833.2,14904.8
1634202000,14904.8,14964.4,14885.6,14936.8
1634216400,14936.8,15060.4,14907.2,15054.4
1634230800,15054.4,15087.8,15028.4,15081.4
1634245200,15081.4,15093.4,15047.6,15060.8
1634259600,15060.8,15118.8,15037.4,15116
1634274000,15116,15128.6,15052.8,15091.4
1634288400,15091.4,15122.4,15075,15100.4
1634302800,15100.4,15137.2,15062.6,15113.8
1634317200,15113.8,15160,15094,15159.8
1634504400,15159.8,15180,15093,15123.8
1634518800,15123.8,15133,15099.6,15104
1634533200,15104,15110.8,15055.2,15092.8
1634547600,15092.8,15138,15062,15082.8
1634562000,15082.8,15242.2,15068.4,15236
1634576400,15236,15313.4,15233.2,15303
1634590800,15303,15332.6,15286.2,15308.2
1634605200,15308.2,15323.7,15291.8,15304.2
1634619600,15304.2,15356,15297.4,15342.8
1634634000,15342.8,15384,15334,15344.8
1634648400,15344.8,15411,15318.8,15409
1634662800,15409,15444.6,15379,15428.2
1634677200,15428.2,15431,15392.6,15395
1634691600,15395,15405.6,15383.2,15397.4
1634706000,15397.4,15428.2,15384.6,15407.4
1634720400,15407.4,15437.4,15401.6,15429.4
1634734800,15429.4,15462.8,15395.8,15408.2
1634749200,15408.2,15412.2,15335.8,15372.6
1634763600,15372.6,15380.2,15347.2,15356.2
1634778000,15356.2,15383,15340.2,15347.6
1634792400,15347.6,15375.2,15318,15358.4
1634806800,15358.4,15378,15330.2,15354.6
1634821200,15354.6,15462.2,15350.8,15451.8
1634835600,15451.8,15500,15384.8,15399
1634850000,15399,15435.6,15390,15423.4
1634864400,15423.4,15435,15404.8,15417.4
1634878800,15417.4,15450.4,15407.4,15443.2
1634893200,15443.2,15475.6,15435,15452.4
1634907600,15452.4,15479.8,15290.6,15356.8
1634922000,15356.8,15399.8,15328,15338.8
1635109200,15338.8,15354.2,15312.6,15350.6
1635123600,15350.6,15373.8,15333.6,15370.4
1635138000,15370.4,15407.4,15362,15388.2
1635152400,15388.2,15412.2,15371.4,15399.6
1635166800,15399.6,15521.6,15339,15512.6
1635181200,15512.6,15561.8,15468,15558.6
1635195600,15558.6,15590.2,15540.8,15584.4
1635210000,15584.4,15599.4,15578.2,15591.6
1635224400,15591.6,15628.2,15583.4,15614.2
1635238800,15614.2,15619.4,15591.8,15603.4
1635253200,15603.4,15716.8,15519.4,15553
1635267600,15553,15610.4,15534,15543.4
1635282000,15543.4,15587.6,15543.4,15551
1635296400,15551,15564.6,15537.1,15564
1635310800,15564,15608.6,15563.4,15569.8
1635325200,15569.8,15590.8,15524,15581
1635339600,15581,15702,15575.6,15693.2
1635354000,15693.2,15733.6,15598,15609.8
1635368400,15609.8,15646,15609.8,15636.2
1635382800,15636.2,15642.6,15612.4,15638.2
1635397200,15638.2,15679.8,15607.8,15675
1635411600,15675,15704.6,15653.8,15680.8
1635426000,15680.8,15770.2,15651.6,15717.2
1635440400,15717.2,15792.6,15642.6,15684.2
1635454800,15684.2,15707.4,15671.8,15676.2
1635469200,15676.2,15691.4,15657,15666.2
1635483600,15666.2,15676.8,15634,15652
1635498000,15652,15670,15611.2,15640.6
1635512400,15640.6,15809.4,15630.8,15799.6
1635526800,15799.6,15880,15774,15878.6
1635714000,15878.6,15924.4,15871,15914
1635728400,15914,15914,15883.8,15891.8
1635742800,15891.8,15919,15874,15918
1635757200,15918,15930,15873.6,15882.6
1635771600,15882.6,15883.8,15784.2,15875.8
1635786000,15875.8,15914.2,15804.8,15903.8
1635800400,15903.8,15909,15882.6,15893
1635814800,15893,15903.2,15865.2,15885.2
1635829200,15885.2,15911.8,15877,15878
1635843600,15878,15900,15867,15883.6
1635858000,15883.6,15995.6,15879.6,15969.2
1635872400,15969.2,15993.8,15921,15973.8
1635886800,15973.8,15973.8,15953.2,15969.2
1635901200,15969.2,15991.6,15968.8,15975.4
1635915600,15975.4,15984.8,15966.6,15981.2
1635930000,15981.2,16004.2,15977.1,15992.8
1635944400,15992.8,16012.6,15951,15991.4
1635958800,15991.4,16161,15972.8,16148.6
1635973200,16148.6,16200.4,16144.4,16187.8
1635987600,16187.8,16187.8,16166.2,16175
1636002000,16175,16229.2,16171.4,16201.8
1636016400,16201.8,16219.6,16185.6,16198.6
1636030800,16198.6,16345.2,16170.8,16318.4
1636045200,16318.4,16389.6,16297.8,16350.8
1636059600,16350.8,16362.6,16324,16337.6
1636074000,16337.6,16357,16326.8,16352.4
1636088400,16352.4,16364.4,16313.2,16360.4
1636102800,16360.4,16434.6,16341,16391.6
1636117200,16391.6,16459.6,16378.4,16393
1636131600,16393,16398.6,16303.4,16356
1636322400,16356,16356,16288.6,16295.4
1636336800,16295.4,16327.6,16283.6,16321.4
1636351200,16321.4,16350.6,16296.6,16345
1636365600,16345,16373,16344,16365.8
1636380000,16365.8,16404.2,16313.8,16355.4
1636394400,16355.4,16393.8,16313.6,16334.4
1636408800,16334.4,16334.4,16293.4,16307.8
1636423200,16307.8,16331.2,16304.6,16329.8
1636437600,16329.8,16365.2,16313,16361.4
1636452000,16361.4,16398.2,16345.2,16386.4
1636466400,16386.4,16402,16195.8,16219.8
1636480800,16219.8,16243.8,16170.8,16208.4
1636495200,16208.4,16210.2,16173.4,16184.6
1636509600,16184.6,16186.2,16142.2,16176.4
1636524000,16176.4,16252,16172.6,16206.4
1636538400,16206.4,16211.2,16091.2,16114
1636552800,16114,16229,16051.2,16137.2
1636567200,16137.2,16142,15907,15994.8
1636581600,15994.8,16051,15985.2,16051
1636596000,16051,16054.2,15989.6,16027.4
1636610400,16027.4,16096.2,16006.5,16091.2
1636624800,16091.2,16123,16065.3,16118
1636639200,16118,16120.8,16032.8,16062.2
1636653600,16062.2,16088,16015.8,16047.2
1636668000,16047.2,16101.8,16046.9,16094.8
1636682400,16094.8,16098,16052.8,16072.4
1636696800,16072.4,16086.4,16040.6,16053.8
1636711200,16053.8,16080,16050.2,16073.4
1636725600,16073.4,16208,16010,16182.8
1636740000,16182.8,16221.4,16164.4,16210.6
1636927200,16210.6,16247.5,16210.6,16238.8
1636941600,16238.8,16242,16212.8,16236.6
1636956000,16236.6,16245.4,16216,16229.4
1636970400,16229.4,16283.4,16227.8,16265.2
1636984800,16265.2,16269.4,16090,16143.4
1636999200,16143.4,16206,16127.4,16203.2
1637013600,16203.2,16231.8,16185.2,16226.8
1637028000,16226.8,16228,16179.7,16190.8
1637042400,16190.8,16212.2,16173.4,16184.6
1637056800,16184.6,16221.2,16158,16177.4
1637071200,16177.4,16315.8,16149.4,16300
1637085600,16300,16330.6,16292,16300.4
1637100000,16300.4,16315.6,16296,16305.4
1637114400,16305.4,16306.8,16277.6,16295
1637128800,16295,16335.8,16287.2,16317.2
1637143200,16317.2,16333.4,16294.2,16313.4
1637157600,16313.4,16399.8,16273.4,16308.8
1637172000,16308.8,16353.2,16287.7,16325.8
1637186400,16325.8,16344.4,16323.8,16341.8
1637200800,16341.8,16356.4,16332.2,16348.6
1637215200,16348.6,16413.2,16345.8,16390.8
1637229600,16390.8,16412,16384,16400.6
1637244000,16400.6,16493.4,16307,16442
1637258400,16442,16511,16410.2,16507.6
1637272800,16507.6,16542.8,16494,16532.8
1637287200,16532.8,16593.2,16527.7,16568.8
1637301600,16568.8,16578.2,16541.4,16544
1637316000,16544,16570.8,16511.6,16570.4
1637330400,16570.4,16632.6,16519.6,16595.4
1637344800,16595.4,16614,16538.2,16591
1637532000,16591,16636.2,16591,16627
1637546400,16627,16634,16610.6,16623.6
1637560800,16623.6,16653.6,16614.2,16643.8
1637575200,16643.8,16657.4,16630.6,16655.4
1637589600,16655.4,16771.6,16460.2,16533
1637604000,16533,16603,16369.2,16403.2
1637618400,16403.2,16418.4,16371,16379.8
1637632800,16379.8,16381.6,16323.8,16336.4
1637647200,16336.4,16356.4,16278.8,16337.8
1637661600,16337.8,16382,16304.8,16355.4
1637676000,16355.4,16422.8,16145,16177.4
1637690400,16177.4,16322.6,16122.8,16302.4
1637704800,16302.4,16316.2,16287.8,16309.8
1637719200,16309.8,16338.8,16271,16338.6
1637733600,16338.6,16359.8,16257,16264.6
1637748000,16264.6,16298.6,16188.8,16198
1637762400,16198,16341.8,16106.4,16319.8
1637776800,16319.8,16372.4,16255.4,16359
1637791200,16359,16384,16356.6,16370.6
1637805600,16370.6,16417.4,16368.4,16416
1637820000,16416,16439.8,16410.4,16420
1637834400,16420,16423.4,16380.4,16393.2
1637848800,16393.2,16422,16375,16411.8
1637877600,16411.8,16417.8,16306.6,16326.4
1637892000,16326.4,16329,16259.8,16301.4
1637906400,16301.4,16312,16127,16161.2
1637920800,16161.2,16260.8,16157.8,16196
1637935200,16196,16311.4,15992.4,16044
1637949600,16044,16071.8,16033.4,16048.4
1638136800,16048.4,16247.2,16048.4,16239.8
1638151200,16239.8,16254.6,16197.2,16213.2
1638165600,16213.2,16257.1,16170.8,16173.2
1638180000,16173.2,16247.4,16172.8,16242
1638194400,16242,16411.2,16212.4,16401.4
1638208800,16401.4,16441.6,16379.8,16418.2
1638223200,16418.2,16444.6,16418.2,16428.2
1638237600,16428.2,16430.6,16288.7,16310
1638252000,16310,16348,16242.4,16324.8
1638266400,16324.8,16362.2,16284.2,16361.6
1638280800,16361.6,16460,16072.6,16126.2
1638295200,16126.2,16242.6,16105.2,16242.6
1638309600,16242.6,16276.2,16185.4,16268.8
1638324000,16268.8,16381.2,16266.2,16368.2
1638338400,16368.2,16406.2,16304.8,16382.8
1638352800,16382.8,16401.4,16340.6,16348.6
1638367200,16348.6,16430.4,16236.6,16246.2
1638381600,16246.2,16283.8,15830,15861.9
1638396000,15861.9,15982,15861.9,15977.4
1638410400,15977.4,15988.6,15933,15952
1638424800,15952,15993.6,15905.8,15948.2
1638439200,15948.2,15953.8,15792,15834
1638453600,15834,16062,15764,15998.2
1638468000,15998.2,16067,15923.4,16016.8
1638482400,16016.8,16028.4,15863.2,15901.8
1638496800,15901.8,16004.2,15885.2,15994.2
1638511200,15994.2,16018,15927.2,15952.2
1638525600,15952.2,16122.4,15913.5,16048.2
1638540000,16048.2,16091.4,15561.6,15630.8
1638554400,15630.8,15741,15537.2,15687.2
1638741600,15687.2,15752.9,15673.8,15718.8
1638756000,15718.8,15774.4,15713.2,15764.9
1638770400,15764.9,15809.6,15680.2,15686.6
1638784800,15686.6,15719.8,15592.8,15713.2
1638799200,15713.2,15829.8,15560.4,15829.8
1638813600,15829.8,15898.4,15812.2,15850.4
1638828000,15850.4,15886,15825.6,15871
1638842400,15871,15959.5,15846.4,15957.2
1638856800,15957.2,16135,15939.6,16109.2
1638871200,16109.2,16168.2,16105.2,16122.8
1638885600,16122.8,16337.6,16099.2,16332
1638900000,16332,16375.4,16242.8,16367
1638914400,16367,16392.2,16329,16370.4
1638928800,16370.4,16418.6,16369.2,16405.2
1638943200,16405.2,16411.8,16357.6,16374.6
1638957600,16374.6,16436.3,16319.2,16333.8
1638972000,16333.8,16358,16253,16320.8
1638986400,16320.8,16399,16314.2,16381.4
1639000800,16381.4,16395.2,16372.8,16387.2
1639015200,16387.2,16420.6,16357.6,16368.9
1639029600,16368.9,16399.6,16347.4,16357.6
1639044000,16357.6,16358.6,16304.2,16324.6
1639058400,16324.6,16415.4,16254.6,16303.6
1639072800,16303.6,16304.8,16121.6,16157.4
1639087200,16157.4,16187.4,16144.6,16182.6
1639101600,16182.6,16191.8,16142.8,16145.4
1639116000,16145.4,16202.8,16143.4,16202.6
1639130400,16202.6,16310.6,16168.3,16283
1639144800,16283,16326.6,16134.6,16259.6
1639159200,16259.6,16336.6,16223.8,16323.2
1639346400,16323.2,16405.6,16323.2,16401.8
1639360800,16401.8,16404.6,16371.8,16374.4
1639375200,16374.4,16396.6,16344.8,16389.4
1639389600,16389.4,16411.6,16377.5,16383.8
1639404000,16383.8,16384.6,16113,16162.6
1639418400,16162.6,16209.6,16066,16097
1639432800,16097,16110.8,16083.2,16100.4
1639447200,16100.4,16106.4,16075.4,16099.4
1639461600,16099.4,16133.6,15965,15965.6
1639476000,15965.6,16025.6,15892.8,15913
1639490400,15913,16000,15738.6,15768.8
1639504800,15768.8,15976,15760.2,15939.4
1639519200,15939.4,15956.2,15903.5,15932.4
1639533600,15932.4,15963.2,15915.8,15957.2
1639548000,15957.2,15971.6,15859,15887.4
1639562400,15887.4,15977.6,15865.8,15912.6
1639576800,15912.6,15937.6,15753,15809.6
1639591200,15809.6,16312.2,15763,16298.6
1639605600,16298.6,16349.8,16289.4,16294.4
1639620000,16294.4,16367.6,16294.4,16365.8
1639634400,16365.8,16443,16362.4,16396
1639648800,16396,16468.8,16336,16355.8
1639663200,16355.8,16356.4,15914.8,15916.4
1639677600,15916.4,15992.8,15806.8,15894.6
1639692000,15894.6,15911.2,15825.8,15902.2
1639706400,15902.2,15905.6,15779.8,15845.6
1639720800,15845.6,15886.8,15690.6,15780.2
1639735200,15780.2,15787.6,15675.8,15743.4
1639749600,15743.4,15972.8,15665.6,15832.6
1639764000,15832.6,15934,15780.6,15844.8
1639951200,15844.8,15867.9,15678.4,15682
1639965600,15682,15682,15586.2,15596.1
1639980000,15596.1,15627.8,15520.1,15567.2
1639994400,15567.2,15634.2,15546.2,15579.2
1640008800,15579.2,15675.2,15510.8,15538.4
1640023200,15538.4,15710,15525.8,15692.8
1640037600,15692.8,15777.8,15692,15771.4
1640052000,15771.4,15803.6,15736.8,15800.8
1640066400,15800.8,15843.8,15741,15745.2
1640080800,15745.2,15836.8,15733,15818.6
1640095200,15818.6,15883.8,15621.8,15881.2
1640109600,15881.2,16003.4,15863,15991.2
1640124000,15991.2,15998.7,15956.2,15960.4
1640138400,15960.4,15967.8,15937.8,15961
1640152800,15961,15992.8,15898.6,15934.6
1640167200,15934.6,16001.4,15925.8,15952.8
1640181600,15952.8,16156.8,15942.6,16133
1640196000,16133,16201,16056.2,16197.8
1640210400,16197.8,16212.8,16181.2,16186.2
1640224800,16186.2,16203.6,16183.8,16196.6
1640239200,16196.6,16208.2,16163.8,16197.4
1640253600,16197.4,16238.6,16188.8,16211.6
1640268000,16211.6,16341.2,16194.8,16337.2
1640282400,16337.2,16373.8,16304.4,16319.8
1640556000,16319.8,16380.8,16319.8,16353.8
1640570400,16353.8,16367.8,16347.6,16352.6
1640584800,16352.6,16363.8,16322.6,16359.6
1640599200,16359.6,16402.8,16350.6,16393.8
1640613600,16393.8,16555,16362.8,16548.6
1640628000,16548.6,16598.6,16534.8,16589.2
1640642400,16589.2,16589.8,16551.6,16567.2
1640656800,16567.2,16581,16553.6,16580.8
1640671200,16580.8,16657.2,16560.8,16656.4
1640685600,16656.4,16677.4,16626.2,16629.6
1640700000,16629.6,16633.4,16485.8,16519.6
1640714400,16519.6,16547,16471.2,16529.8
1640728800,16529.8,16570.8,16520.6,16524.6
1640743200,16524.6,16572.6,16516.8,16566.8
1640757600,16566.8,16582,16546.8,16569.2
1640772000,16569.2,16575,16488.6,16504.2
1640786400,16504.2,16567.6,16406.2,16458.6
1640800800,16458.6,16543,16455.2,16498.4
1640815200,16498.4,16510.8,16459.6,16500.8
1640829600,16500.8,16510.2,16489.2,16489.4
1640844000,16489.4,16556.8,16487.2,16550.6
1640858400,16550.6,16559.8,16518.4,16527.4
1640872800,16527.4,16585,16467.4,16564.2
1640887200,16564.2,16567.2,16429.2,16449.6
1640901600,16449.6,16463.2,16368.6,16438.2
1640916000,16438.2,16439.8,16396.4,16433.4
1640930400,16433.4,16450,16415,16429.8
1640944800,16429.8,16455.6,16388.2,16444.8
1640959200,16444.8,16481.4,16365.8,16405.8
1640973600,16405.8,16415.4,16332.2,16350.2
1641160800,16350.2,16446,16350.2,16421.6
1641175200,16421.6,16436.6,16412,16426.8
1641189600,16426.8,16431,16401.4,16430
1641204000,16430,16471,16402.2,16405.6
1641218400,16405.6,16503,16310.6,16438.6
1641232800,16438.6,16526,16421.6,16512.8
1641247200,16512.8,16524.2,16492.6,16501.8
1641261600,16501.8,16553.2,16500,16549.6
1641276000,16549.6,16557.2,16500.2,16534.6
1641290400,16534.6,16579.4,16506.6,16538.8
1641304800,16538.8,16542.4,16178.2,16197.2
1641319200,16197.2,16339.6,16155.2,16276.6
1641333600,16276.6,16283.8,16213,16221
1641348000,16221,16236.8,16191,16198.6
1641362400,16198.6,16260.6,16187.4,16248.4
1641376800,16248.4,16274.4,16198.6,16238
1641391200,16238,16262.4,16061.6,16067
1641405600,16067,16144.2,15768,15768.6
1641420000,15768.6,15828,15726.8,15813.2
1641434400,15813.2,15814.8,15636.4,15694.8
1641448800,15694.8,15796.8,15658,15750.2
1641463200,15750.2,15783.2,15676.2,15708
1641477600,15708,15910.6,15613.8,15836.2
1641492000,15836.2,15882.2,15732.8,15808.3
1641506400,15808.3,15867.8,15808.3,15843.8
1641520800,15843.8,15843.8,15775.2,15800.8
1641535200,15800.8,15816,15681.8,15766
1641549600,15766,15840,15640,15692.5
1641564000,15692.5,15842.4,15525.2,15651.8
1641578400,15651.8,15685,15571.2,15586.6
1641765600,15586.6,15625.3,15530.5,15617.2
1641780000,15617.2,15660.6,15601.8,15642.6
1641794400,15642.6,15683,15534.8,15591.6
1641808800,15591.6,15615.6,15378.6,15400.2
1641823200,15400.2,15430,15167.4,15292.6
1641837600,15292.6,15638.2,15282.8,15631.6
1641852000,15631.6,15657.2,15588.6,15599.4
1641866400,15599.4,15654.2,15595.2,15616.2
1641880800,15616.2,15740.8,15579.5,15725.6
1641895200,15725.6,15748.6,15611.8,15614
1641909600,15614,15845.2,15490,15785.4
1641924000,15785.4,15853.6,15745.4,15840
1641938400,15840,15861,15821,15833
1641952800,15833,15903,15832.2,15902
1641967200,15902,15912.4,15777.4,15873
1641981600,15873,15990,15849.2,15985.2
1641996000,15985.2,16024,15812.2,15960.2
1642010400,15960.2,15963.6,15871.2,15911.4
1642024800,15911.4,15913,15835.2,15838.2
1642039200,15838.2,15870.4,15836.2,15849.2
1642053600,15849.2,15933.4,15846.4,15908.2
1642068000,15908.2,15968.8,15890.4,15955.8
1642082400,15955.8,15994.2,15609.4,15652
1642096800,15652,15728.4,15473.4,15515.6
1642111200,15515.6,15530.2,15466.6,15480.6
1642125600,15480.6,15530.2,15429.2,15528.2
1642140000,15528.2,15569.2,15487.6,15532
1642154400,15532,15533.4,15327.6,15370.4
1642168800,15370.4,15615,15355.6,15454.2
1642183200,15454.2,15634.7,15418.8,15633
1642370400,15633,15661.2,15528.8,15550.4
1642384800,15550.4,15571.6,15522.6,15539.4
1642399200,15539.4,15642.4,15532.8,15626.2
1642413600,15626.2,15651,15616,15623
1642428000,15623,15629,15558.4,15572.9
1642456800,15572.9,15617.6,15563.5,15604.6
1642471200,15604.6,15606.2,15422,15442.2
1642485600,15442.2,15473.8,15285.2,15324.4
1642500000,15324.4,15399.2,15306.6,15388
1642514400,15388,15449.6,15263,15268.6
1642528800,15268.6,15344,15185.8,15254.8
1642543200,15254.8,15262.8,15172.2,15183.6
1642557600,15183.6,15223.2,15066.2,15093.2
1642572000,15093.2,15282,15070.8,15276.2
1642586400,15276.2,15337.6,15237.6,15328.4
1642600800,15328.4,15386.4,15119.6,15326.6
1642615200,15326.6,15331,15026.6,15049.8
1642629600,15049.8,15087.6,15009,15070
1642644000,15070,15147.2,15069.2,15119.8
1642658400,15119.8,15178.4,15060.2,15146.2
1642672800,15146.2,15221,15127.2,15203.6
1642687200,15203.6,15355,15175.6,15260.6
1642701600,15260.6,15260.6,14661.8,14736.8
1642716000,14736.8,14773,14650.8,14736.5
1642730400,14736.5,14758.2,14618.3,14714.3
1642744800,14714.3,14808,14686.4,14796.8
1642759200,14796.8,14831.2,14695.2,14730.3
1642773600,14730.3,14873,14547.6,14657.2
1642788000,14657.2,14715.2,14423.5,14426.6
1642975200,14426.6,14595.3,14393.5,14577.3
1642989600,14577.3,14589.8,14542.6,14563.8
1643004000,14563.8,14589.2,14441.2,14469.8
1643018400,14469.8,14470.2,14180.4,14182.6
1643032800,14182.6,14278,13721,13937
1643047200,13937,14539.8,13913.6,14532.6
1643061600,14532.6,14532.6,14309.4,14362.2
1643076000,14362.2,14367.2,14218,14327.8
1643090400,14327.8,14393.2,14166.5,14365.9
1643104800,14365.9,14386.8,14144.2,14221.2
1643119200,14221.2,14319.3,14029.6,14109
1643133600,14109,14415,13905.5,13937.9
1643148000,13937.9,14267,13937.9,14215.7
1643162400,14215.7,14261.4,14196,14235.6
1643176800,14235.6,14457.2,14166.6,14418.4
1643191200,14418.4,14521,14382.4,14480
1643205600,14480,14563,14340.8,14550
1643220000,14550,14654.8,13992,14167
1643234400,14167,14297,13993.3,14007.2
1643248800,14007.2,14007.2,13860.7,13949
1643263200,13949,14245.8,13897.4,14226
1643277600,14226,14319.6,14090.2,14311.6
1643292000,14311.6,14424.2,14091.2,14162.5
1643306400,14162.5,14188.6,13961,14125.6
1643320800,14125.6,14196.4,14065.4,14121.6
1643335200,14121.6,14195,14098.8,14162.2
1643349600,14162.2,14182.6,14024.8,14071.6
1643364000,14071.6,14073.2,13844.8,14025
1643378400,14025,14325.2,13874.2,14208.4
1643392800,14208.4,14455.6,14072.6,14444.2
1643580000,14444.2,14474.4,14367,14421.6
1643594400,14421.6,14514.2,14414.4,14501.6
1643608800,14501.6,14560.2,14438.4,14535.6
1643623200,14535.6,14539.8,14413.4,14484.9
1643637600,14484.9,14797.4,14430,14789.2
1643652000,14789.2,14928,14728.4,14880.8
1643666400,14880.8,14898.2,14835.4,14842.4
1643680800,14842.4,14896.7,14832.2,14892.7
1643695200,14892.7,14978,14860,14896.4
1643709600,14896.4,14973.2,14873.8,14963.4
1643724000,14963.4,14973,14742.6,14917.4
1643738400,14917.4,15150,14834.6,15130
1643752800,15130,15162,15118,15152.4
1643767200,15152.4,15197.6,15143.8,15182.4
1643781600,15182.4,15266.2,15169.4,15259
1643796000,15259,15273.2,15181.4,15185.6
1643810400,15185.6,15195,14955.2,15132.2
1643824800,15132.2,15165.3,14840.2,14875.1
1643839200,14875.1,14878.4,14769.9,14782
1643853600,14782,14811.8,14764.6,14798.6
1643868000,14798.6,14882.6,14785.5,14800.2
1643882400,14800.2,14840.8,14706,14713.8
1643896800,14713.8,14855.4,14642.2,14681.4
1643911200,14681.4,14826.6,14469.6,14814.8
1643925600,14814.8,14814.8,14709,14721
1643940000,14721,14817.7,14721,14812.2
1643954400,14812.2,14834.4,14689.2,14694.4
1643968800,14694.4,14706.6,14423,14426.6
1643983200,14426.6,14674.6,14372.4,14660.6
1643997600,14660.6,14828.2,14636.4,14651.8
1644184800,14651.8,14726,14630,14648.4
1644199200,14648.4,14723,14609.6,14710.8
1644213600,14710.8,14752.6,14625.6,14662.3
1644228000,14662.3,14767.8,14652,14737
1644242400,14737,14814.6,14564.2,14602.8
1644256800,14602.8,14735.4,14520.2,14609.8
1644271200,14609.8,14631.2,14573.4,14582
1644285600,14582,14610,14545.4,14563
1644300000,14563,14627,14548,14578.2
1644314400,14578.2,14595,14493,14536.8
1644328800,14536.8,14767,14476.2,14733.6
1644343200,14733.6,14784.4,14624.4,14754.4
1644357600,14754.4,14795.6,14749.8,14775
1644372000,14775,14828,14761.4,14809
1644386400,14809,14872.6,14766.4,14851.1
1644400800,14851.1,14954.6,14846.6,14926.8
1644415200,14926.8,14995.8,14861.4,14993.2
1644429600,14993.2,15075.8,14955.4,15061.4
1644444000,15061.4,15064.2,14992.2,15002.8
1644458400,15002.8,15017.2,14974.8,15016.2
1644472800,15016.2,15046.2,14973,14989.6
1644487200,14989.6,15058.6,14803,14809
1644501600,14809,15035.6,14727.8,14878.8
1644516000,14878.8,14911,14628.6,14702.2
1644530400,14702.2,14718,14622.8,14675.6
1644544800,14675.6,14678.8,14534,14550.3
1644559200,14550.3,14670.8,14539.8,14591
1644573600,14591,14744.8,14579,14726.8
1644588000,14726.8,14772.8,14512.6,14517
1644602400,14517,14554.4,14187.6,14263.6
1644789600,14263.6,14283.4,14189.5,14233.7
1644804000,14233.7,14302.6,14210.5,14250.6
1644818400,14250.6,14299.6,14051.2,14081.8
1644832800,14081.8,14269.6,14035.5,14187.5
1644847200,14187.5,14398.8,14174.6,14353.4
1644861600,14353.4,14378,14107.2,14263.6
1644876000,14263.6,14315.8,14255.8,14298.2
1644890400,14298.2,14337.6,14228.4,14251.4
1644904800,14251.4,14538.3,14244.2,14511.8
1644919200,14511.8,14578.4,14467.4,14477
1644933600,14477,14568.6,14432.9,14472.8
1644948000,14472.8,14619.2,14466.6,14587.9
1644962400,14587.9,14593.4,14551.4,14564.8
1644976800,14564.8,14582.6,14549.6,14574.2
1644991200,14574.2,14670.4,14558.2,14607
1645005600,14607,14624.4,14518.6,14528
1645020000,14528,14533.4,14383.2,14415.6
1645034400,14415.6,14646.4,14394.2,14595.6
1645048800,14595.6,14620.6,14562.2,14577.8
1645063200,14577.8,14602.1,14443.5,14522.2
1645077600,14522.2,14585,14469.8,14499.4
1645092000,14499.4,14565.8,14447.8,14460
1645106400,14460,14504.6,14314.6,14349.8
1645120800,14349.8,14353,14135.1,14156.8
1645135200,14156.8,14292,14129.6,14273.9
1645149600,14273.9,14299.6,14247,14262.8
1645164000,14262.8,14288.4,14224.2,14271.8
1645178400,14271.8,14279.8,14131.2,14183.6
1645192800,14183.6,14221.6,13941.2,13944.6
1645207200,13944.6,14144.6,13907.2,13994.9
1645394400,13994.9,14085.9,13810.6,14059
1645408800,14059,14078.2,14003.8,14062.6
1645423200,14062.6,14158.4,13967.2,13978
1645437600,13978,13994.6,13775.8,13835.2
1645452000,13835.2,13890.8,13717.4,13734.5
1645480800,13734.5,13739.1,13582.4,13690.9
1645495200,13690.9,13723.6,13639.4,13697.9
1645509600,13697.9,13766.2,13614.8,13725.9
1645524000,13725.9,13967.6,13721.2,13938.4
1645538400,13938.4,14109.4,13814.4,13832.4
1645552800,13832.4,14014.2,13712,13921.8
1645567200,13921.8,13990.2,13914.4,13941.8
1645581600,13941.8,13989,13913.4,13957.6
1645596000,13957.6,14069.4,13926.4,14029
1645610400,14029,14041.4,13953,14021.4
1645624800,14021.4,14031.6,13715.6,13765.2
1645639200,13765.2,13765.8,13472.6,13485.8
1645653600,13485.8,13516.4,13357,13430.4
1645668000,13430.4,13444,13104.4,13166.1
1645682400,13166.1,13248.2,13024.4,13158.7
1645696800,13158.7,13217.8,13027.2,13096.8
1645711200,13096.8,13561,13057.4,13453.4
1645725600,13453.4,13982,13437.4,13911.6
1645740000,13911.6,13939.3,13815.3,13852.2
1645754400,13852.2,13917.4,13805,13853.9
1645768800,13853.9,13885.6,13759.2,13864.2
1645783200,13864.2,14105.6,13830,14037.8
1645797600,14037.8,14174.2,13830.4,14078
1645812000,14078,14194.6,14035.2,14184.3
1645999200,14184.3,14184.3,13673.4,13835.6
1646013600,13835.6,13879.7,13753.5,13858.3
1646028000,13858.3,14047.4,13843.2,13977.8
1646042400,13977.8,14066.5,13944.2,13997.5
1646056800,13997.5,14290.4,13986.2,14107.8
1646071200,14107.8,14238.2,13994.2,14217
1646085600,14217,14268.7,14185.2,14200.4
1646100000,14200.4,14221.2,14171.8,14209
1646114400,14209,14325.1,14105.4,14113.4
1646128800,14113.4,14208.2,14068.8,14180.2
1646143200,14180.2,14270.8,13997,14088.2
1646157600,14088.2,14116.8,13898.8,14023.6
1646172000,14023.6,14064,14003.8,14013.7
1646186400,14013.7,14092.6,13969.6,14064
1646200800,14064,14114.8,13909,14089.1
1646215200,14089.1,14141.6,14002.4,14031
1646229600,14031,14220.6,13948.8,14189
1646244000,14189,14287.4,14170,14193.6
1646258400,14193.6,14219.4,14178.2,14181.6
1646272800,14181.6,14243.8,14179.4,14234.4
1646287200,14234.4,14250.4,14156.4,14194.6
1646301600,14194.6,14329.7,14164,14326.8
1646316000,14326.8,14386.8,14027.8,14137
1646330400,14137,14190.2,13951.5,14057
1646344800,14057,14082.2,13742.5,13928.6
1646359200,13928.6,13948.4,13870.6,13944.4
1646373600,13944.4,14055.8,13881.4,13908.2
1646388000,13908.2,14005.2,13869.2,13908.2
1646402400,13908.2,13991.2,13729.8,13863.4
1646416800,13863.4,13930.2,13737.8,13796.5
1646604000,13796.5,13796.5,13536,13547.5
1646618400,13547.5,13666.4,13524.5,13597
1646632800,13597,13648,13540.6,13601.5
1646647200,13601.5,13794.4,13563.5,13782.8
1646661600,13782.8,13875.2,13491.8,13516.4
1646676000,13516.4,13559.6,13261.2,13267.8
1646690400,13267.8,13375.6,13247.4,13344.9
1646704800,13344.9,13355.4,13197.2,13200.2
1646719200,13200.2,13374.6,13100.2,13347.7
1646733600,13347.7,13418,13226.2,13287.6
1646748000,13287.6,13615,13114.4,13586.6
1646762400,13586.6,13661.8,13180,13196.6
1646776800,13196.6,13343.2,13188.4,13307.6
1646791200,13307.6,13339.8,13218.4,13282.5
1646805600,13282.5,13552.2,13281,13546
1646820000,13546,13605.2,13484.2,13550
1646834400,13550,13744.6,13492.4,13718.6
1646848800,13718.6,13817.3,13654.8,13771
1646863200,13771,13771,13697,13720.2
1646877600,13720.2,13758.8,13664.4,13703.9
1646892000,13703.9,13716.8,13583.2,13615.2
1646906400,13615.2,13642.2,13503.2,13515
1646920800,13515,13605.8,13391.2,13427.4
1646935200,13427.4,13630,13415.4,13568
1646949600,13568,13610.7,13495,13503
1646964000,13503,13562,13448.8,13551.2
1646978400,13551.2,13656,13535.6,13635.4
1646992800,13635.4,13855,13614.5,13729.4
1647007200,13729.4,13748.4,13397.6,13442.8
1647021600,13442.8,13512.2,13277,13300.5
1647205200,13300.5,13404.8,13300.5,13383.5
1647219600,13383.5,13393.6,13281.8,13334.8
1647234000,13334.8,13396.4,13295.5,13330
1647248400,13330,13438.6,13218.8,13306.8
1647262800,13306.8,13385,13070.2,13072.4
1647277200,13072.4,13114,13009.6,13074.4
1647291600,13074.4,13111.4,13061.2,13086.8
1647306000,13086.8,13135.4,13043.2,13115.6
1647320400,13115.6,13117.2,12952,12963.4
1647334800,12963.4,13179.6,12937,13140
1647349200,13140,13399.8,13084.2,13342
1647363600,13342,13481.4,13254.2,13437.6
1647378000,13437.6,13472.2,13412.8,13427.2
1647392400,13427.2,13470.8,13415.8,13459.5
1647406800,13459.5,13675.8,13454.8,13659
1647421200,13659,13714.4,13636.2,13642.2
1647435600,13642.2,13860.7,13607.4,13721.4
1647450000,13721.4,14020.6,13458.4,13993.2
1647464400,13993.2,13993.2,13941.6,13984.9
1647478800,13984.9,13987.9,13895.6,13961.4
1647493200,13961.4,14016.9,13911.9,13926.4
1647507600,13926.4,13935.6,13827.8,13850.4
1647522000,13850.4,14007.4,13814,13977.2
1647536400,13977.2,14127.6,13937.6,14048.8
1647550800,14048.8,14067.1,13975.8,13981.4
1647565200,13981.4,13994.2,13962.1,13984
1647579600,13984,14057.2,13975.2,14025.8
1647594000,14025.8,14035.6,13972.6,13999.6
1647608400,13999.6,14306,13986.4,14291.6
1647622800,14291.6,14436.6,14277.6,14430.8
1647810000,14430.8,14430.8,14365,14384.6
1647824400,14384.6,14387.8,14334.6,14352.7
1647838800,14352.7,14370,14300.4,14342.4
1647853200,14342.4,14421.8,14316.2,14360.6
1647867600,14360.6,14460,14221.6,14246.4
1647882000,14246.4,14391.6,14177.4,14386.6
1647896400,14386.6,14386.6,14304.4,14304.6
1647910800,14304.6,14340.6,14286.6,14308
1647925200,14308,14434.8,14294.6,14421.4
1647939600,14421.4,14441,14355.6,14389.2
1647954000,14389.2,14677.4,14368,14606.2
1647968400,14606.2,14683.8,14576.4,14647.6
1647982800,14647.6,14670,14623.6,14630.2
1647997200,14630.2,14666.6,14619,14655.6
1648011600,14655.6,14669,14607.8,14626.1
1648026000,14626.1,14631.8,14513.4,14522
1648040400,14522,14675.2,14454,14592.6
1648054800,14592.6,14600.6,14434.6,14456.6
1648069200,14456.6,14493.4,14447.8,14464
1648083600,14464,14517,14441.6,14507.8
1648098000,14507.8,14562.8,14496.4,14550
1648112400,14550,14565,14496.1,14525.2
1648126800,14525.2,14656.8,14427,14625.4
1648141200,14625.4,14762.8,14606.4,14755.2
1648155600,14755.2,14768.6,14712.4,14721
1648170000,14721,14807.2,14715.4,14796.4
1648184400,14796.4,14797.4,14687.6,14723.6
1648198800,14723.6,14833.6,14700.8,14807.2
1648213200,14807.2,14807.2,14566,14637.6
1648227600,14637.6,14752.4,14613.8,14743.2
1648414800,14743.2,14771.6,14698.6,14704.4
1648429200,14704.4,14712,14674.8,14689.2
1648443600,14689.2,14731,14652,14726.2
1648458000,14726.2,14805.4,14674.6,14750.4
1648472400,14750.4,14905.4,14694.4,14778.4
1648486800,14778.4,14989.6,14774.6,14974.8
1648501200,14974.8,14980.8,14949.8,14953
1648515600,14953,14984.8,14951.2,14967
1648530000,14967,15033.6,14956,15014.4
1648544400,15014.4,15160.4,15006.6,15155.4
1648558800,15155.4,15212.6,15026,15117.8
1648573200,15117.8,15261.8,15083.6,15217
1648587600,15217,15227.4,15194.8,15213.8
1648602000,15213.8,15254.6,15198,15206.8
1648616400,15206.8,15239.8,15140.4,15155.8
1648630800,15155.8,15187.4,15120,15151.4
1648645200,15151.4,15230.6,15092.9,15188.6
1648659600,15188.6,15192.2,15011.4,15110.6
1648674000,15110.6,15169.8,15099.8,15161
1648688400,15161,15167,15137.4,15145.4
1648702800,15145.4,15183.6,15121.6,15146.6
1648717200,15146.6,15148.8,15080.8,15109.6
1648731600,15109.6,15117.4,14968.8,14984
1648746000,14984,15069.4,14860.2,14922.2
1648760400,14922.2,14927.9,14880.4,14903.8
1648774800,14903.8,14941.8,14895.4,14915.6
1648789200,14915.6,14957.4,14906.2,14933.8
1648803600,14933.8,14963.6,14900.4,14902.4
1648818000,14902.4,14936.4,14737.8,14749.2
1648832400,14749.2,14875.4,14729.8,14857.2
1649019600,14857.2,14865.4,14806,14824.2
1649034000,14824.2,14867.4,14814.4,14864.8
1649048400,14864.8,14901.2,14829.6,14881.6
1649062800,14881.6,14943.6,14880.8,14887.8
1649077200,14887.8,15136.2,14886.4,15104
1649091600,15104,15180.4,15073.6,15163.8
1649106000,15163.8,15165.6,15148,15160.4
1649120400,15160.4,15162.6,15147.6,15156.4
1649134800,15156.4,15200.6,15141.6,15166.4
1649149200,15166.4,15169.4,15103.6,15107.6
1649163600,15107.6,15138.6,14853.2,14895.8
1649178000,14895.8,14943.6,14784,14863.8
1649192400,14863.8,14863.8,14786.8,14788.8
1649206800,14788.8,14814.2,14777,14800
1649221200,14800,14845.6,14711.6,14743.2
1649235600,14743.2,14750.4,14584.6,14605.8
1649250000,14605.8,14646.6,14424.6,14450.6
1649264400,14450.6,14656,14399.6,14498.2
1649278800,14498.2,14523.8,14442,14466.6
1649293200,14466.6,14501.1,14437.4,14455.4
1649307600,14455.4,14581.8,14443.8,14579.8
1649322000,14579.8,14607.2,14478.4,14484.8
1649336400,14484.8,14611.8,14322.2,14362.4
1649350800,14362.4,14637.6,14358,14538.8
1649365200,14538.8,14579.4,14528.4,14538.8
1649379600,14538.8,14558.2,14521.2,14536.6
1649394000,14536.6,14645.4,14530.8,14589.6
1649408400,14589.6,14603.2,14514,14519.8
1649422800,14519.8,14519.8,14316.2,14483.4
1649437200,14483.4,14484,14313.8,14333
1649624400,14333,14374.4,14259.5,14301.2
1649638800,14301.2,14313.8,14200.2,14207.2
1649653200,14207.2,14308.6,14159.2,14180.2
1649667600,14180.2,14247.8,14131.6,14160.8
1649682000,14160.8,14200.6,14037.4,14094.2
1649696400,14094.2,14134.4,13988,14006.8
1649710800,14006.8,14021,13936.6,13943.6
1649725200,13943.6,13952.6,13907,13911.2
1649739600,13911.2,14025,13906.2,14012.6
1649754000,14012.6,14287.2,13990.2,14263.2
1649768400,14263.2,14280.6,14065.2,14106.2
1649782800,14106.2,14137,13884.6,13957.4
1649797200,13957.4,14018.6,13944.4,14016.8
1649811600,14016.8,14052.8,14007.2,14033.6
1649826000,14033.6,14101.6,14020.8,14070.2
1649840400,14070.2,14079.2,13929,13954.4
1649854800,13954.4,14204.4,13924.6,14190
1649869200,14190,14269.6,14135.8,14214.6
1649883600,14214.6,14255.6,14214.6,14235.8
1649898000,14235.8,14294.6,14219.2,14286.8
1649912400,14286.8,14299,14222.6,14243.6
1649926800,14243.6,14252,14185.2,14191.8
1649941200,14191.8,14249.8,13963.4,13986.8
1649955600,13986.8,14051,13880.1,13895
1650229200,13895,13895,13732.8,13746
1650243600,13746,13776.2,13744.8,13754.6
1650258000,13754.6,13842.2,13754,13817
1650272400,13817,13871.9,13781.2,13847.6
1650286800,13847.6,14005.2,13789.4,13819.8
1650301200,13819.8,13998.8,13808.4,13967.6
1650315600,13967.6,14021.6,13946.2,13957
1650330000,13957,14002.4,13936.4,13999.2
1650344400,13999.2,14010,13862.6,13869
1650358800,13869,13949.6,13831.4,13899.6
1650373200,13899.6,14199.6,13837.2,14159
1650387600,14159,14244.3,14068.2,14097.6
1650402000,14097.6,14119.8,14069.4,14092
1650416400,14092,14128.8,14046.6,14109.6
1650430800,14109.6,14156.2,14069.4,14148.8
1650445200,14148.8,14300.6,14146.6,14293.4
1650459600,14293.4,14295.6,13985,14059.2
1650474000,14059.2,14121.4,13963.6,14076.2
1650488400,14076.2,14109.1,14068.2,14096.4
1650502800,14096.4,14129.8,14081.4,14100.2
1650517200,14100.2,14180,14060,14179
1650531600,14179,14198.6,14132.6,14189.2
1650546000,14189.2,14287.4,13911.2,13918.2
1650560400,13918.2,13956,13672.8,13723.4
1650574800,13723.4,13732.6,13618,13642.2
1650589200,13642.2,13717,13635.6,13714.8
1650603600,13714.8,13765.6,13669,13712.6
1650618000,13712.6,13784.4,13657.8,13727.6
1650632400,13727.6,13782.8,13490.8,13496.6
1650646800,13496.6,13513.6,13302.8,13319.4
1650834000,13319.4,13365,13264.2,13298.6
1650848400,13298.6,13327,13241.2,13282.7
1650862800,13282.7,13342,13205.6,13246.8
1650877200,13246.8,13328.2,13189.4,13322.2
1650891600,13322.2,13471.6,13241.6,13348
1650906000,13348,13554.6,13311.2,13533.6
1650920400,13533.6,13542.8,13513,13540
1650934800,13540,13588.7,13526.6,13576.4
1650949200,13576.4,13579.4,13437.8,13527.6
1650963600,13527.6,13534.8,13453.2,13481.8
1650978000,13481.8,13481.8,13101.8,13222.8
1650992400,13222.8,13224.4,12806.8,12817.7
1651006800,12817.7,13047.2,12817.7,12965.8
1651021200,12965.8,13085.4,12960.4,13060.8
1651035600,13060.8,13188.8,12983.2,13132.2
1651050000,13132.2,13165.8,13020.4,13045.4
1651064400,13045.4,13260.2,12935.4,13194
1651078800,13194,13211.4,12982,13169.4
1651093200,13169.4,13200.4,13145,13168.1
1651107600,13168.1,13202.8,13137.4,13201.4
1651122000,13201.4,13344,13171,13343.4
1651136400,13343.4,13352,13173.3,13200
1651150800,13200,13377,13038.4,13361.8
1651165200,13361.8,13547.2,13276.7,13316.8
1651179600,13316.8,13316.8,13183.2,13291.6
1651194000,13291.6,13359,13281.6,13353.6
1651208400,13353.6,13426,13327,13355
1651222800,13355,13362,13254.8,13288.3
1651237200,13288.3,13438,13064.6,13079.2
1651251600,13079.2,13142.4,12837.6,12896.2
1651438800,12896.2,12929.8,12811.8,12903
1651453200,12903,12974.5,12845.6,12952.6
1651467600,12952.6,12985.6,12878.2,12894.4
1651482000,12894.4,12943.8,12773.2,12801.2
1651496400,12801.2,13051,12748.2,12816
1651510800,12816,13089.8,12715.2,13056.8
1651525200,13056.8,13125,13033.4,13109.9
1651539600,13109.9,13176.4,13077.2,13126.6
1651554000,13126.6,13150.3,13049.6,13078.9
1651568400,13078.9,13126.4,13007.6,13113
1651582800,13113,13157.2,12973.6,13088.2
1651597200,13088.2,13188.4,13000.6,13124.2
1651611600,13124.2,13139.6,13110.2,13128
1651626000,13128,13149.8,13093.4,13113.6
1651640400,13113.6,13141.4,13086.4,13118
1651654800,13118,13159,13097.6,13108.2
1651669200,13108.2,13123.4,12888.4,13106.6
1651683600,13106.6,13560.4,12943.8,13501.2
1651698000,13501.2,13544.4,13501.2,13530.2
1651712400,13530.2,13545.2,13510.4,13543.2
1651726800,13543.2,13551.2,13381.8,13407.2
1651741200,13407.2,13456.2,13398,13403.4
1651755600,13403.4,13405.8,12800,12908.8
1651770000,12908.8,12968.6,12708.8,12901.7
1651784400,12901.7,12901.7,12820.2,12823.6
1651798800,12823.6,12877.4,12781.6,12841.3
1651813200,12841.3,12883.5,12748.9,12790.2
1651827600,12790.2,12894,12716.6,12723.8
1651842000,12723.8,12928.4,12519.2,12861.9
1651856400,12861.9,12875.4,12566.8,12666.2
1652043600,12666.2,12666.2,12526.2,12530.2
1652058000,12530.2,12602,12508.5,12572
1652072400,12572,12623,12458.2,12494.4
1652086800,12494.4,12518.2,12343.2,12442.2
1652101200,12442.2,12554.8,12237.6,12286.4
1652115600,12286.4,12338,12134.6,12204.4
1652130000,12204.4,12250.8,12101.9,12154.7
1652144400,12154.7,12310.4,12145.3,12299.3
1652158800,12299.3,12410.2,12293,12387.9
1652173200,12387.9,12473.4,12292.8,12467.2
1652187600,12467.2,12546,12169.6,12230.8
1652202000,12230.8,12518.6,12217.2,12329.2
1652216400,12329.2,12401.4,12319.6,12371.6
1652230800,12371.6,12462.6,12351.8,12449
1652245200,12449,12516.3,12384.4,12503.4
1652259600,12503.4,12552.2,12100.2,12139.2
1652274000,12139.2,12477,12125,12134.6
1652288400,12134.6,12166,11937.8,12007.8
1652302800,12007.8,12049.8,11921.1,12037.8
1652317200,12037.8,12069.4,11957.8,11970.8
1652331600,11970.8,11993,11811,11831.8
1652346000,11831.8,11915.4,11754.1,11791
1652360400,11791,12129.6,11690.8,11906.8
1652374800,11906.8,11953.8,11686.6,11870.3
1652389200,11870.3,12072.8,11870.3,12057.8
1652403600,12057.8,12144.2,12043.8,12118
1652418000,12118,12177,12065.8,12143.4
1652432400,12143.4,12204.2,12110.6,12172
1652446800,12172,12427,12061.4,12380.6
1652461200,12380.6,12428.6,12215.6,12359.6
1652648400,12359.6,12494.2,12359.6,12454.4
1652662800,12454.4,12466.8,12232.6,12308.8
1652677200,12308.8,12342.6,12226.4,12342.5
1652691600,12342.5,12409,12283.3,12351.4
1652706000,12351.4,12370.6,12186,12234.2
1652720400,12234.2,12396.8,12207.8,12232.8
1652734800,12232.8,12306.2,12232.8,12286.2
1652749200,12286.2,12333.2,12276.2,12319.4
1652763600,12319.4,12523.8,12311,12492.2
1652778000,12492.2,12539.2,12432.8,12471.8
1652792400,12471.8,12531,12324.8,12461.6
1652806800,12461.6,12573.6,12367.8,12569.6
1652821200,12569.6,12586.4,12534.2,12540.8
1652835600,12540.8,12544.4,12466.4,12486.8
1652850000,12486.8,12532.4,12452.2,12472.2
1652864400,12472.2,12516.4,12356.8,12359
1652878800,12359,12392.2,12053.1,12129
1652893200,12129,12129.4,11859.2,11891.2
1652907600,11891.2,11918,11802,11849.6
1652922000,11849.6,11947.3,11816.6,11926
1652936400,11926,11938.8,11730.2,11735.6
1652950800,11735.6,11853.8,11698.8,11812.8
1652965200,11812.8,12071,11789.8,11926.2
1652979600,11926.2,12045.8,11843.5,11896.2
1652994000,11896.2,11974.8,11889.6,11950.6
1653008400,11950.6,12010.5,11946,12006.6
1653022800,12006.6,12082.2,11959.2,12060.2
1653037200,12060.2,12091,12002.6,12025
1653051600,12025,12047,11533.2,11575.6
1653066000,11575.6,11853.6,11490.6,11836
1653253200,11836,12000.6,11836,11987
1653267600,11987,12006.6,11926.6,11963.6
1653282000,11963.6,12044.2,11863.4,11897.2
1653296400,11897.2,11972.6,11876.3,11895
1653310800,11895,12051,11782.8,11982.8
1653325200,11982.8,12075.2,11917.4,12055.4
1653339600,12055.4,12055.4,11820.9,11876
1653354000,11876,11890.6,11842.8,11846.2
1653368400,11846.2,11853.8,11753.6,11784.2
1653382800,11784.2,11876.5,11781.6,11839.6
1653397200,11839.6,11850.6,11576.6,11700.4
1653411600,11700.4,11831.6,11643,11811.4
1653426000,11811.4,11869,11787.8,11815.4
1653440400,11815.4,11892.2,11813.6,11868.8
1653454800,11868.8,11885.2,11760.8,11785
1653469200,11785,11806.4,11671.6,11718.6
1653483600,11718.6,11929.4,11707.2,11838.8
1653498000,11838.8,12033.8,11770.4,11886.6
1653512400,11886.6,11991.4,11886.6,11983.8
1653526800,11983.8,11993,11859.6,11873.6
1653541200,11873.6,11978.4,11847.8,11892.8
1653555600,11892.8,12019.6,11877,11974.8
1653570000,11974.8,12318.8,11899,12317
1653584400,12317,12342.4,12233.6,12259
1653598800,12259,12298.2,12221,12244.4
1653613200,12244.4,12275.4,12237.6,12264.6
1653627600,12264.6,12345.4,12232.2,12336.2
1653642000,12336.2,12435.2,12287,12415.6
1653656400,12415.6,12610.4,12380,12584.4
1653670800,12584.4,12718.6,12566,12716
1653858000,12716,12755.6,12671.6,12747
1653872400,12747,12815,12736.8,12813.2
1653886800,12813.2,12867.6,12804.6,12849
1653901200,12849,12881,12785.4,12814.4
1653915600,12814.4,12833.8,12735.6,12812.2
1653930000,12812.2,12816.8,12808.4,12808.4
1653944400,12808.4,12824,12682,12712
1653958800,12712,12767.2,12675.2,12749.6
1653973200,12749.6,12763.2,12630.3,12717.3
1653987600,12717.3,12717.8,12593.6,12605
1654002000,12605,12754.6,12478.8,12730.2
1654016400,12730.2,12766.6,12600,12654.2
1654030800,12654.2,12715.2,12654,12696.1
1654045200,12696.1,12723.2,12644.2,12676.8
1654059600,12676.8,12693,12579.2,12617.9
1654074000,12617.9,12715.2,12603.2,12687.2
1654088400,12687.2,12820.6,12454.8,12497.6
1654102800,12497.6,12664.2,12489.2,12547.8
1654117200,12547.8,12584.4,12492.8,12575
1654131600,12575,12588.2,12536,12563.4
1654146000,12563.4,12644.6,12527,12615.2
1654160400,12615.2,12653.4,12583,12585.6
1654174800,12585.6,12799,12440.8,12784.6
1654189200,12784.6,12901.3,12762,12895
1654203600,12895,12943.2,12886.4,12890
1654218000,12890,12911.6,12884.2,12889.8
1654232400,12889.8,12906.4,12808,12837.2
1654246800,12837.2,12841,12683.4,12713.4
1654261200,12713.4,12739.4,12501.6,12604.8
1654275600,12604.8,12644.4,12509.6,12547
1654462800,12547,12586.8,12525.4,12576.8
1654477200,12576.8,12647.6,12568,12643.8
1654491600,12643.8,12749,12615.8,12744.8
1654506000,12744.8,12764.1,12702.4,12739.4
1654520400,12739.4,12808.2,12531.2,12603.2
1654534800,12603.2,12681.4,12539,12604.4
1654549200,12604.4,12612.2,12542.2,12555.5
1654563600,12555.5,12570.8,12486.4,12512.4
1654578000,12512.4,12564.1,12468.8,12550.4
1654592400,12550.4,12555.2,12426.8,12432.8
1654606800,12432.8,12704.7,12410.6,12623.4
1654621200,12623.4,12738.4,12609.6,12678.8
1654635600,12678.8,12700.8,12660.8,12687
1654650000,12687,12709.2,12635.6,12637
1654664400,12637,12690.8,12622.4,12678.9
1654678800,12678.9,12719.8,12629.4,12653
1654693200,12653,12782.2,12605,12645.2
1654707600,12645.2,12657.2,12578.2,12622.2
1654722000,12622.2,12635.2,12583.2,12592.6
1654736400,12592.6,12605,12565.4,12595.2
1654750800,12595.2,12677.8,12568.6,12677.2
1654765200,12677.2,12724.2,12536.2,12556
1654779600,12556,12671.6,12504.8,12586.6
1654794000,12586.6,12606.6,12254.2,12297
1654808400,12297,12304.8,12261.4,12275.2
1654822800,12275.2,12330.4,12269.8,12287.6
1654837200,12287.6,12337.2,12257.6,12288.6
1654851600,12288.6,12330.4,12032.4,12033.8
1654866000,12033.8,12089.6,11821.6,11859.4
1654880400,11859.4,11972.2,11833.8,11861.8
1655067600,11861.8,11861.8,11609,11611.8
1655082000,11611.8,11643.8,11570,11599.1
1655096400,11599.1,11631.6,11433.3,11476.1
1655110800,11476.1,11537.4,11458.6,11492.6
1655125200,11492.6,11574.6,11317.4,11416.8
1655139600,11416.8,11464.6,11254.4,11330.5
1655154000,11330.5,11393.8,11312.2,11378
1655168400,11378,11451.8,11335.2,11435
1655182800,11435,11503,11375.6,11387.4
1655197200,11387.4,11444.3,11323.8,11385.4
1655211600,11385.4,11423.3,11238,11323.8
1655226000,11323.8,11421.6,11202.8,11327.2
1655240400,11327.2,11416.8,11327.2,11372.8
1655254800,11372.8,11414.6,11343.2,11349.2
1655269200,11349.2,11427.1,11325.6,11394.2
1655283600,11394.2,11482.4,11365.4,11461.2
1655298000,11461.2,11540.2,11426.6,11458.8
1655312400,11458.8,11760.6,11340.8,11591.2
1655326800,11591.2,11705.2,11591.2,11697.8
1655341200,11697.8,11739.4,11607.1,11608.6
1655355600,11608.6,11615,11263.6,11263.6
1655370000,11263.6,11390.3,11234.8,11324.2
1655384400,11324.2,11341.3,11095.6,11162.8
1655398800,11162.8,11203.2,11038.2,11173.6
1655413200,11173.6,11198.8,11131.8,11171.1
1655427600,11171.1,11255.9,11164.1,11249.1
1655442000,11249.1,11271.9,11164.8,11235.1
1655456400,11235.1,11290.2,11199.8,11210.2
1655470800,11210.2,11317.2,11088.6,11261
1655485200,11261,11364.6,11239,11277.6
1655672400,11277.6,11407,11277.6,11319
1655686800,11319,11358.6,11244.4,11314.6
1655701200,11314.6,11368.1,11298.6,11357.9
1655715600,11357.9,11371.6,11333.2,11337.6
1655730000,11337.6,11400,11303.2,11393.8
1655744400,11393.8,11395.3,11393.8,11395.1
1655758800,11395.1,11426.6,11366.6,11416
1655773200,11416,11474.4,11394.2,11459.4
1655787600,11459.4,11514.6,11401,11502.4
1655802000,11502.4,11507.4,11410.4,11426
1655816400,11426,11646.2,11425,11597.4
1655830800,11597.4,11611.4,11530,11551
1655845200,11551,11551,11491.2,11501.3
1655859600,11501.3,11512.2,11417.4,11440.2
1655874000,11440.2,11454.1,11288.8,11322.4
1655888400,11322.4,11396.6,11319.6,11385.2
1655902800,11385.2,11713.6,11357.4,11620.8
1655917200,11620.8,11685.8,11508,11511.4
1655931600,11511.4,11572.6,11429,11555
1655946000,11555,11562,11458.6,11524.6
1655960400,11524.6,11593.2,11454.3,11557.2
1655974800,11557.2,11673,11554.4,11612
1655989200,11612,11710.8,11511.6,11548
1656003600,11548,11735,11515.4,11654.8
1656018000,11654.8,11704.6,11653.6,11698.6
1656032400,11698.6,11833,11691.6,11821.6
1656046800,11821.6,11842.4,11774.1,11808.8
1656061200,11808.8,11833,11781.2,11793
1656075600,11793,12050.4,11789.6,11995
1656090000,11995,12116.2,11966.6,12099.4
1656277200,12099.4,12132,12041.2,12049.3
1656291600,12049.3,12197.8,12048,12175
1656306000,12175,12230,12095,12187.4
1656320400,12187.4,12196.4,12116.6,12127.8
1656334800,12127.8,12179.6,11988.8,12062
1656349200,12062,12066.6,11962.8,12042
1656363600,12042,12063.8,12022,12048.6
1656378000,12048.6,12055.4,11939.6,11992
1656392400,11992,12125.1,11990.2,12079.4
1656406800,12079.4,12094.2,12011.4,12038.4
1656421200,12038.4,12141.8,11729.6,11787.2
1656435600,11787.2,11787.6,11633.8,11654.8
1656450000,11654.8,11676.2,11629.2,11635.6
1656464400,11635.6,11689.6,11632.2,11680.6
1656478800,11680.6,11693.8,11598.2,11652.8
1656493200,11652.8,11692.6,11587.6,11630.2
1656507600,11630.2,11719,11535.2,11622.8
1656522000,11622.8,11698.2,11592,11662
1656536400,11662,11666.8,11622.3,11644.4
1656550800,11644.4,11645.1,11601.1,11619
1656565200,11619,11624.2,11462.4,11495
1656579600,11495,11550.2,11432,11483.8
1656594000,11483.8,11655.2,11321.8,11605
1656608400,11605,11637.8,11441.6,11481
1656622800,11481,11526.2,11451.8,11497.8
1656637200,11497.8,11506.6,11352.4,11373.1
1656651600,11373.1,11469,11353.8,11458.6
1656666000,11458.6,11497.1,11400,11466
1656680400,11466,11586.8,11372.4,11406.8
1656694800,11406.8,11600.6,11402.6,11589.4
1656882000,11589.4,11589.4,11499.4,11507.4
1656896400,11507.4,11522.6,11474.1,11497.6
1656910800,11497.6,11549.2,11486.4,11505.4
1656925200,11505.4,11552.6,11495.1,11537.6
1656939600,11537.6,11551.4,11504.2,11528.1
1656954000,11528.1,11528.1,11527.4,11527.4
1656968400,11527.4,11718.4,11527.4,11668
1656982800,11668,11674.2,11620.1,11644.1
1656997200,11644.1,11673.6,11493.2,11497.4
1657011600,11497.4,11530.6,11402.2,11409.8
1657026000,11409.8,11620.6,11359.2,11557.6
1657040400,11557.6,11789.4,11554.4,11785
1657054800,11785,11835.2,11748.8,11824.6
1657069200,11824.6,11847.2,11751.8,11772
1657083600,11772,11836.6,11705.8,11744
1657098000,11744,11797,11702.4,11782.6
1657112400,11782.6,11856.2,11727.8,11796.2
1657126800,11796.2,11947.6,11765.8,11878
1657141200,11878,11884.8,11836.8,11858.5
1657155600,11858.5,11890.2,11811,11889.2
1657170000,11889.2,11936.8,11868.6,11907.2
1657184400,11907.2,11923.6,11864.4,11903.2
1657198800,11903.2,12081.2,11887,12075.8
1657213200,12075.8,12141.6,12053.2,12093.3
1657227600,12093.3,12096.4,12066.4,12093.2
1657242000,12093.2,12103.8,12039.2,12068.8
1657256400,12068.8,12088,12035.4,12048.8
1657270800,12048.8,12098.2,11926.4,11985.2
1657285200,11985.2,12184.2,11952.6,12033.2
1657299600,12033.2,12163.2,12013.2,12134.5
1657486800,12134.5,12134.5,12066.8,12091.4
1657501200,12091.4,12091.4,11998.4,12010.4
1657515600,12010.4,12049.2,11970.9,12031.6
1657530000,12031.6,12058.4,12011.2,12042.2
1657544400,12042.2,12048.8,11826.8,11903.2
1657558800,11903.2,11978,11832.2,11873.8
1657573200,11873.8,11882.4,11783,11787.6
1657587600,11787.6,11808.2,11762.2,11780.8
1657602000,11780.8,11798.6,11733.4,11791.2
1657616400,11791.2,11899.2,11769.8,11881.4
1657630800,11881.4,11998.6,11779.2,11889.6
1657645200,11889.6,11917,11688,11754.4
1657659600,11754.4,11778.2,11736.4,11772
1657674000,11772,11794,11749,11780.8
1657688400,11780.8,11817.8,11745,11808.1
1657702800,11808.1,11943.6,11455.2,11536
1657717200,11536,11807.4,11498.4,11794
1657731600,11794,11828.4,11702.8,11708.8
1657746000,11708.8,11708.8,11639.2,11670
1657760400,11670,11739.8,11665.1,11725.4
1657774800,11725.4,11736.6,11576.6,11605.4
1657789200,11605.4,11660.8,11586.4,11632.1
1657803600,11632.1,11690.6,11486.8,11626
1657818000,11626,11809.8,11605.6,11782.8
1657832400,11782.8,11843,11782.8,11789.4
1657846800,11789.4,11834.4,11778.4,11814.2
1657861200,11814.2,11827.4,11739.4,11807.6
1657875600,11807.6,11881.8,11716.4,11867.8
1657890000,11867.8,11974.8,11829.8,11928.6
1657904400,11928.6,11996.2,11924.6,11994.4
1658091600,11994.4,12041.7,11994.4,12012
1658106000,12012,12082.8,12012,12078.2
1658120400,12078.2,12155,12064.8,12146.8
1658134800,12146.8,12148.4,12078.3,12101.6
1658149200,12101.6,12161.4,12065.6,12118.8
1658163600,12118.8,12124.2,11833.8,11891.2
1658178000,11891.2,11919.8,11876.8,11902
1658192400,11902,11928.2,11883,11886.8
1658206800,11886.8,11944.4,11864.6,11931.4
1658221200,11931.4,12007.4,11928.8,11998.2
1658235600,11998.2,12184.4,11968.4,12183
1658250000,12183,12303.4,12161,12293.6
1658264400,12293.6,12324.8,12273.6,12310.6
1658278800,12310.6,12333.2,12293.2,12317
1658293200,12317,12317.1,12251,12275
1658307600,12275,12298.8,12211.3,12242.8
1658322000,12242.8,12492.6,12233,12434
1658336400,12434,12475.6,12333.4,12403
1658350800,12403,12423.4,12386.4,12416.8
1658365200,12416.8,12432.4,12371,12419.8
1658379600,12419.8,12465.4,12380.8,12411.8
1658394000,12411.8,12534.5,12404.8,12500.8
1658408400,12500.8,12595.6,12349,12582
1658422800,12582,12630,12521,12547.8
1658437200,12547.8,12547.8,12504.6,12528.4
1658451600,12528.4,12545,12506.6,12513.8
1658466000,12513.8,12552.4,12498.8,12543.4
1658480400,12543.4,12591.8,12538.1,12571.8
1658494800,12571.8,12673.4,12381.8,12402.4
1658509200,12402.4,12405.8,12319,12401.4
1658696400,12401.4,12411.8,12366.6,12368.8
1658710800,12368.8,12401.8,12360.7,12391.8
1658725200,12391.8,12444.1,12364,12431.4
1658739600,12431.4,12473.4,12414.8,12426.8
1658754000,12426.8,12433,12264.2,12354.4
1658768400,12354.4,12370.4,12242,12300.4
1658782800,12300.4,12300.4,12252.6,12264.4
1658797200,12264.4,12293.8,12262.1,12283.8
1658811600,12283.8,12306.8,12270.8,12287.2
1658826000,12287.2,12308.4,12240.2,12256
1658840400,12256,12271.2,12081.6,12114.8
1658854800,12114.8,12171.6,12047.6,12171.4
1658869200,12171.4,12281.2,12170.4,12253.6
1658883600,12253.6,12278.6,12232.6,12273.4
1658898000,12273.4,12305.8,12243.4,12286.6
1658912400,12286.6,12293.6,12239.8,12272
1658926800,12272,12448.8,12251.8,12403.8
1658941200,12403.8,12664.8,12379.2,12556
1658955600,12556,12566.8,12526.8,12538
1658970000,12538,12559.4,12528.8,12541.8
1658984400,12541.8,12556.8,12472,12477.4
1658998800,12477.4,12599.8,12455.4,12554.6
1659013200,12554.6,12675,12424.2,12623.8
1659027600,12623.8,12927.6,12603.8,12902.4
1659042000,12902.4,12902.4,12850.8,12863.6
1659056400,12863.6,12902,12859.4,12878.6
1659070800,12878.6,12918.4,12832.6,12851.6
1659085200,12851.6,12876.2,12782,12813.6
1659099600,12813.6,12909,12723.2,12875
1659114000,12875,12987.2,12860.6,12954.8
1659301200,12954.8,12961.7,12886.6,12895.4
1659315600,12895.4,12915.2,12884.6,12906.2
1659330000,12906.2,12945.6,12882,12899.2
1659344400,12899.2,12966.4,12880.2,12880.6
1659358800,12880.6,13086.4,12830.6,12989
1659373200,12989,12989,12877,12960
1659387600,12960,12960,12901,12902.6
1659402000,12902.6,12908.4,12863,12884.2
1659416400,12884.2,12897.6,12822.6,12838.2
1659430800,12838.2,12859.8,12795.2,12830.8
1659445200,12830.8,13075.6,12799.4,13053.2
1659459600,13053.2,13055.4,12865.6,12898.4
1659474000,12898.4,12913.2,12846.2,12866.2
1659488400,12866.2,12925.2,12864.4,12902.2
1659502800,12902.2,12933,12871.8,12913
1659517200,12913,12995,12907.8,12978.8
1659531600,12978.8,13256.4,12968.4,13237.6
1659546000,13237.6,13289.6,13222.8,13228.8
1659560400,13228.8,13244.8,13206,13243.2
1659574800,13243.2,13249.8,13208.2,13222.4
1659589200,13222.4,13251.4,13207,13234
1659603600,13234,13333.6,13224,13296.2
1659618000,13296.2,13316.8,13163,13227
1659632400,13227,13325,13227,13305.8
1659646800,13305.8,13328.4,13293.4,13321.6
1659661200,13321.6,13360,13319.4,13348
1659675600,13348,13348.8,13289.4,13300.4
1659690000,13300.4,13326.4,13095.2,13113.4
1659704400,13113.4,13285.6,13061.4,13175.6
1659718800,13175.6,13217.6,13121.8,13192.4
1659906000,13192.4,13225.7,13143.6,13168.4
1659920400,13168.4,13208.6,13156.6,13206.6
1659934800,13206.6,13281.6,13204.4,13260.8
1659949200,13260.8,13324.4,13240.2,13323
1659963600,13323,13395,13134.2,13172.2
1659978000,13172.2,13207.6,13096.6,13189
1659992400,13189,13208.8,13166,13177.6
1660006800,13177.6,13200.6,13143.2,13192.4
1660021200,13192.4,13198.2,13143.8,13170.4
1660035600,13170.4,13177.2,13052.4,13076.2
1660050000,13076.2,13087.2,12945.6,12966.4
1660064400,12966.4,13041.4,12955.4,13038.2
1660078800,13038.2,13038.2,12996.8,13000.2
1660093200,13000.2,13023,12988,13003.8
1660107600,13003.8,13075.8,12964.4,13070
1660122000,13070,13355.1,13029.4,13309
1660136400,13309,13370,13219.6,13323.2
1660150800,13323.2,13389.4,13301.6,13362.2
1660165200,13362.2,13433,13350.4,13429.6
1660179600,13429.6,13437.6,13408.8,13416
1660194000,13416,13461.6,13367.2,13389.4
1660208400,13389.4,13489.8,13381.4,13484.6
1660222800,13484.6,13555,13342,13401.8
1660237200,13401.8,13422.2,13266,13326.8
1660251600,13326.8,13338.6,13291.8,13295
1660266000,13295,13328.4,13294,13320.4
1660280400,13320.4,13387.2,13315.4,13364.3
1660294800,13364.3,13384.6,13322,13372
1660309200,13372,13478.8,13338.8,13460.4
1660323600,13460.4,13561.6,13455.6,13559.2
1660510800,13559.2,13559.2,13518.2,13527.6
1660525200,13527.6,13539,13509,13525.4
1660539600,13525.4,13537,13481.2,13495.2
1660554000,13495.2,13530.4,13475,13485.2
1660568400,13485.2,13650,13483.8,13644.8
1660582800,13644.8,13688,13623.8,13660.2
1660597200,13660.2,13668,13640.2,13642.8
1660611600,13642.8,13663.8,13629.2,13652.4
1660626000,13652.4,13670,13609,13657.2
1660640400,13657.2,13663.6,13611.8,13630.2
1660654800,13630.2,13666,13505.2,13631.8
1660669200,13631.8,13722.6,13563.8,13645.4
1660683600,13645.4,13648.6,13617.8,13632.8
1660698000,13632.8,13636.2,13616.4,13633
1660712400,13633,13649.8,13554.8,13560.8
1660726800,13560.8,13578,13484.6,13498.6
1660741200,13498.6,13543.2,13384.8,13455.6
1660755600,13455.6,13593.8,13434.8,13488.8
1660770000,13488.8,13488.8,13417.6,13433
1660784400,13433,13458.8,13431,13441
1660798800,13441,13457.4,13388.4,13454.8
1660813200,13454.8,13534.8,13451.4,13495.6
1660827600,13495.6,13555.2,13400,13491.4
1660842000,13491.4,13552.6,13481.4,13518.6
1660856400,13518.6,13518.6,13475,13481.8
1660870800,13481.8,13500,13469.2,13472.4
1660885200,13472.4,13474.9,13351.6,13377.2
1660899600,13377.2,13401.8,13338.2,13361.2
1660914000,13361.2,13405.2,13226.8,13276.4
1660928400,13276.4,13289.6,13209.2,13231.6
1661115600,13231.6,13231.6,13157.2,13165.8
1661130000,13165.8,13202,13163.2,13170.2
1661144400,13170.2,13177.2,13034.2,13050.8
1661158800,13050.8,13073,13027.2,13045.4
1661173200,13045.4,13071.2,12925.6,12957.4
1661187600,12957.4,12959.8,12855.6,12913.6
1661202000,12913.6,12937.2,12903,12907.6
1661216400,12907.6,12928.4,12894.8,12898.3
1661230800,12898.3,12944.8,12803.8,12920
1661245200,12920,12933.4,12878.6,12880.8
1661259600,12880.8,12998.2,12846.2,12914
1661274000,12914,12941,12862.2,12868.4
1661288400,12868.4,12888.2,12859.6,12864.5
1661302800,12864.5,12867.2,12811.8,12853.8
1661317200,12853.8,12898.2,12805.8,12889.4
1661331600,12889.4,12917.4,12851.8,12885.8
1661346000,12885.8,12992.8,12833.4,12926.4
1661360400,12926.4,12955.6,12892.4,12940.2
1661374800,12940.2,12951.4,12909.4,12948.2
1661389200,12948.2,12970.4,12943.4,12965.8
1661403600,12965.8,13069.4,12958,13043.2
1661418000,13043.2,13048.2,12970,12991.2
1661432400,12991.2,13102,12946.4,13015.4
1661446800,13015.4,13147.8,13007.4,13131
1661461200,13131,13147.2,13116,13136.6
1661475600,13136.6,13144.9,13122.8,13125.2
1661490000,13125.2,13132,13073.8,13084.6
1661504400,13084.6,13152.5,13056,13143.8
1661518800,13143.8,13205.6,12746.2,12790.4
1661533200,12790.4,12805.6,12544.6,12547.4
1661720400,12547.4,12547.4,12393,12402.4
1661734800,12402.4,12477.8,12388.6,12453
1661749200,12453,12519.8,12419.6,12438.6
1661763600,12438.6,12504.8,12434.4,12480.8
1661778000,12480.8,12595.4,12434.4,12547.2
1661792400,12547.2,12591.2,12467.6,12491.2
1661806800,12491.2,12523,12469.2,12494
1661821200,12494,12550.8,12470.6,12535.6
1661835600,12535.6,12643.6,12514.6,12618
1661850000,12618,12636.8,12545.2,12547.6
1661864400,12547.6,12572,12255.2,12300.6
1661878800,12300.6,12370.8,12233.6,12345.9
1661893200,12345.9,12397.8,12332.1,12389
1661907600,12389,12462.8,12381.6,12437.8
1661922000,12437.8,12459.2,12353,12378.4
1661936400,12378.4,12458.4,12346,12441
1661950800,12441,12497,12286.2,12335.8
1661965200,12335.8,12376.8,12266.6,12296.6
1661979600,12296.6,12296.6,12112.4,12138.2
1661994000,12138.2,12177.8,12122.2,12149.8
1662008400,12149.8,12174.8,12101.6,12129
1662022800,12129,12225,12105,12167
1662037200,12167,12212,12007,12027.4
1662051600,12027.4,12287.6,12020,12279.2
1662066000,12279.2,12306.2,12263,12280.2
1662080400,12280.2,12299.8,12244,12288.8
1662094800,12288.8,12303.2,12232.8,12292.2
1662109200,12292.2,12391.8,12218.2,12353.2
1662123600,12353.2,12449.8,12187.6,12223.4
1662138000,12223.4,12223.4,12029,12119.2
1662325200,12119.2,12137.4,12043.4,12096.4
1662339600,12096.4,12124.8,12073.6,12104
1662354000,12104,12129.2,12055.4,12090
1662368400,12090,12110.4,12043.4,12083.8
1662382800,12083.8,12155.4,12082.8,12124.7
1662397200,12124.7,12125.4,12124.7,12125.1
1662411600,12125.1,12216.8,12100.8,12204.8
1662426000,12204.8,12221.8,12143.4,12147.2
1662440400,12147.2,12232.4,12136.4,12198.8
1662454800,12198.8,12223.8,12131.8,12157
1662469200,12157,12176.6,11918.6,12046.4
1662483600,12046.4,12054.8,11952.6,12012.8
1662498000,12012.8,12025.6,11914.8,11944.4
1662512400,11944.4,11979.6,11925.6,11974
1662526800,11974,12069.6,11962.6,12053.6
1662541200,12053.6,12054.6,11969.4,12004.2
1662555600,12004.2,12165.2,11997.8,12150
1662570000,12150,12297.6,12140.2,12255.2
1662584400,12255.2,12281,12241.2,12269.6
1662598800,12269.6,12285.8,12250.8,12279.6
1662613200,12279.6,12323.8,12216.4,12259
1662627600,12259,12284.2,12168,12173.8
1662642000,12173.8,12370.6,12109.2,12222.6
1662656400,12222.6,12343,12188.4,12340.6
1662670800,12340.6,12392,12323.8,12382
1662685200,12382,12408.6,12354.6,12401.6
1662699600,12401.6,12448.8,12350.8,12444.8
1662714000,12444.8,12475.6,12421.6,12438.8
1662728400,12438.8,12574.4,12400.6,12568.2
1662742800,12568.2,12607.6,12551.2,12584
1662930000,12584,12672.6,12584,12606
1662944400,12606,12611.8,12567.6,12576
1662958800,12576,12680.8,12575.6,12678.8
1662973200,12678.8,12690.8,12604.6,12637.2
1662987600,12637.2,12749.6,12623.2,12707.6
1663002000,12707.6,12767.6,12675.4,12765.8
1663016400,12765.8,12768.2,12744.4,12752
1663030800,12752,12760,12730.4,12742.4
1663045200,12742.4,12803.8,12737,12787.8
1663059600,12787.8,12877.2,12369.8,12369.8
1663074000,12369.8,12419,12175.6,12206.2
1663088400,12206.2,12249.4,11997.4,12041.9
1663102800,12041.9,12065.8,12002,12019.8
1663117200,12019.8,12069,12016.8,12051.2
1663131600,12051.2,12129.6,12010.4,12108
1663146000,12108,12115.8,11994.8,12074.2
1663160400,12074.2,12165,12006.8,12138.8
1663174800,12138.8,12166.6,12007.4,12164
1663189200,12164,12182,12140.8,12155
1663203600,12155,12174.8,12127.2,12138.4
1663218000,12138.4,12167.4,12118.6,12132.6
1663232400,12132.6,12152.4,12056.8,12096.4
1663246800,12096.4,12147.8,11903.2,11985.2
1663261200,11985.2,12065.4,11852.8,11888.4
1663275600,11888.4,11888.4,11807,11822.8
1663290000,11822.8,11839.2,11809.8,11819.8
1663304400,11819.8,11826.4,11766.2,11781.6
1663318800,11781.6,11833,11749.4,11753
1663333200,11753,11830.8,11693.4,11760.6
1663347600,11760.6,11879.4,11723.8,11877.3
1663534800,11877.3,11877.3,11803.6,11861.6
1663549200,11861.6,11867.8,11778.2,11802.6
1663563600,11802.6,11813,11732.8,11737.4
1663578000,11737.4,11789,11714.2,11770.6
1663592400,11770.6,11900.6,11736.8,11864.6
1663606800,11864.6,11988,11819.8,11968.6
1663621200,11968.6,12014.2,11963.4,11982.8
1663635600,11982.8,11984,11955.4,11977
1663650000,11977,12010.2,11897.2,11913.6
1663664400,11913.6,11917.4,11837.2,11861.2
1663678800,11861.2,11945,11808.8,11872.2
1663693200,11872.2,11890.4,11750.4,11870.2
1663707600,11870.2,11873.2,11831.2,11863.4
1663722000,11863.4,11869,11830.8,11852
1663736400,11852,11872.2,11783.3,11846.2
1663750800,11846.2,11909.2,11824.6,11896.8
1663765200,11896.8,11934.8,11858.8,11906.2
1663779600,11906.2,12065.4,11574.8,11593.2
1663794000,11593.2,11605.2,11500.6,11508.4
1663808400,11508.4,11558.2,11477.6,11544.6
1663822800,11544.6,11722.8,11524.2,11681.8
1663837200,11681.8,11684.2,11567.2,11644.2
1663851600,11644.2,11648.4,11437.2,11505.8
1663866000,11505.8,11611.5,11448.4,11492.8
1663880400,11492.8,11527,11485.2,11508.2
1663894800,11508.2,11511.8,11427.2,11439.2
1663909200,11439.2,11485,11398.2,11399.4
1663923600,11399.4,11404.2,11306.8,11337.6
1663938000,11337.6,11408.6,11224.8,11282.4
1663952400,11282.4,11319.6,11156.4,11314.6
1664139600,11314.6,11321.4,11226.6,11232.4
1664154000,11232.4,11291.4,11211.2,11222.4
1664168400,11222.4,11348.8,11183.8,11307.8
1664182800,11307.8,11317.2,11206.6,11311.4
1664197200,11311.4,11464.6,11236.8,11299.6
1664211600,11299.6,11333.8,11217.8,11240.8
1664226000,11240.8,11344.8,11225.6,11335.6
1664240400,11335.6,11349.2,11301.6,11326.2
1664254800,11326.2,11437.6,11313.2,11382
1664269200,11382,11451.2,11342,11401.4
1664283600,11401.4,11494.2,11160.8,11228.2
1664298000,11228.2,11294.6,11169.6,11289.8
1664312400,11289.8,11327.6,11278.3,11296.2
1664326800,11296.2,11310.6,11119.6,11168.8
1664341200,11168.8,11216.8,11104.2,11150.6
1664355600,11150.6,11290,11077,11256
1664370000,11256,11447.6,11201.2,11416.2
1664384400,11416.2,11551.4,11398.8,11479
1664398800,11479,11503.4,11459.8,11478.8
1664413200,11478.8,11495.6,11438.8,11483.8
1664427600,11483.8,11488.4,11298.6,11334.2
1664442000,11334.2,11406.4,11272.2,11307.6
1664456400,11307.6,11354.2,11097.2,11120.2
1664470800,11120.2,11192.4,11030.8,11171.4
1664485200,11171.4,11213,11146.2,11172.8
1664499600,11172.8,11209.8,11119.6,11153.6
1664514000,11153.6,11290.2,11150.8,11281
1664528400,11281,11283.4,11104.6,11178.8
1664542800,11178.8,11295.6,11082.4,11167.2
1664557200,11167.2,11177.6,10965.8,10998.8
1664744400,10998.8,10998.8,10831.2,10847.6
1664758800,10847.6,10964.6,10847,10916.2
1664773200,10916.2,11001,10893,10921.6
1664787600,10921.6,11066.8,10884.2,11045.6
1664802000,11045.6,11176.6,10980.6,11152.2
1664816400,11152.2,11304,11149.6,11255.8
1664830800,11255.8,11345.8,11226.2,11328.2
1664845200,11328.2,11370.2,11279.6,11356.2
1664859600,11356.2,11441.8,11350.4,11436.6
1664874000,11436.6,11495.2,11409.8,11457.2
1664888400,11457.2,11617.2,11439.6,11543.2
1664902800,11543.2,11605.4,11467.4,11584.8
1664917200,11584.8,11584.8,11512.8,11526.2
1664931600,11526.2,11552.6,11503.4,11514
1664946000,11514,11536.2,11449,11490.8
1664960400,11490.8,11507.8,11443.2,11453.2
1664974800,11453.2,11507.6,11308.8,11482.2
1664989200,11482.2,11650.2,11478.4,11569
1665003600,11569,11669,11555.8,11646
1665018000,11646,11652.8,11608,11640.4
1665032400,11640.4,11656.6,11507.4,11524.2
1665046800,11524.2,11600.4,11463.8,11561.4
1665061200,11561.4,11661,11466.4,11554.8
1665075600,11554.8,11579,11448.2,11449
1665090000,11449,11471.2,11419.6,11456
1665104400,11456,11505.9,11447.8,11449.8
1665118800,11449.8,11469.2,11395.3,11442.4
1665133200,11442.4,11484.6,11243,11295.2
1665147600,11295.2,11318.4,11064.6,11079
1665162000,11079,11095.6,10985.2,11038.6
1665349200,11038.6,11038.6,10928.6,10996
1665363600,10996,11023.3,10977.2,10998.8
1665378000,10998.8,11033,10937.4,10962.6
1665392400,10962.6,11070.4,10962.6,11069
1665406800,11069,11076,10848.2,10849
1665421200,10849,11009.4,10819.2,10936.8
1665435600,10936.8,10972.6,10911.1,10956.4
1665450000,10956.4,10971,10856.2,10868.4
1665464400,10868.4,10905.4,10796,10831
1665478800,10831,10932.6,10800.6,10885.4
1665493200,10885.4,10981.2,10730.6,10938
1665507600,10938,10951,10710.2,10822.2
1665522000,10822.2,10849.6,10779.2,10834.2
1665536400,10834.2,10870.3,10783,10846.8
1665550800,10846.8,10917.8,10818.2,10862.2
1665565200,10862.2,10915.6,10794.4,10829.6
1665579600,10829.6,10887,10747.8,10823.8
1665594000,10823.8,10860.6,10772.4,10795.2
1665608400,10795.2,10818.8,10793,10814.6
1665622800,10814.6,10820.2,10777.2,10783.8
1665637200,10783.8,10804.5,10745.6,10799.6
1665651600,10799.6,10937.2,10444.2,10484.6
1665666000,10484.6,11055.2,10427,10914.4
1665680400,10914.4,11084.6,10914.4,11007.8
1665694800,11007.8,11027.6,10963.8,11002.3
1665709200,11002.3,11126.6,10995.5,11089.2
1665723600,11089.2,11124.2,10948.3,10952.8
1665738000,10952.8,11195.2,10930.5,11162.6
1665752400,11162.6,11168,10725.6,10761.2
1665766800,10761.2,10794.2,10668.8,10688.6
1665954000,10688.6,10743.6,10674.8,10728.6
1665968400,10728.6,10745.6,10714.2,10730.4
1665982800,10730.4,10840.2,10728.8,10805.2
1665997200,10805.2,10891.8,10798,10886
1666011600,10886,11077.6,10886,11037.6
1666026000,11037.6,11092,11019.2,11081.2
1666040400,11081.2,11165,11081.2,11152
1666054800,11152,11309.8,11127.4,11278.2
1666069200,11278.2,11298.8,11205,11207
1666083600,11207,11344.6,11184.8,11338.4
1666098000,11338.4,11378.2,11031.2,11141.6
1666112400,11141.6,11285.2,11028.8,11272.2
1666126800,11272.2,11329.2,11254.8,11296.4
1666141200,11296.4,11324.4,11257.6,11261.8
1666155600,11261.8,11270.3,11121.6,11159
1666170000,11159,11238.8,11052,11077.4
1666184400,11077.4,11230.8,11054.8,11075.4
1666198800,11075.4,11167.4,11005.5,11106.4
1666213200,11106.4,11106.4,10992.2,11013.6
1666227600,11013.6,11057,10963.4,11036.6
1666242000,11036.6,11110,10984,11009.4
1666256400,11009.4,11173.6,11005.4,11038
1666270800,11038,11283.4,11037.8,11130.6
1666285200,11130.6,11137.6,10996.8,11014.6
1666299600,11014.6,11014.6,10938.8,10982.2
1666314000,10982.2,11016.6,10961.2,10975.2
1666328400,10975.2,11041,10931.4,10942.2
1666342800,10942.2,10981.9,10892.8,10937
1666357200,10937,11211.6,10936,11187.6
1666371600,11187.6,11341,11177.8,11333.2
1666558800,11333.2,11485.6,11333.2,11400.8
1666573200,11400.8,11404.4,11318.2,11373.2
1666587600,11373.2,11378.2,11215.8,11252.8
1666602000,11252.8,11404.6,11229.4,11359.2
1666616400,11359.2,11409.2,11163.4,11383.6
1666630800,11383.6,11470.6,11328.8,11415.4
1666645200,11415.4,11458.8,11406.8,11445.6
1666659600,11445.6,11450.8,11385.8,11440.2
1666674000,11440.2,11468.2,11419.6,11428.2
1666688400,11428.2,11448,11395.6,11433
1666702800,11433,11660.8,11432.8,11609.4
1666717200,11609.4,11686.8,11495.4,11541.2
1666731600,11541.2,11541.2,11397.2,11404
1666746000,11404,11461.2,11391.6,11446.4
1666760400,11446.4,11523.2,11430.6,11513.6
1666774800,11513.6,11513.6,11434.6,11461
1666789200,11461,11657.8,11388,11511.2
1666803600,11511.2,11511.2,11370.2,11430.4
1666818000,11430.4,11491.8,11372.8,11445.8
1666832400,11445.8,11471.6,11416.2,11456.6
1666846800,11456.6,11471.6,11382.8,11393.6
1666861200,11393.6,11412.2,11310.6,11391.8
1666875600,11391.8,11418.2,11202,11243.2
1666890000,11243.2,11291.6,10880.9,11050.4
1666904400,11050.4,11142.1,11050.4,11098
1666918800,11098,11142.4,11088.2,11099
1666933200,11099,11100.2,11015.4,11062.6
1666947600,11062.6,11172.4,11021.7,11103.8
1666962000,11103.8,11484,11092.2,11471.6
1666976400,11471.6,11578.4,11465.8,11578.2
1667163600,11578.2,11578.2,11472.6,11485.6
1667178000,11485.6,11532.8,11470,11511
1667192400,11511,11526,11437.8,11452.4
1667206800,11452.4,11498.4,11442.8,11457.8
1667221200,11457.8,11475.6,11320.8,11398.8
1667235600,11398.8,11451.6,11370.2,11413.2
1667250000,11413.2,11452.4,11405.4,11440.6
1667264400,11440.6,11458,11436.4,11442.8
1667278800,11442.8,11531.8,11441.8,11513
1667293200,11513,11572.2,11494.2,11560.4
1667307600,11560.4,11576.8,11274,11314
1667322000,11314,11341.8,11251.2,11283.6
1667336400,11283.6,11332,11281.4,11327.4
1667350800,11327.4,11345.8,11314.4,11332.8
1667365200,11332.8,11351.8,11298,11334.2
1667379600,11334.2,11342.8,11258.4,11294
1667394000,11294,11303,11153.4,11197.4
1667408400,11197.4,11421.2,10871,10904.6
1667422800,10904.6,10907.4,10863.6,10905.8
1667437200,10905.8,10949.2,10901.2,10937.8
1667451600,10937.8,10958,10858.8,10880.2
1667466000,10880.2,10895.8,10764.8,10766.2
1667480400,10766.2,10853.8,10671.2,10817.8
1667494800,10817.8,10823.8,10684.4,10695.4
1667509200,10695.4,10696.6,10655.8,10694.6
1667523600,10694.6,10743.4,10678.4,10737.4
1667538000,10737.4,10789.8,10711.8,10750.2
1667552400,10750.2,10839.2,10600,10835.2
1667566800,10835.2,10935.8,10645.2,10680.2
1667581200,10680.2,10886.2,10629.4,10841.4
1667772000,10841.4,10841.4,10749.6,10813.1
1667786400,10813.1,10861.2,10802.4,10828.4
1667800800,10828.4,10914.2,10783.2,10871.2
1667815200,10871.2,10941.6,10871.1,10896
1667829600,10896,10938.6,10817.6,10868.8
1667844000,10868.8,11008,10867.2,10984.4
1667858400,10984.4,11032.6,10974.4,11011.6
1667872800,11011.6,11011.8,10954.4,10962
1667887200,10962,11027.8,10925,11027.8
1667901600,11027.8,11062.6,11003.8,11051
1667916000,11051,11200.6,10976.4,11170
1667930400,11170,11188.8,10898.6,11058
1667944800,11058,11131.8,11052.3,11091.4
1667959200,11091.4,11115.4,11043.6,11067.4
1667973600,11067.4,11122,11001.8,11015
1667988000,11015,11075,10978,10990.8
1668002400,10990.8,11019.4,10895.2,10926.6
1668016800,10926.6,10942.2,10790,10810.4
1668031200,10810.4,10851,10803,10834.6
1668045600,10834.6,10858.8,10816,10846.4
1668060000,10846.4,10855,10808,10831.8
1668074400,10831.8,11282.4,10770.5,11272.8
1668088800,11272.8,11466,11237,11393.6
1668103200,11393.6,11644.6,11392.6,11644.6
1668117600,11644.6,11652,11594.4,11597.4
1668132000,11597.4,11689,11588.4,11686
1668146400,11686,11744.8,11672.2,11694.6
1668160800,11694.6,11710.4,11639.6,11669.4
1668175200,11669.4,11747.6,11537.4,11730.6
1668189600,11730.6,11844,11728,11803.4
1668376800,11803.4,11803.4,11734.4,11761
1668391200,11761,11776.2,11725.6,11725.6
1668405600,11725.6,11777.8,11719.4,11722.8
1668420000,11722.8,11770.4,11712.8,11740
1668434400,11740,11818.8,11668.4,11793.4
1668448800,11793.4,11864.8,11695.4,11735.2
1668463200,11735.2,11760.4,11728.2,11754.6
1668477600,11754.6,11793.6,11749.8,11784
1668492000,11784,11827.8,11781.8,11821.4
1668506400,11821.4,12084.8,11819.8,12041
1668520800,12041,12043.8,11910.2,11961.6
1668535200,11961.6,11972.6,11736.8,11865.6
1668549600,11865.6,11870.2,11806.2,11841.8
1668564000,11841.8,11896.2,11825.8,11890.6
1668578400,11890.6,11929,11869.4,11890.6
1668592800,11890.6,11920.2,11793.6,11799.2
1668607200,11799.2,11826.2,11674,11761.4
1668621600,11761.4,11776.4,11679.8,11741
1668636000,11741,11757.6,11721.6,11727.2
1668650400,11727.2,11744,11710.8,11730
1668664800,11730,11794.8,11681.4,11692.9
1668679200,11692.9,11716.6,11524,11527.6
1668693600,11527.6,11729.8,11496,11715.2
1668708000,11715.2,11742,11593.2,11712.6
1668722400,11712.6,11727.2,11683.6,11698
1668736800,11698,11716,11674.2,11682.8
1668751200,11682.8,11745.3,11640,11718.6
1668765600,11718.6,11810,11708.8,11800.6
1668780000,11800.6,11810.2,11574.2,11600.4
1668794400,11600.4,11708.2,11594,11678.4
1668981600,11678.4,11722.4,11631,11636.8
1668996000,11636.8,11655,11625.8,11648.2
1669010400,11648.2,11652.4,11585.6,11598.4
1669024800,11598.4,11623.2,11563.2,11620.2
1669039200,11620.2,11666.2,11520.6,11527.2
1669053600,11527.2,11601.6,11525,11555.6
1669068000,11555.6,11592.2,11551,11573.2
1669082400,11573.2,11585.2,11548.6,11550
1669096800,11550,11590.2,11493.8,11582
1669111200,11582,11607.6,11532.6,11603.8
1669125600,11603.8,11635.4,11495,11620.8
1669140000,11620.8,11726,11611.4,11706.6
1669154400,11706.6,11721.8,11688.6,11695.6
1669168800,11695.6,11708.6,11686.4,11707.6
1669183200,11707.6,11747.4,11694.4,11739.2
1669197600,11739.2,11759.2,11704.6,11724.8
1669212000,11724.8,11853.5,11708.4,11726.8
1669226400,11726.8,11858.8,11718.4,11842.2
1669240800,11842.2,11870.4,11841.6,11863.6
1669255200,11863.6,11867.6,11852.8,11853.4
1669269600,11853.4,11890.4,11840.8,11881.4
1669284000,11881.4,11898.8,11867.6,11885.8
1669298400,11885.8,11890.8,11865,11878.8
1669312800,11878.8,11878.8,11878.8,11878.8
1669327200,11878.8,11890,11868,11874.4
1669341600,11874.4,11884.2,11869.2,11871.4
1669356000,11871.4,11883.2,11812.8,11823.4
1669370400,11823.4,11840.2,11780.8,11785.2
1669384800,11785.2,11793.4,11732.4,11751
1669399200,11751,11759.2,11740.2,11754
1669586400,11754,11754,11637.4,11652
1669600800,11652,11667.4,11629.2,11640.8
1669615200,11640.8,11700.2,11618.1,11622.8
1669629600,11622.8,11685.8,11613.8,11685.4
1669644000,11685.4,11759.2,11634.2,11640.2
1669658400,11640.2,11659.6,11548.2,11597.2
1669672800,11597.2,11609.8,11584.4,11608.4
1669687200,11608.4,11648.8,11605,11647.4
1669701600,11647.4,11676.8,11620.6,11630.2
1669716000,11630.2,11655,11589.4,11607.4
1669730400,11607.4,11621.4,11438.2,11509.6
1669744800,11509.6,11526.8,11450,11493.4
1669759200,11493.4,11514.2,11470,11505.6
1669773600,11505.6,11518.8,11498.8,11505
1669788000,11505,11557.6,11500.6,11533.6
1669802400,11533.6,11568,11489.2,11492
1669816800,11492,11552.2,11469.8,11502.2
1669831200,11502.2,12047.5,11500.2,12044.4
1669845600,12044.4,12056,12017.6,12019
1669860000,12019,12052.2,11996.6,12042.8
1669874400,12042.8,12046,11962.8,11985.6
1669888800,11985.6,12102.2,11970,12048
1669903200,12048,12110,11914.4,12017.2
1669917600,12017.2,12068.4,11987.6,12006.8
1669932000,12006.8,12017.4,11967.8,11973.8
1669946400,11973.8,11997,11972.2,11992.2
1669960800,11992.2,12027.2,11986,12026.2
1669975200,12026.2,12037.2,11710.2,11794
1669989600,11794,11953.8,11759.2,11895.6
1670004000,11895.6,12025.8,11871.6,11962.3
1670191200,11962.3,11995.3,11962.3,11967.2
1670205600,11967.2,11980.8,11965.8,11978.4
1670220000,11978.4,11979.2,11926,11963.2
1670234400,11963.2,11980.8,11903.8,11910.2
1670248800,11910.2,11955,11798.6,11802.6
1670263200,11802.6,11831.2,11732.4,11798.6
1670277600,11798.6,11830.8,11787.6,11819.4
1670292000,11819.4,11828,11782.4,11790.2
1670306400,11790.2,11825.8,11768.4,11802.8
1670320800,11802.8,11832.6,11776.6,11808.6
1670335200,11808.6,11815.8,11565.4,11576.8
1670349600,11576.8,11591.4,11492.4,11557.2
1670364000,11557.2,11585.6,11556.6,11581
1670378400,11581,11585.4,11563.8,11567
1670392800,11567,11576.6,11502.6,11516
1670407200,11516,11531.8,11413.4,11494.8
1670421600,11494.8,11585.8,11430.8,11514.8
1670436000,11514.8,11549.8,11466.8,11490.4
1670450400,11490.4,11508.6,11425.6,11448.6
1670464800,11448.6,11489,11446,11485
1670479200,11485,11539.6,11478.8,11522.6
1670493600,11522.6,11589,11509.8,11566.6
1670508000,11566.6,11662.2,11468.4,11619.6
1670522400,11619.6,11676.6,11569.4,11628.4
1670536800,11628.4,11652.6,11616,11651.4
1670551200,11651.4,11679,11651.4,11673.2
1670565600,11673.2,11708,11657.4,11663.2
1670580000,11663.2,11733.8,11508.9,11609
1670594400,11609,11709.8,11541.6,11677.6
1670608800,11677.6,11677.6,11543.8,11546
1670796000,11546,11565.4,11516.2,11528.8
1670810400,11528.8,11556.2,11519,11550.4
1670824800,11550.4,11590.6,11540.8,11587.2
1670839200,11587.2,11608.9,11580.6,11586.4
1670853600,11586.4,11601.4,11524.4,11590
1670868000,11590,11708.6,11565.8,11690.6
1670882400,11690.6,11713,11682.8,11685.2
1670896800,11685.2,11721,11673.4,11716.8
1670911200,11716.8,11754.2,11699,11733.6
1670925600,11733.6,12229.2,11720,12156.8
1670940000,12156.8,12199,11721,11772
1670954400,11772,11882.8,11750.4,11824.8
1670968800,11824.8,11869.4,11824.8,11865.8
1670983200,11865.8,11886.2,11851.4,11871
1670997600,11871,11879.4,11808.6,11827.8
1671012000,11827.8,11849.4,11792.4,11818
1671026400,11818,11935,11795,11870
1671040800,11870,11948.9,11608.8,11768
1671055200,11768,11776.6,11736.2,11741.2
1671069600,11741.2,11747.6,11714.8,11744.2
1671084000,11744.2,11747,11571.2,11600
1671098400,11600,11617.6,11525.2,11561.8
1671112800,11561.8,11593.8,11320.8,11330.8
1671127200,11330.8,11380.4,11287.4,11338.8
1671141600,11338.8,11356.8,11333.4,11344.8
1671156000,11344.8,11374.6,11317.8,11347.6
1671170400,11347.6,11361.8,11200.2,11239.8
1671184800,11239.8,11308.2,11209.6,11286.8
1671199200,11286.8,11377.8,11178.4,11183.8
1671213600,11183.8,11286.6,11167.6,11211.4
1671400800,11211.4,11273,11211.4,11262.8
1671415200,11262.8,11269.2,11222.4,11237.2
1671429600,11237.2,11295.6,11235.2,11267.2
1671444000,11267.2,11300.8,11239.4,11246.4
1671458400,11246.4,11262.8,11071.2,11121.6
1671472800,11121.6,11144.6,11021.8,11075.4
1671487200,11075.4,11118.2,11075.4,11113.8
1671501600,11113.8,11117,10933.6,10963.6
1671516000,10963.6,11069.2,10956.6,11056
1671530400,11056,11077.6,11011.8,11027.8
1671544800,11027.8,11136.8,10956.8,11083.8
1671559200,11083.8,11117.8,11048.8,11084.6
1671573600,11084.6,11152.6,11084.6,11140.8
1671588000,11140.8,11146.8,11096.6,11114.6
1671602400,11114.6,11147.6,11089.2,11139.6
1671616800,11139.6,11141.6,11077.2,11127.2
1671631200,11127.2,11270.2,11071.4,11250.6
1671645600,11250.6,11289.6,11207.2,11257.2
1671660000,11257.2,11276.8,11241.4,11270.6
1671674400,11270.6,11283.6,11266.8,11275.2
1671688800,11275.2,11287.2,11239.2,11241.8
1671703200,11241.8,11241.8,11094.8,11106.2
1671717600,11106.2,11110.6,10812.6,10833.6
1671732000,10833.6,10985.8,10776.6,10950.4
1671746400,10950.4,10969.6,10917,10964.8
1671760800,10964.8,10984.6,10955.6,10958.6
1671775200,10958.6,10976.2,10932.8,10948.8
1671789600,10948.8,11048.6,10885.8,10955.9
1671804000,10955.9,11008.6,10822.8,10948.4
1671818400,10948.4,10994.2,10924.8,10974.2
1672092000,10974.2,11088.2,10974.2,11085.8
1672106400,11085.8,11089.4,11060.6,11066.8
1672120800,11066.8,11083.2,11023.5,11050
1672135200,11050,11059.2,10946.4,10961.2
1672149600,10961.2,10982.6,10802.2,10856.6
1672164000,10856.6,10874.6,10805.8,10819
1672178400,10819,10843.6,10797.4,10842.2
1672192800,10842.2,10843.6,10816.4,10820.2
1672207200,10820.2,10859.8,10798.2,10816.2
1672221600,10816.2,10857.4,10804.4,10821.8
1672236000,10821.8,10901.8,10678.8,10766
1672250400,10766,10801.2,10674.8,10702.8
1672264800,10702.8,10723.4,10695,10710.4
1672279200,10710.4,10723.4,10699.8,10717.4
1672293600,10717.4,10763.8,10716,10756.4
1672308000,10756.4,10821.4,10748.8,10808
1672322400,10808,10989,10774,10954.8
1672336800,10954.8,10987,10927.6,10947.4
1672351200,10947.4,10953,10922.2,10930.8
1672365600,10930.8,10947.2,10910.8,10922.2
1672380000,10922.2,10922.6,10860.8,10909
1672394400,10909,10927.4,10821.8,10841.2
1672408800,10841.2,10888,10773,10874.2
1672423200,10874.2,10971.2,10795.2,10960.4
1672696800,10960.4,11047,10870.8,10904.2
1672711200,10904.2,10975.6,10894.8,10969.2
1672725600,10969.2,11085.4,10953.2,11085.4
1672740000,11085.4,11089,10971.8,11035
1672754400,11035,11100.4,10768.8,10794.2
1672768800,10794.2,10895.2,10775.4,10865.6
1672783200,10865.6,10906.4,10851.4,10899.2
1672797600,10899.2,10910,10874.6,10899.2
1672812000,10899.2,10972.6,10886.8,10925
1672826400,10925,10969,10894.2,10945.6
1672840800,10945.6,10988.6,10785,10925
1672855200,10925,10984.8,10823.2,10904
1672869600,10904,10926.2,10898,10901
1672884000,10901,10910.8,10855.6,10903.6
1672898400,10903.6,10913.8,10852.6,10904.8
1672912800,10904.8,10967,10834.2,10850.8
1672927200,10850.8,10850.8,10736.2,10760.6
1672941600,10760.6,10838.2,10730.4,10761
1672956000,10761,10792.8,10755.2,10788.8
1672970400,10788.8,10810.1,10768.6,10774.2
1672984800,10774.2,10788.6,10703.6,10728.6
1672999200,10728.6,10893.6,10676.4,10868.4
1673013600,10868.4,10968.2,10692.2,10937.8
1673028000,10937.8,11089.8,10933.6,11032.2
1673215200,11032.2,11084.8,11032.2,11063.2
1673229600,11063.2,11102.6,11063,11092.2
1673244000,11092.2,11111,11046,11090.2
1673258400,11090.2,11120.8,11066.2,11099.6
1673272800,11099.6,11310.2,11095.6,11279.4
1673287200,11279.4,11292.2,11087,11108.6
1673301600,11108.6,11111,11068,11099
1673316000,11099,11102.4,11050,11085
1673330400,11085,11120.8,11076.6,11113.6
1673344800,11113.6,11130.6,11019.2,11052.6
1673359200,11052.6,11208,11042.8,11148.2
1673373600,11148.2,11217.6,11136.8,11209.6
1673388000,11209.6,11230,11198.6,11212.8
1673402400,11212.8,11220.2,11199.6,11207.2
1673416800,11207.2,11245,11169.2,11233.6
1673431200,11233.6,11257,11204.8,11252.6
1673445600,11252.6,11347.6,11220.2,11330.6
1673460000,11330.6,11408.2,11315.4,11403.8
1673474400,11403.8,11405.8,11392.2,11399.4
1673488800,11399.4,11420.6,11391.4,11410.8
1673503200,11410.8,11417.4,11380.2,11412.2
1673517600,11412.2,11490.6,11222.6,11474.6
1673532000,11474.6,11507.8,11240.4,11465.8
1673546400,11465.8,11503.2,11381.4,11451.6
1673560800,11451.6,11464.8,11416.2,11423.6
1673575200,11423.6,11425.6,11400.8,11420
1673589600,11420,11456.8,11418.2,11448
1673604000,11448,11462.6,11323.6,11334.2
1673618400,11334.2,11467.2,11318.6,11454.4
1673632800,11454.4,11548.2,11434.2,11530.8
1673820000,11530.8,11567,11511.8,11561.8
1673834400,11561.8,11564.6,11532.6,11534.2
1673848800,11534.2,11536,11439.4,11444.2
1673863200,11444.2,11524.8,11444.2,11516.8
1673877600,11516.8,11539.8,11490.6,11492.8
1673892000,11492.8,11493.2,11492.8,11493.2
1673906400,11493.2,11530.4,11481.4,11486.8
1673920800,11486.8,11499.6,11463.8,11472.8
1673935200,11472.8,11505.6,11459.6,11485.2
1673949600,11485.2,11517.6,11471.6,11493.2
1673964000,11493.2,11613.8,11479,11555.2
1673978400,11555.2,11579,11532.2,11551.6
1673992800,11551.6,11551.6,11511,11531.8
1674007200,11531.8,11620.8,11520.4,11569.8
1674021600,11569.8,11591,11543.8,11560
1674036000,11560,11650.6,11543.6,11619.8
1674050400,11619.8,11687.8,11435.4,11442.2
1674064800,11442.2,11474.2,11397.4,11412.2
1674079200,11412.2,11415.6,11377.6,11384.6
1674093600,11384.6,11405.2,11376,11390
1674108000,11390,11415.6,11351.4,11354.6
1674122400,11354.6,11364,11274.6,11317.2
1674136800,11317.2,11375.4,11237.8,11284.2
1674151200,11284.2,11382.8,11280.6,11324.2
1674165600,11324.2,11336.4,11311.6,11332.8
1674180000,11332.8,11335.6,11318.2,11333.8
1674194400,11333.8,11361.6,11297.6,11311.6
1674208800,11311.6,11376.8,11294.6,11338.4
1674223200,11338.4,11481.6,11312.6,11462.4
1674237600,11462.4,11615.6,11435.8,11606.4
1674424800,11606.4,11614.2,11579.8,11592
1674439200,11592,11607.2,11588.2,11597.2
1674453600,11597.2,11634.8,11582.6,11608
1674468000,11608,11651.8,11581.8,11625.2
1674482400,11625.2,11885.6,11601.4,11871
1674496800,11871,11911.6,11790.4,11863.8
1674511200,11863.8,11864.6,11841.8,11855
1674525600,11855,11873.2,11850.2,11859.8
1674540000,11859.8,11865,11829.6,11832.8
1674554400,11832.8,11836.8,11764.8,11777.6
1674568800,11777.6,11880.2,11767.6,11828.6
1674583200,11828.6,11938.6,11788.8,11901.1
1674597600,11901.1,11903.6,11727.4,11734.4
1674612000,11734.4,11762.6,11733,11750.2
1674626400,11750.2,11786.8,11712,11713.2
1674640800,11713.2,11717.8,11632.2,11639.2
1674655200,11639.2,11725.2,11533.8,11690.8
1674669600,11690.8,11858.2,11689.2,11816.8
1674684000,11816.8,11863.4,11808.8,11842.2
1674698400,11842.2,11878,11840.2,11876
1674712800,11876,11903.8,11856.8,11859.8
1674727200,11859.8,11950.8,11858.2,11938
1674741600,11938,12015.8,11845.6,11943.4
1674756000,11943.4,12060.6,11915.4,12006.8
1674770400,12006.8,12006.8,11982.4,11984.6
1674784800,11984.6,11996.6,11973.6,11990.6
1674799200,11990.6,11993.2,11964.4,11988.2
1674813600,11988.2,12025.8,11972,11990.6
1674828000,11990.6,12188.8,11980.8,12172.6
1674842400,12172.6,12254.8,12148.6,12169.2
1675029600,12169.2,12198.4,12130.8,12137.4
1675044000,12137.4,12140.2,12100.5,12116.6
1675058400,12116.6,12125.6,12002.6,12021
1675072800,12021,12044.6,11986.4,12032.6
1675087200,12032.6,12089.6,11929.8,11967.2
1675101600,11967.2,12004,11907.8,11936.6
1675116000,11936.6,11951.2,11924.8,11938.4
1675130400,11938.4,11943.6,11869,11876
1675144800,11876,11928.8,11854,11863.4
1675159200,11863.4,11963,11818,11948
1675173600,11948,12042.2,11916.6,12033.2
1675188000,12033.2,12103,12007.2,12066.2
1675202400,12066.2,12069.2,12031.8,12041
1675216800,12041,12065.8,12032.2,12056.2
1675231200,12056.2,12094.4,12049.6,12063.8
1675245600,12063.8,12115,12051,12082.4
1675260000,12082.4,12104.4,12023.6,12069.8
1675274400,12069.8,12470,12003,12453
1675288800,12453,12505.8,12453,12469.6
1675303200,12469.6,12491,12447.8,12476.4
1675317600,12476.4,12552.2,12454.8,12537
1675332000,12537,12613.6,12499.6,12607.7
1675346400,12607.7,12787.4,12593,12780.6
1675360800,12780.6,12894.3,12564.6,12620.4
1675375200,12620.4,12693,12601.2,12604.6
1675389600,12604.6,12622.2,12565.4,12607.2
1675404000,12607.2,12619.8,12528.4,12599.4
1675418400,12599.4,12707.2,12516,12536.2
1675432800,12536.2,12827.6,12497.8,12678.2
1675447200,12678.2,12685.4,12528.8,12565.6
1675634400,12565.6,12565.6,12499.4,12544
1675648800,12544,12551.6,12490.8,12520.8
1675663200,12520.8,12527.8,12436.2,12436.2
1675677600,12436.2,12486.8,12406.3,12449.6
1675692000,12449.6,12556.6,12406.2,12492.8
1675706400,12492.8,12521.6,12416.6,12461
1675720800,12461,12514.4,12459,12511.4
1675735200,12511.4,12512.4,12477.8,12486.6
1675749600,12486.6,12521.2,12424.4,12508.6
1675764000,12508.6,12516.6,12452.5,12468
1675778400,12468,12726.6,12426,12690.2
1675792800,12690.2,12766.8,12408,12689.2
1675807200,12689.2,12723.6,12687.4,12708.8
1675821600,12708.8,12756.2,12705.4,12751.6
1675836000,12751.6,12754,12665.8,12702.6
1675850400,12702.6,12730.4,12659,12668.2
1675864800,12668.2,12699.6,12469.8,12546.8
1675879200,12546.8,12577.8,12468.4,12517.6
1675893600,12517.6,12543,12499.8,12539.2
1675908000,12539.2,12570,12514.4,12549.6
1675922400,12549.6,12661.2,12544.6,12660.8
1675936800,12660.8,12678.6,12618.8,12671.6
1675951200,12671.6,12686.2,12457.8,12500
1675965600,12500,12521.8,12326.8,12409.6
1675980000,12409.6,12409.6,12361.2,12380.6
1675994400,12380.6,12383,12336,12363.4
1676008800,12363.4,12403.6,12288.8,12291.2
1676023200,12291.2,12307.9,12228.2,12288.6
1676037600,12288.6,12378.6,12201.2,12260.6
1676052000,12260.6,12326.2,12237.8,12299.2
1676239200,12299.2,12314,12223.2,12242.6
1676253600,12242.6,12271.8,12234.2,12261.2
1676268000,12261.2,12341.6,12257.6,12324.8
1676282400,12324.8,12390.6,12319.6,12341.5
1676296800,12341.5,12510.6,12309.6,12493.8
1676311200,12493.8,12524,12439.8,12502.8
1676325600,12502.8,12503.8,12473.4,12481.2
1676340000,12481.2,12489,12461.4,12475
1676354400,12475,12531.6,12472.2,12516.4
1676368800,12516.4,12641.5,12419,12474.2
1676383200,12474.2,12629,12347.2,12478.2
1676397600,12478.2,12621.2,12474.8,12574
1676412000,12574,12574,12527.4,12528.2
1676426400,12528.2,12530,12491.8,12512
1676440800,12512,12544.2,12483.6,12526.8
1676455200,12526.8,12571.6,12488.3,12535.6
1676469600,12535.6,12623.8,12476.4,12584
1676484000,12584,12708.2,12567.2,12700.2
1676498400,12700.2,12733.4,12683.8,12725.2
1676512800,12725.2,12744.2,12720,12726.6
1676527200,12726.6,12735.2,12679.8,12679.8
1676541600,12679.8,12690.8,12485.4,12511.2
1676556000,12511.2,12650.2,12448.4,12609.2
1676570400,12609.2,12637.6,12415.4,12425.8
1676584800,12425.8,12425.8,12379.2,12388.2
1676599200,12388.2,12388.2,12354.6,12359.8
1676613600,12359.8,12376,12298,12339
1676628000,12339,12361,12303.4,12350.2
1676642400,12350.2,12382.6,12228.8,12245.6
1676656800,12245.6,12373.2,12238.4,12349.6
1676844000,12349.6,12349.6,12312.6,12335.8
1676858400,12335.8,12372.2,12332.6,12363
1676872800,12363,12368.2,12319.8,12329.8
1676887200,12329.8,12383.2,12326.5,12368
1676901600,12368,12369.6,12332.4,12332.6
1676916000,12332.6,12332.6,12332.6,12332.6
1676930400,12332.6,12345.2,12300.6,12317.8
1676944800,12317.8,12327.2,12305.8,12316.2
1676959200,12316.2,12323.6,12194.6,12259.8
1676973600,12259.8,12265.6,12205.6,12206.2
1676988000,12206.2,12255.6,12107.4,12137.4
1677002400,12137.4,12141,12058,12077.6
1677016800,12077.6,12095.4,12064.8,12088.4
1677031200,12088.4,12108.4,12084.4,12087.4
1677045600,12087.4,12110.2,12030.2,12076
1677060000,12076,12129,12030,12096.4
1677074400,12096.4,12140.2,12000.2,12107.2
1677088800,12107.2,12163.2,12021.4,12139.2
1677103200,12139.2,12170.2,12123.4,12169.6
1677117600,12169.6,12184.2,12159,12162.4
1677132000,12162.4,12197.6,12122.4,12154.6
1677146400,12154.6,12208.2,12144,12192.8
1677160800,12192.8,12232.2,12001.6,12052.2
1677175200,12052.2,12221.6,12028.6,12164.4
1677189600,12164.4,12186.4,12135.4,12156.8
1677204000,12156.8,12166.4,12146.2,12149.4
1677218400,12149.4,12155.6,12094.8,12098.4
1677232800,12098.4,12105.5,11946.6,11970.8
1677247200,11970.8,12014.8,11895.2,11917
1677261600,11917,11993,11903.2,11972.4
1677448800,11972.4,12017.8,11962.2,12012.6
1677463200,12012.6,12016.8,11979.6,11983.6
1677477600,11983.6,12049.4,11978.6,12030.2
1677492000,12030.2,12124.6,12021.4,12110
1677506400,12110,12161,12037.8,12090.2
1677520800,12090.2,12116.2,12030.6,12066.2
1677535200,12066.2,12100,12060.4,12091.6
1677549600,12091.6,12097.4,12055.2,12057.2
1677564000,12057.2,12072.8,12001.6,12032
1677578400,12032,12117.6,12031,12068
1677592800,12068,12123.4,12013.4,12115
1677607200,12115,12144.2,11998.2,12012
1677621600,12012,12014.6,11960.8,12013.4
1677636000,12013.4,12049.2,12008.4,12043.2
1677650400,12043.2,12098.2,12042.8,12088.6
1677664800,12088.6,12112.6,12009.6,12010.2
1677679200,12010.2,12049.8,11896.4,11976.8
1677693600,11976.8,11978,11906.8,11956.4
1677708000,11956.4,11960.2,11824.5,11855.6
1677722400,11855.6,11887.6,11848.2,11856.2
1677736800,11856.2,11872.8,11801.4,11833.6
1677751200,11833.6,11887.2,11807,11812.2
1677765600,11812.2,11906.8,11810,11894.4
1677780000,11894.4,12065,11881.8,12020
1677794400,12020,12026.2,11986.2,11987.4
1677808800,11987.4,12011.6,11981.4,12006.8
1677823200,12006.8,12058.6,11987.8,12047.6
1677837600,12047.6,12111,12047.6,12108
1677852000,12108,12236.4,12081.2,12234
1677866400,12234,12297.2,12222,12296.2
1678053600,12296.2,12296.2,12245.4,12281.2
1678068000,12281.2,12347,12273,12311.8
1678082400,12311.8,12328,12272.8,12278.4
1678096800,12278.4,12350.2,12265.4,12336.4
1678111200,12336.4,12454.6,12316.6,12366
1678125600,12366,12375.4,12283.2,12289.8
1678140000,12289.8,12329,12281.6,12329
1678154400,12329,12342,12319.6,12324.8
1678168800,12324.8,12349.4,12300.6,12318.2
1678183200,12318.2,12339.4,12310,12313.4
1678197600,12313.4,12331.4,12151.4,12228.4
1678212000,12228.4,12231.8,12119.6,12151.8
1678226400,12151.8,12161.4,12128.8,12147.6
1678240800,12147.6,12153.4,12116,12134.4
1678255200,12134.4,12171.2,12126.2,12160.6
1678269600,12160.6,12193.4,12123.2,12154.8
1678284000,12154.8,12236.4,12086.6,12178.6
1678298400,12178.6,12234.6,12128.2,12226.2
1678312800,12226.2,12226.2,12171.8,12172.4
1678327200,12172.4,12206.2,12170.2,12200
1678341600,12200,12205.8,12132.5,12135.2
1678356000,12135.2,12245.6,12124.4,12242.8
1678370400,12242.8,12341.4,12205.2,12220.8
1678384800,12220.8,12231.8,11965.4,11996.6
1678399200,11996.6,11996.6,11931.2,11953.8
1678413600,11953.8,11960.2,11914.4,11938.6
1678428000,11938.6,12010.6,11911.2,11987.8
1678442400,11987.8,12096,11926,12057.6
1678456800,12057.6,12075.4,11854.2,11890.4
1678471200,11890.4,11910.6,11788,11882.4
1678654800,11882.4,12033.8,11841.6,11976.4
1678669200,11976.4,12065.8,11942.8,12038.6
1678683600,12038.6,12086.2,11914,11919.8
1678698000,11919.8,11995,11676.4,11774
1678712400,11774,12067,11696.4,11966.8
1678726800,11966.8,12076.4,11921.6,11950.8
1678741200,11950.8,11989.1,11932.9,11965.8
1678755600,11965.8,12012.2,11951.7,11988.6
1678770000,11988.6,12001.9,11929.9,11996.8
1678784400,11996.8,12076.2,11909,12061.1
1678798800,12061.1,12229.2,12051.3,12192.6
1678813200,12192.6,12218,12042,12209.6
1678827600,12209.6,12209.6,12184.4,12196.4
1678842000,12196.4,12247.2,12194,12219.6
1678856400,12219.6,12241.2,12194.8,12202.6
1678870800,12202.6,12205.2,11970.4,12025.2
1678885200,12025.2,12185,12001.6,12071.8
1678899600,12071.8,12280,12060.8,12268.8
1678914000,12268.8,12329.8,12256.6,12324.8
1678928400,12324.8,12334.8,12287.8,12320.6
1678942800,12320.6,12329.1,12261.4,12290.4
1678957200,12290.4,12302,12226.6,12246.6
1678971600,12246.6,12555.6,12187,12546.9
1678986000,12546.9,12605.8,12506.2,12584.6
1679000400,12584.6,12602.8,12566.8,12580.2
1679014800,12580.2,12611.8,12575.4,12610.4
1679029200,12610.4,12640.6,12589.6,12599
1679043600,12599,12615.8,12533.4,12550.8
1679058000,12550.8,12682.6,12445.4,12512.8
1679072400,12512.8,12575.2,12459.4,12520.8
1679259600,12520.8,12612.6,12520.8,12587
1679274000,12587,12587,12512.2,12532.6
1679288400,12532.6,12543.8,12401.6,12493.2
1679302800,12493.2,12563.8,12479.1,12547.8
1679317200,12547.8,12573.4,12405.6,12515.6
1679331600,12515.6,12586.4,12512.2,12579
1679346000,12579,12614,12558.8,12580.8
1679360400,12580.8,12587.2,12554,12574
1679374800,12574,12618.8,12568.6,12587.6
1679389200,12587.6,12668.6,12571.4,12640.8
1679403600,12640.8,12714.4,12590.4,12656.6
1679418000,12656.6,12774.4,12649,12751.6
1679432400,12751.6,12752.4,12734.6,12744.4
1679446800,12744.4,12763.2,12740.8,12758.6
1679461200,12758.6,12759.6,12686.8,12694.2
1679475600,12694.2,12743.8,12687.6,12730.7
1679490000,12730.7,12822,12728,12768.8
1679504400,12768.8,12959,12555.4,12580.2
1679518800,12580.2,12609.8,12576,12599.8
1679533200,12599.8,12652.4,12596.6,12649
1679547600,12649,12732,12640.8,12718.4
1679562000,12718.4,12720.9,12669.2,12699.4
1679576400,12699.4,12908,12680.6,12837.6
1679590800,12837.6,12855.6,12611.6,12751
1679605200,12751,12758.8,12714.6,12734.2
1679619600,12734.2,12748.6,12700.8,12735.4
1679634000,12735.4,12798.2,12701.2,12736.2
1679648400,12736.2,12754.4,12631.8,12686.2
1679662800,12686.2,12732.6,12606.6,12683.6
1679677200,12683.6,12806.6,12664.4,12802
1679864400,12802,12841.8,12785.1,12803.2
1679878800,12803.2,12843.2,12789.4,12824
1679893200,12824,12857.1,12731.4,12791.4
1679907600,12791.4,12839.2,12779.4,12796.8
1679922000,12796.8,12847,12648.2,12672.6
1679936400,12672.6,12750.6,12650.4,12695.6
1679950800,12695.6,12707.4,12683.6,12693.8
1679965200,12693.8,12704.8,12673.6,12683.4
1679979600,12683.4,12715.2,12634.2,12647.2
1679994000,12647.2,12678.6,12634.8,12654.2
1680008400,12654.2,12659.8,12532.4,12565
1680022800,12565,12636,12516.8,12630.2
1680037200,12630.2,12662.2,12624.6,12660
1680051600,12660,12673,12644.6,12667.6
1680066000,12667.6,12738.2,12665.6,12721.8
1680080400,12721.8,12742,12712.8,12735.2
1680094800,12735.2,12816.2,12734.6,12784.6
1680109200,12784.6,12880.6,12776.2,12848.8
1680123600,12848.8,12856.8,12819.6,12834.4
1680138000,12834.4,12849,12823.4,12844.2
1680152400,12844.2,12893.2,12841.6,12883.4
1680166800,12883.4,12954.8,12883.2,12939.4
1680181200,12939.4,12999.8,12916.4,12938.8
1680195600,12938.8,12986.8,12899.6,12976.4
1680210000,12976.4,13026,12959.6,13022.6
1680224400,13022.6,13026,13002.2,13017.6
1680238800,13017.6,13018.4,12963.8,12967.8
1680253200,12967.8,13015.6,12947.9,12983.8
1680267600,12983.8,13127.8,12969.4,13116
1680282000,13116,13199.4,13097.6,13196
1680469200,13196,13196,13088.2,13112.2
1680483600,13112.2,13124.2,13089.2,13113
1680498000,13113,13134.6,13091.6,13096.4
1680512400,13096.4,13119.4,13068.2,13100.8
1680526800,13100.8,13156.4,13042.6,13061.4
1680541200,13061.4,13170.6,13046.4,13153.4
1680555600,13153.4,13153.4,13126.6,13139
1680570000,13139,13150.2,13116,13139
1680584400,13139,13159.6,13122.6,13156
1680598800,13156,13237.8,13155.2,13192.8
1680613200,13192.8,13215.8,13075.6,13111.2
1680627600,13111.2,13139.6,13059.8,13122
1680642000,13122,13137.6,13116.2,13122.8
1680656400,13122.8,13131.2,13103.4,13109.6
1680670800,13109.6,13121.2,13067.6,13077.2
1680685200,13077.2,13126,13075,13090.8
1680699600,13090.8,13098.6,12896.8,12912.2
1680714000,12912.2,12983.2,12904.6,12962.2
1680728400,12962.2,12962.2,12926.6,12933.4
1680742800,12933.4,12933.4,12908.6,12917.2
1680757200,12917.2,12969.6,12909.4,12941.8
1680771600,12941.8,12961.2,12875.8,12910
1680786000,12910,13051.4,12845.2,13019.6
1680800400,13019.6,13085.8,13011.6,13057.8
1680814800,13057.8,13064.2,13045.8,13053.6
1680829200,13053.6,13059.6,13047.4,13055.6
1680843600,13055.6,13070.6,13048.6,13067.8
1680858000,13067.8,13084.6,13021.4,13062
1680872400,13062,13080.4,13061.8,13078.6
1681074000,13078.6,13097.6,13035.6,13038.8
1681088400,13038.8,13044.2,13025.8,13031.6
1681102800,13031.6,13037.4,13002.6,13036.2
1681117200,13036.2,13060.6,12948.2,12954.8
1681131600,12954.8,13013.6,12862.8,13008.6
1681146000,13008.6,13068.2,13004.8,13059.8
1681160400,13059.8,13081.2,13045.4,13056.6
1681174800,13056.6,13068,13041,13041
1681189200,13041,13085.4,13040,13085
1681203600,13085,13103.4,13020.8,13031
1681218000,13031,13057.8,12950.8,12997.6
1681232400,12997.6,13036.4,12964.8,12984.6
1681246800,12984.6,12999.6,12979.6,12986.6
1681261200,12986.6,12993,12969.8,12978
1681275600,12978,12993.8,12941.8,12979.8
1681290000,12979.8,13144,12953.4,13076.8
1681304400,13076.8,13092.8,12879.2,12988.6
1681318800,12988.6,13012.2,12841.4,12859.4
1681333200,12859.4,12861.8,12829.3,12860.8
1681347600,12860.8,12880.4,12852.8,12876.2
1681362000,12876.2,12912.2,12865.6,12877.8
1681376400,12877.8,12939.2,12860.6,12928.2
1681390800,12928.2,13060.6,12907.2,13050.8
1681405200,13050.8,13133.8,13033.8,13086.2
1681419600,13086.2,13121.2,13083.4,13112.6
1681434000,13112.6,13113.2,13094.6,13101.2
1681448400,13101.2,13122.6,13085.4,13088.2
1681462800,13088.2,13089.8,13006.8,13027.8
1681477200,13027.8,13160.6,12964,12975.8
1681491600,12975.8,13117.4,12966.4,13106
1681678800,13106,13120.4,13081.8,13083.2
1681693200,13083.2,13097.2,13080.6,13086.4
1681707600,13086.4,13123.8,13081.8,13093.8
1681722000,13093.8,13107.6,13062.6,13081.6
1681736400,13081.6,13111.8,12983.4,13016
1681750800,13016,13101.6,12997.2,13086.4
1681765200,13086.4,13091.2,13073.2,13075.2
1681779600,13075.2,13089.4,13066.4,13070.4
1681794000,13070.4,13155.6,13069.6,13148.2
1681808400,13148.2,13204.2,13142.6,13194.2
1681822800,13194.2,13203.6,13057.8,13086.6
1681837200,13086.6,13114,13052.2,13101.2
1681851600,13101.2,13101.2,13085.8,13092.8
1681866000,13092.8,13100.4,13076.4,13078.4
1681880400,13078.4,13081,13013,13028.8
1681894800,13028.8,13030,12979.6,12992.6
1681909200,12992.6,13120.8,12989.6,13105.2
1681923600,13105.2,13140.4,13070.8,13083.6
1681938000,13083.6,13083.6,13038.6,13056
1681952400,13056,13067.8,13037.8,13048.8
1681966800,13048.8,13051.8,12940.4,12949.8
1681981200,12949.8,12990.2,12943.4,12983.6
1681995600,12983.6,13090.8,12961.2,13089.6
1682010000,13089.6,13114.4,12937,13005.2
1682024400,13005.2,13020.8,12991.8,13020.8
1682038800,13020.8,13022.4,12995.6,12997.4
1682053200,12997.4,13005.8,12952.6,12999.2
1682067600,12999.2,13006,12920.2,12970
1682082000,12970,13015.8,12897.8,12991.8
1682096400,12991.8,13041.6,12976.8,12996.8
1682283600,12996.8,12996.8,12966.8,12977.4
1682298000,12977.4,12984.8,12962,12965.6
1682312400,12965.6,12966.6,12934.6,12954.2
1682326800,12954.2,13019.2,12950.6,13013.8
1682341200,13013.8,13053.8,12891.6,12936.8
1682355600,12936.8,12991.6,12926.8,12973.2
1682370000,12973.2,12984.4,12964.4,12966.2
1682384400,12966.2,12972.6,12929.8,12934.4
1682398800,12934.4,12952.2,12892.2,12917.8
1682413200,12917.8,12942.6,12909.6,12923.6
1682427600,12923.6,12940.2,12812.6,12831.2
1682442000,12831.2,12867.2,12727.2,12841.2
1682456400,12841.2,12917.2,12841.2,12906.6
1682470800,12906.6,12921,12890.4,12897
1682485200,12897,12917.4,12866.2,12897.2
1682499600,12897.2,12901.6,12810.6,12873
1682514000,12873,12937.2,12821.4,12880.4
1682528400,12880.4,12896,12789,12885.4
1682542800,12885.4,12893.8,12865.4,12871
1682557200,12871,12897.4,12861.4,12897.4
1682571600,12897.4,12940.6,12888,12916.4
1682586000,12916.4,12969.3,12897,12946.4
1682600400,12946.4,13098.8,12938.4,13097.4
1682614800,13097.4,13255.8,13088.4,13186
1682629200,13186,13186,13117,13132.4
1682643600,13132.4,13154.8,13115.4,13132
1682658000,13132,13160,13105.4,13114.2
1682672400,13114.2,13147.6,13094.6,13134
1682686800,13134,13217.6,13097.2,13212.8
1682701200,13212.8,13266.6,13185.6,13257.2
1682888400,13257.2,13257.2,13227.4,13245
1682902800,13245,13274.6,13236.8,13263.4
1682917200,13263.4,13298.2,13228,13244.4
1682931600,13244.4,13264.6,13216.4,13234.2
1682946000,13234.2,13281.4,13189.6,13277.4
1682960400,13277.4,13293.4,13215.6,13218.4
1682974800,13218.4,13228.2,13198.8,13207
1682989200,13207,13237,13205,13229.6
1683003600,13229.6,13264.6,13228.2,13232.4
1683018000,13232.4,13255,13214.2,13227.6
1683032400,13227.6,13243.8,13042.4,13103.6
1683046800,13103.6,13152.2,13095.6,13099.6
1683061200,13099.6,13125.4,13089,13121.6
1683075600,13121.6,13124,13104.2,13117.2
1683090000,13117.2,13143.4,13109.4,13137
1683104400,13137,13162,13127.6,13133
1683118800,13133,13172.4,13108.4,13157.8
1683133200,13157.8,13238.4,13011.2,13019.2
1683147600,13019.2,13045.4,12977,13035.4
1683162000,13035.4,13096.8,13031,13088.6
1683176400,13088.6,13101.2,13031.6,13062.2
1683190800,13062.2,13072.8,12991.8,13008.4
1683205200,13008.4,13036.4,12931.6,13025
1683219600,13025,13066.2,12967.6,12984.8
1683234000,12984.8,13053,12984.8,13048.4
1683248400,13048.4,13053.6,13034.4,13047.8
1683262800,13047.8,13052.8,13016.6,13047
1683277200,13047,13088.3,13027.8,13053.8
1683291600,13053.8,13216.4,13052.2,13210
1683306000,13210,13298.4,13208,13251
1683493200,13251,13272.4,13234.4,13245.6
1683507600,13245.6,13269.4,13237,13252.6
1683522000,13252.6,13274.6,13238.2,13241.6
1683536400,13241.6,13264,13228.2,13234.8
1683550800,13234.8,13271.8,13194.6,13269.4
1683565200,13269.4,13313.8,13232.2,13281.6
1683579600,13281.6,13285.4,13272.6,13275
1683594000,13275,13291.8,13274.2,13286.6
1683608400,13286.6,13290,13231.8,13241
1683622800,13241,13249.4,13219.8,13221.2
1683637200,13221.2,13262.8,13202,13230.8
1683651600,13230.8,13239.6,13199,13205.6
1683666000,13205.6,13230,13198.2,13223.6
1683680400,13223.6,13228.8,13211.6,13219.4
1683694800,13219.4,13230.2,13147.8,13177.6
1683709200,13177.6,13337.6,13170.4,13328.8
1683723600,13328.8,13378.4,13243.4,13277.4
1683738000,13277.4,13390.6,13208.2,13352.6
1683752400,13352.6,13384.4,13347.4,13377.8
1683766800,13377.8,13391.2,13371,13377.4
1683781200,13377.4,13405.4,13362.4,13392.2
1683795600,13392.2,13410.2,13347.8,13377.8
1683810000,13377.8,13403.2,13305.4,13394.4
1683824400,13394.4,13417.6,13337.4,13394.8
1683838800,13394.8,13427.6,13390.2,13424.6
1683853200,13424.6,13439,13417.8,13434.8
1683867600,13434.8,13435.6,13403.2,13427.6
1683882000,13427.6,13437.8,13399,13408.6
1683896400,13408.6,13432,13265.8,13274.4
1683910800,13274.4,13349.2,13257.6,13317.6
1684098000,13317.6,13325,13297.2,13305.8
1684112400,13305.8,13345.8,13304.6,13343.8
1684126800,13343.8,13389.6,13342.2,13378.6
1684141200,13378.6,13393.6,13360.6,13371
1684155600,13371,13400.8,13298.4,13399.8
1684170000,13399.8,13426,13365.2,13415.6
1684184400,13415.6,13419.4,13407.2,13417.6
1684198800,13417.6,13417.6,13404.4,13408.6
1684213200,13408.6,13444.4,13391.4,13426.6
1684227600,13426.6,13434.6,13382.8,13386
1684242000,13386,13507,13379.4,13501.8
1684256400,13501.8,13506.8,13430.4,13454.4
1684270800,13454.4,13454.4,13433.4,13451
1684285200,13451,13470,13451,13463.8
1684299600,13463.8,13468.4,13422.4,13454.8
1684314000,13454.8,13469.2,13438.4,13469.2
1684328400,13469.2,13562,13423.2,13553.4
1684342800,13553.4,13616.2,13553.4,13588.4
1684357200,13588.4,13593.2,13578.2,13578.2
1684371600,13578.2,13601.2,13575.8,13591.8
1684386000,13591.8,13622.8,13578.8,13611.6
1684400400,13611.6,13629.8,13585.4,13585.8
1684414800,13585.8,13802.2,13578.8,13738.2
1684429200,13738.2,13863.6,13707.4,13862.8
1684443600,13862.8,13910.8,13850.2,13882.8
1684458000,13882.8,13892.8,13865.2,13875.4
1684472400,13875.4,13882.6,13839,13877.4
1684486800,13877.4,13878.4,13828.6,13864.4
1684501200,13864.4,13879.4,13774,13803.6
1684515600,13803.6,13827.6,13766.8,13791.4
1684702800,13791.4,13814,13757.4,13809.8
1684717200,13809.8,13830.8,13804.2,13826.6
1684731600,13826.6,13827.8,13805.8,13814.6
1684746000,13814.6,13820,13777.2,13807.4
1684760400,13807.4,13898.8,13797.2,13853.6
1684774800,13853.6,13900.6,13826.6,13873
1684789200,13873,13911.4,13869.9,13902.8
1684803600,13902.8,13935,13880.4,13884.8
1684818000,13884.8,13893.6,13855.2,13865.2
1684832400,13865.2,13869.8,13795.8,13798.8
1684846800,13798.8,13835.3,13736.4,13754.8
1684861200,13754.8,13779.2,13671.2,13692.8
1684875600,13692.8,13714.8,13688.2,13711.2
1684890000,13711.2,13712.2,13688.4,13708.8
1684904400,13708.8,13711.8,13649.4,13680
1684918800,13680,13690.8,13603.8,13606
1684933200,13606,13634.4,13526.8,13562.4
1684947600,13562.4,13805,13538.2,13801.4
1684962000,13801.4,13842.8,13763,13810.2
1684976400,13810.2,13820.4,13783.6,13792.4
1684990800,13792.4,13844.4,13786.2,13844.2
1685005200,13844.2,13929,13842.6,13923.4
1685019600,13923.4,13962.4,13811.2,13934.2
1685034000,13934.2,13990.6,13900.8,13941.6
1685048400,13941.6,13946,13913.6,13927.6
1685062800,13927.6,13930.8,13884.2,13912.6
1685077200,13912.6,13954.6,13903.6,13948.4
1685091600,13948.4,14003.8,13925.8,13981.8
1685106000,13981.8,14291.2,13974.4,14284.6
1685120400,14284.6,14332.6,14258.6,14328.9
1685307600,14328.9,14409.6,14328.9,14369.6
1685322000,14369.6,14381.2,14348.4,14358.4
1685336400,14358.4,14396,14351.4,14362.8
1685350800,14362.8,14383.2,14331.6,14338
1685365200,14338,14375.2,14332.2,14370.2
1685394000,14370.2,14372.8,14344.4,14351.4
1685408400,14351.4,14362,14342.8,14357.2
1685422800,14357.2,14448.4,14349.8,14436.6
1685437200,14436.6,14533.4,14432.6,14489.6
1685451600,14489.6,14523.2,14361.4,14414.6
1685466000,14414.6,14415.6,14309.2,14379.8
1685480400,14379.8,14399.6,14353.6,14385.8
1685494800,14385.8,14386.4,14342,14343.4
1685509200,14343.4,14343.4,14303.4,14335.6
1685523600,14335.6,14357,14288,14292
1685538000,14292,14383,14223.8,14252.4
1685552400,14252.4,14337.8,14244.4,14261.6
1685566800,14261.6,14288.4,14247,14253
1685581200,14253,14304.6,14220,14256.4
1685595600,14256.4,14296.4,14249.4,14281
1685610000,14281,14307.6,14244.4,14267.8
1685624400,14267.8,14436.8,14223.4,14433.2
1685638800,14433.2,14499.2,14404.8,14468.3
1685653200,14468.3,14468.3,14449.6,14450.8
1685667600,14450.8,14484.1,14444,14478
1685682000,14478,14499.4,14464.6,14499.4
1685696400,14499.4,14535.1,14465,14482.4
1685710800,14482.4,14598.4,14440.8,14565.8
1685725200,14565.8,14578.6,14527.2,14561.2
1685912400,14561.2,14561.2,14487.6,14502
1685926800,14502,14520.6,14491.8,14499
1685941200,14499,14549.2,14494.4,14515.8
1685955600,14515.8,14542.8,14502.8,14534.8
1685970000,14534.8,14667,14531.8,14665.8
1685984400,14665.8,14669.4,14518.8,14558.2
1685998800,14558.2,14558.3,14531.8,14548.6
1686013200,14548.6,14574.8,14547.2,14563
1686027600,14563,14588.6,14541.8,14555.8
1686042000,14555.8,14568.6,14538.6,14546.6
1686056400,14546.6,14602.4,14479.8,14514
1686070800,14514,14584.2,14512.4,14575.6
1686085200,14575.6,14582.2,14556,14573
1686099600,14573,14574.6,14549.4,14561.6
1686114000,14561.6,14566.4,14518,14537
1686128400,14537,14594.8,14530.3,14578.6
1686142800,14578.6,14655.8,14355,14373.8
1686157200,14373.8,14393.6,14289.8,14301.2
1686171600,14301.2,14320.6,14290.6,14317.8
1686186000,14317.8,14320.8,14244,14254.8
1686200400,14254.8,14317.8,14240.8,14306
1686214800,14306,14354.6,14271.8,14342.8
1686229200,14342.8,14506.6,14311.8,14465.2
1686243600,14465.2,14509.8,14404.4,14504.2
1686258000,14504.2,14504.2,14466.6,14471.6
1686272400,14471.6,14489,14467.6,14472.2
1686286800,14472.2,14491.4,14444,14486
1686301200,14486,14540.4,14467.8,14535.2
1686315600,14535.2,14670.2,14479.8,14536.4
1686330000,14536.4,14598.4,14521.8,14549.6
1686517200,14549.6,14591.6,14538,14578.2
1686531600,14578.2,14585,14561.8,14569.8
1686546000,14569.8,14625.6,14567.6,14622.4
1686560400,14622.4,14637,14585.2,14618.6
1686574800,14618.6,14662,14566.8,14655.8
1686589200,14655.8,14813.4,14651.2,14811.2
1686603600,14811.2,14826.2,14797.2,14798.8
1686618000,14798.8,14853.7,14797,14848
1686632400,14848,14885.2,14842,14871.8
1686646800,14871.8,14913.2,14780.9,14913.2
1686661200,14913.2,14952.8,14770.2,14912.8
1686675600,14912.8,14931.2,14827.2,14928.8
1686690000,14928.8,14936.8,14909.8,14910
1686704400,14910,14929,14910,14919.8
1686718800,14919.8,14970.4,14900,14952.8
1686733200,14952.8,14962.8,14918.8,14923.4
1686747600,14923.4,15037.8,14872,14999.2
1686762000,14999.2,15065.2,14798.4,15054.6
1686776400,15054.6,15054.6,15028.4,15032.8
1686790800,15032.8,15035.8,14988.4,15015.2
1686805200,15015.2,15028.8,14944,14946.6
1686819600,14946.6,14958.6,14888.2,14944.8
1686834000,14944.8,15146.2,14935,15121.2
1686848400,15121.2,15262.6,15083.8,15189.8
1686862800,15189.8,15195,15149,15155.6
1686877200,15155.6,15175.6,15137.6,15166.2
1686891600,15166.2,15231.6,15157.8,15219.8
1686906000,15219.8,15263.6,15190.6,15254.8
1686920400,15254.8,15297.2,15150.8,15228.8
1686934800,15228.8,15234,15086.8,15128.2
1687122000,15128.2,15149.9,15098,15106.6
1687136400,15106.6,15124.8,15091,15097.6
1687150800,15097.6,15133.6,15080.8,15096.4
1687165200,15096.4,15108.8,15062.4,15083.4
1687179600,15083.4,15092.4,15058.8,15068.4
1687208400,15068.4,15085.6,15060.8,15078.2
1687222800,15078.2,15084,15053.6,15059.6
1687237200,15059.6,15078.8,14997.2,15006.2
1687251600,15006.2,15080.6,15001.8,15080.6
1687266000,15080.6,15137.8,14954.8,15094.4
1687280400,15094.4,15123.6,15065.8,15081.2
1687294800,15081.2,15106.8,15073.2,15101.2
1687309200,15101.2,15102.8,15079.4,15094.6
1687323600,15094.6,15099.8,15050,15080.6
1687338000,15080.6,15093.4,15020,15034.6
1687352400,15034.6,15052.6,14836.8,14895.6
1687366800,14895.6,14983.2,14867.2,14871.2
1687381200,14871.2,14891.4,14858.4,14870.8
1687395600,14870.8,14875.6,14843.6,14848.2
1687410000,14848.2,14850.4,14804.6,14826.8
1687424400,14826.8,14858.2,14804.4,14824.8
1687438800,14824.8,15018.6,14798.4,14968.6
1687453200,14968.6,15079.6,14924.6,15075.2
1687467600,15075.2,15076.2,15045.8,15046.8
1687482000,15046.8,15049.4,14970.2,14978.8
1687496400,14978.8,15018,14933.2,14941.6
1687510800,14941.6,14987.2,14862.8,14882.8
1687525200,14882.8,14970.4,14827.6,14964.2
1687539600,14964.2,14998.6,14874.8,14898.2
1687726800,14898.2,14947.4,14898.2,14937
1687741200,14937,14957.6,14919.2,14939.2
1687755600,14939.2,14940,14843.2,14853
1687770000,14853,14912.2,14851.8,14902.6
1687784400,14902.6,14995.6,14722.8,14758.8
1687798800,14758.8,14792.8,14697.8,14718.4
1687813200,14718.4,14738.8,14706.6,14720.6
1687827600,14720.6,14735.5,14707.4,14725.6
1687842000,14725.6,14768.6,14722.6,14752.2
1687856400,14752.2,14780.4,14734.8,14757.8
1687870800,14757.8,14917.4,14732.2,14903.6
1687885200,14903.6,14992.8,14890.2,14942.2
1687899600,14942.2,14946.6,14891.8,14898.6
1687914000,14898.6,14922.4,14890.8,14908.6
1687928400,14908.6,14931.2,14879,14888.4
1687942800,14888.4,14942.6,14875.8,14898.4
1687957200,14898.4,15072.6,14880.2,14941.2
1687971600,14941.2,15032.4,14919.2,15010.2
1687986000,15010.2,15037.6,15009.4,15028.8
1688000400,15028.8,15035,14995,15001
1688014800,15001,15017.4,14968,15011.8
1688029200,15011.8,15055.8,14981.6,14991.8
1688043600,14991.8,14998.8,14882,14944.8
1688058000,14944.8,14971.6,14892.8,14964.8
1688072400,14964.8,14980,14954.2,14964.2
1688086800,14964.2,14997.8,14964.2,14982.8
1688101200,14982.8,15023.8,14976.2,15019.8
1688115600,15019.8,15114.4,15017.2,15090.2
1688130000,15090.2,15231.6,15089.4,15210.6
1688144400,15210.6,15222.8,15163.6,15171.4
1688331600,15171.4,15215.6,15171.4,15189.4
1688346000,15189.4,15210.8,15184.6,15207.6
1688360400,15207.6,15245.4,15195.4,15235.4
1688374800,15235.4,15235.4,15185.4,15205.4
1688389200,15205.4,15243.8,15162,15219
1688403600,15219,15219.6,15205,15209.2
1688418000,15209.2,15209.2,15188.4,15197.2
1688432400,15197.2,15209.4,15188.4,15203.6
1688446800,15203.6,15214.2,15192,15199.4
1688461200,15199.4,15212.2,15195.6,15211.6
1688475600,15211.6,15222.2,15194.4,15197
1688504400,15197,15202.8,15183.6,15193.8
1688518800,15193.8,15208.6,15191.6,15192.6
1688533200,15192.6,15200,15139.8,15149
1688547600,15149,15155.4,15107.4,15135
1688562000,15135,15283.4,15129.8,15216
1688576400,15216,15243.8,15176.6,15206.6
1688590800,15206.6,15218,15184.8,15189.4
1688605200,15189.4,15207.2,15120.8,15140
1688619600,15140,15158.2,15117,15145.2
1688634000,15145.2,15158.4,15017.4,15045.2
1688648400,15045.2,15071.2,14964.2,15067.4
1688662800,15067.4,15104,15044,15074
1688677200,15074,15089.4,15066,15089
1688691600,15089,15094.4,15068.6,15075.2
1688706000,15075.2,15089.6,15028.6,15064.6
1688720400,15064.6,15165.4,15050.2,15070.2
1688734800,15070.2,15200.8,15031.6,15196.6
1688749200,15196.6,15222.8,15039.4,15059.4
1688936400,15059.4,15062.8,15005.8,15023.8
1688950800,15023.8,15037.6,14987.8,15009.8
1688965200,15009.8,15014.4,14945.2,14991
1688979600,14991,15062.4,14983.2,15033
1688994000,15033,15081.6,14935.8,15021.2
1689008400,15021.2,15089.6,15006.2,15063.6
1689022800,15063.6,15067.6,15048.6,15066.6
1689037200,15066.6,15074.8,15053.2,15067.2
1689051600,15067.2,15109.4,15051.8,15066.6
1689066000,15066.6,15111.2,15060.6,15101
1689080400,15101,15125.8,14981.6,15091.2
1689094800,15091.2,15154.4,15033.2,15139.8
1689109200,15139.8,15156.4,15131.6,15137.6
1689123600,15137.6,15166.4,15130.6,15157
1689138000,15157,15174.8,15145.4,15166.6
1689152400,15166.6,15300.4,15161.2,15277.4
1689166800,15277.4,15383.6,15220.4,15289.2
1689181200,15289.2,15353.6,15278.6,15334.6
1689195600,15334.6,15363.1,15332.6,15359.2
1689210000,15359.2,15405,15348.4,15373.8
1689224400,15373.8,15423.2,15364.6,15420.8
1689238800,15420.8,15456,15405.6,15434
1689253200,15434,15538.2,15426.8,15527.6
1689267600,15527.6,15617,15513.2,15575.2
1689282000,15575.2,15594.6,15556.6,15567.6
1689296400,15567.6,15604.8,15566.8,15598.8
1689310800,15598.8,15614.4,15574.8,15586.4
1689325200,15586.4,15600.4,15561.8,15586.2
1689339600,15586.2,15733,15578.4,15641
1689354000,15641,15642.6,15541.6,15570.6
1689541200,15570.6,15570.6,15538.2,15551.8
1689555600,15551.8,15564.6,15544.4,15557.4
1689570000,15557.4,15604.2,15552.6,15586.8
1689584400,15586.8,15588.8,15555.4,15584.8
1689598800,15584.8,15686.6,15579.8,15671.4
1689613200,15671.4,15758.4,15655.8,15702.4
1689627600,15702.4,15709,15685.6,15691.6
1689642000,15691.6,15702.4,15676,15692.4
1689656400,15692.4,15719.6,15690.4,15700.2
1689670800,15700.2,15713.6,15672.6,15688.8
1689685200,15688.8,15803.2,15609.8,15783.2
1689699600,15783.2,15905.6,15781.4,15824
1689714000,15824,15842.8,15821.2,15834.4
1689728400,15834.4,15843.4,15829.4,15833.6
1689742800,15833.6,15868.2,15833.6,15863.4
1689757200,15863.4,15890.6,15856.4,15885.6
1689771600,15885.6,15937.8,15823.8,15850.8
1689786000,15850.8,15875.6,15787.8,15816.4
1689800400,15816.4,15816.4,15718.6,15747.6
1689814800,15747.6,15772.2,15747.2,15764.8
1689829200,15764.8,15780,15697.8,15708.2
1689843600,15708.2,15748.8,15693.8,15708.6
1689858000,15708.6,15771,15561.2,15569.4
1689872400,15569.4,15590.2,15423.8,15473.6
1689886800,15473.6,15477.2,15430.8,15462.6
1689901200,15462.6,15487.2,15447.4,15476.2
1689915600,15476.2,15540.6,15466.4,15530.4
1689930000,15530.4,15574.8,15505.6,15573.4
1689944400,15573.4,15594.8,15425.6,15459.8
1689958800,15459.8,15541.2,15415.4,15446.8
1690146000,15446.8,15463.6,15433,15449.2
1690160400,15449.2,15461.6,15425.6,15443
1690174800,15443,15486.8,15420.2,15465.2
1690189200,15465.2,15487,15455.8,15465.6
1690203600,15465.6,15511,15378.2,15448
1690218000,15448,15500.4,15428.4,15471.6
1690232400,15471.6,15475.2,15452.8,15457.2
1690246800,15457.2,15466.8,15453,15459.2
1690261200,15459.2,15530.8,15458.6,15524
1690275600,15524,15529.8,15495.8,15508.4
1690290000,15508.4,15599.8,15485.2,15598.4
1690304400,15598.4,15638.8,15514.6,15624.6
1690318800,15624.6,15641.8,15522.8,15536.8
1690333200,15536.8,15563.4,15533,15551.2
1690347600,15551.2,15579.8,15543,15547
1690362000,15547,15556.4,15509.6,15517.2
1690376400,15517.2,15541.4,15418,15454.2
1690390800,15454.2,15612.2,15422.8,15529.2
1690405200,15529.2,15574.8,15529.2,15573.8
1690419600,15573.8,15627.2,15573.6,15613.4
1690434000,15613.4,15707.6,15601.4,15704.6
1690448400,15704.6,15746.5,15687,15723
1690462800,15723,15806.4,15665,15736.6
1690477200,15736.6,15749.8,15415.6,15486.4
1690491600,15486.4,15517.6,15469.8,15513.2
1690506000,15513.2,15572.2,15449,15518
1690520400,15518,15602.2,15517,15570
1690534800,15570,15650.2,15560.2,15643.6
1690549200,15643.6,15796.6,15617.6,15756.4
1690563600,15756.4,15782.8,15677.4,15747.4
1690750800,15747.4,15817.6,15742,15755.8
1690765200,15755.8,15763.6,15693.2,15706.2
1690779600,15706.2,15760.6,15698.6,15758.2
1690794000,15758.2,15796.2,15735,15787.4
1690808400,15787.4,15806,15707.2,15737.6
1690822800,15737.6,15791,15715.4,15784.2
1690837200,15784.2,15791.8,15767.4,15789.4
1690851600,15789.4,15803.8,15778,15784.2
1690866000,15784.2,15785.4,15709.2,15727.2
1690880400,15727.2,15743.2,15671.4,15688.2
1690894800,15688.2,15750.7,15643.4,15741.2
1690909200,15741.2,15763.8,15710,15724.4
1690923600,15724.4,15724.4,15599.2,15680.4
1690938000,15680.4,15704.2,15626,15632.2
1690952400,15632.2,15645.6,15506.6,15549.4
1690966800,15549.4,15634.4,15533.4,15594.6
1690981200,15594.6,15594.6,15329,15394.2
1690995600,15394.2,15427.4,15347.2,15366.4
1691010000,15366.4,15414.6,15366.4,15405
1691024400,15405,15421.6,15364.6,15367.4
1691038800,15367.4,15391.4,15254.6,15307.2
1691053200,15307.2,15360,15277.8,15293.6
1691067600,15293.6,15442.6,15265.6,15427.4
1691082000,15427.4,15470,15331.5,15367.4
1691096400,15367.4,15427,15349.8,15426.6
1691110800,15426.6,15454,15417,15434.6
1691125200,15434.6,15478.6,15404.8,15438.2
1691139600,15438.2,15463.4,15320.2,15432
1691154000,15432,15528.4,15311.2,15513.4
1691168400,15513.4,15516.4,15255,15281.6
1691355600,15281.6,15351.9,15281.6,15348.2
1691370000,15348.2,15362.2,15330.2,15352.2
1691384400,15352.2,15384,15322.4,15339.4
1691398800,15339.4,15360.8,15312.4,15359.6
1691413200,15359.6,15390.8,15252.8,15348.4
1691427600,15348.4,15423.8,15334.4,15419.8
1691442000,15419.8,15426.6,15403.4,15408.4
1691456400,15408.4,15408.6,15349.4,15370.8
1691470800,15370.8,15373.6,15331.2,15361.6
1691485200,15361.6,15363.8,15247.8,15304.2
1691499600,15304.2,15316.4,15150.2,15209.6
1691514000,15209.6,15305.8,15198.8,15287.6
1691528400,15287.6,15316.2,15279.6,15306.6
1691542800,15306.6,15329.6,15304.6,15315.2
1691557200,15315.2,15367.2,15313.6,15357.6
1691571600,15357.6,15358.2,15298.5,15307.2
1691586000,15307.2,15311.2,15085.1,15126.6
1691600400,15126.6,15243,15104.4,15140.2
1691614800,15140.2,15171.2,15136.4,15170.2
1691629200,15170.2,15183.6,15144.8,15168.8
1691643600,15168.8,15228.8,15155.8,15212.8
1691658000,15212.8,15291.8,15179.6,15264.4
1691672400,15264.4,15376.6,15133.4,15149.6
1691686800,15149.6,15184.2,15073.6,15153.6
1691701200,15153.6,15201,15153.4,15196.4
1691715600,15196.4,15200,15134.4,15139.8
1691730000,15139.8,15176.4,15091,15106.4
1691744400,15106.4,15130.2,15018.2,15031.8
1691758800,15031.8,15108.6,14972,14998.4
1691773200,14998.4,15075.8,14991.2,15041.6
1691960400,15041.6,15085.8,15038.4,15049.4
1691974800,15049.4,15055.2,14960,14987
1691989200,14987,15160.6,14986.8,15085.2
1692003600,15085.2,15104.2,14995.2,15020.8
1692018000,15020.8,15187.6,14974.2,15158.6
1692032400,15158.6,15224.2,15131.8,15222.8
1692046800,15222.8,15258.6,15217.6,15239.6
1692061200,15239.6,15277.6,15234.6,15262.6
1692075600,15262.6,15273,15131.4,15171.8
1692090000,15171.8,15177.8,15095.8,15126.6
1692104400,15126.6,15202.2,15051.4,15106.6
1692118800,15106.6,15129.2,15021.4,15055.8
1692133200,15055.8,15069.8,15024.8,15050.6
1692147600,15050.6,15076.6,15041,15051.8
1692162000,15051.8,15106.8,15033.4,15089.8
1692176400,15089.8,15093.4,15005.8,15009
1692190800,15009,15085.6,14951.8,14960.6
1692205200,14960.6,15031.2,14867.6,14882.6
1692219600,14882.6,14895.8,14843.6,14858.2
1692234000,14858.2,14894.2,14831.4,14884.6
1692248400,14884.6,14924.8,14849.2,14905.4
1692262800,14905.4,14961.2,14896.8,14953.8
1692277200,14953.8,14957.4,14800.6,14896
1692291600,14896,14901.2,14682.6,14688.4
1692306000,14688.4,14718,14674.8,14715
1692320400,14715,14733.2,14690.2,14706.4
1692334800,14706.4,14718.6,14667,14697
1692349200,14697,14702,14573.4,14592
1692363600,14592,14697,14552.8,14663.4
1692378000,14663.4,14751.6,14616.4,14693.8
1692565200,14693.8,14743,14693.8,14736.4
1692579600,14736.4,14736.4,14684,14701.8
1692594000,14701.8,14783.4,14669.4,14780.2
1692608400,14780.2,14807,14763,14763.8
1692622800,14763.8,14880.8,14741,14855.8
1692637200,14855.8,14968,14840,14926.2
1692651600,14926.2,14930.2,14897.8,14918
1692666000,14918,14937.6,14902,14915.6
1692680400,14915.6,15017.8,14907.8,15010.8
1692694800,15010.8,15072.6,14997.6,15042.4
1692709200,15042.4,15051.6,14889.6,14930
1692723600,14930,14966.2,14888.4,14920.8
1692738000,14920.8,14951.4,14914.2,14950.8
1692752400,14950.8,14984.4,14946.6,14968.6
1692766800,14968.6,15038.4,14964,15020.6
1692781200,15020.6,15030.8,14914,14939.4
1692795600,14939.4,15163,14936.6,15135
1692810000,15135,15310,15130,15309.4
1692824400,15309.4,15309.4,15252.4,15296.6
1692838800,15296.6,15354.8,15284,15348.6
1692853200,15348.6,15374.2,15324.6,15335.4
1692867600,15335.4,15351.6,15279.8,15296.4
1692882000,15296.4,15316,14903.6,14958
1692896400,14958,14971.4,14776.6,14790.4
1692910800,14790.4,14834,14790.4,14822.2
1692925200,14822.2,14830.6,14786.2,14803
1692939600,14803,14847.4,14745.6,14836.4
1692954000,14836.4,14877.6,14808.6,14858.6
1692968400,14858.6,15007.2,14712.4,14841.6
1692982800,14841.6,14984.8,14796.6,14928.2
1693170000,14928.2,14988.6,14928.2,14946
1693184400,14946,14977.7,14937.1,14948.4
1693198800,14948.4,14991.6,14935.2,14979.6
1693213200,14979.6,15051.2,14953.8,15049.6
1693227600,15049.6,15085.6,14951.8,15040.4
1693242000,15040.4,15077.8,14966.8,15066
1693256400,15066,15079.6,15047.2,15068
1693270800,15068,15085,15055.2,15079.2
1693285200,15079.2,15114.4,15037.2,15042.8
1693299600,15042.8,15081.8,15018.2,15041
1693314000,15041,15360.4,15028.2,15348.6
1693328400,15348.6,15399.6,15327.8,15395.8
1693342800,15395.8,15419,15391.6,15412.4
1693357200,15412.4,15436.2,15406,15409
1693371600,15409,15416.4,15346.2,15347.6
1693386000,15347.6,15419.6,15330,15395.8
1693400400,15395.8,15492.6,15343.8,15479.4
1693414800,15479.4,15490.2,15421,15483.2
1693429200,15483.2,15485,15469.2,15471.6
1693443600,15471.6,15498,15469.2,15474.6
1693458000,15474.6,15484.4,15451.8,15474
1693472400,15474,15511,15428,15476.2
1693486800,15476.2,15573.8,15449.2,15495
1693501200,15495,15564.8,15486.6,15506.4
1693515600,15506.4,15514.8,15491.6,15511.2
1693530000,15511.2,15526.2,15509.2,15517.2
1693544400,15517.2,15533,15471.2,15513
1693558800,15513,15621.8,15510.6,15606.4
1693573200,15606.4,15629,15422.8,15484.8
1693587600,15484.8,15495.8,15428.2,15480
1693774800,15480,15497.4,15469.4,15494.6
1693789200,15494.6,15510.8,15484.4,15502.2
1693803600,15502.2,15536.6,15498.2,15526.6
1693818000,15526.6,15538.6,15514.6,15519.8
1693832400,15519.8,15547,15480.8,15492.6
1693861200,15492.6,15502.5,15460.6,15463.2
1693875600,15463.2,15479,15457,15475.8
1693890000,15475.8,15481.2,15386.8,15419.2
1693904400,15419.2,15467.2,15405.6,15458.8
1693918800,15458.8,15545,15412.2,15526.2
1693933200,15526.2,15560.6,15487.4,15492.2
1693947600,15492.2,15506,15484,15499
1693962000,15499,15501.4,15468,15480.4
1693976400,15480.4,15491,15413,15457.2
1693990800,15457.2,15484.2,15441.2,15472.4
1694005200,15472.4,15487.8,15296.2,15309.8
1694019600,15309.8,15386.6,15293.4,15370.8
1694034000,15370.8,15376.6,15358.2,15360.6
1694048400,15360.6,15372.2,15336.6,15340
1694062800,15340,15341.4,15255.8,15279.4
1694077200,15279.4,15314.8,15169.6,15183
1694091600,15183,15262.6,15139.4,15224.6
1694106000,15224.6,15292,15218.6,15270.8
1694120400,15270.8,15273.2,15241.4,15253.2
1694134800,15253.2,15272,15238.6,15262.6
1694149200,15262.6,15327.8,15245.6,15247.6
1694163600,15247.6,15275.2,15207.6,15256.6
1694178000,15256.6,15374.4,15253.4,15312.6
1694192400,15312.6,15338.2,15253.6,15311
1694379600,15311,15333.2,15296.8,15309.4
1694394000,15309.4,15338.4,15295.4,15337.6
1694408400,15337.6,15399.6,15337.6,15368.4
1694422800,15368.4,15424.6,15366.8,15423.4
1694437200,15423.4,15448.8,15339.2,15403.6
1694451600,15403.6,15510.8,15395.8,15486.2
1694466000,15486.2,15486.2,15456.8,15460.6
1694480400,15460.6,15488.2,15456.2,15474.2
1694494800,15474.2,15493.4,15434,15440
1694509200,15440,15467,15427.4,15432.2
1694523600,15432.2,15472.6,15331.2,15376.4
1694538000,15376.4,15431.9,15301,15320.4
1694552400,15320.4,15326.6,15313.9,15321
1694566800,15321,15331,15289.6,15321.4
1694581200,15321.4,15346.4,15284.2,15297
1694595600,15297,15336.4,15223.2,15311.4
1694610000,15311.4,15426.6,15271.4,15411.2
1694624400,15411.2,15439.6,15328.6,15392.6
1694638800,15392.6,15417,15382.4,15415.8
1694653200,15415.8,15443.6,15407,15432
1694667600,15432,15452,15384.8,15415.8
1694682000,15415.8,15455.6,15387.6,15434.8
1694696400,15434.8,15529.2,15349.8,15525.4
1694710800,15525.4,15534.6,15473.4,15501.2
1694725200,15501.2,15514.4,15493.2,15507
1694739600,15507,15539.4,15494.4,15534.8
1694754000,15534.8,15538.8,15471.8,15475
1694768400,15475,15492.6,15438.8,15441.6
1694782800,15441.6,15453.2,15233,15285.8
1694797200,15285.8,15287.2,15181.8,15208.2
1694984400,15208.2,15243.2,15203.2,15239.8
1694998800,15239.8,15241.8,15219.4,15233.2
1695013200,15233.2,15251.7,15215.4,15236.4
1695027600,15236.4,15249,15154.6,15187.2
1695042000,15187.2,15292.4,15167.4,15267.4
1695056400,15267.4,15287.6,15211.8,15256
1695070800,15256,15268.8,15250.4,15256.4
1695085200,15256.4,15258.6,15226.2,15229.6
1695099600,15229.6,15268.8,15211.6,15260
1695114000,15260,15273.6,15214.6,15216
1695128400,15216,15220,15080.6,15138.6
1695142800,15138.6,15243.4,15133.4,15217.8
1695157200,15217.8,15219.4,15195.4,15199.2
1695171600,15199.2,15208,15176,15181
1695186000,15181,15239,15177,15236.2
1695200400,15236.2,15264.4,15221.6,15263.8
1695214800,15263.8,15269.2,15161.4,15215.4
1695229200,15215.4,15223.2,14960.7,14964.2
1695243600,14964.2,14981.2,14923.8,14931.4
1695258000,14931.4,14942.8,14914.2,14924.4
1695272400,14924.4,14945,14884.4,14891.8
1695286800,14891.8,14904.8,14776.8,14794.4
1695301200,14794.4,14856.6,14752.4,14790
1695315600,14790,14841.8,14683.2,14690.8
1695330000,14690.8,14713.2,14678.8,14699.6
1695344400,14699.6,14747.2,14685.8,14743.6
1695358800,14743.6,14769.4,14732.6,14758.6
1695373200,14758.6,14814.2,14747.6,14796.4
1695387600,14796.4,14871.2,14730.4,14852.4
1695402000,14852.4,14854.6,14696.8,14719.6
1695589200,14719.6,14758.6,14711.8,14732.2
1695603600,14732.2,14771.6,14731.2,14766.2
1695618000,14766.2,14789.8,14641.6,14683
1695632400,14683,14717.8,14643.6,14664.8
1695646800,14664.8,14786.8,14626.8,14734.8
1695661200,14734.8,14807.2,14694.8,14804.2
1695675600,14804.2,14804.2,14720.6,14730
1695690000,14730,14736.8,14704.4,14730.6
1695704400,14730.6,14739,14647.4,14710.2
1695718800,14710.2,14744.4,14687.8,14697
1695733200,14697,14697.8,14577,14618.2
1695747600,14618.2,14638.6,14521.4,14580.6
1695762000,14580.6,14604.6,14568.8,14586.4
1695776400,14586.4,14607.8,14583.6,14607.2
1695790800,14607.2,14650.8,14595.6,14636
1695805200,14636,14638.4,14588.8,14627.2
1695819600,14627.2,14660.8,14502.6,14515.8
1695834000,14515.8,14680,14445,14627.8
1695848400,14627.8,14651.4,14601.2,14645.6
1695862800,14645.6,14648.4,14570.4,14599.2
1695877200,14599.2,14633.4,14566.8,14575.8
1695891600,14575.8,14634.8,14535.4,14551.2
1695906000,14551.2,14807.6,14515.8,14751.4
1695920400,14751.4,14773.8,14672,14738
1695934800,14738,14754.4,14691.6,14693.2
1695949200,14693.2,14751.2,14686.6,14729.2
1695963600,14729.2,14824.8,14717.6,14798
1695978000,14798,14869.8,14781,14863
1695992400,14863,14920.8,14745.6,14755.4
1696006800,14755.4,14788.2,14670.8,14752.2
1696194000,14752.2,14858.6,14752.2,14825
1696208400,14825,14853.2,14822.2,14826.6
1696222800,14826.6,14870.2,14789.4,14824.8
1696237200,14824.8,14824.8,14705.2,14713.2
1696251600,14713.2,14908.6,14685.8,14755.8
1696266000,14755.8,14870.8,14730.8,14858.8
1696280400,14858.8,14866.6,14818.6,14853.2
1696294800,14853.2,14859.6,14816.4,14817
1696309200,14817,14893.2,14806,14868.6
1696323600,14868.6,14871.6,14710,14715.4
1696338000,14715.4,14836.4,14573.2,14628.8
1696352400,14628.8,14650.6,14517.6,14579.4
1696366800,14579.4,14598.6,14552.8,14563.2
1696381200,14563.2,14568.2,14507.2,14550.2
1696395600,14550.2,14552.4,14455.6,14538.8
1696410000,14538.8,14664.8,14534,14642.2
1696424400,14642.2,14767.8,14600.6,14745.4
1696438800,14745.4,14824.8,14674,14772
1696453200,14772,14788,14757.4,14785.8
1696467600,14785.8,14814.4,14776.2,14802.2
1696482000,14802.2,14803,14737.6,14739
1696496400,14739,14827.2,14720.3,14759.6
1696510800,14759.6,14795,14585.6,14673.8
1696525200,14673.8,14776.6,14641.8,14729.8
1696539600,14729.8,14743,14715.4,14741.2
1696554000,14741.2,14748,14723,14727.2
1696568400,14727.2,14763.2,14706.6,14736.6
1696582800,14736.6,14791.6,14530.4,14553.6
1696597200,14553.6,14941,14540.4,14919.2
1696611600,14919.2,15031.2,14910,15010.6
1696798800,15010.6,15010.6,14860.6,14888.6
1696813200,14888.6,14888.6,14850,14864.8
1696827600,14864.8,14904,14843.6,14887.6
1696842000,14887.6,14898.8,14843.4,14858.4
1696856400,14858.4,14971.2,14820.8,14939.2
1696870800,14939.2,15088.6,14937.8,15068.6
1696885200,15068.6,15097.8,15064.2,15090.4
1696899600,15090.4,15113.2,15082.6,15087.8
1696914000,15087.8,15114.4,15063.6,15105.4
1696928400,15105.4,15113.2,15049.6,15072
1696942800,15072,15260,15056.4,15238
1696957200,15238,15238,15132.4,15159.4
1696971600,15159.4,15178.4,15151.6,15162.4
1696986000,15162.4,15181,15159.2,15169.6
1697000400,15169.6,15193,15150.8,15178.6
1697014800,15178.6,15222.6,15161.8,15214
1697029200,15214,15263.8,15154.8,15182
1697043600,15182,15294.6,15132.2,15290.4
1697058000,15290.4,15309.4,15276.6,15303.2
1697072400,15303.2,15308,15291.2,15307
1697086800,15307,15326.6,15292.4,15315.8
1697101200,15315.8,15326,15241,15269.8
1697115600,15269.8,15348.6,15245,15315.4
1697130000,15315.4,15318.2,15096.6,15203
1697144400,15203,15221,15193.8,15212.4
1697158800,15212.4,15225,15198.6,15199.6
1697173200,15199.6,15219.8,15168.2,15175.4
1697187600,15175.4,15212.8,15097.8,15208.6
1697202000,15208.6,15246.4,14989.8,15044.6
1697216400,15044.6,15052.6,14946.6,14991.2
1697403600,14991.2,15071,14991.2,15053
1697418000,15053,15071.2,15036,15049.2
1697432400,15049.2,15068.8,14967.2,15014.8
1697446800,15014.8,15063.6,14975.6,15055.2
1697461200,15055.2,15209.2,15049.4,15172
1697475600,15172,15226.6,15102.4,15194.6
1697490000,15194.6,15195.9,15161.8,15174.6
1697504400,15174.6,15177.8,15153.2,15155.8
1697518800,15155.8,15191.2,15128.6,15137.8
1697533200,15137.8,15169.8,15053.4,15056.6
1697547600,15056.6,15202.2,14940.6,15166.6
1697562000,15166.6,15177,15071.8,15134.6
1697576400,15134.6,15134.6,15079.8,15083.6
1697590800,15083.6,15121.4,15078.8,15104.4
1697605200,15104.4,15116.2,15056.4,15096.8
1697619600,15096.8,15106.6,15018.6,15021.8
1697634000,15021.8,15116.2,14976.6,14984.4
1697648400,14984.4,15068.4,14875,14956.6
1697662800,14956.6,14956.6,14922,14942.8
1697677200,14942.8,14952.4,14876.8,14907.8
1697691600,14907.8,14929.4,14833,14884.8
1697706000,14884.8,14985.4,14881.2,14979.4
1697720400,14979.4,15033.8,14823,14951
1697734800,14951,15013.5,14735.4,14743.4
1697749200,14743.4,14750.2,14717.2,14743.8
1697763600,14743.8,14751.6,14713.8,14745.6
1697778000,14745.6,14782.4,14692,14763
1697792400,14763,14765.8,14700,14722.4
1697806800,14722.4,14781.4,14556,14675
1697821200,14675,14705,14549.8,14554.6
1698008400,14554.6,14616.2,14554.6,14609
1698022800,14609,14619.4,14588.2,14603.6
1698037200,14603.6,14612.4,14532.4,14535.8
1698051600,14535.8,14535.8,14424.6,14510
1698066000,14510,14759.4,14418.8,14758.8
1698080400,14758.8,14760.8,14610.6,14658.8
1698094800,14658.8,14674.2,14636.6,14649.4
1698109200,14649.4,14680.6,14631.2,14680.4
1698123600,14680.4,14733,14652.2,14687.8
1698138000,14687.8,14729.2,14683.8,14712.8
1698152400,14712.8,14788.6,14618.2,14634.8
1698166800,14634.8,14860.2,14630.4,14743.8
1698181200,14743.8,14765.8,14688.1,14711.8
1698195600,14711.8,14727,14692.2,14700.4
1698210000,14700.4,14703.4,14625,14670.6
1698224400,14670.6,14701.6,14643.8,14658.8
1698238800,14658.8,14669.8,14454,14467.6
1698253200,14467.6,14475.4,14364.4,14379
1698267600,14379,14379,14244.6,14252.2
1698282000,14252.2,14263.8,14218.2,14230.6
1698296400,14230.6,14257.2,14172.6,14246.2
1698310800,14246.2,14328.6,14218.4,14319.2
1698325200,14319.2,14374.2,14065.4,14071.4
1698339600,14071.4,14252.2,14060.4,14129.6
1698354000,14129.6,14237.6,14129.6,14201
1698368400,14201,14242.6,14198,14239.6
1698382800,14239.6,14262,14196.2,14259.2
1698397200,14259.2,14263.2,14190.4,14234.4
1698411600,14234.4,14327.2,14194.2,14225.8
1698426000,14225.8,14234.2,14131.8,14191.2
1698613200,14191.2,14265.8,14191.2,14259.4
1698627600,14259.4,14271.6,14246.4,14254.8
1698642000,14254.8,14304.4,14246.4,14280.8
1698656400,14280.8,14312,14266.2,14280.6
1698670800,14280.6,14396.6,14226.8,14257.2
1698685200,14257.2,14398.6,14248.4,14338.4
1698699600,14338.4,14343.2,14296.6,14310
1698714000,14310,14314.8,14254.8,14265.8
1698728400,14265.8,14344.2,14247.8,14342.6
1698742800,14342.6,14380.4,14307.2,14339.8
1698757200,14339.8,14367.2,14238.6,14362.8
1698771600,14362.8,14430.4,14340.4,14380.2
1698786000,14380.2,14406.2,14372,14381.4
1698800400,14381.4,14404.6,14368,14401.2
1698814800,14401.2,14420.4,14358.6,14367.6
1698829200,14367.6,14441.4,14339.4,14426.6
1698843600,14426.6,14577.4,14396.9,14515
1698858000,14515,14689.8,14487.2,14688.8
1698872400,14688.8,14735.6,14688.2,14725.4
1698886800,14725.4,14744.8,14724.2,14732.2
1698901200,14732.2,14773.2,14709,14765.8
1698915600,14765.8,14880.4,14765.8,14873.4
1698930000,14873.4,14899.4,14797.2,14880.2
1698944400,14880.2,14944.8,14862,14898
1698958800,14898,14898,14861,14880.6
1698973200,14880.6,14894.6,14876.6,14885.2
1698987600,14885.2,14895.6,14868.2,14872.6
1699002000,14872.6,14993.6,14860.6,14974
1699016400,14974,15123.8,14947.6,15116.8
1699030800,15116.8,15158.4,15086.8,15114.2
1699221600,15114.2,15131.6,15092,15107.8
1699236000,15107.8,15118.8,15103.8,15110
1699250400,15110,15146.4,15108,15141.8
1699264800,15141.8,15153.8,15118.6,15134.4
1699279200,15134.4,15186.6,15114,15140.8
1699293600,15140.8,15171.2,15073.6,15157.8
1699308000,15157.8,15157.8,15134.8,15150.4
1699322400,15150.4,15152.6,15131.8,15143
1699336800,15143,15161.6,15119.2,15128.6
1699351200,15128.6,15187.8,15111.2,15187.8
1699365600,15187.8,15337.6,15159.4,15307.4
1699380000,15307.4,15347.2,15289.8,15311.8
1699394400,15311.8,15311.8,15294.6,15300.6
1699408800,15300.6,15310.4,15281.6,15283.6
1699423200,15283.6,15303,15271.8,15293.8
1699437600,15293.8,15323.4,15284.2,15309.2
1699452000,15309.2,15352.2,15222.2,15264.4
1699466400,15264.4,15329.4,15254.8,15294.2
1699480800,15294.2,15309.4,15278.2,15301.6
1699495200,15301.6,15313.4,15293.4,15301.4
1699509600,15301.4,15329.6,15294.2,15306.2
1699524000,15306.2,15336.8,15295.6,15335.4
1699538400,15335.4,15389.2,15278.8,15354.6
1699552800,15354.6,15357.2,15175.8,15194.4
1699567200,15194.4,15194.4,15144.8,15178.4
1699581600,15178.4,15190.8,15170.6,15183.2
1699596000,15183.2,15209,15146.4,15176.8
1699610400,15176.8,15257.4,15144.4,15255
1699624800,15255,15478,15242.6,15462.4
1699639200,15462.4,15552.4,15442.4,15521.6
1699826400,15521.6,15540,15480.2,15481.4
1699840800,15481.4,15484.6,15448.8,15458.4
1699855200,15458.4,15494.8,15453.4,15490.2
1699869600,15490.2,15513,15466.8,15475.2
1699884000,15475.2,15528.4,15404.4,15496.6
1699898400,15496.6,15531.2,15475.8,15500.8
1699912800,15500.8,15511.4,15495.2,15508.8
1699927200,15508.8,15520.2,15504.6,15511.4
1699941600,15511.4,15550,15506.2,15535.8
1699956000,15535.8,15782.2,15502.6,15762.6
1699970400,15762.6,15845,15733.6,15819.8
1699984800,15819.8,15862.6,15766.2,15837.8
1699999200,15837.8,15852.4,15835.6,15850.6
1700013600,15850.6,15877,15847,15866.4
1700028000,15866.4,15903.4,15852.6,15873
1700042400,15873,15987.6,15870.6,15905
1700056800,15905,15916.8,15826.6,15832.8
1700071200,15832.8,15870.6,15774.4,15787.4
1700085600,15787.4,15820.8,15773.8,15774.4
1700100000,15774.4,15804.8,15765,15800.8
1700114400,15800.8,15813.2,15787.2,15793.8
1700128800,15793.8,15823,15762.8,15822.2
1700143200,15822.2,15845.8,15738.6,15826.4
1700157600,15826.4,15849.6,15775.6,15841.6
1700172000,15841.6,15841.6,15826,15836.2
1700186400,15836.2,15845.2,15819.8,15828.8
1700200800,15828.8,15861.4,15818.8,15840.2
1700215200,15840.2,15862.6,15824,15832.8
1700229600,15832.8,15842.2,15768.2,15837.8
1700244000,15837.8,15884.8,15815.8,15819.6
1700431200,15819.6,15848.2,15793.8,15804.6
1700445600,15804.6,15809.4,15782.4,15783.4
1700460000,15783.4,15873.2,15783.4,15872.4
1700474400,15872.4,15876.1,15832.4,15858
1700488800,15858,15976.4,15835.6,15956.2
1700503200,15956.2,16061.2,15955,16034.6
1700517600,16034.6,16057.4,16027.6,16050
1700532000,16050,16066.4,16045,16047.8
1700546400,16047.8,16049.2,16016,16019.6
1700560800,16019.6,16038.2,15948.6,15951.8
1700575200,15951.8,15964.8,15861.4,15931.4
1700589600,15931.4,15969.8,15866.3,15922.6
1700604000,15922.6,15925,15896,15920.8
1700618400,15920.8,15936,15912.8,15914.4
1700632800,15914.4,15941,15895.8,15936.8
1700647200,15936.8,16022,15936.4,16018
1700661600,16018,16125.4,15958.4,16027.8
1700676000,16027.8,16060,15968,16000.4
1700690400,16000.4,16016.4,15990.7,16015.4
1700704800,16015.4,16020.4,16002,16019.8
1700719200,16019.8,16041.6,16018.4,16037.2
1700733600,16037.2,16041.6,16013.2,16023.2
1700748000,16023.2,16030.2,16007.2,16017.4
1700776800,16017.4,16027.2,16014.4,16022
1700791200,16022,16024.2,16012.8,16016
1700805600,16016,16026.2,15982.4,16011.4
1700820000,16011.4,16012.4,15980.2,16006.2
1700834400,16006.2,16009,15937.8,15977.8
1700848800,15977.8,15980.6,15966,15967.4
1701036000,15967.4,15967.4,15921.8,15926.2
1701050400,15926.2,15926.8,15894.8,15897.2
1701064800,15897.2,15955.4,15897.2,15930
1701079200,15930,15977,15929.4,15955.6
1701093600,15955.6,16030.6,15926.2,16028.4
1701108000,16028.4,16044.6,15954,15960.4
1701122400,15960.4,15967,15942.6,15962.4
1701136800,15962.4,15968.6,15946.8,15958.6
1701151200,15958.6,15967.8,15905.6,15945.8
1701165600,15945.8,15965.6,15900.8,15941.6
1701180000,15941.6,16026.8,15914.4,15978.6
1701194400,15978.6,16018.2,15924.6,16012.6
1701208800,16012.6,16045,15999.2,16031.4
1701223200,16031.4,16037.8,16018.2,16028.8
1701237600,16028.8,16080.6,16015,16073.4
1701252000,16073.4,16131.2,16071.2,16103.8
1701266400,16103.8,16166,16003.2,16061.6
1701280800,16061.6,16070.2,15984.4,16011.6
1701295200,16011.6,16023.8,16002.4,16009
1701309600,16009,16030.6,16006,16030
1701324000,16030,16037.2,15998.2,16019.6
1701338400,16019.6,16064.8,16014,16017
1701352800,16017,16017.8,15828,15873.4
1701367200,15873.4,15960.2,15825.4,15927.2
1701381600,15927.2,15934.8,15919.4,15922.2
1701396000,15922.2,15938.4,15915.2,15924.2
1701410400,15924.2,15969.2,15914.2,15951.6
1701424800,15951.6,15955.2,15888,15899.2
1701439200,15899.2,16020.6,15833,16009.6
1701453600,16009.6,16012.8,15957.2,16001.8
1701640800,16001.8,16001.8,15944.2,15956
1701655200,15956,15956,15934.6,15935
1701669600,15935,15974,15915,15940.6
1701684000,15940.6,15946.6,15874.2,15877.4
1701698400,15877.4,15879,15692.2,15837.2
1701712800,15837.2,15863.2,15774.2,15836.2
1701727200,15836.2,15837,15809.8,15819.2
1701741600,15819.2,15820,15799.8,15804.8
1701756000,15804.8,15804.8,15739,15778
1701770400,15778,15794.4,15740,15775
1701784800,15775,15937.8,15746.8,15852.6
1701799200,15852.6,15905.6,15835.4,15880.4
1701813600,15880.4,15959.6,15871.2,15955.6
1701828000,15955.6,15968.2,15946.6,15956.4
1701842400,15956.4,15967.8,15923.4,15936.6
1701856800,15936.6,15996.6,15902.4,15993.4
1701871200,15993.4,16017.6,15846.8,15851.6
1701885600,15851.6,15871.2,15785.2,15797.4
1701900000,15797.4,15807.2,15782.4,15786.4
1701914400,15786.4,15801,15775.4,15781.6
1701928800,15781.6,15834,15774,15826.6
1701943200,15826.6,15898.2,15817.4,15892
1701957600,15892,16038.2,15870.6,16016
1701972000,16016,16050.6,15991.6,16001.4
1701986400,16001.4,16015.4,15992.2,15996.8
1702000800,15996.8,16013.8,15995.2,16002.4
1702015200,16002.4,16013.8,15973.6,16011.8
1702029600,16011.8,16023.4,15875.6,15950.4
1702044000,15950.4,16098,15923.6,16052.6
1702058400,16052.6,16103.2,16045,16078.2
1702245600,16078.2,16098.6,16047.8,16054.2
1702260000,16054.2,16058.2,16034.8,16048
1702274400,16048,16075.8,16037.6,16055.6
1702288800,16055.6,16070.4,16030.8,16065.6
1702303200,16065.6,16195.8,16054.4,16193.2
1702317600,16193.2,16242.2,16180,16238.2
1702332000,16238.2,16265.4,16223.4,16243.6
1702346400,16243.6,16260.6,16242,16257.4
1702360800,16257.4,16275.2,16246.4,16262.8
1702375200,16262.8,16330.9,16226.8,16234.4
1702389600,16234.4,16299,16179.2,16280.4
1702404000,16280.4,16400.6,16274.2,16397.8
1702418400,16397.8,16413.8,16391.6,16404.8
1702432800,16404.8,16411.4,16399.6,16405
1702447200,16405,16418.4,16393.8,16401.6
1702461600,16401.6,16432.2,16395.8,16431.4
1702476000,16431.4,16461,16394.6,16403
1702490400,16403,16615.8,16386.2,16573.2
1702504800,16573.2,16688.2,16573.2,16684.6
1702519200,16684.6,16691.4,16657.2,16678.2
1702533600,16678.2,16690.2,16627.4,16637.2
1702548000,16637.2,16661.6,16614,16659.8
1702562400,16659.8,16683.8,16540.8,16541.4
1702576800,16541.4,16574.2,16436.8,16552.2
1702591200,16552.2,16582.4,16541.2,16570.2
1702605600,16570.2,16589.2,16568.2,16585.2
1702620000,16585.2,16617.8,16577,16617.2
1702634400,16617.2,16622,16566,16596.8
1702648800,16596.8,16697.2,16566.2,16612.6
1702663200,16612.6,16677.6,16573.8,16624.8
1702850400,16624.8,16648.4,16612.8,16638.4
1702864800,16638.4,16668.6,16636.8,16663.2
1702879200,16663.2,16668.4,16618.8,16652.6
1702893600,16652.6,16664.6,16627.4,16663.8
1702908000,16663.8,16752,16642.8,16747.8
1702922400,16747.8,16799,16737.2,16749.2
1702936800,16749.2,16751.4,16735,16745.4
1702951200,16745.4,16761.8,16744.2,16755
1702965600,16755,16773.8,16742,16767.4
1702980000,16767.4,16812.8,16762.8,16782.8
1702994400,16782.8,16836,16768.4,16818.8
1703008800,16818.8,16854,16790.2,16848.6
1703023200,16848.6,16863.4,16845.6,16862.8
1703037600,16862.8,16870.4,16855,16861.6
1703052000,16861.6,16864.4,16786.8,16799.8
1703066400,16799.8,16811.8,16788.4,16806.6
1703080800,16806.6,16897.8,16796,16888.2
1703095200,16888.2,16892,16585.8,16617.8
1703109600,16617.8,16639.6,16617.8,16636.6
1703124000,16636.6,16673.6,16636.6,16672.8
1703138400,16672.8,16717.2,16664.4,16705
1703152800,16705,16796.6,16685.8,16767.6
1703167200,16767.6,16784.8,16656.8,16668.4
1703181600,16668.4,16797.2,16646.8,16781.6
1703196000,16781.6,16787.2,16739.2,16741.8
1703210400,16741.8,16754.6,16728.4,16728.4
1703224800,16728.4,16754,16723.6,16746.2
1703239200,16746.2,16837.1,16743.2,16831.8
1703253600,16831.8,16872.6,16800,16839.4
1703268000,16839.4,16852.6,16727.6,16793.8
1703541600,16793.8,16842.6,16793.8,16837.6
1703556000,16837.6,16859.8,16831.8,16855.8
1703570400,16855.8,16868.4,16835.6,16844.8
1703584800,16844.8,16850.6,16817,16835.8
1703599200,16835.8,16896.6,16835.8,16884.6
1703613600,16884.6,16953,16882.8,16931.4
1703628000,16931.4,16935.2,16907.6,16916
1703642400,16916,16922.4,16906.8,16922.4
1703656800,16922.4,16933.4,16905.6,16914.4
1703671200,16914.4,16938.6,16906.4,16933
1703685600,16933,16956.8,16888.4,16910.6
1703700000,16910.6,16966.8,16897.2,16965
1703714400,16965,16989.2,16952.6,16985.8
1703728800,16985.8,16988,16973.6,16980.4
1703743200,16980.4,16992.8,16978.8,16982
1703757600,16982,16999.2,16977,16977
1703772000,16977,16992.8,16937.2,16965.4
1703786400,16965.4,16973.4,16914.6,16925.2
1703800800,16925.2,16944.6,16922.2,16936.8
1703815200,16936.8,16940.6,16923.8,16936
1703829600,16936,16966.6,16936,16943.6
1703844000,16943.6,16956.4,16902.8,16921.2
1703858400,16921.2,16943.2,16774.4,16833.4
1703872800,16833.4,16888.6,16827.2,16844.2
1704146400,16844.2,16875.6,16844.2,16852.4
1704160800,16852.4,16856.2,16839,16855.2
1704175200,16855.2,16873.8,16825.8,16832
1704189600,16832,16834.8,16654.6,16689.8
1704204000,16689.8,16715,16522.8,16563
1704218400,16563,16588.2,16471.8,16579.6
1704232800,16579.6,16583.5,16554.8,16558.2
1704247200,16558.2,16561.8,16536,16551.8
1704261600,16551.8,16576,16488.2,16490
1704276000,16490,16520.2,16445.2,16464.2
1704290400,16464.2,16499.8,16397,16453.4
1704304800,16453.4,16481,16375.2,16395
1704319200,16395,16415.2,16386,16408.2
1704333600,16408.2,16410,16395.4,16396.2
1704348000,16396.2,16439.4,16392.6,16429.6
1704362400,16429.6,16430,16304.2,16311.4
1704376800,16311.4,16435.6,16296.2,16360.2
1704391200,16360.2,16383.4,16291.2,16304.4
1704405600,16304.4,16323.8,16304.4,16315.4
1704420000,16315.4,16315.6,16281.2,16284
1704434400,16284,16293,16246.2,16252
1704448800,16252,16280.3,16189.6,16254.6
1704463200,16254.6,16431.6,16254.6,16326.2
1704477600,16326.2,16366.2,16261.2,16322.6
1704664800,16322.6,16357,16315.9,16326
1704679200,16326,16326,16293.5,16298.3
1704693600,16298.3,16318.6,16235.4,16277
1704708000,16277,16354.3,16267.5,16334.5
1704722400,16334.5,16581.6,16329.6,16580
1704736800,16580,16674,16569,16650.2
1704751200,16650.2,16656.3,16643.2,16651.8
1704765600,16651.8,16658.4,16635.8,16638.4
1704780000,16638.4,16650.4,16582.8,16603.4
1704794400,16603.4,16605.2,16521.3,16528.4
1704808800,16528.4,16712.4,16523.4,16710
1704823200,16710,16732.8,16643.7,16694
1704837600,16694,16714.8,16681.2,16699
1704852000,16699,16705.6,16684.6,16690.4
1704866400,16690.4,16770.2,16671.2,16762
1704880800,16762,16765.7,16679.4,16680.6
1704895200,16680.6,16779.6,16666.2,16776.2
1704909600,16776.2,16848.2,16751.4,16821
1704924000,16821,16856,16810.5,16850.2
1704938400,16850.2,16874.6,16848.8,16863.6
1704952800,16863.6,16913.2,16858,16869.6
1704967200,16869.6,16921,16757.8,16773
1704981600,16773,16908.4,16620.6,16705.2
1704996000,16705.2,16851.2,16702.4,16825.6
1705010400,16825.6,16832.4,16788.6,16810.2
1705024800,16810.2,16830.8,16804.8,16811.2
1705039200,16811.2,16845,16783,16795.4
1705053600,16795.4,16846.6,16734.1,16831.2
1705068000,16831.2,16910.2,16782.4,16822.6
1705082400,16822.6,16862.8,16801.2,16823.8
1705269600,16823.8,16832.8,16808,16827.1
1705284000,16827.1,16860.8,16825.2,16852
1705298400,16852,16892.1,16823.4,16830.6
1705312800,16830.6,16849.8,16815.9,16829.6
1705327200,16829.6,16847.8,16805.6,16838.6
1705356000,16838.6,16838.6,16751,16780
1705370400,16780,16786.2,16743.8,16746.8
1705384800,16746.8,16762.8,16681.2,16724.1
1705399200,16724.1,16798.9,16695,16762
1705413600,16762,16902.6,16724.2,16770.2
1705428000,16770.2,16860.2,16741.2,16857.2
1705442400,16857.2,16859.8,16824.8,16829.8
1705456800,16829.8,16833.1,16771.4,16772.1
1705471200,16772.1,16772.2,16695.4,16750.9
1705485600,16750.9,16786.6,16684.6,16699.6
1705500000,16699.6,16724.8,16568.2,16691.8
1705514400,16691.8,16768.6,16616.8,16743.4
1705528800,16743.4,16756,16717.9,16742.4
1705543200,16742.4,16751.2,16723,16747.8
1705557600,16747.8,16819,16747.2,16801
1705572000,16801,16928.2,16791.8,16865
1705586400,16865,16985.8,16865,16885.2
1705600800,16885.2,17009.4,16826.6,17000.8
1705615200,17000.8,17043,16991,17040.6
1705629600,17040.6,17061.9,17031.6,17033.2
1705644000,17033.2,17120,17032.8,17109.6
1705658400,17109.6,17138.9,17094,17103.8
1705672800,17103.8,17209.2,17050,17208.2
1705687200,17208.2,17354.6,17190.2,17347.8
1705874400,17347.8,17452.4,17347.8,17432
1705888800,17432,17445.4,17413.6,17419.2
1705903200,17419.2,17443.8,17402,17421.2
1705917600,17421.2,17465.8,17401,17410.2
1705932000,17410.2,17468,17322.2,17373
1705946400,17373,17379.6,17324.4,17346
1705960800,17346,17374.6,17340.4,17368
1705975200,17368,17377.6,17355.4,17360.9
1705989600,17360.9,17377.2,17311.9,17353.4
1706004000,17353.4,17415.4,17326.2,17389.8
1706018400,17389.8,17390.8,17299.6,17382.6
1706032800,17382.6,17451.2,17353.2,17447.2
1706047200,17447.2,17481.2,17447.2,17475.6
1706061600,17475.6,17502.2,17468.6,17496.2
1706076000,17496.2,17559,17494.1,17554.1
1706090400,17554.1,17585.2,17534.6,17557
1706104800,17557,17685.6,17530.6,17677.8
1706119200,17677.8,17678.2,17463,17524.9
1706133600,17524.9,17528.6,17483.8,17500.8
1706148000,17500.8,17520.2,17482.2,17518.8
1706162400,17518.8,17548.2,17496.1,17521
1706176800,17521,17608.2,17503.4,17599.6
1706191200,17599.6,17644.8,17526.2,17544.6
1706205600,17544.6,17574.2,17435,17476.2
1706220000,17476.2,17476.2,17401.8,17412.6
1706234400,17412.6,17433,17376.8,17398.8
1706248800,17398.8,17425.8,17359.2,17425
1706263200,17425,17504.2,17411.6,17490.6
1706277600,17490.6,17524.2,17397.2,17421
1706292000,17421,17466.8,17389.8,17397.6
1706479200,17397.6,17430.8,17350.4,17429.6
1706493600,17429.6,17440.2,17417.2,17425.4
1706508000,17425.4,17483.8,17422.6,17440.6
1706522400,17440.6,17470.6,17431.2,17438.8
1706536800,17438.8,17502.2,17413.2,17490.6
1706551200,17490.6,17609.2,17471.4,17595.4
1706565600,17595.4,17627.2,17592.2,17603.6
1706580000,17603.6,17620.2,17597.2,17614.6
1706594400,17614.6,17618.8,17557.2,17583.3
1706608800,17583.3,17603.6,17544.6,17552.4
1706623200,17552.4,17576.2,17454.6,17465
1706637600,17465,17499.6,17358.6,17361.8
1706652000,17361.8,17361.8,17301.6,17323.8
1706666400,17323.8,17346,17315.4,17334
1706680800,17334,17359.5,17234.4,17270.8
1706695200,17270.8,17344.4,17224.8,17296.8
1706709600,17296.8,17317.4,17174.8,17261.8
1706724000,17261.8,17374.6,17113.2,17156.6
1706738400,17156.6,17207,17156.6,17196
1706752800,17196,17216.2,17178.2,17187.8
1706767200,17187.8,17246.2,17153.5,17221.8
1706781600,17221.8,17254,17192.8,17226.2
1706796000,17226.2,17303.2,17154.6,17279.2
1706810400,17279.2,17549.6,17225.4,17534.6
1706824800,17534.6,17535.8,17485.2,17526.6
1706839200,17526.6,17529.6,17504.6,17517
1706853600,17517,17540.6,17484.4,17517
1706868000,17517,17548,17388.2,17401.2
1706882400,17401.2,17667.2,17370.6,17620.8
1706896800,17620.8,17686.2,17592,17599
1707084000,17599,17638.4,17574.8,17594.9
1707098400,17594.9,17607.7,17579.6,17601.6
1707112800,17601.6,17636.4,17585.2,17594.8
1707127200,17594.8,17649.8,17594.6,17611.2
1707141600,17611.2,17648,17465.4,17609.8
1707156000,17609.8,17663.8,17592.8,17621.8
1707170400,17621.8,17639,17611.4,17637.4
1707184800,17637.4,17669.8,17634.4,17656.2
1707199200,17656.2,17686.4,17643,17649
1707213600,17649,17662.8,17589.2,17655
1707228000,17655,17685.8,17479.4,17509.8
1707242400,17509.8,17587.8,17482.8,17570
1707256800,17570,17631.4,17565.4,17606.4
1707271200,17606.4,17609.8,17572.8,17584
1707285600,17584,17596.8,17549.8,17594.1
1707300000,17594.1,17666.6,17573.1,17656
1707314400,17656,17795.6,17638.6,17739
1707328800,17739,17788.2,17709,17777.8
1707343200,17777.8,17777.8,17756,17771.8
1707357600,17771.8,17778.2,17763.2,17767.4
1707372000,17767.4,17782.7,17743.9,17767.8
1707386400,17767.8,17771.6,17713.7,17746.2
1707400800,17746.2,17816.8,17728.2,17776.8
1707415200,17776.8,17812.6,17748,17779.8
1707429600,17779.8,17795.8,17770.6,17772.7
1707444000,17772.7,17789.4,17771.9,17781.6
1707458400,17781.6,17844.7,17778.2,17823
1707472800,17823,17889.8,17818.4,17848.8
1707487200,17848.8,17945.2,17793.6,17942.4
1707501600,17942.4,17989.2,17938.6,17961.8
1707688800,17961.8,17962.8,17925.6,17958.2
1707703200,17958.2,17958.8,17937.8,17941
1707717600,17941,17981.4,17940.4,17973.6
1707732000,17973.6,17981,17948.8,17951.8
1707746400,17951.8,18043.4,17929.6,18025.8
1707760800,18025.8,18031.4,17833.8,17851.6
1707775200,17851.6,17862.8,17839.4,17848.6
1707789600,17848.6,17865.4,17844.2,17861.8
1707804000,17861.8,17885.4,17784,17791.6
1707818400,17791.6,17795.3,17560.6,17583.8
1707832800,17583.8,17713.8,17509,17596.4
1707847200,17596.4,17638.8,17479.4,17635.4
1707861600,17635.4,17635.4,17602,17612
1707876000,17612,17622.4,17601.2,17617
1707890400,17617,17727.2,17616.8,17724.8
1707904800,17724.8,17743.4,17689.8,17710.2
1707919200,17710.2,17778.4,17622.2,17709.2
1707933600,17709.2,17820.8,17662.6,17806.8
1707948000,17806.8,17813.2,17776.4,17784
1707962400,17784,17815.5,17778.6,17807.4
1707976800,17807.4,17858.8,17799.5,17822.8
1707991200,17822.8,17865.4,17814.4,17831.6
1708005600,17831.6,17835.2,17712.8,17788
1708020000,17788,17902.8,17785.2,17893.2
1708034400,17893.2,17893.2,17845.4,17863
1708048800,17863,17882.4,17856.2,17866
1708063200,17866,17952.2,17866,17941
1708077600,17941,17960,17837,17874.2
1708092000,17874.2,17884.4,17652,17794.2
1708106400,17794.2,17840.4,17652.2,17659.2
1708293600,17659.2,17740.4,17659.2,17704.9
1708308000,17704.9,17724.8,17697,17719.2
1708322400,17719.2,17724.4,17676.1,17719.1
1708336800,17719.1,17722.2,17692.2,17715.2
1708351200,17715.2,17744.2,17709.6,17726.8
1708380000,17726.8,17726.8,17615.6,17619.2
1708394400,17619.2,17632.2,17604.4,17622.6
1708408800,17622.6,17661.6,17573.5,17602.2
1708423200,17602.2,17636.4,17551.2,17609.9
1708437600,17609.9,17660.8,17389.6,17440.6
1708452000,17440.6,17563.6,17412.8,17530.8
1708466400,17530.8,17538.2,17486.8,17510.9
1708480800,17510.9,17514.8,17494.2,17509.8
1708495200,17509.8,17533.8,17462.2,17479.4
1708509600,17479.4,17502.2,17429.4,17452.6
1708524000,17452.6,17473.4,17383.8,17426
1708538400,17426,17648.2,17324.4,17648.2
1708552800,17648.2,17745.6,17625.8,17719.4
1708567200,17719.4,17766,17709.2,17741.8
1708581600,17741.8,17846.8,17736,17833.6
1708596000,17833.6,17875.6,17819.2,17847.2
1708610400,17847.2,17970,17814.6,17969.4
1708624800,17969.4,18037.8,17953.8,17974.8
1708639200,17974.8,18000.4,17966.4,17990.8
1708653600,17990.8,18004.6,17986.8,18000.6
1708668000,18000.6,18005.6,17950.8,17967.6
1708682400,17967.6,18033.4,17953.6,18024.6
1708696800,18024.6,18095.4,17897,17993.8
1708711200,17993.8,18012,17910.6,17917.1
1708898400,17917.1,17942.3,17876.2,17893.8
1708912800,17893.8,17918.5,17889.3,17906.8
1708927200,17906.8,17947,17883.6,17945.4
1708941600,17945.4,17981.9,17926.4,17969.3
1708956000,17969.3,18016.8,17920.1,17985
1708970400,17985,18002.4,17907.4,17912.5
1708984800,17912.5,17931.8,17900.7,17924.2
1708999200,17924.2,17928.7,17889.7,17899.9
1709013600,17899.9,17977.7,17894.2,17975.4
1709028000,17975.4,18002,17949.2,17988.9
1709042400,17988.9,17994.2,17883.8,17890.4
1709056800,17890.4,17993,17870.7,17976
1709071200,17976,17979.6,17953.6,17970.1
1709085600,17970.1,17977,17954.6,17957.8
1709100000,17957.8,17964.6,17852.8,17857.6
1709114400,17857.6,17920.8,17855.7,17905.1
1709128800,17905.1,17935,17836.8,17882.3
1709143200,17882.3,17922.6,17814.4,17829.3
1709157600,17829.3,17872.8,17829.3,17864.5
1709172000,17864.5,17898,17864.3,17886.7
1709186400,17886.7,17887.2,17794,17838.4
1709200800,17838.4,17993.8,17825.8,17973.7
1709215200,17973.7,18039.8,17866.1,17988.6
1709229600,17988.6,18076.7,17975,18036.6
1709244000,18036.6,18088.4,18012,18085.6
1709258400,18085.6,18099,18079,18094.6
1709272800,18094.6,18129.9,18083.8,18095.1
1709287200,18095.1,18095.1,17997.7,18056.4
1709301600,18056.4,18258.7,18048.6,18253.1
1709316000,18253.1,18339.6,18247.8,18287.5
1709503200,18287.5,18331.4,18287.5,18312.5
1709517600,18312.5,18327.2,18308.6,18313.2
1709532000,18313.2,18343.2,18296.7,18298
1709546400,18298,18318.1,18276.8,18300.8
1709560800,18300.8,18302,18246.1,18268.7
1709575200,18268.7,18315.9,18208.5,18217.1
1709589600,18217.1,18225.8,18166.2,18178.4
1709604000,18178.4,18191.5,18157.5,18164.9
1709618400,18164.9,18170.2,18098.3,18102.4
1709632800,18102.4,18156.4,18081.3,18106.2
1709647200,18106.2,18118.8,17885.5,17930
1709661600,17930,17965.8,17810.8,17963.4
1709676000,17963.4,17963.4,17920.8,17937.9
1709690400,17937.9,17965.6,17936.2,17960
1709704800,17960,18042.4,17946,18034.8
1709719200,18034.8,18076.4,18012.4,18076
1709733600,18076,18152.3,17942,18110.3
1709748000,18110.3,18138.5,17965.6,18021.6
1709762400,18021.6,18026,17930.8,17938.4
1709776800,17938.4,17970.3,17911.5,17958.2
1709791200,17958.2,18055.3,17895,18048.4
1709805600,18048.4,18140.8,18048.3,18131.4
1709820000,18131.4,18309.5,18098.1,18290.2
1709834400,18290.2,18340.6,18140,18233.4
1709848800,18233.4,18261.6,18229,18254.4
1709863200,18254.4,18290.8,18241.8,18272.5
1709877600,18272.5,18335,18252.5,18315.8
1709892000,18315.8,18350.8,18193.5,18332.8
1709906400,18332.8,18416.8,18036.5,18047.8
1709920800,18047.8,18158.3,17995.5,18037.1
1710104400,18037.1,18037.1,17958.4,18000.2
1710118800,18000.2,18037.8,17956.8,17967.8
1710133200,17967.8,18031.2,17923.4,17994.8
1710147600,17994.8,18034.9,17904.9,17934.5
1710162000,17934.5,18005.8,17873.4,17975.3
1710176400,17975.3,18025.5,17936.5,18000.3
1710190800,18000.3,18065.8,18000.3,18039.9
1710205200,18039.9,18072.2,18035.8,18070.4
1710219600,18070.4,18096.9,18029.1,18038.8
1710234000,18038.8,18134.6,17960,18069
1710248400,18069,18210.6,17927.6,18108.6
1710262800,18108.6,18262.8,18080.9,18246.4
1710277200,18246.4,18260.3,18230.4,18233.8
1710291600,18233.8,18241.9,18216.8,18240.2
1710306000,18240.2,18278.6,18209,18233.3
1710320400,18233.3,18258.2,18184.8,18197.8
1710334800,18197.8,18213.4,18056.9,18126.5
1710349200,18126.5,18179.1,18063.9,18129.8
1710363600,18129.8,18150.5,18118.8,18141
1710378000,18141,18154,18134.1,18153.4
1710392400,18153.4,18201,18148.1,18189.6
1710406800,18189.6,18196.8,18124.6,18143.4
1710421200,18143.4,18171,17976.8,18027.8
1710435600,18027.8,18107.3,17937.4,18042.8
1710450000,18042.8,18042.8,18000,18036.8
1710464400,18036.8,18044.9,17996.3,18001.2
1710478800,18001.2,18040.4,17981.8,18035.2
1710493200,18035.2,18098.6,18008.8,18028.8
1710507600,18028.8,18031.3,17787.4,17791.5
1710522000,17791.5,17886.9,17789.5,17844.4
1710709200,17844.4,17883.9,17843.5,17870.2
1710723600,17870.2,17922.5,17866.5,17918.3
1710738000,17918.3,17969.9,17916.3,17968.8
1710752400,17968.8,18069.9,17948.6,18057.4
1710766800,18057.4,18161.6,18026.9,18029.9
1710781200,18029.9,18096.1,17993,18011.5
1710795600,18011.5,18011.5,17944.4,17948.8
1710810000,17948.8,17995.1,17936.3,17974.6
1710824400,17974.6,18037.5,17944.6,18007.6
1710838800,18007.6,18017.3,17863,17916.3
1710853200,17916.3,18061.1,17838.5,18036.1
1710867600,18036.1,18081.6,18009.6,18066
1710882000,18066,18073.2,18036,18040.5
1710896400,18040.5,18044.2,18016.5,18025.8
1710910800,18025.8,18067.5,18023.1,18033.6
1710925200,18033.6,18120,18025.3,18087.4
1710939600,18087.4,18123.1,18035.1,18079.3
1710954000,18079.3,18333.9,18033.9,18325.8
1710968400,18325.8,18377.8,18316,18350
1710982800,18350,18395.2,18347.6,18390.2
1710997200,18390.2,18455.8,18386.3,18407.8
1711011600,18407.8,18463.4,18378.4,18446.8
1711026000,18446.8,18497,18407.1,18476.1
1711040400,18476.1,18476.5,18339.9,18366.4
1711054800,18366.4,18382.1,18356.4,18374.8
1711069200,18374.8,18382.3,18319.1,18362.6
1711083600,18362.6,18384.8,18324.8,18380.3
1711098000,18380.3,18393.1,18279.8,18316.3
1711112400,18316.3,18373,18287.6,18371.6
1711126800,18371.6,18417.3,18338.5,18355.4
1711314000,18355.4,18389.2,18344.6,18375.4
1711328400,18375.4,18392.2,18357.2,18358.8
1711342800,18358.8,18363.3,18323.6,18342.6
1711357200,18342.6,18347.6,18248.4,18267.3
1711371600,18267.3,18344.3,18207,18328.4
1711386000,18328.4,18370.8,18306.4,18330.4
1711400400,18330.4,18348.4,18325.8,18346
1711414800,18346,18354.8,18316.2,18333.6
1711429200,18333.6,18407.4,18331.3,18391.4
1711443600,18391.4,18417.8,18356.2,18367.2
1711458000,18367.2,18407.4,18333.1,18344.5
1711472400,18344.5,18364.5,18241.6,18281.2
1711486800,18281.2,18296.4,18269.2,18291.9
1711501200,18291.9,18317.9,18283,18317.7
1711515600,18317.7,18324.4,18271.9,18310.5
1711530000,18310.5,18350.4,18301.7,18348.9
1711544400,18348.9,18372.5,18179.5,18245.9
1711558800,18245.9,18331,18202.1,18311.1
1711573200,18311.1,18311.1,18280.2,18305.7
1711587600,18305.7,18309.9,18289.1,18305.8
1711602000,18305.8,18319.4,18283.4,18286.6
1711616400,18286.6,18332.4,18264.7,18303.6
1711630800,18303.6,18342.9,18262,18289
1711645200,18289,18317.2,18254.4,18271.1
1711918800,18271.1,18418.2,18271.1,18401
1711933200,18401,18403.4,18369.9,18396.2
1711947600,18396.2,18409.2,18364,18384.1
1711962000,18384.1,18389.9,18300.9,18321.6
1711976400,18321.6,18413,18221.3,18286
1711990800,18286,18331.4,18242.5,18314.3
1712005200,18314.3,18314.3,18273.8,18281.6
1712019600,18281.6,18305.7,18273.2,18291.4
1712034000,18291.4,18326,18262.7,18292
1712048400,18292,18306.6,18144,18152.9
1712062800,18152.9,18154.4,18016.9,18105.4
1712077200,18105.4,18168.6,18085.2,18165.8
1712091600,18165.8,18165.8,18119.9,18129.4
1712106000,18129.4,18131.6,18111,18117.9
1712120400,18117.9,18123.9,18082,18107.8
1712134800,18107.8,18139.2,18069,18087.6
1712149200,18087.6,18271.3,18051.9,18231.5
1712163600,18231.5,18251.5,18123.2,18210.5
1712178000,18210.5,18304.4,18198,18257
1712192400,18257,18281,18251,18272.1
1712206800,18272.1,18281.1,18230.6,18264.6
1712221200,18264.6,18360.1,18259.9,18355.6
1712235600,18355.6,18387.8,18300,18378
1712250000,18378,18379.5,17876.5,17893.9
1712264400,17893.9,17939.2,17875.8,17917.4
1712278800,17917.4,17940.3,17883.4,17932.8
1712293200,17932.8,17968.4,17918.2,17959.2
1712307600,17959.2,18011.3,17873.4,17965.8
1712322000,17965.8,18233.5,17923.6,18228
1712336400,18228,18234.7,18078.7,18137
1712523600,18137,18193.6,18111,18141.7
1712538000,18141.7,18161,18098,18116.8
1712552400,18116.8,18171.8,18074.7,18103
1712566800,18103,18194.5,18093.2,18186.2
1712581200,18186.2,18202.1,18065,18142.5
1712595600,18142.5,18159,18106.7,18137
1712610000,18137,18151.6,18118.9,18122
1712624400,18122,18144.1,18112.3,18140.9
1712638800,18140.9,18161.3,18093.1,18131.6
1712653200,18131.6,18198.1,18080.6,18189.1
1712667600,18189.1,18230.8,17987.5,18097.2
1712682000,18097.2,18240.8,18049.7,18216
1712696400,18216,18216,18200.6,18212.6
1712710800,18212.6,18219.7,18201.3,18215.3
1712725200,18215.3,18242.6,18203.8,18237.6
1712739600,18237.6,18302.8,17888,17940.8
1712754000,17940.8,18065.5,17895.4,18031.6
1712768400,18031.6,18064.3,17953.8,18028.9
1712782800,18028.9,18028.9,17982,18004.2
1712797200,18004.2,18046.8,17994.9,18043.8
1712811600,18043.8,18056.2,17997.8,17998
1712826000,17998,18102.5,17929.2,18085.4
1712840400,18085.4,18165.9,18008.9,18149.5
1712854800,18149.5,18359.3,18133.3,18327
1712869200,18327,18341.4,18314.2,18333.2
1712883600,18333.2,18340.6,18323.8,18327.1
1712898000,18327.1,18348.1,18283.8,18284.3
1712912400,18284.3,18286.8,18153.2,18159.3
1712926800,18159.3,18183.6,17991.5,18002.6
1712941200,18002.6,18041.8,17964.6,18017
1713128400,18017,18099,18015,18067.8
1713142800,18067.8,18095.5,18038.8,18092.8
1713157200,18092.8,18132.3,18086,18120.8
1713171600,18120.8,18191.8,18103.5,18175.3
1713186000,18175.3,18195,17937.5,17962.5
1713200400,17962.5,17984.3,17694.8,17735.6
1713214800,17735.6,17746.6,17699.4,17734
1713229200,17734,17737.8,17649,17696.8
1713243600,17696.8,17736.4,17682.6,17720.4
1713258000,17720.4,17770.8,17645.3,17746.4
1713272400,17746.4,17789.3,17675.1,17771
1713286800,17771,17845.6,17677.4,17749.6
1713301200,17749.6,17797.8,17748.3,17768.6
1713315600,17768.6,17795.5,17762.1,17792.8
1713330000,17792.8,17792.8,17636.6,17770.4
1713344400,17770.4,17800.5,17740.8,17787.5
1713358800,17787.5,17826.2,17478,17504.4
1713373200,17504.4,17658.2,17498.5,17526
1713387600,17526,17561.7,17526,17557.6
1713402000,17557.6,17597.7,17553.6,17587.2
1713416400,17587.2,17631.9,17570.9,17584.2
1713430800,17584.2,17592.8,17525.2,17542.8
1713445200,17542.8,17607.3,17413.8,17471.7
1713459600,17471.7,17486.2,17372.6,17396.2
1713474000,17396.2,17409.4,17287.2,17303.8
1713488400,17303.8,17312,17048.6,17234.4
1713502800,17234.4,17326.1,17214.4,17278.8
1713517200,17278.8,17418.8,17275.2,17383.9
1713531600,17383.9,17389.4,17075,17155
1713546000,17155,17211.6,16985.3,17052.5
1713733200,17052.5,17144.2,17052.5,17089.6
1713747600,17089.6,17139.2,17084.8,17136.3
1713762000,17136.3,17176.4,17105.2,17132.8
1713776400,17132.8,17185.1,17118.2,17166.8
1713790800,17166.8,17202.2,17020,17153.9
1713805200,17153.9,17327.9,17147.3,17223.3
1713819600,17223.3,17244.8,17166.5,17211.8
1713834000,17211.8,17222,17171.8,17210.8
1713848400,17210.8,17281,17197.8,17263.2
1713862800,17263.2,17309.3,17240.5,17301.8
1713877200,17301.8,17494.9,17292.3,17474
1713891600,17474,17545.6,17451.5,17538.3
1713906000,17538.3,17600.2,17538.3,17594.4
1713920400,17594.4,17625,17588.2,17607.7
1713934800,17607.7,17626.5,17570.6,17575.8
1713949200,17575.8,17633.6,17547.1,17585.2
1713963600,17585.2,17675,17447.2,17502.2
1713978000,17502.2,17584.5,17362,17384.6
1713992400,17384.6,17384.6,17327,17368.4
1714006800,17368.4,17371.4,17328.2,17333.5
1714021200,17333.5,17388.8,17287.8,17376
1714035600,17376,17404.5,17248.2,17259.2
1714050000,17259.2,17391.8,17188,17379.3
1714064400,17379.3,17712.2,17348.8,17695.6
1714078800,17695.6,17695.6,17627.4,17640.2
1714093200,17640.2,17671.2,17633.1,17650.4
1714107600,17650.4,17678.3,17612.4,17620
1714122000,17620,17702.3,17578.7,17612.4
1714136400,17612.4,17770.8,17553,17768.5
1714150800,17768.5,17787.4,17716.8,17724.1
1714338000,17724.1,17781,17724.1,17770.8
1714352400,17770.8,17803.1,17764.8,17797
1714366800,17797,17808.7,17769,17781.2
1714381200,17781.2,17815.1,17752.3,17808.6
1714395600,17808.6,17835.3,17716.5,17786.5
1714410000,17786.5,17825.2,17685.2,17806.9
1714424400,17806.9,17808.2,17791.4,17798.9
1714438800,17798.9,17813.8,17796.4,17798.8
1714453200,17798.8,17804,17764.8,17764.8
1714467600,17764.8,17789.6,17684.7,17720
1714482000,17720,17788.8,17579.2,17602.1
1714496400,17602.1,17642.5,17374.8,17410.8
1714510800,17410.8,17414.6,17370.2,17411.4
1714525200,17411.4,17426.4,17396.9,17425.2
1714539600,17425.2,17425.4,17352.2,17372.2
1714554000,17372.2,17413,17309.9,17396
1714568400,17396,17415.6,17300.3,17334
1714582800,17334,17693.1,17314.3,17378.6
1714597200,17378.6,17444.1,17378.6,17438.8
1714611600,17438.8,17461.5,17426.8,17453.4
1714626000,17453.4,17500.3,17420.8,17460.8
1714640400,17460.8,17520.5,17460.2,17478
1714654800,17478,17503.1,17288.8,17433.8
1714669200,17433.8,17657.5,17433.8,17643.2
1714683600,17643.2,17709.1,17625,17665.8
1714698000,17665.8,17689.5,17651.1,17654
1714712400,17654,17671,17622.1,17663
1714726800,17663,17864.8,17643,17826.4
1714741200,17826.4,17950.4,17796.7,17874.7
1714755600,17874.7,17930.2,17869.7,17926.5
1714942800,17926.5,17950.4,17897.1,17908.4
1714957200,17908.4,17916.2,17891.8,17896.8
1714971600,17896.8,17938.4,17886.2,17930.3
1714986000,17930.3,17974.6,17926.8,17961.3
1715000400,17961.3,18023.4,17944.9,18019.4
1715014800,18019.4,18103.4,17995.4,18086.8
1715029200,18086.8,18097.2,18071.9,18078.2
1715043600,18078.2,18090.8,18069.7,18084.8
1715058000,18084.8,18096.7,18055.5,18095.4
1715072400,18095.4,18099.2,18051.7,18092.7
1715086800,18092.7,18164,18082.4,18142.5
1715101200,18142.5,18167.6,18069.3,18100.3
1715115600,18100.3,18114.8,18083.6,18111.4
1715130000,18111.4,18117.8,18088.3,18088.8
1715144400,18088.8,18118.8,18083.8,18095
1715158800,18095,18105.3,17975.1,17994.6
1715173200,17994.6,18144.8,17981.8,18070.5
1715187600,18070.5,18106.6,18041.5,18070.5
1715202000,18070.5,18080,18057.7,18070.6
1715216400,18070.6,18080.6,18053.6,18053.6
1715230800,18053.6,18066.1,18024.2,18028.8
1715245200,18028.8,18104.4,18008.6,18095.1
1715259600,18095.1,18141.7,18012.9,18118.2
1715274000,18118.2,18143.7,18092.7,18125.8
1715288400,18125.8,18145.4,18121.4,18133.1
1715302800,18133.1,18136.2,18115.4,18129.6
1715317200,18129.6,18193.1,18123.7,18193.1
1715331600,18193.1,18207.8,18151.8,18154.2
1715346000,18154.2,18249.7,18094.6,18150.9
1715360400,18150.9,18180.5,18113.8,18153.8
1715547600,18153.8,18168.8,18139.2,18168.4
1715562000,18168.4,18197.1,18162.5,18196.3
1715576400,18196.3,18210.6,18184.2,18188.8
1715590800,18188.8,18238.6,18186.5,18235.5
1715605200,18235.5,18246,18162.4,18204.3
1715619600,18204.3,18214.6,18144.9,18200.3
1715634000,18200.3,18202.6,18186.8,18190.3
1715648400,18190.3,18193.3,18176.1,18183.1
1715662800,18183.1,18220.9,18182.7,18219.3
1715677200,18219.3,18221.2,18080.2,18174.6
1715691600,18174.6,18284.1,18163.3,18238.1
1715706000,18238.1,18353.8,18219.6,18331.6
1715720400,18331.6,18344.4,18318,18327
1715734800,18327,18356.1,18326.6,18329.4
1715749200,18329.4,18336.7,18311.1,18334.6
1715763600,18334.6,18465.2,18311.5,18428.1
1715778000,18428.1,18550.1,18365.5,18548.1
1715792400,18548.1,18624.7,18547.5,18612.4
1715806800,18612.4,18649.5,18602.4,18642.5
1715821200,18642.5,18653.2,18628.7,18639
1715835600,18639,18648,18620.8,18634.6
1715850000,18634.6,18648.8,18601.3,18609.5
1715864400,18609.5,18675.2,18586.8,18648.3
1715878800,18648.3,18655.6,18551.9,18555.1
1715893200,18555.1,18575.2,18555.1,18573.1
1715907600,18573.1,18585.2,18563.1,18576.8
1715922000,18576.8,18592.8,18535.7,18553.2
1715936400,18553.2,18604.6,18553.2,18602.8
1715950800,18602.8,18603.2,18526.2,18558.9
1715965200,18558.9,18563.5,18466.4,18556.5
1716152400,18556.5,18594,18556.5,18587.6
1716166800,18587.6,18600.4,18581,18593.3
1716181200,18593.3,18600.3,18576.5,18582.8
1716195600,18582.8,18611,18565.4,18570.3
1716210000,18570.3,18716,18556.9,18712.9
1716224400,18712.9,18715,18628.6,18669.8
1716238800,18669.8,18683.6,18667.1,18679.9
1716253200,18679.9,18680.7,18665.6,18677.9
1716267600,18677.9,18687.5,18660.4,18665.4
1716282000,18665.4,18684.1,18641,18641.9
1716296400,18641.9,18696,18602.2,18671.2
1716310800,18671.2,18732.6,18658.3,18722.5
1716325200,18722.5,18740.4,18722.4,18734.4
1716339600,18734.4,18747.2,18730.1,18732.4
1716354000,18732.4,18744.2,18709.5,18716.4
1716368400,18716.4,18735,18678.7,18726.6
1716382800,18726.6,18762,18712.6,18727.3
1716397200,18727.3,18818.3,18608.3,18746.3
1716411600,18746.3,18804.6,18746.3,18795.6
1716426000,18795.6,18897.8,18791.2,18891.1
1716440400,18891.1,18892.5,18856.2,18863.4
1716454800,18863.4,18950,18857.4,18933.1
1716469200,18933.1,18934.9,18729.6,18770.8
1716483600,18770.8,18786.6,18549.3,18617.8
1716498000,18617.8,18656.8,18614.2,18650.5
1716512400,18650.5,18663.2,18639.5,18645
1716526800,18645,18677,18614.6,18668
1716541200,18668,18704.3,18655.6,18684.8
1716555600,18684.8,18850.9,18664.5,18817
1716570000,18817,18858,18768,18804
1716757200,18804,18818.6,18766.2,18779.2
1716771600,18779.2,18793.4,18768.8,18792.8
1716786000,18792.8,18821,18791.6,18807
1716800400,18807,18816.5,18799.2,18801.1
1716814800,18801.1,18887.9,18800.5,18883.4
1716843600,18883.4,18883.4,18817.3,18829.6
1716858000,18829.6,18863.8,18826.1,18853
1716872400,18853,18911.1,18841.3,18908.8
1716886800,18908.8,18912.4,18831.6,18848.3
1716901200,18848.3,18875.3,18771,18853.5
1716915600,18853.5,18913.1,18751.8,18897.4
1716930000,18897.4,18897.4,18848.6,18854.4
1716944400,18854.4,18863.5,18820.4,18842.8
1716958800,18842.8,18846,18748,18768.7
1716973200,18768.7,18781,18718.8,18725.8
1716987600,18725.8,18828.6,18701.2,18820.8
1717002000,18820.8,18823.1,18689.3,18695.3
1717016400,18695.3,18710,18652.8,18662.2
1717030800,18662.2,18669.5,18617.8,18628
1717045200,18628,18685.6,18606.2,18683
1717059600,18683,18734,18662.8,18713
1717074000,18713,18721,18571.3,18647.5
1717088400,18647.5,18679.8,18499.3,18544.1
1717102800,18544.1,18544.1,18452.5,18474
1717117200,18474,18517,18472.4,18503.4
1717131600,18503.4,18522.1,18463.6,18493.8
1717146000,18493.8,18617.4,18435.1,18596.9
1717160400,18596.9,18605.9,18191.1,18242.1
1717174800,18242.1,18580.6,18241.1,18526
1717362000,18526,18598.3,18493,18586.5
1717376400,18586.5,18606.6,18570,18601.6
1717390800,18601.6,18630.9,18576.3,18620.4
1717405200,18620.4,18655.8,18604,18638
1717419600,18638,18708.9,18421.3,18437
1717434000,18437,18627.3,18389.5,18616.8
1717448400,18616.8,18628.8,18600.8,18623.2
1717462800,18623.2,18625.8,18591.8,18598.5
1717477200,18598.5,18603.3,18496.4,18507.4
1717491600,18507.4,18565.2,18463.5,18561.3
1717506000,18561.3,18615.8,18520,18584.8
1717520400,18584.8,18708.8,18550.8,18666.5
1717534800,18666.5,18706.8,18656.8,18689.4
1717549200,18689.4,18726,18676.7,18718.2
1717563600,18718.2,18723.9,18664,18716.9
1717578000,18716.9,18788.7,18714.7,18786.4
1717592400,18786.4,18967.9,18762.4,18964.4
1717606800,18964.4,19051.5,18938.5,19048.5
1717621200,19048.5,19067.6,19028.2,19047.5
1717635600,19047.5,19071,19035.8,19059.8
1717650000,19059.8,19068.6,19034,19050.8
1717664400,19050.8,19083,19017.6,19054.2
1717678800,19054.2,19076.1,18992.6,19017.2
1717693200,19017.2,19054.4,18985,19035
1717707600,19035,19045.1,19025.6,19042.8
1717722000,19042.8,19058,19037.9,19053.6
1717736400,19053.6,19066.7,19036.9,19041.4
1717750800,19041.4,19100,18904.1,18946.4
1717765200,18946.4,19114.9,18938.1,19110.8
1717779600,19110.8,19123.8,18966.3,18999
1717966800,18999,19027.2,18982.9,19000.6
1717981200,19000.6,19018.3,18995.3,19014.3
1717995600,19014.3,19018.9,18959.8,18964.6
1718010000,18964.6,19007.3,18942.2,18961.3
1718024400,18961.3,19089,18945.7,19078.1
1718038800,19078.1,19104.6,19009.1,19082
1718053200,19082,19082,19050.8,19056.2
1718067600,19056.2,19071.2,19053.6,19063.7
1718082000,19063.7,19088.2,19032.5,19039.2
1718096400,19039.2,19050.8,19004.2,19031.8
1718110800,19031.8,19111.6,18969.6,19073.3
1718125200,19073.3,19236,19061.4,19227.9
1718139600,19227.9,19248.6,19212.6,19224
1718154000,19224,19246.4,19222.8,19235.8
1718168400,19235.8,19254.6,19219.6,19238.3
1718182800,19238.3,19435.2,19235,19401.3
1718197200,19401.3,19525.4,19354,19490.8
1718211600,19490.8,19593.1,19414.5,19586.3
1718226000,19586.3,19604.6,19564.3,19596.8
1718240400,19596.8,19621.3,19592.3,19619.5
1718254800,19619.5,19652.5,19600.6,19621.3
1718269200,19621.3,19668.4,19564.8,19610.5
1718283600,19610.5,19644.3,19481.4,19525
1718298000,19525,19619.1,19518.3,19588.2
1718312400,19588.2,19601.5,19569.6,19593
1718326800,19593,19620.5,19589.5,19613.7
1718341200,19613.7,19635.4,19585.3,19592.4
1718355600,19592.4,19601.6,19478.8,19538.8
1718370000,19538.8,19625.8,19529.7,19612
1718384400,19612,19679.4,19607.4,19673.4
1718571600,19673.4,19705.4,19650.6,19679.6
1718586000,19679.6,19686.8,19664.8,19673.8
1718600400,19673.8,19728.4,19655.1,19686.6
1718614800,19686.6,19703.6,19661.5,19673.4
1718629200,19673.4,19832,19620.6,19810.3
1718643600,19810.3,19990.1,19810.2,19908.8
1718658000,19908.8,19941,19893.2,19908.7
1718672400,19908.7,19917.7,19880.8,19901
1718686800,19901,19956.2,19895.2,19948.7
1718701200,19948.6,19991.6,19915.4,19933.2
1718715600,19934,19949.9,19855.4,19945
1718730000,19944.5,19968.9,19900.4,19956.5
1718744400,19958.6,19982.8,19953.6,19961.8
1718758800,19961.4,19977.4,19959.8,19967.5
1718773200,19967.9,19990.4,19965,19979.3
1718787600,19979.4,19997.6,19978.3,19991.8
1718802000,19992.1,20003.6,19973.6,19989.5
1718830800,19996.6,20013.8,19985.5,20009.3
1718845200,20008.6,20072.3,20008,20065.5
1718859600,20064.5,20128.9,20063.1,20087.4
1718874000,20088,20094.6,20016.6,20025.5
1718888400,20025.2,20028.4,19779.5,19847.3
1718902800,19847,19847.9,19727.1,19822.5
1718917200,19813.2,19843.9,19802.3,19803.3
1718931600,19803.4,19837.2,19800.6,19835.6
1718946000,19835.5,19853.4,19715.8,19743
1718960400,19743.2,19811,19734.8,19800
1718974800,19800.4,19845.8,19682.1,19770
1718989200,19770.1,19787.3,19720.8,19780.6
1719176400,19781.2,19798.9,19770.5,19778.2
1719190800,19778.2,19780.7,19688.9,19739.9
1719205200,19739.8,19799.7,19739.8,19775.6
1719219600,19776,19780,19693,19703.2
1719234000,19703.6,19765.5,19591.3,19630.8
1719248400,19631.4,19645.8,19507.8,19529.3
1719262800,19547.4,19554.8,19530,19532.2
1719277200,19532.5,19581.2,19522.6,19580.5
1719291600,19580.4,19597.4,19506.2,19596.8
1719306000,19596.4,19630.4,19584.8,19610.6
1719320400,19610.5,19750.2,19572,19657.1
1719334800,19657,19763.2,19620.3,19751.6
1719349200,19749.8,19773.6,19746.4,19772.8
1719363600,19772.6,19790.9,19764.2,19774.4
1719378000,19774.5,19852.9,19774,19830
1719392400,19829.6,19831.6,19713.2,19717.1
1719406800,19717.2,19812.6,19684,19758.8
1719421200,19758.1,19812,19705.2,19738
1719435600,19747.2,19747.4,19659.1,19678.5
1719450000,19678.4,19728.8,19678.2,19727.2
1719464400,19727.4,19758,19718.6,19744.4
1719478800,19743.4,19790.1,19736.6,19788.9
1719493200,19787.9,19901.1,19740.5,19814.8
1719507600,19814.5,19865.4,19780.1,19854.1
1719522000,19851.8,19888.5,19845.9,19869.2
1719536400,19869,19925,19867.8,19893.6
1719550800,19893.7,19916.6,19876.9,19899.7
1719565200,19899.8,19959,19863.6,19866.9
1719579600,19865.8,20057.9,19773,19823.6
1719594000,19823.8,19860.1,19694.3,19754.9
1719781200,19756.6,19771.8,19719.8,19770.4
1719795600,19770,19792.5,19762.3,19766.8
1719810000,19767.6,19807.5,19704.2,19713.8
1719824400,19714.6,19777.4,19689,19766
1719838800,19766.8,19824.4,19599.5,19811.8
1719853200,19811.7,19872,19775.8,19839.6
1719867600,19847.4,19852.4,19767.2,19784.2
1719882000,19784.2,19797.5,19760.1,19780.8
1719896400,19781.2,19814.1,19732.4,19757.1
1719910800,19757.6,19767.4,19708,19744
1719925200,19743.6,19954.5,19741.9,19926.3
1719939600,19926.4,20058.2,19919.2,20038.2
1719954000,20036.8,20050.1,20029.4,20042
1719968400,20042,20044.5,20029.3,20041.8
1719982800,20042.2,20080,20032,20064.4
1719997200,20064.2,20075.7,20002.8,20016.5
1720011600,20016.1,20222,20004.8,20213
1720026000,20213,20233.7,20204.6,20214.6
1720040400,20203.8,20210.4,20189,20203.6
1720054800,20203.2,20216.1,20196.2,20200.8
1720069200,20201,20208.4,20195.6,20198
1720083600,20197.8,20207.1,20194.8,20205.5
1720098000,20205.8,20208.2,20168.6,20178.1
1720126800,20171.2,20206.4,20171.2,20201.1
1720141200,20201,20223.4,20198.1,20219.1
1720155600,20218.4,20256,20214.1,20226
1720170000,20225.6,20290.7,20180.6,20222.4
1720184400,20222.4,20415.9,20208.1,20388
1720198800,20387.6,20438.3,20375,20393.6
1720386000,20385.8,20416.7,20382.8,20386.5
1720400400,20386.8,20401,20378.2,20387
1720414800,20387.2,20414.2,20382,20401
1720429200,20401,20435.8,20400,20427.5
1720443600,20427.8,20469.2,20386.8,20440.8
1720458000,20441.3,20494.4,20416,20488.6
1720472400,20480.5,20554.9,20479.4,20534.8
1720486800,20534.8,20546.5,20510.8,20544.5
1720501200,20544.6,20548.8,20519.3,20539.3
1720515600,20539.4,20554.1,20509.9,20528
1720530000,20529,20578.3,20453.4,20485.1
1720544400,20485.4,20499.8,20425,20496.3
1720558800,20495.2,20519.2,20493.8,20518
1720573200,20518,20526,20510.1,20524.5
1720587600,20525.5,20540.2,20505.2,20539.5
1720602000,20539.6,20575.8,20529.8,20562.7
1720616400,20563.4,20658.6,20511.8,20656.5
1720630800,20656.1,20725.5,20649.7,20703.6
1720645200,20700.7,20707.6,20668.6,20671
1720659600,20670.6,20693.2,20662.6,20688.7
1720674000,20689.5,20700.3,20676.2,20689.8
1720688400,20690,20792,20674.6,20700.4
1720702800,20700.7,20726.6,20250.3,20258
1720717200,20258.3,20308.4,20191.8,20249.6
1720731600,20253.6,20273.4,20217.9,20248.8
1720746000,20248.7,20257.6,20201.9,20210.4
1720760400,20211.2,20251.3,20186.8,20250
1720774800,20250.6,20281.2,20151,20253.7
1720789200,20254.8,20481.3,20236.7,20448.5
1720803600,20448.8,20558.8,20328.4,20357
1720990800,20377.6,20395.4,20326.4,20387.6
1721005200,20388,20408.8,20378.1,20406.5
1721019600,20406.4,20450.4,20404.4,20445.5
1721034000,20444.8,20469.8,20413.2,20420
1721048400,20420.8,20614.6,20399.9,20469.8
1721062800,20470.3,20470.8,20324.5,20441.4
1721077200,20451.8,20464.9,20437.2,20446.2
1721091600,20446,20473,20438.3,20457.5
1721106000,20457.4,20466.8,20359.6,20420.4
1721120400,20420.5,20471.2,20393.3,20456.3
1721134800,20456.4,20501.8,20295.6,20376.8
1721149200,20376.1,20445.5,20317,20420.9
1721163600,20412.4,20428,20388.9,20395
1721178000,20394.9,20395.4,20348.2,20354.6
1721192400,20355,20366.1,20139.4,20174.2
1721206800,20174.1,20198.7,20091,20111.6
1721221200,20111.4,20127.9,19839.3,19894.3
1721235600,19894.6,19923,19804.7,19852.4
1721250000,19883.1,19912.6,19874,19902.2
1721264400,19902.3,19919,19863.7,19891.8
1721278800,19892,20001,19875.2,19964.2
1721293200,19964,19986.4,19857.4,19983.7
1721307600,19983.8,20001,19611.5,19755.4
1721322000,19754.2,19802.7,19600.9,19789.2
1721336400,19791.3,19818.6,19777.4,19789.2
1721350800,19789.7,19804.7,19778.2,19798.8
1721365200,19798.9,19821,19597.2,19682
1721379600,19682.6,19785.8,19649.4,19781.6
1721394000,19780.9,19817.9,19533.5,19576.2
1721408400,19576.2,19631.5,19501,19552.2
1721595600,19585.9,19688.2,19579.6,19657
1721610000,19657.2,19660,19565.8,19648
1721624400,19647.8,19687.5,19605.2,19662.7
1721638800,19662.6,19777.7,19655.9,19759.6
1721653200,19759.4,19873.5,19656.7,19816.5
1721667600,19816.9,19899.3,19812.8,19835.8
1721682000,19838.9,19852.8,19780.3,19792.6
1721696400,19792.8,19823.6,19767.2,19796.2
1721710800,19796.6,19808.6,19723.4,19775.4
1721725200,19775.8,19870.4,19775,19823.8
1721739600,19823,19940.6,19782.8,19805.8
1721754000,19806,19855.2,19760.6,19814.2
1721768400,19690.4,19710.9,19642.8,19684.2
1721782800,19685.2,19693.3,19578.2,19585.6
1721797200,19586.6,19631.8,19540.2,19602.5
1721811600,19602.8,19607.8,19464.1,19489.8
1721826000,19489.6,19510.1,19165,19178
1721840400,19177.5,19236.3,19033,19130.6
1721854800,19135.8,19168.8,19122,19156.6
1721869200,19156.3,19166.4,19080.3,19118.4
1721883600,19118.6,19138.8,18926.2,19061.8
1721898000,19061.8,19098.8,18951.9,19097.5
1721912400,19095.6,19232.2,18747.8,19205.1
1721926800,19205.4,19261.7,18812.1,18858.4
1721941200,18886.8,18933.8,18865.4,18917.8
1721955600,18917.8,18977.4,18916.4,18974.4
1721970000,18974.6,19091.6,18934.8,19090.2
1721984400,19089.2,19106.2,19025.2,19048.4
1721998800,19049.4,19160.2,18911.4,19148.4
1722013200,19148.7,19168.7,18976.4,19044.5
1722200400,19082,19200.8,19072.1,19171.4
1722214800,19171.4,19188.5,19151.5,19172
1722229200,19172.8,19205.5,19091,19119.8
1722243600,19121.4,19232.8,19106.2,19181
1722258000,19182,19248,18984.7,19187.3
1722272400,19187.6,19227.8,19065.1,19097.8
1722286800,19107.5,19110.6,19002.2,19035.1
1722301200,19035,19061.8,18955.9,19059.4
1722315600,19059.8,19136.3,19047.8,19124.8
1722330000,19124.1,19157.8,19086.4,19147.6
1722344400,19146.6,19198.3,18693.2,18695
1722358800,18695.3,18901.5,18613.4,18757.8
1722373200,18761.4,18964,18752.4,18961.2
1722387600,18961.2,19031.6,18941.2,18990.2
1722402000,18990.8,19130.8,18979.7,19098.8
1722416400,19099,19238.4,19077.6,19231.2
1722430800,19231,19399.7,19194.9,19313.2
1722445200,19312.9,19527.4,19228.4,19461.2
1722459600,19471.5,19598.8,19471.5,19527.8
1722474000,19528.2,19570.8,19501.2,19551.6
1722488400,19551.8,19574.4,19387.1,19405.8
1722502800,19406.8,19528.8,19398.6,19478.8
1722517200,19478.4,19563,18956.6,18972.6
1722531600,18973.9,18990.2,18736.4,18848.9
1722546000,18855.8,18858.9,18724,18791
1722560400,18791.3,18802.5,18569.1,18647.9
1722574800,18647.8,18684.2,18524.5,18612
1722589200,18610.6,18627.6,18391,18467.1
1722603600,18467,18642.8,18267.9,18403
1722618000,18404.2,18483.4,18340.4,18409.8
1722805200,18241.2,18281.6,18059.8,18071.6
1722819600,18071.5,18077.2,17786.7,17796
1722834000,17796.3,17885,17248.4,17725.2
1722848400,17725.8,17784.3,17259.8,17431.4
1722862800,17429,18194.8,17405.4,17947.9
1722877200,17947.8,18075.6,17799.6,18047.6
1722891600,18117,18243.8,18072.8,18240.8
1722906000,18240.4,18340.5,18214.5,18239.6
1722920400,18238.3,18281.2,18033.7,18074.6
1722934800,18074.4,18158.6,17923.8,17989
1722949200,17989.2,18351.8,17872,18332.4
1722963600,18332.4,18390.4,17977.1,17996.4
1722978000,17964.8,18100.7,17953.8,18074.2
1722992400,18073.8,18344.8,18050,18306.9
1723006800,18307,18313.5,18128.4,18304.7
1723021200,18304.5,18368.5,18280,18340
1723035600,18340,18465.7,18167,18189.6
1723050000,18189.2,18204.6,17743.8,17763.7
1723064400,17804.4,17848.3,17652.3,17814.4
1723078800,17814.3,17985.9,17801.4,17896.4
1723093200,17896.3,17960.8,17786.2,17904
1723107600,17904,18110.4,17818.7,18062.2
1723122000,18062.7,18378.4,17971.5,18316.8
1723136400,18317.6,18503.5,18268.5,18472.4
1723150800,18464.2,18526,18399.4,18429.3
1723165200,18429.2,18504.2,18340.2,18365.4
1723179600,18364.8,18560.4,18345,18545.7
1723194000,18545.6,18555.3,18292.8,18333
1723208400,18333,18487.8,18314.2,18440.2
1723222800,18440.6,18584.8,18432.6,18507.6
1723410000,18532.1,18566.2,18425.1,18514.2
1723424400,18512.4,18574.8,18491.9,18555.4
1723438800,18555.3,18597.9,18511.1,18542
1723453200,18540.6,18600.2,18534.9,18569.2
1723467600,18569.8,18673.3,18432.6,18537.4
1723482000,18538,18604.8,18496.8,18544.6
1723496400,18559.2,18602.8,18544.2,18588.6
1723510800,18589,18611.9,18554.7,18608.4
1723525200,18608.2,18732.4,18601.2,18661.8
1723539600,18661.6,18738.2,18563.4,18730.1
1723554000,18730.4,18989.3,18707.2,18989.1
1723568400,18988.8,19037.9,18923.8,19014.7
1723582800,19030.7,19040.1,19004.4,19025.6
1723597200,19025.1,19069.8,18999.1,19021.2
1723611600,19020.6,19049.2,18980.6,19004.8
1723626000,19004.6,19078.4,18921.3,19047.4
1723640400,19047.6,19122,18842.5,18989.7
1723654800,18988.6,19079.5,18957.7,19060.1
1723669200,19051.8,19087,19015.4,19080.2
1723683600,19080.4,19138.4,19060.4,19126.2
1723698000,19126,19126.4,19038.1,19066.4
1723712400,19065.8,19285,19019.4,19250.2
1723726800,19250.4,19484.3,19232.1,19451.8
1723741200,19452.3,19518,19434.6,19479.2
1723755600,19480.1,19551,19476.4,19513.4
1723770000,19513.2,19554.5,19500.1,19531.8
1723784400,19531.8,19593.6,19516.3,19536.4
1723798800,19536.5,19553.6,19359.2,19389.8
1723813200,19390.4,19571.8,19373.8,19563
1723827600,19563.5,19565.8,19486,19523.4
1724014800,19537.2,19586.7,19536.4,19567
1724029200,19567,19600,19506.4,19522.4
1724043600,19522.5,19534.5,19439.2,19485.6
1724058000,19486,19548.9,19456.8,19535.6
1724072400,19535.4,19612.8,19442.7,19606.2
1724086800,19605.9,19793.4,19588.2,19775.9
1724101200,19797.1,19799.6,19779.7,19787.4
1724115600,19787.4,19835.2,19767.2,19804.5
1724130000,19804,19852.4,19771.6,19797
1724144400,19796.8,19821.2,19764.2,19769.8
1724158800,19770.5,19846,19664.7,19701.9
1724173200,19702.5,19791.2,19672.4,19728
1724187600,19729.9,19752.7,19710.4,19750
1724202000,19749.5,19772.6,19731.6,19771.8
1724216400,19772.4,19779.2,19718.8,19725.6
1724230800,19726.4,19787.4,19714.6,19763
1724245200,19763.2,19905.7,19695.8,19794.9
1724259600,19794.6,19876.7,19756.5,19844.2
1724274000,19844.5,19867.2,19836.1,19852.8
1724288400,19852.8,19857.7,19789.6,19823.6
1724302800,19823.4,19852.7,19810.8,19840.6
1724317200,19840.4,19917.2,19836.1,19907.6
1724331600,19908.4,19948.2,19587.3,19635.4
1724346000,19635.3,19666.6,19470.1,19546.4
1724360400,19546.4,19586.2,19545.2,19564.9
1724374800,19564.8,19618.8,19563.6,19606.4
1724389200,19606.8,19641.2,19599.8,19641
1724403600,19641.2,19688,19615.1,19685.5
1724418000,19685.8,19831.1,19524.6,19612.2
1724432400,19612.8,19742.7,19598,19707.8
1724619600,19721.2,19762.1,19648.2,19737.7
1724634000,19738.3,19763.6,19686.2,19708.4
1724648400,19708.2,19777.6,19695.6,19774.6
1724662800,19774.8,19776,19677.1,19706.3
1724677200,19706.4,19733.3,19438.5,19561
1724691600,19560,19567.3,19454.9,19494.2
1724706000,19505.4,19533.4,19463.4,19498.6
1724720400,19498.4,19548.6,19484.6,19545.6
1724734800,19545.4,19587.2,19525.1,19559.6
1724749200,19559.7,19587.2,19443.8,19454.4
1724763600,19453.6,19635,19382.9,19565.8
1724778000,19565.5,19633.3,19559,19573.8
1724792400,19582,19585.5,19501.4,19543.8
1724806800,19543.8,19576,19524.3,19571.4
1724821200,19571,19630.8,19559,19623
1724835600,19623,19630.8,19546.4,19583.2
1724850000,19582.8,19597,19280.4,19400.3
1724864400,19399.4,19428.5,19175.6,19250.2
1724878800,19155,19210.8,19088,19188.2
1724893200,19188.2,19245,19162.4,19238.2
1724907600,19238.6,19372.6,19225.2,19359.9
1724922000,19360,19463.3,19356.4,19416.2
1724936400,19415.2,19638.8,19411,19599.5
1724950800,19599.6,19600.4,19287,19398.6
1724965200,19401.2,19409.4,19342.7,19392.2
1724979600,19392.1,19422.4,19372,19412.4
1724994000,19412.2,19487.1,19400.2,19466.6
1725008400,19466.6,19520.6,19447,19474.4
1725022800,19475.1,19575.8,19318,19411
1725037200,19410.4,19583.4,19384.5,19545.6
1725224400,19562.8,19577,19520,19559.4
1725238800,19559.6,19578,19516,19533.2
1725253200,19533.4,19548.8,19462,19520.6
1725267600,19520.4,19574.5,19515.8,19558.6
1725282000,19558.6,19619.8,19538.5,19597.2
1725310800,19614.5,19632.7,19496,19542
1725325200,19542,19558,19463.8,19503.2
1725339600,19503.4,19593.9,19447.8,19448.4
1725354000,19450,19471.8,19396,19428.8
1725368400,19428.4,19459.4,19082.8,19088.7
1725382800,19088.8,19140.8,18873.8,18949.8
1725397200,18956.8,18967.2,18804.4,18812
1725411600,18812.1,18894.9,18787.6,18827.6
1725426000,18827.5,18890.6,18792.6,18869.5
1725440400,18869.6,18904.4,18806.2,18872
1725454800,18871.8,19075.8,18800.1,19026.8
1725469200,19026.2,19029,18873,18928
1725483600,18940.3,18967.8,18855.7,18955
1725498000,18954.9,18969.6,18860.6,18875.6
1725512400,18875,18966,18848.2,18933.9
1725526800,18933.6,18935.2,18793.2,18853.4
1725541200,18854.1,19114,18808.4,18899
1725555600,18900,19005.9,18854,18888.6
1725570000,18893.2,18897,18798,18800.4
1725584400,18800.6,18870,18755.4,18858.4
1725598800,18858.5,18859,18671.2,18690
1725613200,18689.6,18921,18668.4,18898
1725627600,18896.7,18935.2,18401.4,18421.6
1725642000,18421.8,18516.3,18309.8,18338.4
1725829200,18385,18473.4,18356.5,18449.4
1725843600,18449.3,18553.9,18449.2,18537.3
1725858000,18538.5,18590.8,18512.4,18579
1725872400,18578.6,18615.2,18535.2,18573.9
1725886800,18573.8,18695.8,18466.7,18688.3
1725901200,18688.1,18712,18544.3,18694.4
1725915600,18711.8,18718.2,18615,18657.6
1725930000,18657.6,18672.4,18589.6,18594.8
1725944400,18594.9,18669.9,18582,18620.4
1725958800,18621,18745.6,18560.4,18736.2
1725973200,18736.1,18798.8,18567.3,18665.5
1725987600,18665.2,18854,18661.5,18809.8
1726002000,18810.8,18834.2,18780.1,18789.3
1726016400,18789.2,18802.8,18698,18710.2
1726030800,18710,18802.6,18682.6,18752.8
1726045200,18753.4,18852.1,18708.6,18838
1726059600,18837.6,18917.3,18525.3,18890
1726074000,18889.3,19275.6,18886.6,19227
1726088400,19214.8,19264.7,19211.1,19233
1726102800,19233,19306,19219.2,19295.4
1726117200,19295.2,19324.2,19242.1,19280.6
1726131600,19280.4,19313.8,19231.5,19240.5
1726146000,19240.6,19369.8,19167.3,19366.2
1726160400,19366,19467.4,19342.6,19397.1
1726174800,19399,19455.6,19397.3,19437.8
1726189200,19437.6,19441.3,19402.4,19431.4
1726203600,19431.6,19470.4,19407.6,19435.2
1726218000,19435.3,19460.7,19394.8,19430.6
1726232400,19431,19542.9,19380.4,19524.8
1726246800,19525.3,19559,19478.1,19491.7
1726434000,19498.8,19530.6,19463.3,19504.2
1726448400,19503.8,19516.7,19480.8,19513.2
1726462800,19513.1,19527.6,19466.2,19511.2
1726477200,19511.6,19522.8,19411.6,19421.4
1726491600,19420.4,19447.8,19283.6,19374.7
1726506000,19374.6,19454.3,19344.2,19423.2
1726520400,19431.2,19464.9,19418.4,19422.2
1726534800,19421.9,19439.9,19402.4,19439
1726549200,19439.1,19520.5,19437.9,19510.4
1726563600,19510.2,19587.2,19509.8,19565.6
1726578000,19565.4,19619.8,19376.8,19414.8
1726592400,19415.8,19491.9,19354.8,19473.9
1726606800,19471.5,19499.8,19469.2,19493.2
1726621200,19493.2,19505.6,19461.1,19469.8
1726635600,19467.5,19516.8,19448.2,19476.2
1726650000,19476.2,19522.3,19462,19517.5
1726664400,19517.2,19526,19383.4,19505.9
1726678800,19506,19698.4,19361.5,19423.2
1726693200,19443.2,19640.7,19433.2,19517
1726707600,19517.6,19667.4,19474.5,19659.2
1726722000,19660.2,19740.4,19638.8,19732.6
1726736400,19732.8,19814.7,19721.5,19797.5
1726750800,19798,19972.3,19760,19956.2
1726765200,19956.1,20002.5,19851.9,19857.6
1726779600,19865.8,19873.4,19823.6,19835.4
1726794000,19835.6,19870.1,19820.6,19857.4
1726808400,19857.6,19869.2,19807.4,19821.2
1726822800,19821.2,19874.4,19781.5,19863.9
1726837200,19863.8,19881.4,19659.8,19824.3
1726851600,19823.5,19888.8,19739.5,19820.8
1727038800,19823.6,19941.3,19801.8,19937.2
1727053200,19937.6,19968.5,19930.8,19947.1
1727067600,19947.6,19948.8,19760.8,19851.4
1727082000,19851.3,19900.6,19832.2,19892.4
1727096400,19892.3,19937.2,19836.8,19857.8
1727110800,19857.6,19900.2,19830.2,19871.9
1727125200,19871,19889,19853.4,19869.4
1727139600,19869.2,19907,19835.1,19885.2
1727154000,19888.2,19990.5,19886.2,19976.4
1727168400,19976.1,19976.9,19862.6,19924.4
1727182800,19924.4,20026.3,19764.6,19976.5
1727197200,19976.4,20007.3,19923,19999.8
1727211600,19999,20005.8,19950.8,19956.4
1727226000,19956.6,19969.8,19924,19943.4
1727240400,19943,19953.8,19878,19910.6
1727254800,19910.8,19970.8,19894.2,19963.2
1727269200,19963,20084.9,19953.5,19992.4
1727283600,19993.2,20058.6,19949.8,20055.6
1727298000,20054.9,20129.5,20046.4,20111.4
1727312400,20109.2,20194.4,20101.6,20193.2
1727326800,20193.2,20313.6,20178.2,20281.3
1727341200,20280.8,20335.3,20264.8,20331.3
1727355600,20332.3,20351.4,20002.2,20070.8
1727370000,20070.4,20180.8,20007.8,20162
1727384400,20167,20199.6,20124,20154.2
1727398800,20154.1,20168.1,20098.2,20164.8
1727413200,20164.6,20176.8,20055.9,20110.8
1727427600,20110.5,20213.2,20098.8,20194.8
1727442000,20195.8,20210.2,20030.8,20082.6
1727456400,20083.2,20113.6,19994,20018.8
1727643600,20021,20106.1,19978.8,20067.1
1727658000,20066.9,20067.7,19975,20016
1727672400,20016.2,20066.4,19966.6,20017
1727686800,20016.6,20037.4,19939.6,19990
1727701200,19990,20081.8,19947.6,20039.7
1727715600,20039.8,20113.4,19884.5,20070.2
1727730000,20069.8,20105.2,20040.6,20096.2
1727744400,20096.2,20158,20080.2,20084.2
1727758800,20084,20118.2,20042.2,20097.2
1727773200,20096.4,20151.4,20080.2,20102.4
1727787600,20101.8,20106.9,19645.2,19765.8
1727802000,19766.2,19911.8,19677.5,19796.1
1727816400,19808.4,19809.2,19720.6,19778.1
1727830800,19778.4,19823.7,19738.6,19757.6
1727845200,19756,19800,19708.7,19772.8
1727859600,19772.7,19838.3,19707,19808.6
1727874000,19809.2,19917,19661.5,19810.2
1727888400,19809.6,19902.4,19798.5,19888.9
1727902800,19882.6,19897.4,19812.6,19829.4
1727917200,19829.3,19844.2,19766,19774.6
1727931600,19775,19802.4,19681.6,19740
1727946000,19740.2,19824.4,19728.8,19751.2
1727960400,19751.6,19943.2,19725.3,19752
1727974800,19752.7,19849.9,19711.9,19792.6
1727989200,19788.6,19827.6,19774,19813
1728003600,19812.6,19901.9,19803.5,19836.7
1728018000,19836.8,19875.4,19804.4,19835.2
1728032400,19835.6,20078,19829.4,20077.3
1728046800,20077.4,20095.4,19845.8,19986.3
1728061200,19986.7,20077.8,19916.2,20030.9
1728248400,20066,20096.8,20034.4,20049.8
1728262800,20049.8,20096,20036.4,20048.6
1728277200,20047.6,20052,19944.4,19945
1728291600,19945,19974.7,19891,19957.6
1728306000,19958.4,20019,19921.2,19968.6
1728320400,19968.7,20001.7,19787.1,19855.2
1728334800,19866,19868.8,19740.5,19854.2
1728349200,19854.4,19859.3,19793.8,19840.5
1728363600,19841.2,19865.8,19781.2,19856.4
1728378000,19856.5,19942.2,19856.5,19903.2
1728392400,19903.8,20112.3,19895,20073.6
1728406800,20073.3,20169.8,20005.8,20126
1728421200,20125.2,20137.5,20105.4,20118
1728435600,20117.9,20129.6,20063.8,20072
1728450000,20072.2,20092.2,20036.6,20083.6
1728464400,20083.8,20132.4,20082.4,20112
1728478800,20111.9,20290.6,20079.7,20237.7
1728493200,20238,20324.5,20198.2,20287.1
1728507600,20284.2,20303.1,20277.8,20293
1728522000,20292.6,20315.6,20285.6,20306.2
1728536400,20305.6,20315.8,20248.6,20260.3
1728550800,20260.6,20317.6,20164.4,20202.2
1728565200,20203.3,20349.8,20143.5,20282.9
1728579600,20283.4,20316.7,20216.4,20281.3
1728594000,20275.3,20308.2,20270.1,20291.4
1728608400,20290.9,20312.1,20277.2,20279.6
1728622800,20279.8,20280,20198.8,20203.2
1728637200,20204.6,20259.8,20198.9,20212.6
1728651600,20212.8,20324.8,20158.5,20284.3
1728666000,20285.3,20338,20250.2,20258.3
1728853200,20270,20294.1,20251.4,20259
1728867600,20259,20263,20227.6,20256.6
1728882000,20257.3,20327.4,20255.2,20308.2
1728896400,20308,20384.1,20308,20383.1
1728910800,20382.3,20523.3,20369,20457.1
1728925200,20457.6,20519.8,20447.5,20488.6
1728939600,20482.2,20494,20444.4,20456
1728954000,20455,20490.2,20452.2,20482.4
1728968400,20481.8,20483.6,20416.8,20434.4
1728982800,20434.4,20483,20421.2,20477.4
1728997200,20478,20512,20184.8,20229.6
1729011600,20229.4,20245.7,20110.5,20187.9
1729026000,20192.4,20229.2,20163.3,20212.9
1729040400,20212.8,20250.9,20197.4,20246.4
1729054800,20247.2,20254,20187.9,20216.2
1729069200,20215.2,20242,20197.8,20207.2
1729083600,20206.4,20234.5,20062.8,20195.8
1729098000,20196.3,20239.8,20164,20190
1729112400,20195.6,20195.6,20137.6,20174.6
1729126800,20174.8,20185.6,20140.5,20156.5
1729141200,20156.6,20356,20154.3,20353.1
1729155600,20353.4,20421,20328.6,20419.8
1729170000,20420,20454.5,20227.4,20329.5
1729184400,20329.8,20363.3,20216.4,20248.2
1729198800,20249.6,20276,20183.4,20222.6
1729213200,20221.8,20254,20212.6,20236
1729227600,20236.4,20330,20231.9,20311.4
1729242000,20311.3,20348,20280.8,20340.6
1729256400,20340.8,20391.9,20295.4,20358.9
1729270800,20358.4,20385.9,20316.8,20348.1
1729458000,20368,20390.4,20363.8,20375
1729472400,20375.1,20384.6,20329.9,20333.8
1729486800,20333.4,20336.2,20290.1,20318.4
1729501200,20319.1,20321.8,20209,20266.3
1729515600,20266.4,20419,20215.9,20344.4
1729530000,20344.5,20420.3,20319.2,20416.6
1729544400,20410.8,20415.9,20346.3,20350.2
1729558800,20350.7,20357,20324.2,20324.2
1729573200,20324.2,20361.7,20303.9,20304.2
1729587600,20304.2,20318.2,20233.9,20267.9
1729602000,20267.6,20392.7,20236.8,20374.5
1729616400,20374.4,20477.3,20356,20399.6
1729630800,20379.8,20411.2,20366.3,20373.4
1729645200,20373.5,20405.2,20368.2,20394.2
1729659600,20394.2,20417.8,20359.6,20364.5
1729674000,20364.2,20380.8,20319.4,20330
1729688400,20329.8,20338.1,20112.5,20127.8
1729702800,20127.5,20178,19958.6,20155.4
1729717200,20174.1,20217.4,20148.1,20216.6
1729731600,20215.8,20222.8,20190,20202.6
1729746000,20202.4,20280.8,20185.8,20253.2
1729760400,20252.6,20306.3,20242.4,20262.5
1729774800,20261.6,20285.4,20141.5,20236.8
1729789200,20236.1,20296,20207.4,20266.8
1729803600,20269.2,20285.4,20246.4,20279.6
1729818000,20279.6,20295.1,20247.3,20254.4
1729832400,20254.4,20326.1,20249.8,20302.4
1729846800,20302,20376.1,20292.4,20374.6
1729861200,20374.6,20589.5,20372.9,20522
1729875600,20522.3,20524.8,20343,20359.6
1730062800,20430.8,20531.4,20428,20498.4
1730077200,20497.8,20541.1,20483.8,20539
1730091600,20539.6,20550.4,20485,20543.6
1730106000,20544.3,20559.3,20464,20542.3
1730120400,20541.4,20548.2,20399.4,20418.5
1730134800,20418.4,20448.3,20374.1,20397.3
1730149200,20399.3,20411.2,20364.3,20401
1730163600,20401.1,20407.1,20339.4,20379.8
1730178000,20380,20442.6,20369.8,20414
1730192400,20414,20417.2,20349.4,20376.4
1730206800,20376.6,20553.1,20320.3,20543.2
1730221200,20543.4,20654.7,20542.6,20601
1730235600,20617.7,20668.8,20613.8,20662
1730250000,20661,20683.1,20608.6,20615.2
1730264400,20615.6,20659.4,20597.8,20617.6
1730278800,20617.2,20649.2,20568.7,20583.2
1730293200,20583.4,20594,20438,20541.8
1730307600,20541.5,20550.1,20370.4,20400.9
1730322000,20387,20390.8,20297.3,20332.2
1730336400,20332.2,20358.4,20298.8,20304
1730350800,20303.4,20306.3,20181.9,20212.8
1730365200,20211.8,20310,20187.9,20277.2
1730379600,20276.4,20290.2,19919.2,19988.4
1730394000,19988.3,20033.2,19910.9,19941
1730408400,19985.5,20012.5,19951.4,19974
1730422800,19973.9,20002.2,19919.2,19982.8
1730437200,19982.4,20027.9,19956.8,19997.4
1730451600,19998,20047.2,19984.6,20014.9
1730466000,20015,20190,19958.8,20113.5
1730480400,20114.2,20155,20025.9,20072.8
1730671200,20007.6,20102.5,19974.3,20093.3
1730685600,20093.6,20151.2,20086.5,20132.8
1730700000,20133,20149.8,20037.8,20067.8
1730714400,20067.8,20114.4,20003.5,20049.3
1730728800,20049.4,20129,19916,20039.6
1730743200,20039.8,20086.8,19981.5,20018.8
1730757600,20031,20035.8,19953.6,20011.6
1730772000,20010.6,20027.1,19991.6,20014
1730786400,20014.1,20078.4,20010.6,20061.3
1730800800,20060.6,20082.3,20024.6,20037.1
1730815200,20037,20285.1,20018.8,20264.5
1730829600,20264.3,20298,20193.7,20270.3
1730844000,20268.6,20336.6,20236.5,20315
1730858400,20313,20552.6,20307.3,20497.8
1730872800,20497.4,20642.7,20486.5,20641
1730887200,20641.1,20641.1,20493.3,20599.6
1730901600,20599.7,20738,20556.8,20729.6
1730916000,20729.7,20848.1,20723.1,20841.4
1730930400,20822.2,20833,20773.8,20824
1730944800,20823.8,20865.8,20808.4,20860.8
1730959200,20861,20877.8,20821,20853
1730973600,20853.1,20911.1,20837.2,20898.4
1730988000,20897.8,21111.8,20895,21107.6
1731002400,21108,21166.2,21064.6,21138.9
1731016800,21125.8,21147,21113.4,21141.8
1731031200,21141.6,21173.2,21128.6,21161.8
1731045600,21162.2,21167.3,21121.8,21135.4
1731060000,21135.5,21135.5,21032,21072.3
1731074400,21073.2,21146.1,21066.4,21127.8
1731088800,21127.5,21174.8,21119.2,21138.6
1731276000,21175.4,21221.3,21168.4,21193.2
1731290400,21193,21209.6,21172.6,21198.4
1731304800,21199.4,21233.3,21187.4,21202.4
1731319200,21202.3,21250.3,21178.4,21210.8
1731333600,21211.3,21217,21065.5,21078.3
1731348000,21077.5,21153.4,21018.5,21133.6
1731362400,21128.4,21169.8,21118.2,21150.6
1731376800,21150.8,21162,21110.4,21116.1
1731391200,21115.6,21160.8,21100,21104.4
1731405600,21104.4,21152.8,21050,21141.8
1731420000,21142,21171.5,20988.8,20989.2
1731434400,20989.9,21133,20977.9,21104.9
1731448800,21089.4,21094.2,21056.4,21062.5
1731463200,21062.4,21084.1,21039.6,21043.2
1731477600,21042.3,21105.8,21024,21099.2
1731492000,21099.8,21165.8,21037,21096.6
1731506400,21097.2,21154.6,20980.5,21151.5
1731520800,21151,21191,21049.7,21088.7
1731535200,21079,21100,21055.5,21058.6
1731549600,21058.8,21076.5,21032,21046.8
1731564000,21045.8,21115.4,21015.4,21078.2
1731578400,21078.2,21107.9,21037.9,21059.3
1731592800,21059.6,21099.4,20945.2,21011.3
1731607200,21011,21048.1,20878.6,20907.4
1731621600,20890.9,20891.2,20809.4,20816.6
1731636000,20816.2,20854.1,20810.4,20824.9
1731650400,20824.4,20824.6,20719.6,20745.9
1731664800,20745.8,20791.8,20728.1,20736.8
1731679200,20736.6,20743.4,20377.3,20413.9
1731693600,20414,20452.2,20335.8,20431.8
1731880800,20420.6,20558,20404.8,20537.8
1731895200,20538.7,20585.2,20521.9,20568
1731909600,20568.2,20580.6,20473.4,20486.5
1731924000,20486.4,20518.8,20410.6,20483.9
1731938400,20482.9,20652.3,20429.4,20590.2
1731952800,20589.9,20596.7,20519.3,20566.1
1731967200,20555.9,20586.7,20539.2,20573.2
1731981600,20573.2,20632,20566.7,20604.7
1731996000,20605.2,20623.6,20428,20476.6
1732010400,20474.8,20558.8,20351.4,20357.4
1732024800,20358.2,20644.3,20318,20630.2
1732039200,20629.7,20730.5,20614.8,20695.2
1732053600,20695.2,20772.6,20691.8,20728.2
1732068000,20728.9,20752.4,20710.9,20734.2
1732082400,20734.4,20781,20721.1,20733.4
1732096800,20732.8,20767.5,20691.2,20731.1
1732111200,20730.8,20731.2,20415.4,20545.2
1732125600,20545.8,20726.8,20495,20682.1
1732140000,20660,20699.1,20557.4,20568
1732154400,20568.2,20640.9,20564.8,20614.8
1732168800,20615,20661.2,20533.1,20584.2
1732183200,20582.4,20809.2,20569.4,20781.1
1732197600,20782,20842.4,20451.4,20759
1732212000,20759.2,20818.4,20730.7,20737.2
1732226400,20714,20751.4,20698.6,20739.4
1732240800,20739.1,20783.9,20700.2,20705
1732255200,20705.6,20770.4,20633.4,20696.8
1732269600,20697.4,20755.4,20633.2,20724.4
1732284000,20724.2,20812.2,20661.7,20796.2
1732298400,20795.5,20821.1,20736.7,20817.7
1732485600,20880.8,20908.7,20870.6,20894
1732500000,20893.9,20913,20893.4,20911.9
1732514400,20911.8,20911.8,20872.9,20908.6
1732528800,20908.8,20968.1,20884.4,20940.4
1732543200,20939.7,21021.8,20729.2,20800.3
1732557600,20799.8,20866.5,20774.3,20849
1732572000,20863.5,20881.7,20704,20791.8
1732586400,20791.6,20862,20791.2,20831
1732600800,20831.9,20872.6,20800.4,20834.4
1732615200,20834.9,20903.5,20810.4,20891.6
1732629600,20892.2,20973.1,20868.2,20932
1732644000,20932.1,20959.4,20854.9,20954.2
1732658400,20918.8,20947.6,20918,20944.4
1732672800,20944.6,20968.2,20901.9,20908.2
1732687200,20909.4,20939.2,20854.1,20871.2
1732701600,20871.1,20920.5,20855.2,20903.4
1732716000,20903.2,20905.4,20628.4,20696
1732730400,20695.3,20782.8,20688.6,20759
1732744800,20770,20807.2,20770,20789.8
1732759200,20790.8,20814.8,20787.6,20810.6
1732773600,20810.6,20822.8,20796.6,20810.4
1732788000,20810.5,20830.9,20801.8,20824.2
1732802400,20824,20862.3,20818.1,20839.3
1732831200,20837.8,20844.1,20774.9,20828.8
1732845600,20828.1,20889.7,20828.1,20853.8
1732860000,20854.4,20864.8,20817.9,20849.4
1732874400,20849.6,20861.1,20764.5,20781.1
1732888800,20781,20973.9,20757.8,20947.4
1732903200,20947.5,20952.2,20937.3,20946
1733090400,20955,20957.9,20899.4,20913.7
1733104800,20913.8,20923.2,20902.9,20911
1733119200,20910.9,20930.7,20897.2,20909.4
1733133600,20909.6,20993,20897.2,20983.7
1733148000,20984.3,21223.7,20981,21192.2
1733162400,21191.7,21204.7,21140.5,21175
1733176800,21170.9,21190.3,21167.2,21179.6
1733191200,21179.6,21202.4,21173.1,21194.4
1733205600,21194.6,21206.6,21174.9,21180.3
1733220000,21180.2,21189.1,21150.7,21159.6
1733234400,21159.6,21225.7,21098,21208.5
1733248800,21208.1,21294.8,21179.2,21293.2
1733263200,21280.5,21301.9,21272.2,21290.2
1733277600,21290,21334.1,21290,21323.3
1733292000,21323.2,21368.9,21303.8,21365.2
1733306400,21365.6,21415.4,21352.5,21414
1733320800,21414.6,21461.9,21354.5,21449.5
1733335200,21449.1,21516.5,21407.7,21484.4
1733349600,21471.6,21489.8,21462.1,21480.4
1733364000,21481,21487,21469.8,21481
1733378400,21482.8,21486.2,21455.8,21473.8
1733392800,21473.4,21504.1,21466.8,21493
1733407200,21493.6,21536.2,21454.5,21529.3
1733421600,21529.5,21530.1,21406.6,21423.1
1733436000,21419.8,21435.6,21390.9,21429.2
1733450400,21429.6,21447.8,21425.7,21443.4
1733464800,21443,21461,21430.6,21437.2
1733479200,21437.6,21496,21410.7,21457.7
1733493600,21457.8,21611.5,21452.5,21585.4
1733508000,21584.9,21635,21579.9,21601.3
1733695200,21597.8,21637.2,21593.6,21619
1733709600,21619.5,21624.8,21602.5,21615.6
1733724000,21615.5,21673.4,21593.8,21601.4
1733738400,21600.7,21604,21554.8,21587.2
1733752800,21588,21616.1,21404.1,21463.3
1733767200,21463.8,21525.1,21417.1,21454.6
1733781600,21453,21460.2,21434.4,21443.8
1733796000,21444.2,21452.2,21427.8,21439.6
1733810400,21438.9,21443.9,21423.9,21437
1733824800,21436.7,21512.8,21434.5,21476.9
1733839200,21477.3,21581.9,21422.3,21447.9
1733853600,21448.2,21462.5,21330.5,21411.3
1733868000,21414.8,21416.5,21386.3,21406.8
1733882400,21406.6,21415.2,21391.6,21407.8
1733896800,21407.8,21433.8,21383.6,21426.6
1733911200,21426.4,21512.8,21409.1,21506.8
1733925600,21506,21770.7,21504,21761.8
1733940000,21761.5,21800,21730.9,21736.3
1733954400,21737.2,21747.2,21723.2,21732.8
1733968800,21732.9,21745.3,21729.5,21745.2
1733983200,21745.2,21752.5,21711.6,21714.4
1733997600,21714.6,21729,21629.6,21664
1734012000,21664.4,21724.6,21605.3,21722.6
1734026400,21723.2,21728.5,21588,21617.4
1734040800,21711.6,21750,21698.6,21715.4
1734055200,21715,21715.4,21679.4,21704.2
1734069600,21703.9,21768.3,21703.9,21767.2
1734084000,21767.4,21824.8,21762.2,21802.9
1734098400,21803.7,21889.2,21648.6,21668.7
1734112800,21669,21808.2,21665.7,21744
1734300000,21752,21797.2,21745.6,21797
1734314400,21796.8,21804.8,21767.6,21774.1
1734328800,21773.9,21831.3,21773.4,21830.1
1734343200,21830.2,21897,21821.3,21894.1
1734357600,21894.2,22070.8,21863.8,22069.8
1734372000,22070.3,22135.4,22063.5,22095
1734386400,22093,22100.6,22063.6,22098
1734400800,22098.1,22108,22086.1,22089.3
1734415200,22089.4,22093.9,22012.3,22071.6
1734429600,22071.4,22104.4,22008.9,22031.6
1734444000,22031.2,22063.3,21926,22018.3
1734458400,22018.2,22040.5,21958.9,22013.5
1734472800,21994.1,22032.3,21916.8,22030.6
1734487200,22031.1,22052.3,22009.8,22050.5
1734501600,22050.6,22069.5,22024.3,22060.2
1734516000,22060,22097.5,21994.9,21997.3
1734530400,21997.6,22071.5,21921.3,22025
1734544800,22025.3,22036.5,21051.4,21201.6
1734559200,21227,21289.9,21194.5,21242.8
1734573600,21242.8,21248.6,21168.4,21179.8
1734588000,21179.6,21337,21177.8,21308.6
1734602400,21308.8,21420.4,21284.8,21363.8
1734616800,21363.6,21437.8,21189.8,21279.2
1734631200,21278.6,21359.1,21115.5,21179.5
1734645600,21189.8,21190.3,21024.8,21038.7
1734660000,21038.8,21045,20971.8,21031
1734674400,21031.2,21068.8,20874.9,20891
1734688800,20891,21000.9,20775,20985.4
1734703200,20985.8,21610,20928.5,21559.3
1734717600,21559.4,21569.5,21321,21352.2
1734904800,21452.4,21498,21399.2,21491.2
1734919200,21490.6,21535.6,21458.4,21532.8
1734933600,21531.8,21545.8,21458.7,21470.4
1734948000,21469,21484,21348.9,21377.2
1734962400,21377.2,21530.4,21281.6,21504.6
1734976800,21504.8,21586.8,21476.3,21546.8
1734991200,21557.1,21570.2,21519.3,21548.6
1735005600,21548.5,21569.6,21537.2,21556.2
1735020000,21556.8,21613.2,21548.8,21607.8
1735034400,21607.8,21636.8,21575.6,21636.3
1735048800,21635.5,21844,21609.5,21842.6
1735063200,21842.2,21859.5,21833.3,21856.6
1735164000,21866,21890.6,21853.6,21869.8
1735178400,21869.6,21920.6,21861.2,21899.8
1735192800,21900.1,21907.6,21732.4,21743.4
1735207200,21743.2,21787,21705,21761.4
1735221600,21759.8,21888.8,21680.5,21820.3
1735236000,21820.8,21874.8,21795.5,21795.9
1735250400,21807.5,21821.8,21764.6,21777
1735264800,21777.1,21785.8,21756.6,21766.9
1735279200,21766.8,21768.1,21712.4,21726.6
1735293600,21726.6,21769.4,21699.4,21708
1735308000,21708.2,21713.3,21320.5,21393.4
1735322400,21392.2,21554,21377.5,21541.6
1735509600,21560.6,21562.2,21492.2,21530.4
1735524000,21529.4,21532.5,21470.4,21480
1735538400,21478.9,21510,21434.7,21465.8
1735552800,21464.9,21488.2,21179.6,21199.4
1735567200,21199.7,21397.6,21074.6,21384.2
1735581600,21384.3,21400.2,21182.4,21217.8
1735596000,21217.2,21252.4,21174.5,21247.6
1735610400,21248,21285.4,21207.2,21237.8
1735624800,21237,21340.6,21190.3,21319
1735639200,21318.4,21354.7,21266.6,21290.8
1735653600,21291.8,21318.4,21042.8,21147
1735668000,21146.8,21170.5,21015.3,21068.2
1735768800,21094.2,21153.8,20955.2,21128.7
1735783200,21127.4,21209.6,21121.2,21204
1735797600,21204.4,21257.4,21151.8,21235.6
1735812000,21235.6,21323.4,21193,21250.6
1735826400,21250.6,21277,20823.6,20915.4
1735840800,20916,21043,20828,21023.8
1735855200,21020.4,21085,20981.4,21062
1735869600,21061.9,21096.9,21044.4,21063
1735884000,21062.8,21124.8,21048.2,21108.6
1735898400,21108.2,21110.4,21046,21064.8
1735912800,21064.9,21328.2,21064.9,21308.9
1735927200,21308.5,21397.3,21288,21327.7
1736114400,21370.9,21375.8,21317.4,21338.6
1736128800,21337.4,21389.2,21321.6,21377
1736143200,21377,21508.8,21368.4,21507.2
1736157600,21507.2,21598,21480.2,21587.2
1736172000,21587.3,21734.5,21480,21636.5
1736186400,21636.8,21637.6,21490.2,21617.6
1736200800,21625.8,21638.2,21589,21610.6
1736215200,21610.3,21627.6,21502.7,21548
1736229600,21547,21616.5,21526.5,21570.4
1736244000,21570.4,21620.8,21559.2,21620.6
1736258400,21620.7,21648,21233.7,21292
1736272800,21292.2,21363.7,21126.7,21219.8
1736287200,21209.8,21280.2,21189.8,21275
1736301600,21274.8,21282.2,21229.7,21275.6
1736316000,21274.8,21280,21206,21275.3
1736330400,21275.2,21293.3,21066.6,21222.6
1736344800,21222.4,21268.7,21016.6,21118.5
1736359200,21117.5,21281,21115.2,21179.4
1736373600,21175.2,21196.6,21121.5,21164.4
1736388000,21164.2,21197.2,21144.2,21173
1736402400,21173.4,21178.4,21068,21161
1736416800,21161.6,21185,21126.6,21154.6
1736431200,21154.2,21160.3,21115.4,21154
1736460000,21156.4,21158.1,21029.6,21096.8
1736474400,21097,21177.8,21087.8,21150.8
1736488800,21151,21151,21083.7,21127.2
1736503200,21127.1,21221.8,20895.3,20966.5
1736517600,20965.4,21046,20725.2,20890.8
1736532000,20890.5,21032.8,20839.2,20847.8
1736719200,20848.6,20893.4,20746,20782.8
1736733600,20782.6,20805,20715.8,20744.3
1736748000,20745.2,20786,20551.6,20578.6
1736762400,20578.6,20702.4,20566.2,20666.8
1736776800,20667,20760.4,20559.6,20755.5
1736791200,20756,20861.6,20701.5,20858.2
1736805600,20894.8,20954.2,20878.6,20892.4
1736820000,20892.2,20924.8,20863.1,20923.6
1736834400,20924.8,21009.6,20887.4,20966.4
1736848800,20966.6,21003.8,20810,20922.6
1736863200,20923.6,20995,20659.3,20730.4
1736877600,20730.3,20879,20641.3,20845
1736892000,20837.3,20837.8,20805.2,20820.6
1736906400,20820.6,20823.8,20794.1,20810
1736920800,20811.1,20838.6,20776.3,20827.4
1736935200,20828.3,21196.2,20799.6,21148.4
1736949600,21148.1,21274.5,21054.2,21188.5
1736964000,21190,21318.7,21187.5,21242.6
1736978400,21250.4,21313.6,21248.2,21267.4
1736992800,21267,21278.4,21221.2,21232.8
1737007200,21232.8,21431.8,21219.2,21340.4
1737021600,21341.1,21384.4,21286.3,21340.8
1737036000,21339.2,21365.4,21186.2,21254.7
1737050400,21255,21281.7,21041,21082.3
1737064800,21087.2,21142.6,21077.8,21134.2
1737079200,21134.6,21177.8,21115,21167
1737093600,21166.8,21225.2,21121,21211.8
1737108000,21211.6,21414,21175.8,21410.2
1737122400,21410,21548.5,21350.1,21494.7
1737136800,21494.6,21542.1,21442.1,21456.2
1737324000,21480.4,21483,21397.6,21434.2
1737338400,21433,21444.4,21416.2,21439.2
1737352800,21440.4,21507.6,21434.9,21492.4
1737367200,21493.1,21562.9,21408.4,21558.2
1737381600,21558.1,21647.7,21493,21557.4
1737410400,21562.8,21616,21249.9,21455.2
1737424800,21456.4,21516.9,21432.2,21460.6
1737439200,21460.7,21578.2,21453.2,21577.8
1737453600,21578,21600.4,21513.2,21595.4
1737468000,21595.8,21621.8,21396.1,21619.8
1737482400,21619.9,21662.2,21576.2,21652.2
1737496800,21662.5,21721.7,21648.3,21713
1737511200,21712.7,21755.7,21708.9,21737
1737525600,21738,21786,21718.7,21762.2
1737540000,21762,21813.2,21748.2,21809.4
1737554400,21809,21972.4,21778.2,21936.2
1737568800,21936.3,21941,21847.6,21862.1
1737583200,21858.4,21863.8,21823.3,21828
1737597600,21827.6,21848.3,21805.8,21832.1
1737612000,21832.8,21843.1,21734.9,21773.4
1737626400,21773.1,21797.8,21752,21775.8
1737640800,21777.2,21854,21745.5,21821
1737655200,21820.9,21932.4,21806.4,21906.6
1737669600,21893.4,21916.2,21878.3,21892.6
1737684000,21892.6,21940.8,21861.6,21878.2
1737698400,21879.2,21904.1,21854.3,21887.3
1737712800,21886.4,21925.8,21867.8,21893.6
1737727200,21893.1,21960.3,21815.9,21825.9
1737741600,21825.4,21836.9,21728.5,21792.7
1737928800,21579.2,21607.7,21373.6,21412.6
1737943200,21412.6,21447.3,21296.4,21317
1737957600,21318.2,21324.2,21039.3,21048.4
1737972000,21048,21058.6,20648.9,21044.4
1737986400,21043.2,21302.4,20988,21026.9
1738000800,21026.4,21217.8,20984.4,21190.2
1738015200,21233,21243.8,21116.6,21124.8
1738029600,21125.2,21219.5,21107.9,21180.6
1738044000,21181,21292.6,21153.3,21283.6
1738058400,21283.8,21311.2,21145.6,21189.3
1738072800,21188.9,21450.9,21049.3,21432.5
1738087200,21432.9,21513.4,21401.6,21443.6
1738101600,21423.8,21466.6,21423.8,21454.8
1738116000,21455.3,21496.4,21447,21468.2
1738130400,21474.5,21585.2,21474.5,21555.4
1738144800,21556,21578,21448.6,21490.5
1738159200,21490.4,21514.5,21345,21372.8
1738173600,21373.5,21496.6,21256.3,21468.9
1738188000,21424.6,21554.8,21394.2,21538.2
1738202400,21538.4,21567.8,21534.2,21547.2
1738216800,21547.4,21597.2,21511.4,21522.8
1738231200,21523,21558.4,21463,21556.2
1738245600,21556.3,21636.3,21307.6,21440.5
1738260000,21440.8,21589.9,21414.1,21497
1738274400,21577.4,21667.8,21548.6,21663
1738288800,21662.6,21674.6,21610.3,21624.8
1738303200,21624.8,21694.8,21619.6,21670
1738317600,21670.4,21700.6,21645.5,21679.6
1738332000,21679,21853.6,21638.4,21803.2
1738346400,21803.3,21814.5,21424.6,21447.1
1738533600,20982,21046.4,20922.4,20965.3
1738548000,20966.4,20968.9,20868.5,20962.6
1738562400,20960,21141.8,20934.8,21073.1
1738576800,21072.4,21162.4,21048.2,21093.3
1738591200,21093.1,21361,21004.6,21292.2
1738605600,21291.4,21467.4,21242,21440.8
1738620000,21471.8,21475.2,21371.3,21399.8
1738634400,21400.8,21406.2,21133.8,21249.2
1738648800,21248.8,21315.4,21203.9,21261
1738663200,21260.6,21388.2,21248.8,21325.6
1738677600,21325.8,21584.9,21296.4,21514.3
1738692000,21514.2,21592.4,21461.1,21479.4
1738706400,21480,21524.5,21456.8,21471.2
1738720800,21471.4,21488.6,21432,21440.2
1738735200,21441.4,21449.8,21337.8,21341.6
1738749600,21340.8,21452.9,21331.4,21429.6
1738764000,21429.8,21646.8,21402.4,21609.8
1738778400,21611,21700.3,21577.3,21674.4
1738792800,21664.6,21702.6,21655.4,21673.2
1738807200,21673,21737.3,21663.5,21733.5
1738821600,21733.6,21735.6,21675.8,21699.4
1738836000,21699.8,21714.4,21611.6,21681.5
1738850400,21685.9,21753.6,21643.3,21720.4
1738864800,21721,21787.5,21617.8,21752.6
1738879200,21724.5,21800.7,21717.4,21796
1738893600,21796,21803.6,21749.7,21757.2
1738908000,21756.2,21785.7,21731.2,21759.6
1738922400,21758.2,21816.9,21696.6,21782.8
1738936800,21782.9,21871.9,21489.8,21557
1738951200,21556.9,21639.6,21463,21487.3
1739138400,21396.7,21606.1,21396.7,21577.8
1739152800,21576.6,21637.3,21565.8,21620
1739167200,21620,21622,21589.5,21615.2
1739181600,21615.4,21691.2,21601.5,21686.5
1739196000,21687.4,21799.8,21650.5,21772.2
1739210400,21771.8,21791.3,21736.5,21751.6
1739224800,21737.8,21739.6,21689,21709.2
1739239200,21710,21712,21665.4,21703.2
1739253600,21703.2,21704.6,21633.8,21663.2
1739268000,21663,21684,21588.3,21590.8
1739282400,21590.3,21785.4,21584.3,21688
1739296800,21686,21764.3,21671.9,21722.2
1739311200,21733.4,21756.6,21706,21752.6
1739325600,21753.6,21754,21693.2,21700.2
1739340000,21700.8,21739.4,21661.4,21695
1739354400,21694.4,21774,21441.4,21470.6
1739368800,21470.4,21751.3,21436.6,21747.5
1739383200,21747,21791.3,21688.6,21787.3
1739397600,21788.6,21843.4,21774.8,21820.8
1739412000,21820.2,21855.6,21802.2,21828.8
1739426400,21828.2,21849.2,21682.4,21757.4
1739440800,21757.2,21828.6,21717.3,21806.8
1739455200,21806.2,21986.8,21764,21897
1739469600,21897.4,22053.6,21820.6,22008.8
1739484000,22013,22070.8,21998.5,22070.6
1739498400,22070.7,22075,22040.4,22047
1739512800,22047.2,22088.8,22029.7,22052
1739527200,22051.8,22053.6,21970,22032
1739541600,22033.4,22098.8,22018.1,22086.8
1739556000,22087.3,22152.2,22074.4,22136.7
1739743200,22153.4,22181.2,22125.9,22176.3
1739757600,22176.2,22210.8,22171.9,22199.4
1739772000,22198.8,22206.1,22155.6,22176.3
1739786400,22176.4,22198.9,22168,22183.4
1739800800,22182.2,22188.8,22122,22161.6
1739829600,22160.4,22175.4,22127.4,22172.6
1739844000,22172.8,22198.4,22164.4,22181.8
1739858400,22181.6,22248,22179.7,22202.4
1739872800,22201.9,22242.2,22192.2,22239.9
1739887200,22240.9,22247.2,22054.3,22124.6
1739901600,22124.3,22187.9,22032.3,22160.5
1739916000,22182.6,22225.2,22172.6,22212.4
1739930400,22211.2,22229.8,22191.8,22201.4
1739944800,22201.6,22214.6,22180.2,22186
1739959200,22185.9,22194.5,22118.6,22143.8
1739973600,22144,22198.2,22057.1,22187.4
1739988000,22187.7,22241.3,22137.2,22165.6
1740002400,22166.3,22172.8,22100.6,22107.4
1740016800,22107.3,22129.1,22095.8,22107
1740031200,22106.8,22145.6,22078.8,22143.6
1740045600,22143.4,22157.8,22112.2,22141.4
1740060000,22141.5,22162.8,21889.1,21978
1740074400,21977.9,22087.4,21965.8,22074.6
1740088800,22078,22110.6,22064.7,22078
1740103200,22078,22094.6,22049.5,22063
1740117600,22063.4,22107,22041.6,22105
1740132000,22105,22182.5,22090.2,22161.5
1740146400,22160,22173.8,21780.8,21795.4
1740160800,21795.8,21797.4,21595.6,21603.5
1740348000,21651.3,21734.6,21619.2,21687.4
1740362400,21687.6,21743.4,21682.2,21735
1740376800,21734.6,21754.1,21642.9,21724.6
1740391200,21724.4,21744.4,21681.6,21741.3
1740405600,21741.4,21746.7,21378.8,21556.3
1740420000,21556.4,21611.3,21358.8,21380.6
1740434400,21391.9,21402.2,21317.6,21393.2
1740448800,21392.6,21402.4,21348.4,21387.8
1740463200,21387.9,21395.7,21253.3,21255.4
1740477600,21255.6,21402.4,21237.2,21354.8
1740492000,21355.8,21364.7,20942,21175.3
1740506400,21175,21236.3,21076.8,21149
1740520800,21190.6,21206,21164.7,21172
1740535200,21173,21234.8,21155.6,21234.2
1740549600,21233.6,21282.8,21216.8,21260.2
1740564000,21261.2,21287,21210.8,21228
1740578400,21226.6,21365.9,21144.4,21206
1740592800,21206.6,21283.7,21021.6,21224.6
1740607200,21210.4,21211.2,21064.4,21124.6
1740621600,21125,21220.4,21104.1,21201.5
1740636000,21201.6,21290.8,21196,21280.7
1740650400,21280.9,21343.4,21227.2,21264.4
1740664800,21264,21337.3,20853,20997.8
1740679200,20997.2,21077,20543.2,20598.4
1740693600,20622.6,20644.6,20495.7,20583
1740708000,20582.6,20602.6,20473.8,20579.6
1740722400,20579,20640.4,20511.2,20615.3
1740736800,20615.2,20635.6,20518.7,20557
1740751200,20557.2,20734.6,20417.4,20500.2
1740765600,20500.8,20904.7,20445.7,20867.6
1740952800,20958.9,20996,20798.7,20904.3
1740967200,20904.2,20962,20844.8,20947.6
1740981600,20946,20981.2,20848.8,20974.2
1740996000,20974,21060.6,20946.8,21026
1741010400,21025.8,21081,20721.5,20810.2
1741024800,20809.4,20817.2,20278,20488.2
1741039200,20460,20529.6,20426.8,20437
1741053600,20436.6,20549.7,20431.5,20529.2
1741068000,20529,20542.1,20424.2,20455.2
1741082400,20455.3,20473.8,20221.8,20284.8
1741096800,20284.4,20404,20035.6,20308.2
1741111200,20310.2,20703.4,20283,20511.8
1741125600,20510.8,20565.2,20423.2,20473.2
1741140000,20473.3,20537.7,20411.6,20520.2
1741154400,20521,20600,20484,20579
1741168800,20579.4,20592.6,20377,20389.5
1741183200,20389.4,20545.8,20186.2,20540.2
1741197600,20540.8,20697.3,20417,20590
1741212000,20585.6,20613.7,20554.3,20585
1741226400,20585.3,20618,20561.4,20582.8
1741240800,20582.8,20612.8,20347.2,20379.2
1741255200,20379.8,20409.5,20270.2,20296.6
1741269600,20296.8,20483.6,20061.6,20142.4
1741284000,20140.8,20190,19976.6,20160.7
1741298400,20176.3,20195,20111.5,20166.4
1741312800,20167,20187,20108.2,20123.6
1741327200,20124.3,20197.4,20084,20167.2
1741341600,20168.4,20240.5,20009.4,20036.5
1741356000,20036,20211.8,19736.7,19920.2
1741370400,19921.5,20260.8,19918.1,20173.6
1741554000,20047.6,20085.2,19907.6,20039.4
1741568400,20039.8,20129,20034.4,20068
1741582800,20068,20114.4,19922.9,19932.4
1741597200,19932.4,20028.8,19834.8,19887.4
1741611600,19887.4,19915.2,19495,19524.6
1741626000,19524.8,19533.8,19253.8,19458.2
1741640400,19418,19442.2,19124.9,19188.8
1741654800,19189.8,19475.8,19127.8,19448.1
1741669200,19448.8,19549.8,19386.4,19545.5
1741683600,19545.4,19564.1,19421.8,19434.4
1741698000,19434.8,19594.6,19246.6,19305.5
1741712400,19305.4,19667.6,19183,19386.4
1741726800,19405.1,19483.4,19385.2,19450.8
1741741200,19450.6,19476.1,19419.6,19438.1
1741755600,19439.1,19539.4,19370.8,19530.6
1741770000,19531.8,19771.3,19507.6,19706.2
1741784400,19706.3,19760.4,19379.5,19612.8
1741798800,19612.6,19705.4,19517.6,19557.6
1741813200,19556.8,19678.6,19552.6,19628.8
1741827600,19628.6,19641.2,19447.9,19466.4
1741842000,19466.5,19496.6,19386,19477.6
1741856400,19477.6,19615.6,19445.8,19540.6
1741870800,19540.4,19575.6,19228.6,19275
1741885200,19276.4,19383.3,19157.7,19282.1
1741899600,19296.6,19409.8,19289.8,19385
1741914000,19385,19443.2,19372.2,19426.3
1741928400,19426,19439.1,19354.7,19412.4
1741942800,19412.4,19517.6,19383.6,19480.1
1741957200,19480.2,19691.8,19424.7,19671.2
1741971600,19671.4,19727,19596.8,19649.2
1742158800,19658,19664.6,19535.8,19586.3
1742173200,19586.4,19612.6,19568.6,19580.2
1742187600,19579.9,19611.4,19538.9,19603.8
1742202000,19603.6,19762.6,19588.8,19736.4
1742216400,19735.4,19831.8,19622.3,19692.5
1742230800,19692.6,19952.3,19667.3,19823.8
1742245200,19834.1,19851.4,19775.8,19787.8
1742259600,19787.4,19800,19705.1,19712.6
1742274000,19713.1,19821,19711.6,19807.6
1742288400,19808.4,19821.8,19689.1,19692.1
1742302800,19692,19717.1,19395.8,19519.8
1742317200,19519,19581.2,19451.6,19506.5
1742331600,19502,19599.8,19469.4,19578
1742346000,19578.8,19588.8,19533.5,19538
1742360400,19538.4,19564.6,19463,19524.2
1742374800,19523.8,19592,19508.6,19563.4
1742389200,19564,19743.8,19509.6,19690.4
1742403600,19690.8,19963.4,19590.4,19767.7
1742418000,19778.4,19876,19773.6,19867
1742432400,19866.8,19911.8,19844.6,19899
1742446800,19899,19909,19856,19874.4
1742461200,19874.4,19878.6,19554.2,19647.2
1742475600,19646.8,19923.7,19576,19695.3
1742490000,19694.6,19760.8,19615.4,19714
1742504400,19715.2,19746,19667.6,19733.2
1742518800,19732.6,19752,19681.2,19688.6
1742533200,19688.8,19716,19584,19616.8
1742547600,19617.6,19664.4,19492.9,19500.4
1742562000,19500.3,19720.8,19423.3,19719.8
1742576400,19720.6,19802.2,19626.5,19794.4
1742763600,19887.6,19963.4,19881.6,19947.6
1742778000,19947.5,19951.6,19921.5,19937.4
1742792400,19937.2,20051.8,19935.4,20035.6
1742806800,20034.8,20101.3,20004.3,20098.2
1742821200,20097.8,20205.6,20054.5,20166.5
1742835600,20166.6,20234,20133.6,20182.8
1742850000,20187.4,20195.4,20159.5,20193.2
1742864400,20193,20199.4,20153.8,20161
1742878800,20160.8,20196.8,20118.6,20129.2
1742893200,20129.4,20272.3,20121.8,20231.8
1742907600,20231.8,20320,20187.8,20276.8
1742922000,20276.4,20350.7,20228.5,20340.2
1742936400,20337,20363.2,20330.6,20353.8
1742950800,20353.7,20353.7,20296.3,20310.2
1742965200,20310.4,20324.3,20267.4,20279
1742979600,20279.2,20319.2,20256.2,20306.8
1742994000,20306.7,20312.8,19951.4,19959.2
1743008400,19958.7,19983.9,19871.7,19912.7
1743022800,19869,19922.2,19830.4,19898.6
1743037200,19899.4,19973.8,19897.2,19960.6
1743051600,19960.2,19970.3,19847.2,19938.6
1743066000,19938.4,19964.4,19857.6,19891.6
1743080400,19891.2,20025.4,19764.8,19844.4
1743094800,19844.3,19965.3,19810.8,19833.2
1743109200,19829.7,19846.4,19767,19819.8
1743123600,19819.4,19832.6,19798,19817
1743138000,19816.8,19843.4,19681,19739.8
1743152400,19740.2,19804.8,19698.8,19699.2
1743166800,19699.1,19800.9,19327.5,19335
1743181200,19334.6,19360.3,19209.2,19213.3
1743368400,19143.2,19166.9,19001.4,19052.6
1743382800,19054.2,19112.6,19021.1,19069.8
1743397200,19068.6,19112.8,19034.8,19045.2
1743411600,19044.2,19074.2,18959.6,19061.8
1743426000,19060.8,19138.2,18817.8,19069.3
1743440400,19069.8,19341.8,19060,19263.5
1743454800,19255.2,19258.6,19144.8,19171.2
1743469200,19170.6,19238.3,19136.2,19217.6
1743483600,19218.4,19330.8,19202.2,19320.4
1743498000,19321,19362.6,19163.9,19234.6
1743512400,19235.8,19496.2,19113.5,19416.8
1743526800,19417,19482.5,19238.3,19447.8
1743541200,19457.8,19543.5,19408.8,19423.2
1743555600,19423.2,19454,19412.8,19441.8
1743570000,19441.8,19443.6,19350.8,19381.2
1743584400,19380.8,19406,19195.2,19238.4
1743598800,19237.5,19679.7,19170.2,19664.2
1743613200,19664.6,19895,18928.4,18976.7
1743627600,18873.8,18916.8,18668.6,18843.8
1743642000,18844.5,18997.1,18843.2,18970.7
1743656400,18970.6,19020.8,18872.3,19001.7
1743670800,18999.4,19025.1,18694,18699.2
1743685200,18698.8,18922.1,18569,18732.8
1743699600,18732.6,18775.8,18472,18506.8
1743714000,18526.4,18570.8,18449.1,18531.1
1743728400,18530.8,18557.2,18333.5,18341.4
1743742800,18341.5,18532.6,18318.6,18445.1
1743757200,18447.8,18458.2,17678.6,18067.4
1743771600,18066.4,18130.3,17513.8,17623.6
1743786000,17624,17784.6,17259.6,17364.8
1743973200,16548,16718.2,16335.1,16640.2
1743987600,16640.4,16896.5,16541.2,16608
1744002000,16616.2,16828.6,16353,16715.1
1744016400,16715.8,17148.6,16620.5,17038.6
1744030800,17039.2,18230.3,16545.8,17126.6
1744045200,17124.4,17696.6,17119.8,17508.3
1744059600,17553.6,17732.8,17521,17590.5
1744074000,17590.9,17761.4,17540.6,17658.1
1744088400,17656.6,17768,17546.2,17702.6
1744102800,17702.6,17938.6,17571.4,17859.6
1744117200,17858.8,18232.8,17532.4,17540.4
1744131600,17539.6,17638.3,16851,17100.2
1744146000,17090.2,17092.2,16719,16775.5
1744160400,16774.5,17080.6,16629.2,16699.6
1744174800,16700.2,17301.4,16614.2,17228.3
1744189200,17228.1,17275.4,16747,17006.6
1744203600,17004.2,17473.4,16998.8,17416.2
1744218000,17416.8,19268.2,17308.2,19238.4
1744232400,19153.2,19268,19028.4,19112
1744246800,19111.2,19162.7,18854,18931.6
1744261200,18931.3,19070.5,18591.6,18667.5
1744275600,18667.4,18888.7,18618.3,18708.6
1744290000,18708.8,18784.9,17804.4,18196
1744304400,18196.2,18554.2,17919.6,18382.4
1744318800,18392.7,18482.7,17956.8,18069.7
1744333200,18069.4,18431.4,18044.8,18371.3
1744347600,18373.4,18677,18199.6,18281.8
1744362000,18280.9,18585.2,18242.7,18374.4
1744376400,18374.9,18663,18155.6,18613.7
1744390800,18616,18751,18472.4,18693.7
1744578000,18982,19002.2,18809.6,18884.9
1744592400,18885.2,19008.6,18834.2,18995.7
1744606800,18994.5,19058.4,18943.2,18997.5
1744621200,18997.6,19073.2,18902.1,19063.4
1744635600,19063.4,19133.5,18616.2,18661.8
1744650000,18664,18976.8,18650.7,18791.9
1744664400,18774.6,18805.2,18692.8,18796
1744678800,18795.3,18831,18743.1,18795
1744693200,18795.2,18922.3,18751.2,18882.5
1744707600,18882.6,18907.8,18717.8,18817.8
1744722000,18818.8,19026.4,18808.4,18846.3
1744736400,18846.2,18891.3,18766.9,18814.8
1744750800,18590.6,18658.6,18518.8,18552.1
1744765200,18552.2,18612.2,18539.1,18548.8
1744779600,18550.1,18741.6,18386.8,18593.6
1744794000,18594,18644.6,18512,18518.8
1744808400,18518.2,18616.8,18391.8,18447.8
1744822800,18447.9,18483,18003.8,18255.9
1744837200,18289.8,18385.4,18233.2,18375.5
1744851600,18374,18431.4,18340.5,18423.6
1744866000,18424,18539,18405.2,18425.6
1744880400,18425.8,18511.7,18344.5,18418
1744894800,18417,18433.6,18149,18345.8
1744909200,18346.2,18418,18222.2,18319.6
1745182800,18241.2,18264.2,18144,18194
1745197200,18194,18206.4,18082,18112.5
1745211600,18113,18148.3,18037.7,18063.8
1745226000,18064.2,18105.3,17972,18013.4
1745240400,18013.6,18057,17679,17686.6
1745254800,17686,17843.8,17592.4,17803.5
1745269200,17805.8,17913.8,17756.3,17888.2
1745283600,17888.2,17959.8,17840,17878.4
1745298000,17877.2,18063,17863.6,18005.6
1745312400,18005.4,18032,17936.4,18030.5
1745326800,18029.6,18415.9,17992.8,18352.5
1745341200,18352.4,18395.2,18113.8,18258.6
1745355600,18588.9,18703.5,18546.8,18603.9
1745370000,18603.5,18638.8,18527.1,18626.8
1745384400,18626.6,18761.3,18584.3,18733.2
1745398800,18733.5,18874.2,18717.2,18869
1745413200,18869.2,19067.8,18647.6,18816.2
1745427600,18816.2,18865.8,18630.2,18756
1745442000,18690.9,18775.6,18640.8,18740.6
1745456400,18743.2,18749.6,18610.8,18663.6
1745470800,18663.8,18681.4,18495,18529.6
1745485200,18530.4,18763.2,18530.4,18751.6
1745499600,18751.5,19179.8,18724,19164.2
1745514000,19163.8,19319.9,19105.8,19251.6
1745528400,19281,19363.9,19254.6,19358.2
1745542800,19357.8,19398.4,19265,19309.7
1745557200,19309.6,19376.2,19275.6,19304.8
1745571600,19305,19313.2,19120,19147.4
1745586000,19147.2,19371,19118.2,19368.8
1745600400,19369,19490.8,19276.6,19452.4
1745787600,19404.5,19414.3,19305.4,19315.6
1745802000,19315.6,19353.3,19294.8,19314.2
1745816400,19315.1,19420.2,19306.8,19402.4
1745830800,19402.6,19451.5,19368.4,19441.8
1745845200,19442,19524.6,19169.5,19219.6
1745859600,19219.3,19486.2,19159.8,19388.1
1745874000,19378,19468.2,19363.8,19461.6
1745888400,19461.4,19538.6,19449.6,19461
1745902800,19460.6,19528.4,19433.4,19489.4
1745917200,19489.4,19497,19353.8,19357.4
1745931600,19358,19522.8,19287.2,19403.3
1745946000,19403.2,19597,19392.5,19524
1745960400,19492.4,19518.9,19427.4,19439.4
1745974800,19439.4,19452.1,19393.2,19427
1745989200,19427.4,19530.6,19412.8,19483.2
1746003600,19483,19522.3,19165.4,19193.4
1746018000,19194.4,19380.2,19013,19345.8
1746032400,19346.2,19789.4,19244.9,19757.2
1746046800,19758.9,19867.3,19758.4,19858.4
1746061200,19858.6,19878.9,19819.4,19853.2
1746075600,19853.4,19899,19813.4,19895.7
1746090000,19895.8,19946.8,19861.1,19865.8
1746104400,19865.4,20037,19778.2,19852
1746118800,19851.8,19958.4,19667.7,19708.5
1746133200,19697.5,19877.3,19658.8,19851.4
1746147600,19850.2,19912.4,19816,19894
1746162000,19894.2,19897.4,19776.8,19779.2
1746176400,19779,20014.2,19773.2,20003.8
1746190800,20004.8,20174.4,19929,20150.2
1746205200,20150,20186.7,20062.7,20112.3
1746392400,20083.2,20088.7,19963.6,20013.6
1746406800,20013.8,20013.8,19901.8,19946.4
1746421200,19947.3,20008.6,19887.8,19910.4
1746435600,19910.4,19938.4,19878.8,19914.7
1746450000,19914.6,20063.4,19896.4,20052.2
1746464400,20052,20108.8,19920.3,19958.1
1746478800,19942.2,19953.8,19893.6,19911
1746493200,19910.8,19921.2,19849.8,19890.6
1746507600,19890.6,19893.5,19749.8,19790.6
1746522000,19790.8,19825,19720.8,19757.8
1746536400,19757.3,19947,19656.8,19785.8
1746550800,19785.4,19893.4,19729.4,19772.3
1746565200,19867.3,20054.6,19861,20003.8
1746579600,20003.8,20027,19897.4,19934.2
1746594000,19935.2,19945.8,19873.8,19927.8
1746608400,19927.8,19950.6,19829.8,19853.8
1746622800,19853.6,19898,19709.2,19822.8
1746637200,19822.8,19978.3,19602.8,19883.2
1746651600,19856.8,19962,19835.6,19951
1746666000,19950.4,20121.6,19937.6,20107.8
1746680400,20107.6,20154.8,20048,20150.6
1746694800,20149.6,20185.8,20059.8,20098.4
1746709200,20099.6,20261.3,19904,20255.9
1746723600,20255.8,20260,20066.2,20079.6
1746738000,20099.8,20099.8,20005.3,20045.4
1746752400,20045.4,20124.5,20036.4,20107
1746766800,20107,20155.8,20080.4,20098.2
1746781200,20097.6,20212,20066.8,20156.2
1746795600,20156.4,20203.2,19981.8,20014.3
1746810000,20015,20111.4,19987.6,20066.1
1746997200,20362.6,20430.8,20301.1,20416.2
1747011600,20416,20469.6,20411.6,20453.8
1747026000,20454.1,20853.6,20446.8,20799.4
1747040400,20799.4,20914.8,20797.4,20839.6
1747054800,20840.4,20862.9,20613.3,20805.2
1747069200,20805.7,20923.2,20786.8,20884.6
1747083600,20869.3,20892.2,20794,20803
1747098000,20803.8,20822.2,20746,20767.6
1747112400,20768.2,20809.6,20753.2,20762
1747126800,20762.2,20987.9,20755.4,20936.4
1747141200,20935.6,21266,20901.2,21248.9
1747155600,21249.2,21273.9,21175.4,21181.5
1747170000,21191.8,21228.3,21180,21195.4
1747184400,21194.8,21243.6,21174.6,21234.4
1747198800,21234.5,21281.4,21184.6,21201.6
1747213200,21201.8,21310.3,21166,21251.8
1747227600,21252.3,21348.5,21202.9,21296.3
1747242000,21296.6,21342.3,21211.4,21327.8
1747256400,21293.6,21315.6,21283,21307
1747270800,21306.9,21337.7,21290.9,21310
1747285200,21310.4,21312.6,21124.6,21141
1747299600,21141.4,21255.4,21118,21213.6
1747314000,21214,21418.2,21174.1,21417.3
1747328400,21417.4,21455.1,21231.3,21325.2
1747342800,21306.6,21359,21281.6,21284.1
1747357200,21283.4,21342.1,21272.8,21326
1747371600,21325.1,21401.2,21285.2,21384.4
1747386000,21384.6,21424.1,21353.9,21362.3
1747400400,21362,21427.8,21243.8,21353.7
1747414800,21353.2,21437.7,21310.1,21333
1747602000,21253.4,21342.6,21190.5,21228
1747616400,21228.2,21234.2,21122,21146.8
1747630800,21146,21214.5,21038.8,21060.8
1747645200,21060,21145.5,21044,21138
1747659600,21138.4,21433,21080,21428.8
1747674000,21428.6,21476.5,21377.1,21448.5
1747688400,21435,21495,21426.2,21446.6
1747702800,21446.9,21446.9,21354.5,21380.2
1747717200,21380,21419.8,21326.9,21366.8
1747731600,21366.9,21416.6,21348.2,21368.6
1747746000,21368.4,21404.7,21287.7,21391.8
1747760400,21392.4,21406.4,21234.4,21358.8
1747774800,21340.6,21379.2,21279.4,21359.4
1747789200,21359.1,21370.6,21285.7,21294
1747803600,21294.4,21320.2,21222.4,21258.6
1747818000,21259.2,21291,21165.8,21248.6
1747832400,21248.8,21496.5,21198.4,21453.2
1747846800,21454,21461.4,21011,21082.4
1747861200,21098.6,21137.8,21051.2,21135
1747875600,21134.8,21145.6,21083.6,21102.6
1747890000,21101.9,21164.6,21093.2,21135.6
1747904400,21135.2,21180.7,20978,21129
1747918800,21128.9,21267.5,21051.2,21155.4
1747933200,21155.6,21277.7,21107,21153
1747947600,21167.4,21169.2,21074.6,21141.4
1747962000,21141.3,21149.1,21083.4,21093.6
1747976400,21093.8,21171.8,21034.3,21128.2
1747990800,21127.6,21132.4,20667.9,20741.6
1748005200,20741.6,20948.5,20697.8,20923.5
1748019600,20923.4,21026.7,20874.6,20897.4
1748206800,20908,21170.6,20902.6,21130
1748221200,21129.4,21176.9,21112.1,21164
1748235600,21163.8,21229.8,21133.3,21189.9
1748250000,21189.8,21232.4,21187.1,21205.6
1748264400,21205.8,21251.2,21159.6,21222.9
1748293200,21216.9,21226.2,21146.6,21184.6
1748307600,21183.8,21184,21085.6,21119.8
1748322000,21120,21303.4,21103.4,21257.6
1748336400,21257.6,21296.4,21198.4,21220.4
1748350800,21220.4,21411.5,21137,21382.8
1748365200,21383.3,21440.8,21366.9,21427.8
1748379600,21422.3,21437.2,21406.2,21422
1748394000,21422.2,21436,21388.4,21390.8
1748408400,21391.9,21414.9,21369,21371.6
1748422800,21372.4,21490,21359.7,21459.2
1748437200,21459.6,21519.6,21379.2,21420
1748451600,21420.3,21478.6,21287.1,21478.4
1748466000,21446.4,21787.2,21444.8,21776
1748480400,21775.7,21778.2,21708.1,21751.2
1748494800,21751,21813.6,21701.4,21737.2
1748509200,21738.2,21772.8,21575.2,21599.2
1748523600,21600.3,21647.4,21256.6,21413.4
1748538000,21413,21440.2,21274.6,21338.6
1748552400,21311,21349.6,21269.4,21296.6
1748566800,21296.8,21319.6,21223.6,21304.3
1748581200,21305.2,21367,21274.2,21315.4
1748595600,21315.2,21376,21182,21289.8
1748610000,21291.2,21354.3,21026.8,21063.8
1748624400,21064,21391.2,21044.4,21322.8
1748811600,21272.6,21306.2,21235,21252.2
1748826000,21252.6,21271.2,21177.2,21194
1748840400,21193.9,21224.8,21121.2,21193.2
1748854800,21193.8,21252.2,21159.6,21243.3
1748869200,21242.8,21415.8,21193.2,21404
1748883600,21404.3,21541.9,21390.8,21517.1
1748898000,21509,21510.8,21431.6,21449
1748912400,21449.6,21465.8,21403,21418.7
1748926800,21418.8,21446.2,21364.9,21409.4
1748941200,21409.4,21508.9,21396.4,21500.4
1748955600,21500,21715.1,21476,21705.8
1748970000,21706.3,21727.1,21604.1,21655.1
1748984400,21660,21692.6,21656.4,21665.4
1748998800,21665.3,21676.6,21633.3,21643.8
1749013200,21643.9,21714.4,21639.8,21683.6
1749027600,21683.8,21732.8,21621.5,21674.8
1749042000,21675.3,21759,21607.5,21719.8
1749056400,21720.4,21767.9,21711.2,21714.7
1749070800,21702.9,21738.2,21699.1,21712.8
1749085200,21712.4,21726.4,21699.2,21715.6
1749099600,21715.4,21808.6,21691.1,21756.8
1749114000,21756.7,21862.8,21680.1,21768.2
1749128400,21765.8,21899.5,21638,21654.2
1749142800,21654.1,21756.6,21473.2,21484.2
1749157200,21453,21555.2,21451.6,21537.6
1749171600,21537.8,21617.6,21529.5,21616.4
1749186000,21615.4,21652.4,21596.3,21627.9
1749200400,21628,21750.3,21609.2,21728.4
1749214800,21727.2,21834.2,21693.6,21727
1749229200,21727.1,21843,21708.6,21781
1749416400,21789.6,21789.6,21697.7,21718.8
1749430800,21718.4,21725.6,21687.2,21716.8
1749445200,21716.4,21770.2,21699.8,21762
1749459600,21762.2,21794.2,21734.2,21767.6
1749474000,21767.6,21862.2,21722.2,21847.8
1749488400,21848.1,21859.5,21775.1,21799.2
1749502800,21805,21849.8,21793.4,21841.6
1749517200,21841.7,21950.9,21841,21895.4
1749531600,21895.2,21908.7,21710.6,21791.2
1749546000,21790.6,21845.2,21782.8,21832.4
1749560400,21833.7,21897.7,21720.8,21890.2
1749574800,21890.3,21972.6,21801.6,21932.8
1749589200,21931.2,21982.2,21891.8,21895.2
1749603600,21895,21904.3,21853.5,21857.2
1749618000,21858,21939.4,21846.8,21923.3
1749632400,21923.2,22074.2,21862.6,22009.8
1749646800,22009.8,22046.8,21888.8,21958
1749661200,21958.2,21998.8,21771.5,21861.6
1749675600,21836,21874.6,21764,21781.8
1749690000,21782.3,21811.1,21735.6,21810.6
1749704400,21810.6,21839.2,21697.1,21779.6
1749718800,21779.6,21828.8,21704.8,21816.4
1749733200,21816,21957.8,21799.2,21909
1749747600,21909.5,21952.7,21878.7,21893.8
1749762000,21883,21888.8,21509.3,21549.8
1749776400,21549.6,21601.8,21454.1,21525.2
1749790800,21526.2,21645.4,21506,21583.2
1749805200,21583.2,21685,21560,21641.2
1749819600,21641.6,21839.2,21600.5,21813.2
1749834000,21812.8,21819.6,21586.3,21637.6
1750021200,21546.6,21688.8,21523.8,21678.8
1750035600,21678.6,21704.8,21650.5,21666.7
1750050000,21666.8,21775.6,21665.8,21766
1750064400,21765.8,21826,21717.2,21800.4
1750078800,21800.5,21981.1,21775.2,21930.8
1750093200,21931,21973.3,21902.8,21930.5
1750107600,21938.6,21940.4,21773.9,21853
1750122000,21853.2,21879.9,21786.8,21835.4
1750136400,21835.5,21889.6,21773.3,21829.8
1750150800,21830,21862.2,21763.6,21819.8
1750165200,21819.9,21900.3,21793.3,21803
1750179600,21803.6,21825.2,21684.5,21739.8
1750194000,21718.6,21772.6,21649.2,21763.6
1750208400,21763.5,21796.2,21730.6,21765.8
1750222800,21765.6,21822.6,21764.4,21817.2
1750237200,21817.6,21850.4,21737.8,21772.2
1750251600,21773.4,21881.6,21712.1,21826.3
1750266000,21826,21878.2,21681.6,21767.8
1750280400,21754.5,21759,21646.4,21690.2
1750294800,21690.6,21700.8,21588.6,21696.2
1750309200,21696,21696.5,21581.1,21624.6
1750323600,21624.8,21654,21541.1,21562.2
1750338000,21560.8,21584.4,21449,21498.6
1750366800,21603.4,21723.6,21599.4,21683
1750381200,21683.6,21716.6,21642.8,21703.8
1750395600,21703.6,21744.6,21655,21660.2
1750410000,21661.2,21836,21659.4,21825
1750424400,21824.8,21925.6,21571.4,21688.2
1750438800,21689,21717.4,21569.4,21677.4
1750626000,21477.1,21588,21465.3,21535.8
1750640400,21536,21577.8,21516.6,21569
1750654800,21569,21748.4,21568.3,21711.4
1750669200,21711.6,21738.3,21579.8,21687.3
1750683600,21687.6,21822,21549.5,21651.6
1750698000,21651.6,21903.6,21632.8,21879.5
1750712400,21881.5,22066.4,21877.4,22038.6
1750726800,22038.6,22082.3,22025.8,22054.3
1750741200,22054.4,22193.6,22052.6,22114.8
1750755600,22114.8,22162.8,22062.8,22096.8
1750770000,22097.3,22227.5,22071.3,22209.9
1750784400,22210.6,22257.5,22190,22221.5
1750798800,22211.4,22244.2,22196,22234.8
1750813200,22233.8,22236.4,22203,22235
1750827600,22235,22246.2,22215.7,22244
1750842000,22244.5,22319,22223.8,22317.8
1750856400,22317.7,22358,22221,22252.8
1750870800,22253.5,22290.6,22199,22279.3
1750885200,22267.4,22298,22248.6,22287
1750899600,22286.3,22317.4,22272.2,22315.4
1750914000,22315.2,22387.1,22304.4,22372
1750928400,22372.1,22395.2,22331,22365
1750942800,22364,22442.4,22287,22419.7
1750957200,22419.2,22505.2,22409.9,22484.4
1750971600,22488,22522.5,22478.2,22479.4
1750986000,22478.8,22519,22473.2,22500.6
1751000400,22500.5,22571.4,22499.9,22559.5
1751014800,22559.8,22599.4,22536.6,22543
1751029200,22542.6,22632.8,22498.8,22607
1751043600,22606.5,22610.7,22412.8,22551.6
1751230800,22580,22658.8,22569.4,22645.6
1751245200,22645.4,22697,22624.8,22686.2
1751259600,22686,22713.2,22661.8,22686
1751274000,22686,22726.8,22666.5,22679.2
1751288400,22679.7,22701.4,22607.9,22653.9
1751302800,22654.2,22751.4,22600.3,22688.3
1751317200,22677.8,22723.8,22665.4,22719.4
1751331600,22720.4,22733.6,22673.5,22676.5
1751346000,22676.6,22684.5,22638.2,22664.6
1751360400,22664.8,22668.3,22575.4,22613.4
1751374800,22612.8,22666,22413.8,22524
1751389200,22524.6,22585.4,22471,22510.8
1751403600,22517.9,22549.9,22513.5,22534.4
1751418000,22534.6,22602.7,22497,22593.7
1751432400,22593.8,22599.8,22523.8,22530.8
1751446800,22531,22539.2,22406.2,22437.8
1751461200,22438.2,22667.8,22425.5,22663.2
1751475600,22663.7,22679.4,22631.7,22675.2
1751490000,22669,22682.1,22652.2,22671.8
1751504400,22670.8,22702.5,22648,22688
1751518800,22687.6,22721.6,22671.8,22674.4
1751533200,22674.2,22755.8,22651.8,22713.5
1751547600,22713.4,22922.3,22711.8,22876.6
1751562000,22876.7,22888.6,22852.5,22867.3
1751576400,22855,22881.3,22836.4,22844.8
1751590800,22845.4,22868.8,22811.6,22824.9
1751605200,22825,22829.4,22741.9,22746.6
1751619600,22745.4,22770.9,22700.8,22741.4
1751634000,22741.9,22763.9,22707.2,22723.8
1751835600,22815.6,22844.8,22779.6,22789.6
1751850000,22788.6,22809.7,22734.2,22766
1751864400,22766,22770.7,22727.6,22732.5
1751878800,22732.4,22820.6,22728,22770.4
1751893200,22770.7,22796.3,22652.6,22701.3
1751907600,22700.5,22758.6,22611.8,22669.2
1751922000,22680.5,22744.7,22640.6,22737.6
1751936400,22736.2,22769.4,22717.2,22741
1751950800,22741.2,22802.6,22735.2,22777.2
1751965200,22775.8,22787.7,22737.2,22770.4
1751979600,22770.6,22796.5,22672.2,22750.5
1751994000,22750.8,22775.6,22705.4,22736.6
1752008400,22751.1,22757.2,22698.6,22709.2
1752022800,22709.2,22734.5,22688.5,22726.4
1752037200,22726.2,22737.3,22678,22724.3
1752051600,22724.8,22788.9,22724.5,22769.6
1752066000,22769.5,22945,22754.1,22819
1752080400,22818.9,22896.7,22797.7,22878.6
1752094800,22872.6,22901.1,22839.8,22841.2
1752109200,22841.8,22857.4,22822.6,22831
1752123600,22831.2,22882.4,22814.5,22881.8
1752138000,22881.8,22912.8,22848.2,22884.8
1752152400,22885,22925.8,22737.3,22828.3
1752166800,22827.8,22888.3,22826.8,22849.2
1752181200,22852.6,22887.1,22669.6,22720.6
1752195600,22721.7,22812.6,22704.4,22804.6
1752210000,22804,22813.3,22709.6,22742.1
1752224400,22741.6,22762.1,22691.1,22743
1752238800,22742,22849.6,22701.4,22844.5
1752253200,22845.2,22862.6,22765.6,22779
1752440400,22682.8,22728.8,22657.8,22692.4
1752454800,22692.4,22720.4,22683,22703.6
1752469200,22703.7,22739.8,22646.4,22728
1752483600,22728.4,22750.2,22706,22740
1752498000,22739.7,22882,22684,22875.2
1752512400,22875.5,22908.9,22865.5,22887
1752526800,22873.6,22876,22846.5,22854.8
1752541200,22854.2,23022.6,22845.8,22965.4
1752555600,22964.8,23027.4,22962.8,23004.8
1752570000,23005.2,23056.8,22984.6,23044.8
1752584400,23045.4,23071.5,22933.8,22949.5
1752598800,22948.2,23030.3,22861.3,22868.3
1752613200,22877.6,22881.8,22824.8,22850.2
1752627600,22849.8,22884.2,22847.6,22871.2
1752642000,22875.8,22896.3,22779.6,22853
1752656400,22853.2,22934.8,22830,22924
1752670800,22923.8,22940.1,22690.4,22899.8
1752685200,22899.8,22953.9,22870.8,22915.8
1752699600,22917.5,22918.8,22878.6,22905.4
1752714000,22905.3,22912.6,22871.3,22895
1752728400,22894.8,23005.4,22893.2,22957.8
1752742800,22958.2,23001.3,22927,23000
1752757200,22999.6,23130.3,22920,23111.9
1752771600,23111.8,23133.8,23089.5,23119.8
1752786000,23105.4,23143.3,23101.8,23122.4
1752800400,23122.3,23141.8,23114.8,23133.6
1752814800,23133.5,23164.4,23116.4,23136.8
1752829200,23136.6,23144.4,23106.3,23123.8
1752843600,23123.8,23175.4,23028.9,23045.8
1752858000,23045.7,23089.4,23031.2,23085.2
1753045200,23073,23120.9,23062.5,23110.2
1753059600,23110,23135,23100.2,23127.8
1753074000,23127.7,23166.3,23120.5,23147.6
1753088400,23147.4,23163,23094.2,23095.7
1753102800,23095.2,23282.3,23081.9,23267.4
1753117200,23267.3,23288,23193.5,23210.1
1753131600,23209.4,23226,23200.6,23205.1
1753146000,23204.3,23232.1,23162.3,23171.1
1753160400,23171.2,23212.4,23136.8,23141.6
1753174800,23141.6,23205.7,23133.8,23199.6
1753189200,23200,23214.2,22974.8,23067.5
1753203600,23066.5,23125.8,23040,23065.9
1753218000,23070.6,23136,23039.6,23072.8
1753232400,23071.8,23123.7,23068,23117.8
1753246800,23117.4,23150.4,23112.3,23148.2
1753261200,23147.8,23151.8,23099.4,23106.1
1753275600,23105.4,23164.5,23015.8,23100.2
1753290000,23099.7,23288,23086.2,23281.5
1753304400,23264,23277.6,23254,23266
1753318800,23266,23293.5,23244.6,23251.6
1753333200,23251.5,23263.2,23219,23262.6
1753347600,23262.5,23274.4,23199.2,23231.7
1753362000,23231.8,23272.6,23170.2,23243.8
1753376400,23243.3,23295.3,23239.5,23267.1
1753390800,23260.3,23296.3,23259.8,23287.6
1753405200,23288.2,23314.3,23266.2,23270.8
1753419600,23271,23286,23222.2,23248.4
1753434000,23248.6,23264.3,23229.8,23244.3
1753448400,23244.4,23351.8,23204.3,23326.3
1753462800,23326.2,23335.4,23282.7,23319.6
1753650000,23415.2,23431.1,23380.9,23419.1
1753664400,23419.2,23442,23406.8,23435.4
1753678800,23435.6,23460.6,23409.3,23412.6
1753693200,23412.6,23418.1,23360.8,23390.1
1753707600,23390.2,23402.8,23312.6,23369.8
1753722000,23369.9,23396.6,23324.3,23395.8
1753736400,23389.6,23420.4,23389.6,23416.8
1753750800,23416.8,23435,23405.5,23426.4
1753765200,23426.5,23482.2,23424.6,23466.3
1753779600,23466.2,23496.5,23456,23463
1753794000,23462.8,23535.8,23321.8,23392.8
1753808400,23392.3,23409,23308.3,23337
1753822800,23346.2,23376,23341.6,23372
1753837200,23371.8,23393.6,23352.5,23389.6
1753851600,23389.5,23397.5,23349.4,23368.8
1753866000,23369,23407.4,23358.3,23376.3
1753880400,23376.2,23436,23336.8,23423.3
1753894800,23423.2,23576.8,23247,23546.6
1753909200,23580.4,23645.6,23577.6,23641.8
1753923600,23641.6,23696.4,23634.1,23693.1
1753938000,23693,23732.5,23665.2,23687.2
1753952400,23688.1,23697.5,23640.4,23689.4
1753966800,23688.6,23691.7,23371.4,23460
1753981200,23460.4,23461.8,23181.6,23218.3
1753995600,23208.6,23236.8,23120.8,23169
1754010000,23169.4,23231.4,23161.8,23208.2
1754024400,23207.8,23214,22952,23003.4
1754038800,23002.3,23055.8,22920.8,22957
1754053200,22957.2,22991,22688.8,22775.6
1754067600,22775.3,22840.3,22681.9,22766.6
1754254800,22772.2,22859.6,22718.4,22852.2
1754269200,22852.4,22884.6,22828.6,22865.6
1754283600,22866.1,22959.4,22844.4,22956.6
1754298000,22956.8,22977.6,22928.4,22972.2
1754312400,22972.1,23182,22966.8,23172.9
1754326800,23173,23254.8,23144.3,23254.7
1754341200,23244.6,23277.2,23217.4,23249.4
1754355600,23249.6,23274.5,23227.8,23261.8
1754370000,23262.4,23299.6,23215.6,23233.8
1754384400,23234,23306.3,23228.8,23263.5
1754398800,23263.4,23299.6,23019.2,23085.8
1754413200,23086,23157.5,22990.4,22991.2
1754427600,23012.1,23012.6,22951.4,22977.8
1754442000,22977.8,23079,22970.8,23067.8
1754456400,23068.1,23132.6,23060.6,23072.2
1754470800,23072.2,23102.1,23013.2,23084.1
1754485200,23083.4,23297,23054.6,23278.6
1754499600,23278.4,23351.8,23266.3,23318.2
1754514000,23318,23409.4,23293.4,23395.9
1754528400,23396,23418.4,23365.2,23372.2
1754542800,23372.4,23482.4,23362.4,23462.8
1754557200,23463.2,23545.6,23445.4,23505
1754571600,23505.6,23578.2,23299.2,23370
1754586000,23369.5,23442.8,23238.6,23426.3
1754600400,23427.5,23490.5,23424.2,23480
1754614800,23479.2,23487,23444.8,23451
1754629200,23451.4,23467.2,23411,23461.6
1754643600,23461.5,23489.5,23426.2,23441
1754658000,23441,23617,23429.7,23586.7
1754672400,23587.2,23677.5,23565.4,23676.4
1754859600,23667,23671.4,23609,23640.1
1754874000,23640,23680.1,23634.4,23649.6
1754888400,23649.6,23671.9,23575.6,23608.4
1754902800,23607.4,23663.3,23605.6,23629.6
1754917200,23629.4,23711.5,23588.3,23643.8
1754931600,23644.2,23667.9,23502.8,23541.5
1754946000,23555.4,23581.3,23529.8,23554.2
1754960400,23554.3,23591.6,23547.6,23586.8
1754974800,23585.6,23590.6,23511.2,23556.5
1754989200,23555.8,23737,23523.5,23688.2
1755003600,23688,23828.3,23537.3,23817.8
1755018000,23817.9,23870.1,23803.4,23867.4
1755032400,23855.3,23884.6,23843.4,23859.4
1755046800,23859.3,23880.3,23839.8,23873.8
1755061200,23873.4,23934.1,23852.6,23912.2
1755075600,23911.8,23950.9,23902.2,23937.1
1755090000,23937.2,23986,23806.1,23819.5
1755104400,23819.4,23879.5,23807.5,23845.8
1755118800,23842,23883.2,23831.6,23851.7
1755133200,23851.2,23864.6,23836.2,23852.8
1755147600,23852.7,23861,23817,23844
1755162000,23843.6,23884.2,23712.8,23763.6
1755176400,23761.6,23924.7,23736.2,23869.4
1755190800,23869.3,23900.8,23792.1,23808.3
1755205200,23802.4,23833.6,23792.2,23811.8
1755219600,23811.6,23866.2,23809.9,23857.2
1755234000,23856.6,23882.7,23797.6,23803.2
1755248400,23802.9,23847,23792,23825
1755262800,23824.4,23843.9,23658,23741.8
1755277200,23741.9,23770.8,23698.8,23721.1
1755464400,23739.5,23788.8,23739,23780
1755478800,23779.6,23804.2,23768,23771.6
1755493200,23771.8,23779.6,23666,23701.6
1755507600,23701.4,23714.3,23661.8,23697.8
1755522000,23697.3,23746.8,23641.6,23666.4
1755536400,23666.7,23747.4,23664.4,23720.7
1755550800,23734,23768.4,23693.6,23711.6
1755565200,23712,23723.2,23670,23688.6
1755579600,23688,23718.9,23661.8,23717.8
1755594000,23718,23735.5,23670.4,23674.8
1755608400,23675.2,23701.3,23407.5,23417.3
1755622800,23417,23450.4,23360.9,23408
1755637200,23411.2,23420.2,23333.6,23349.4
1755651600,23349,23359.4,23273.2,23287.3
1755666000,23286.2,23365,23269.6,23349.2
1755680400,23349.4,23386.6,23320.7,23361.4
1755694800,23361.3,23366.6,22970,23173.2
1755709200,23173,23307.6,23130.3,23258.2
1755723600,23268.8,23277.6,23204.4,23227.2
1755738000,23227.4,23304.3,23202.7,23276
1755752400,23276,23303.4,23232.4,23233.6
1755766800,23233.6,23269.2,23151,23159.2
1755781200,23158.2,23283.3,23087.6,23098.4
1755795600,23098.3,23191.8,23056.6,23158.4
1755810000,23169,23186.6,23116.1,23148.4
1755824400,23148.3,23167.8,23127.3,23144.2
1755838800,23144.2,23191.3,23013.2,23188.6
1755853200,23188.4,23215.2,23166,23177.2
1755867600,23177.3,23584.6,23141.4,23465.3
1755882000,23464.5,23561.1,23464.5,23516.9
1756069200,23522.8,23533.8,23481.8,23492.6
1756083600,23492.5,23495.8,23457.8,23491.6
1756098000,23491.8,23504.8,23444,23446.2
1756112400,23446.3,23449.4,23398.9,23415.8
1756126800,23416.6,23557.3,23381.5,23541
1756141200,23541.3,23542.8,23430.6,23449.5
1756155600,23444.8,23465.2,23316.6,23362.6
1756170000,23362.2,23420,23355.4,23400
1756184400,23400.6,23429.4,23360.8,23404.5
1756198800,23404.6,23450.3,23384.8,23415.8
1756213200,23415.5,23503.9,23372.3,23487.3
1756227600,23487,23558.7,23426.9,23554.9
1756242000,23561,23571,23542.3,23545.6
1756256400,23546.5,23576.6,23545.8,23564.4
1756270800,23564.5,23566.8,23515.5,23535
1756285200,23534.8,23568.6,23511.5,23529.7
1756299600,23529.3,23581.1,23437,23550.8
1756314000,23551.6,23620.4,23386.2,23491.4
1756328400,23480.6,23486.2,23438.6,23471.2
1756342800,23471.4,23534.4,23468.8,23512.2
1756357200,23511.9,23612.1,23490.8,23567
1756371600,23567.2,23604.1,23533.8,23584.1
1756386000,23584,23719.3,23523.3,23685.4
1756400400,23685.7,23755.7,23675.9,23713.9
1756414800,23708.1,23712.6,23686.4,23697.1
1756429200,23697,23702.4,23669.4,23671.6
1756443600,23672,23687.9,23576,23583.4
1756458000,23583.6,23632,23563.4,23617.8
1756472400,23617.1,23620.9,23366.8,23432.2
1756486800,23431.8,23449.4,23353.8,23412.5
1756674000,23418.8,23506.5,23418.8,23492.4
1756688400,23493,23494.6,23361.8,23381.8
1756702800,23381.6,23456.7,23326,23444.8
1756717200,23444.6,23455,23400.7,23431.6
1756731600,23431.2,23461,23397.6,23453.4
1756760400,23448.6,23450.5,23382.2,23427.2
1756774800,23427.1,23437.4,23369.4,23391.2
1756789200,23391.2,23405.4,23221.1,23264.2
1756803600,23264.2,23284.6,23018.6,23050
1756818000,23049.8,23233.2,22979.2,23090.9
1756832400,23091.2,23350.3,23068.8,23342.2
1756846800,23341.4,23350.2,23282,23295.6
1756861200,23294.6,23304.4,23264.2,23295.6
1756875600,23295.1,23395.6,23272.6,23383.2
1756890000,23384.1,23422.6,23363.3,23387.1
1756904400,23387,23489.5,23334.3,23378.3
1756918800,23378.6,23438.8,23286.1,23421.9
1756933200,23410.1,23480.1,23396.6,23469.4
1756947600,23469,23497.4,23424.4,23456.1
1756962000,23456,23474.6,23416.6,23462.6
1756976400,23462.7,23499.6,23435.1,23450.3
1756990800,23450.2,23530.3,23375.8,23503.5
1757005200,23504.3,23676.3,23501.8,23653.8
1757019600,23663.2,23696.6,23657,23694.6
1757034000,23694.5,23716.2,23683.6,23709.8
1757048400,23710.2,23753.2,23706,23752.2
1757062800,23752.6,23839.8,23691.8,23839.2
1757077200,23839.4,23867,23470.5,23620.2
1757091600,23619.8,23661.9,23551.8,23639.9
1757278800,23639.8,23757.1,23616.4,23729.9
1757293200,23730,23745,23692.5,23699.2
1757307600,23699.6,23747.1,23695.1,23730.2
1757322000,23730.4,23755.6,23709.9,23744.2
1757336400,23744.1,23853.6,23732.9,23781.5
1757350800,23781.8,23791.8,23732.4,23769
1757365200,23779.4,23802.1,23775.9,23779.4
1757379600,23779.4,23819.4,23763.1,23809.9
1757394000,23809,23857.1,23787.2,23815
1757408400,23814.4,23830.4,23784,23811.4
1757422800,23811.2,23829.6,23698.8,23796
1757437200,23796.3,23891.4,23796,23864.6
1757451600,23876.6,23886.2,23849.5,23860.6
1757466000,23861,23899.3,23853.1,23896.8
1757480400,23897,23928.4,23862.2,23870.8
1757494800,23870.6,24018.8,23857.3,23979
1757509200,23978.8,23989.8,23875,23901.7
1757523600,23901.8,23917.7,23763.2,23838.8
1757538000,23840.8,23891.2,23840.8,23882
1757552400,23881.6,23896.4,23855.4,23857.2
1757566800,23858.1,23919.4,23848.9,23900
1757581200,23900.1,23953.4,23819.8,23937.2
1757595600,23936.4,24023.2,23887.6,23989.5
1757610000,23989.4,24024.5,23978.2,23989.6
1757624400,23995.2,24005.4,23981.4,23989.8
1757638800,23989.8,24005.1,23972.4,23999.8
1757653200,24000,24019.4,23949,23982.6
1757667600,23982.8,24028.1,23976,24022
1757682000,24021.4,24102,23982.5,24090.8
1757696400,24091.1,24141.2,24070,24096.4
1757883600,24093.3,24110,24072.8,24090.2
1757898000,24090.3,24112.8,24086,24111.6
1757912400,24112,24139.6,24056.8,24076
1757926800,24075.4,24153.5,24060.8,24153.5
1757941200,24153.4,24274.4,24143,24246.5
1757955600,24246.2,24304,24235.2,24287
1757970000,24279.2,24296.8,24273.8,24292.2
1757984400,24292.3,24334.5,24289.2,24327.8
1757998800,24327.5,24392.5,24324.6,24385.1
1758013200,24384.8,24390.8,24330.6,24342.2
1758027600,24340.8,24355,24247.3,24275.2
1758042000,24275,24314.8,24270.5,24285.2
1758056400,24287,24304.2,24278.9,24293.4
1758070800,24293.2,24299.7,24260.8,24271.9
1758085200,24272,24305.7,24209.4,24266.2
1758099600,24266.6,24281.2,24240,24277.6
1758114000,24277.7,24293.7,24134.8,24159.8
1758128400,24159.9,24340.8,24022,24289.8
1758142800,24296.2,24380.4,24288.8,24357.6
1758157200,24357.5,24446.4,24353.8,24438.8
1758171600,24438.4,24525,24379.8,24520.6
1758186000,24521.3,24555.6,24482.4,24482.9
1758200400,24483,24608.8,24392,24579.5
1758214800,24579.2,24588.2,24476.8,24509.5
1758229200,24514.7,24540.6,24486.6,24502.5
1758243600,24501.5,24528.4,24474,24511.8
1758258000,24512,24515,24446.7,24497
1758272400,24497.4,24546.3,24492.2,24529.5
1758286800,24529.4,24626.2,24500,24613.2
1758301200,24613.5,24682.1,24590.1,24653.4
1758488400,24648.6,24667,24618.5,24623.2
1758502800,24624,24655.8,24620.4,24643.5
1758517200,24643.6,24653.2,24540.2,24573
1758531600,24573.4,24599,24552.5,24590.3
1758546000,24590.1,24791.7,24576.4,24784.6
1758560400,24784.5,24825.1,24771.5,24793.8
1758574800,24788.2,24801.1,24772.6,24787.4
1758589200,24787.6,24805.6,24775.9,24785.4
1758603600,24785.4,24824.2,24778.2,24801.1
1758618000,24801.2,24814.4,24771.4,24807.9
1758632400,24807.1,24808.7,24716.1,24729.5
1758646800,24729.8,24731.3,24581.9,24636.8
1758661200,24647.9,24663.2,24612.1,24638.4
1758675600,24638.4,24652.7,24618.2,24652.1
1758690000,24652,24706.8,24647,24696.7
1758704400,24696.9,24713.1,24670.2,24682.4
1758718800,24681.4,24699.6,24432.9,24489.4
1758733200,24489.5,24563,24487.2,24549.9
1758747600,24555,24582.7,24544.4,24580
1758762000,24579.7,24596.7,24559,24564.7
1758776400,24565,24567.2,24499.2,24533.4
1758790800,24533.6,24541.9,24350.2,24373
1758805200,24372.6,24504.5,24227.2,24433
1758819600,24432.5,24455.8,24261.6,24445.5
1758834000,24439.4,24472.8,24413.9,24433.8
1758848400,24433.9,24433.9,24382.7,24388.2
1758862800,24388.8,24478.9,24385.4,24393
1758877200,24392.9,24554.8,24377.6,24502
1758891600,24501.6,24540.6,24327.7,24502
1758906000,24502.2,24557.5,24476.3,24537.3
1759093200,24547.5,24617.8,24535.2,24604
1759107600,24604.1,24645,24586.3,24639.3
1759122000,24639.8,24705.8,24624.8,24704.2
1759136400,24705.8,24720.4,24665.5,24710.8
1759150800,24710.6,24785,24640.4,24651.4
1759165200,24651.5,24685.9,24597.3,24630.2
1759179600,24637.2,24657.8,24622,24653
1759194000,24652.4,24672.5,24626.5,24639.2
1759208400,24638.8,24671.8,24570.6,24617.1
1759222800,24616.2,24660.9,24589.8,24649.3
1759237200,24649.4,24678.1,24538.8,24603.7
1759251600,24603.5,24734.2,24552.3,24659.6
1759266000,24667.4,24695.2,24605.8,24612.8
1759280400,24613,24629.5,24582.5,24592.8
1759294800,24593,24598,24452.7,24538.8
1759309200,24538,24623.7,24532.6,24595.8
1759323600,24597.4,24776.2,24545,24773.5
1759338000,24773.3,24855.8,24771,24830.1
1759352400,24827.2,24884.6,24825.6,24881.4
1759366800,24881.6,24897.8,24865.2,24888.6
1759381200,24888.4,24935.1,24875.3,24934.6
1759395600,24933.6,24985.2,24897.2,24983.6
1759410000,24983.2,25001.1,24815,24898.4
1759424400,24898.5,24949.1,24880.7,24929.7
1759438800,24916.9,24977.1,24893.6,24966.6
1759453200,24966.8,24996.6,24958.2,24994.3
1759467600,24993.6,25013.6,24976.2,25003.2
1759482000,25003,25016.4,24924.1,24940.4
1759496400,24940.6,24987.4,24871.8,24939.8
1759510800,24939.5,24939.5,24745.6,24805
1759698000,24837,24908.6,24832.9,24885.8
1759712400,24885.9,24930.4,24877.6,24923.4
1759726800,24923,24936.6,24867.3,24928.8
1759741200,24928.7,25063.2,24926.1,25012.8
1759755600,25013,25043.3,24933,25032.3
1759770000,25032.5,25082.6,25004.6,25011.8
1759784400,25021,25026.5,24952.8,24961.4
1759798800,24961.2,25013,24957,25011.8
1759813200,25011.7,25016.5,24958.4,25002.7
1759827600,25002.8,25087.3,24999,25084.2
1759842000,25085,25104.7,24818,24857.5
1759856400,24857.2,24904.2,24823.7,24892.2
1759870800,24899,24915.5,24860.2,24894
1759885200,24893.3,24926.6,24892,24920.5
1759899600,24920.4,24944,24859.2,24919.4
1759914000,24920,24937.2,24875.7,24895.5
1759928400,24896,25109,24888.2,25086.6
1759942800,25086.8,25200,25075.8,25186.8
1759957200,25184.1,25228.2,25181.2,25197.9
1759971600,25197.4,25203.9,25142.6,25175.8
1759986000,25175.6,25202.2,25129.6,25135.4
1760000400,25135.9,25175.9,25131,25167.6
1760014800,25167.8,25172.2,25028.6,25041.5
1760029200,25041.6,25137.3,24998.4,25122.3
1760043600,25131.2,25183.2,25125.7,25173.8
1760058000,25173.9,25192.2,25137.5,25144.7
1760072400,25144.6,25191.4,25132.2,25174
1760086800,25173.7,25176.2,25088.8,25135.2
1760101200,25135,25225.3,24489.8,24500
1760115600,24499.2,24592.4,23998.6,24018.5
1760302800,24575.8,24675,24457.1,24668.4
1760317200,24669,24696.6,24604.8,24660
1760331600,24659.8,24787,24628.6,24716.2
1760346000,24716,24722.3,24575.2,24628.8
1760360400,24627.8,24802.2,24566.3,24794.3
1760374800,24794.2,24808.3,24729.3,24752
1760389200,24762.8,24890.2,24743.6,24852.8
1760403600,24852.6,24866.6,24596.2,24651.8
1760418000,24650.8,24660.6,24432.2,24537.8
1760432400,24537.9,24558.8,24348.8,24466.4
1760446800,24465.2,24797.3,24269.8,24747.3
1760461200,24746.5,24792.8,24541.4,24606.4
1760475600,24644.2,24672.6,24596,24652.4
1760490000,24652,24710.4,24618.6,24698.8
1760504400,24715.4,24789.4,24710.4,24784.3
1760518800,24784.2,24879.8,24780.4,24876.4
1760533200,24876.5,24969.8,24732.5,24757.5
1760547600,24757.8,24818.6,24519,24801.6
1760562000,24800.6,24846.8,24729.8,24768.4
1760576400,24767.6,24804.2,24750.6,24784
1760590800,24785.8,24911.2,24774.3,24874.4
1760605200,24874.6,24954.4,24861.1,24935
1760619600,24934.8,25034.5,24590.3,24785.8
1760634000,24785.5,24821.8,24501.8,24650.2
1760648400,24679.6,24716.6,24578.6,24635.6
1760662800,24635.8,24693.4,24558.6,24564.2
1760677200,24565.6,24568.6,24268.2,24349.4
1760691600,24349.3,24659.5,24340.8,24595.6
1760706000,24594.9,24837.2,24530.4,24766.8
1760720400,24767.6,24917.1,24692.8,24895.9
1760907600,24948,24948.8,24820.6,24910.8
1760922000,24911.8,24983.8,24891.4,24976.2
1760936400,24975.6,25016.8,24930.6,24938.6
1760950800,24937.8,24996,24902.4,24993.8
1760965200,24995.2,25209.4,24978.6,25178.5
1760979600,25177.8,25222.1,25158.9,25193.4
1760994000,25192.8,25213.6,25177,25210.6
1761008400,25210.8,25236.8,25164.3,25176.4
1761022800,25177.3,25185.8,25122.2,25136.8
1761037200,25136.6,25184,25128,25167.8
1761051600,25167.6,25218.2,25072.4,25156.3
1761066000,25156.4,25205.1,25099.9,25136.4
1761080400,25152.1,25154.6,25091.9,25097.2
1761094800,25097.2,25203.8,25088,25188.4
1761109200,25188.2,25209.4,25122.8,25138.8
1761123600,25137.8,25176.2,25077.8,25131.8
1761138000,25131.6,25160.1,24745,24867
1761152400,24867,24951,24680.2,24913.2
1761166800,24877.1,24938.6,24826,24923.8
1761181200,24923.5,24987.4,24920.8,24945.8
1761195600,24946,25001.4,24928.4,24958.6
1761210000,24958.8,24966.4,24811.4,24883
1761224400,24883.6,25115.7,24816.4,25114.5
1761238800,25114.6,25172.3,25064.4,25152.6
1761253200,25167.8,25182.1,25162.7,25178.1
1761267600,25177.4,25212.6,25174.3,25209.6
1761282000,25209.4,25258.2,25201.2,25230.6
1761296400,25230.6,25399.1,25229.3,25336
1761310800,25336.1,25441.1,25307.4,25430.5
1761325200,25429.5,25447,25376.8,25393.2
1761512400,25602,25631.4,25579.6,25602
1761526800,25602.4,25652,25590.5,25641.6
1761541200,25641.5,25696,25640.4,25681.8
1761555600,25682,25731.5,25669.5,25710
1761570000,25709.8,25802.4,25675.7,25799.1
1761584400,25799,25897.9,25777.8,25889.3
1761598800,25877.8,25902.8,25859.6,25860.6
1761613200,25860.2,25874.1,25841.5,25843
1761627600,25844,25870,25828.7,25853.6
1761642000,25854.2,25910,25848,25897.5
1761656400,25897.4,26033,25894.1,25995.9
1761670800,25995.2,26118.5,25990.9,26060.9
1761685200,26065.2,26081,26052.3,26062
1761699600,26062,26139.7,26059.8,26133
1761714000,26133,26197,26132.2,26156.2
1761728400,26155.8,26183.7,26113.7,26147.7
1761742800,26147,26213.5,26091,26143.5
1761757200,26144,26266.7,25938.3,26114.3
1761771600,26085.7,26206.8,26044.3,26177.8
1761786000,26178.4,26288.1,26028.6,26095
1761800400,26095.6,26217.4,26078.8,26159.2
1761814800,26160,26180.2,25975.4,25976.6
1761829200,25976.8,26069.3,25831.5,25965
1761843600,25964.2,26039.4,25745.2,26034
1761858000,26066.6,26088.2,26016.7,26083.2
1761872400,26082.8,26102.5,26050.2,26081.6
1761886800,26081.4,26108.6,26033.5,26087.4
1761901200,26088,26162.4,26050.4,26100.4
1761915600,26098.8,26106.2,25822.4,25840.3
1761930000,25839.8,26009,25780.2,25874.8
1762120800,25921.4,26013.9,25917.2,25980.6
1762135200,25980.3,26005.3,25941.9,25958.4
1762149600,25959.8,26046.6,25908.3,26021.2
1762164000,26021.6,26082.3,26014.8,26080
1762178400,26079.8,26156.6,25907,26049.8
1762192800,26049.9,26078.4,25966.2,26009.9
1762207200,25993,25998.4,25882.2,25907.2
1762221600,25907.1,25907.2,25707.2,25721.5
1762236000,25721.4,25724.5,25568.2,25574.2
1762250400,25574,25691.6,25544.4,25615.8
1762264800,25614.9,25793.1,25546.3,25582.8
1762279200,25582,25591.3,25426.6,25479
1762293600,25464.9,25477.6,25186.6,25241.8
1762308000,25241.6,25439,25200.2,25385.4
1762322400,25385.4,25456.7,25358,25422.8
1762336800,25422.4,25499.6,25308.2,25490.8
1762351200,25490.6,25736.2,25391.8,25720.3
1762365600,25720,25785.4,25602.8,25638.8
1762380000,25658.8,25682.4,25525,25581
1762394400,25580.4,25650.2,25547.4,25600.8
1762408800,25600.4,25655,25537.3,25635.6
1762423200,25636.6,25730,25634.2,25674.6
1762437600,25674.5,25681.9,25110.8,25249.8
1762452000,25248.5,25350.5,25138.5,25226.4
1762466400,25199.6,25261.3,25112.2,25183.4
1762480800,25184,25243.8,25074.1,25243.8
1762495200,25244.2,25265.8,25152.3,25170.9
1762509600,25171.2,25189,24974.3,25023.2
1762524000,25022.2,25035.6,24625.9,24757.6
1762538400,24758.2,25138.2,24738.8,25138.2
1762725600,25258.7,25350.4,25182.4,25341.9
1762740000,25342,25409.2,25322.8,25396.4
1762754400,25396.2,25482.2,25370.6,25465.8
1762768800,25467.4,25472,25417.8,25468.8
1762783200,25468.6,25579.3,25365.8,25553.3
1762797600,25553.2,25678.1,25546.8,25637.6
1762812000,25643,25687.2,25620.6,25661.4
1762826400,25661.2,25672.4,25571,25571.4
1762840800,25571.6,25622.6,25515.4,25521.2
1762855200,25521.1,25562,25490.8,25515.1
1762869600,25515,25564.1,25397,25538.8
1762884000,25538.6,25617,25528.5,25579.8
1762898400,25589.8,25659.3,25550.3,25651.4
1762912800,25651.6,25681.6,25615.2,25664.1
1762927200,25664.2,25745.8,25662,25740
1762941600,25740,25750.4,25642.1,25721.3
1762956000,25720.1,25722.1,25412.4,25532.4
1762970400,25531.9,25577.2,25468.4,25553.6
1762984800,25543.9,25642.8,25425.6,25614.4
1762999200,25613.8,25632.4,25556.5,25619.8
1763013600,25620,25644.4,25453.9,25490.2
1763028000,25490.8,25552.4,25415,25421.2
1763042400,25421.3,25432.5,25049.5,25059.4
1763056800,25060.2,25094.8,24930.8,25014.8
1763071200,25038,25076.4,25020,25042.8
1763085600,25042.8,25080,24899.4,25026
1763100000,25025.8,25028,24825.6,24865.8
1763114400,24865.4,24918.7,24582.7,24642
1763128800,24642.4,25221.5,24551,25131.8
1763143200,25132.2,25179.5,24999.8,25070.8
1763330400,25011,25183.8,24950.4,25126.6
1763344800,25126.8,25213.8,25126.8,25173.8
1763359200,25173.6,25288.7,25156.8,25211.4
1763373600,25212,25217.3,24938.2,25006.6
1763388000,25006.1,25182,24873.4,24935.7
1763402400,24935.5,24985.4,24667.5,24841.6
1763416800,24846.9,24893.7,24765,24869.4
1763431200,24868,24887.6,24541.9,24643.7
1763445600,24644.1,24793.6,24538.4,24771.4
1763460000,24771,24781,24594,24666.4
1763474400,24665.9,24766,24314.2,24687.6
1763488800,24687.4,24747.4,24461.6,24469.6
1763503200,24485.6,24566.6,24435.7,24488.4
1763517600,24489.6,24593.4,24384.1,24472.3
1763532000,24475.4,24619.6,24458.3,24614.4
1763546400,24614.4,24669.6,24578.6,24602.2
1763560800,24599.6,24924.2,24449.6,24576
1763575200,24576,24916.6,24511.3,24899.7
1763589600,24919.4,25102.8,24912.7,25092.4
1763604000,25091.8,25144.8,25065.4,25104.8
1763618400,25105.4,25142.8,24982.5,24996
1763632800,24996.8,25200.8,24958.4,25166.2
1763647200,25165.8,25245.8,24246.2,24332
1763661600,24332.2,24536.2,24011.2,24024.6
1763676000,24056.4,24170.8,23955,24142
1763690400,24143,24173,24033.6,24077
1763704800,24078.3,24152.7,23966.8,23970.8
1763719200,23970.8,24227.7,23840.1,24178.8
1763733600,24178.6,24352.8,23863.1,24292.2
1763748000,24293,24538.2,24145.8,24289
1763935200,24452.6,24470.6,24346.7,24391.1
1763949600,24391.8,24464.3,24373.8,24437.4
1763964000,24438,24504.8,24307.4,24364.4
1763978400,24364.6,24505.6,24304,24440.4
1763992800,24439.4,24885.7,24436.8,24866.2
1764007200,24866.5,24939.4,24839.4,24909.5
1764021600,24916.6,24932.2,24865.2,24869.6
1764036000,24869.8,24905,24859.8,24867
1764050400,24867.2,24885,24768.4,24803.2
1764064800,24803.2,24921.6,24781.8,24829.8
1764079200,24829.9,25010.8,24548.8,24936.2
1764093600,24936.6,25085.8,24888.5,25014.6
1764108000,25022.4,25119.6,25011.4,25114.6
1764122400,25114.3,25151.2,25105.6,25148.4
1764136800,25147.8,25184.6,25086.4,25097.4
1764151200,25098.4,25168.1,25067.6,25163.4
1764165600,25162.6,25324,25084.4,25289.4
1764180000,25289.5,25310.8,25232.2,25265.2
1764194400,25279.8,25290,25255.2,25285
1764208800,25285,25288.6,25256,25274.8
1764223200,25275.2,25279.3,25244.1,25254.2
1764237600,25254.8,25275.9,25241.1,25251.3
1764252000,25251.2,25268.5,25237,25252
1764280800,25258.4,25317,25255.2,25292.4
1764295200,25292.2,25301.3,25288.4,25296
1764324000,25318,25346.8,25314.8,25321.6
1764338400,25322,25445.6,25282,25442.4
1764352800,25442.5,25455.2,25424.4,25426.2
1764540000,25468,25479.2,25221.1,25273.4
1764554400,25273,25282.8,25149.2,25207.6
1764568800,25205.6,25298.1,25188,25236.6
1764583200,25236.6,25288.7,25166.6,25221.6
1764597600,25221.2,25459.4,25164.5,25414.4
1764612000,25414.6,25456.8,25320.8,25365
1764626400,25381.2,25408.6,25343,25377.2
1764640800,25376.7,25396.2,25312.8,25337.2
1764655200,25335.6,25414.8,25288.9,25405.8
1764669600,25405.2,25478.2,25400.6,25470.4
1764684000,25471.2,25633.8,25378.7,25472.4
1764698400,25471.9,25613,25463.4,25567.2
1764712800,25588.6,25613.9,25541.2,25604.6
1764727200,25604.9,25642.2,25601.8,25625
1764741600,25624.7,25641.4,25578.2,25602.4
1764756000,25602.6,25641.8,25570.6,25613.6
1764770400,25613.7,25617.7,25386.3,25593.5
1764784800,25594.2,25653.3,25576.3,25616.2
1764799200,25617.2,25632,25589.4,25608
1764813600,25608.4,25622.6,25581.3,25606.4
1764828000,25606.6,25659.1,25570.6,25651
1764842400,25651.8,25658.1,25585.8,25598.6
1764856800,25598.8,25699.1,25473,25587.7
1764871200,25586.7,25607.7,25458.9,25600.8
1764885600,25608.3,25650.4,25575.8,25648.6
1764900000,25648.7,25691,25646.2,25690.2
1764914400,25690.2,25721.9,25670.3,25685
1764928800,25684.2,25699.6,25547,25581.6
1764943200,25580.6,25834.4,25578.6,25699.7
1764957600,25699.2,25728,25647.2,25701.8
1765144800,25713,25738.6,25668.2,25735.9
1765159200,25735.8,25771.5,25729.8,25762
1765173600,25761.8,25788.3,25736,25741.6
1765188000,25742,25800.3,25729.8,25777.8
1765202400,25778.6,25828.1,25567,25656.4
1765216800,25656.5,25683.1,25541,25683.1
1765231200,25681,25704.4,25661.2,25667.7
1765245600,25667.6,25683.9,25638.6,25638.8
1765260000,25639.2,25688,25622.6,25632.2
1765274400,25631.7,25668,25577.8,25591.9
1765288800,25592.4,25711.6,25535.8,25696.2
1765303200,25695.8,25714.3,25653.5,25658.2
1765317600,25663.7,25671.9,25618.4,25634.2
1765332000,25634.6,25687.9,25633,25660
1765346400,25660.2,25723.8,25659.6,25687.6
1765360800,25687.6,25711.8,25594,25651.2
1765375200,25652,25661,25507.4,25644.7
1765389600,25643.7,25849,25574.9,25781.2
1765404000,25764.2,25770,25631.5,25639.9
1765418400,25639.3,25641,25363.5,25494
1765432800,25494.5,25602.9,25452,25583.2
1765447200,25584.6,25680.6,25560.2,25623.6
1765461600,25624.2,25660.7,25370.7,25575.4
1765476000,25574.7,25844.6,25565.7,25818
1765490400,25696.8,25715,25624.4,25660.1
1765504800,25660.3,25685.4,25635.8,25672.8
1765519200,25672.8,25686,25544.2,25569.6
1765533600,25570,25608,25514.8,25607.2
1765548000,25607.6,25614.5,25099.8,25261.3
1765562400,25261.8,25353.1,25130.3,25191.2
1765749600,25223.8,25247.2,25115.8,25245.4
1765764000,25245.2,25266.1,25216,25259.8
1765778400,25258.8,25315.8,25213.7,25307.9
1765792800,25307.7,25365.9,25299.8,25362.8
1765807200,25362.4,25391.6,25017.6,25117.6
1765821600,25116.9,25182.8,25074.8,25111.2
1765836000,25120.6,25136.8,24877.6,24916.2
1765850400,24917.2,24950.2,24868.1,24877.8
1765864800,24879.6,24996.2,24838.8,24947.8
1765879200,24947.9,25147.6,24932.8,25017
1765893600,25017.2,25172.8,24944.4,24965.5
1765908000,24965.6,25232.6,24938.2,25114.2
1765922400,25129.5,25150.8,25055.6,25146.2
1765936800,25145.6,25169,25080.8,25141.6
1765951200,25140.6,25258.8,25140.6,25252.9
1765965600,25251.9,25296.6,25186,25253.4
1765980000,25254,25270.3,24772.2,24822.4
1765994400,24821.8,24877.9,24697.3,24770
1766008800,24795.3,24806.6,24710.6,24771.2
1766023200,24772.2,24820.9,24711.8,24794.2
1766037600,24793.4,24906.4,24763.2,24904.8
1766052000,24905.5,25072.6,24873.8,25031.8
1766066400,25031.6,25220.7,24970.5,25165
1766080800,25165.3,25211.8,25002.5,25028.6
1766095200,25054.4,25085.8,25018.7,25075.4
1766109600,25073.8,25130.4,25045.3,25100
1766124000,25100.4,25202.1,25075.9,25192.6
1766138400,25192.4,25193.2,25082.6,25131.6
1766152800,25132.2,25408.8,25107.4,25386.8
1766167200,25386.3,25407.8,25353.3,25399.4
1766354400,25464.4,25502.9,25437.9,25494.8
1766368800,25494.6,25505.1,25468.6,25480.1
1766383200,25480,25531.4,25480,25518.4
1766397600,25518.8,25562.8,25503.4,25558.9
1766412000,25559.4,25600.3,25435.7,25534
1766426400,25533.9,25534.6,25486,25511.4
1766440800,25520.3,25542.5,25508.6,25523.2
1766455200,25523,25550.8,25490.4,25490.8
1766469600,25490,25540.8,25466.4,25531.4
1766484000,25531.6,25537.3,25421.3,25432.8
1766498400,25432.8,25589.9,25421.8,25569.6
1766512800,25569.3,25637.6,25566.8,25629.2
1766527200,25620.9,25640.4,25616,25622.6
1766541600,25622.2,25626.9,25592.8,25605.8
1766556000,25605.7,25621.7,25598.2,25613.8
1766570400,25613.4,25646.2,25600.7,25637.7
1766584800,25637.6,25708,25599,25694.2
1766599200,25694.3,25697.8,25668.9,25676.7
1766700000,25692.4,25732.6,25682,25706
1766714400,25705.8,25718.8,25687.6,25692
1766728800,25692,25696.8,25659.4,25692.4
1766743200,25692.4,25739.3,25683.2,25713.1
1766757600,25713.2,25751,25650.7,25693.5
1766772000,25694,25720.6,25676.2,25676.6
1766959200,25695,25714.6,25657.6,25663.6
1766973600,25663.6,25688.6,25639.2,25641.8
1766988000,25641.4,25664,25553.4,25584.4
1767002400,25584.4,25597.8,25482.6,25515.2
1767016800,25516.4,25640,25478.2,25531.1
1767031200,25531,25605.2,25512,25575
1767045600,25570.8,25575.6,25527.6,25555.4
1767060000,25555.5,25586,25532.4,25575.6
1767074400,25574.6,25583.4,25516,25570.4
1767088800,25570,25576.7,25522.6,25545
1767103200,25545.2,25625,25505.3,25563
1767117600,25563.3,25578.3,25502.8,25510.2
1767132000,25522.7,25522.7,25421.8,25451.2
1767146400,25451.4,25469,25428,25432.6
1767160800,25432.4,25442.6,25386.1,25402.2
1767175200,25402,25548.2,25394.3,25536.6
1767189600,25535.6,25550,25376,25419
1767204000,25418.7,25471.6,25268.3,25268.6
1767304800,25310.9,25390.7,25284.4,25390.2
1767319200,25390,25477.4,25389.6,25473.4
1767333600,25473.2,25572.7,25459.2,25567.8
1767348000,25568.8,25577.2,25514.2,25526.8
1767362400,25526.7,25638,25129,25162.2
1767376800,25161.3,25295.2,25103.7,25231
1767564000,25277.8,25325.4,25245.2,25296.4
1767578400,25296,25335.2,25291.6,25333
1767592800,25333,25394.1,25293.6,25350.2
1767607200,25349.8,25430,25349,25413.8
1767621600,25415,25547.9,25377.2,25474
1767636000,25473.4,25479,25396.6,25424.4
1767650400,25439.2,25449.5,25400,25444.6
1767664800,25445.8,25500,25439.8,25490.4
1767679200,25490.3,25520.8,25374.3,25432.6
1767693600,25432.8,25496.8,25418.8,25463.8
1767708000,25463.6,25634.1,25439.8,25608.1
1767722400,25608.6,25686.3,25594.3,25679.8
1767736800,25677.8,25693,25660.4,25665.2
1767751200,25664.8,25681,25624.1,25631.8
1767765600,25632.4,25648.1,25575.6,25602
1767780000,25601.7,25642.1,25576.7,25637.1
1767794400,25636.8,25846.8,25610.6,25821.3
1767808800,25820.8,25829.3,25665.1,25686
1767823200,25693.4,25697.5,25657.4,25688.2
1767837600,25688,25690.6,25588.2,25588.6
1767852000,25589.6,25654.6,25521.8,25620
1767866400,25619.9,25668.6,25590.6,25650
1767880800,25650.2,25661.5,25420.5,25535.3
1767895200,25535.6,25596.2,25451.4,25570.4
1767909600,25571.8,25580.9,25481.6,25505.8
1767924000,25505.6,25549,25503.4,25547.4
1767938400,25546.8,25579.6,25506.3,25575.8
1767952800,25576.8,25661.4,25568.2,25658.8
1767967200,25658.5,25790.5,25470,25777.8
1767981600,25777.5,25840.3,25736.9,25786.6
1768168800,25759.4,25776.7,25578.6,25633
1768183200,25633,25633.2,25532,25554.2
1768197600,25554.8,25605,25488.6,25553.2
1768212000,25553.1,25617.4,25541.2,25598.3
1768226400,25598.6,25828.5,25575.1,25822.8
1768240800,25823.3,25877.9,25793.6,25803.4
1768255200,25799,25802.5,25707.3,25740.4
1768269600,25741.2,25768.3,25722.8,25762.6
1768284000,25764,25797.6,25754.4,25770.8
1768298400,25769.8,25906.4,25732,25831.6
1768312800,25831.3,25903.6,25671,25740.3
1768327200,25739.5,25790.3,25667.3,25762.4
1768341600,25773.5,25786.4,25741.2,25748.4
1768356000,25748.4,25787.7,25715.2,25718.2
1768370400,25718.4,25740.5,25697.9,25714.2
1768384800,25715.2,25715.2,25563.8,25616.4
1768399200,25616.9,25652.1,25299.3,25317.4
1768413600,25316,25525.3,25288.8,25474.8
1768428000,25455.8,25510.2,25430.4,25497.2
1768442400,25498.2,25515.2,25437.2,25489.8
1768456800,25489.6,25700.3,25478.8,25680
1768471200,25679.8,25784,25667.8,25761
1768485600,25761.4,25819.8,25671.4,25721.8
1768500000,25720.6,25778.4,25549.2,25575.4
1768514400,25587.8,25651.2,25572.4,25637.8
1768528800,25637.6,25688.2,25631.2,25676
1768543200,25675,25713.4,25663.9,25683.4
1768557600,25684.2,25740.5,25670.4,25694.1
1768572000,25694,25759,25459.7,25532
1768586400,25532,25619.5,25525.7,25552.6
1768773600,25323.5,25341.2,25247.6,25270.7
1768788000,25270.8,25295.6,25236.2,25265.6
1768802400,25265.5,25285.8,25134.2,25152.4
1768816800,25152.6,25220.5,25129.4,25192.8
1768831200,25192.2,25296.6,25108.4,25283.4
1768860000,25280.8,25312.1,25204.6,25300.1
1768874400,25299.6,25318,25247,25262.6
1768888800,25262.3,25270.2,24976.2,25014.9
1768903200,25014.8,25163.4,24989.6,25092.2
1768917600,25090.6,25311.1,25081.6,25176.6
1768932000,25177.2,25195.3,24983,25028.2
1768946400,25034,25102.6,24987.8,25086
1768960800,25086.4,25111.4,25052.3,25104.2
1768975200,25103.2,25130.6,25012.8,25013.4
1768989600,25013.6,25072.3,24910.6,24968.1
1769004000,24967.8,25380.6,24957.1,25132.3
1769018400,25132.2,25539.3,25038,25395
1769032800,25431.8,25487.2,25410,25480.8
1769047200,25481.4,25489.2,25414.5,25420.2
1769061600,25419.2,25602.4,25370,25585.2
1769076000,25585.6,25626.2,25545.9,25622.8
1769090400,25622.8,25625.6,25425.4,25599.4
1769104800,25599.7,25608.7,25472.4,25508.6
1769119200,25481.4,25575.6,25466.4,25574.2
1769133600,25575,25602.2,25553.2,25601
1769148000,25601,25619.4,25428.4,25446.6
1769162400,25445.2,25545.7,25438,25459.2
1769176800,25458.2,25733.4,25444.8,25583.6
1769191200,25582.8,25664.3,25562.1,25567.4
1769378400,25341.7,25558.2,25315.7,25539.4
1769392800,25538.4,25565.6,25486.1,25564.2
1769407200,25564.2,25631.4,25472.1,25508
1769421600,25507.2,25610.8,25503.4,25606.4
1769436000,25606,25820.7,25593.8,25780.3
1769450400,25780.5,25827.6,25730.7,25755.5
1769464800,25743.1,25822.4,25737.9,25819.2
1769479200,25818.9,25906.2,25818.2,25904.9
1769493600,25904.4,25924.6,25864,25871
1769508000,25870.6,25939.1,25867.2,25887.1
1769522400,25887,26003.2,25814.1,25960
1769536800,25960.1,26016,25936.5,26007.2
1769551200,26031.7,26126,26024.3,26102.8
1769565600,26102.8,26146.5,26090.6,26143.4
1769580000,26167.5,26246.4,26150.1,26182.6
1769594400,26182.7,26224,26153,26171.5
1769608800,26171,26196.2,26000.1,26040.1
1769623200,26040,26187,25896.4,26166.6
1769637600,26187.4,26192.8,25984.6,26027.6
1769652000,26027.8,26148.3,26021.4,26132.6
1769666400,26132.6,26179,26109.2,26110.2
1769680800,26109.7,26135.6,26049.6,26093.4
1769695200,26093.3,26095.4,25435,25664.4
1769709600,25664,25943.2,25661.9,25894.8
1769724000,25904.6,25920,25698,25753.9
1769738400,25754.6,25797.3,25637.9,25734.4
1769752800,25735.6,25740.4,25551.4,25598.4
1769767200,25597.8,25806.7,25595.7,25727.6
1769781600,25727.6,25840.4,25579.9,25580.7
1769796000,25581,25682.4,25470.4,25549.8
1769983200,25426.6,25548.7,25277.8,25310.8
1769997600,25311.4,25353.4,25120.6,25153.2
1770012000,25153.2,25366.4,25084.4,25357.2
1770026400,25357,25443.4,25294.4,25432.4
1770040800,25432.9,25844.8,25423.9,25827.1
1770055200,25827.8,25859.6,25733,25786
1770069600,25794.6,25901.6,25777.8,25870.8
1770084000,25870.4,25907.2,25811.9,25898.4
1770098400,25899,25938.6,25869.4,25880.4
1770112800,25880.6,25913.8,25834.2,25878.2
1770127200,25878.4,25887.8,25256,25298.2
1770141600,25298.1,25393.4,25130.3,25335.6
1770156000,25300.8,25371.4,25280,25356.2
1770170400,25357.6,25390.2,25316.2,25360
1770184800,25359.6,25431.6,25272.2,25319.8
1770199200,25319.9,25407.8,25259.6,25274.8
1770213600,25274.6,25305.4,24700.8,24791
1770228000,24791.2,25037,24736.2,25004.2
1770242400,24987.4,25087.9,24949.8,25041.6
1770256800,25043.2,25053,24834.4,24914.8
1770271200,24914.8,25042.6,24896.8,24948.2
1770285600,24948.6,25010.1,24626.6,24685.8
1770300000,24686,24878.6,24463.5,24701.4
1770314400,24701.8,24762.8,24331.3,24354.4
1770328800,24366.1,24459.6,24165.2,24454.5
1770343200,24454.6,24521.3,24351.3,24506.8
1770357600,24505.2,24706.8,24415.2,24673.8
1770372000,24674.5,24797,24636.5,24722.8
1770386400,24721.8,25034.2,24625.2,25017.8
1770400800,25018.2,25146.5,24981,25028.4
1770588000,25118.7,25270.2,25100.9,25141
1770602400,25140.8,25187.2,25100.8,25138.8
1770616800,25139.4,25145.4,24998.4,25011.2
1770631200,25011.4,25079.4,24891.6,25002.8
1770645600,25003.2,25347.4,24879.4,25286.3
1770660000,25285.5,25359.8,25242.9,25292.4
1770674400,25314.4,25325.8,25230.6,25265.2
1770688800,25265,25288,25209.1,25281.9
1770703200,25282,25335,25222.1,25294
1770717600,25293.8,25351.8,25223,25302.4
1770732000,25302.9,25376.8,25186.3,25315.6
1770746400,25315.5,25317,25130,25186.7
1770760800,25204.8,25257.3,25197.8,25247.4
1770775200,25247.5,25276.5,25211.2,25218.6
1770789600,25220,25247.8,25135.8,25136.6
1770804000,25135.8,25382.6,25078.8,25375.2
1770818400,25374.2,25396.8,24990,25198.6
1770832800,25199,25294.5,25135,25218.8
1770847200,25203,25248.5,25140.4,25234.6
1770861600,25234.6,25278.4,25202.8,25272.6
1770876000,25272.3,25303.1,25226.4,25288.8
1770890400,25288.8,25353.8,25254.6,25329.4
1770904800,25330,25333.6,24742.8,24762
1770919200,24762,24880.3,24658.4,24759.6
1770933600,24759,24797.4,24643.2,24720.6
1770948000,24719.4,24765.6,24625.4,24646
1770962400,24646.4,24741.6,24577.2,24707.9
1770976800,24707.6,24756.4,24554.4,24715.4
1770991200,24714.2,24931.8,24513.2,24876
1771005600,24876.6,24933.4,24670,24720
1771192800,24761.3,24806.8,24692.9,24798.9
1771207200,24798.3,24810.4,24733,24749.2
1771221600,24749.8,24859.6,24732.2,24847.9
1771236000,24847.8,24850,24779.8,24782.4
1771250400,24782.6,24782.9,24609.4,24678.8
1771279200,24701.8,24781.1,24591.3,24607.5
1771293600,24606,24624.6,24498.6,24522.3
1771308000,24523.5,24666.2,24523.4,24626.4
1771322400,24626.3,24643.4,24458.6,24552.4
1771336800,24551.6,24755.6,24389.4,24637.2
1771351200,24637.6,24837,24589.3,24721.4
1771365600,24710,24715.8,24649.4,24691.8
1771380000,24691.9,24792,24683.2,24772.6
1771394400,24773.8,24888.8,24750,24856.8
1771408800,24857.3,24909.6,24764.6,24775.6
1771423200,24775.8,25076.4,24699.8,25046.4
1771437600,25045.9,25075.4,24804.5,24886.2
1771452000,24901.2,24939.5,24861.2,24917.8
1771466400,24916.2,24949.2,24885.4,24941.2
1771480800,24941.2,24998.4,24795.6,24837.6
1771495200,24837,24847.2,24743.4,24799.2
1771509600,24798.6,24904,24708,24728
1771524000,24727.8,24818.8,24696.8,24783.8
1771538400,24781,24882.2,24773.4,24853.7
1771552800,24854.6,24894.6,24825.9,24890.2
1771567200,24890.8,24931.4,24844.1,24883.6
1771581600,24883.7,24893.8,24670.3,24717
1771596000,24716,25086.3,24626,24981.8
1771610400,24982,25071.2,24878.8,25028
1771797600,24998.8,25007,24782.4,24792.9
1771812000,24792.6,24812.4,24756.9,24788.2
1771826400,24787.8,24953,24782,24932.6
1771840800,24933.6,24950.6,24833.6,24884.1
1771855200,24884.2,24989,24617.5,24701.7
1771869600,24701.2,24777.2,24635.9,24744
1771884000,24745.9,24792.2,24726.2,24779.2
1771898400,24779,24844.4,24773.8,24797.4
1771912800,24797.2,24825.6,24717.8,24804
1771927200,24804.2,24857.3,24753.6,24834
1771941600,24834,25032.9,24651.5,25006.1
1771956000,25005.8,25037.8,24948.1,24980.9
1771970400,24970.5,25072.3,24952.6,25063.2
1771984800,25063,25073.8,24953.8,25000
1771999200,25000.2,25050,24977.6,25041.6
1772013600,25041.8,25125,25025,25109.8
1772028000,25110.5,25320.2,25089.6,25313.2
1772042400,25313.8,25455,25295.5,25419
1772056800,25373.8,25378.8,25225.8,25277.4
1772071200,25276.2,25284.1,25244.1,25268.6
1772085600,25270.4,25362.2,25267.6,25339.4
1772100000,25340,25375.8,25306.3,25344.6
1772114400,25344.4,25359,24823,24898.8
1772128800,24898.9,25062.8,24853.6,24996.6
1772143200,24955.6,24997.8,24916.2,24954.1
1772157600,24954.6,25021.6,24946.9,25001
1772172000,25001,25060,24953.3,24991
1772186400,24991,25006,24757,24832
1772200800,24832,25000.6,24744,24909.6
1772215200,24909.4,24986.6,24838.1,24925.8
1772402400,24668.9,24864.6,24654.3,24825.8
1772416800,24825.9,24837.6,24636.8,24640
1772431200,24639.8,24665.8,24441.1,24592.6
1772445600,24592.2,24702.6,24558.9,24584.6
1772460000,24584.8,25039.8,24571.4,25029
1772474400,25029.3,25063.6,24911.2,24960
1772488800,24950.7,24964.6,24832.1,24836.2
1772503200,24835.8,24846.2,24710.9,24728
1772517600,24728.2,24762.6,24409.3,24418.2
1772532000,24419,24568.9,24332.9,24458.4
1772546400,24458.8,24687.5,24314.6,24607.6
1772560800,24607.4,24823.5,24606.6,24686.2
1772575200,24671,24775.6,24604,24648.4
1772589600,24648.8,24675.8,24498.2,24547
1772604000,24547,24744,24472.2,24727.6
1772618400,24727,24899,24693.6,24862.8
1772632800,24862.7,25154,24800.3,25141.9
1772647200,25142.2,25191.8,25068.4,25106.2
1772661600,25127.2,25215.8,25017.2,25043.4
1772676000,25044,25097.8,24998.6,25007.6
1772690400,25008,25178.5,24946.5,25087
1772704800,25087,25129.2,24954.8,24966.8
1772719200,24967.2,25180,24763,24780.4
1772733600,24780,25029.3,24747.6,24983.4
1772748000,24974.2,25067,24971.8,25036.6
1772762400,25039.4,25111.2,25030.2,25088
1772776800,25088.3,25109.8,24852.4,24889.9
1772791200,24890.5,24949.8,24588.7,24615.8
1772805600,24615.6,24891,24581.6,24754.6
1772820000,24754,24868.7,24578,24645
1773003600,24332,24349.2,24066.4,24091
1773018000,24091.3,24109.8,23972.7,24073.4
1773032400,24075,24309.4,24058.3,24285.2
1773046800,24285.3,24467.4,24256.5,24351.8
1773061200,24353,24727.2,24286.1,24687.4
1773075600,24687.7,25034,24555.3,24947.6
1773090000,24926.6,24951,24812.2,24913.8
1773104400,24913.9,24978.3,24834,24883.2
1773118800,24882.6,25125.6,24882.4,25066
1773133200,25067,25113.8,24871.9,24947.6
1773147600,24948,25161.2,24871.4,25137.2
1773162000,25137.6,25198.5,24922,24988.6
1773176400,24979.5,25066.1,24931.6,25041.6
1773190800,25042.5,25103.4,25031.6,25071.4
1773205200,25071,25075.6,24914.6,24945.8
1773219600,24946.2,25029.2,24876.2,24925.4
1773234000,24925,25159.8,24875,24990.2
1773248400,24989.8,25008.4,24857,24930.8
1773262800,24910,24914.4,24716.4,24773.7
1773277200,24774.4,24824.4,24679.7,24701.6
1773291600,24702.4,24884.6,24700.3,24860.4
1773306000,24860.6,24910.8,24784.6,24816.6
1773320400,24816.6,24835.4,24546.7,24647.2
1773334800,24647.4,24709.2,24502.6,24557
1773349200,24540.6,24624.4,24474.4,24608.4
1773363600,24607.9,24643.4,24546.2,24557.6
1773378000,24558.2,24581.4,24379.9,24495.6
1773392400,24496.2,24716.8,24492.6,24663.8
1773406800,24663.2,24787.2,24371.4,24381.6
1773421200,24381,24459,24324,24328.2
1773608400,24308.7,24509.1,24280.5,24494.4
1773622800,24495.5,24533.6,24453.6,24491
1773637200,24491,24567.4,24481.8,24513.2
1773651600,24512.6,24672.5,24462.3,24642.5
1773666000,24642,24748.6,24597.4,24658.4
1773680400,24659,24802.2,24621.2,24682.9
1773694800,24665.8,24689.4,24612.6,24621.8
1773709200,24621.8,24655.4,24588.1,24643.4
1773723600,24643.7,24660.4,24536.4,24576.8
1773738000,24575.8,24746.8,24575.8,24740
1773752400,24739.6,24922,24737.4,24805.2
1773766800,24804.8,24867,24791.5,24835
1773781200,24823.8,24891.8,24800.2,24888.6
1773795600,24888.8,24957.8,24888.8,24949
1773810000,24949.8,25019.8,24945,24981.2
1773824400,24981,25007.2,24679.6,24689.8
1773838800,24690.8,24807.3,24621.3,24657.5
1773853200,24657,24728.8,24378,24425.6
1773867600,24427.2,24456.6,24375.2,24431.8
1773882000,24432.2,24537.4,24413.2,24442.2
1773896400,24442.2,24460.2,24318.3,24358.2
1773910800,24359.6,24462.4,24236,24259.2
1773925200,24261,24390,24139.2,24272.8
1773939600,24272.5,24509,24195.8,24435.4
1773954000,24463,24474.8,24398.8,24414.4
1773968400,24413.8,24476.6,24401.1,24402.2
1773982800,24402.4,24432,24298.8,24375.1
1773997200,24376.3,24401.8,24136,24312.8
1774011600,24312.2,24343.6,24048.4,24091.8
1774026000,24092,24112,23791.8,24024.4
1774213200,23768.3,23913.8,23738.8,23767.7
1774227600,23768,23891,23755.1,23814.7
1774242000,23814.6,23851.7,23591.7,23750
1774256400,23750.6,24580.4,23634,24427
1774270800,24427.6,24507.6,24131.8,24192.4
1774285200,24192,24359.6,24135,24225.4
1774299600,24218.6,24312.9,24091,24147.6
1774314000,24147.6,24150.1,24046.3,24081
1774328400,24080.2,24330.1,24017.3,24201.4
1774342800,24201.2,24257.6,24088.6,24103.4
1774357200,24103,24207.8,23958.2,24109.8
1774371600,24109.8,24376,23989.5,24236.3
1774386000,24261.4,24322.2,24209.1,24276.8
1774400400,24277,24296.5,24148.9,24246.8
1774414800,24246.8,24362.5,24152.8,24267.8
1774429200,24268.4,24367.9,24201.5,24276.4
1774443600,24277.8,24354.2,24115.4,24250.2
1774458000,24249.8,24321.8,24140,24197.2
1774472400,24189.8,24237.9,24112.2,24182.8
1774486800,24183.8,24248.8,24077.4,24152.9
1774501200,24153,24168.2,23982.4,24021.9
1774515600,24022.4,24030.2,23903.1,23945.8
1774530000,23947.2,24068.8,23805.2,23832.8
1774544400,23832.8,23858.6,23598.5,23657.8
1774558800,23688.8,23741.2,23641.4,23652.2
1774573200,23652.5,23755,23640.9,23751.2
1774587600,23751,23810,23606,23613.8
1774602000,23614.1,23647.4,23431.8,23448.4
1774616400,23449.4,23498.2,23275.2,23316.6
1774630800,23316.4,23370.2,23075.2,23104.2
1774818000,23020.4,23104.9,22936.9,22993
1774832400,22993,23198.2,22978.3,23163
1774846800,23162.8,23291.8,23162,23285.6
1774861200,23285.6,23413.6,23216.2,23348.6
1774875600,23347.9,23380.2,23104.8,23140.3
1774890000,23140.1,23158.5,22876.5,22955
1774904400,22982.4,23134.8,22813,23052.6
1774918800,23052.8,23256,23011.5,23134.8
1774933200,23133.4,23241.4,23085.4,23163.2
1774947600,23164.2,23286.8,23089.3,23221
1774962000,23221.1,23708.6,23208.8,23625.8
1774976400,23626.8,23823.4,23598.8,23746.8
1774990800,23759.4,23896.4,23755,23884
1775005200,23884.2,23890.6,23804.6,23861
1775019600,23861.1,24029.4,23855.6,23919.3
1775034000,23919.4,24090.2,23852.2,23909.8
1775048400,23909.9,24177.2,23885.4,24165.4
1775062800,24166.2,24194.3,23971,24036.6
1775077200,24022.8,24089.6,23998.8,24081.4
1775091600,24080.7,24083.9,23639.4,23648.2
1775106000,23649.6,23726,23596.5,23678.7
1775120400,23680,23703.8,23511,23569.8
1775134800,23569.4,24072.5,23522.8,23968.7
1775149200,23968.6,24081.6,23911.2,24062.6
1775163600,24051.8,24102.5,24026,24073.4
1775178000,24073.5,24079,23999.1,24015
1775192400,24014.8,24041,23968,23997.3
1775206800,23997.5,24089.2,23960.5,23965.2
1775221200,23965.3,23985.2,23954.1,23976.6
1775422800,23881.4,24062.9,23829,24056.7
1775437200,24057.2,24174.2,23976.2,24100.6
1775451600,24101,24240.5,24055.2,24217.5
1775466000,24217.6,24245.6,24112,24154.4
1775480400,24154.4,24299,24094,24175.4
1775494800,24175.5,24241.6,24070.2,24214.2
1775509200,24224.1,24249.5,24144.8,24169.1
1775523600,24169.6,24176.8,24019.5,24113.8
1775538000,24113.6,24249.2,24071.2,24226.8
1775552400,24225.4,24287.3,24000.4,24082
1775566800,24082.4,24170.3,23808.2,24062.4
1775581200,24062.8,24311.1,23937.3,24262.1
1775595600,24461.4,24962.2,24223.4,24941.3
1775610000,24940.9,25017,24908,24985.4
1775624400,24986.2,25081.6,24979.2,25076.4
1775638800,25075.8,25117.2,25016,25073.8
1775653200,25074.1,25109.8,24789,24998.3
1775667600,24998.4,25012.8,24799.6,24897.2
1775682000,24913.2,24920.2,24855.6,24867.6
1775696400,24867.6,24905.4,24836.8,24870
1775710800,24870,24913.8,24809,24828.6
1775725200,24828.4,24919,24820,24884.8
1775739600,24884.7,25122.4,24816.5,25054.8
1775754000,25055.1,25127,25004,25096.8
1775768400,25093.3,25135.1,25051.4,25129.1
1775782800,25129,25160.2,25112.3,25127.6
1775797200,25127.8,25142.9,25061.4,25067
1775811600,25067.2,25238.5,25064,25162.2
1775826000,25162.3,25251.1,25080.3,25123.2
1775840400,25123.3,25186.6,25081.3,25184.2
1776027600,24832.6,24914.2,24781.4,24914
1776042000,24913.8,24953.2,24909,24938.9
1776056400,24938.8,24988.4,24918.2,24956
1776070800,24956.2,25052.4,24931.9,25026.2
1776085200,25026.1,25300.7,25015.1,25276.5
1776099600,25277.4,25451.6,25261.8,25450.8
1776114000,25436.2,25484.1,25425.6,25457
1776128400,25456.6,25463,25437.7,25459.5
1776142800,25459.4,25529.8,25430.2,25528.4
1776157200,25528.4,25582.8,25486,25541.7
1776171600,25541.8,25803,25517.6,25779
1776186000,25779.3,25867.8,25750.5,25855.6
1776200400,25855.5,25900.5,25849.2,25883.4
1776214800,25883.2,25907.3,25855.8,25878.4
1776229200,25878.5,25921.8,25831.8,25897
1776243600,25896.6,25908.1,25799.8,25854.6
1776258000,25855,26117,25844.8,26010
1776272400,26009.8,26242.5,26002.2,26223.8
1776286800,26214.2,26310,26212.7,26303.4
1776301200,26303.2,26330.5,26291.9,26300
1776315600,26300.1,26352,26277.6,26305.8
1776330000,26305.9,26330.6,26230.2,26267.2
1776344400,26267.4,26429.3,26141.8,26340.2
1776358800,26340.7,26376.2,26222.4,26335.7
1776373200,26322.2,26362.8,26320.3,26353.8
1776387600,26353.7,26364.2,26316.8,26329.8
1776402000,26330.2,26386.9,26310.4,26385.6
1776416400,26385.7,26612.2,26372.4,26608.6
1776430800,26608.6,26749.5,26496.6,26726.5
1776445200,26726.2,26744.2,26603.4,26708
1776632400,26407.4,26549.2,26404,26523.8
1776646800,26524.1,26581.8,26520.8,26542.6
1776661200,26542.8,26588.1,26479.8,26563.1
1776675600,26563.6,26642.1,26547.6,26617.8
1776690000,26618.2,26692.8,26436.7,26555.3
1776704400,26555.4,26685.9,26536.5,26651.8
1776718800,26655,26713.6,26652.8,26700.6
1776733200,26700.6,26713.4,26667.4,26701.4
1776747600,26701.2,26732.8,26673.2,26712.8
1776762000,26712.8,26777.4,26681.6,26696.8
1776776400,26696.8,26761,26538.4,26549.4
1776790800,26549.1,26672,26430.7,26613
1776805200,26626.2,26695.8,26612.1,26675.4
1776819600,26675.6,26710.8,26653,26655.8
1776834000,26655.8,26742.6,26646.2,26698.2
1776848400,26698.4,26778.9,26684.4,26700.2
1776862800,26700,26886.1,26690.7,26845.9
1776877200,26845.8,27014.4,26845.8,26987
1776891600,26965.2,26979,26728.1,26939.4
1776906000,26939.5,26942.4,26745,26835.2
1776920400,26835.4,26893.6,26797.7,26807.2
1776934800,26807.4,26959.1,26769.8,26888.8
1776949200,26888.6,27035.1,26844.2,26967.4
1776963600,26967.9,26978.1,26561.2,26826.6
1776978000,26901.6,27015.4,26889.7,26999
1776992400,26999.2,27007.2,26896.8,26933.9
1777006800,26933.8,27033,26911.1,26974.4
1777021200,26974.6,27243.9,26943.6,27117.2
1777035600,27117.2,27309.6,27010,27292.8
1777050000,27292.6,27345.6,27250.3,27323.4
1777237200,27267.8,27355,27226.8,27338.6
1777251600,27339.4,27424.4,27339.1,27400.8
1777266000,27401.2,27402.8,27271.4,27323.2
1777280400,27323.3,27383.3,27273.3,27302.4
1777294800,27302.2,27315.8,27181.8,27281.2
1777309200,27281.4,27342.5,27271.2,27312
1777323600,27326.4,27402.3,27320.2,27358.2
1777338000,27358.8,27375.2,27276.8,27307.8
1777352400,27307.8,27313.8,27193.2,27242.6
1777366800,27242.8,27245.5,26927,27039.2
1777381200,27039,27141.6,26902.8,26978.6
1777395600,26978.8,27119.1,26942.2,27085.6
1777410000,27112.2,27188.4,27103.6,27158.4
1777424400,27158.8,27206.7,27086.2,27192
1777438800,27192.6,27212.2,27093,27135.8
1777453200,27136,27182.9,27086.8,27119.8
1777467600,27119.9,27210,27019.1,27095.8
1777482000,27096.3,27310.1,26992.1,27055.6
1777496400,27134.8,27519.6,27132.5,27491.6
1777510800,27491.8,27498.2,27127.8,27129.6
1777525200,27130.6,27292.8,27082,27256.6
1777539600,27256.4,27441.8,27227.6,27420.4
1777554000,27420.6,27436.2,27059.9,27268.8
1777568400,27269.1,27520.2,27268.1,27504
1777582800,27520.4,27543.3,27454.2,27522.6
1777597200,27522.8,27571,27510.7,27525.6
1777611600,27525.4,27537,27452.4,27464
1777626000,27464.2,27522.8,27433.9,27474.4
1777640400,27474.6,27815.2,27472.9,27729.9
1777654800,27729.2,27799.3,27654,27685.4
1777842000,27801.2,27807.7,27700.6,27791.2
1777856400,27791,27851,27757.2,27836.8
1777870800,27837,27864.4,27763,27792.3
1777885200,27792.4,27821.9,27561.6,27743
1777899600,27744.2,27839.2,27522.2,27612.3
1777914000,27611.3,27724.6,27610.6,27651.4
1777928400,27676.6,27697.6,27636.8,27689.7
1777942800,27689,27763.4,27672.4,27732
1777957200,27730.8,27845.1,27722.8,27833.2
1777971600,27833.1,27910.2,27804.1,27877.4
1777986000,27877.8,28058.6,27875.6,28031.6
1778000400,28031.7,28153,28014.4,28116.4
1778014800,28161.2,28326,28154.8,28181.9
1778029200,28182,28250.7,28169.2,28242
1778043600,28241.8,28423.2,28206.4,28389
1778058000,28389.2,28540,28321.4,28363.8
1778072400,28363,28509,28243.2,28447
1778086800,28447.6,28707.5,28436.6,28613.8
1778101200,28579.4,28603.8,28545,28569.8
1778115600,28569.8,28623.7,28546,28612
1778130000,28612.2,28722.4,28602.4,28644.7
1778144400,28644.8,28670.4,28600.1,28662.8
1778158800,28662.6,28852.5,28546.7,28606.6
1778173200,28606.5,28675.8,28463.8,28548.6
1778187600,28481.3,28654.3,28479.9,28652.4
1778202000,28652.5,28702.7,28617.2,28686.8
1778216400,28687,28776.4,28686.4,28769.6
1778230800,28769.6,28883.4,28739.2,28820
1778245200,28820.2,29156.5,28770.8,29149.6
1778259600,29149.7,29291.8,29143.8,29241
1778446800,29212.4,29306.2,29133.3,29202.7
1778461200,29202.8,29267.6,29157.8,29248.4
1778475600,29248.6,29261.2,29170.8,29204.2
1778490000,29204.4,29295.4,29166.8,29204.6
1778504400,29204.6,29386.7,29154.8,29319.6
1778518800,29319.9,29391,29238.8,29311.7
1778533200,29332.7,29370.5,29268,29293.2
1778547600,29293.2,29306.2,29142,29197
1778562000,29197.1,29217.8,29088.6,29129.2
1778576400,29128,29162.2,29028.6,29137.8
1778590800,29137.2,29210.4,28661.6,28668.3
1778605200,28668.6,29107.1,28668.2,29055.6
1778619600,29061.4,29105.2,28974.8,29063.2
1778634000,29063.2,29215.8,29061,29205.8
1778648400,29205.6,29365.4,29194,29331.2
1778662800,29331.4,29344.8,29118.8,29154.4
1778677200,29156.2,29383.2,28994,29368
1778691600,29369.2,29485.2,29362,29458
1778706000,29452.4,29612.4,29448.4,29601
1778720400,29599,29602.4,29434.4,29486.8
1778734800,29487,29560.4,29455.4,29496.2
1778749200,29496.4,29513.1,29398.2,29414.3
1778763600,29414.4,29704,29368.3,29650.2
1778778000,29649.8,29676.4,29517.4,29602.2
1778792400,29613.6,29650.4,29554.6,29601
1778806800,29600.6,29608.4,29370.3,29379.2
1778821200,29379.4,29385.8,29103.8,29182.3
1778835600,29182.2,29286.6,29060,29108
1778850000,29108,29299.2,29006.8,29240
1778864400,29240.6,29408.5,29032.6,29117
1779051600,29130.9,29204.2,28858.9,28954.6
1779066000,28954.7,29037.8,28847.7,28972
1779080400,28971.8,29163.8,28911.9,29162.6
1779094800,29162.1,29340.6,28973.4,29329.4
1779109200,29330.6,29340,28764,28927.6
1779123600,28927.4,29035,28736.4,29002.5
1779138000,29041.2,29112.8,29003.2,29008.2
1779152400,29008.4,29019.6,28829,28885
1779166800,28887.6,29049.7,28809.7,28929.8
1779181200,28929.6,28930.2,28757.5,28837.2
1779195600,28836.3,28992.2,28587.8,28956.2
1779210000,28956.6,29060.3,28802.2,28829.2
1779224400,28854.1,28958,28731,28872.8
1779238800,28872.4,28950.9,28773.5,28816.9
1779253200,28817,29070.4,28816.5,29032.9
1779267600,29032.5,29103.2,28998,29038.4
1779282000,29038.2,29329.2,28942.2,29196.7
1779296400,29197.2,29332,29165.2,29222.8
1779310800,29199.4,29210.8,29046.4,29152.9
1779325200,29152.8,29356.2,29152.8,29350.9
1779339600,29352.9,29394.6,29138.3,29305.6
1779354000,29305.6,29360.8,29117.4,29125.4
1779368400,29124,29270.4,29059.4,29192.2
1779382800,29192.2,29489.8,29192.2,29390.6
1779397200,29406.2,29538.8,29404.3,29501
1779411600,29500.8,29533.4,29429.2,29528.2
1779426000,29528,29600.7,29464.1,29501
1779440400,29501.1,29531.4,29373.8,29529.4
1779454800,29529.8,29651.2,29426,29610
1779469200,29610.1,29686,29440.6,29466
1779656400,29687.2,29874.2,29682.5,29853.8
1779670800,29853.8,29926.8,29841.8,29913
1779685200,29912.8,29932.8,29828.1,29901.2
1779699600,29901.6,29928.4,29876.6,29880.4
1779714000,29880,29932.1,29848.6,29898.8
1779742800,29859.8,29889,29739.2,29760.4
1779757200,29760.2,29772.6,29709.2,29739.4
1779771600,29739,29784,29682.8,29746.6
1779786000,29746.2,29868.6,29743,29858.8
1779800400,29858.2,30057.4,29765.2,29924
1779814800,29924,30060.5,29903.3,29993.4
1779829200,30020.4,30085.6,29977.7,30078.1
1779843600,30078.2,30107.5,30023.8,30054.4
1779858000,30053.4,30165.5,30004.8,30145
1779872400,30144.4,30327.5,30121.6,30210
1779886800,30209,30219.2,29826.8,29940
1779901200,29940.4,30074,29847,30071.8
1779915600,30066.2,30087.2,29914.7,30022.7
1779930000,30022.9,30032,29715.8,29740.2
1779944400,29740.8,29946.6,29720.6,29935.4
1779958800,29935.8,30018.8,29817.4,30007.4
1779973200,30007.6,30283.9,29872.1,30281.1
1779987600,30281.6,30296.6,30229.6,30270
1780002000,30301.6,30314.6,30187.6,30200.6
1780016400,30200.4,30259.4,30169.4,30250.6
1780030800,30250.8,30303.2,30219.3,30268.6
1780045200,30268.4,30324.6,30249.9,30302
1780059600,30302.1,30488.6,30223,30353.2
1780074000,30353.2,30400.4,30247,30344.4
1780261200,30389.2,30510,30317,30496
1780275600,30496.4,30549.4,30477.6,30529
1780290000,30528.8,30547.4,30399.2,30454.6
1780304400,30454.8,30467.6,30371,30404.6
1780318800,30404.7,30548.6,30247,30545.3
1780333200,30545.4,30656.2,30471.4,30491.2
1780347600,30475,30478.9,30327,30337
1780362000,30336.6,30408.4,30281.6,30407
1780376400,30407.2,30532.2,30394.2,30512.2
1780390800,30510.9,30549.8,30467,30493
1780405200,30494.2,30675.4,30387.6,30655
1780419600,30654.9,30729.5,30564.9,30715.5
1780434000,30699,30723.3,30535,30686.4
1780448400,30686.2,30696.8,30619.6,30668.6
1780462800,30668.6,30717.7,30639,30683.8
1780477200,30683.4,30763.2,30666.8,30683.6
1780491600,30683.8,30773.2,30463,30576.3
1780506000,30576.2,30663.3,30447.6,30465.8
1780520400,30432.1,30465.6,30334.4,30462.2
1780534800,30462.4,30493.8,30316,30460.8
1780549200,30460.7,30507.4,30290,30307.6
1780563600,30307.2,30312,30127.6,30273.6
1780578000,30273.2,30460.4,30115.8,30446
1780592400,30445.9,30569.9,30364.2,30383.8
1780606800,30379.4,30384.7,30094.5,30106
1780621200,30106.2,30211.6,30015.4,30192.8
1780635600,30192.6,30196.2,30025.2,30122
1780650000,30122.2,30221.6,30006.2,30017.5
1780664400,30017.6,30063.4,29348.6,29453.8
1780678800,29453.9,29471.3,28747.6,28798.1
1780866000,28789.8,29253.3,28788.4,29182.8
1780880400,29183.4,29208.8,28990,29055.5
1780894800,29057,29246,28938.4,29142.9
1780909200,29143,29475,29110.1,29451.4
1780923600,29450.4,29708.2,29297.4,29552
1780938000,29552.2,29597.2,29352,29409.6
1780952400,29436.6,29455.7,29278.8,29311.8
1780966800,29313,29605,29304.2,29578.2
1780981200,29578.3,29663.8,29540.9,29616.3
1780995600,29616.4,29712.2,29592.3,29709.6
1781010000,29710.8,29821,28202.2,28454.4
1781024400,28454.3,29169.9,28443.2,29117
1781038800,29016.9,29145.3,28947.4,29052.2
1781053200,29052.2,29090,28846.8,28874.6
1781067600,28874.5,28990.2,28720.2,28739.7
1781082000,28739.2,28969.4,28587.2,28809.4
1781096400,28809.5,29226.2,28608.6,28698.2
1781110800,28698,28813,28392,28448.4
1781125200,28409.4,28552.2,28246.8,28531.2
1781139600,28531.2,28783.2,28514.4,28756.7
1781154000,28758.4,28915.8,28669.5,28890.9
1781168400,28891.4,28902.5,28619.4,28793.7
1781182800,28793,29029.6,28560.3,28753.6
1781197200,28754.1,29525.2,28663.2,29427.6
1781211600,29475.8,29628,29453.4,29572
1781226000,29571.9,29573.4,29450.5,29527
1781240400,29526.8,29550.2,29244.4,29462.9
1781254800,29463.2,29652.9,29371.9,29396
1781269200,29396.2,29744.9,29216.7,29656.6
1781283600,29658.4,29737.8,29566.6,29669
1781470800,30011.3,30157.4,29952.5,30124.8
1781485200,30125.1,30217.9,30111.6,30216.3
1781499600,30216.1,30309.8,30190,30273.1
1781514000,30272.8,30304.4,30191,30265.4
1781528400,30265.3,30597.4,30248.4,30552
1781542800,30551.9,30588.6,30510.4,30528
1781557200,30552.4,30560.1,30451.2,30471
1781571600,30470.9,30552.4,30450.6,30509.2
1781586000,30511,30639.6,30491.1,30621.3
1781600400,30621.4,30669.6,30510.2,30521.4
1781614800,30521,30583.6,30102.8,30211
1781629200,30211.6,30235.8,30009.8,30038.4
1781643600,30090.6,30137.2,30043.4,30118
1781658000,30118.2,30221,30102,30220.7
1781672400,30220.8,30318.8,30199.4,30244.4
1781686800,30244.7,30261,30122.6,30225.1
1781701200,30225.2,30279,30023.4,30143.8
1781715600,30143.4,30265.1,29668.1,29881.2
1781730000,29872.6,30177.1,29841.1,30112
1781744400,30112.6,30183.6,30029.1,30086.6
1781758800,30086.4,30244.1,30067.5,30140.6
1781773200,30141.3,30281.5,30104.4,30260.1
1781787600,30259.6,30462.8,30138.2,30440.2
1781802000,30440,30539.1,30401.3,30480.6
1781816400,30523.8,30525.2,30384.3,30398.8
1781830800,30398.6,30419.4,30165.1,30189.8
1781845200,30190,30416,30145.6,30405.2
1781859600,30405.4,30425.4,30283,30409.3
1781874000,30410.8,30460.5,30382.6,30411.8
1782075600,30335,30377.9,30092.1,30371.5
1782090000,30371.6,30413,30278.8,30337.5
1782104400,30337.6,30535.8,30326.5,30484.8
1782118800,30484.6,30599.2,30453.2,30555.6
1782133200,30555.2,30722.4,30268,30353.6
1782147600,30354,30442.4,30297.6,30435.9
1782162000,30428.4,30463.8,30225.9,30365.9
1782176400,30367,30380.9,29996,30006.3
1782190800,30006.4,30033.1,29541.4,29593.1
1782205200,29594.2,29698.1,29472.6,29499.4
1782219600,29499.3,29811.6,29381.6,29638.6
1782234000,29638.4,29671.2,29352.4,29530.6
1782248400,29550.6,29666,29361,29620.2
1782262800,29621.2,29627,29390.6,29559.6
1782277200,29561,29658.6,29537.9,29593
1782291600,29594.4,29647.3,29509.6,29538.1
1782306000,29538,29681.6,29300,29383.6
1782320400,29384.8,29934.6,29042.6,29867.2
1782334800,29939.8,29945.2,29714.4,29743.6
1782349200,29744.1,29840.6,29702.4,29817.8
1782363600,29818.7,29995.4,29817.2,29897.7
1782378000,29897.8,30040,29876.6,29979.2
1782392400,29981.6,29992.1,29074.6,29464.4
1782406800,29464.6,29702.8,29399.1,29544.6
1782421200,29507.2,29675.6,29388.8,29419.6
1782435600,29419.4,29459.2,28945.2,29053.2
1782450000,29054.4,29345.6,29038.9,29182
1782464400,29182.8,29232.6,29081.4,29098.2
1782478800,29098.5,29498.8,28965.7,29399.2
1782493200,29399.4,29487.6,29042.8,29082.8
1782680400,29116.6,29470.8,29111,29280.6
1782694800,29280.6,29392.8,29176.8,29306.4
1782709200,29306.2,29518.4,29279.6,29448.6
1782723600,29445.8,29546,29407.5,29492.3
1782738000,29492.2,29725.8,29062,29709.1
1782752400,29709.2,29862.1,29709.2,29800.3
1782766800,29776.3,29878.4,29727.9,29802.2
1782781200,29803.6,30001,29743.4,29978.6
1782795600,29978.4,30008.8,29811.8,29862.1
1782810000,29862.2,29967.2,29796.7,29805.4
1782824400,29805.8,30336.2,29789.4,30317.8
1782838800,30317.9,30389.5,30274.6,30287
1782853200,30308.5,30341.2,30286.5,30312.2
1782867600,30312,30318,30155.5,30232.4
1782882000,30232,30251.4,30087.9,30165.7
1782896400,30165.3,30223.8,30022,30055.2
1782910800,30055,30143.3,29876.2,29980.6
1782925200,29980.8,30031.4,29803,29865.8
1782939600,29874.8,29910.8,29746.6,29902.4
1782954000,29903,30032.2,29848.3,29906.7
1782968400,29906.6,29952.4,29619.6,29827
1782982800,29826.8,30112.4,29713.8,29976.4
1782997200,29976.4,30086.2,29234.6,29262.2
1783011600,29262,29388.3,29129.2,29356.2
1783026000,29376.2,29439,29323.7,29338
1783040400,29337.9,29620.6,29334.6,29603
1783054800,29603,29687.8,29590.9,29649.8
1783069200,29648.9,29723,29628.8,29702.8
1783083600,29703,29755.8,29685.5,29706.8
1783285200,29709.9,29806.8,29642.8,29723.3
1783299600,29723.6,29729.8,29481.6,29626.9
1783314000,29626.8,29681.5,29550.9,29667.5
1783328400,29667.4,29734.1,29625,29732
1783342800,29731.6,29901.2,29574.8,29797.4
1783357200,29796.8,29859.6,29689.8,29762.2
1783371600,29771.5,29781.1,29616,29625
1783386000,29625.2,29642.6,29415.6,29433
1783400400,29432.7,29551.8,29366,29467.1
1783414800,29467.2,29524,29399.4,29450.4
1783429200,29449.6,29493.2,29018,29351.8
1783443600,29351.2,29392.6,29083,29231.6
1783458000,29147.2,29358.2,29078.7,29354.8
1783472400,29354.7,29369.3,29188.4,29227.5
1783486800,29227.7,29258.7,28769.8,28821.9
1783501200,28821.6,29050.8,28722,28966.3
1783515600,28965.9,29210.4,28846.3,29191.4
1783530000,29191.4,29318.6,29142.8,29216.9
1783544400,29248.8,29400.2,29214,29321.8
1783558800,29322,29395,29215.2,29371
1783573200,29372.7,29553.7,29292.8,29479.8
1783587600,29480,29604.8,29382.2,29554
1783602000,29553.8,29748.8,29432.4,29715.6
1783616400,29715.7,29811.7,29711.8,29750.2
1783630800,29756.8,29781.7,29622.8,29685
1783645200,29685,29781.6,29636.2,29700.9
1783659600,29703,29714.8,29561.8,29591.9
1783674000,29591.6,29705.6,29535.4,29618.6
1783688400,29618.6,29863.3,29496.1,29847.6
1783702800,29847.6,29897.3,29817.6,29885.7
1783890000,29798.2,29862.3,29628.9,29655.8
1783904400,29656.6,29671.2,29434,29447.8
1783918800,29448.2,29574.6,29367.2,29567.8
1783933200,29567.7,29620,29477.2,29539.6
1783947600,29539.6,29573.1,29287.6,29353
1783962000,29352.8,29407.4,29215.8,29259.5
1783976400,29303.1,29363.2,29155.1,29350.8
1783990800,29350.8,29369.6,29132.3,29338.2
1784005200,29338.1,29478,29317.8,29400.8
1784019600,29401,29749.8,29383.3,29601.8
1784034000,29601.8,29726.1,29396.4,29660.3
1784048400,29660.9,29711.4,29601.6,29633.4
1784062800,29629.6,29767.1,29580.3,29752.6
1784077200,29751.7,29856.3,29694.4,29855.6
1784091600,29863.3,29895.9,29705.6,29770.8
1784106000,29770.9,29829.1,29689.9,29814.2
1784120400,29814.1,29832.8,29235.6,29351.2
1784134800,29351.1,29581.4,29343.4,29556.7
1784149200,29556.2,29601.2,29460.9,29490.4
1784163600,29491.2,29594.4,29432.7,29547
1784178000,29546.9,29634.8,29317.2,29430.2
1784192400,29430.2,29483.4,29200.6,29231.4
1784206800,29232,29369.6,29098.2,29181.4
1784221200,29181.2,29187,28921.5,29018
1784235600,29052.8,29061.8,28838,28899.6
1784250000,28900,28948.2,28617,28647.9
1784264400,28649.6,28667,28398.9,28471.4
1784278800,28471.5,28668.2,28461.2,28507.5
1784293200,28507.6,28870.6,28250.8,28816.6
1784307600,28817.4,28888.4,28555.2,28614.8
1784494800,28651.2,28805.7,28552.9,28700.8
1784509200,28701.4,28784.6,28605.8,28739.2
1784523600,28739,28782,28608.3,28723.4
1784538000,28723.2,28951.2,28697.6,28866.6
1784552400,28866.8,29034.7,28715.8,28825.7
1784566800,28825.8,28852.2,28593.2,28627.2
1784581200,28612.3,28739.4,28544,28700.2
1784595600,28700.2,28931.4,28679.5,28897.8
1784610000,28899.3,29018.5,28859.4,29009.8
1784624400,29009.6,29045.6,28954.2,29014.8
1784638800,29015,29194.7,28906.6,29173.9
1784653200,29174,29205,29121.7,29127.7
1784667600,29142,29179,29095,29130.8
1784682000,29131,29148.5,29030.6,29063.9
1784696400,29064,29067.8,28868.5,28952.7
1784710800,28952.5,29015.7,28803.4,28859.6
1784725200,28859,29184.7,28859,29153.2
1784739600,29153.2,29173.3,28976.4,29032.4
1784754000,28965,29138.2,28882.9,29112
1784768400,29112,29129.7,28887,28980.8
1784782800,28980.7,29039.7,28778.6,28959.5
1784797200,28960,28993.9,28611.4,28643.4
1784811600,28643.2,28739.3,28289.2,28497.7
1784826000,28497.6,28645.6,28347.5,28607.6
1784840400,28555.1,28599.2,28481.2,28536.1
1784854800,28536.2,28566.6,28332.2,28430.2
1784869200,28431.9,28528.5,28346.6,28486.2
1784883600,28486.4,28570.6,28453.4,28457
1784898000,28456.8,28495.8,28119.6,28359.8
1784912400,28360.4,28409.2,28078.1,28170
1785099600,28511.2,28598,28444.6,28463.2
1785114000,28463.2,28528.1,28391.6,28509.5
1785128400,28509.4,28613.8,28503,28601.6
1785142800,28601.4,28627.7,28494.2,28555.8
1785157200,28555.8,28565,27804.2,27914.6
1785171600,27915,28131.6,27855.1,28075.6
1785186000,28088.8,28091.3,27931.3,27947.2
1785200400,27947.4,27973.2,27808.4,27831.8
1785214800,27831.9,27927.4,27715.4,27869.4
1785229200,27869.3,27908.4,27724.9,27869.7
1785243600,27869.6,27957.5,27479.8,27935
1785258000,27935.2,27944.2,27765.2,27838.4
1785272400,27854.2,28057.3,27613.2,27890.8
1785286800,27891.2,27921.4,27521.4,27637.2
1785301200,27642.9,27842.2,27616,27783.9
1785315600,27783.8,27940.5,27725.5,27788.4
1785330000,27788.8,27876.4,27289.6,27486.4
1785344400,27486.5,27985,27093.2,27160.6
1785358800,27179.8,27496.1,27177.4,27432.4
1785373200,27432.3,27582.2,27346.3,27364.6